"pulled_at","source","name","team","pos","pts_std","pts_half","pts_ppr","pts_ffpc","ecr_rank","ecr_avg","ecr_sd","ecr_best","ecr_worst","ecr_date"
"2026-09-29T20:40:11Z","ESPN","Josh Allen","BUF","QB",22.249310246,22.249310246,22.249310246,25.554357079,NA,NA,NA,NA,NA,NA
"2026-09-29T20:40:11Z","ESPN","Lamar Jackson","BAL","QB",21.124072739,21.124072739,21.124072739,24.222883242,NA,NA,NA,NA,NA,NA
"2026-09-29T20:40:11Z","ESPN","Bryce Young","CAR","QB",20.094670192,20.094670192,20.094670192,23.608112186,NA,NA,NA,NA,NA,NA
"2026-09-29T20:40:11Z","ESPN","Kyler Murray","MIN","QB",19.255970955,19.255970955,19.255970955,22.46135002,NA,NA,NA,NA,NA,NA
"2026-09-29T20:40:11Z","ESPN","Tyler Shough","NO","QB",18.848710753,18.848710753,18.848710753,22.239657809,NA,NA,NA,NA,NA,NA
"2026-09-29T20:40:11Z","ESPN","Patrick Mahomes","KC","QB",18.634967842,18.634967842,18.634967842,21.911204858,NA,NA,NA,NA,NA,NA
"2026-09-29T20:40:11Z","ESPN","Brock Purdy","SF","QB",18.633816903,18.633816903,18.633816903,22.253238426,NA,NA,NA,NA,NA,NA
"2026-09-29T20:40:11Z","ESPN","Trevor Lawrence","JAX","QB",18.440734051,18.440734051,18.440734051,21.990207191,NA,NA,NA,NA,NA,NA
"2026-09-29T20:40:11Z","ESPN","Marcus Mariota","WAS","QB",18.386892479,18.386892479,18.386892479,21.825697421,NA,NA,NA,NA,NA,NA
"2026-09-29T20:40:11Z","ESPN","Joe Burrow","CIN","QB",18.164953941,18.164953941,18.164953941,21.609979659,NA,NA,NA,NA,NA,NA
"2026-09-29T20:40:11Z","ESPN","Drake Maye","NE","QB",17.492480087,17.492480087,17.492480087,21.243092583,NA,NA,NA,NA,NA,NA
"2026-09-29T20:40:11Z","ESPN","Jalen Hurts","PHI","QB",17.482852348,17.482852348,17.482852348,20.767910395,NA,NA,NA,NA,NA,NA
"2026-09-29T20:40:11Z","ESPN","Jared Goff","DET","QB",17.370300998,17.370300998,17.370300998,20.677617632,NA,NA,NA,NA,NA,NA
"2026-09-29T20:40:11Z","ESPN","Dak Prescott","DAL","QB",17.158968967,17.158968967,17.158968967,20.505181408,NA,NA,NA,NA,NA,NA
"2026-09-29T20:40:11Z","ESPN","C.J. Stroud","HOU","QB",16.828082909,16.828082909,16.828082909,19.975263505,NA,NA,NA,NA,NA,NA
"2026-09-29T20:40:11Z","ESPN","Matthew Stafford","LA","QB",16.392023547,16.392023547,16.392023547,20.002328744,NA,NA,NA,NA,NA,NA
"2026-09-29T20:40:11Z","ESPN","Sam Darnold","SEA","QB",16.0510976649,16.0510976649,16.0510976649,19.5600616929,NA,NA,NA,NA,NA,NA
"2026-09-29T20:40:11Z","ESPN","Jacoby Brissett","ARI","QB",15.842702847,15.842702847,15.842702847,18.937617047,NA,NA,NA,NA,NA,NA
"2026-09-29T20:40:11Z","ESPN","Bo Nix","DEN","QB",15.263705955,15.263705955,15.263705955,18.519215124,NA,NA,NA,NA,NA,NA
"2026-09-29T20:40:11Z","ESPN","Daniel Jones","IND","QB",15.196085471,15.196085471,15.196085471,18.600090015,NA,NA,NA,NA,NA,NA
"2026-09-29T20:40:11Z","ESPN","Geno Smith","NYJ","QB",15.140330001,15.140330001,15.140330001,18.416884361,NA,NA,NA,NA,NA,NA
"2026-09-29T20:40:11Z","ESPN","Jordan Love","GB","QB",14.9348391402,14.9348391402,14.9348391402,18.4688726762,NA,NA,NA,NA,NA,NA
"2026-09-29T20:40:11Z","ESPN","Jalon Daniels","TB","QB",14.854751336,14.854751336,14.854751336,18.054475809,NA,NA,NA,NA,NA,NA
"2026-09-29T20:40:11Z","ESPN","Jameis Winston","NYG","QB",14.76533666,14.76533666,14.76533666,18.347085094,NA,NA,NA,NA,NA,NA
"2026-09-29T20:40:11Z","ESPN","Case Keenum","CHI","QB",14.75595999,14.75595999,14.75595999,18.270778819,NA,NA,NA,NA,NA,NA
"2026-09-29T20:40:11Z","ESPN","Michael Penix Jr.","ATL","QB",14.7098216975,14.7098216975,14.7098216975,17.9276312635,NA,NA,NA,NA,NA,NA
"2026-09-29T20:40:11Z","ESPN","Deshaun Watson","CLE","QB",14.561947619,14.561947619,14.561947619,17.514904443,NA,NA,NA,NA,NA,NA
"2026-09-29T20:40:11Z","ESPN","Kirk Cousins","LV","QB",13.9543746454,13.9543746454,13.9543746454,17.5180618714,NA,NA,NA,NA,NA,NA
"2026-09-29T20:40:11Z","ESPN","Aaron Rodgers","PIT","QB",13.717685421,13.717685421,13.717685421,16.801880313,NA,NA,NA,NA,NA,NA
"2026-09-29T20:40:11Z","ESPN","Cam Ward","TEN","QB",12.654450065,12.654450065,12.654450065,15.661998032,NA,NA,NA,NA,NA,NA
"2026-09-29T20:40:11Z","ESPN","Justin Herbert","LAC","QB",12.602894493,12.602894493,12.602894493,15.891458355,NA,NA,NA,NA,NA,NA
"2026-09-29T20:40:11Z","ESPN","Malik Willis","MIA","QB",11.688674125,11.688674125,11.688674125,14.854885206,NA,NA,NA,NA,NA,NA
"2026-09-29T20:40:11Z","ESPN","Caleb Williams","CHI","QB",0,0,0,0,NA,NA,NA,NA,NA,NA
"2026-09-29T20:40:11Z","ESPN","Jayden Daniels","WAS","QB",0,0,0,0,NA,NA,NA,NA,NA,NA
"2026-09-29T20:40:11Z","ESPN","Baker Mayfield","TB","QB",0,0,0,0,NA,NA,NA,NA,NA,NA
"2026-09-29T20:40:11Z","ESPN","Jaxson Dart","NYG","QB",0,0,0,0,NA,NA,NA,NA,NA,NA
"2026-09-29T20:40:11Z","ESPN","Fernando Mendoza","LV","QB",0,0,0,0,NA,NA,NA,NA,NA,NA
"2026-09-29T20:40:11Z","ESPN","Drew Lock","SEA","QB",0,0,0,0,NA,NA,NA,NA,NA,NA
"2026-09-29T20:40:11Z","ESPN","Carson Wentz","MIN","QB",0,0,0,0,NA,NA,NA,NA,NA,NA
"2026-09-29T20:40:11Z","ESPN","Shedeur Sanders","CLE","QB",0,0,0,0,NA,NA,NA,NA,NA,NA
"2026-09-29T20:40:11Z","ESPN","Jahmyr Gibbs","DET","RB",21.452098276,23.81425746,26.176416644,26.265568999,NA,NA,NA,NA,NA,NA
"2026-09-29T20:40:11Z","ESPN","Derrick Henry","BAL","RB",18.83843473,19.5354248585,20.232414987,20.336668573,NA,NA,NA,NA,NA,NA
"2026-09-29T20:40:11Z","ESPN","Bijan Robinson","ATL","RB",17.522626469,19.51279623,21.502965991,21.59878218,NA,NA,NA,NA,NA,NA
"2026-09-29T20:40:11Z","ESPN","Jonathan Taylor","IND","RB",17.480149719,18.922762829,20.365375939,20.455299202,NA,NA,NA,NA,NA,NA
"2026-09-29T20:40:11Z","ESPN","Kenneth Walker III","KC","RB",17.254712387,18.8690768395,20.483441292,20.543857282,NA,NA,NA,NA,NA,NA
"2026-09-29T20:40:11Z","ESPN","Christian McCaffrey","SF","RB",15.536876303,17.888587531,20.240298759,20.307031717,NA,NA,NA,NA,NA,NA
"2026-09-29T20:40:11Z","ESPN","Ashton Jeanty","LV","RB",14.248062482,16.534661876,18.82126127,18.899421827,NA,NA,NA,NA,NA,NA
"2026-09-29T20:40:11Z","ESPN","James Cook III","BUF","RB",15.511512347,16.484901059,17.458289771,17.57206866,NA,NA,NA,NA,NA,NA
"2026-09-29T20:40:11Z","ESPN","Aaron Jones Sr.","MIN","RB",15.037072539,16.1334631035,17.229853668,17.3460621,NA,NA,NA,NA,NA,NA
"2026-09-29T20:40:11Z","ESPN","Bucky Irving","TB","RB",14.182866463,15.442219652,16.701572841,16.773492268,NA,NA,NA,NA,NA,NA
"2026-09-29T20:40:11Z","ESPN","Cam Skattebo","NYG","RB",13.947349247,15.13534915,16.323349053,16.400848833,NA,NA,NA,NA,NA,NA
"2026-09-29T20:40:11Z","ESPN","Chuba Hubbard","CAR","RB",13.333573053,14.8413449105,16.349116768,16.422515885,NA,NA,NA,NA,NA,NA
"2026-09-29T20:40:11Z","ESPN","Chase Brown","CIN","RB",12.367905512,14.268870742,16.169835972,16.245181842,NA,NA,NA,NA,NA,NA
"2026-09-29T20:40:11Z","ESPN","Jeremiyah Love","ARI","RB",12.75182291,14.1332128355,15.514602761,15.592259368,NA,NA,NA,NA,NA,NA
"2026-09-29T20:40:11Z","ESPN","D'Andre Swift","CHI","RB",12.333005898,13.6113541215,14.889702345,14.957247076,NA,NA,NA,NA,NA,NA
"2026-09-29T20:40:11Z","ESPN","Javonte Williams","DAL","RB",11.989251099,13.2888280435,14.588404988,14.660359472,NA,NA,NA,NA,NA,NA
"2026-09-29T20:40:11Z","ESPN","Saquon Barkley","PHI","RB",12.331610266,13.2618546435,14.192099021,14.248571528,NA,NA,NA,NA,NA,NA
"2026-09-29T20:40:11Z","ESPN","David Montgomery","HOU","RB",11.574311932,12.517071254,13.459830576,13.525870852,NA,NA,NA,NA,NA,NA
"2026-09-29T20:40:11Z","ESPN","Jaylen Warren","PIT","RB",10.929660343,12.4927058145,14.055751286,14.119171408,NA,NA,NA,NA,NA,NA
"2026-09-29T20:40:11Z","ESPN","Braelon Allen","NYJ","RB",11.036402629,11.904367353,12.772332077,12.836375576,NA,NA,NA,NA,NA,NA
"2026-09-29T20:40:11Z","ESPN","Kyren Williams","LA","RB",10.62486162,11.8256287105,13.026395801,13.086014004,NA,NA,NA,NA,NA,NA
"2026-09-29T20:40:11Z","ESPN","Bhayshul Tuten","JAX","RB",10.981695159,11.8150294815,12.648363804,12.732763191,NA,NA,NA,NA,NA,NA
"2026-09-29T20:40:11Z","ESPN","Quinshon Judkins","CLE","RB",10.348239287,11.4050365785,12.46183387,12.500115187,NA,NA,NA,NA,NA,NA
"2026-09-29T20:40:11Z","ESPN","Tony Pollard","TEN","RB",9.721221492,10.719444402,11.717667312,11.798291837,NA,NA,NA,NA,NA,NA
"2026-09-29T20:40:11Z","ESPN","Rhamondre Stevenson","NE","RB",8.86347122,10.2313883915,11.599305563,11.670666325,NA,NA,NA,NA,NA,NA
"2026-09-29T20:40:11Z","ESPN","Omarion Hampton","LAC","RB",9.3951669467,10.1365551847,10.8779434227,10.9381567017,NA,NA,NA,NA,NA,NA
"2026-09-29T20:40:11Z","ESPN","J.K. Dobbins","DEN","RB",9.0448779659,9.5645057139,10.0841334619,10.1148764429,NA,NA,NA,NA,NA,NA
"2026-09-29T20:40:11Z","ESPN","Emanuel Wilson","SEA","RB",8.9605752072,9.2798872027,9.5991991982,9.6472803252,NA,NA,NA,NA,NA,NA
"2026-09-29T20:40:11Z","ESPN","Jadarian Price","SEA","RB",8.47560947,9.2223117245,9.969013979,10.015876635,NA,NA,NA,NA,NA,NA
"2026-09-29T20:40:11Z","ESPN","Alvin Kamara","NO","RB",7.775413102,9.1733287485,10.571244395,10.624495715,NA,NA,NA,NA,NA,NA
"2026-09-29T20:40:11Z","ESPN","Jacory Croskey-Merritt","WAS","RB",8.7663889643,9.0018532488,9.2373175333,9.3326829733,NA,NA,NA,NA,NA,NA
"2026-09-29T20:40:11Z","ESPN","TreVeyon Henderson","NE","RB",8.035645823,8.7807438395,9.525841856,9.562525522,NA,NA,NA,NA,NA,NA
"2026-09-29T20:40:11Z","ESPN","Ollie Gordon II","MIA","RB",7.414189459,8.3547163455,9.295243232,9.341133665,NA,NA,NA,NA,NA,NA
"2026-09-29T20:40:11Z","ESPN","Isaiah Davis","NYJ","RB",7.279725935,8.3039766295,9.328227324,9.348337441,NA,NA,NA,NA,NA,NA
"2026-09-29T20:40:11Z","ESPN","RJ Harvey","DEN","RB",6.248481119,8.1857260475,10.122970976,10.151052102,NA,NA,NA,NA,NA,NA
"2026-09-29T20:40:11Z","ESPN","Rico Dowdle","PIT","RB",7.434584553,8.144627119,8.854669685,8.90022757,NA,NA,NA,NA,NA,NA
"2026-09-29T20:40:11Z","ESPN","Kendre Miller","NO","RB",7.410727597,8.1213936335,8.83205967,8.85706156,NA,NA,NA,NA,NA,NA
"2026-09-29T20:40:11Z","ESPN","Kyle Monangai","CHI","RB",6.97696424,7.6809765625,8.384988885,8.405485935,NA,NA,NA,NA,NA,NA
"2026-09-29T20:40:11Z","ESPN","Blake Corum","LA","RB",7.1054689146,7.6121059511,8.1187429876,8.1408804606,NA,NA,NA,NA,NA,NA
"2026-09-29T20:40:11Z","ESPN","Woody Marks","HOU","RB",6.57492977,7.428458898,8.281988026,8.321814731,NA,NA,NA,NA,NA,NA
"2026-09-29T20:40:11Z","ESPN","Rachaad White","WAS","RB",6.136472753,7.2308731865,8.32527362,8.355761614,NA,NA,NA,NA,NA,NA
"2026-09-29T20:40:11Z","ESPN","Tyler Allgeier","ARI","RB",5.954840994,6.997102066,8.039363138,8.05733706,NA,NA,NA,NA,NA,NA
"2026-09-29T20:40:11Z","ESPN","Kenny Gainwell","TB","RB",5.473339859,6.7712323275,8.069124796,8.10363839,NA,NA,NA,NA,NA,NA
"2026-09-29T20:40:11Z","ESPN","Tyjae Spears","TEN","RB",5.493252241,6.755430168,8.017608095,8.040830856,NA,NA,NA,NA,NA,NA
"2026-09-29T20:40:11Z","ESPN","Kaleb Johnson","GB","RB",5.8798889699,6.5474435499,7.2149981299,7.2572999239,NA,NA,NA,NA,NA,NA
"2026-09-29T20:40:11Z","ESPN","Jaylen Wright","MIA","RB",5.411646387,6.2375187065,7.063391026,7.140909694,NA,NA,NA,NA,NA,NA
"2026-09-29T20:40:11Z","ESPN","Najee Harris","NYG","RB",5.6998594347,6.1342308857,6.5686023367,6.5937906187,NA,NA,NA,NA,NA,NA
"2026-09-29T20:40:11Z","ESPN","MarShawn Lloyd","GB","RB",5.409079036,5.94909439,6.489109744,6.526769834,NA,NA,NA,NA,NA,NA
"2026-09-29T20:40:11Z","ESPN","Brian Robinson Jr.","ATL","RB",5.5580313315,5.8041102675,6.0501892035,6.0797669735,NA,NA,NA,NA,NA,NA
"2026-09-29T20:40:11Z","ESPN","Kaelon Black","SF","RB",4.985244,5.2158956685,5.446547337,5.478131579,NA,NA,NA,NA,NA,NA
"2026-09-29T20:40:11Z","ESPN","Raheim Sanders","CLE","RB",3.803634842,4.970197171,6.1367595,6.159492765,NA,NA,NA,NA,NA,NA
"2026-09-29T20:40:11Z","ESPN","Chris Rodriguez Jr.","JAX","RB",4.7206779616,4.8410666526,4.9614553436,4.9803243696,NA,NA,NA,NA,NA,NA
"2026-09-29T20:40:11Z","ESPN","Justice Hill","BAL","RB",4.199543188,4.7853845745,5.371225961,5.396732599,NA,NA,NA,NA,NA,NA
"2026-09-29T20:40:11Z","ESPN","Emmett Johnson","KC","RB",4.079805167,4.560165393,5.040525619,5.064224895,NA,NA,NA,NA,NA,NA
"2026-09-29T20:40:11Z","ESPN","George Holani","SEA","RB",3.713489539,4.361521602,5.009553665,5.029377637,NA,NA,NA,NA,NA,NA
"2026-09-29T20:40:11Z","ESPN","AJ Dillon","CAR","RB",3.9714371018,4.3558384323,4.7402397628,4.7615732758,NA,NA,NA,NA,NA,NA
"2026-09-29T20:40:11Z","ESPN","Samaje Perine","CIN","RB",3.588329998,4.322272723,5.056215448,5.09128381,NA,NA,NA,NA,NA,NA
"2026-09-29T20:40:11Z","ESPN","Keaton Mitchell","LAC","RB",3.584500275,4.198148939,4.811797603,4.838162629,NA,NA,NA,NA,NA,NA
"2026-09-29T20:40:11Z","ESPN","Sione Vaki","DET","RB",3.6451840476,4.0229889361,4.4007938246,4.4218921676,NA,NA,NA,NA,NA,NA
"2026-09-29T20:40:11Z","ESPN","Ty Johnson","BUF","RB",3.162336447,3.8057979535,4.44925946,4.467754519,NA,NA,NA,NA,NA,NA
"2026-09-29T20:40:11Z","ESPN","Austin Ekeler",NA,"RB",2.867037328,3.4597259785,4.052414629,4.079074471,NA,NA,NA,NA,NA,NA
"2026-09-29T20:40:11Z","ESPN","Tyler Goodson","DAL","RB",3.0428871505,3.2978409375,3.5527947245,3.5685404235,NA,NA,NA,NA,NA,NA
"2026-09-29T20:40:11Z","ESPN","Chris Brooks","GB","RB",2.5149065359,3.1826803454,3.8504541549,3.8621146139,NA,NA,NA,NA,NA,NA
"2026-09-29T20:40:11Z","ESPN","Mike Washington Jr.","LV","RB",2.9490821228,3.0783566508,3.2076311788,3.2264950358,NA,NA,NA,NA,NA,NA
"2026-09-29T20:40:11Z","ESPN","Seth McGowan","IND","RB",2.6304662817,2.7532458207,2.8760253597,2.8918993477,NA,NA,NA,NA,NA,NA
"2026-09-29T20:40:11Z","ESPN","Will Shipley","PHI","RB",2.0499106663,2.7287753888,3.4076401113,3.4223743763,NA,NA,NA,NA,NA,NA
"2026-09-29T20:40:11Z","ESPN","Tank Bigsby","PHI","RB",2.426326808,2.645039124,2.86375144,2.882061742,NA,NA,NA,NA,NA,NA
"2026-09-29T20:40:11Z","ESPN","Demond Claiborne","MIN","RB",2.2128487706,2.3255768306,2.4383048906,2.4519304826,NA,NA,NA,NA,NA,NA
"2026-09-29T20:40:11Z","ESPN","DeeJay Dallas","MIN","RB",1.879231149,2.2180597605,2.556888372,2.578327473,NA,NA,NA,NA,NA,NA
"2026-09-29T20:40:11Z","ESPN","CJ Donaldson","NO","RB",1.8208035031,2.1790790296,2.5373545561,2.5479868521,NA,NA,NA,NA,NA,NA
"2026-09-29T20:40:11Z","ESPN","Kyle Juszczyk","SF","RB",1.4576563022,2.0118644077,2.5660725132,2.5734167382,NA,NA,NA,NA,NA,NA
"2026-09-29T20:40:11Z","ESPN","Kimani Vidal","LAC","RB",1.3530295158,1.9210208073,2.4890120988,2.4957630498,NA,NA,NA,NA,NA,NA
"2026-09-29T20:40:11Z","ESPN","LeQuint Allen Jr.","JAX","RB",1.1086947893,1.5798844323,2.0510740753,2.0565869753,NA,NA,NA,NA,NA,NA
"2026-09-29T20:40:11Z","ESPN","Tyler Badie","DEN","RB",1.0990898856,1.4838697671,1.8686496486,1.8750712186,NA,NA,NA,NA,NA,NA
"2026-09-29T20:40:11Z","ESPN","Ray Davis","BUF","RB",1.1422920711,1.2531368251,1.3639815791,1.3718184581,NA,NA,NA,NA,NA,NA
"2026-09-29T20:40:11Z","ESPN","Ameer Abdullah","JAX","RB",0.9231230478,1.1754185483,1.4277140488,1.4334769918,NA,NA,NA,NA,NA,NA
"2026-09-29T20:40:11Z","ESPN","Alec Ingold","LAC","RB",0.6443699878,1.0055630268,1.3667560658,1.3722072088,NA,NA,NA,NA,NA,NA
"2026-09-29T20:40:11Z","ESPN","Hunter Luepke","DAL","RB",0.6829171886,0.8161598106,0.9494024326,0.9527224536,NA,NA,NA,NA,NA,NA
"2026-09-29T20:40:11Z","ESPN","Nicholas Singleton","TEN","RB",0.6791342626,0.6791342626,0.6791342626,0.6838953606,NA,NA,NA,NA,NA,NA
"2026-09-29T20:40:11Z","ESPN","Tyrone Tracy Jr.","NYG","RB",0.5622859945,0.668429932,0.7745738695,0.7780865995,NA,NA,NA,NA,NA,NA
"2026-09-29T20:40:11Z","ESPN","Trey McBride","ARI","TE",10.09368221,13.7537240835,17.413765957,21.1059400485,NA,NA,NA,NA,NA,NA
"2026-09-29T20:40:11Z","ESPN","Brock Bowers","LV","TE",9.3834449091,12.6473556211,15.9112663331,19.1982285451,NA,NA,NA,NA,NA,NA
"2026-09-29T20:40:11Z","ESPN","George Kittle","SF","TE",8.844878354,11.2776089665,13.710339579,16.1664852695,NA,NA,NA,NA,NA,NA
"2026-09-29T20:40:11Z","ESPN","Tyler Warren","IND","TE",7.7240873752,10.3799460417,13.0358047082,15.7301753407,NA,NA,NA,NA,NA,NA
"2026-09-29T20:40:11Z","ESPN","Isaiah Likely","NYG","TE",7.435866531,9.5861882795,11.736510028,13.9222938785,NA,NA,NA,NA,NA,NA
"2026-09-29T20:40:11Z","ESPN","Travis Kelce","KC","TE",7.283956118,9.535878206,11.787800294,14.070970818,NA,NA,NA,NA,NA,NA
"2026-09-29T20:40:11Z","ESPN","Sam LaPorta","DET","TE",6.782935731,8.983578003,11.184220275,13.405961036,NA,NA,NA,NA,NA,NA
"2026-09-29T20:40:11Z","ESPN","Harold Fannin Jr.","CLE","TE",6.5406855914,8.8781711399,11.2156566884,13.5867677519,NA,NA,NA,NA,NA,NA
"2026-09-29T20:40:11Z","ESPN","Dalton Kincaid","BUF","TE",6.531763486,8.6074581165,10.683152747,12.7904367685,NA,NA,NA,NA,NA,NA
"2026-09-29T20:40:11Z","ESPN","Juwan Johnson","NO","TE",6.608694118,8.586943001,10.565191884,12.580638429,NA,NA,NA,NA,NA,NA
"2026-09-29T20:40:11Z","ESPN","Mark Andrews","BAL","TE",6.255653123,8.13925146,10.022849797,11.935267928,NA,NA,NA,NA,NA,NA
"2026-09-29T20:40:11Z","ESPN","Kenyon Sadiq","NYJ","TE",5.2916762867,7.3178785137,9.3440807407,11.3987353627,NA,NA,NA,NA,NA,NA
"2026-09-29T20:40:11Z","ESPN","Hunter Henry","NE","TE",5.406203151,7.1643281895,8.922453228,10.6948142095,NA,NA,NA,NA,NA,NA
"2026-09-29T20:40:11Z","ESPN","Colston Loveland","CHI","TE",5.358988763,7.052437195,8.745885627,10.457889267,NA,NA,NA,NA,NA,NA
"2026-09-29T20:40:11Z","ESPN","Dalton Schultz","HOU","TE",4.944555821,6.98981392,9.035072019,11.105250598,NA,NA,NA,NA,NA,NA
"2026-09-29T20:40:11Z","ESPN","Tucker Kraft","GB","TE",4.9602759936,6.9281475481,8.8960191026,10.8884268951,NA,NA,NA,NA,NA,NA
"2026-09-29T20:40:11Z","ESPN","AJ Barner","SEA","TE",5.1842182616,6.6503605031,8.1165027446,9.6107622891,NA,NA,NA,NA,NA,NA
"2026-09-29T20:40:11Z","ESPN","Brenton Strange","JAX","TE",4.88025699,6.4368397565,7.993422523,9.5708100415,NA,NA,NA,NA,NA,NA
"2026-09-29T20:40:11Z","ESPN","Jake Ferguson","DAL","TE",4.560146793,6.3416013675,8.123055942,9.9444150985,NA,NA,NA,NA,NA,NA
"2026-09-29T20:40:11Z","ESPN","Cade Otton","TB","TE",4.739129041,6.317726881,7.896324721,9.49274286,NA,NA,NA,NA,NA,NA
"2026-09-29T20:40:11Z","ESPN","T.J. Hockenson","MIN","TE",4.539215869,6.311234345,8.083252821,9.870808638,NA,NA,NA,NA,NA,NA
"2026-09-29T20:40:11Z","ESPN","Pat Freiermuth","PIT","TE",4.5798806828,6.2531973508,7.9265140188,9.6277423358,NA,NA,NA,NA,NA,NA
"2026-09-29T20:40:11Z","ESPN","Darren Waller","CAR","TE",4.599501083,6.013736523,7.427971963,8.855766277,NA,NA,NA,NA,NA,NA
"2026-09-29T20:40:11Z","ESPN","Mike Gesicki","CIN","TE",4.478402473,5.9678609045,7.457319336,8.9632337405,NA,NA,NA,NA,NA,NA
"2026-09-29T20:40:11Z","ESPN","Kyle Pitts Sr.","ATL","TE",4.387575086,5.8773709135,7.367166741,8.8671649275,NA,NA,NA,NA,NA,NA
"2026-09-29T20:40:11Z","ESPN","Oronde Gadsden","LAC","TE",4.057468052,5.5756775385,7.093887025,8.6352715955,NA,NA,NA,NA,NA,NA
"2026-09-29T20:40:11Z","ESPN","Colby Parkinson","LA","TE",4.179951406,5.469520873,6.75909034,8.074879042,NA,NA,NA,NA,NA,NA
"2026-09-29T20:40:11Z","ESPN","Gunnar Helm","TEN","TE",3.857300532,5.467078685,7.076856838,8.708683026,NA,NA,NA,NA,NA,NA
"2026-09-29T20:40:11Z","ESPN","Chig Okonkwo","WAS","TE",3.837804151,5.250669726,6.663535301,8.090823633,NA,NA,NA,NA,NA,NA
"2026-09-29T20:40:11Z","ESPN","Greg Dulcich","MIA","TE",3.442998347,4.8702053055,6.297412264,7.7449585955,NA,NA,NA,NA,NA,NA
"2026-09-29T20:40:11Z","ESPN","Michael Mayer","LV","TE",3.208007713,4.5509671735,5.893926634,7.2552253475,NA,NA,NA,NA,NA,NA
"2026-09-29T20:40:11Z","ESPN","Tommy Tremble","CAR","TE",3.246618993,4.310201596,5.373784199,6.453620831,NA,NA,NA,NA,NA,NA
"2026-09-29T20:40:11Z","ESPN","Tyler Higbee","LA","TE",2.972250905,4.173842281,5.375433657,6.590241562,NA,NA,NA,NA,NA,NA
"2026-09-29T20:40:11Z","ESPN","Evan Engram","DEN","TE",2.561197116,3.953684127,5.346171138,6.754897211,NA,NA,NA,NA,NA,NA
"2026-09-29T20:40:11Z","ESPN","Noah Fant","NO","TE",2.689791204,3.61982284,4.549854476,5.492826203,NA,NA,NA,NA,NA,NA
"2026-09-29T20:40:11Z","ESPN","Austin Hooper","ATL","TE",2.55789104,3.477340128,4.396789216,5.328624953,NA,NA,NA,NA,NA,NA
"2026-09-29T20:40:11Z","ESPN","Darnell Washington","PIT","TE",2.41162787,3.3187411875,4.225854505,5.1499137815,NA,NA,NA,NA,NA,NA
"2026-09-29T20:40:11Z","ESPN","Mason Taylor","NYJ","TE",2.072182267,2.98292727,3.893672273,4.81689113,NA,NA,NA,NA,NA,NA
"2026-09-29T20:40:11Z","ESPN","Zach Ertz","PHI","TE",2.128320844,2.954782411,3.781243978,4.619009729,NA,NA,NA,NA,NA,NA
"2026-09-29T20:40:11Z","ESPN","Dawson Knox","BUF","TE",2.105287395,2.695883228,3.286479061,3.882737186,NA,NA,NA,NA,NA,NA
"2026-09-29T20:40:11Z","ESPN","Drew Sample","CIN","TE",1.868288798,2.6944797455,3.520670693,4.3584494215,NA,NA,NA,NA,NA,NA
"2026-09-29T20:40:11Z","ESPN","Jonnu Smith","GB","TE",1.8571538241,2.6468317266,3.4365096291,4.2407560956,NA,NA,NA,NA,NA,NA
"2026-09-29T20:40:11Z","ESPN","Johnny Mundt","PHI","TE",1.864319601,2.5660098145,3.267700028,3.9770786995,NA,NA,NA,NA,NA,NA
"2026-09-29T20:40:11Z","ESPN","Noah Gray","KC","TE",1.813906882,2.452883228,3.091859574,3.736962057,NA,NA,NA,NA,NA,NA
"2026-09-29T20:40:11Z","ESPN","Foster Moreau","HOU","TE",1.83217719,2.439668593,3.047159996,3.663794654,NA,NA,NA,NA,NA,NA
"2026-09-29T20:40:11Z","ESPN","Theo Johnson","NYG","TE",1.911567787,2.4200675035,2.92856722,3.4426385955,NA,NA,NA,NA,NA,NA
"2026-09-29T20:40:11Z","ESPN","Gavin Bartholomew","MIN","TE",1.576334847,2.1211157275,2.665896608,3.2181389815,NA,NA,NA,NA,NA,NA
"2026-09-29T20:40:11Z","ESPN","Cole Kmet","CHI","TE",1.5143285,2.107584825,2.70084115,3.301256375,NA,NA,NA,NA,NA,NA
"2026-09-29T20:40:11Z","ESPN","Jeremy Ruckert","NYJ","TE",1.3642940685,1.9943924485,2.6244908285,3.2614932315,NA,NA,NA,NA,NA,NA
"2026-09-29T20:40:11Z","ESPN","Mitchell Evans","CAR","TE",1.5088252402,1.9786173232,2.4484094062,2.9246359112,NA,NA,NA,NA,NA,NA
"2026-09-29T20:40:11Z","ESPN","Jaxon Smith-Njigba","SEA","WR",13.8217761791,17.3965918741,20.9714075691,21.0423642871,NA,NA,NA,NA,NA,NA
"2026-09-29T20:40:11Z","ESPN","Puka Nacua","LA","WR",13.3454085162,16.9279504207,20.5104923252,20.5651099322,NA,NA,NA,NA,NA,NA
"2026-09-29T20:40:11Z","ESPN","Ja'Marr Chase","CIN","WR",12.6758626897,16.5663174557,20.4567722217,20.5178480807,NA,NA,NA,NA,NA,NA
"2026-09-29T20:40:11Z","ESPN","Amon-Ra St. Brown","DET","WR",12.8206523496,16.4771269406,20.1336015316,20.1845733146,NA,NA,NA,NA,NA,NA
"2026-09-29T20:40:11Z","ESPN","Justin Jefferson","MIN","WR",12.2348618466,15.4361320031,18.6374021596,18.6769298036,NA,NA,NA,NA,NA,NA
"2026-09-29T20:40:11Z","ESPN","Chris Olave","NO","WR",11.882827418,15.070993533,18.259159648,18.302628331,NA,NA,NA,NA,NA,NA
"2026-09-29T20:40:11Z","ESPN","Drake London","ATL","WR",10.704354259,13.707595728,16.710837197,16.766345011,NA,NA,NA,NA,NA,NA
"2026-09-29T20:40:11Z","ESPN","CeeDee Lamb","DAL","WR",10.4118951034,13.6504423279,16.8889895524,16.9302649104,NA,NA,NA,NA,NA,NA
"2026-09-29T20:40:11Z","ESPN","Zay Flowers","BAL","WR",10.5664943562,12.9586808352,15.3508673142,15.4094447242,NA,NA,NA,NA,NA,NA
"2026-09-29T20:40:11Z","ESPN","Tetairoa McMillan","CAR","WR",10.516856489,12.7314723585,14.946088228,14.988865676,NA,NA,NA,NA,NA,NA
"2026-09-29T20:40:11Z","ESPN","Nico Collins","HOU","WR",9.9702315556,12.6282751471,15.2863187386,15.3276615026,NA,NA,NA,NA,NA,NA
"2026-09-29T20:40:11Z","ESPN","Parker Washington","JAX","WR",10.0253639972,12.5773472382,15.1293304792,15.1876606212,NA,NA,NA,NA,NA,NA
"2026-09-29T20:40:11Z","ESPN","DeVonta Smith","PHI","WR",9.472326071,12.5228713075,15.573416544,15.611586336,NA,NA,NA,NA,NA,NA
"2026-09-29T20:40:11Z","ESPN","Davante Adams","LA","WR",10.005123637,12.3395839505,14.674044264,14.699453933,NA,NA,NA,NA,NA,NA
"2026-09-29T20:40:11Z","ESPN","Garrett Wilson","NYJ","WR",9.0442714389,12.1898962534,15.3355210679,15.4041908419,NA,NA,NA,NA,NA,NA
"2026-09-29T20:40:11Z","ESPN","Rashee Rice","KC","WR",9.3695796844,12.1318354524,14.8940912204,14.9583149924,NA,NA,NA,NA,NA,NA
"2026-09-29T20:40:11Z","ESPN","Christian Watson","GB","WR",9.6831807753,12.0584030343,14.4336252933,14.4787593263,NA,NA,NA,NA,NA,NA
"2026-09-29T20:40:11Z","ESPN","Malik Nabers","NYG","WR",9.149686886,11.3778441285,13.606001371,13.643466619,NA,NA,NA,NA,NA,NA
"2026-09-29T20:40:11Z","ESPN","Tee Higgins","CIN","WR",8.897702944,11.293074853,13.688446762,13.717453508,NA,NA,NA,NA,NA,NA
"2026-09-29T20:40:11Z","ESPN","George Pickens","DAL","WR",8.742281777,11.238068601,13.733855425,13.78976105,NA,NA,NA,NA,NA,NA
"2026-09-29T20:40:11Z","ESPN","Jalen Coker","CAR","WR",8.671857323,11.194829307,13.717801291,13.766534936,NA,NA,NA,NA,NA,NA
"2026-09-29T20:40:11Z","ESPN","Josh Downs","IND","WR",8.56189426,11.102687526,13.643480792,13.683999643,NA,NA,NA,NA,NA,NA
"2026-09-29T20:40:11Z","ESPN","Terry McLaurin","WAS","WR",8.814769701,10.877191777,12.939613853,12.972758279,NA,NA,NA,NA,NA,NA
"2026-09-29T20:40:11Z","ESPN","Michael Wilson","ARI","WR",8.348928612,10.852735678,13.356542744,13.387225882,NA,NA,NA,NA,NA,NA
"2026-09-29T20:40:11Z","ESPN","DJ Moore","BUF","WR",8.69652072,10.826354388,12.956188056,12.992908597,NA,NA,NA,NA,NA,NA
"2026-09-29T20:40:11Z","ESPN","Matthew Golden","GB","WR",8.3442957243,10.5979603588,12.8516249933,12.9003572043,NA,NA,NA,NA,NA,NA
"2026-09-29T20:40:11Z","ESPN","Mike Evans","SF","WR",8.281121694,10.3353961505,12.389670607,12.419022365,NA,NA,NA,NA,NA,NA
"2026-09-29T20:40:11Z","ESPN","Luther Burden III","CHI","WR",7.7113678366,10.1469070961,12.5824463556,12.6257537626,NA,NA,NA,NA,NA,NA
"2026-09-29T20:40:11Z","ESPN","Jordan Addison","MIN","WR",7.7953627838,9.6634043963,11.5314460088,11.5589870568,NA,NA,NA,NA,NA,NA
"2026-09-29T20:40:11Z","ESPN","Carnell Tate","TEN","WR",7.367650046,9.6094141385,11.851178231,11.896936282,NA,NA,NA,NA,NA,NA
"2026-09-29T20:40:11Z","ESPN","Jaylen Waddle","DEN","WR",7.0728299995,9.4904181705,11.9080063415,11.9497944795,NA,NA,NA,NA,NA,NA
"2026-09-29T20:40:11Z","ESPN","Emeka Egbuka","TB","WR",7.7413724375,9.4679337505,11.1944950635,11.2236150955,NA,NA,NA,NA,NA,NA
"2026-09-29T20:40:11Z","ESPN","Stefon Diggs","WAS","WR",6.969215261,9.271194866,11.573174471,11.604418196,NA,NA,NA,NA,NA,NA
"2026-09-29T20:40:11Z","ESPN","Ladd McConkey","LAC","WR",6.717836713,9.2569706985,11.796104684,11.832682974,NA,NA,NA,NA,NA,NA
"2026-09-29T20:40:11Z","ESPN","Deebo Samuel Sr.","SF","WR",7.3011839944,8.9989180269,10.6966520594,10.7465191854,NA,NA,NA,NA,NA,NA
"2026-09-29T20:40:11Z","ESPN","Keenan Allen","IND","WR",6.613859623,8.9340566225,11.254253622,11.302515788,NA,NA,NA,NA,NA,NA
"2026-09-29T20:40:11Z","ESPN","Adonai Mitchell","NYJ","WR",7.1946635011,8.8479245171,10.5011855331,10.5393648581,NA,NA,NA,NA,NA,NA
"2026-09-29T20:40:11Z","ESPN","Jakobi Meyers","JAX","WR",6.8492028761,8.8201311576,10.7910594391,10.8247768891,NA,NA,NA,NA,NA,NA
"2026-09-29T20:40:11Z","ESPN","Jameson Williams","DET","WR",7.1025283492,8.7402614542,10.3779945592,10.3997275712,NA,NA,NA,NA,NA,NA
"2026-09-29T20:40:11Z","ESPN","Devaughn Vele","NO","WR",6.834559228,8.7303245685,10.626089909,10.657046432,NA,NA,NA,NA,NA,NA
"2026-09-29T20:40:11Z","ESPN","Courtland Sutton","DEN","WR",6.746296451,8.648823624,10.551350797,10.57801125,NA,NA,NA,NA,NA,NA
"2026-09-29T20:40:11Z","ESPN","Denzel Boston","CLE","WR",6.639986404,8.599526151,10.559065898,10.599063291,NA,NA,NA,NA,NA,NA
"2026-09-29T20:40:11Z","ESPN","DK Metcalf","PIT","WR",6.934333316,8.541702262,10.149071208,10.172754367,NA,NA,NA,NA,NA,NA
"2026-09-29T20:40:11Z","ESPN","Rome Odunze","CHI","WR",6.890480251,8.442320372,9.994160493,10.026265176,NA,NA,NA,NA,NA,NA
"2026-09-29T20:40:11Z","ESPN","Xavier Worthy","KC","WR",6.7106217404,8.2631238984,9.8156260564,9.8336113114,NA,NA,NA,NA,NA,NA
"2026-09-29T20:40:11Z","ESPN","Dontayvion Wicks","PHI","WR",6.474526264,8.1681909155,9.861855567,9.899793655,NA,NA,NA,NA,NA,NA
"2026-09-29T20:40:11Z","ESPN","Romeo Doubs","NE","WR",6.357172264,8.0647299465,9.772287629,9.806077249,NA,NA,NA,NA,NA,NA
"2026-09-29T20:40:11Z","ESPN","Tre Tucker","LV","WR",6.2496120814,8.0474806989,9.8453493164,9.8647408184,NA,NA,NA,NA,NA,NA
"2026-09-29T20:40:11Z","ESPN","Malik Washington","MIA","WR",6.1304572628,7.9702515353,9.8100458078,9.8551174568,NA,NA,NA,NA,NA,NA
"2026-09-29T20:40:11Z","ESPN","Khalil Shakir","BUF","WR",6.0647289456,7.9121774906,9.7596260356,9.7913145386,NA,NA,NA,NA,NA,NA
"2026-09-29T20:40:11Z","ESPN","Mack Hollins","NE","WR",6.010459655,7.8485630865,9.686666518,9.716569325,NA,NA,NA,NA,NA,NA
"2026-09-29T20:40:11Z","ESPN","Ryan Flournoy","DAL","WR",5.924920127,7.738571199,9.552222271,9.590384452,NA,NA,NA,NA,NA,NA
"2026-09-29T20:40:11Z","ESPN","Kalif Raymond","CHI","WR",5.4336021329,7.7005453834,9.9674886339,10.0177137079,NA,NA,NA,NA,NA,NA
"2026-09-29T20:40:11Z","ESPN","Michael Pittman Jr.","PIT","WR",5.485105462,7.6323300265,9.779554591,9.811024624,NA,NA,NA,NA,NA,NA
"2026-09-29T20:40:11Z","ESPN","KC Concepcion","CLE","WR",5.5986956017,7.4717590302,9.3448224587,9.3912578587,NA,NA,NA,NA,NA,NA
"2026-09-29T20:40:11Z","ESPN","DeMario Douglas","NE","WR",5.7571533358,7.4353991583,9.1136449808,9.1528863848,NA,NA,NA,NA,NA,NA
"2026-09-29T20:40:11Z","ESPN","Quentin Johnston","LAC","WR",5.5448505205,7.0476380035,8.5504254865,8.5765875495,NA,NA,NA,NA,NA,NA
"2026-09-29T20:40:11Z","ESPN","Wan'Dale Robinson","TEN","WR",4.734038603,6.943143971,9.152249339,9.18397384,NA,NA,NA,NA,NA,NA
"2026-09-29T20:40:11Z","ESPN","Brian Thomas Jr.","JAX","WR",5.6191722065,6.9202966185,8.2214210305,8.2352311835,NA,NA,NA,NA,NA,NA
"2026-09-29T20:40:11Z","ESPN","Rashid Shaheed","SEA","WR",5.6571303316,6.7968153471,7.9365003626,7.9673328836,NA,NA,NA,NA,NA,NA
"2026-09-29T20:40:11Z","ESPN","Rashod Bateman","BAL","WR",5.508519673,6.7107647625,7.913009852,7.932592186,NA,NA,NA,NA,NA,NA
"2026-09-29T20:40:11Z","ESPN","Malachi Fields","NYG","WR",5.245247604,6.5190647635,7.792881923,7.818882603,NA,NA,NA,NA,NA,NA
"2026-09-29T20:40:11Z","ESPN","Xavier Hutchinson","HOU","WR",5.1739907475,6.4411693935,7.7083480395,7.7298766095,NA,NA,NA,NA,NA,NA
"2026-09-29T20:40:11Z","ESPN","Roman Wilson","PIT","WR",4.771857826,6.3172904255,7.862723025,7.894267817,NA,NA,NA,NA,NA,NA
"2026-09-29T20:40:11Z","ESPN","Caleb Douglas","MIA","WR",4.75411249,6.2404489135,7.726785337,7.75712388,NA,NA,NA,NA,NA,NA
"2026-09-29T20:40:11Z","ESPN","Makai Lemon","PHI","WR",4.9627701438,6.2358540278,7.5089379118,7.5370581138,NA,NA,NA,NA,NA,NA
"2026-09-29T20:40:11Z","ESPN","Tre' Harris","LAC","WR",4.451460526,6.118797571,7.786134616,7.820167676,NA,NA,NA,NA,NA,NA
"2026-09-29T20:40:11Z","ESPN","Jalen Nailor","LV","WR",4.8559079379,6.1162734509,7.3766389639,7.4018692219,NA,NA,NA,NA,NA,NA
"2026-09-29T20:40:11Z","ESPN","Chris Godwin Jr.","TB","WR",4.4092754144,5.7271838864,7.0450923584,7.0736702164,NA,NA,NA,NA,NA,NA
"2026-09-29T20:40:11Z","ESPN","Xavier Legette","CAR","WR",4.4814698189,5.5076737554,6.5338776919,6.5549376889,NA,NA,NA,NA,NA,NA
"2026-09-29T20:40:11Z","ESPN","Cooper Kupp","SEA","WR",4.202376311,5.3416516225,6.480926934,6.500642859,NA,NA,NA,NA,NA,NA
"2026-09-29T20:40:11Z","ESPN","Marvin Harrison Jr.","ARI","WR",4.247304961,5.302526507,6.357748053,6.376267481,NA,NA,NA,NA,NA,NA
"2026-09-29T20:40:11Z","ESPN","Isaac TeSlaa","DET","WR",4.297955317,5.3002892935,6.30262327,6.323082536,NA,NA,NA,NA,NA,NA
"2026-09-29T20:40:11Z","ESPN","Ted Hurst III","TB","WR",4.123140532,5.201904112,6.280667692,6.302687011,NA,NA,NA,NA,NA,NA
"2026-09-29T20:40:11Z","ESPN","Darnell Mooney","NYG","WR",4.2199035937,5.1525749082,6.0852462227,6.1029554487,NA,NA,NA,NA,NA,NA
"2026-09-29T20:40:11Z","ESPN","Chris Bell","MIA","WR",3.909474177,5.1480878635,6.38670155,6.41198367,NA,NA,NA,NA,NA,NA
"2026-09-29T20:40:11Z","ESPN","Elic Ayomanor","TEN","WR",4.01089871,5.0640594135,6.117220117,6.13871684,NA,NA,NA,NA,NA,NA
"2026-09-29T20:40:11Z","ESPN","Jahan Dotson","ATL","WR",3.93200957,5.0356000105,6.139190451,6.154958704,NA,NA,NA,NA,NA,NA
"2026-09-29T20:40:11Z","ESPN","Keon Coleman","BUF","WR",4.073028198,5.0310078795,5.988987561,6.007570254,NA,NA,NA,NA,NA,NA
"2026-09-29T20:40:11Z","ESPN","Skyy Moore","GB","WR",3.76547852,4.9854917845,6.205505049,6.232833346,NA,NA,NA,NA,NA,NA
"2026-09-29T20:40:11Z","ESPN","Antonio Williams","WAS","WR",3.685279634,4.632912744,5.580545854,5.599888587,NA,NA,NA,NA,NA,NA
"2026-09-29T20:40:11Z","ESPN","Chris Moore","BAL","WR",3.862486307,4.6308552925,5.399224278,5.412593322,NA,NA,NA,NA,NA,NA
"2026-09-29T20:40:11Z","ESPN","Jauan Jennings","MIN","WR",3.418585569,4.468861208,5.519136847,5.539824482,NA,NA,NA,NA,NA,NA
"2026-09-29T20:40:11Z","ESPN","Tyquan Thornton","KC","WR",3.478387962,4.3103972265,5.142406491,5.155992621,NA,NA,NA,NA,NA,NA
"2026-09-29T20:40:11Z","ESPN","Kendrick Bourne","ARI","WR",3.092608861,4.256317366,5.420025871,5.443698253,NA,NA,NA,NA,NA,NA
"2026-09-29T20:40:11Z","ESPN","Kayshon Boutte","HOU","WR",3.349741564,4.251778131,5.153814698,5.168544325,NA,NA,NA,NA,NA,NA
"2026-09-29T20:40:11Z","ESPN","Dohnte Meyers","CIN","WR",3.2561419815,4.1721525835,5.0881631855,5.1086969245,NA,NA,NA,NA,NA,NA
"2026-09-29T20:40:11Z","ESPN","Pat Bryant","DEN","WR",3.073244245,4.166520635,5.259797025,5.283083186,NA,NA,NA,NA,NA,NA
"2026-09-29T20:40:11Z","ESPN","Isaiah Williams","NYJ","WR",2.9845457047,4.1186344367,5.2527231687,5.2769162907,NA,NA,NA,NA,NA,NA
"2026-09-29T20:40:11Z","ESPN","Kyle Williams","NE","WR",3.2915438894,4.1180513159,4.9445587424,4.9634134244,NA,NA,NA,NA,NA,NA
"2026-09-29T20:40:11Z","ESPN","Laquon Treadwell","IND","WR",3.098037326,4.053786078,5.00953483,5.029043216,NA,NA,NA,NA,NA,NA
"2026-09-29T20:40:11Z","ESPN","Tez Johnson","TB","WR",3.224330046,3.920101691,4.615873336,4.633549513,NA,NA,NA,NA,NA,NA
"2026-09-29T20:40:11Z","ESPN","Jared Wayne","HOU","WR",3.09094269,3.9002606855,4.709578681,4.726098177,NA,NA,NA,NA,NA,NA
"2026-09-29T20:40:11Z","ESPN","Jerry Jeudy","CLE","WR",2.863143998,3.7258435965,4.588543195,4.603978692,NA,NA,NA,NA,NA,NA
"2026-09-29T20:40:11Z","ESPN","Josh Cameron","JAX","WR",2.880048326,3.623875166,4.367702006,4.382884721,NA,NA,NA,NA,NA,NA
"2026-09-29T20:40:11Z","ESPN","Treylon Burks","WAS","WR",2.903348954,3.623836451,4.344323948,4.356089005,NA,NA,NA,NA,NA,NA
"2026-09-29T20:40:11Z","ESPN","Bryce Lance","NO","WR",2.62340535,3.2875567005,3.951708051,3.96526446,NA,NA,NA,NA,NA,NA
"2026-09-29T20:40:11Z","ESPN","Dareke Young","LV","WR",2.317892574,3.055223616,3.792554658,3.807604784,NA,NA,NA,NA,NA,NA
"2026-09-29T20:40:11Z","ESPN","Olamide Zaccheaus","ATL","WR",2.186727065,2.9874406665,3.788154268,3.805475625,NA,NA,NA,NA,NA,NA
"2026-09-29T20:40:11Z","ESPN","Jaylin Noel","HOU","WR",2.2997047081,2.9152274021,3.5307500961,3.5474960591,NA,NA,NA,NA,NA,NA
"2026-09-29T20:40:11Z","ESPN","Malik Benson","LV","WR",2.0865875142,2.6963311762,3.3060748382,3.3195634882,NA,NA,NA,NA,NA,NA
"2026-09-29T20:40:11Z","ESPN","Troy Franklin","DEN","WR",1.9803348413,2.4822378003,2.9841407593,2.9933166173,NA,NA,NA,NA,NA,NA
"2026-09-29T20:40:11Z","ESPN","Jacob Cowing","SF","WR",1.778188965,2.2273504315,2.676511898,2.685680014,NA,NA,NA,NA,NA,NA
"2026-09-29T20:40:11Z","ESPN","Kevin Coleman Jr.","MIA","WR",1.589851087,2.179559816,2.769268545,2.781305459,NA,NA,NA,NA,NA,NA
"2026-09-29T20:40:11Z","ESPN","Marvin Mims Jr.","DEN","WR",1.6711135809,2.1494575934,2.6278016059,2.6417119999,NA,NA,NA,NA,NA,NA
"2026-09-29T20:40:11Z","ESPN","Zachariah Branch","ATL","WR",1.639466571,2.1151656075,2.590864644,2.600574435,NA,NA,NA,NA,NA,NA
"2026-09-29T20:40:11Z","ESPN","Joshua Palmer","BUF","WR",1.675913747,2.0985428945,2.521172042,2.52856951,NA,NA,NA,NA,NA,NA
"2026-09-29T20:40:11Z","ESPN","Calvin Ridley","TEN","WR",1.538732586,1.9666601185,2.394587651,2.402104706,NA,NA,NA,NA,NA,NA
"2026-09-29T20:40:11Z","ESPN","Ashton Dulin","IND","WR",1.5383063344,1.9090798829,2.2798534314,2.2896575754,NA,NA,NA,NA,NA,NA
"2026-09-29T20:40:11Z","ESPN","Dyami Brown","WAS","WR",1.5110561641,1.8869101006,2.2627640371,2.2711831651,NA,NA,NA,NA,NA,NA
"2026-09-29T20:40:11Z","Sleeper","Josh Allen","BUF","QB",22.6118,22.6118,22.6118,25.535,NA,NA,NA,NA,NA,NA
"2026-09-29T20:40:11Z","Sleeper","Lamar Jackson","BAL","QB",21.7912,21.7912,21.7912,24.6785,NA,NA,NA,NA,NA,NA
"2026-09-29T20:40:11Z","Sleeper","Patrick Mahomes","KC","QB",20.8028,20.8028,20.8028,23.875,NA,NA,NA,NA,NA,NA
"2026-09-29T20:40:11Z","Sleeper","Trevor Lawrence","JAX","QB",19.0778,19.0778,19.0778,23.0525,NA,NA,NA,NA,NA,NA
"2026-09-29T20:40:11Z","Sleeper","Brock Purdy","SF","QB",18.722,18.722,18.722,21.9675,NA,NA,NA,NA,NA,NA
"2026-09-29T20:40:11Z","Sleeper","Kyler Murray","MIN","QB",18.4212,18.4212,18.4212,21.1845,NA,NA,NA,NA,NA,NA
"2026-09-29T20:40:11Z","Sleeper","Bryce Young","CAR","QB",18.01,18.01,18.01,20.9785,NA,NA,NA,NA,NA,NA
"2026-09-29T20:40:11Z","Sleeper","C.J. Stroud","HOU","QB",17.9472,17.9472,17.9472,21.087,NA,NA,NA,NA,NA,NA
"2026-09-29T20:40:11Z","Sleeper","Joe Burrow","CIN","QB",17.7216,17.7216,17.7216,21.448,NA,NA,NA,NA,NA,NA
"2026-09-29T20:40:11Z","Sleeper","Bo Nix","DEN","QB",17.589,17.589,17.589,20.403,NA,NA,NA,NA,NA,NA
"2026-09-29T20:40:11Z","Sleeper","Drake Maye","NE","QB",17.5624,17.5624,17.5624,20.82,NA,NA,NA,NA,NA,NA
"2026-09-29T20:40:11Z","Sleeper","Tyler Shough","NO","QB",17.4698,17.4698,17.4698,21.3415,NA,NA,NA,NA,NA,NA
"2026-09-29T20:40:11Z","Sleeper","Dak Prescott","DAL","QB",17.4002,17.4002,17.4002,21.3065,NA,NA,NA,NA,NA,NA
"2026-09-29T20:40:11Z","Sleeper","Jordan Love","GB","QB",16.6628,16.6628,16.6628,20.0615,NA,NA,NA,NA,NA,NA
"2026-09-29T20:40:11Z","Sleeper","Daniel Jones","IND","QB",16.1742,16.1742,16.1742,18.918,NA,NA,NA,NA,NA,NA
"2026-09-29T20:40:11Z","Sleeper","Jared Goff","DET","QB",16.1284,16.1284,16.1284,19.488,NA,NA,NA,NA,NA,NA
"2026-09-29T20:40:11Z","Sleeper","Jalen Hurts","PHI","QB",16.0982,16.0982,16.0982,18.929,NA,NA,NA,NA,NA,NA
"2026-09-29T20:40:11Z","Sleeper","Marcus Mariota","WAS","QB",15.998,15.998,15.998,19.0675,NA,NA,NA,NA,NA,NA
"2026-09-29T20:40:11Z","Sleeper","Matthew Stafford","LA","QB",15.8602,15.8602,15.8602,19.105,NA,NA,NA,NA,NA,NA
"2026-09-29T20:40:11Z","Sleeper","Sam Darnold","SEA","QB",15.5112,15.5112,15.5112,19.3845,NA,NA,NA,NA,NA,NA
"2026-09-29T20:40:11Z","Sleeper","Jacoby Brissett","ARI","QB",15.2174,15.2174,15.2174,17.814,NA,NA,NA,NA,NA,NA
"2026-09-29T20:40:11Z","Sleeper","Deshaun Watson","CLE","QB",14.9966,14.9966,14.9966,18.369,NA,NA,NA,NA,NA,NA
"2026-09-29T20:40:11Z","Sleeper","Jameis Winston","NYG","QB",14.698,14.698,14.698,17.5895,NA,NA,NA,NA,NA,NA
"2026-09-29T20:40:11Z","Sleeper","Kirk Cousins","LV","QB",14.5332,14.5332,14.5332,17.1975,NA,NA,NA,NA,NA,NA
"2026-09-29T20:40:11Z","Sleeper","Michael Penix","ATL","QB",14.2908,14.2908,14.2908,16.976,NA,NA,NA,NA,NA,NA
"2026-09-29T20:40:11Z","Sleeper","Case Keenum","CHI","QB",14.158,14.158,14.158,16.485,NA,NA,NA,NA,NA,NA
"2026-09-29T20:40:11Z","Sleeper","Geno Smith","NYJ","QB",13.7532,13.7532,13.7532,17.5995,NA,NA,NA,NA,NA,NA
"2026-09-29T20:40:11Z","Sleeper","Justin Herbert","LAC","QB",13.3494,13.3494,13.3494,16.47,NA,NA,NA,NA,NA,NA
"2026-09-29T20:40:11Z","Sleeper","Aaron Rodgers","PIT","QB",13.21,13.21,13.21,15.62,NA,NA,NA,NA,NA,NA
"2026-09-29T20:40:11Z","Sleeper","Cam Ward","TEN","QB",12.989,12.989,12.989,15.563,NA,NA,NA,NA,NA,NA
"2026-09-29T20:40:11Z","Sleeper","Malik Willis","MIA","QB",12.1904,12.1904,12.1904,14.7085,NA,NA,NA,NA,NA,NA
"2026-09-29T20:40:11Z","Sleeper","Jalon Daniels","TB","QB",11.8406,11.8406,11.8406,15.1195,NA,NA,NA,NA,NA,NA
"2026-09-29T20:40:11Z","Sleeper","Kinkead Dent",NA,"QB",0,0,0,0,NA,NA,NA,NA,NA,NA
"2026-09-29T20:40:11Z","Sleeper","Brett Gabbert",NA,"QB",0,0,0,0,NA,NA,NA,NA,NA,NA
"2026-09-29T20:40:11Z","Sleeper","Behren Morton","NE","QB",0,0,0,0,NA,NA,NA,NA,NA,NA
"2026-09-29T20:40:11Z","Sleeper","AJ McCarron",NA,"QB",0,0,0,0,NA,NA,NA,NA,NA,NA
"2026-09-29T20:40:11Z","Sleeper","Joe Flacco","CIN","QB",0,0,0,0,NA,NA,NA,NA,NA,NA
"2026-09-29T20:40:11Z","Sleeper","Ryan Griffin",NA,"QB",0,0,0,0,NA,NA,NA,NA,NA,NA
"2026-09-29T20:40:11Z","Sleeper","Steven Montez",NA,"QB",0,0,0,0,NA,NA,NA,NA,NA,NA
"2026-09-29T20:40:11Z","Sleeper","Max Duggan",NA,"QB",0,0,0,0,NA,NA,NA,NA,NA,NA
"2026-09-29T20:40:11Z","Sleeper","Jahmyr Gibbs","DET","RB",20.081,22.446,24.811,24.921,NA,NA,NA,NA,NA,NA
"2026-09-29T20:40:11Z","Sleeper","Jonathan Taylor","IND","RB",18.817,20.177,21.537,21.637,NA,NA,NA,NA,NA,NA
"2026-09-29T20:40:11Z","Sleeper","Bijan Robinson","ATL","RB",17.857,19.992,22.127,22.217,NA,NA,NA,NA,NA,NA
"2026-09-29T20:40:11Z","Sleeper","Derrick Henry","BAL","RB",19.128,19.758,20.388,20.478,NA,NA,NA,NA,NA,NA
"2026-09-29T20:40:11Z","Sleeper","Kenneth Walker","KC","RB",15.787,17.817,19.847,19.937,NA,NA,NA,NA,NA,NA
"2026-09-29T20:40:11Z","Sleeper","Christian McCaffrey","SF","RB",14.287,16.382,18.477,18.557,NA,NA,NA,NA,NA,NA
"2026-09-29T20:40:11Z","Sleeper","James Cook","BUF","RB",15.36,16.23,17.1,17.18,NA,NA,NA,NA,NA,NA
"2026-09-29T20:40:11Z","Sleeper","Chase Brown","CIN","RB",13.835,15.755,17.675,17.755,NA,NA,NA,NA,NA,NA
"2026-09-29T20:40:11Z","Sleeper","D'Andre Swift","CHI","RB",14.466,15.526,16.586,16.656,NA,NA,NA,NA,NA,NA
"2026-09-29T20:40:11Z","Sleeper","Chuba Hubbard","CAR","RB",13.044,14.689,16.334,16.404,NA,NA,NA,NA,NA,NA
"2026-09-29T20:40:11Z","Sleeper","Cam Skattebo","NYG","RB",13.544,14.559,15.574,15.654,NA,NA,NA,NA,NA,NA
"2026-09-29T20:40:11Z","Sleeper","Jeremiyah Love","ARI","RB",13.059,14.414,15.769,15.839,NA,NA,NA,NA,NA,NA
"2026-09-29T20:40:11Z","Sleeper","David Montgomery","HOU","RB",12.768,13.833,14.898,14.968,NA,NA,NA,NA,NA,NA
"2026-09-29T20:40:11Z","Sleeper","Ashton Jeanty","LV","RB",11.997,13.772,15.547,15.627,NA,NA,NA,NA,NA,NA
"2026-09-29T20:40:11Z","Sleeper","Saquon Barkley","PHI","RB",12.759,13.714,14.669,14.739,NA,NA,NA,NA,NA,NA
"2026-09-29T20:40:11Z","Sleeper","Javonte Williams","DAL","RB",12.404,13.699,14.994,15.074,NA,NA,NA,NA,NA,NA
"2026-09-29T20:40:11Z","Sleeper","Jaylen Warren","PIT","RB",11.987,13.382,14.777,14.837,NA,NA,NA,NA,NA,NA
"2026-09-29T20:40:11Z","Sleeper","Aaron Jones","MIN","RB",11.91,12.99,14.07,14.15,NA,NA,NA,NA,NA,NA
"2026-09-29T20:40:11Z","Sleeper","Bucky Irving","TB","RB",11.323,12.778,14.233,14.303,NA,NA,NA,NA,NA,NA
"2026-09-29T20:40:11Z","Sleeper","Kyren Williams","LA","RB",11.659,12.639,13.619,13.689,NA,NA,NA,NA,NA,NA
"2026-09-29T20:40:11Z","Sleeper","Braelon Allen","NYJ","RB",11.512,12.392,13.272,13.332,NA,NA,NA,NA,NA,NA
"2026-09-29T20:40:11Z","Sleeper","Jacory Croskey-Merritt","WAS","RB",11.417,11.977,12.537,12.597,NA,NA,NA,NA,NA,NA
"2026-09-29T20:40:11Z","Sleeper","Bhayshul Tuten","JAX","RB",11.049,11.914,12.779,12.829,NA,NA,NA,NA,NA,NA
"2026-09-29T20:40:11Z","Sleeper","Rhamondre Stevenson","NE","RB",10.072,11.312,12.552,12.602,NA,NA,NA,NA,NA,NA
"2026-09-29T20:40:11Z","Sleeper","RJ Harvey","DEN","RB",8.145,9.61,11.075,11.115,NA,NA,NA,NA,NA,NA
"2026-09-29T20:40:11Z","Sleeper","Rico Dowdle","PIT","RB",7.981,8.926,9.871,9.921,NA,NA,NA,NA,NA,NA
"2026-09-29T20:40:11Z","Sleeper","TreVeyon Henderson","NE","RB",8.174,8.839,9.504,9.544,NA,NA,NA,NA,NA,NA
"2026-09-29T20:40:11Z","Sleeper","Tony Pollard","TEN","RB",7.866,8.726,9.586,9.636,NA,NA,NA,NA,NA,NA
"2026-09-29T20:40:11Z","Sleeper","Omarion Hampton","LAC","RB",7.802,8.622,9.442,9.492,NA,NA,NA,NA,NA,NA
"2026-09-29T20:40:11Z","Sleeper","Alvin Kamara","NO","RB",7.378,8.578,9.778,9.828,NA,NA,NA,NA,NA,NA
"2026-09-29T20:40:11Z","Sleeper","Kyle Monangai","CHI","RB",8.022,8.567,9.112,9.162,NA,NA,NA,NA,NA,NA
"2026-09-29T20:40:11Z","Sleeper","Woody Marks","HOU","RB",7.042,7.842,8.642,8.692,NA,NA,NA,NA,NA,NA
"2026-09-29T20:40:11Z","Sleeper","Jadarian Price","SEA","RB",7.078,7.593,8.108,8.158,NA,NA,NA,NA,NA,NA
"2026-09-29T20:40:11Z","Sleeper","Quinshon Judkins","CLE","RB",6.475,7.54,8.605,8.675,NA,NA,NA,NA,NA,NA
"2026-09-29T20:40:11Z","Sleeper","Rachaad White","WAS","RB",6.338,7.468,8.598,8.628,NA,NA,NA,NA,NA,NA
"2026-09-29T20:40:11Z","Sleeper","J.K. Dobbins","DEN","RB",6.711,7.281,7.851,7.901,NA,NA,NA,NA,NA,NA
"2026-09-29T20:40:11Z","Sleeper","MarShawn Lloyd","GB","RB",6.432,7.202,7.972,8.012,NA,NA,NA,NA,NA,NA
"2026-09-29T20:40:11Z","Sleeper","Ollie Gordon","MIA","RB",6.495,7.16,7.825,7.865,NA,NA,NA,NA,NA,NA
"2026-09-29T20:40:11Z","Sleeper","Tyjae Spears","TEN","RB",5.744,6.944,8.144,8.174,NA,NA,NA,NA,NA,NA
"2026-09-29T20:40:11Z","Sleeper","Blake Corum","LA","RB",6.517,6.847,7.177,7.227,NA,NA,NA,NA,NA,NA
"2026-09-29T20:40:11Z","Sleeper","Kenny Gainwell","TB","RB",5.77,6.64,7.51,7.54,NA,NA,NA,NA,NA,NA
"2026-09-29T20:40:11Z","Sleeper","Tyler Allgeier","ARI","RB",5.391,6.576,7.761,7.801,NA,NA,NA,NA,NA,NA
"2026-09-29T20:40:11Z","Sleeper","Kendre Miller","NO","RB",5.948,6.508,7.068,7.108,NA,NA,NA,NA,NA,NA
"2026-09-29T20:40:11Z","Sleeper","Isaiah Davis","NYJ","RB",5.406,6.136,6.866,6.886,NA,NA,NA,NA,NA,NA
"2026-09-29T20:40:11Z","Sleeper","Emanuel Wilson","SEA","RB",5.302,5.697,6.092,6.132,NA,NA,NA,NA,NA,NA
"2026-09-29T20:40:11Z","Sleeper","Samaje Perine","CIN","RB",4.624,5.459,6.294,6.324,NA,NA,NA,NA,NA,NA
"2026-09-29T20:40:11Z","Sleeper","Justice Hill","BAL","RB",4.441,5.316,6.191,6.211,NA,NA,NA,NA,NA,NA
"2026-09-29T20:40:11Z","Sleeper","Chris Rodriguez","JAX","RB",4.996,5.241,5.486,5.506,NA,NA,NA,NA,NA,NA
"2026-09-29T20:40:11Z","Sleeper","Kaleb Johnson","GB","RB",4.564,5.139,5.714,5.744,NA,NA,NA,NA,NA,NA
"2026-09-29T20:40:11Z","Sleeper","Chris Brooks","GB","RB",4.394,5.119,5.844,5.874,NA,NA,NA,NA,NA,NA
"2026-09-29T20:40:11Z","Sleeper","Kaelon Black","SF","RB",4.553,4.923,5.293,5.323,NA,NA,NA,NA,NA,NA
"2026-09-29T20:40:11Z","Sleeper","Najee Harris","NYG","RB",4.33,4.675,5.02,5.05,NA,NA,NA,NA,NA,NA
"2026-09-29T20:40:11Z","Sleeper","Raheim Sanders","CLE","RB",3.581,4.451,5.321,5.341,NA,NA,NA,NA,NA,NA
"2026-09-29T20:40:11Z","Sleeper","George Holani","SEA","RB",3.641,4.411,5.181,5.201,NA,NA,NA,NA,NA,NA
"2026-09-29T20:40:11Z","Sleeper","Ty Johnson","BUF","RB",3.576,4.301,5.026,5.046,NA,NA,NA,NA,NA,NA
"2026-09-29T20:40:11Z","Sleeper","Mike Washington","LV","RB",3.891,4.161,4.431,4.451,NA,NA,NA,NA,NA,NA
"2026-09-29T20:40:11Z","Sleeper","Keaton Mitchell","LAC","RB",3.468,4.053,4.638,4.658,NA,NA,NA,NA,NA,NA
"2026-09-29T20:40:11Z","Sleeper","Emmett Johnson","KC","RB",3.38,3.965,4.55,4.57,NA,NA,NA,NA,NA,NA
"2026-09-29T20:40:11Z","Sleeper","Sione Vaki","DET","RB",3.507,3.927,4.347,4.367,NA,NA,NA,NA,NA,NA
"2026-09-29T20:40:11Z","Sleeper","AJ Dillon","CAR","RB",3.463,3.918,4.373,4.373,NA,NA,NA,NA,NA,NA
"2026-09-29T20:40:11Z","Sleeper","Brian Robinson","ATL","RB",3.547,3.882,4.217,4.237,NA,NA,NA,NA,NA,NA
"2026-09-29T20:40:11Z","Sleeper","CJ Donaldson","NO","RB",3.126,3.586,4.046,4.046,NA,NA,NA,NA,NA,NA
"2026-09-29T20:40:11Z","Sleeper","Jaylen Wright","MIA","RB",2.918,3.383,3.848,3.868,NA,NA,NA,NA,NA,NA
"2026-09-29T20:40:11Z","Sleeper","Tank Bigsby","PHI","RB",3.007,3.182,3.357,3.377,NA,NA,NA,NA,NA,NA
"2026-09-29T20:40:11Z","Sleeper","DeeJay Dallas","MIN","RB",2.413,2.948,3.483,3.493,NA,NA,NA,NA,NA,NA
"2026-09-29T20:40:11Z","Sleeper","Tyler Goodson","DAL","RB",2.434,2.944,3.454,3.474,NA,NA,NA,NA,NA,NA
"2026-09-29T20:40:11Z","Sleeper","Tyler Badie","DEN","RB",1.997,2.577,3.157,3.167,NA,NA,NA,NA,NA,NA
"2026-09-29T20:40:11Z","Sleeper","Ameer Abdullah","JAX","RB",2.139,2.519,2.899,2.909,NA,NA,NA,NA,NA,NA
"2026-09-29T20:40:11Z","Sleeper","Seth McGowan","IND","RB",2.295,2.485,2.675,2.685,NA,NA,NA,NA,NA,NA
"2026-09-29T20:40:11Z","Sleeper","Demond Claiborne","MIN","RB",2.194,2.369,2.544,2.554,NA,NA,NA,NA,NA,NA
"2026-09-29T20:40:11Z","Sleeper","Will Shipley","PHI","RB",1.291,1.666,2.041,2.051,NA,NA,NA,NA,NA,NA
"2026-09-29T20:40:11Z","Sleeper","LeQuint Allen","JAX","RB",1.174,1.534,1.894,1.904,NA,NA,NA,NA,NA,NA
"2026-09-29T20:40:11Z","Sleeper","Kimani Vidal","LAC","RB",1.07,1.38,1.69,1.7,NA,NA,NA,NA,NA,NA
"2026-09-29T20:40:11Z","Sleeper","Kyle Juszczyk","SF","RB",1.011,1.321,1.631,1.631,NA,NA,NA,NA,NA,NA
"2026-09-29T20:40:11Z","Sleeper","Devin Singletary","NYG","RB",0.92,1.04,1.16,1.16,NA,NA,NA,NA,NA,NA
"2026-09-29T20:40:11Z","Sleeper","Kaytron Allen","WAS","RB",0.942,1.027,1.112,1.122,NA,NA,NA,NA,NA,NA
"2026-09-29T20:40:11Z","Sleeper","Ray Davis","BUF","RB",0.958,1.013,1.068,1.078,NA,NA,NA,NA,NA,NA
"2026-09-29T20:40:11Z","Sleeper","Alec Ingold","LAC","RB",0.738,1.013,1.288,1.288,NA,NA,NA,NA,NA,NA
"2026-09-29T20:40:11Z","Sleeper","Hunter Luepke","DAL","RB",0.671,0.816,0.961,0.961,NA,NA,NA,NA,NA,NA
"2026-09-29T20:40:11Z","Sleeper","Nicholas Singleton","TEN","RB",0.734,0.784,0.834,0.834,NA,NA,NA,NA,NA,NA
"2026-09-29T20:40:11Z","Sleeper","Trey McBride","ARI","TE",10.155,13.785,17.415,21.075,NA,NA,NA,NA,NA,NA
"2026-09-29T20:40:11Z","Sleeper","Brock Bowers","LV","TE",9.07,12.205,15.34,18.495,NA,NA,NA,NA,NA,NA
"2026-09-29T20:40:11Z","Sleeper","Harold Fannin","CLE","TE",7.766,9.996,12.226,14.476,NA,NA,NA,NA,NA,NA
"2026-09-29T20:40:11Z","Sleeper","Dalton Kincaid","BUF","TE",7.449,9.804,12.159,14.534,NA,NA,NA,NA,NA,NA
"2026-09-29T20:40:11Z","Sleeper","Tyler Warren","IND","TE",7.221,9.581,11.941,14.321,NA,NA,NA,NA,NA,NA
"2026-09-29T20:40:11Z","Sleeper","Juwan Johnson","NO","TE",7.457,9.567,11.677,13.807,NA,NA,NA,NA,NA,NA
"2026-09-29T20:40:11Z","Sleeper","Travis Kelce","KC","TE",7.246,9.506,11.766,14.046,NA,NA,NA,NA,NA,NA
"2026-09-29T20:40:11Z","Sleeper","George Kittle","SF","TE",7.276,9.346,11.416,13.506,NA,NA,NA,NA,NA,NA
"2026-09-29T20:40:11Z","Sleeper","Isaiah Likely","NYG","TE",7.263,9.308,11.353,13.418,NA,NA,NA,NA,NA,NA
"2026-09-29T20:40:11Z","Sleeper","Tucker Kraft","GB","TE",6.672,8.637,10.602,12.577,NA,NA,NA,NA,NA,NA
"2026-09-29T20:40:11Z","Sleeper","Colston Loveland","CHI","TE",6.769,8.524,10.279,12.044,NA,NA,NA,NA,NA,NA
"2026-09-29T20:40:11Z","Sleeper","Sam LaPorta","DET","TE",6.19,8.365,10.54,12.735,NA,NA,NA,NA,NA,NA
"2026-09-29T20:40:11Z","Sleeper","Dalton Schultz","HOU","TE",6.127,8.317,10.507,12.717,NA,NA,NA,NA,NA,NA
"2026-09-29T20:40:11Z","Sleeper","Brenton Strange","JAX","TE",6.045,7.85,9.655,11.47,NA,NA,NA,NA,NA,NA
"2026-09-29T20:40:11Z","Sleeper","Kenyon Sadiq","NYJ","TE",5.833,7.683,9.533,11.393,NA,NA,NA,NA,NA,NA
"2026-09-29T20:40:11Z","Sleeper","AJ Barner","SEA","TE",5.988,7.608,9.228,10.868,NA,NA,NA,NA,NA,NA
"2026-09-29T20:40:11Z","Sleeper","Hunter Henry","NE","TE",5.592,7.572,9.552,11.552,NA,NA,NA,NA,NA,NA
"2026-09-29T20:40:11Z","Sleeper","Darren Waller","CAR","TE",5.87,7.545,9.22,10.905,NA,NA,NA,NA,NA,NA
"2026-09-29T20:40:11Z","Sleeper","Jake Ferguson","DAL","TE",5.393,7.188,8.983,10.788,NA,NA,NA,NA,NA,NA
"2026-09-29T20:40:11Z","Sleeper","Kyle Pitts","ATL","TE",5.751,7.181,8.611,10.051,NA,NA,NA,NA,NA,NA
"2026-09-29T20:40:11Z","Sleeper","Mark Andrews","BAL","TE",4.978,6.773,8.568,10.383,NA,NA,NA,NA,NA,NA
"2026-09-29T20:40:11Z","Sleeper","T.J. Hockenson","MIN","TE",4.976,6.686,8.396,10.116,NA,NA,NA,NA,NA,NA
"2026-09-29T20:40:11Z","Sleeper","Pat Freiermuth","PIT","TE",4.785,6.42,8.055,9.7,NA,NA,NA,NA,NA,NA
"2026-09-29T20:40:11Z","Sleeper","Mike Gesicki","CIN","TE",4.906,6.366,7.826,9.296,NA,NA,NA,NA,NA,NA
"2026-09-29T20:40:11Z","Sleeper","Chig Okonkwo","WAS","TE",4.743,6.353,7.963,9.583,NA,NA,NA,NA,NA,NA
"2026-09-29T20:40:11Z","Sleeper","Cade Otton","TB","TE",4.154,5.699,7.244,8.799,NA,NA,NA,NA,NA,NA
"2026-09-29T20:40:11Z","Sleeper","Gunnar Helm","TEN","TE",3.722,5.487,7.252,9.027,NA,NA,NA,NA,NA,NA
"2026-09-29T20:40:11Z","Sleeper","Oronde Gadsden","LAC","TE",4.182,5.417,6.652,7.897,NA,NA,NA,NA,NA,NA
"2026-09-29T20:40:11Z","Sleeper","Tyler Higbee","LA","TE",4.044,5.334,6.624,7.924,NA,NA,NA,NA,NA,NA
"2026-09-29T20:40:11Z","Sleeper","Greg Dulcich","MIA","TE",3.7,5.155,6.61,8.075,NA,NA,NA,NA,NA,NA
"2026-09-29T20:40:11Z","Sleeper","Colby Parkinson","LA","TE",3.923,4.983,6.043,7.113,NA,NA,NA,NA,NA,NA
"2026-09-29T20:40:11Z","Sleeper","Noah Fant","NO","TE",3.913,4.968,6.023,7.088,NA,NA,NA,NA,NA,NA
"2026-09-29T20:40:11Z","Sleeper","Evan Engram","DEN","TE",3.314,4.434,5.554,6.684,NA,NA,NA,NA,NA,NA
"2026-09-29T20:40:11Z","Sleeper","Michael Mayer","LV","TE",2.937,4.262,5.587,6.922,NA,NA,NA,NA,NA,NA
"2026-09-29T20:40:11Z","Sleeper","Eli Raridon","NE","TE",2.574,3.394,4.214,5.044,NA,NA,NA,NA,NA,NA
"2026-09-29T20:40:11Z","Sleeper","Elijah Arroyo","SEA","TE",2.411,3.226,4.041,4.866,NA,NA,NA,NA,NA,NA
"2026-09-29T20:40:11Z","Sleeper","Cole Kmet","CHI","TE",2.353,3.083,3.813,4.553,NA,NA,NA,NA,NA,NA
"2026-09-29T20:40:11Z","Sleeper","Zach Ertz","PHI","TE",2.081,2.881,3.681,4.491,NA,NA,NA,NA,NA,NA
"2026-09-29T20:40:11Z","Sleeper","Foster Moreau","HOU","TE",2.153,2.808,3.463,4.118,NA,NA,NA,NA,NA,NA
"2026-09-29T20:40:11Z","Sleeper","Noah Gray","KC","TE",1.975,2.675,3.375,4.085,NA,NA,NA,NA,NA,NA
"2026-09-29T20:40:11Z","Sleeper","Darnell Washington","PIT","TE",1.853,2.598,3.343,4.098,NA,NA,NA,NA,NA,NA
"2026-09-29T20:40:11Z","Sleeper","Jonnu Smith","GB","TE",1.853,2.593,3.333,4.083,NA,NA,NA,NA,NA,NA
"2026-09-29T20:40:11Z","Sleeper","Theo Johnson","NYG","TE",2.052,2.582,3.112,3.642,NA,NA,NA,NA,NA,NA
"2026-09-29T20:40:11Z","Sleeper","Dawson Knox","BUF","TE",1.896,2.486,3.076,3.666,NA,NA,NA,NA,NA,NA
"2026-09-29T20:40:11Z","Sleeper","Tommy Tremble","CAR","TE",1.76,2.43,3.1,3.78,NA,NA,NA,NA,NA,NA
"2026-09-29T20:40:11Z","Sleeper","Johnny Mundt","PHI","TE",1.696,2.376,3.056,3.736,NA,NA,NA,NA,NA,NA
"2026-09-29T20:40:11Z","Sleeper","Erick All","CIN","TE",1.587,2.197,2.807,3.427,NA,NA,NA,NA,NA,NA
"2026-09-29T20:40:11Z","Sleeper","Austin Hooper","ATL","TE",1.737,2.192,2.647,3.102,NA,NA,NA,NA,NA,NA
"2026-09-29T20:40:11Z","Sleeper","Blake Whiteheart","CLE","TE",1.626,2.066,2.506,2.946,NA,NA,NA,NA,NA,NA
"2026-09-29T20:40:11Z","Sleeper","Mason Taylor","NYJ","TE",1.416,2.026,2.636,3.246,NA,NA,NA,NA,NA,NA
"2026-09-29T20:40:11Z","Sleeper","Jaxon Smith-Njigba","SEA","WR",15.68,18.93,22.18,22.21,NA,NA,NA,NA,NA,NA
"2026-09-29T20:40:11Z","Sleeper","Chris Olave","NO","WR",13.099,15.979,18.859,18.889,NA,NA,NA,NA,NA,NA
"2026-09-29T20:40:11Z","Sleeper","Nico Collins","HOU","WR",12.993,15.763,18.533,18.553,NA,NA,NA,NA,NA,NA
"2026-09-29T20:40:11Z","Sleeper","Zay Flowers","BAL","WR",12.875,15.37,17.865,17.885,NA,NA,NA,NA,NA,NA
"2026-09-29T20:40:11Z","Sleeper","Ja'Marr Chase","CIN","WR",12.017,15.072,18.127,18.157,NA,NA,NA,NA,NA,NA
"2026-09-29T20:40:11Z","Sleeper","Amon-Ra St. Brown","DET","WR",11.689,14.794,17.899,17.929,NA,NA,NA,NA,NA,NA
"2026-09-29T20:40:11Z","Sleeper","Puka Nacua","LA","WR",11.692,14.497,17.302,17.332,NA,NA,NA,NA,NA,NA
"2026-09-29T20:40:11Z","Sleeper","CeeDee Lamb","DAL","WR",11.405,14.4,17.395,17.425,NA,NA,NA,NA,NA,NA
"2026-09-29T20:40:11Z","Sleeper","Parker Washington","JAX","WR",11.794,14.279,16.764,16.784,NA,NA,NA,NA,NA,NA
"2026-09-29T20:40:11Z","Sleeper","Garrett Wilson","NYJ","WR",10.962,13.887,16.812,16.832,NA,NA,NA,NA,NA,NA
"2026-09-29T20:40:11Z","Sleeper","Drake London","ATL","WR",10.97,13.595,16.22,16.24,NA,NA,NA,NA,NA,NA
"2026-09-29T20:40:11Z","Sleeper","Justin Jefferson","MIN","WR",10.745,13.585,16.425,16.445,NA,NA,NA,NA,NA,NA
"2026-09-29T20:40:11Z","Sleeper","Davante Adams","LA","WR",11.219,13.569,15.919,15.939,NA,NA,NA,NA,NA,NA
"2026-09-29T20:40:11Z","Sleeper","Tee Higgins","CIN","WR",11.163,13.558,15.953,15.973,NA,NA,NA,NA,NA,NA
"2026-09-29T20:40:11Z","Sleeper","Christian Watson","GB","WR",11.098,13.198,15.298,15.318,NA,NA,NA,NA,NA,NA
"2026-09-29T20:40:11Z","Sleeper","Michael Wilson","ARI","WR",9.839,12.139,14.439,14.459,NA,NA,NA,NA,NA,NA
"2026-09-29T20:40:11Z","Sleeper","George Pickens","DAL","WR",9.567,12.112,14.657,14.677,NA,NA,NA,NA,NA,NA
"2026-09-29T20:40:11Z","Sleeper","Jalen Coker","CAR","WR",9.598,12.098,14.598,14.618,NA,NA,NA,NA,NA,NA
"2026-09-29T20:40:11Z","Sleeper","DJ Moore","BUF","WR",9.578,11.703,13.828,13.848,NA,NA,NA,NA,NA,NA
"2026-09-29T20:40:11Z","Sleeper","Rashee Rice","KC","WR",9.177,11.602,14.027,14.047,NA,NA,NA,NA,NA,NA
"2026-09-29T20:40:11Z","Sleeper","Malik Nabers","NYG","WR",8.847,11.397,13.947,13.967,NA,NA,NA,NA,NA,NA
"2026-09-29T20:40:11Z","Sleeper","Tetairoa McMillan","CAR","WR",9.134,11.384,13.634,13.654,NA,NA,NA,NA,NA,NA
"2026-09-29T20:40:11Z","Sleeper","Mike Evans","SF","WR",9.332,11.337,13.342,13.362,NA,NA,NA,NA,NA,NA
"2026-09-29T20:40:11Z","Sleeper","DeVonta Smith","PHI","WR",8.499,10.864,13.229,13.249,NA,NA,NA,NA,NA,NA
"2026-09-29T20:40:11Z","Sleeper","Josh Downs","IND","WR",8.368,10.458,12.548,12.568,NA,NA,NA,NA,NA,NA
"2026-09-29T20:40:11Z","Sleeper","Luther Burden","CHI","WR",8.231,10.406,12.581,12.601,NA,NA,NA,NA,NA,NA
"2026-09-29T20:40:11Z","Sleeper","Matthew Golden","GB","WR",8.055,10.13,12.205,12.225,NA,NA,NA,NA,NA,NA
"2026-09-29T20:40:11Z","Sleeper","Jaylen Waddle","DEN","WR",7.801,10.091,12.381,12.401,NA,NA,NA,NA,NA,NA
"2026-09-29T20:40:11Z","Sleeper","Ladd McConkey","LAC","WR",7.895,10.015,12.135,12.155,NA,NA,NA,NA,NA,NA
"2026-09-29T20:40:11Z","Sleeper","Terry McLaurin","WAS","WR",7.799,9.709,11.619,11.639,NA,NA,NA,NA,NA,NA
"2026-09-29T20:40:11Z","Sleeper","Denzel Boston","CLE","WR",7.855,9.44,11.025,11.035,NA,NA,NA,NA,NA,NA
"2026-09-29T20:40:11Z","Sleeper","Jordan Addison","MIN","WR",7.464,9.139,10.814,10.824,NA,NA,NA,NA,NA,NA
"2026-09-29T20:40:11Z","Sleeper","Jameson Williams","DET","WR",7.302,9.067,10.832,10.852,NA,NA,NA,NA,NA,NA
"2026-09-29T20:40:11Z","Sleeper","Stefon Diggs","WAS","WR",7.102,9.052,11.002,11.022,NA,NA,NA,NA,NA,NA
"2026-09-29T20:40:11Z","Sleeper","Emeka Egbuka","TB","WR",6.84,8.61,10.38,10.39,NA,NA,NA,NA,NA,NA
"2026-09-29T20:40:11Z","Sleeper","Devaughn Vele","NO","WR",6.38,8.28,10.18,10.2,NA,NA,NA,NA,NA,NA
"2026-09-29T20:40:11Z","Sleeper","DK Metcalf","PIT","WR",6.639,8.244,9.849,9.859,NA,NA,NA,NA,NA,NA
"2026-09-29T20:40:11Z","Sleeper","Courtland Sutton","DEN","WR",6.606,8.216,9.826,9.836,NA,NA,NA,NA,NA,NA
"2026-09-29T20:40:11Z","Sleeper","Kalif Raymond","CHI","WR",6.338,8.188,10.038,10.058,NA,NA,NA,NA,NA,NA
"2026-09-29T20:40:11Z","Sleeper","Xavier Worthy","KC","WR",6.53,8.12,9.71,9.73,NA,NA,NA,NA,NA,NA
"2026-09-29T20:40:11Z","Sleeper","Carnell Tate","TEN","WR",5.748,7.928,10.108,10.128,NA,NA,NA,NA,NA,NA
"2026-09-29T20:40:11Z","Sleeper","Jakobi Meyers","JAX","WR",6.132,7.927,9.722,9.742,NA,NA,NA,NA,NA,NA
"2026-09-29T20:40:11Z","Sleeper","Wan'Dale Robinson","TEN","WR",5.725,7.89,10.055,10.075,NA,NA,NA,NA,NA,NA
"2026-09-29T20:40:11Z","Sleeper","Jauan Jennings","MIN","WR",6.218,7.638,9.058,9.068,NA,NA,NA,NA,NA,NA
"2026-09-29T20:40:11Z","Sleeper","KC Concepcion","CLE","WR",5.766,7.621,9.476,9.496,NA,NA,NA,NA,NA,NA
"2026-09-29T20:40:11Z","Sleeper","Michael Pittman","PIT","WR",5.508,7.503,9.498,9.518,NA,NA,NA,NA,NA,NA
"2026-09-29T20:40:11Z","Sleeper","Romeo Doubs","NE","WR",5.922,7.442,8.962,8.972,NA,NA,NA,NA,NA,NA
"2026-09-29T20:40:11Z","Sleeper","Deebo Samuel","SF","WR",5.708,7.293,8.878,8.898,NA,NA,NA,NA,NA,NA
"2026-09-29T20:40:11Z","Sleeper","Chris Godwin","TB","WR",5.435,7.185,8.935,8.945,NA,NA,NA,NA,NA,NA
"2026-09-29T20:40:11Z","Sleeper","Rome Odunze","CHI","WR",5.812,7.162,8.512,8.522,NA,NA,NA,NA,NA,NA
"2026-09-29T20:40:11Z","Sleeper","Quentin Johnston","LAC","WR",5.78,7.16,8.54,8.55,NA,NA,NA,NA,NA,NA
"2026-09-29T20:40:11Z","Sleeper","Dontayvion Wicks","PHI","WR",5.591,7.151,8.711,8.721,NA,NA,NA,NA,NA,NA
"2026-09-29T20:40:11Z","Sleeper","Tre Tucker","LV","WR",5.583,7.073,8.563,8.573,NA,NA,NA,NA,NA,NA
"2026-09-29T20:40:11Z","Sleeper","Malik Washington","MIA","WR",5.297,7.052,8.807,8.827,NA,NA,NA,NA,NA,NA
"2026-09-29T20:40:11Z","Sleeper","Mack Hollins","NE","WR",5.268,6.998,8.728,8.748,NA,NA,NA,NA,NA,NA
"2026-09-29T20:40:11Z","Sleeper","Adonai Mitchell","NYJ","WR",5.459,6.939,8.419,8.429,NA,NA,NA,NA,NA,NA
"2026-09-29T20:40:11Z","Sleeper","Keenan Allen","IND","WR",5.296,6.931,8.566,8.576,NA,NA,NA,NA,NA,NA
"2026-09-29T20:40:11Z","Sleeper","Ryan Flournoy","DAL","WR",4.946,6.556,8.166,8.176,NA,NA,NA,NA,NA,NA
"2026-09-29T20:40:11Z","Sleeper","Rashod Bateman","BAL","WR",5.134,6.469,7.804,7.814,NA,NA,NA,NA,NA,NA
"2026-09-29T20:40:11Z","Sleeper","Khalil Shakir","BUF","WR",4.52,6.355,8.19,8.21,NA,NA,NA,NA,NA,NA
"2026-09-29T20:40:11Z","Sleeper","Brian Thomas","JAX","WR",5.062,6.302,7.542,7.552,NA,NA,NA,NA,NA,NA
"2026-09-29T20:40:11Z","Sleeper","Pat Bryant","DEN","WR",4.645,6.035,7.425,7.435,NA,NA,NA,NA,NA,NA
"2026-09-29T20:40:11Z","Sleeper","Rashid Shaheed","SEA","WR",4.572,5.697,6.822,6.832,NA,NA,NA,NA,NA,NA
"2026-09-29T20:40:11Z","Sleeper","Tre' Harris","LAC","WR",4.194,5.579,6.964,6.974,NA,NA,NA,NA,NA,NA
"2026-09-29T20:40:11Z","Sleeper","Kayshon Boutte","HOU","WR",4.332,5.452,6.572,6.582,NA,NA,NA,NA,NA,NA
"2026-09-29T20:40:11Z","Sleeper","Cooper Kupp","SEA","WR",4.071,5.161,6.251,6.261,NA,NA,NA,NA,NA,NA
"2026-09-29T20:40:11Z","Sleeper","Jalen Nailor","LV","WR",4.159,5.149,6.139,6.149,NA,NA,NA,NA,NA,NA
"2026-09-29T20:40:11Z","Sleeper","Elic Ayomanor","TEN","WR",4.138,5.078,6.018,6.028,NA,NA,NA,NA,NA,NA
"2026-09-29T20:40:11Z","Sleeper","Ted Hurst","TB","WR",4.059,5.059,6.059,6.069,NA,NA,NA,NA,NA,NA
"2026-09-29T20:40:11Z","Sleeper","Makai Lemon","PHI","WR",3.404,4.949,6.494,6.504,NA,NA,NA,NA,NA,NA
"2026-09-29T20:40:11Z","Sleeper","Caleb Douglas","MIA","WR",3.666,4.911,6.156,6.166,NA,NA,NA,NA,NA,NA
"2026-09-29T20:40:11Z","Sleeper","DeMario Douglas","NE","WR",3.669,4.869,6.069,6.079,NA,NA,NA,NA,NA,NA
"2026-09-29T20:40:11Z","Sleeper","Kendrick Bourne","ARI","WR",3.442,4.697,5.952,5.962,NA,NA,NA,NA,NA,NA
"2026-09-29T20:40:11Z","Sleeper","Xavier Hutchinson","HOU","WR",3.656,4.651,5.646,5.656,NA,NA,NA,NA,NA,NA
"2026-09-29T20:40:11Z","Sleeper","Tyquan Thornton","KC","WR",3.569,4.504,5.439,5.449,NA,NA,NA,NA,NA,NA
"2026-09-29T20:40:11Z","Sleeper","Marvin Harrison","ARI","WR",3.555,4.48,5.405,5.415,NA,NA,NA,NA,NA,NA
"2026-09-29T20:40:11Z","Sleeper","Malachi Fields","NYG","WR",3.584,4.449,5.314,5.324,NA,NA,NA,NA,NA,NA
"2026-09-29T20:40:11Z","Sleeper","Roman Wilson","PIT","WR",3.27,4.265,5.26,5.27,NA,NA,NA,NA,NA,NA
"2026-09-29T20:40:11Z","Sleeper","Chris Bell","MIA","WR",3.275,4.195,5.115,5.125,NA,NA,NA,NA,NA,NA
"2026-09-29T20:40:11Z","Sleeper","Laquon Treadwell","IND","WR",3.425,4.175,4.925,4.925,NA,NA,NA,NA,NA,NA
"2026-09-29T20:40:11Z","Sleeper","Isaiah Williams","NYJ","WR",2.849,4.054,5.259,5.269,NA,NA,NA,NA,NA,NA
"2026-09-29T20:40:11Z","Sleeper","Skyy Moore","GB","WR",3.115,4.05,4.985,5.005,NA,NA,NA,NA,NA,NA
"2026-09-29T20:40:11Z","Sleeper","Darnell Mooney","NYG","WR",3.215,3.99,4.765,4.775,NA,NA,NA,NA,NA,NA
"2026-09-29T20:40:11Z","Sleeper","Keon Coleman","BUF","WR",2.902,3.832,4.762,4.772,NA,NA,NA,NA,NA,NA
"2026-09-29T20:40:11Z","Sleeper","Antonio Williams","WAS","WR",2.957,3.807,4.657,4.667,NA,NA,NA,NA,NA,NA
"2026-09-29T20:40:11Z","Sleeper","Jahan Dotson","ATL","WR",2.888,3.688,4.488,4.498,NA,NA,NA,NA,NA,NA
"2026-09-29T20:40:11Z","Sleeper","Isaac TeSlaa","DET","WR",2.77,3.45,4.13,4.14,NA,NA,NA,NA,NA,NA
"2026-09-29T20:40:11Z","Sleeper","Josh Cameron","JAX","WR",2.489,3.054,3.619,3.629,NA,NA,NA,NA,NA,NA
"2026-09-29T20:40:11Z","Sleeper","Jerry Jeudy","CLE","WR",2.297,3.017,3.737,3.747,NA,NA,NA,NA,NA,NA
"2026-09-29T20:40:11Z","Sleeper","Dohnte Meyers","CIN","WR",2.259,2.949,3.639,3.639,NA,NA,NA,NA,NA,NA
"2026-09-29T20:40:11Z","Sleeper","Tory Horton","SEA","WR",2.321,2.891,3.461,3.471,NA,NA,NA,NA,NA,NA
"2026-09-29T20:40:11Z","Sleeper","Devontez Walker","BAL","WR",2.427,2.867,3.307,3.307,NA,NA,NA,NA,NA,NA
"2026-09-29T20:40:11Z","Sleeper","Kyle Williams","NE","WR",2.294,2.834,3.374,3.374,NA,NA,NA,NA,NA,NA
"2026-09-29T20:40:11Z","Sleeper","Cody White","LV","WR",2.348,2.813,3.278,3.278,NA,NA,NA,NA,NA,NA
"2026-09-29T20:40:11Z","Sleeper","Zachariah Branch","ATL","WR",1.937,2.522,3.107,3.107,NA,NA,NA,NA,NA,NA
"2026-09-29T20:40:11Z","Sleeper","Xavier Legette","CAR","WR",1.95,2.51,3.07,3.07,NA,NA,NA,NA,NA,NA
"2026-09-29T20:40:11Z","Sleeper","Olamide Zaccheaus","ATL","WR",1.961,2.466,2.971,2.981,NA,NA,NA,NA,NA,NA
"2026-09-29T20:40:11Z","Sleeper","Calvin Ridley","TEN","WR",1.83,2.345,2.86,2.86,NA,NA,NA,NA,NA,NA
"2026-09-29T20:40:11Z","Sleeper","Kevin Coleman","MIA","WR",1.731,2.221,2.711,2.711,NA,NA,NA,NA,NA,NA
"2026-09-29T20:40:11Z","Sleeper","Tez Johnson","TB","WR",1.766,2.216,2.666,2.666,NA,NA,NA,NA,NA,NA
"2026-09-29T20:40:11Z","Sleeper","KaVontae Turpin","DAL","WR",1.714,2.049,2.384,2.394,NA,NA,NA,NA,NA,NA
"2026-09-29T20:40:11Z","Sleeper","Troy Franklin","DEN","WR",1.548,1.993,2.438,2.438,NA,NA,NA,NA,NA,NA
"2026-09-29T20:40:11Z","Sleeper","Jacob Cowing","SF","WR",1.511,1.976,2.441,2.441,NA,NA,NA,NA,NA,NA
"2026-09-29T20:40:11Z","Sleeper","Jared Wayne","HOU","WR",1.47,1.925,2.38,2.38,NA,NA,NA,NA,NA,NA
"2026-09-29T20:40:11Z","Sleeper","Germie Bernard","PIT","WR",1.485,1.91,2.335,2.335,NA,NA,NA,NA,NA,NA
"2026-09-29T20:40:11Z","Sleeper","Joshua Palmer","BUF","WR",1.405,1.87,2.335,2.335,NA,NA,NA,NA,NA,NA
"2026-09-29T20:40:11Z","Sleeper","Darius Cooper","PHI","WR",1.361,1.861,2.361,2.361,NA,NA,NA,NA,NA,NA
"2026-09-29T20:40:11Z","Sleeper","Konata Mumpfield","LA","WR",1.463,1.838,2.213,2.213,NA,NA,NA,NA,NA,NA
"2026-09-29T20:40:11Z","Sleeper","Jaylin Noel","HOU","WR",1.465,1.8,2.135,2.135,NA,NA,NA,NA,NA,NA
"2026-09-29T20:40:11Z","Sleeper","Isaiah Bond","CLE","WR",1.468,1.768,2.068,2.068,NA,NA,NA,NA,NA,NA
"2026-09-29T20:49:03Z","ESPN","Josh Allen","BUF","QB",22.249310246,22.249310246,22.249310246,25.554357079,NA,NA,NA,NA,NA,NA
"2026-09-29T20:49:03Z","ESPN","Lamar Jackson","BAL","QB",21.124072739,21.124072739,21.124072739,24.222883242,NA,NA,NA,NA,NA,NA
"2026-09-29T20:49:03Z","ESPN","Bryce Young","CAR","QB",20.094670192,20.094670192,20.094670192,23.608112186,NA,NA,NA,NA,NA,NA
"2026-09-29T20:49:03Z","ESPN","Kyler Murray","MIN","QB",19.255970955,19.255970955,19.255970955,22.46135002,NA,NA,NA,NA,NA,NA
"2026-09-29T20:49:03Z","ESPN","Tyler Shough","NO","QB",18.848710753,18.848710753,18.848710753,22.239657809,NA,NA,NA,NA,NA,NA
"2026-09-29T20:49:03Z","ESPN","Patrick Mahomes","KC","QB",18.634967842,18.634967842,18.634967842,21.911204858,NA,NA,NA,NA,NA,NA
"2026-09-29T20:49:03Z","ESPN","Brock Purdy","SF","QB",18.633816903,18.633816903,18.633816903,22.253238426,NA,NA,NA,NA,NA,NA
"2026-09-29T20:49:03Z","ESPN","Trevor Lawrence","JAX","QB",18.440734051,18.440734051,18.440734051,21.990207191,NA,NA,NA,NA,NA,NA
"2026-09-29T20:49:03Z","ESPN","Marcus Mariota","WAS","QB",18.386892479,18.386892479,18.386892479,21.825697421,NA,NA,NA,NA,NA,NA
"2026-09-29T20:49:03Z","ESPN","Joe Burrow","CIN","QB",18.164953941,18.164953941,18.164953941,21.609979659,NA,NA,NA,NA,NA,NA
"2026-09-29T20:49:03Z","ESPN","Drake Maye","NE","QB",17.492480087,17.492480087,17.492480087,21.243092583,NA,NA,NA,NA,NA,NA
"2026-09-29T20:49:03Z","ESPN","Jalen Hurts","PHI","QB",17.482852348,17.482852348,17.482852348,20.767910395,NA,NA,NA,NA,NA,NA
"2026-09-29T20:49:03Z","ESPN","Jared Goff","DET","QB",17.370300998,17.370300998,17.370300998,20.677617632,NA,NA,NA,NA,NA,NA
"2026-09-29T20:49:03Z","ESPN","Dak Prescott","DAL","QB",17.158968967,17.158968967,17.158968967,20.505181408,NA,NA,NA,NA,NA,NA
"2026-09-29T20:49:03Z","ESPN","C.J. Stroud","HOU","QB",16.828082909,16.828082909,16.828082909,19.975263505,NA,NA,NA,NA,NA,NA
"2026-09-29T20:49:03Z","ESPN","Matthew Stafford","LA","QB",16.392023547,16.392023547,16.392023547,20.002328744,NA,NA,NA,NA,NA,NA
"2026-09-29T20:49:03Z","ESPN","Sam Darnold","SEA","QB",16.0510976649,16.0510976649,16.0510976649,19.5600616929,NA,NA,NA,NA,NA,NA
"2026-09-29T20:49:03Z","ESPN","Jacoby Brissett","ARI","QB",15.842702847,15.842702847,15.842702847,18.937617047,NA,NA,NA,NA,NA,NA
"2026-09-29T20:49:03Z","ESPN","Bo Nix","DEN","QB",15.263705955,15.263705955,15.263705955,18.519215124,NA,NA,NA,NA,NA,NA
"2026-09-29T20:49:03Z","ESPN","Daniel Jones","IND","QB",15.196085471,15.196085471,15.196085471,18.600090015,NA,NA,NA,NA,NA,NA
"2026-09-29T20:49:03Z","ESPN","Geno Smith","NYJ","QB",15.140330001,15.140330001,15.140330001,18.416884361,NA,NA,NA,NA,NA,NA
"2026-09-29T20:49:03Z","ESPN","Jordan Love","GB","QB",14.9348391402,14.9348391402,14.9348391402,18.4688726762,NA,NA,NA,NA,NA,NA
"2026-09-29T20:49:03Z","ESPN","Jalon Daniels","TB","QB",14.854751336,14.854751336,14.854751336,18.054475809,NA,NA,NA,NA,NA,NA
"2026-09-29T20:49:03Z","ESPN","Jameis Winston","NYG","QB",14.76533666,14.76533666,14.76533666,18.347085094,NA,NA,NA,NA,NA,NA
"2026-09-29T20:49:03Z","ESPN","Case Keenum","CHI","QB",14.75595999,14.75595999,14.75595999,18.270778819,NA,NA,NA,NA,NA,NA
"2026-09-29T20:49:03Z","ESPN","Michael Penix Jr.","ATL","QB",14.7098216975,14.7098216975,14.7098216975,17.9276312635,NA,NA,NA,NA,NA,NA
"2026-09-29T20:49:03Z","ESPN","Deshaun Watson","CLE","QB",14.561947619,14.561947619,14.561947619,17.514904443,NA,NA,NA,NA,NA,NA
"2026-09-29T20:49:03Z","ESPN","Kirk Cousins","LV","QB",13.9543746454,13.9543746454,13.9543746454,17.5180618714,NA,NA,NA,NA,NA,NA
"2026-09-29T20:49:03Z","ESPN","Aaron Rodgers","PIT","QB",13.717685421,13.717685421,13.717685421,16.801880313,NA,NA,NA,NA,NA,NA
"2026-09-29T20:49:03Z","ESPN","Cam Ward","TEN","QB",12.654450065,12.654450065,12.654450065,15.661998032,NA,NA,NA,NA,NA,NA
"2026-09-29T20:49:03Z","ESPN","Justin Herbert","LAC","QB",12.602894493,12.602894493,12.602894493,15.891458355,NA,NA,NA,NA,NA,NA
"2026-09-29T20:49:03Z","ESPN","Malik Willis","MIA","QB",11.688674125,11.688674125,11.688674125,14.854885206,NA,NA,NA,NA,NA,NA
"2026-09-29T20:49:03Z","ESPN","Caleb Williams","CHI","QB",0,0,0,0,NA,NA,NA,NA,NA,NA
"2026-09-29T20:49:03Z","ESPN","Jayden Daniels","WAS","QB",0,0,0,0,NA,NA,NA,NA,NA,NA
"2026-09-29T20:49:03Z","ESPN","Baker Mayfield","TB","QB",0,0,0,0,NA,NA,NA,NA,NA,NA
"2026-09-29T20:49:03Z","ESPN","Jaxson Dart","NYG","QB",0,0,0,0,NA,NA,NA,NA,NA,NA
"2026-09-29T20:49:03Z","ESPN","Fernando Mendoza","LV","QB",0,0,0,0,NA,NA,NA,NA,NA,NA
"2026-09-29T20:49:03Z","ESPN","Drew Lock","SEA","QB",0,0,0,0,NA,NA,NA,NA,NA,NA
"2026-09-29T20:49:03Z","ESPN","Carson Wentz","MIN","QB",0,0,0,0,NA,NA,NA,NA,NA,NA
"2026-09-29T20:49:03Z","ESPN","Shedeur Sanders","CLE","QB",0,0,0,0,NA,NA,NA,NA,NA,NA
"2026-09-29T20:49:03Z","ESPN","Jahmyr Gibbs","DET","RB",21.452098276,23.81425746,26.176416644,26.265568999,NA,NA,NA,NA,NA,NA
"2026-09-29T20:49:03Z","ESPN","Derrick Henry","BAL","RB",18.83843473,19.5354248585,20.232414987,20.336668573,NA,NA,NA,NA,NA,NA
"2026-09-29T20:49:03Z","ESPN","Bijan Robinson","ATL","RB",17.522626469,19.51279623,21.502965991,21.59878218,NA,NA,NA,NA,NA,NA
"2026-09-29T20:49:03Z","ESPN","Jonathan Taylor","IND","RB",17.480149719,18.922762829,20.365375939,20.455299202,NA,NA,NA,NA,NA,NA
"2026-09-29T20:49:03Z","ESPN","Kenneth Walker III","KC","RB",17.254712387,18.8690768395,20.483441292,20.543857282,NA,NA,NA,NA,NA,NA
"2026-09-29T20:49:03Z","ESPN","Christian McCaffrey","SF","RB",15.536876303,17.888587531,20.240298759,20.307031717,NA,NA,NA,NA,NA,NA
"2026-09-29T20:49:03Z","ESPN","Ashton Jeanty","LV","RB",14.248062482,16.534661876,18.82126127,18.899421827,NA,NA,NA,NA,NA,NA
"2026-09-29T20:49:03Z","ESPN","James Cook III","BUF","RB",15.511512347,16.484901059,17.458289771,17.57206866,NA,NA,NA,NA,NA,NA
"2026-09-29T20:49:03Z","ESPN","Aaron Jones Sr.","MIN","RB",15.037072539,16.1334631035,17.229853668,17.3460621,NA,NA,NA,NA,NA,NA
"2026-09-29T20:49:03Z","ESPN","Bucky Irving","TB","RB",14.182866463,15.442219652,16.701572841,16.773492268,NA,NA,NA,NA,NA,NA
"2026-09-29T20:49:03Z","ESPN","Cam Skattebo","NYG","RB",13.947349247,15.13534915,16.323349053,16.400848833,NA,NA,NA,NA,NA,NA
"2026-09-29T20:49:03Z","ESPN","Chuba Hubbard","CAR","RB",13.333573053,14.8413449105,16.349116768,16.422515885,NA,NA,NA,NA,NA,NA
"2026-09-29T20:49:03Z","ESPN","Chase Brown","CIN","RB",12.367905512,14.268870742,16.169835972,16.245181842,NA,NA,NA,NA,NA,NA
"2026-09-29T20:49:03Z","ESPN","Jeremiyah Love","ARI","RB",12.75182291,14.1332128355,15.514602761,15.592259368,NA,NA,NA,NA,NA,NA
"2026-09-29T20:49:03Z","ESPN","D'Andre Swift","CHI","RB",12.333005898,13.6113541215,14.889702345,14.957247076,NA,NA,NA,NA,NA,NA
"2026-09-29T20:49:03Z","ESPN","Javonte Williams","DAL","RB",11.989251099,13.2888280435,14.588404988,14.660359472,NA,NA,NA,NA,NA,NA
"2026-09-29T20:49:03Z","ESPN","Saquon Barkley","PHI","RB",12.331610266,13.2618546435,14.192099021,14.248571528,NA,NA,NA,NA,NA,NA
"2026-09-29T20:49:03Z","ESPN","David Montgomery","HOU","RB",11.574311932,12.517071254,13.459830576,13.525870852,NA,NA,NA,NA,NA,NA
"2026-09-29T20:49:03Z","ESPN","Jaylen Warren","PIT","RB",10.929660343,12.4927058145,14.055751286,14.119171408,NA,NA,NA,NA,NA,NA
"2026-09-29T20:49:03Z","ESPN","Braelon Allen","NYJ","RB",11.036402629,11.904367353,12.772332077,12.836375576,NA,NA,NA,NA,NA,NA
"2026-09-29T20:49:03Z","ESPN","Kyren Williams","LA","RB",10.62486162,11.8256287105,13.026395801,13.086014004,NA,NA,NA,NA,NA,NA
"2026-09-29T20:49:03Z","ESPN","Bhayshul Tuten","JAX","RB",10.981695159,11.8150294815,12.648363804,12.732763191,NA,NA,NA,NA,NA,NA
"2026-09-29T20:49:03Z","ESPN","Quinshon Judkins","CLE","RB",10.348239287,11.4050365785,12.46183387,12.500115187,NA,NA,NA,NA,NA,NA
"2026-09-29T20:49:03Z","ESPN","Tony Pollard","TEN","RB",9.721221492,10.719444402,11.717667312,11.798291837,NA,NA,NA,NA,NA,NA
"2026-09-29T20:49:03Z","ESPN","Rhamondre Stevenson","NE","RB",8.86347122,10.2313883915,11.599305563,11.670666325,NA,NA,NA,NA,NA,NA
"2026-09-29T20:49:03Z","ESPN","Omarion Hampton","LAC","RB",9.3951669467,10.1365551847,10.8779434227,10.9381567017,NA,NA,NA,NA,NA,NA
"2026-09-29T20:49:03Z","ESPN","J.K. Dobbins","DEN","RB",9.0448779659,9.5645057139,10.0841334619,10.1148764429,NA,NA,NA,NA,NA,NA
"2026-09-29T20:49:03Z","ESPN","Emanuel Wilson","SEA","RB",8.9605752072,9.2798872027,9.5991991982,9.6472803252,NA,NA,NA,NA,NA,NA
"2026-09-29T20:49:03Z","ESPN","Jadarian Price","SEA","RB",8.47560947,9.2223117245,9.969013979,10.015876635,NA,NA,NA,NA,NA,NA
"2026-09-29T20:49:03Z","ESPN","Alvin Kamara","NO","RB",7.775413102,9.1733287485,10.571244395,10.624495715,NA,NA,NA,NA,NA,NA
"2026-09-29T20:49:03Z","ESPN","Jacory Croskey-Merritt","WAS","RB",8.7663889643,9.0018532488,9.2373175333,9.3326829733,NA,NA,NA,NA,NA,NA
"2026-09-29T20:49:03Z","ESPN","TreVeyon Henderson","NE","RB",8.035645823,8.7807438395,9.525841856,9.562525522,NA,NA,NA,NA,NA,NA
"2026-09-29T20:49:03Z","ESPN","Ollie Gordon II","MIA","RB",7.414189459,8.3547163455,9.295243232,9.341133665,NA,NA,NA,NA,NA,NA
"2026-09-29T20:49:03Z","ESPN","Isaiah Davis","NYJ","RB",7.279725935,8.3039766295,9.328227324,9.348337441,NA,NA,NA,NA,NA,NA
"2026-09-29T20:49:03Z","ESPN","RJ Harvey","DEN","RB",6.248481119,8.1857260475,10.122970976,10.151052102,NA,NA,NA,NA,NA,NA
"2026-09-29T20:49:03Z","ESPN","Rico Dowdle","PIT","RB",7.434584553,8.144627119,8.854669685,8.90022757,NA,NA,NA,NA,NA,NA
"2026-09-29T20:49:03Z","ESPN","Kendre Miller","NO","RB",7.410727597,8.1213936335,8.83205967,8.85706156,NA,NA,NA,NA,NA,NA
"2026-09-29T20:49:03Z","ESPN","Kyle Monangai","CHI","RB",6.97696424,7.6809765625,8.384988885,8.405485935,NA,NA,NA,NA,NA,NA
"2026-09-29T20:49:03Z","ESPN","Blake Corum","LA","RB",7.1054689146,7.6121059511,8.1187429876,8.1408804606,NA,NA,NA,NA,NA,NA
"2026-09-29T20:49:03Z","ESPN","Woody Marks","HOU","RB",6.57492977,7.428458898,8.281988026,8.321814731,NA,NA,NA,NA,NA,NA
"2026-09-29T20:49:03Z","ESPN","Rachaad White","WAS","RB",6.136472753,7.2308731865,8.32527362,8.355761614,NA,NA,NA,NA,NA,NA
"2026-09-29T20:49:03Z","ESPN","Tyler Allgeier","ARI","RB",5.954840994,6.997102066,8.039363138,8.05733706,NA,NA,NA,NA,NA,NA
"2026-09-29T20:49:03Z","ESPN","Kenny Gainwell","TB","RB",5.473339859,6.7712323275,8.069124796,8.10363839,NA,NA,NA,NA,NA,NA
"2026-09-29T20:49:03Z","ESPN","Tyjae Spears","TEN","RB",5.493252241,6.755430168,8.017608095,8.040830856,NA,NA,NA,NA,NA,NA
"2026-09-29T20:49:03Z","ESPN","Kaleb Johnson","GB","RB",5.8798889699,6.5474435499,7.2149981299,7.2572999239,NA,NA,NA,NA,NA,NA
"2026-09-29T20:49:03Z","ESPN","Jaylen Wright","MIA","RB",5.411646387,6.2375187065,7.063391026,7.140909694,NA,NA,NA,NA,NA,NA
"2026-09-29T20:49:03Z","ESPN","Najee Harris","NYG","RB",5.6998594347,6.1342308857,6.5686023367,6.5937906187,NA,NA,NA,NA,NA,NA
"2026-09-29T20:49:03Z","ESPN","MarShawn Lloyd","GB","RB",5.409079036,5.94909439,6.489109744,6.526769834,NA,NA,NA,NA,NA,NA
"2026-09-29T20:49:03Z","ESPN","Brian Robinson Jr.","ATL","RB",5.5580313315,5.8041102675,6.0501892035,6.0797669735,NA,NA,NA,NA,NA,NA
"2026-09-29T20:49:03Z","ESPN","Kaelon Black","SF","RB",4.985244,5.2158956685,5.446547337,5.478131579,NA,NA,NA,NA,NA,NA
"2026-09-29T20:49:03Z","ESPN","Raheim Sanders","CLE","RB",3.803634842,4.970197171,6.1367595,6.159492765,NA,NA,NA,NA,NA,NA
"2026-09-29T20:49:03Z","ESPN","Chris Rodriguez Jr.","JAX","RB",4.7206779616,4.8410666526,4.9614553436,4.9803243696,NA,NA,NA,NA,NA,NA
"2026-09-29T20:49:03Z","ESPN","Justice Hill","BAL","RB",4.199543188,4.7853845745,5.371225961,5.396732599,NA,NA,NA,NA,NA,NA
"2026-09-29T20:49:03Z","ESPN","Emmett Johnson","KC","RB",4.079805167,4.560165393,5.040525619,5.064224895,NA,NA,NA,NA,NA,NA
"2026-09-29T20:49:03Z","ESPN","George Holani","SEA","RB",3.713489539,4.361521602,5.009553665,5.029377637,NA,NA,NA,NA,NA,NA
"2026-09-29T20:49:03Z","ESPN","AJ Dillon","CAR","RB",3.9714371018,4.3558384323,4.7402397628,4.7615732758,NA,NA,NA,NA,NA,NA
"2026-09-29T20:49:03Z","ESPN","Samaje Perine","CIN","RB",3.588329998,4.322272723,5.056215448,5.09128381,NA,NA,NA,NA,NA,NA
"2026-09-29T20:49:03Z","ESPN","Keaton Mitchell","LAC","RB",3.584500275,4.198148939,4.811797603,4.838162629,NA,NA,NA,NA,NA,NA
"2026-09-29T20:49:03Z","ESPN","Sione Vaki","DET","RB",3.6451840476,4.0229889361,4.4007938246,4.4218921676,NA,NA,NA,NA,NA,NA
"2026-09-29T20:49:03Z","ESPN","Ty Johnson","BUF","RB",3.162336447,3.8057979535,4.44925946,4.467754519,NA,NA,NA,NA,NA,NA
"2026-09-29T20:49:03Z","ESPN","Austin Ekeler",NA,"RB",2.867037328,3.4597259785,4.052414629,4.079074471,NA,NA,NA,NA,NA,NA
"2026-09-29T20:49:03Z","ESPN","Tyler Goodson","DAL","RB",3.0428871505,3.2978409375,3.5527947245,3.5685404235,NA,NA,NA,NA,NA,NA
"2026-09-29T20:49:03Z","ESPN","Chris Brooks","GB","RB",2.5149065359,3.1826803454,3.8504541549,3.8621146139,NA,NA,NA,NA,NA,NA
"2026-09-29T20:49:03Z","ESPN","Mike Washington Jr.","LV","RB",2.9490821228,3.0783566508,3.2076311788,3.2264950358,NA,NA,NA,NA,NA,NA
"2026-09-29T20:49:03Z","ESPN","Seth McGowan","IND","RB",2.6304662817,2.7532458207,2.8760253597,2.8918993477,NA,NA,NA,NA,NA,NA
"2026-09-29T20:49:03Z","ESPN","Will Shipley","PHI","RB",2.0499106663,2.7287753888,3.4076401113,3.4223743763,NA,NA,NA,NA,NA,NA
"2026-09-29T20:49:03Z","ESPN","Tank Bigsby","PHI","RB",2.426326808,2.645039124,2.86375144,2.882061742,NA,NA,NA,NA,NA,NA
"2026-09-29T20:49:03Z","ESPN","Demond Claiborne","MIN","RB",2.2128487706,2.3255768306,2.4383048906,2.4519304826,NA,NA,NA,NA,NA,NA
"2026-09-29T20:49:03Z","ESPN","DeeJay Dallas","MIN","RB",1.879231149,2.2180597605,2.556888372,2.578327473,NA,NA,NA,NA,NA,NA
"2026-09-29T20:49:03Z","ESPN","CJ Donaldson","NO","RB",1.8208035031,2.1790790296,2.5373545561,2.5479868521,NA,NA,NA,NA,NA,NA
"2026-09-29T20:49:03Z","ESPN","Kyle Juszczyk","SF","RB",1.4576563022,2.0118644077,2.5660725132,2.5734167382,NA,NA,NA,NA,NA,NA
"2026-09-29T20:49:03Z","ESPN","Kimani Vidal","LAC","RB",1.3530295158,1.9210208073,2.4890120988,2.4957630498,NA,NA,NA,NA,NA,NA
"2026-09-29T20:49:03Z","ESPN","LeQuint Allen Jr.","JAX","RB",1.1086947893,1.5798844323,2.0510740753,2.0565869753,NA,NA,NA,NA,NA,NA
"2026-09-29T20:49:03Z","ESPN","Tyler Badie","DEN","RB",1.0990898856,1.4838697671,1.8686496486,1.8750712186,NA,NA,NA,NA,NA,NA
"2026-09-29T20:49:03Z","ESPN","Ray Davis","BUF","RB",1.1422920711,1.2531368251,1.3639815791,1.3718184581,NA,NA,NA,NA,NA,NA
"2026-09-29T20:49:03Z","ESPN","Ameer Abdullah","JAX","RB",0.9231230478,1.1754185483,1.4277140488,1.4334769918,NA,NA,NA,NA,NA,NA
"2026-09-29T20:49:03Z","ESPN","Alec Ingold","LAC","RB",0.6443699878,1.0055630268,1.3667560658,1.3722072088,NA,NA,NA,NA,NA,NA
"2026-09-29T20:49:03Z","ESPN","Hunter Luepke","DAL","RB",0.6829171886,0.8161598106,0.9494024326,0.9527224536,NA,NA,NA,NA,NA,NA
"2026-09-29T20:49:03Z","ESPN","Nicholas Singleton","TEN","RB",0.6791342626,0.6791342626,0.6791342626,0.6838953606,NA,NA,NA,NA,NA,NA
"2026-09-29T20:49:03Z","ESPN","Tyrone Tracy Jr.","NYG","RB",0.5622859945,0.668429932,0.7745738695,0.7780865995,NA,NA,NA,NA,NA,NA
"2026-09-29T20:49:03Z","ESPN","Trey McBride","ARI","TE",10.09368221,13.7537240835,17.413765957,21.1059400485,NA,NA,NA,NA,NA,NA
"2026-09-29T20:49:03Z","ESPN","Brock Bowers","LV","TE",9.3834449091,12.6473556211,15.9112663331,19.1982285451,NA,NA,NA,NA,NA,NA
"2026-09-29T20:49:03Z","ESPN","George Kittle","SF","TE",8.844878354,11.2776089665,13.710339579,16.1664852695,NA,NA,NA,NA,NA,NA
"2026-09-29T20:49:03Z","ESPN","Tyler Warren","IND","TE",7.7240873752,10.3799460417,13.0358047082,15.7301753407,NA,NA,NA,NA,NA,NA
"2026-09-29T20:49:03Z","ESPN","Isaiah Likely","NYG","TE",7.435866531,9.5861882795,11.736510028,13.9222938785,NA,NA,NA,NA,NA,NA
"2026-09-29T20:49:03Z","ESPN","Travis Kelce","KC","TE",7.283956118,9.535878206,11.787800294,14.070970818,NA,NA,NA,NA,NA,NA
"2026-09-29T20:49:03Z","ESPN","Sam LaPorta","DET","TE",6.782935731,8.983578003,11.184220275,13.405961036,NA,NA,NA,NA,NA,NA
"2026-09-29T20:49:03Z","ESPN","Harold Fannin Jr.","CLE","TE",6.5406855914,8.8781711399,11.2156566884,13.5867677519,NA,NA,NA,NA,NA,NA
"2026-09-29T20:49:03Z","ESPN","Dalton Kincaid","BUF","TE",6.531763486,8.6074581165,10.683152747,12.7904367685,NA,NA,NA,NA,NA,NA
"2026-09-29T20:49:03Z","ESPN","Juwan Johnson","NO","TE",6.608694118,8.586943001,10.565191884,12.580638429,NA,NA,NA,NA,NA,NA
"2026-09-29T20:49:03Z","ESPN","Mark Andrews","BAL","TE",6.255653123,8.13925146,10.022849797,11.935267928,NA,NA,NA,NA,NA,NA
"2026-09-29T20:49:03Z","ESPN","Kenyon Sadiq","NYJ","TE",5.2916762867,7.3178785137,9.3440807407,11.3987353627,NA,NA,NA,NA,NA,NA
"2026-09-29T20:49:03Z","ESPN","Hunter Henry","NE","TE",5.406203151,7.1643281895,8.922453228,10.6948142095,NA,NA,NA,NA,NA,NA
"2026-09-29T20:49:03Z","ESPN","Colston Loveland","CHI","TE",5.358988763,7.052437195,8.745885627,10.457889267,NA,NA,NA,NA,NA,NA
"2026-09-29T20:49:03Z","ESPN","Dalton Schultz","HOU","TE",4.944555821,6.98981392,9.035072019,11.105250598,NA,NA,NA,NA,NA,NA
"2026-09-29T20:49:03Z","ESPN","Tucker Kraft","GB","TE",4.9602759936,6.9281475481,8.8960191026,10.8884268951,NA,NA,NA,NA,NA,NA
"2026-09-29T20:49:03Z","ESPN","AJ Barner","SEA","TE",5.1842182616,6.6503605031,8.1165027446,9.6107622891,NA,NA,NA,NA,NA,NA
"2026-09-29T20:49:03Z","ESPN","Brenton Strange","JAX","TE",4.88025699,6.4368397565,7.993422523,9.5708100415,NA,NA,NA,NA,NA,NA
"2026-09-29T20:49:03Z","ESPN","Jake Ferguson","DAL","TE",4.560146793,6.3416013675,8.123055942,9.9444150985,NA,NA,NA,NA,NA,NA
"2026-09-29T20:49:03Z","ESPN","Cade Otton","TB","TE",4.739129041,6.317726881,7.896324721,9.49274286,NA,NA,NA,NA,NA,NA
"2026-09-29T20:49:03Z","ESPN","T.J. Hockenson","MIN","TE",4.539215869,6.311234345,8.083252821,9.870808638,NA,NA,NA,NA,NA,NA
"2026-09-29T20:49:03Z","ESPN","Pat Freiermuth","PIT","TE",4.5798806828,6.2531973508,7.9265140188,9.6277423358,NA,NA,NA,NA,NA,NA
"2026-09-29T20:49:03Z","ESPN","Darren Waller","CAR","TE",4.599501083,6.013736523,7.427971963,8.855766277,NA,NA,NA,NA,NA,NA
"2026-09-29T20:49:03Z","ESPN","Mike Gesicki","CIN","TE",4.478402473,5.9678609045,7.457319336,8.9632337405,NA,NA,NA,NA,NA,NA
"2026-09-29T20:49:03Z","ESPN","Kyle Pitts Sr.","ATL","TE",4.387575086,5.8773709135,7.367166741,8.8671649275,NA,NA,NA,NA,NA,NA
"2026-09-29T20:49:03Z","ESPN","Oronde Gadsden","LAC","TE",4.057468052,5.5756775385,7.093887025,8.6352715955,NA,NA,NA,NA,NA,NA
"2026-09-29T20:49:03Z","ESPN","Colby Parkinson","LA","TE",4.179951406,5.469520873,6.75909034,8.074879042,NA,NA,NA,NA,NA,NA
"2026-09-29T20:49:03Z","ESPN","Gunnar Helm","TEN","TE",3.857300532,5.467078685,7.076856838,8.708683026,NA,NA,NA,NA,NA,NA
"2026-09-29T20:49:03Z","ESPN","Chig Okonkwo","WAS","TE",3.837804151,5.250669726,6.663535301,8.090823633,NA,NA,NA,NA,NA,NA
"2026-09-29T20:49:03Z","ESPN","Greg Dulcich","MIA","TE",3.442998347,4.8702053055,6.297412264,7.7449585955,NA,NA,NA,NA,NA,NA
"2026-09-29T20:49:03Z","ESPN","Michael Mayer","LV","TE",3.208007713,4.5509671735,5.893926634,7.2552253475,NA,NA,NA,NA,NA,NA
"2026-09-29T20:49:03Z","ESPN","Tommy Tremble","CAR","TE",3.246618993,4.310201596,5.373784199,6.453620831,NA,NA,NA,NA,NA,NA
"2026-09-29T20:49:03Z","ESPN","Tyler Higbee","LA","TE",2.972250905,4.173842281,5.375433657,6.590241562,NA,NA,NA,NA,NA,NA
"2026-09-29T20:49:03Z","ESPN","Evan Engram","DEN","TE",2.561197116,3.953684127,5.346171138,6.754897211,NA,NA,NA,NA,NA,NA
"2026-09-29T20:49:03Z","ESPN","Noah Fant","NO","TE",2.689791204,3.61982284,4.549854476,5.492826203,NA,NA,NA,NA,NA,NA
"2026-09-29T20:49:03Z","ESPN","Austin Hooper","ATL","TE",2.55789104,3.477340128,4.396789216,5.328624953,NA,NA,NA,NA,NA,NA
"2026-09-29T20:49:03Z","ESPN","Darnell Washington","PIT","TE",2.41162787,3.3187411875,4.225854505,5.1499137815,NA,NA,NA,NA,NA,NA
"2026-09-29T20:49:03Z","ESPN","Mason Taylor","NYJ","TE",2.072182267,2.98292727,3.893672273,4.81689113,NA,NA,NA,NA,NA,NA
"2026-09-29T20:49:03Z","ESPN","Zach Ertz","PHI","TE",2.128320844,2.954782411,3.781243978,4.619009729,NA,NA,NA,NA,NA,NA
"2026-09-29T20:49:03Z","ESPN","Dawson Knox","BUF","TE",2.105287395,2.695883228,3.286479061,3.882737186,NA,NA,NA,NA,NA,NA
"2026-09-29T20:49:03Z","ESPN","Drew Sample","CIN","TE",1.868288798,2.6944797455,3.520670693,4.3584494215,NA,NA,NA,NA,NA,NA
"2026-09-29T20:49:03Z","ESPN","Jonnu Smith","GB","TE",1.8571538241,2.6468317266,3.4365096291,4.2407560956,NA,NA,NA,NA,NA,NA
"2026-09-29T20:49:03Z","ESPN","Johnny Mundt","PHI","TE",1.864319601,2.5660098145,3.267700028,3.9770786995,NA,NA,NA,NA,NA,NA
"2026-09-29T20:49:03Z","ESPN","Noah Gray","KC","TE",1.813906882,2.452883228,3.091859574,3.736962057,NA,NA,NA,NA,NA,NA
"2026-09-29T20:49:03Z","ESPN","Foster Moreau","HOU","TE",1.83217719,2.439668593,3.047159996,3.663794654,NA,NA,NA,NA,NA,NA
"2026-09-29T20:49:03Z","ESPN","Theo Johnson","NYG","TE",1.911567787,2.4200675035,2.92856722,3.4426385955,NA,NA,NA,NA,NA,NA
"2026-09-29T20:49:03Z","ESPN","Gavin Bartholomew","MIN","TE",1.576334847,2.1211157275,2.665896608,3.2181389815,NA,NA,NA,NA,NA,NA
"2026-09-29T20:49:03Z","ESPN","Cole Kmet","CHI","TE",1.5143285,2.107584825,2.70084115,3.301256375,NA,NA,NA,NA,NA,NA
"2026-09-29T20:49:03Z","ESPN","Jeremy Ruckert","NYJ","TE",1.3642940685,1.9943924485,2.6244908285,3.2614932315,NA,NA,NA,NA,NA,NA
"2026-09-29T20:49:03Z","ESPN","Mitchell Evans","CAR","TE",1.5088252402,1.9786173232,2.4484094062,2.9246359112,NA,NA,NA,NA,NA,NA
"2026-09-29T20:49:03Z","ESPN","Jaxon Smith-Njigba","SEA","WR",13.8217761791,17.3965918741,20.9714075691,21.0423642871,NA,NA,NA,NA,NA,NA
"2026-09-29T20:49:03Z","ESPN","Puka Nacua","LA","WR",13.3454085162,16.9279504207,20.5104923252,20.5651099322,NA,NA,NA,NA,NA,NA
"2026-09-29T20:49:03Z","ESPN","Ja'Marr Chase","CIN","WR",12.6758626897,16.5663174557,20.4567722217,20.5178480807,NA,NA,NA,NA,NA,NA
"2026-09-29T20:49:03Z","ESPN","Amon-Ra St. Brown","DET","WR",12.8206523496,16.4771269406,20.1336015316,20.1845733146,NA,NA,NA,NA,NA,NA
"2026-09-29T20:49:03Z","ESPN","Justin Jefferson","MIN","WR",12.2348618466,15.4361320031,18.6374021596,18.6769298036,NA,NA,NA,NA,NA,NA
"2026-09-29T20:49:03Z","ESPN","Chris Olave","NO","WR",11.882827418,15.070993533,18.259159648,18.302628331,NA,NA,NA,NA,NA,NA
"2026-09-29T20:49:03Z","ESPN","Drake London","ATL","WR",10.704354259,13.707595728,16.710837197,16.766345011,NA,NA,NA,NA,NA,NA
"2026-09-29T20:49:03Z","ESPN","CeeDee Lamb","DAL","WR",10.4118951034,13.6504423279,16.8889895524,16.9302649104,NA,NA,NA,NA,NA,NA
"2026-09-29T20:49:03Z","ESPN","Zay Flowers","BAL","WR",10.5664943562,12.9586808352,15.3508673142,15.4094447242,NA,NA,NA,NA,NA,NA
"2026-09-29T20:49:03Z","ESPN","Tetairoa McMillan","CAR","WR",10.516856489,12.7314723585,14.946088228,14.988865676,NA,NA,NA,NA,NA,NA
"2026-09-29T20:49:03Z","ESPN","Nico Collins","HOU","WR",9.9702315556,12.6282751471,15.2863187386,15.3276615026,NA,NA,NA,NA,NA,NA
"2026-09-29T20:49:03Z","ESPN","Parker Washington","JAX","WR",10.0253639972,12.5773472382,15.1293304792,15.1876606212,NA,NA,NA,NA,NA,NA
"2026-09-29T20:49:03Z","ESPN","DeVonta Smith","PHI","WR",9.472326071,12.5228713075,15.573416544,15.611586336,NA,NA,NA,NA,NA,NA
"2026-09-29T20:49:03Z","ESPN","Davante Adams","LA","WR",10.005123637,12.3395839505,14.674044264,14.699453933,NA,NA,NA,NA,NA,NA
"2026-09-29T20:49:03Z","ESPN","Garrett Wilson","NYJ","WR",9.0442714389,12.1898962534,15.3355210679,15.4041908419,NA,NA,NA,NA,NA,NA
"2026-09-29T20:49:03Z","ESPN","Rashee Rice","KC","WR",9.3695796844,12.1318354524,14.8940912204,14.9583149924,NA,NA,NA,NA,NA,NA
"2026-09-29T20:49:03Z","ESPN","Christian Watson","GB","WR",9.6831807753,12.0584030343,14.4336252933,14.4787593263,NA,NA,NA,NA,NA,NA
"2026-09-29T20:49:03Z","ESPN","Malik Nabers","NYG","WR",9.149686886,11.3778441285,13.606001371,13.643466619,NA,NA,NA,NA,NA,NA
"2026-09-29T20:49:03Z","ESPN","Tee Higgins","CIN","WR",8.897702944,11.293074853,13.688446762,13.717453508,NA,NA,NA,NA,NA,NA
"2026-09-29T20:49:03Z","ESPN","George Pickens","DAL","WR",8.742281777,11.238068601,13.733855425,13.78976105,NA,NA,NA,NA,NA,NA
"2026-09-29T20:49:03Z","ESPN","Jalen Coker","CAR","WR",8.671857323,11.194829307,13.717801291,13.766534936,NA,NA,NA,NA,NA,NA
"2026-09-29T20:49:03Z","ESPN","Josh Downs","IND","WR",8.56189426,11.102687526,13.643480792,13.683999643,NA,NA,NA,NA,NA,NA
"2026-09-29T20:49:03Z","ESPN","Terry McLaurin","WAS","WR",8.814769701,10.877191777,12.939613853,12.972758279,NA,NA,NA,NA,NA,NA
"2026-09-29T20:49:03Z","ESPN","Michael Wilson","ARI","WR",8.348928612,10.852735678,13.356542744,13.387225882,NA,NA,NA,NA,NA,NA
"2026-09-29T20:49:03Z","ESPN","DJ Moore","BUF","WR",8.69652072,10.826354388,12.956188056,12.992908597,NA,NA,NA,NA,NA,NA
"2026-09-29T20:49:03Z","ESPN","Matthew Golden","GB","WR",8.3442957243,10.5979603588,12.8516249933,12.9003572043,NA,NA,NA,NA,NA,NA
"2026-09-29T20:49:03Z","ESPN","Mike Evans","SF","WR",8.281121694,10.3353961505,12.389670607,12.419022365,NA,NA,NA,NA,NA,NA
"2026-09-29T20:49:03Z","ESPN","Luther Burden III","CHI","WR",7.7113678366,10.1469070961,12.5824463556,12.6257537626,NA,NA,NA,NA,NA,NA
"2026-09-29T20:49:03Z","ESPN","Jordan Addison","MIN","WR",7.7953627838,9.6634043963,11.5314460088,11.5589870568,NA,NA,NA,NA,NA,NA
"2026-09-29T20:49:03Z","ESPN","Carnell Tate","TEN","WR",7.367650046,9.6094141385,11.851178231,11.896936282,NA,NA,NA,NA,NA,NA
"2026-09-29T20:49:03Z","ESPN","Jaylen Waddle","DEN","WR",7.0728299995,9.4904181705,11.9080063415,11.9497944795,NA,NA,NA,NA,NA,NA
"2026-09-29T20:49:03Z","ESPN","Emeka Egbuka","TB","WR",7.7413724375,9.4679337505,11.1944950635,11.2236150955,NA,NA,NA,NA,NA,NA
"2026-09-29T20:49:03Z","ESPN","Stefon Diggs","WAS","WR",6.969215261,9.271194866,11.573174471,11.604418196,NA,NA,NA,NA,NA,NA
"2026-09-29T20:49:03Z","ESPN","Ladd McConkey","LAC","WR",6.717836713,9.2569706985,11.796104684,11.832682974,NA,NA,NA,NA,NA,NA
"2026-09-29T20:49:03Z","ESPN","Deebo Samuel Sr.","SF","WR",7.3011839944,8.9989180269,10.6966520594,10.7465191854,NA,NA,NA,NA,NA,NA
"2026-09-29T20:49:03Z","ESPN","Keenan Allen","IND","WR",6.613859623,8.9340566225,11.254253622,11.302515788,NA,NA,NA,NA,NA,NA
"2026-09-29T20:49:03Z","ESPN","Adonai Mitchell","NYJ","WR",7.1946635011,8.8479245171,10.5011855331,10.5393648581,NA,NA,NA,NA,NA,NA
"2026-09-29T20:49:03Z","ESPN","Jakobi Meyers","JAX","WR",6.8492028761,8.8201311576,10.7910594391,10.8247768891,NA,NA,NA,NA,NA,NA
"2026-09-29T20:49:03Z","ESPN","Jameson Williams","DET","WR",7.1025283492,8.7402614542,10.3779945592,10.3997275712,NA,NA,NA,NA,NA,NA
"2026-09-29T20:49:03Z","ESPN","Devaughn Vele","NO","WR",6.834559228,8.7303245685,10.626089909,10.657046432,NA,NA,NA,NA,NA,NA
"2026-09-29T20:49:03Z","ESPN","Courtland Sutton","DEN","WR",6.746296451,8.648823624,10.551350797,10.57801125,NA,NA,NA,NA,NA,NA
"2026-09-29T20:49:03Z","ESPN","Denzel Boston","CLE","WR",6.639986404,8.599526151,10.559065898,10.599063291,NA,NA,NA,NA,NA,NA
"2026-09-29T20:49:03Z","ESPN","DK Metcalf","PIT","WR",6.934333316,8.541702262,10.149071208,10.172754367,NA,NA,NA,NA,NA,NA
"2026-09-29T20:49:03Z","ESPN","Rome Odunze","CHI","WR",6.890480251,8.442320372,9.994160493,10.026265176,NA,NA,NA,NA,NA,NA
"2026-09-29T20:49:03Z","ESPN","Xavier Worthy","KC","WR",6.7106217404,8.2631238984,9.8156260564,9.8336113114,NA,NA,NA,NA,NA,NA
"2026-09-29T20:49:03Z","ESPN","Dontayvion Wicks","PHI","WR",6.474526264,8.1681909155,9.861855567,9.899793655,NA,NA,NA,NA,NA,NA
"2026-09-29T20:49:03Z","ESPN","Romeo Doubs","NE","WR",6.357172264,8.0647299465,9.772287629,9.806077249,NA,NA,NA,NA,NA,NA
"2026-09-29T20:49:03Z","ESPN","Tre Tucker","LV","WR",6.2496120814,8.0474806989,9.8453493164,9.8647408184,NA,NA,NA,NA,NA,NA
"2026-09-29T20:49:03Z","ESPN","Malik Washington","MIA","WR",6.1304572628,7.9702515353,9.8100458078,9.8551174568,NA,NA,NA,NA,NA,NA
"2026-09-29T20:49:03Z","ESPN","Khalil Shakir","BUF","WR",6.0647289456,7.9121774906,9.7596260356,9.7913145386,NA,NA,NA,NA,NA,NA
"2026-09-29T20:49:03Z","ESPN","Mack Hollins","NE","WR",6.010459655,7.8485630865,9.686666518,9.716569325,NA,NA,NA,NA,NA,NA
"2026-09-29T20:49:03Z","ESPN","Ryan Flournoy","DAL","WR",5.924920127,7.738571199,9.552222271,9.590384452,NA,NA,NA,NA,NA,NA
"2026-09-29T20:49:03Z","ESPN","Kalif Raymond","CHI","WR",5.4336021329,7.7005453834,9.9674886339,10.0177137079,NA,NA,NA,NA,NA,NA
"2026-09-29T20:49:03Z","ESPN","Michael Pittman Jr.","PIT","WR",5.485105462,7.6323300265,9.779554591,9.811024624,NA,NA,NA,NA,NA,NA
"2026-09-29T20:49:03Z","ESPN","KC Concepcion","CLE","WR",5.5986956017,7.4717590302,9.3448224587,9.3912578587,NA,NA,NA,NA,NA,NA
"2026-09-29T20:49:03Z","ESPN","DeMario Douglas","NE","WR",5.7571533358,7.4353991583,9.1136449808,9.1528863848,NA,NA,NA,NA,NA,NA
"2026-09-29T20:49:03Z","ESPN","Quentin Johnston","LAC","WR",5.5448505205,7.0476380035,8.5504254865,8.5765875495,NA,NA,NA,NA,NA,NA
"2026-09-29T20:49:03Z","ESPN","Wan'Dale Robinson","TEN","WR",4.734038603,6.943143971,9.152249339,9.18397384,NA,NA,NA,NA,NA,NA
"2026-09-29T20:49:03Z","ESPN","Brian Thomas Jr.","JAX","WR",5.6191722065,6.9202966185,8.2214210305,8.2352311835,NA,NA,NA,NA,NA,NA
"2026-09-29T20:49:03Z","ESPN","Rashid Shaheed","SEA","WR",5.6571303316,6.7968153471,7.9365003626,7.9673328836,NA,NA,NA,NA,NA,NA
"2026-09-29T20:49:03Z","ESPN","Rashod Bateman","BAL","WR",5.508519673,6.7107647625,7.913009852,7.932592186,NA,NA,NA,NA,NA,NA
"2026-09-29T20:49:03Z","ESPN","Malachi Fields","NYG","WR",5.245247604,6.5190647635,7.792881923,7.818882603,NA,NA,NA,NA,NA,NA
"2026-09-29T20:49:03Z","ESPN","Xavier Hutchinson","HOU","WR",5.1739907475,6.4411693935,7.7083480395,7.7298766095,NA,NA,NA,NA,NA,NA
"2026-09-29T20:49:03Z","ESPN","Roman Wilson","PIT","WR",4.771857826,6.3172904255,7.862723025,7.894267817,NA,NA,NA,NA,NA,NA
"2026-09-29T20:49:03Z","ESPN","Caleb Douglas","MIA","WR",4.75411249,6.2404489135,7.726785337,7.75712388,NA,NA,NA,NA,NA,NA
"2026-09-29T20:49:03Z","ESPN","Makai Lemon","PHI","WR",4.9627701438,6.2358540278,7.5089379118,7.5370581138,NA,NA,NA,NA,NA,NA
"2026-09-29T20:49:03Z","ESPN","Tre' Harris","LAC","WR",4.451460526,6.118797571,7.786134616,7.820167676,NA,NA,NA,NA,NA,NA
"2026-09-29T20:49:03Z","ESPN","Jalen Nailor","LV","WR",4.8559079379,6.1162734509,7.3766389639,7.4018692219,NA,NA,NA,NA,NA,NA
"2026-09-29T20:49:03Z","ESPN","Chris Godwin Jr.","TB","WR",4.4092754144,5.7271838864,7.0450923584,7.0736702164,NA,NA,NA,NA,NA,NA
"2026-09-29T20:49:03Z","ESPN","Xavier Legette","CAR","WR",4.4814698189,5.5076737554,6.5338776919,6.5549376889,NA,NA,NA,NA,NA,NA
"2026-09-29T20:49:03Z","ESPN","Cooper Kupp","SEA","WR",4.202376311,5.3416516225,6.480926934,6.500642859,NA,NA,NA,NA,NA,NA
"2026-09-29T20:49:03Z","ESPN","Marvin Harrison Jr.","ARI","WR",4.247304961,5.302526507,6.357748053,6.376267481,NA,NA,NA,NA,NA,NA
"2026-09-29T20:49:03Z","ESPN","Isaac TeSlaa","DET","WR",4.297955317,5.3002892935,6.30262327,6.323082536,NA,NA,NA,NA,NA,NA
"2026-09-29T20:49:03Z","ESPN","Ted Hurst III","TB","WR",4.123140532,5.201904112,6.280667692,6.302687011,NA,NA,NA,NA,NA,NA
"2026-09-29T20:49:03Z","ESPN","Darnell Mooney","NYG","WR",4.2199035937,5.1525749082,6.0852462227,6.1029554487,NA,NA,NA,NA,NA,NA
"2026-09-29T20:49:03Z","ESPN","Chris Bell","MIA","WR",3.909474177,5.1480878635,6.38670155,6.41198367,NA,NA,NA,NA,NA,NA
"2026-09-29T20:49:03Z","ESPN","Elic Ayomanor","TEN","WR",4.01089871,5.0640594135,6.117220117,6.13871684,NA,NA,NA,NA,NA,NA
"2026-09-29T20:49:03Z","ESPN","Jahan Dotson","ATL","WR",3.93200957,5.0356000105,6.139190451,6.154958704,NA,NA,NA,NA,NA,NA
"2026-09-29T20:49:03Z","ESPN","Keon Coleman","BUF","WR",4.073028198,5.0310078795,5.988987561,6.007570254,NA,NA,NA,NA,NA,NA
"2026-09-29T20:49:03Z","ESPN","Skyy Moore","GB","WR",3.76547852,4.9854917845,6.205505049,6.232833346,NA,NA,NA,NA,NA,NA
"2026-09-29T20:49:03Z","ESPN","Antonio Williams","WAS","WR",3.685279634,4.632912744,5.580545854,5.599888587,NA,NA,NA,NA,NA,NA
"2026-09-29T20:49:03Z","ESPN","Chris Moore","BAL","WR",3.862486307,4.6308552925,5.399224278,5.412593322,NA,NA,NA,NA,NA,NA
"2026-09-29T20:49:03Z","ESPN","Jauan Jennings","MIN","WR",3.418585569,4.468861208,5.519136847,5.539824482,NA,NA,NA,NA,NA,NA
"2026-09-29T20:49:03Z","ESPN","Tyquan Thornton","KC","WR",3.478387962,4.3103972265,5.142406491,5.155992621,NA,NA,NA,NA,NA,NA
"2026-09-29T20:49:03Z","ESPN","Kendrick Bourne","ARI","WR",3.092608861,4.256317366,5.420025871,5.443698253,NA,NA,NA,NA,NA,NA
"2026-09-29T20:49:03Z","ESPN","Kayshon Boutte","HOU","WR",3.349741564,4.251778131,5.153814698,5.168544325,NA,NA,NA,NA,NA,NA
"2026-09-29T20:49:03Z","ESPN","Dohnte Meyers","CIN","WR",3.2561419815,4.1721525835,5.0881631855,5.1086969245,NA,NA,NA,NA,NA,NA
"2026-09-29T20:49:03Z","ESPN","Pat Bryant","DEN","WR",3.073244245,4.166520635,5.259797025,5.283083186,NA,NA,NA,NA,NA,NA
"2026-09-29T20:49:03Z","ESPN","Isaiah Williams","NYJ","WR",2.9845457047,4.1186344367,5.2527231687,5.2769162907,NA,NA,NA,NA,NA,NA
"2026-09-29T20:49:03Z","ESPN","Kyle Williams","NE","WR",3.2915438894,4.1180513159,4.9445587424,4.9634134244,NA,NA,NA,NA,NA,NA
"2026-09-29T20:49:03Z","ESPN","Laquon Treadwell","IND","WR",3.098037326,4.053786078,5.00953483,5.029043216,NA,NA,NA,NA,NA,NA
"2026-09-29T20:49:03Z","ESPN","Tez Johnson","TB","WR",3.224330046,3.920101691,4.615873336,4.633549513,NA,NA,NA,NA,NA,NA
"2026-09-29T20:49:03Z","ESPN","Jared Wayne","HOU","WR",3.09094269,3.9002606855,4.709578681,4.726098177,NA,NA,NA,NA,NA,NA
"2026-09-29T20:49:03Z","ESPN","Jerry Jeudy","CLE","WR",2.863143998,3.7258435965,4.588543195,4.603978692,NA,NA,NA,NA,NA,NA
"2026-09-29T20:49:03Z","ESPN","Josh Cameron","JAX","WR",2.880048326,3.623875166,4.367702006,4.382884721,NA,NA,NA,NA,NA,NA
"2026-09-29T20:49:03Z","ESPN","Treylon Burks","WAS","WR",2.903348954,3.623836451,4.344323948,4.356089005,NA,NA,NA,NA,NA,NA
"2026-09-29T20:49:03Z","ESPN","Bryce Lance","NO","WR",2.62340535,3.2875567005,3.951708051,3.96526446,NA,NA,NA,NA,NA,NA
"2026-09-29T20:49:03Z","ESPN","Dareke Young","LV","WR",2.317892574,3.055223616,3.792554658,3.807604784,NA,NA,NA,NA,NA,NA
"2026-09-29T20:49:03Z","ESPN","Olamide Zaccheaus","ATL","WR",2.186727065,2.9874406665,3.788154268,3.805475625,NA,NA,NA,NA,NA,NA
"2026-09-29T20:49:03Z","ESPN","Jaylin Noel","HOU","WR",2.2997047081,2.9152274021,3.5307500961,3.5474960591,NA,NA,NA,NA,NA,NA
"2026-09-29T20:49:03Z","ESPN","Malik Benson","LV","WR",2.0865875142,2.6963311762,3.3060748382,3.3195634882,NA,NA,NA,NA,NA,NA
"2026-09-29T20:49:03Z","ESPN","Troy Franklin","DEN","WR",1.9803348413,2.4822378003,2.9841407593,2.9933166173,NA,NA,NA,NA,NA,NA
"2026-09-29T20:49:03Z","ESPN","Jacob Cowing","SF","WR",1.778188965,2.2273504315,2.676511898,2.685680014,NA,NA,NA,NA,NA,NA
"2026-09-29T20:49:03Z","ESPN","Kevin Coleman Jr.","MIA","WR",1.589851087,2.179559816,2.769268545,2.781305459,NA,NA,NA,NA,NA,NA
"2026-09-29T20:49:03Z","ESPN","Marvin Mims Jr.","DEN","WR",1.6711135809,2.1494575934,2.6278016059,2.6417119999,NA,NA,NA,NA,NA,NA
"2026-09-29T20:49:03Z","ESPN","Zachariah Branch","ATL","WR",1.639466571,2.1151656075,2.590864644,2.600574435,NA,NA,NA,NA,NA,NA
"2026-09-29T20:49:03Z","ESPN","Joshua Palmer","BUF","WR",1.675913747,2.0985428945,2.521172042,2.52856951,NA,NA,NA,NA,NA,NA
"2026-09-29T20:49:03Z","ESPN","Calvin Ridley","TEN","WR",1.538732586,1.9666601185,2.394587651,2.402104706,NA,NA,NA,NA,NA,NA
"2026-09-29T20:49:03Z","ESPN","Ashton Dulin","IND","WR",1.5383063344,1.9090798829,2.2798534314,2.2896575754,NA,NA,NA,NA,NA,NA
"2026-09-29T20:49:03Z","ESPN","Dyami Brown","WAS","WR",1.5110561641,1.8869101006,2.2627640371,2.2711831651,NA,NA,NA,NA,NA,NA
"2026-09-29T20:49:03Z","Sleeper","Josh Allen","BUF","QB",22.6118,22.6118,22.6118,25.535,NA,NA,NA,NA,NA,NA
"2026-09-29T20:49:03Z","Sleeper","Lamar Jackson","BAL","QB",21.7912,21.7912,21.7912,24.6785,NA,NA,NA,NA,NA,NA
"2026-09-29T20:49:03Z","Sleeper","Patrick Mahomes","KC","QB",20.8028,20.8028,20.8028,23.875,NA,NA,NA,NA,NA,NA
"2026-09-29T20:49:03Z","Sleeper","Trevor Lawrence","JAX","QB",19.0778,19.0778,19.0778,23.0525,NA,NA,NA,NA,NA,NA
"2026-09-29T20:49:03Z","Sleeper","Brock Purdy","SF","QB",18.722,18.722,18.722,21.9675,NA,NA,NA,NA,NA,NA
"2026-09-29T20:49:03Z","Sleeper","Kyler Murray","MIN","QB",18.4212,18.4212,18.4212,21.1845,NA,NA,NA,NA,NA,NA
"2026-09-29T20:49:03Z","Sleeper","Bryce Young","CAR","QB",18.01,18.01,18.01,20.9785,NA,NA,NA,NA,NA,NA
"2026-09-29T20:49:03Z","Sleeper","C.J. Stroud","HOU","QB",17.9472,17.9472,17.9472,21.087,NA,NA,NA,NA,NA,NA
"2026-09-29T20:49:03Z","Sleeper","Joe Burrow","CIN","QB",17.7216,17.7216,17.7216,21.448,NA,NA,NA,NA,NA,NA
"2026-09-29T20:49:03Z","Sleeper","Bo Nix","DEN","QB",17.589,17.589,17.589,20.403,NA,NA,NA,NA,NA,NA
"2026-09-29T20:49:03Z","Sleeper","Drake Maye","NE","QB",17.5624,17.5624,17.5624,20.82,NA,NA,NA,NA,NA,NA
"2026-09-29T20:49:03Z","Sleeper","Tyler Shough","NO","QB",17.4698,17.4698,17.4698,21.3415,NA,NA,NA,NA,NA,NA
"2026-09-29T20:49:03Z","Sleeper","Dak Prescott","DAL","QB",17.4002,17.4002,17.4002,21.3065,NA,NA,NA,NA,NA,NA
"2026-09-29T20:49:03Z","Sleeper","Jordan Love","GB","QB",16.6628,16.6628,16.6628,20.0615,NA,NA,NA,NA,NA,NA
"2026-09-29T20:49:03Z","Sleeper","Daniel Jones","IND","QB",16.1742,16.1742,16.1742,18.918,NA,NA,NA,NA,NA,NA
"2026-09-29T20:49:03Z","Sleeper","Jared Goff","DET","QB",16.1284,16.1284,16.1284,19.488,NA,NA,NA,NA,NA,NA
"2026-09-29T20:49:03Z","Sleeper","Jalen Hurts","PHI","QB",16.0982,16.0982,16.0982,18.929,NA,NA,NA,NA,NA,NA
"2026-09-29T20:49:03Z","Sleeper","Marcus Mariota","WAS","QB",15.998,15.998,15.998,19.0675,NA,NA,NA,NA,NA,NA
"2026-09-29T20:49:03Z","Sleeper","Matthew Stafford","LA","QB",15.8602,15.8602,15.8602,19.105,NA,NA,NA,NA,NA,NA
"2026-09-29T20:49:03Z","Sleeper","Sam Darnold","SEA","QB",15.5112,15.5112,15.5112,19.3845,NA,NA,NA,NA,NA,NA
"2026-09-29T20:49:03Z","Sleeper","Jacoby Brissett","ARI","QB",15.2174,15.2174,15.2174,17.814,NA,NA,NA,NA,NA,NA
"2026-09-29T20:49:03Z","Sleeper","Deshaun Watson","CLE","QB",14.9966,14.9966,14.9966,18.369,NA,NA,NA,NA,NA,NA
"2026-09-29T20:49:03Z","Sleeper","Jameis Winston","NYG","QB",14.698,14.698,14.698,17.5895,NA,NA,NA,NA,NA,NA
"2026-09-29T20:49:03Z","Sleeper","Kirk Cousins","LV","QB",14.5332,14.5332,14.5332,17.1975,NA,NA,NA,NA,NA,NA
"2026-09-29T20:49:03Z","Sleeper","Michael Penix","ATL","QB",14.2908,14.2908,14.2908,16.976,NA,NA,NA,NA,NA,NA
"2026-09-29T20:49:03Z","Sleeper","Case Keenum","CHI","QB",14.158,14.158,14.158,16.485,NA,NA,NA,NA,NA,NA
"2026-09-29T20:49:03Z","Sleeper","Geno Smith","NYJ","QB",13.7532,13.7532,13.7532,17.5995,NA,NA,NA,NA,NA,NA
"2026-09-29T20:49:03Z","Sleeper","Justin Herbert","LAC","QB",13.3494,13.3494,13.3494,16.47,NA,NA,NA,NA,NA,NA
"2026-09-29T20:49:03Z","Sleeper","Aaron Rodgers","PIT","QB",13.21,13.21,13.21,15.62,NA,NA,NA,NA,NA,NA
"2026-09-29T20:49:03Z","Sleeper","Cam Ward","TEN","QB",12.989,12.989,12.989,15.563,NA,NA,NA,NA,NA,NA
"2026-09-29T20:49:03Z","Sleeper","Malik Willis","MIA","QB",12.1904,12.1904,12.1904,14.7085,NA,NA,NA,NA,NA,NA
"2026-09-29T20:49:03Z","Sleeper","Jalon Daniels","TB","QB",11.8406,11.8406,11.8406,15.1195,NA,NA,NA,NA,NA,NA
"2026-09-29T20:49:03Z","Sleeper","Kinkead Dent",NA,"QB",0,0,0,0,NA,NA,NA,NA,NA,NA
"2026-09-29T20:49:03Z","Sleeper","Brett Gabbert",NA,"QB",0,0,0,0,NA,NA,NA,NA,NA,NA
"2026-09-29T20:49:03Z","Sleeper","Behren Morton","NE","QB",0,0,0,0,NA,NA,NA,NA,NA,NA
"2026-09-29T20:49:03Z","Sleeper","AJ McCarron",NA,"QB",0,0,0,0,NA,NA,NA,NA,NA,NA
"2026-09-29T20:49:03Z","Sleeper","Joe Flacco","CIN","QB",0,0,0,0,NA,NA,NA,NA,NA,NA
"2026-09-29T20:49:03Z","Sleeper","Ryan Griffin",NA,"QB",0,0,0,0,NA,NA,NA,NA,NA,NA
"2026-09-29T20:49:03Z","Sleeper","Steven Montez",NA,"QB",0,0,0,0,NA,NA,NA,NA,NA,NA
"2026-09-29T20:49:03Z","Sleeper","Max Duggan",NA,"QB",0,0,0,0,NA,NA,NA,NA,NA,NA
"2026-09-29T20:49:03Z","Sleeper","Jahmyr Gibbs","DET","RB",20.081,22.446,24.811,24.921,NA,NA,NA,NA,NA,NA
"2026-09-29T20:49:03Z","Sleeper","Jonathan Taylor","IND","RB",18.817,20.177,21.537,21.637,NA,NA,NA,NA,NA,NA
"2026-09-29T20:49:03Z","Sleeper","Bijan Robinson","ATL","RB",17.857,19.992,22.127,22.217,NA,NA,NA,NA,NA,NA
"2026-09-29T20:49:03Z","Sleeper","Derrick Henry","BAL","RB",19.128,19.758,20.388,20.478,NA,NA,NA,NA,NA,NA
"2026-09-29T20:49:03Z","Sleeper","Kenneth Walker","KC","RB",15.787,17.817,19.847,19.937,NA,NA,NA,NA,NA,NA
"2026-09-29T20:49:03Z","Sleeper","Christian McCaffrey","SF","RB",14.287,16.382,18.477,18.557,NA,NA,NA,NA,NA,NA
"2026-09-29T20:49:03Z","Sleeper","James Cook","BUF","RB",15.36,16.23,17.1,17.18,NA,NA,NA,NA,NA,NA
"2026-09-29T20:49:03Z","Sleeper","Chase Brown","CIN","RB",13.835,15.755,17.675,17.755,NA,NA,NA,NA,NA,NA
"2026-09-29T20:49:03Z","Sleeper","D'Andre Swift","CHI","RB",14.466,15.526,16.586,16.656,NA,NA,NA,NA,NA,NA
"2026-09-29T20:49:03Z","Sleeper","Chuba Hubbard","CAR","RB",13.044,14.689,16.334,16.404,NA,NA,NA,NA,NA,NA
"2026-09-29T20:49:03Z","Sleeper","Cam Skattebo","NYG","RB",13.544,14.559,15.574,15.654,NA,NA,NA,NA,NA,NA
"2026-09-29T20:49:03Z","Sleeper","Jeremiyah Love","ARI","RB",13.059,14.414,15.769,15.839,NA,NA,NA,NA,NA,NA
"2026-09-29T20:49:03Z","Sleeper","David Montgomery","HOU","RB",12.768,13.833,14.898,14.968,NA,NA,NA,NA,NA,NA
"2026-09-29T20:49:03Z","Sleeper","Ashton Jeanty","LV","RB",11.997,13.772,15.547,15.627,NA,NA,NA,NA,NA,NA
"2026-09-29T20:49:03Z","Sleeper","Saquon Barkley","PHI","RB",12.759,13.714,14.669,14.739,NA,NA,NA,NA,NA,NA
"2026-09-29T20:49:03Z","Sleeper","Javonte Williams","DAL","RB",12.404,13.699,14.994,15.074,NA,NA,NA,NA,NA,NA
"2026-09-29T20:49:03Z","Sleeper","Jaylen Warren","PIT","RB",11.987,13.382,14.777,14.837,NA,NA,NA,NA,NA,NA
"2026-09-29T20:49:03Z","Sleeper","Aaron Jones","MIN","RB",11.91,12.99,14.07,14.15,NA,NA,NA,NA,NA,NA
"2026-09-29T20:49:03Z","Sleeper","Bucky Irving","TB","RB",11.323,12.778,14.233,14.303,NA,NA,NA,NA,NA,NA
"2026-09-29T20:49:03Z","Sleeper","Kyren Williams","LA","RB",11.659,12.639,13.619,13.689,NA,NA,NA,NA,NA,NA
"2026-09-29T20:49:03Z","Sleeper","Braelon Allen","NYJ","RB",11.512,12.392,13.272,13.332,NA,NA,NA,NA,NA,NA
"2026-09-29T20:49:03Z","Sleeper","Jacory Croskey-Merritt","WAS","RB",11.417,11.977,12.537,12.597,NA,NA,NA,NA,NA,NA
"2026-09-29T20:49:03Z","Sleeper","Bhayshul Tuten","JAX","RB",11.049,11.914,12.779,12.829,NA,NA,NA,NA,NA,NA
"2026-09-29T20:49:03Z","Sleeper","Rhamondre Stevenson","NE","RB",10.072,11.312,12.552,12.602,NA,NA,NA,NA,NA,NA
"2026-09-29T20:49:03Z","Sleeper","RJ Harvey","DEN","RB",8.145,9.61,11.075,11.115,NA,NA,NA,NA,NA,NA
"2026-09-29T20:49:03Z","Sleeper","Rico Dowdle","PIT","RB",7.981,8.926,9.871,9.921,NA,NA,NA,NA,NA,NA
"2026-09-29T20:49:03Z","Sleeper","TreVeyon Henderson","NE","RB",8.174,8.839,9.504,9.544,NA,NA,NA,NA,NA,NA
"2026-09-29T20:49:03Z","Sleeper","Tony Pollard","TEN","RB",7.866,8.726,9.586,9.636,NA,NA,NA,NA,NA,NA
"2026-09-29T20:49:03Z","Sleeper","Omarion Hampton","LAC","RB",7.802,8.622,9.442,9.492,NA,NA,NA,NA,NA,NA
"2026-09-29T20:49:03Z","Sleeper","Alvin Kamara","NO","RB",7.378,8.578,9.778,9.828,NA,NA,NA,NA,NA,NA
"2026-09-29T20:49:03Z","Sleeper","Kyle Monangai","CHI","RB",8.022,8.567,9.112,9.162,NA,NA,NA,NA,NA,NA
"2026-09-29T20:49:03Z","Sleeper","Woody Marks","HOU","RB",7.042,7.842,8.642,8.692,NA,NA,NA,NA,NA,NA
"2026-09-29T20:49:03Z","Sleeper","Jadarian Price","SEA","RB",7.078,7.593,8.108,8.158,NA,NA,NA,NA,NA,NA
"2026-09-29T20:49:03Z","Sleeper","Quinshon Judkins","CLE","RB",6.475,7.54,8.605,8.675,NA,NA,NA,NA,NA,NA
"2026-09-29T20:49:03Z","Sleeper","Rachaad White","WAS","RB",6.338,7.468,8.598,8.628,NA,NA,NA,NA,NA,NA
"2026-09-29T20:49:03Z","Sleeper","J.K. Dobbins","DEN","RB",6.711,7.281,7.851,7.901,NA,NA,NA,NA,NA,NA
"2026-09-29T20:49:03Z","Sleeper","MarShawn Lloyd","GB","RB",6.432,7.202,7.972,8.012,NA,NA,NA,NA,NA,NA
"2026-09-29T20:49:03Z","Sleeper","Ollie Gordon","MIA","RB",6.495,7.16,7.825,7.865,NA,NA,NA,NA,NA,NA
"2026-09-29T20:49:03Z","Sleeper","Tyjae Spears","TEN","RB",5.744,6.944,8.144,8.174,NA,NA,NA,NA,NA,NA
"2026-09-29T20:49:03Z","Sleeper","Blake Corum","LA","RB",6.517,6.847,7.177,7.227,NA,NA,NA,NA,NA,NA
"2026-09-29T20:49:03Z","Sleeper","Kenny Gainwell","TB","RB",5.77,6.64,7.51,7.54,NA,NA,NA,NA,NA,NA
"2026-09-29T20:49:03Z","Sleeper","Tyler Allgeier","ARI","RB",5.391,6.576,7.761,7.801,NA,NA,NA,NA,NA,NA
"2026-09-29T20:49:03Z","Sleeper","Kendre Miller","NO","RB",5.948,6.508,7.068,7.108,NA,NA,NA,NA,NA,NA
"2026-09-29T20:49:03Z","Sleeper","Isaiah Davis","NYJ","RB",5.406,6.136,6.866,6.886,NA,NA,NA,NA,NA,NA
"2026-09-29T20:49:03Z","Sleeper","Emanuel Wilson","SEA","RB",5.302,5.697,6.092,6.132,NA,NA,NA,NA,NA,NA
"2026-09-29T20:49:03Z","Sleeper","Samaje Perine","CIN","RB",4.624,5.459,6.294,6.324,NA,NA,NA,NA,NA,NA
"2026-09-29T20:49:03Z","Sleeper","Justice Hill","BAL","RB",4.441,5.316,6.191,6.211,NA,NA,NA,NA,NA,NA
"2026-09-29T20:49:03Z","Sleeper","Chris Rodriguez","JAX","RB",4.996,5.241,5.486,5.506,NA,NA,NA,NA,NA,NA
"2026-09-29T20:49:03Z","Sleeper","Kaleb Johnson","GB","RB",4.564,5.139,5.714,5.744,NA,NA,NA,NA,NA,NA
"2026-09-29T20:49:03Z","Sleeper","Chris Brooks","GB","RB",4.394,5.119,5.844,5.874,NA,NA,NA,NA,NA,NA
"2026-09-29T20:49:03Z","Sleeper","Kaelon Black","SF","RB",4.553,4.923,5.293,5.323,NA,NA,NA,NA,NA,NA
"2026-09-29T20:49:03Z","Sleeper","Najee Harris","NYG","RB",4.33,4.675,5.02,5.05,NA,NA,NA,NA,NA,NA
"2026-09-29T20:49:03Z","Sleeper","Raheim Sanders","CLE","RB",3.581,4.451,5.321,5.341,NA,NA,NA,NA,NA,NA
"2026-09-29T20:49:03Z","Sleeper","George Holani","SEA","RB",3.641,4.411,5.181,5.201,NA,NA,NA,NA,NA,NA
"2026-09-29T20:49:03Z","Sleeper","Ty Johnson","BUF","RB",3.576,4.301,5.026,5.046,NA,NA,NA,NA,NA,NA
"2026-09-29T20:49:03Z","Sleeper","Mike Washington","LV","RB",3.891,4.161,4.431,4.451,NA,NA,NA,NA,NA,NA
"2026-09-29T20:49:03Z","Sleeper","Keaton Mitchell","LAC","RB",3.468,4.053,4.638,4.658,NA,NA,NA,NA,NA,NA
"2026-09-29T20:49:03Z","Sleeper","Emmett Johnson","KC","RB",3.38,3.965,4.55,4.57,NA,NA,NA,NA,NA,NA
"2026-09-29T20:49:03Z","Sleeper","Sione Vaki","DET","RB",3.507,3.927,4.347,4.367,NA,NA,NA,NA,NA,NA
"2026-09-29T20:49:03Z","Sleeper","AJ Dillon","CAR","RB",3.463,3.918,4.373,4.373,NA,NA,NA,NA,NA,NA
"2026-09-29T20:49:03Z","Sleeper","Brian Robinson","ATL","RB",3.547,3.882,4.217,4.237,NA,NA,NA,NA,NA,NA
"2026-09-29T20:49:03Z","Sleeper","CJ Donaldson","NO","RB",3.126,3.586,4.046,4.046,NA,NA,NA,NA,NA,NA
"2026-09-29T20:49:03Z","Sleeper","Jaylen Wright","MIA","RB",2.918,3.383,3.848,3.868,NA,NA,NA,NA,NA,NA
"2026-09-29T20:49:03Z","Sleeper","Tank Bigsby","PHI","RB",3.007,3.182,3.357,3.377,NA,NA,NA,NA,NA,NA
"2026-09-29T20:49:03Z","Sleeper","DeeJay Dallas","MIN","RB",2.413,2.948,3.483,3.493,NA,NA,NA,NA,NA,NA
"2026-09-29T20:49:03Z","Sleeper","Tyler Goodson","DAL","RB",2.434,2.944,3.454,3.474,NA,NA,NA,NA,NA,NA
"2026-09-29T20:49:03Z","Sleeper","Tyler Badie","DEN","RB",1.997,2.577,3.157,3.167,NA,NA,NA,NA,NA,NA
"2026-09-29T20:49:03Z","Sleeper","Ameer Abdullah","JAX","RB",2.139,2.519,2.899,2.909,NA,NA,NA,NA,NA,NA
"2026-09-29T20:49:03Z","Sleeper","Seth McGowan","IND","RB",2.295,2.485,2.675,2.685,NA,NA,NA,NA,NA,NA
"2026-09-29T20:49:03Z","Sleeper","Demond Claiborne","MIN","RB",2.194,2.369,2.544,2.554,NA,NA,NA,NA,NA,NA
"2026-09-29T20:49:03Z","Sleeper","Will Shipley","PHI","RB",1.291,1.666,2.041,2.051,NA,NA,NA,NA,NA,NA
"2026-09-29T20:49:03Z","Sleeper","LeQuint Allen","JAX","RB",1.174,1.534,1.894,1.904,NA,NA,NA,NA,NA,NA
"2026-09-29T20:49:03Z","Sleeper","Kimani Vidal","LAC","RB",1.07,1.38,1.69,1.7,NA,NA,NA,NA,NA,NA
"2026-09-29T20:49:03Z","Sleeper","Kyle Juszczyk","SF","RB",1.011,1.321,1.631,1.631,NA,NA,NA,NA,NA,NA
"2026-09-29T20:49:03Z","Sleeper","Devin Singletary","NYG","RB",0.92,1.04,1.16,1.16,NA,NA,NA,NA,NA,NA
"2026-09-29T20:49:03Z","Sleeper","Kaytron Allen","WAS","RB",0.942,1.027,1.112,1.122,NA,NA,NA,NA,NA,NA
"2026-09-29T20:49:03Z","Sleeper","Ray Davis","BUF","RB",0.958,1.013,1.068,1.078,NA,NA,NA,NA,NA,NA
"2026-09-29T20:49:03Z","Sleeper","Alec Ingold","LAC","RB",0.738,1.013,1.288,1.288,NA,NA,NA,NA,NA,NA
"2026-09-29T20:49:03Z","Sleeper","Hunter Luepke","DAL","RB",0.671,0.816,0.961,0.961,NA,NA,NA,NA,NA,NA
"2026-09-29T20:49:03Z","Sleeper","Nicholas Singleton","TEN","RB",0.734,0.784,0.834,0.834,NA,NA,NA,NA,NA,NA
"2026-09-29T20:49:03Z","Sleeper","Trey McBride","ARI","TE",10.155,13.785,17.415,21.075,NA,NA,NA,NA,NA,NA
"2026-09-29T20:49:03Z","Sleeper","Brock Bowers","LV","TE",9.07,12.205,15.34,18.495,NA,NA,NA,NA,NA,NA
"2026-09-29T20:49:03Z","Sleeper","Harold Fannin","CLE","TE",7.766,9.996,12.226,14.476,NA,NA,NA,NA,NA,NA
"2026-09-29T20:49:03Z","Sleeper","Dalton Kincaid","BUF","TE",7.449,9.804,12.159,14.534,NA,NA,NA,NA,NA,NA
"2026-09-29T20:49:03Z","Sleeper","Tyler Warren","IND","TE",7.221,9.581,11.941,14.321,NA,NA,NA,NA,NA,NA
"2026-09-29T20:49:03Z","Sleeper","Juwan Johnson","NO","TE",7.457,9.567,11.677,13.807,NA,NA,NA,NA,NA,NA
"2026-09-29T20:49:03Z","Sleeper","Travis Kelce","KC","TE",7.246,9.506,11.766,14.046,NA,NA,NA,NA,NA,NA
"2026-09-29T20:49:03Z","Sleeper","George Kittle","SF","TE",7.276,9.346,11.416,13.506,NA,NA,NA,NA,NA,NA
"2026-09-29T20:49:03Z","Sleeper","Isaiah Likely","NYG","TE",7.263,9.308,11.353,13.418,NA,NA,NA,NA,NA,NA
"2026-09-29T20:49:03Z","Sleeper","Tucker Kraft","GB","TE",6.672,8.637,10.602,12.577,NA,NA,NA,NA,NA,NA
"2026-09-29T20:49:03Z","Sleeper","Colston Loveland","CHI","TE",6.769,8.524,10.279,12.044,NA,NA,NA,NA,NA,NA
"2026-09-29T20:49:03Z","Sleeper","Sam LaPorta","DET","TE",6.19,8.365,10.54,12.735,NA,NA,NA,NA,NA,NA
"2026-09-29T20:49:03Z","Sleeper","Dalton Schultz","HOU","TE",6.127,8.317,10.507,12.717,NA,NA,NA,NA,NA,NA
"2026-09-29T20:49:03Z","Sleeper","Brenton Strange","JAX","TE",6.045,7.85,9.655,11.47,NA,NA,NA,NA,NA,NA
"2026-09-29T20:49:03Z","Sleeper","Kenyon Sadiq","NYJ","TE",5.833,7.683,9.533,11.393,NA,NA,NA,NA,NA,NA
"2026-09-29T20:49:03Z","Sleeper","AJ Barner","SEA","TE",5.988,7.608,9.228,10.868,NA,NA,NA,NA,NA,NA
"2026-09-29T20:49:03Z","Sleeper","Hunter Henry","NE","TE",5.592,7.572,9.552,11.552,NA,NA,NA,NA,NA,NA
"2026-09-29T20:49:03Z","Sleeper","Darren Waller","CAR","TE",5.87,7.545,9.22,10.905,NA,NA,NA,NA,NA,NA
"2026-09-29T20:49:03Z","Sleeper","Jake Ferguson","DAL","TE",5.393,7.188,8.983,10.788,NA,NA,NA,NA,NA,NA
"2026-09-29T20:49:03Z","Sleeper","Kyle Pitts","ATL","TE",5.751,7.181,8.611,10.051,NA,NA,NA,NA,NA,NA
"2026-09-29T20:49:03Z","Sleeper","Mark Andrews","BAL","TE",4.978,6.773,8.568,10.383,NA,NA,NA,NA,NA,NA
"2026-09-29T20:49:03Z","Sleeper","T.J. Hockenson","MIN","TE",4.976,6.686,8.396,10.116,NA,NA,NA,NA,NA,NA
"2026-09-29T20:49:03Z","Sleeper","Pat Freiermuth","PIT","TE",4.785,6.42,8.055,9.7,NA,NA,NA,NA,NA,NA
"2026-09-29T20:49:03Z","Sleeper","Mike Gesicki","CIN","TE",4.906,6.366,7.826,9.296,NA,NA,NA,NA,NA,NA
"2026-09-29T20:49:03Z","Sleeper","Chig Okonkwo","WAS","TE",4.743,6.353,7.963,9.583,NA,NA,NA,NA,NA,NA
"2026-09-29T20:49:03Z","Sleeper","Cade Otton","TB","TE",4.154,5.699,7.244,8.799,NA,NA,NA,NA,NA,NA
"2026-09-29T20:49:03Z","Sleeper","Gunnar Helm","TEN","TE",3.722,5.487,7.252,9.027,NA,NA,NA,NA,NA,NA
"2026-09-29T20:49:03Z","Sleeper","Oronde Gadsden","LAC","TE",4.182,5.417,6.652,7.897,NA,NA,NA,NA,NA,NA
"2026-09-29T20:49:03Z","Sleeper","Tyler Higbee","LA","TE",4.044,5.334,6.624,7.924,NA,NA,NA,NA,NA,NA
"2026-09-29T20:49:03Z","Sleeper","Greg Dulcich","MIA","TE",3.7,5.155,6.61,8.075,NA,NA,NA,NA,NA,NA
"2026-09-29T20:49:03Z","Sleeper","Colby Parkinson","LA","TE",3.923,4.983,6.043,7.113,NA,NA,NA,NA,NA,NA
"2026-09-29T20:49:03Z","Sleeper","Noah Fant","NO","TE",3.913,4.968,6.023,7.088,NA,NA,NA,NA,NA,NA
"2026-09-29T20:49:03Z","Sleeper","Evan Engram","DEN","TE",3.314,4.434,5.554,6.684,NA,NA,NA,NA,NA,NA
"2026-09-29T20:49:03Z","Sleeper","Michael Mayer","LV","TE",2.937,4.262,5.587,6.922,NA,NA,NA,NA,NA,NA
"2026-09-29T20:49:03Z","Sleeper","Eli Raridon","NE","TE",2.574,3.394,4.214,5.044,NA,NA,NA,NA,NA,NA
"2026-09-29T20:49:03Z","Sleeper","Elijah Arroyo","SEA","TE",2.411,3.226,4.041,4.866,NA,NA,NA,NA,NA,NA
"2026-09-29T20:49:03Z","Sleeper","Cole Kmet","CHI","TE",2.353,3.083,3.813,4.553,NA,NA,NA,NA,NA,NA
"2026-09-29T20:49:03Z","Sleeper","Zach Ertz","PHI","TE",2.081,2.881,3.681,4.491,NA,NA,NA,NA,NA,NA
"2026-09-29T20:49:03Z","Sleeper","Foster Moreau","HOU","TE",2.153,2.808,3.463,4.118,NA,NA,NA,NA,NA,NA
"2026-09-29T20:49:03Z","Sleeper","Noah Gray","KC","TE",1.975,2.675,3.375,4.085,NA,NA,NA,NA,NA,NA
"2026-09-29T20:49:03Z","Sleeper","Darnell Washington","PIT","TE",1.853,2.598,3.343,4.098,NA,NA,NA,NA,NA,NA
"2026-09-29T20:49:03Z","Sleeper","Jonnu Smith","GB","TE",1.853,2.593,3.333,4.083,NA,NA,NA,NA,NA,NA
"2026-09-29T20:49:03Z","Sleeper","Theo Johnson","NYG","TE",2.052,2.582,3.112,3.642,NA,NA,NA,NA,NA,NA
"2026-09-29T20:49:03Z","Sleeper","Dawson Knox","BUF","TE",1.896,2.486,3.076,3.666,NA,NA,NA,NA,NA,NA
"2026-09-29T20:49:03Z","Sleeper","Tommy Tremble","CAR","TE",1.76,2.43,3.1,3.78,NA,NA,NA,NA,NA,NA
"2026-09-29T20:49:03Z","Sleeper","Johnny Mundt","PHI","TE",1.696,2.376,3.056,3.736,NA,NA,NA,NA,NA,NA
"2026-09-29T20:49:03Z","Sleeper","Erick All","CIN","TE",1.587,2.197,2.807,3.427,NA,NA,NA,NA,NA,NA
"2026-09-29T20:49:03Z","Sleeper","Austin Hooper","ATL","TE",1.737,2.192,2.647,3.102,NA,NA,NA,NA,NA,NA
"2026-09-29T20:49:03Z","Sleeper","Blake Whiteheart","CLE","TE",1.626,2.066,2.506,2.946,NA,NA,NA,NA,NA,NA
"2026-09-29T20:49:03Z","Sleeper","Mason Taylor","NYJ","TE",1.416,2.026,2.636,3.246,NA,NA,NA,NA,NA,NA
"2026-09-29T20:49:03Z","Sleeper","Jaxon Smith-Njigba","SEA","WR",15.68,18.93,22.18,22.21,NA,NA,NA,NA,NA,NA
"2026-09-29T20:49:03Z","Sleeper","Chris Olave","NO","WR",13.099,15.979,18.859,18.889,NA,NA,NA,NA,NA,NA
"2026-09-29T20:49:03Z","Sleeper","Nico Collins","HOU","WR",12.993,15.763,18.533,18.553,NA,NA,NA,NA,NA,NA
"2026-09-29T20:49:03Z","Sleeper","Zay Flowers","BAL","WR",12.875,15.37,17.865,17.885,NA,NA,NA,NA,NA,NA
"2026-09-29T20:49:03Z","Sleeper","Ja'Marr Chase","CIN","WR",12.017,15.072,18.127,18.157,NA,NA,NA,NA,NA,NA
"2026-09-29T20:49:03Z","Sleeper","Amon-Ra St. Brown","DET","WR",11.689,14.794,17.899,17.929,NA,NA,NA,NA,NA,NA
"2026-09-29T20:49:03Z","Sleeper","Puka Nacua","LA","WR",11.692,14.497,17.302,17.332,NA,NA,NA,NA,NA,NA
"2026-09-29T20:49:03Z","Sleeper","CeeDee Lamb","DAL","WR",11.405,14.4,17.395,17.425,NA,NA,NA,NA,NA,NA
"2026-09-29T20:49:03Z","Sleeper","Parker Washington","JAX","WR",11.794,14.279,16.764,16.784,NA,NA,NA,NA,NA,NA
"2026-09-29T20:49:03Z","Sleeper","Garrett Wilson","NYJ","WR",10.962,13.887,16.812,16.832,NA,NA,NA,NA,NA,NA
"2026-09-29T20:49:03Z","Sleeper","Drake London","ATL","WR",10.97,13.595,16.22,16.24,NA,NA,NA,NA,NA,NA
"2026-09-29T20:49:03Z","Sleeper","Justin Jefferson","MIN","WR",10.745,13.585,16.425,16.445,NA,NA,NA,NA,NA,NA
"2026-09-29T20:49:03Z","Sleeper","Davante Adams","LA","WR",11.219,13.569,15.919,15.939,NA,NA,NA,NA,NA,NA
"2026-09-29T20:49:03Z","Sleeper","Tee Higgins","CIN","WR",11.163,13.558,15.953,15.973,NA,NA,NA,NA,NA,NA
"2026-09-29T20:49:03Z","Sleeper","Christian Watson","GB","WR",11.098,13.198,15.298,15.318,NA,NA,NA,NA,NA,NA
"2026-09-29T20:49:03Z","Sleeper","Michael Wilson","ARI","WR",9.839,12.139,14.439,14.459,NA,NA,NA,NA,NA,NA
"2026-09-29T20:49:03Z","Sleeper","George Pickens","DAL","WR",9.567,12.112,14.657,14.677,NA,NA,NA,NA,NA,NA
"2026-09-29T20:49:03Z","Sleeper","Jalen Coker","CAR","WR",9.598,12.098,14.598,14.618,NA,NA,NA,NA,NA,NA
"2026-09-29T20:49:03Z","Sleeper","DJ Moore","BUF","WR",9.578,11.703,13.828,13.848,NA,NA,NA,NA,NA,NA
"2026-09-29T20:49:03Z","Sleeper","Rashee Rice","KC","WR",9.177,11.602,14.027,14.047,NA,NA,NA,NA,NA,NA
"2026-09-29T20:49:03Z","Sleeper","Malik Nabers","NYG","WR",8.847,11.397,13.947,13.967,NA,NA,NA,NA,NA,NA
"2026-09-29T20:49:03Z","Sleeper","Tetairoa McMillan","CAR","WR",9.134,11.384,13.634,13.654,NA,NA,NA,NA,NA,NA
"2026-09-29T20:49:03Z","Sleeper","Mike Evans","SF","WR",9.332,11.337,13.342,13.362,NA,NA,NA,NA,NA,NA
"2026-09-29T20:49:03Z","Sleeper","DeVonta Smith","PHI","WR",8.499,10.864,13.229,13.249,NA,NA,NA,NA,NA,NA
"2026-09-29T20:49:03Z","Sleeper","Josh Downs","IND","WR",8.368,10.458,12.548,12.568,NA,NA,NA,NA,NA,NA
"2026-09-29T20:49:03Z","Sleeper","Luther Burden","CHI","WR",8.231,10.406,12.581,12.601,NA,NA,NA,NA,NA,NA
"2026-09-29T20:49:03Z","Sleeper","Matthew Golden","GB","WR",8.055,10.13,12.205,12.225,NA,NA,NA,NA,NA,NA
"2026-09-29T20:49:03Z","Sleeper","Jaylen Waddle","DEN","WR",7.801,10.091,12.381,12.401,NA,NA,NA,NA,NA,NA
"2026-09-29T20:49:03Z","Sleeper","Ladd McConkey","LAC","WR",7.895,10.015,12.135,12.155,NA,NA,NA,NA,NA,NA
"2026-09-29T20:49:03Z","Sleeper","Terry McLaurin","WAS","WR",7.799,9.709,11.619,11.639,NA,NA,NA,NA,NA,NA
"2026-09-29T20:49:03Z","Sleeper","Denzel Boston","CLE","WR",7.855,9.44,11.025,11.035,NA,NA,NA,NA,NA,NA
"2026-09-29T20:49:03Z","Sleeper","Jordan Addison","MIN","WR",7.464,9.139,10.814,10.824,NA,NA,NA,NA,NA,NA
"2026-09-29T20:49:03Z","Sleeper","Jameson Williams","DET","WR",7.302,9.067,10.832,10.852,NA,NA,NA,NA,NA,NA
"2026-09-29T20:49:03Z","Sleeper","Stefon Diggs","WAS","WR",7.102,9.052,11.002,11.022,NA,NA,NA,NA,NA,NA
"2026-09-29T20:49:03Z","Sleeper","Emeka Egbuka","TB","WR",6.84,8.61,10.38,10.39,NA,NA,NA,NA,NA,NA
"2026-09-29T20:49:03Z","Sleeper","Devaughn Vele","NO","WR",6.38,8.28,10.18,10.2,NA,NA,NA,NA,NA,NA
"2026-09-29T20:49:03Z","Sleeper","DK Metcalf","PIT","WR",6.639,8.244,9.849,9.859,NA,NA,NA,NA,NA,NA
"2026-09-29T20:49:03Z","Sleeper","Courtland Sutton","DEN","WR",6.606,8.216,9.826,9.836,NA,NA,NA,NA,NA,NA
"2026-09-29T20:49:03Z","Sleeper","Kalif Raymond","CHI","WR",6.338,8.188,10.038,10.058,NA,NA,NA,NA,NA,NA
"2026-09-29T20:49:03Z","Sleeper","Xavier Worthy","KC","WR",6.53,8.12,9.71,9.73,NA,NA,NA,NA,NA,NA
"2026-09-29T20:49:03Z","Sleeper","Carnell Tate","TEN","WR",5.748,7.928,10.108,10.128,NA,NA,NA,NA,NA,NA
"2026-09-29T20:49:03Z","Sleeper","Jakobi Meyers","JAX","WR",6.132,7.927,9.722,9.742,NA,NA,NA,NA,NA,NA
"2026-09-29T20:49:03Z","Sleeper","Wan'Dale Robinson","TEN","WR",5.725,7.89,10.055,10.075,NA,NA,NA,NA,NA,NA
"2026-09-29T20:49:03Z","Sleeper","Jauan Jennings","MIN","WR",6.218,7.638,9.058,9.068,NA,NA,NA,NA,NA,NA
"2026-09-29T20:49:03Z","Sleeper","KC Concepcion","CLE","WR",5.766,7.621,9.476,9.496,NA,NA,NA,NA,NA,NA
"2026-09-29T20:49:03Z","Sleeper","Michael Pittman","PIT","WR",5.508,7.503,9.498,9.518,NA,NA,NA,NA,NA,NA
"2026-09-29T20:49:03Z","Sleeper","Romeo Doubs","NE","WR",5.922,7.442,8.962,8.972,NA,NA,NA,NA,NA,NA
"2026-09-29T20:49:03Z","Sleeper","Deebo Samuel","SF","WR",5.708,7.293,8.878,8.898,NA,NA,NA,NA,NA,NA
"2026-09-29T20:49:03Z","Sleeper","Chris Godwin","TB","WR",5.435,7.185,8.935,8.945,NA,NA,NA,NA,NA,NA
"2026-09-29T20:49:03Z","Sleeper","Rome Odunze","CHI","WR",5.812,7.162,8.512,8.522,NA,NA,NA,NA,NA,NA
"2026-09-29T20:49:03Z","Sleeper","Quentin Johnston","LAC","WR",5.78,7.16,8.54,8.55,NA,NA,NA,NA,NA,NA
"2026-09-29T20:49:03Z","Sleeper","Dontayvion Wicks","PHI","WR",5.591,7.151,8.711,8.721,NA,NA,NA,NA,NA,NA
"2026-09-29T20:49:03Z","Sleeper","Tre Tucker","LV","WR",5.583,7.073,8.563,8.573,NA,NA,NA,NA,NA,NA
"2026-09-29T20:49:03Z","Sleeper","Malik Washington","MIA","WR",5.297,7.052,8.807,8.827,NA,NA,NA,NA,NA,NA
"2026-09-29T20:49:03Z","Sleeper","Mack Hollins","NE","WR",5.268,6.998,8.728,8.748,NA,NA,NA,NA,NA,NA
"2026-09-29T20:49:03Z","Sleeper","Adonai Mitchell","NYJ","WR",5.459,6.939,8.419,8.429,NA,NA,NA,NA,NA,NA
"2026-09-29T20:49:03Z","Sleeper","Keenan Allen","IND","WR",5.296,6.931,8.566,8.576,NA,NA,NA,NA,NA,NA
"2026-09-29T20:49:03Z","Sleeper","Ryan Flournoy","DAL","WR",4.946,6.556,8.166,8.176,NA,NA,NA,NA,NA,NA
"2026-09-29T20:49:03Z","Sleeper","Rashod Bateman","BAL","WR",5.134,6.469,7.804,7.814,NA,NA,NA,NA,NA,NA
"2026-09-29T20:49:03Z","Sleeper","Khalil Shakir","BUF","WR",4.52,6.355,8.19,8.21,NA,NA,NA,NA,NA,NA
"2026-09-29T20:49:03Z","Sleeper","Brian Thomas","JAX","WR",5.062,6.302,7.542,7.552,NA,NA,NA,NA,NA,NA
"2026-09-29T20:49:03Z","Sleeper","Pat Bryant","DEN","WR",4.645,6.035,7.425,7.435,NA,NA,NA,NA,NA,NA
"2026-09-29T20:49:03Z","Sleeper","Rashid Shaheed","SEA","WR",4.572,5.697,6.822,6.832,NA,NA,NA,NA,NA,NA
"2026-09-29T20:49:03Z","Sleeper","Tre' Harris","LAC","WR",4.194,5.579,6.964,6.974,NA,NA,NA,NA,NA,NA
"2026-09-29T20:49:03Z","Sleeper","Kayshon Boutte","HOU","WR",4.332,5.452,6.572,6.582,NA,NA,NA,NA,NA,NA
"2026-09-29T20:49:03Z","Sleeper","Cooper Kupp","SEA","WR",4.071,5.161,6.251,6.261,NA,NA,NA,NA,NA,NA
"2026-09-29T20:49:03Z","Sleeper","Jalen Nailor","LV","WR",4.159,5.149,6.139,6.149,NA,NA,NA,NA,NA,NA
"2026-09-29T20:49:03Z","Sleeper","Elic Ayomanor","TEN","WR",4.138,5.078,6.018,6.028,NA,NA,NA,NA,NA,NA
"2026-09-29T20:49:03Z","Sleeper","Ted Hurst","TB","WR",4.059,5.059,6.059,6.069,NA,NA,NA,NA,NA,NA
"2026-09-29T20:49:03Z","Sleeper","Makai Lemon","PHI","WR",3.404,4.949,6.494,6.504,NA,NA,NA,NA,NA,NA
"2026-09-29T20:49:03Z","Sleeper","Caleb Douglas","MIA","WR",3.666,4.911,6.156,6.166,NA,NA,NA,NA,NA,NA
"2026-09-29T20:49:03Z","Sleeper","DeMario Douglas","NE","WR",3.669,4.869,6.069,6.079,NA,NA,NA,NA,NA,NA
"2026-09-29T20:49:03Z","Sleeper","Kendrick Bourne","ARI","WR",3.442,4.697,5.952,5.962,NA,NA,NA,NA,NA,NA
"2026-09-29T20:49:03Z","Sleeper","Xavier Hutchinson","HOU","WR",3.656,4.651,5.646,5.656,NA,NA,NA,NA,NA,NA
"2026-09-29T20:49:03Z","Sleeper","Tyquan Thornton","KC","WR",3.569,4.504,5.439,5.449,NA,NA,NA,NA,NA,NA
"2026-09-29T20:49:03Z","Sleeper","Marvin Harrison","ARI","WR",3.555,4.48,5.405,5.415,NA,NA,NA,NA,NA,NA
"2026-09-29T20:49:03Z","Sleeper","Malachi Fields","NYG","WR",3.584,4.449,5.314,5.324,NA,NA,NA,NA,NA,NA
"2026-09-29T20:49:03Z","Sleeper","Roman Wilson","PIT","WR",3.27,4.265,5.26,5.27,NA,NA,NA,NA,NA,NA
"2026-09-29T20:49:03Z","Sleeper","Chris Bell","MIA","WR",3.275,4.195,5.115,5.125,NA,NA,NA,NA,NA,NA
"2026-09-29T20:49:03Z","Sleeper","Laquon Treadwell","IND","WR",3.425,4.175,4.925,4.925,NA,NA,NA,NA,NA,NA
"2026-09-29T20:49:03Z","Sleeper","Isaiah Williams","NYJ","WR",2.849,4.054,5.259,5.269,NA,NA,NA,NA,NA,NA
"2026-09-29T20:49:03Z","Sleeper","Skyy Moore","GB","WR",3.115,4.05,4.985,5.005,NA,NA,NA,NA,NA,NA
"2026-09-29T20:49:03Z","Sleeper","Darnell Mooney","NYG","WR",3.215,3.99,4.765,4.775,NA,NA,NA,NA,NA,NA
"2026-09-29T20:49:03Z","Sleeper","Keon Coleman","BUF","WR",2.902,3.832,4.762,4.772,NA,NA,NA,NA,NA,NA
"2026-09-29T20:49:03Z","Sleeper","Antonio Williams","WAS","WR",2.957,3.807,4.657,4.667,NA,NA,NA,NA,NA,NA
"2026-09-29T20:49:03Z","Sleeper","Jahan Dotson","ATL","WR",2.888,3.688,4.488,4.498,NA,NA,NA,NA,NA,NA
"2026-09-29T20:49:03Z","Sleeper","Isaac TeSlaa","DET","WR",2.77,3.45,4.13,4.14,NA,NA,NA,NA,NA,NA
"2026-09-29T20:49:03Z","Sleeper","Josh Cameron","JAX","WR",2.489,3.054,3.619,3.629,NA,NA,NA,NA,NA,NA
"2026-09-29T20:49:03Z","Sleeper","Jerry Jeudy","CLE","WR",2.297,3.017,3.737,3.747,NA,NA,NA,NA,NA,NA
"2026-09-29T20:49:03Z","Sleeper","Dohnte Meyers","CIN","WR",2.259,2.949,3.639,3.639,NA,NA,NA,NA,NA,NA
"2026-09-29T20:49:03Z","Sleeper","Tory Horton","SEA","WR",2.321,2.891,3.461,3.471,NA,NA,NA,NA,NA,NA
"2026-09-29T20:49:03Z","Sleeper","Devontez Walker","BAL","WR",2.427,2.867,3.307,3.307,NA,NA,NA,NA,NA,NA
"2026-09-29T20:49:03Z","Sleeper","Kyle Williams","NE","WR",2.294,2.834,3.374,3.374,NA,NA,NA,NA,NA,NA
"2026-09-29T20:49:03Z","Sleeper","Cody White","LV","WR",2.348,2.813,3.278,3.278,NA,NA,NA,NA,NA,NA
"2026-09-29T20:49:03Z","Sleeper","Zachariah Branch","ATL","WR",1.937,2.522,3.107,3.107,NA,NA,NA,NA,NA,NA
"2026-09-29T20:49:03Z","Sleeper","Xavier Legette","CAR","WR",1.95,2.51,3.07,3.07,NA,NA,NA,NA,NA,NA
"2026-09-29T20:49:03Z","Sleeper","Olamide Zaccheaus","ATL","WR",1.961,2.466,2.971,2.981,NA,NA,NA,NA,NA,NA
"2026-09-29T20:49:03Z","Sleeper","Calvin Ridley","TEN","WR",1.83,2.345,2.86,2.86,NA,NA,NA,NA,NA,NA
"2026-09-29T20:49:03Z","Sleeper","Kevin Coleman","MIA","WR",1.731,2.221,2.711,2.711,NA,NA,NA,NA,NA,NA
"2026-09-29T20:49:03Z","Sleeper","Tez Johnson","TB","WR",1.766,2.216,2.666,2.666,NA,NA,NA,NA,NA,NA
"2026-09-29T20:49:03Z","Sleeper","KaVontae Turpin","DAL","WR",1.714,2.049,2.384,2.394,NA,NA,NA,NA,NA,NA
"2026-09-29T20:49:03Z","Sleeper","Troy Franklin","DEN","WR",1.548,1.993,2.438,2.438,NA,NA,NA,NA,NA,NA
"2026-09-29T20:49:03Z","Sleeper","Jacob Cowing","SF","WR",1.511,1.976,2.441,2.441,NA,NA,NA,NA,NA,NA
"2026-09-29T20:49:03Z","Sleeper","Jared Wayne","HOU","WR",1.47,1.925,2.38,2.38,NA,NA,NA,NA,NA,NA
"2026-09-29T20:49:03Z","Sleeper","Germie Bernard","PIT","WR",1.485,1.91,2.335,2.335,NA,NA,NA,NA,NA,NA
"2026-09-29T20:49:03Z","Sleeper","Joshua Palmer","BUF","WR",1.405,1.87,2.335,2.335,NA,NA,NA,NA,NA,NA
"2026-09-29T20:49:03Z","Sleeper","Darius Cooper","PHI","WR",1.361,1.861,2.361,2.361,NA,NA,NA,NA,NA,NA
"2026-09-29T20:49:03Z","Sleeper","Konata Mumpfield","LA","WR",1.463,1.838,2.213,2.213,NA,NA,NA,NA,NA,NA
"2026-09-29T20:49:03Z","Sleeper","Jaylin Noel","HOU","WR",1.465,1.8,2.135,2.135,NA,NA,NA,NA,NA,NA
"2026-09-29T20:49:03Z","Sleeper","Isaiah Bond","CLE","WR",1.468,1.768,2.068,2.068,NA,NA,NA,NA,NA,NA
"2026-09-29T21:05:34Z","ECR","Josh Allen","BUF","QB",NA,NA,22.5,NA,1,1,0,1,1,"2026-09-29"
"2026-09-29T21:05:34Z","ECR","Lamar Jackson","BAL","QB",NA,NA,21.5,NA,2,2.13,0.33,2,3,"2026-09-29"
"2026-09-29T21:05:34Z","ECR","Patrick Mahomes II","KC","QB",NA,NA,20.8,NA,3,3,0.5,2,4,"2026-09-29"
"2026-09-29T21:05:34Z","ECR","Trevor Lawrence","JAX","QB",NA,NA,20.2,NA,4,4,0.5,3,5,"2026-09-29"
"2026-09-29T21:05:34Z","ECR","Jalen Hurts","PHI","QB",NA,NA,19.7,NA,5,5.75,0.97,5,7,"2026-09-29"
"2026-09-29T21:05:34Z","ECR","Jared Goff","DET","QB",NA,NA,19.4,NA,6,6.38,1.11,5,8,"2026-09-29"
"2026-09-29T21:05:34Z","ECR","Joe Burrow","CIN","QB",NA,NA,19.2,NA,7,7,1.41,5,9,"2026-09-29"
"2026-09-29T21:05:34Z","ECR","Brock Purdy","SF","QB",NA,NA,19,NA,8,7.25,0.66,6,8,"2026-09-29"
"2026-09-29T21:05:34Z","ECR","Dak Prescott","DAL","QB",NA,NA,18.7,NA,9,9.25,1.39,6,11,"2026-09-29"
"2026-09-29T21:05:34Z","ECR","Tyler Shough","NO","QB",NA,NA,18.3,NA,10,9.38,1.11,7,11,"2026-09-29"
"2026-09-29T21:05:34Z","ECR","Bryce Young","CAR","QB",NA,NA,18,NA,11,11,0.87,10,13,"2026-09-29"
"2026-09-29T21:05:34Z","ECR","Jordan Love","GB","QB",NA,NA,17.8,NA,12,12.63,0.86,12,14,"2026-09-29"
"2026-09-29T21:05:34Z","ECR","Drake Maye","NE","QB",NA,NA,17.5,NA,13,13.63,1.11,13,16,"2026-09-29"
"2026-09-29T21:05:34Z","ECR","Kyler Murray","MIN","QB",NA,NA,17.3,NA,14,13.88,0.93,12,15,"2026-09-29"
"2026-09-29T21:05:34Z","ECR","Matthew Stafford","LA","QB",NA,NA,17,NA,15,14.5,1.12,12,16,"2026-09-29"
"2026-09-29T21:05:34Z","ECR","Bo Nix","DEN","QB",NA,NA,16.8,NA,16,15.88,1.54,13,19,"2026-09-29"
"2026-09-29T21:05:34Z","ECR","C.J. Stroud","HOU","QB",NA,NA,16.4,NA,17,17.13,0.6,16,18,"2026-09-29"
"2026-09-29T21:05:34Z","ECR","Geno Smith","NYJ","QB",NA,NA,16.1,NA,18,18.63,0.86,18,20,"2026-09-29"
"2026-09-29T21:05:34Z","ECR","Marcus Mariota","WAS","QB",NA,NA,15.7,NA,19,19.38,1.87,17,23,"2026-09-29"
"2026-09-29T21:05:34Z","ECR","Daniel Jones","IND","QB",NA,NA,15.4,NA,20,20.25,1.39,19,23,"2026-09-29"
"2026-09-29T21:05:34Z","ECR","Jacoby Brissett","ARI","QB",NA,NA,15.1,NA,21,20.63,0.48,20,21,"2026-09-29"
"2026-09-29T21:05:34Z","ECR","Justin Herbert","LAC","QB",NA,NA,14.8,NA,22,21.75,1.56,18,23,"2026-09-29"
"2026-09-29T21:05:34Z","ECR","Sam Darnold","SEA","QB",NA,NA,14.6,NA,23,22.63,0.86,21,24,"2026-09-29"
"2026-09-29T21:05:34Z","ECR","Kirk Cousins","LV","QB",NA,NA,14.4,NA,24,24,1.32,21,26,"2026-09-29"
"2026-09-29T21:05:34Z","ECR","Michael Penix Jr.","ATL","QB",NA,NA,14.1,NA,25,25.5,1,24,27,"2026-09-29"
"2026-09-29T21:05:34Z","ECR","Jameis Winston","NYG","QB",NA,NA,13.9,NA,26,26.88,1.9,25,31,"2026-09-29"
"2026-09-29T21:05:34Z","ECR","Malik Willis","MIA","QB",NA,NA,13.6,NA,27,27.13,1.54,25,30,"2026-09-29"
"2026-09-29T21:05:34Z","ECR","Deshaun Watson","CLE","QB",NA,NA,13.2,NA,28,27.88,0.78,27,29,"2026-09-29"
"2026-09-29T21:05:34Z","ECR","Aaron Rodgers","PIT","QB",NA,NA,12.7,NA,29,28.63,1.22,26,30,"2026-09-29"
"2026-09-29T21:05:34Z","ECR","Cam Ward","TEN","QB",NA,NA,11.7,NA,30,30.71,1.03,29,32,"2026-09-29"
"2026-09-29T21:05:34Z","ECR","Jalon Daniels","TB","QB",NA,NA,10.6,NA,31,31.75,0.97,31,34,"2026-09-29"
"2026-09-29T21:05:34Z","ECR","Tyson Bagent","CHI","QB",NA,NA,9.3,NA,32,30.67,1.7,28,33,"2026-09-29"
"2026-09-29T21:05:34Z","ECR","Case Keenum","CHI","QB",NA,NA,7.9,NA,33,36.2,6.62,30,49,"2026-09-29"
"2026-09-29T21:05:34Z","ECR","Drew Lock","SEA","QB",NA,NA,0.8,NA,34,34.25,0.83,33,35,"2026-09-29"
"2026-09-29T21:05:34Z","ECR","Jahmyr Gibbs","DET","RB",NA,NA,25.5,NA,1,1,0,1,1,"2026-09-29"
"2026-09-29T21:05:34Z","ECR","Bijan Robinson","ATL","RB",NA,NA,21.9,NA,2,2.14,0.35,2,3,"2026-09-29"
"2026-09-29T21:05:34Z","ECR","Kenneth Walker III","KC","RB",NA,NA,21.3,NA,3,2.86,0.35,2,3,"2026-09-29"
"2026-09-29T21:05:34Z","ECR","Derrick Henry","BAL","RB",NA,NA,19.5,NA,4,4.29,0.45,4,5,"2026-09-29"
"2026-09-29T21:05:34Z","ECR","Christian McCaffrey","SF","RB",NA,NA,19,NA,5,4.71,0.45,4,5,"2026-09-29"
"2026-09-29T21:05:34Z","ECR","Jonathan Taylor","IND","RB",NA,NA,18.9,NA,6,6.71,0.7,6,8,"2026-09-29"
"2026-09-29T21:05:34Z","ECR","James Cook III","BUF","RB",NA,NA,17.7,NA,7,7.86,0.99,7,9,"2026-09-29"
"2026-09-29T21:05:34Z","ECR","Ashton Jeanty","LV","RB",NA,NA,16.7,NA,8,8.29,1.58,6,11,"2026-09-29"
"2026-09-29T21:05:34Z","ECR","Chase Brown","CIN","RB",NA,NA,16.7,NA,9,9.86,2.53,6,14,"2026-09-29"
"2026-09-29T21:05:34Z","ECR","Jeremiyah Love","ARI","RB",NA,NA,16.4,NA,10,10,0.76,9,11,"2026-09-29"
"2026-09-29T21:05:34Z","ECR","Saquon Barkley","PHI","RB",NA,NA,16.1,NA,11,11.71,3.01,8,15,"2026-09-29"
"2026-09-29T21:05:34Z","ECR","Jaylen Warren","PIT","RB",NA,NA,16,NA,12,12,2.2,9,15,"2026-09-29"
"2026-09-29T21:05:34Z","ECR","Kyren Williams","LA","RB",NA,NA,15.8,NA,13,12.57,1.29,10,14,"2026-09-29"
"2026-09-29T21:05:34Z","ECR","Chuba Hubbard","CAR","RB",NA,NA,14.9,NA,14,12.71,0.7,12,14,"2026-09-29"
"2026-09-29T21:05:34Z","ECR","Aaron Jones Sr.","MIN","RB",NA,NA,14.4,NA,15,14.86,1.55,13,18,"2026-09-29"
"2026-09-29T21:05:34Z","ECR","D'Andre Swift","CHI","RB",NA,NA,14.4,NA,16,15.29,1.16,13,16,"2026-09-29"
"2026-09-29T21:05:34Z","ECR","Javonte Williams","DAL","RB",NA,NA,14.3,NA,17,17.14,0.99,15,18,"2026-09-29"
"2026-09-29T21:05:34Z","ECR","Cam Skattebo","NYG","RB",NA,NA,14.1,NA,18,18.71,1.16,17,21,"2026-09-29"
"2026-09-29T21:05:34Z","ECR","Bucky Irving","TB","RB",NA,NA,13.9,NA,19,19.43,1.5,17,21,"2026-09-29"
"2026-09-29T21:05:34Z","ECR","Bhayshul Tuten","JAX","RB",NA,NA,13.9,NA,20,19.57,0.9,18,21,"2026-09-29"
"2026-09-29T21:05:34Z","ECR","Omarion Hampton","LAC","RB",NA,NA,13.6,NA,21,21.14,1.64,19,24,"2026-09-29"
"2026-09-29T21:05:34Z","ECR","David Montgomery","HOU","RB",NA,NA,11.8,NA,22,22,0.53,21,23,"2026-09-29"
"2026-09-29T21:05:34Z","ECR","Braelon Allen","NYJ","RB",NA,NA,11.5,NA,23,22.57,2.19,20,26,"2026-09-29"
"2026-09-29T21:05:34Z","ECR","Quinshon Judkins","CLE","RB",NA,NA,11.3,NA,24,24,0.53,23,25,"2026-09-29"
"2026-09-29T21:05:34Z","ECR","TreVeyon Henderson","NE","RB",NA,NA,11.1,NA,25,25,1.77,23,28,"2026-09-29"
"2026-09-29T21:05:34Z","ECR","Rhamondre Stevenson","NE","RB",NA,NA,11,NA,26,26.43,0.73,26,28,"2026-09-29"
"2026-09-29T21:05:34Z","ECR","Jacory Croskey-Merritt","WAS","RB",NA,NA,10.1,NA,27,27,2.88,22,31,"2026-09-29"
"2026-09-29T21:05:34Z","ECR","Tony Pollard","TEN","RB",NA,NA,10.1,NA,28,28.14,0.99,27,30,"2026-09-29"
"2026-09-29T21:05:34Z","ECR","RJ Harvey","DEN","RB",NA,NA,10.1,NA,29,28.86,1.81,27,32,"2026-09-29"
"2026-09-29T21:05:34Z","ECR","J.K. Dobbins","DEN","RB",NA,NA,9.7,NA,30,29.86,0.64,29,31,"2026-09-29"
"2026-09-29T21:05:34Z","ECR","Jadarian Price","SEA","RB",NA,NA,9.5,NA,31,30.86,0.64,30,32,"2026-09-29"
"2026-09-29T21:05:34Z","ECR","Woody Marks","HOU","RB",NA,NA,9.5,NA,32,33.14,0.83,32,34,"2026-09-29"
"2026-09-29T21:05:34Z","ECR","Kyle Monangai","CHI","RB",NA,NA,9.3,NA,33,34.14,1.73,32,37,"2026-09-29"
"2026-09-29T21:05:34Z","ECR","Rachaad White","WAS","RB",NA,NA,8.8,NA,34,34.57,0.73,34,36,"2026-09-29"
"2026-09-29T21:05:34Z","ECR","Alvin Kamara","NO","RB",NA,NA,8.1,NA,35,35,4.69,31,46,"2026-09-29"
"2026-09-29T21:05:34Z","ECR","Ollie Gordon II","MIA","RB",NA,NA,8,NA,36,35.14,2.03,32,38,"2026-09-29"
"2026-09-29T21:05:34Z","ECR","Blake Corum","LA","RB",NA,NA,7.9,NA,37,36.86,1.55,35,39,"2026-09-29"
"2026-09-29T21:05:34Z","ECR","Emmett Johnson","KC","RB",NA,NA,7.9,NA,38,38.86,1.55,37,42,"2026-09-29"
"2026-09-29T21:05:34Z","ECR","Tyler Allgeier","ARI","RB",NA,NA,7.9,NA,39,39.43,1.92,38,44,"2026-09-29"
"2026-09-29T21:05:34Z","ECR","Kaelon Black","SF","RB",NA,NA,7.8,NA,40,40.86,1.12,40,43,"2026-09-29"
"2026-09-29T21:05:34Z","ECR","Kaleb Johnson","GB","RB",NA,NA,7.7,NA,41,42.57,2.19,41,46,"2026-09-29"
"2026-09-29T21:05:34Z","ECR","Chris Rodriguez Jr.","JAX","RB",NA,NA,7.6,NA,42,42.86,0.64,42,44,"2026-09-29"
"2026-09-29T21:05:34Z","ECR","Kenny Gainwell","TB","RB",NA,NA,6.9,NA,43,43.14,2.1,41,48,"2026-09-29"
"2026-09-29T21:05:34Z","ECR","Mike Washington Jr.","LV","RB",NA,NA,6.7,NA,44,44,2.62,38,47,"2026-09-29"
"2026-09-29T21:05:34Z","ECR","Keaton Mitchell","LAC","RB",NA,NA,6.6,NA,45,44.29,3.65,40,51,"2026-09-29"
"2026-09-29T21:05:34Z","ECR","Tyjae Spears","TEN","RB",NA,NA,6,NA,46,45.29,1.58,44,48,"2026-09-29"
"2026-09-29T21:05:34Z","ECR","Emanuel Wilson","SEA","RB",NA,NA,5.9,NA,47,47.71,1.39,45,49,"2026-09-29"
"2026-09-29T21:05:34Z","ECR","Justice Hill","BAL","RB",NA,NA,5.8,NA,48,48,0.76,47,49,"2026-09-29"
"2026-09-29T21:05:34Z","ECR","MarShawn Lloyd","GB","RB",NA,NA,5.8,NA,49,48.57,0.9,47,50,"2026-09-29"
"2026-09-29T21:05:34Z","ECR","Brian Robinson Jr.","ATL","RB",NA,NA,5.8,NA,50,50.43,2.26,46,54,"2026-09-29"
"2026-09-29T21:05:34Z","ECR","Kendre Miller","NO","RB",NA,NA,5.7,NA,51,51.29,5.77,41,59,"2026-09-29"
"2026-09-29T21:05:34Z","ECR","George Holani","SEA","RB",NA,NA,5.5,NA,52,52.14,1.81,50,55,"2026-09-29"
"2026-09-29T21:05:34Z","ECR","Najee Harris","NYG","RB",NA,NA,5.5,NA,53,54.14,2.1,52,58,"2026-09-29"
"2026-09-29T21:05:34Z","ECR","Ty Johnson","BUF","RB",NA,NA,5.3,NA,54,57.71,6.34,52,69,"2026-09-29"
"2026-09-29T21:05:34Z","ECR","Chris Brooks","GB","RB",NA,NA,5.2,NA,55,55.17,3.8,51,62,"2026-09-29"
"2026-09-29T21:05:34Z","ECR","Samaje Perine","CIN","RB",NA,NA,5.1,NA,56,55.33,1.97,53,59,"2026-09-29"
"2026-09-29T21:05:34Z","ECR","Raheim Sanders","CLE","RB",NA,NA,4.9,NA,57,56.17,0.9,55,57,"2026-09-29"
"2026-09-29T21:05:34Z","ECR","Tank Bigsby","PHI","RB",NA,NA,4.8,NA,58,61.83,4.45,58,71,"2026-09-29"
"2026-09-29T21:05:34Z","ECR","Breece Hall","NYJ","RB",NA,NA,4.4,NA,59,58.2,7.91,46,67,"2026-09-29"
"2026-09-29T21:05:34Z","ECR","Sione Vaki","DET","RB",NA,NA,4.3,NA,60,59.4,0.49,59,60,"2026-09-29"
"2026-09-29T21:05:34Z","ECR","DeeJay Dallas","MIN","RB",NA,NA,4,NA,61,61.2,2.4,57,64,"2026-09-29"
"2026-09-29T21:05:34Z","ECR","Will Shipley","PHI","RB",NA,NA,3.8,NA,62,61.6,1.74,60,65,"2026-09-29"
"2026-09-29T21:05:34Z","ECR","AJ Dillon","CAR","RB",NA,NA,3.4,NA,63,62.2,1.94,59,65,"2026-09-29"
"2026-09-29T21:05:34Z","ECR","Demond Claiborne","MIN","RB",NA,NA,3.2,NA,64,64.2,2.48,60,67,"2026-09-29"
"2026-09-29T21:05:34Z","ECR","Kyle Juszczyk","SF","RB",NA,NA,3.2,NA,65,65.4,1.62,63,67,"2026-09-29"
"2026-09-29T21:05:34Z","ECR","Ray Davis","BUF","RB",NA,NA,3.2,NA,66,65.6,1.36,64,68,"2026-09-29"
"2026-09-29T21:05:34Z","ECR","Isaiah Davis","NYJ","RB",NA,NA,3,NA,67,67,8.51,54,80,"2026-09-29"
"2026-09-29T21:05:34Z","ECR","Jaylen Wright","MIA","RB",NA,NA,2.7,NA,68,68.6,13.18,45,82,"2026-09-29"
"2026-09-29T21:05:34Z","ECR","Kimani Vidal","LAC","RB",NA,NA,2.5,NA,69,69.4,3.88,62,73,"2026-09-29"
"2026-09-29T21:05:34Z","ECR","Tyrone Tracy Jr.","NYG","RB",NA,NA,2.5,NA,70,69.8,1.6,68,72,"2026-09-29"
"2026-09-29T21:05:34Z","ECR","Emari Demercado","DAL","RB",NA,NA,2.3,NA,71,70.4,2.58,66,73,"2026-09-29"
"2026-09-29T21:05:34Z","ECR","Kaytron Allen","WAS","RB",NA,NA,2.2,NA,72,71.6,2.73,68,76,"2026-09-29"
"2026-09-29T21:05:34Z","ECR","LeQuint Allen Jr.","JAX","RB",NA,NA,1.8,NA,73,72.75,1.64,70,74,"2026-09-29"
"2026-09-29T21:05:34Z","ECR","Sean Tucker","TB","RB",NA,NA,1.7,NA,74,75.25,0.83,74,76,"2026-09-29"
"2026-09-29T21:05:34Z","ECR","Jacob Saylors","DET","RB",NA,NA,1.4,NA,75,75.75,4.71,68,80,"2026-09-29"
"2026-09-29T21:05:34Z","ECR","Nicholas Singleton","TEN","RB",NA,NA,1.3,NA,76,76.25,1.92,74,79,"2026-09-29"
"2026-09-29T21:05:34Z","ECR","Seth McGowan","IND","RB",NA,NA,1.3,NA,77,77.5,0.5,77,78,"2026-09-29"
"2026-09-29T21:05:34Z","ECR","Travis Homer","PIT","RB",NA,NA,1.2,NA,78,75,3.27,71,79,"2026-09-29"
"2026-09-29T21:05:34Z","ECR","Ameer Abdullah","JAX","RB",NA,NA,1,NA,79,78.33,1.25,77,80,"2026-09-29"
"2026-09-29T21:05:34Z","ECR","Brashard Smith","KC","RB",NA,NA,1,NA,80,80,1.41,78,81,"2026-09-29"
"2026-09-29T21:05:34Z","ECR","Brock Bowers","LV","TE",NA,NA,18.6,NA,1,1.29,0.45,1,2,"2026-09-29"
"2026-09-29T21:05:34Z","ECR","Trey McBride","ARI","TE",NA,NA,16,NA,2,1.71,0.45,1,2,"2026-09-29"
"2026-09-29T21:05:34Z","ECR","Travis Kelce","KC","TE",NA,NA,13.6,NA,3,3.71,0.7,3,5,"2026-09-29"
"2026-09-29T21:05:34Z","ECR","George Kittle","SF","TE",NA,NA,12.9,NA,4,4.71,2.37,3,10,"2026-09-29"
"2026-09-29T21:05:34Z","ECR","Dalton Kincaid","BUF","TE",NA,NA,12.2,NA,5,5,0.53,4,6,"2026-09-29"
"2026-09-29T21:05:34Z","ECR","Sam LaPorta","DET","TE",NA,NA,12,NA,6,5.57,1.18,4,7,"2026-09-29"
"2026-09-29T21:05:34Z","ECR","Tyler Warren","IND","TE",NA,NA,11.7,NA,7,6.43,0.49,6,7,"2026-09-29"
"2026-09-29T21:05:34Z","ECR","Juwan Johnson","NO","TE",NA,NA,11.7,NA,8,8.29,0.45,8,9,"2026-09-29"
"2026-09-29T21:05:34Z","ECR","Tucker Kraft","GB","TE",NA,NA,11.4,NA,9,9.57,1.29,7,11,"2026-09-29"
"2026-09-29T21:05:34Z","ECR","Dalton Schultz","HOU","TE",NA,NA,11.2,NA,10,10.57,3.02,7,16,"2026-09-29"
"2026-09-29T21:05:34Z","ECR","Isaiah Likely","NYG","TE",NA,NA,10.8,NA,11,11.29,0.7,10,12,"2026-09-29"
"2026-09-29T21:05:34Z","ECR","Harold Fannin Jr.","CLE","TE",NA,NA,10.1,NA,12,11.71,0.88,10,13,"2026-09-29"
"2026-09-29T21:05:34Z","ECR","Kenyon Sadiq","NYJ","TE",NA,NA,10.1,NA,13,12.57,2.44,9,16,"2026-09-29"
"2026-09-29T21:05:34Z","ECR","Colston Loveland","CHI","TE",NA,NA,10.1,NA,14,13.71,1.28,11,15,"2026-09-29"
"2026-09-29T21:05:34Z","ECR","Mark Andrews","BAL","TE",NA,NA,9.9,NA,15,14.86,1.81,13,18,"2026-09-29"
"2026-09-29T21:05:34Z","ECR","Darren Waller","CAR","TE",NA,NA,9.1,NA,16,16.57,1.59,15,19,"2026-09-29"
"2026-09-29T21:05:34Z","ECR","Jake Ferguson","DAL","TE",NA,NA,8.6,NA,17,17,1.6,14,19,"2026-09-29"
"2026-09-29T21:05:34Z","ECR","Pat Freiermuth","PIT","TE",NA,NA,8.5,NA,18,18.57,1.18,17,20,"2026-09-29"
"2026-09-29T21:05:34Z","ECR","Kyle Pitts Sr.","ATL","TE",NA,NA,8.5,NA,19,18.86,1.96,16,22,"2026-09-29"
"2026-09-29T21:05:34Z","ECR","Hunter Henry","NE","TE",NA,NA,8.5,NA,20,20.57,0.9,20,22,"2026-09-29"
"2026-09-29T21:05:34Z","ECR","Brenton Strange","JAX","TE",NA,NA,8.3,NA,21,21.29,1.98,17,23,"2026-09-29"
"2026-09-29T21:05:34Z","ECR","T.J. Hockenson","MIN","TE",NA,NA,8.2,NA,22,22.57,1.4,21,25,"2026-09-29"
"2026-09-29T21:05:34Z","ECR","Oronde Gadsden II","LAC","TE",NA,NA,8,NA,23,23.71,1.16,22,25,"2026-09-29"
"2026-09-29T21:05:34Z","ECR","Tyler Higbee","LA","TE",NA,NA,7.8,NA,24,24,6.16,17,34,"2026-09-29"
"2026-09-29T21:05:34Z","ECR","AJ Barner","SEA","TE",NA,NA,7.2,NA,25,24.29,0.45,24,25,"2026-09-29"
"2026-09-29T21:05:34Z","ECR","Mike Gesicki","CIN","TE",NA,NA,7.1,NA,26,26.43,0.73,26,28,"2026-09-29"
"2026-09-29T21:05:34Z","ECR","Evan Engram","DEN","TE",NA,NA,7,NA,27,27.86,1.81,25,31,"2026-09-29"
"2026-09-29T21:05:34Z","ECR","Terrance Ferguson","LA","TE",NA,NA,6.8,NA,28,25.2,6.18,15,33,"2026-09-29"
"2026-09-29T21:05:34Z","ECR","Michael Mayer","LV","TE",NA,NA,6.7,NA,29,29.71,2.25,28,35,"2026-09-29"
"2026-09-29T21:05:34Z","ECR","Cade Otton","TB","TE",NA,NA,6.3,NA,30,30.14,2.36,27,34,"2026-09-29"
"2026-09-29T21:05:34Z","ECR","Greg Dulcich","MIA","TE",NA,NA,6.3,NA,31,31.43,0.9,30,33,"2026-09-29"
"2026-09-29T21:05:34Z","ECR","Darnell Washington","PIT","TE",NA,NA,6.2,NA,32,31.17,1.57,29,34,"2026-09-29"
"2026-09-29T21:05:34Z","ECR","Gunnar Helm","TEN","TE",NA,NA,5.8,NA,33,32.6,0.49,32,33,"2026-09-29"
"2026-09-29T21:05:34Z","ECR","Colby Parkinson","LA","TE",NA,NA,4.6,NA,34,34.4,3.72,30,41,"2026-09-29"
"2026-09-29T21:05:34Z","ECR","Noah Fant","NO","TE",NA,NA,4.5,NA,35,34,9,25,43,"2026-09-29"
"2026-09-29T21:05:34Z","ECR","Zach Ertz","PHI","TE",NA,NA,4.4,NA,36,34.2,0.75,33,35,"2026-09-29"
"2026-09-29T21:05:34Z","ECR","Jaxon Smith-Njigba","SEA","WR",NA,NA,21.8,NA,1,1,0,1,1,"2026-09-29"
"2026-09-29T21:05:34Z","ECR","Ja'Marr Chase","CIN","WR",NA,NA,20.2,NA,2,2.29,0.45,2,3,"2026-09-29"
"2026-09-29T21:05:34Z","ECR","Amon-Ra St. Brown","DET","WR",NA,NA,19.9,NA,3,2.71,0.45,2,3,"2026-09-29"
"2026-09-29T21:05:34Z","ECR","Chris Olave","NO","WR",NA,NA,19.3,NA,4,4.43,1.05,4,7,"2026-09-29"
"2026-09-29T21:05:34Z","ECR","Garrett Wilson","NYJ","WR",NA,NA,17.6,NA,5,5.86,0.64,5,7,"2026-09-29"
"2026-09-29T21:05:34Z","ECR","CeeDee Lamb","DAL","WR",NA,NA,17.1,NA,6,6.57,1.29,5,8,"2026-09-29"
"2026-09-29T21:05:34Z","ECR","Drake London","ATL","WR",NA,NA,16.7,NA,7,6.86,0.83,5,8,"2026-09-29"
"2026-09-29T21:05:34Z","ECR","DeVonta Smith","PHI","WR",NA,NA,16.5,NA,8,9.57,1.59,8,13,"2026-09-29"
"2026-09-29T21:05:34Z","ECR","Zay Flowers","BAL","WR",NA,NA,16.2,NA,9,9.86,3.31,5,15,"2026-09-29"
"2026-09-29T21:05:34Z","ECR","Davante Adams","LA","WR",NA,NA,15.7,NA,10,10.14,1.96,8,13,"2026-09-29"
"2026-09-29T21:05:34Z","ECR","Christian Watson","GB","WR",NA,NA,15.7,NA,11,11.57,0.73,11,13,"2026-09-29"
"2026-09-29T21:05:34Z","ECR","Parker Washington","JAX","WR",NA,NA,15.2,NA,12,12.29,1.91,10,16,"2026-09-29"
"2026-09-29T21:05:34Z","ECR","Tetairoa McMillan","CAR","WR",NA,NA,14.9,NA,13,13.29,1.03,12,15,"2026-09-29"
"2026-09-29T21:05:34Z","ECR","George Pickens","DAL","WR",NA,NA,14.6,NA,14,13.86,1.36,12,16,"2026-09-29"
"2026-09-29T21:05:34Z","ECR","Rashee Rice","KC","WR",NA,NA,14.5,NA,15,16.86,1.96,15,21,"2026-09-29"
"2026-09-29T21:05:34Z","ECR","Tee Higgins","CIN","WR",NA,NA,14.3,NA,16,17.86,1.36,16,19,"2026-09-29"
"2026-09-29T21:05:34Z","ECR","Jaylen Waddle","DEN","WR",NA,NA,14.2,NA,17,18.14,2.23,16,22,"2026-09-29"
"2026-09-29T21:05:34Z","ECR","Matthew Golden","GB","WR",NA,NA,13.9,NA,18,18.29,1.39,17,21,"2026-09-29"
"2026-09-29T21:05:34Z","ECR","Malik Nabers","NYG","WR",NA,NA,13.8,NA,19,19,2.27,15,23,"2026-09-29"
"2026-09-29T21:05:34Z","ECR","Josh Downs","IND","WR",NA,NA,13.8,NA,20,21.14,1.81,18,23,"2026-09-29"
"2026-09-29T21:05:34Z","ECR","Ladd McConkey","LAC","WR",NA,NA,13.4,NA,21,22.29,1.67,20,25,"2026-09-29"
"2026-09-29T21:05:34Z","ECR","DJ Moore","BUF","WR",NA,NA,13.3,NA,22,22.57,1.76,20,26,"2026-09-29"
"2026-09-29T21:05:34Z","ECR","Deebo Samuel Sr.","SF","WR",NA,NA,12.5,NA,23,23.71,2.96,20,30,"2026-09-29"
"2026-09-29T21:05:34Z","ECR","Michael Wilson","ARI","WR",NA,NA,12.1,NA,24,24,2,21,27,"2026-09-29"
"2026-09-29T21:05:34Z","ECR","Nico Collins","HOU","WR",NA,NA,12,NA,25,26.86,16.63,9,53,"2026-09-29"
"2026-09-29T21:05:34Z","ECR","Devaughn Vele","NO","WR",NA,NA,12,NA,26,27.86,2.1,25,32,"2026-09-29"
"2026-09-29T21:05:34Z","ECR","DK Metcalf","PIT","WR",NA,NA,12,NA,27,28.29,2.49,24,32,"2026-09-29"
"2026-09-29T21:05:34Z","ECR","Terry McLaurin","WAS","WR",NA,NA,11.9,NA,28,28.43,1.68,26,30,"2026-09-29"
"2026-09-29T21:05:34Z","ECR","Stefon Diggs","WAS","WR",NA,NA,11.7,NA,29,29.86,3.68,25,36,"2026-09-29"
"2026-09-29T21:05:34Z","ECR","Jameson Williams","DET","WR",NA,NA,11.6,NA,30,29.86,1.25,28,32,"2026-09-29"
"2026-09-29T21:05:34Z","ECR","Jordan Addison","MIN","WR",NA,NA,11.4,NA,31,30.29,2.71,27,36,"2026-09-29"
"2026-09-29T21:05:34Z","ECR","Luther Burden III","CHI","WR",NA,NA,11,NA,32,31.14,1.46,28,33,"2026-09-29"
"2026-09-29T21:05:34Z","ECR","Emeka Egbuka","TB","WR",NA,NA,10.9,NA,33,33.29,1.16,32,35,"2026-09-29"
"2026-09-29T21:05:34Z","ECR","Denzel Boston","CLE","WR",NA,NA,10.9,NA,34,35.86,1.88,34,40,"2026-09-29"
"2026-09-29T21:05:34Z","ECR","Romeo Doubs","NE","WR",NA,NA,10.7,NA,35,36.71,3.19,32,42,"2026-09-29"
"2026-09-29T21:05:34Z","ECR","Keenan Allen","IND","WR",NA,NA,10.7,NA,36,37.29,1.48,35,39,"2026-09-29"
"2026-09-29T21:05:34Z","ECR","Dontayvion Wicks","PHI","WR",NA,NA,10.6,NA,37,38,2.93,34,44,"2026-09-29"
"2026-09-29T21:05:34Z","ECR","Rome Odunze","CHI","WR",NA,NA,10.5,NA,38,39.86,2.9,36,44,"2026-09-29"
"2026-09-29T21:05:34Z","ECR","Jakobi Meyers","JAX","WR",NA,NA,10.4,NA,39,40.14,0.99,39,42,"2026-09-29"
"2026-09-29T21:05:34Z","ECR","Carnell Tate","TEN","WR",NA,NA,10.3,NA,40,40.43,0.73,39,41,"2026-09-29"
"2026-09-29T21:05:34Z","ECR","Khalil Shakir","BUF","WR",NA,NA,10.3,NA,41,41.14,4.05,35,47,"2026-09-29"
"2026-09-29T21:05:34Z","ECR","Puka Nacua","LA","WR",NA,NA,10.2,NA,42,42.14,21.28,10,75,"2026-09-29"
"2026-09-29T21:05:34Z","ECR","Wan'Dale Robinson","TEN","WR",NA,NA,10.1,NA,43,43,0.76,42,44,"2026-09-29"
"2026-09-29T21:05:34Z","ECR","Malik Washington","MIA","WR",NA,NA,9.8,NA,44,43.86,2.8,38,47,"2026-09-29"
"2026-09-29T21:05:34Z","ECR","Chris Godwin Jr.","TB","WR",NA,NA,9.8,NA,45,45.71,3.1,40,50,"2026-09-29"
"2026-09-29T21:05:34Z","ECR","Tre Tucker","LV","WR",NA,NA,9.6,NA,46,46,1.2,44,48,"2026-09-29"
"2026-09-29T21:05:34Z","ECR","KC Concepcion Jr.","CLE","WR",NA,NA,9.6,NA,47,46.14,1.12,45,48,"2026-09-29"
"2026-09-29T21:05:34Z","ECR","Rashod Bateman","BAL","WR",NA,NA,9.5,NA,48,46.57,3.81,41,52,"2026-09-29"
"2026-09-29T21:05:34Z","ECR","Xavier Worthy","KC","WR",NA,NA,9.4,NA,49,47.29,3.49,43,54,"2026-09-29"
"2026-09-29T21:05:34Z","ECR","Jalen Coker","CAR","WR",NA,NA,9.3,NA,50,48.57,18.55,27,79,"2026-09-29"
"2026-09-29T21:05:34Z","ECR","Courtland Sutton","DEN","WR",NA,NA,9.2,NA,51,49.43,1.05,48,51,"2026-09-29"
"2026-09-29T21:05:34Z","ECR","Brian Thomas Jr.","JAX","WR",NA,NA,8.7,NA,52,52,1.41,50,54,"2026-09-29"
"2026-09-29T21:05:34Z","ECR","Marvin Harrison Jr.","ARI","WR",NA,NA,8.7,NA,53,52.29,1.39,51,55,"2026-09-29"
"2026-09-29T21:05:34Z","ECR","Quentin Johnston","LAC","WR",NA,NA,8.3,NA,54,53.86,1.12,52,55,"2026-09-29"
"2026-09-29T21:05:34Z","ECR","Kalif Raymond","CHI","WR",NA,NA,8.3,NA,55,55.86,4.26,46,59,"2026-09-29"
"2026-09-29T21:05:34Z","ECR","Chris Bell","MIA","WR",NA,NA,8.2,NA,56,56.43,5.47,48,65,"2026-09-29"
"2026-09-29T21:05:34Z","ECR","Mack Hollins","NE","WR",NA,NA,8.1,NA,57,57.14,2.59,54,61,"2026-09-29"
"2026-09-29T21:05:34Z","ECR","Ryan Flournoy","DAL","WR",NA,NA,8.1,NA,58,58.57,3.06,53,63,"2026-09-29"
"2026-09-29T21:05:34Z","ECR","Kayshon Boutte","HOU","WR",NA,NA,8.1,NA,59,59.43,2.44,56,63,"2026-09-29"
"2026-09-29T21:05:34Z","ECR","Xavier Hutchinson","HOU","WR",NA,NA,8,NA,60,60.14,3.83,57,69,"2026-09-29"
"2026-09-29T21:05:34Z","ECR","Michael Pittman Jr.","PIT","WR",NA,NA,7.9,NA,61,60.57,4.37,55,68,"2026-09-29"
"2026-09-29T21:05:34Z","ECR","Makai Lemon","PHI","WR",NA,NA,7.9,NA,62,60.86,2.85,54,63,"2026-09-29"
"2026-09-29T21:05:34Z","ECR","Justin Jefferson","MIN","WR",NA,NA,7.8,NA,63,53.33,19.24,13,74,"2026-09-29"
"2026-09-29T21:05:34Z","ECR","Tre' Harris","LAC","WR",NA,NA,7.5,NA,64,61.71,1.83,59,64,"2026-09-29"
"2026-09-29T21:05:34Z","ECR","Kendrick Bourne","ARI","WR",NA,NA,7.2,NA,65,63.43,2.38,60,66,"2026-09-29"
"2026-09-29T21:05:34Z","ECR","Pat Bryant","DEN","WR",NA,NA,7.2,NA,66,64,2.2,61,67,"2026-09-29"
"2026-09-29T21:05:34Z","ECR","Rashid Shaheed","SEA","WR",NA,NA,7.2,NA,67,65.14,1.55,64,68,"2026-09-29"
"2026-09-29T21:05:34Z","ECR","Malachi Fields","NYG","WR",NA,NA,7.1,NA,68,68.71,1.98,66,72,"2026-09-29"
"2026-09-29T21:05:34Z","ECR","Roman Wilson","PIT","WR",NA,NA,6.8,NA,69,69.43,0.9,68,71,"2026-09-29"
"2026-09-29T21:05:34Z","ECR","Jalen Nailor","LV","WR",NA,NA,6.8,NA,70,73.71,2.25,70,78,"2026-09-29"
"2026-09-29T21:05:34Z","ECR","Ted Hurst III","TB","WR",NA,NA,6.8,NA,71,74.14,2.03,71,77,"2026-09-29"
"2026-09-29T21:05:34Z","ECR","Jaylin Noel","HOU","WR",NA,NA,6.7,NA,72,75,8.62,70,96,"2026-09-29"
"2026-09-29T21:05:34Z","ECR","Mike Evans","SF","WR",NA,NA,6.6,NA,73,70.33,7.11,59,80,"2026-09-29"
"2026-09-29T21:05:34Z","ECR","DeMario Douglas","NE","WR",NA,NA,6.6,NA,74,74.17,3.13,68,77,"2026-09-29"
"2026-09-29T21:05:34Z","ECR","Isaiah Williams","NYJ","WR",NA,NA,6.5,NA,75,74.67,2.92,71,80,"2026-09-29"
"2026-09-29T21:05:34Z","ECR","Tyquan Thornton","KC","WR",NA,NA,6.4,NA,76,75.67,4.78,70,84,"2026-09-29"
"2026-09-29T21:05:34Z","ECR","Cooper Kupp","SEA","WR",NA,NA,6.3,NA,77,78.33,8.69,70,97,"2026-09-29"
"2026-09-29T21:05:34Z","ECR","Keon Coleman","BUF","WR",NA,NA,6.2,NA,78,80.5,8.58,72,99,"2026-09-29"
"2026-09-29T21:05:34Z","ECR","Jauan Jennings","MIN","WR",NA,NA,6.2,NA,79,75.8,11.11,60,90,"2026-09-29"
"2026-09-29T21:05:34Z","ECR","Antonio Williams","WAS","WR",NA,NA,6.2,NA,80,80,2.83,77,85,"2026-09-29"
"2026-09-29T21:05:34Z","ECR","Joshua Palmer","BUF","WR",NA,NA,6.1,NA,81,81.6,6.22,74,93,"2026-09-29"
"2026-09-29T21:05:34Z","ECR","Konata Mumpfield","LA","WR",NA,NA,6.1,NA,82,76.75,7.69,65,85,"2026-09-29"
"2026-09-29T21:05:34Z","ECR","Isaac TeSlaa","DET","WR",NA,NA,6,NA,83,79.25,7.29,67,86,"2026-09-29"
"2026-09-29T21:05:34Z","ECR","Adonai Mitchell","NYJ","WR",NA,NA,6,NA,84,82.75,13.66,67,104,"2026-09-29"
"2026-09-29T21:05:34Z","ECR","Jerry Jeudy","CLE","WR",NA,NA,5.9,NA,85,83.25,1.3,82,85,"2026-09-29"
"2026-09-29T21:05:34Z","ECR","Germie Bernard","PIT","WR",NA,NA,5.9,NA,86,84.25,3.49,80,89,"2026-09-29"
"2026-09-29T21:05:34Z","ECR","Elic Ayomanor","TEN","WR",NA,NA,5.7,NA,87,84.5,2.29,81,87,"2026-09-29"
"2026-09-29T21:05:34Z","ECR","Calvin Ridley","TEN","WR",NA,NA,5.7,NA,88,87.5,3.2,83,92,"2026-09-29"
"2026-09-29T21:05:34Z","ECR","Jahan Dotson","ATL","WR",NA,NA,5.7,NA,89,81.67,9.67,68,89,"2026-09-29"
"2026-09-29T21:05:34Z","ECR","Laquon Treadwell","IND","WR",NA,NA,5.4,NA,90,84,4.55,79,90,"2026-09-29"
"2026-09-29T21:05:34Z","ECR","Bryce Lance","NO","WR",NA,NA,5.3,NA,91,90,1.41,88,91,"2026-09-29"
"2026-09-29T21:05:34Z","ECR","Darnell Mooney","NYG","WR",NA,NA,5.2,NA,92,91.67,2.05,89,94,"2026-09-29"
"2026-09-29T21:05:34Z","ECR","Zachariah Branch","ATL","WR",NA,NA,5.1,NA,93,92.33,0.94,91,93,"2026-09-29"
"2026-09-29T21:05:34Z","ECR","Troy Franklin","DEN","WR",NA,NA,4.8,NA,94,94.67,2.49,92,98,"2026-09-29"
"2026-09-29T21:05:34Z","ECR","Olamide Zaccheaus","ATL","WR",NA,NA,4.8,NA,95,95.33,0.47,95,96,"2026-09-29"
"2026-09-29T21:05:34Z","ECR","Tez Johnson","TB","WR",NA,NA,4.4,NA,96,99.67,2.87,96,103,"2026-09-29"
"2026-09-29T21:05:34Z","ECR","KaVontae Turpin","DAL","WR",NA,NA,3.9,NA,97,100.67,2.87,97,104,"2026-09-29"
"2026-09-29T21:05:34Z","ECR","Kyle Williams","NE","WR",NA,NA,3.9,NA,98,103.33,10.5,94,118,"2026-09-29"
"2026-09-29T21:05:34Z","ECR","Tutu Atwell","LA","WR",NA,NA,3.8,NA,99,103,3.74,99,108,"2026-09-29"
"2026-09-29T21:05:34Z","ECR","Travis Hunter","JAX","WR",NA,NA,3.6,NA,100,103.33,3.4,100,108,"2026-09-29"
"2026-09-29T21:05:34Z","ECR","Chimere Dike","TEN","WR",NA,NA,3.4,NA,101,105.67,3.4,101,109,"2026-09-29"
"2026-09-29T21:05:34Z","ECR","Kevin Coleman Jr.","MIA","WR",NA,NA,3,NA,102,106.33,4.19,102,112,"2026-09-29"
"2026-09-29T21:05:34Z","ESPN","Josh Allen","BUF","QB",22.249310246,22.249310246,22.249310246,25.554357079,NA,NA,NA,NA,NA,NA
"2026-09-29T21:05:34Z","ESPN","Lamar Jackson","BAL","QB",21.124072739,21.124072739,21.124072739,24.222883242,NA,NA,NA,NA,NA,NA
"2026-09-29T21:05:34Z","ESPN","Bryce Young","CAR","QB",20.094670192,20.094670192,20.094670192,23.608112186,NA,NA,NA,NA,NA,NA
"2026-09-29T21:05:34Z","ESPN","Kyler Murray","MIN","QB",19.255970955,19.255970955,19.255970955,22.46135002,NA,NA,NA,NA,NA,NA
"2026-09-29T21:05:34Z","ESPN","Tyler Shough","NO","QB",18.848710753,18.848710753,18.848710753,22.239657809,NA,NA,NA,NA,NA,NA
"2026-09-29T21:05:34Z","ESPN","Patrick Mahomes","KC","QB",18.634967842,18.634967842,18.634967842,21.911204858,NA,NA,NA,NA,NA,NA
"2026-09-29T21:05:34Z","ESPN","Brock Purdy","SF","QB",18.633816903,18.633816903,18.633816903,22.253238426,NA,NA,NA,NA,NA,NA
"2026-09-29T21:05:34Z","ESPN","Trevor Lawrence","JAX","QB",18.440734051,18.440734051,18.440734051,21.990207191,NA,NA,NA,NA,NA,NA
"2026-09-29T21:05:34Z","ESPN","Marcus Mariota","WAS","QB",18.386892479,18.386892479,18.386892479,21.825697421,NA,NA,NA,NA,NA,NA
"2026-09-29T21:05:34Z","ESPN","Joe Burrow","CIN","QB",18.164953941,18.164953941,18.164953941,21.609979659,NA,NA,NA,NA,NA,NA
"2026-09-29T21:05:34Z","ESPN","Drake Maye","NE","QB",17.492480087,17.492480087,17.492480087,21.243092583,NA,NA,NA,NA,NA,NA
"2026-09-29T21:05:34Z","ESPN","Jalen Hurts","PHI","QB",17.482852348,17.482852348,17.482852348,20.767910395,NA,NA,NA,NA,NA,NA
"2026-09-29T21:05:34Z","ESPN","Jared Goff","DET","QB",17.370300998,17.370300998,17.370300998,20.677617632,NA,NA,NA,NA,NA,NA
"2026-09-29T21:05:34Z","ESPN","Dak Prescott","DAL","QB",17.158968967,17.158968967,17.158968967,20.505181408,NA,NA,NA,NA,NA,NA
"2026-09-29T21:05:34Z","ESPN","C.J. Stroud","HOU","QB",16.828082909,16.828082909,16.828082909,19.975263505,NA,NA,NA,NA,NA,NA
"2026-09-29T21:05:34Z","ESPN","Matthew Stafford","LA","QB",16.392023547,16.392023547,16.392023547,20.002328744,NA,NA,NA,NA,NA,NA
"2026-09-29T21:05:34Z","ESPN","Sam Darnold","SEA","QB",16.0510976649,16.0510976649,16.0510976649,19.5600616929,NA,NA,NA,NA,NA,NA
"2026-09-29T21:05:34Z","ESPN","Jacoby Brissett","ARI","QB",15.842702847,15.842702847,15.842702847,18.937617047,NA,NA,NA,NA,NA,NA
"2026-09-29T21:05:34Z","ESPN","Bo Nix","DEN","QB",15.263705955,15.263705955,15.263705955,18.519215124,NA,NA,NA,NA,NA,NA
"2026-09-29T21:05:34Z","ESPN","Daniel Jones","IND","QB",15.196085471,15.196085471,15.196085471,18.600090015,NA,NA,NA,NA,NA,NA
"2026-09-29T21:05:34Z","ESPN","Geno Smith","NYJ","QB",15.140330001,15.140330001,15.140330001,18.416884361,NA,NA,NA,NA,NA,NA
"2026-09-29T21:05:34Z","ESPN","Jordan Love","GB","QB",14.9348391402,14.9348391402,14.9348391402,18.4688726762,NA,NA,NA,NA,NA,NA
"2026-09-29T21:05:34Z","ESPN","Jalon Daniels","TB","QB",14.854751336,14.854751336,14.854751336,18.054475809,NA,NA,NA,NA,NA,NA
"2026-09-29T21:05:34Z","ESPN","Jameis Winston","NYG","QB",14.76533666,14.76533666,14.76533666,18.347085094,NA,NA,NA,NA,NA,NA
"2026-09-29T21:05:34Z","ESPN","Case Keenum","CHI","QB",14.75595999,14.75595999,14.75595999,18.270778819,NA,NA,NA,NA,NA,NA
"2026-09-29T21:05:34Z","ESPN","Michael Penix Jr.","ATL","QB",14.7098216975,14.7098216975,14.7098216975,17.9276312635,NA,NA,NA,NA,NA,NA
"2026-09-29T21:05:34Z","ESPN","Deshaun Watson","CLE","QB",14.561947619,14.561947619,14.561947619,17.514904443,NA,NA,NA,NA,NA,NA
"2026-09-29T21:05:34Z","ESPN","Kirk Cousins","LV","QB",13.9543746454,13.9543746454,13.9543746454,17.5180618714,NA,NA,NA,NA,NA,NA
"2026-09-29T21:05:34Z","ESPN","Aaron Rodgers","PIT","QB",13.717685421,13.717685421,13.717685421,16.801880313,NA,NA,NA,NA,NA,NA
"2026-09-29T21:05:34Z","ESPN","Cam Ward","TEN","QB",12.654450065,12.654450065,12.654450065,15.661998032,NA,NA,NA,NA,NA,NA
"2026-09-29T21:05:34Z","ESPN","Justin Herbert","LAC","QB",12.602894493,12.602894493,12.602894493,15.891458355,NA,NA,NA,NA,NA,NA
"2026-09-29T21:05:34Z","ESPN","Malik Willis","MIA","QB",11.688674125,11.688674125,11.688674125,14.854885206,NA,NA,NA,NA,NA,NA
"2026-09-29T21:05:34Z","ESPN","Caleb Williams","CHI","QB",0,0,0,0,NA,NA,NA,NA,NA,NA
"2026-09-29T21:05:34Z","ESPN","Jayden Daniels","WAS","QB",0,0,0,0,NA,NA,NA,NA,NA,NA
"2026-09-29T21:05:34Z","ESPN","Baker Mayfield","TB","QB",0,0,0,0,NA,NA,NA,NA,NA,NA
"2026-09-29T21:05:34Z","ESPN","Jaxson Dart","NYG","QB",0,0,0,0,NA,NA,NA,NA,NA,NA
"2026-09-29T21:05:34Z","ESPN","Fernando Mendoza","LV","QB",0,0,0,0,NA,NA,NA,NA,NA,NA
"2026-09-29T21:05:34Z","ESPN","Drew Lock","SEA","QB",0,0,0,0,NA,NA,NA,NA,NA,NA
"2026-09-29T21:05:34Z","ESPN","Carson Wentz","MIN","QB",0,0,0,0,NA,NA,NA,NA,NA,NA
"2026-09-29T21:05:34Z","ESPN","Shedeur Sanders","CLE","QB",0,0,0,0,NA,NA,NA,NA,NA,NA
"2026-09-29T21:05:34Z","ESPN","Jahmyr Gibbs","DET","RB",21.452098276,23.81425746,26.176416644,26.265568999,NA,NA,NA,NA,NA,NA
"2026-09-29T21:05:34Z","ESPN","Derrick Henry","BAL","RB",18.83843473,19.5354248585,20.232414987,20.336668573,NA,NA,NA,NA,NA,NA
"2026-09-29T21:05:34Z","ESPN","Bijan Robinson","ATL","RB",17.522626469,19.51279623,21.502965991,21.59878218,NA,NA,NA,NA,NA,NA
"2026-09-29T21:05:34Z","ESPN","Jonathan Taylor","IND","RB",17.480149719,18.922762829,20.365375939,20.455299202,NA,NA,NA,NA,NA,NA
"2026-09-29T21:05:34Z","ESPN","Kenneth Walker III","KC","RB",17.254712387,18.8690768395,20.483441292,20.543857282,NA,NA,NA,NA,NA,NA
"2026-09-29T21:05:34Z","ESPN","Christian McCaffrey","SF","RB",15.536876303,17.888587531,20.240298759,20.307031717,NA,NA,NA,NA,NA,NA
"2026-09-29T21:05:34Z","ESPN","Ashton Jeanty","LV","RB",14.248062482,16.534661876,18.82126127,18.899421827,NA,NA,NA,NA,NA,NA
"2026-09-29T21:05:34Z","ESPN","James Cook III","BUF","RB",15.511512347,16.484901059,17.458289771,17.57206866,NA,NA,NA,NA,NA,NA
"2026-09-29T21:05:34Z","ESPN","Aaron Jones Sr.","MIN","RB",15.037072539,16.1334631035,17.229853668,17.3460621,NA,NA,NA,NA,NA,NA
"2026-09-29T21:05:34Z","ESPN","Bucky Irving","TB","RB",14.182866463,15.442219652,16.701572841,16.773492268,NA,NA,NA,NA,NA,NA
"2026-09-29T21:05:34Z","ESPN","Cam Skattebo","NYG","RB",13.947349247,15.13534915,16.323349053,16.400848833,NA,NA,NA,NA,NA,NA
"2026-09-29T21:05:34Z","ESPN","Chuba Hubbard","CAR","RB",13.333573053,14.8413449105,16.349116768,16.422515885,NA,NA,NA,NA,NA,NA
"2026-09-29T21:05:34Z","ESPN","Chase Brown","CIN","RB",12.367905512,14.268870742,16.169835972,16.245181842,NA,NA,NA,NA,NA,NA
"2026-09-29T21:05:34Z","ESPN","Jeremiyah Love","ARI","RB",12.75182291,14.1332128355,15.514602761,15.592259368,NA,NA,NA,NA,NA,NA
"2026-09-29T21:05:34Z","ESPN","D'Andre Swift","CHI","RB",12.333005898,13.6113541215,14.889702345,14.957247076,NA,NA,NA,NA,NA,NA
"2026-09-29T21:05:34Z","ESPN","Javonte Williams","DAL","RB",11.989251099,13.2888280435,14.588404988,14.660359472,NA,NA,NA,NA,NA,NA
"2026-09-29T21:05:34Z","ESPN","Saquon Barkley","PHI","RB",12.331610266,13.2618546435,14.192099021,14.248571528,NA,NA,NA,NA,NA,NA
"2026-09-29T21:05:34Z","ESPN","David Montgomery","HOU","RB",11.574311932,12.517071254,13.459830576,13.525870852,NA,NA,NA,NA,NA,NA
"2026-09-29T21:05:34Z","ESPN","Jaylen Warren","PIT","RB",10.929660343,12.4927058145,14.055751286,14.119171408,NA,NA,NA,NA,NA,NA
"2026-09-29T21:05:34Z","ESPN","Braelon Allen","NYJ","RB",11.036402629,11.904367353,12.772332077,12.836375576,NA,NA,NA,NA,NA,NA
"2026-09-29T21:05:34Z","ESPN","Kyren Williams","LA","RB",10.62486162,11.8256287105,13.026395801,13.086014004,NA,NA,NA,NA,NA,NA
"2026-09-29T21:05:34Z","ESPN","Bhayshul Tuten","JAX","RB",10.981695159,11.8150294815,12.648363804,12.732763191,NA,NA,NA,NA,NA,NA
"2026-09-29T21:05:34Z","ESPN","Quinshon Judkins","CLE","RB",10.348239287,11.4050365785,12.46183387,12.500115187,NA,NA,NA,NA,NA,NA
"2026-09-29T21:05:34Z","ESPN","Tony Pollard","TEN","RB",9.721221492,10.719444402,11.717667312,11.798291837,NA,NA,NA,NA,NA,NA
"2026-09-29T21:05:34Z","ESPN","Rhamondre Stevenson","NE","RB",8.86347122,10.2313883915,11.599305563,11.670666325,NA,NA,NA,NA,NA,NA
"2026-09-29T21:05:34Z","ESPN","Omarion Hampton","LAC","RB",9.3951669467,10.1365551847,10.8779434227,10.9381567017,NA,NA,NA,NA,NA,NA
"2026-09-29T21:05:34Z","ESPN","J.K. Dobbins","DEN","RB",9.0448779659,9.5645057139,10.0841334619,10.1148764429,NA,NA,NA,NA,NA,NA
"2026-09-29T21:05:34Z","ESPN","Emanuel Wilson","SEA","RB",8.9605752072,9.2798872027,9.5991991982,9.6472803252,NA,NA,NA,NA,NA,NA
"2026-09-29T21:05:34Z","ESPN","Jadarian Price","SEA","RB",8.47560947,9.2223117245,9.969013979,10.015876635,NA,NA,NA,NA,NA,NA
"2026-09-29T21:05:34Z","ESPN","Alvin Kamara","NO","RB",7.775413102,9.1733287485,10.571244395,10.624495715,NA,NA,NA,NA,NA,NA
"2026-09-29T21:05:34Z","ESPN","Jacory Croskey-Merritt","WAS","RB",8.7663889643,9.0018532488,9.2373175333,9.3326829733,NA,NA,NA,NA,NA,NA
"2026-09-29T21:05:34Z","ESPN","TreVeyon Henderson","NE","RB",8.035645823,8.7807438395,9.525841856,9.562525522,NA,NA,NA,NA,NA,NA
"2026-09-29T21:05:34Z","ESPN","Ollie Gordon II","MIA","RB",7.414189459,8.3547163455,9.295243232,9.341133665,NA,NA,NA,NA,NA,NA
"2026-09-29T21:05:34Z","ESPN","Isaiah Davis","NYJ","RB",7.279725935,8.3039766295,9.328227324,9.348337441,NA,NA,NA,NA,NA,NA
"2026-09-29T21:05:34Z","ESPN","RJ Harvey","DEN","RB",6.248481119,8.1857260475,10.122970976,10.151052102,NA,NA,NA,NA,NA,NA
"2026-09-29T21:05:34Z","ESPN","Rico Dowdle","PIT","RB",7.434584553,8.144627119,8.854669685,8.90022757,NA,NA,NA,NA,NA,NA
"2026-09-29T21:05:34Z","ESPN","Kendre Miller","NO","RB",7.410727597,8.1213936335,8.83205967,8.85706156,NA,NA,NA,NA,NA,NA
"2026-09-29T21:05:34Z","ESPN","Kyle Monangai","CHI","RB",6.97696424,7.6809765625,8.384988885,8.405485935,NA,NA,NA,NA,NA,NA
"2026-09-29T21:05:34Z","ESPN","Blake Corum","LA","RB",7.1054689146,7.6121059511,8.1187429876,8.1408804606,NA,NA,NA,NA,NA,NA
"2026-09-29T21:05:34Z","ESPN","Woody Marks","HOU","RB",6.57492977,7.428458898,8.281988026,8.321814731,NA,NA,NA,NA,NA,NA
"2026-09-29T21:05:34Z","ESPN","Rachaad White","WAS","RB",6.136472753,7.2308731865,8.32527362,8.355761614,NA,NA,NA,NA,NA,NA
"2026-09-29T21:05:34Z","ESPN","Tyler Allgeier","ARI","RB",5.954840994,6.997102066,8.039363138,8.05733706,NA,NA,NA,NA,NA,NA
"2026-09-29T21:05:34Z","ESPN","Kenny Gainwell","TB","RB",5.473339859,6.7712323275,8.069124796,8.10363839,NA,NA,NA,NA,NA,NA
"2026-09-29T21:05:34Z","ESPN","Tyjae Spears","TEN","RB",5.493252241,6.755430168,8.017608095,8.040830856,NA,NA,NA,NA,NA,NA
"2026-09-29T21:05:34Z","ESPN","Kaleb Johnson","GB","RB",5.8798889699,6.5474435499,7.2149981299,7.2572999239,NA,NA,NA,NA,NA,NA
"2026-09-29T21:05:34Z","ESPN","Jaylen Wright","MIA","RB",5.411646387,6.2375187065,7.063391026,7.140909694,NA,NA,NA,NA,NA,NA
"2026-09-29T21:05:34Z","ESPN","Najee Harris","NYG","RB",5.6998594347,6.1342308857,6.5686023367,6.5937906187,NA,NA,NA,NA,NA,NA
"2026-09-29T21:05:34Z","ESPN","MarShawn Lloyd","GB","RB",5.409079036,5.94909439,6.489109744,6.526769834,NA,NA,NA,NA,NA,NA
"2026-09-29T21:05:34Z","ESPN","Brian Robinson Jr.","ATL","RB",5.5580313315,5.8041102675,6.0501892035,6.0797669735,NA,NA,NA,NA,NA,NA
"2026-09-29T21:05:34Z","ESPN","Kaelon Black","SF","RB",4.985244,5.2158956685,5.446547337,5.478131579,NA,NA,NA,NA,NA,NA
"2026-09-29T21:05:34Z","ESPN","Raheim Sanders","CLE","RB",3.803634842,4.970197171,6.1367595,6.159492765,NA,NA,NA,NA,NA,NA
"2026-09-29T21:05:34Z","ESPN","Chris Rodriguez Jr.","JAX","RB",4.7206779616,4.8410666526,4.9614553436,4.9803243696,NA,NA,NA,NA,NA,NA
"2026-09-29T21:05:34Z","ESPN","Justice Hill","BAL","RB",4.199543188,4.7853845745,5.371225961,5.396732599,NA,NA,NA,NA,NA,NA
"2026-09-29T21:05:34Z","ESPN","Emmett Johnson","KC","RB",4.079805167,4.560165393,5.040525619,5.064224895,NA,NA,NA,NA,NA,NA
"2026-09-29T21:05:34Z","ESPN","George Holani","SEA","RB",3.713489539,4.361521602,5.009553665,5.029377637,NA,NA,NA,NA,NA,NA
"2026-09-29T21:05:34Z","ESPN","AJ Dillon","CAR","RB",3.9714371018,4.3558384323,4.7402397628,4.7615732758,NA,NA,NA,NA,NA,NA
"2026-09-29T21:05:34Z","ESPN","Samaje Perine","CIN","RB",3.588329998,4.322272723,5.056215448,5.09128381,NA,NA,NA,NA,NA,NA
"2026-09-29T21:05:34Z","ESPN","Keaton Mitchell","LAC","RB",3.584500275,4.198148939,4.811797603,4.838162629,NA,NA,NA,NA,NA,NA
"2026-09-29T21:05:34Z","ESPN","Sione Vaki","DET","RB",3.6451840476,4.0229889361,4.4007938246,4.4218921676,NA,NA,NA,NA,NA,NA
"2026-09-29T21:05:34Z","ESPN","Ty Johnson","BUF","RB",3.162336447,3.8057979535,4.44925946,4.467754519,NA,NA,NA,NA,NA,NA
"2026-09-29T21:05:34Z","ESPN","Austin Ekeler",NA,"RB",2.867037328,3.4597259785,4.052414629,4.079074471,NA,NA,NA,NA,NA,NA
"2026-09-29T21:05:34Z","ESPN","Tyler Goodson","DAL","RB",3.0428871505,3.2978409375,3.5527947245,3.5685404235,NA,NA,NA,NA,NA,NA
"2026-09-29T21:05:34Z","ESPN","Chris Brooks","GB","RB",2.5149065359,3.1826803454,3.8504541549,3.8621146139,NA,NA,NA,NA,NA,NA
"2026-09-29T21:05:34Z","ESPN","Mike Washington Jr.","LV","RB",2.9490821228,3.0783566508,3.2076311788,3.2264950358,NA,NA,NA,NA,NA,NA
"2026-09-29T21:05:34Z","ESPN","Seth McGowan","IND","RB",2.6304662817,2.7532458207,2.8760253597,2.8918993477,NA,NA,NA,NA,NA,NA
"2026-09-29T21:05:34Z","ESPN","Will Shipley","PHI","RB",2.0499106663,2.7287753888,3.4076401113,3.4223743763,NA,NA,NA,NA,NA,NA
"2026-09-29T21:05:34Z","ESPN","Tank Bigsby","PHI","RB",2.426326808,2.645039124,2.86375144,2.882061742,NA,NA,NA,NA,NA,NA
"2026-09-29T21:05:34Z","ESPN","Demond Claiborne","MIN","RB",2.2128487706,2.3255768306,2.4383048906,2.4519304826,NA,NA,NA,NA,NA,NA
"2026-09-29T21:05:34Z","ESPN","DeeJay Dallas","MIN","RB",1.879231149,2.2180597605,2.556888372,2.578327473,NA,NA,NA,NA,NA,NA
"2026-09-29T21:05:34Z","ESPN","CJ Donaldson","NO","RB",1.8208035031,2.1790790296,2.5373545561,2.5479868521,NA,NA,NA,NA,NA,NA
"2026-09-29T21:05:34Z","ESPN","Kyle Juszczyk","SF","RB",1.4576563022,2.0118644077,2.5660725132,2.5734167382,NA,NA,NA,NA,NA,NA
"2026-09-29T21:05:34Z","ESPN","Kimani Vidal","LAC","RB",1.3530295158,1.9210208073,2.4890120988,2.4957630498,NA,NA,NA,NA,NA,NA
"2026-09-29T21:05:34Z","ESPN","LeQuint Allen Jr.","JAX","RB",1.1086947893,1.5798844323,2.0510740753,2.0565869753,NA,NA,NA,NA,NA,NA
"2026-09-29T21:05:34Z","ESPN","Tyler Badie","DEN","RB",1.0990898856,1.4838697671,1.8686496486,1.8750712186,NA,NA,NA,NA,NA,NA
"2026-09-29T21:05:34Z","ESPN","Ray Davis","BUF","RB",1.1422920711,1.2531368251,1.3639815791,1.3718184581,NA,NA,NA,NA,NA,NA
"2026-09-29T21:05:34Z","ESPN","Ameer Abdullah","JAX","RB",0.9231230478,1.1754185483,1.4277140488,1.4334769918,NA,NA,NA,NA,NA,NA
"2026-09-29T21:05:34Z","ESPN","Alec Ingold","LAC","RB",0.6443699878,1.0055630268,1.3667560658,1.3722072088,NA,NA,NA,NA,NA,NA
"2026-09-29T21:05:34Z","ESPN","Hunter Luepke","DAL","RB",0.6829171886,0.8161598106,0.9494024326,0.9527224536,NA,NA,NA,NA,NA,NA
"2026-09-29T21:05:34Z","ESPN","Nicholas Singleton","TEN","RB",0.6791342626,0.6791342626,0.6791342626,0.6838953606,NA,NA,NA,NA,NA,NA
"2026-09-29T21:05:34Z","ESPN","Tyrone Tracy Jr.","NYG","RB",0.5622859945,0.668429932,0.7745738695,0.7780865995,NA,NA,NA,NA,NA,NA
"2026-09-29T21:05:34Z","ESPN","Trey McBride","ARI","TE",10.09368221,13.7537240835,17.413765957,21.1059400485,NA,NA,NA,NA,NA,NA
"2026-09-29T21:05:34Z","ESPN","Brock Bowers","LV","TE",9.3834449091,12.6473556211,15.9112663331,19.1982285451,NA,NA,NA,NA,NA,NA
"2026-09-29T21:05:34Z","ESPN","George Kittle","SF","TE",8.844878354,11.2776089665,13.710339579,16.1664852695,NA,NA,NA,NA,NA,NA
"2026-09-29T21:05:34Z","ESPN","Tyler Warren","IND","TE",7.7240873752,10.3799460417,13.0358047082,15.7301753407,NA,NA,NA,NA,NA,NA
"2026-09-29T21:05:34Z","ESPN","Isaiah Likely","NYG","TE",7.435866531,9.5861882795,11.736510028,13.9222938785,NA,NA,NA,NA,NA,NA
"2026-09-29T21:05:34Z","ESPN","Travis Kelce","KC","TE",7.283956118,9.535878206,11.787800294,14.070970818,NA,NA,NA,NA,NA,NA
"2026-09-29T21:05:34Z","ESPN","Sam LaPorta","DET","TE",6.782935731,8.983578003,11.184220275,13.405961036,NA,NA,NA,NA,NA,NA
"2026-09-29T21:05:34Z","ESPN","Harold Fannin Jr.","CLE","TE",6.5406855914,8.8781711399,11.2156566884,13.5867677519,NA,NA,NA,NA,NA,NA
"2026-09-29T21:05:34Z","ESPN","Dalton Kincaid","BUF","TE",6.531763486,8.6074581165,10.683152747,12.7904367685,NA,NA,NA,NA,NA,NA
"2026-09-29T21:05:34Z","ESPN","Juwan Johnson","NO","TE",6.608694118,8.586943001,10.565191884,12.580638429,NA,NA,NA,NA,NA,NA
"2026-09-29T21:05:34Z","ESPN","Mark Andrews","BAL","TE",6.255653123,8.13925146,10.022849797,11.935267928,NA,NA,NA,NA,NA,NA
"2026-09-29T21:05:34Z","ESPN","Kenyon Sadiq","NYJ","TE",5.2916762867,7.3178785137,9.3440807407,11.3987353627,NA,NA,NA,NA,NA,NA
"2026-09-29T21:05:34Z","ESPN","Hunter Henry","NE","TE",5.406203151,7.1643281895,8.922453228,10.6948142095,NA,NA,NA,NA,NA,NA
"2026-09-29T21:05:34Z","ESPN","Colston Loveland","CHI","TE",5.358988763,7.052437195,8.745885627,10.457889267,NA,NA,NA,NA,NA,NA
"2026-09-29T21:05:34Z","ESPN","Dalton Schultz","HOU","TE",4.944555821,6.98981392,9.035072019,11.105250598,NA,NA,NA,NA,NA,NA
"2026-09-29T21:05:34Z","ESPN","Tucker Kraft","GB","TE",4.9602759936,6.9281475481,8.8960191026,10.8884268951,NA,NA,NA,NA,NA,NA
"2026-09-29T21:05:34Z","ESPN","AJ Barner","SEA","TE",5.1842182616,6.6503605031,8.1165027446,9.6107622891,NA,NA,NA,NA,NA,NA
"2026-09-29T21:05:34Z","ESPN","Brenton Strange","JAX","TE",4.88025699,6.4368397565,7.993422523,9.5708100415,NA,NA,NA,NA,NA,NA
"2026-09-29T21:05:34Z","ESPN","Jake Ferguson","DAL","TE",4.560146793,6.3416013675,8.123055942,9.9444150985,NA,NA,NA,NA,NA,NA
"2026-09-29T21:05:34Z","ESPN","Cade Otton","TB","TE",4.739129041,6.317726881,7.896324721,9.49274286,NA,NA,NA,NA,NA,NA
"2026-09-29T21:05:34Z","ESPN","T.J. Hockenson","MIN","TE",4.539215869,6.311234345,8.083252821,9.870808638,NA,NA,NA,NA,NA,NA
"2026-09-29T21:05:34Z","ESPN","Pat Freiermuth","PIT","TE",4.5798806828,6.2531973508,7.9265140188,9.6277423358,NA,NA,NA,NA,NA,NA
"2026-09-29T21:05:34Z","ESPN","Darren Waller","CAR","TE",4.599501083,6.013736523,7.427971963,8.855766277,NA,NA,NA,NA,NA,NA
"2026-09-29T21:05:34Z","ESPN","Mike Gesicki","CIN","TE",4.478402473,5.9678609045,7.457319336,8.9632337405,NA,NA,NA,NA,NA,NA
"2026-09-29T21:05:34Z","ESPN","Kyle Pitts Sr.","ATL","TE",4.387575086,5.8773709135,7.367166741,8.8671649275,NA,NA,NA,NA,NA,NA
"2026-09-29T21:05:34Z","ESPN","Oronde Gadsden","LAC","TE",4.057468052,5.5756775385,7.093887025,8.6352715955,NA,NA,NA,NA,NA,NA
"2026-09-29T21:05:34Z","ESPN","Colby Parkinson","LA","TE",4.179951406,5.469520873,6.75909034,8.074879042,NA,NA,NA,NA,NA,NA
"2026-09-29T21:05:34Z","ESPN","Gunnar Helm","TEN","TE",3.857300532,5.467078685,7.076856838,8.708683026,NA,NA,NA,NA,NA,NA
"2026-09-29T21:05:34Z","ESPN","Chig Okonkwo","WAS","TE",3.837804151,5.250669726,6.663535301,8.090823633,NA,NA,NA,NA,NA,NA
"2026-09-29T21:05:34Z","ESPN","Greg Dulcich","MIA","TE",3.442998347,4.8702053055,6.297412264,7.7449585955,NA,NA,NA,NA,NA,NA
"2026-09-29T21:05:34Z","ESPN","Michael Mayer","LV","TE",3.208007713,4.5509671735,5.893926634,7.2552253475,NA,NA,NA,NA,NA,NA
"2026-09-29T21:05:34Z","ESPN","Tommy Tremble","CAR","TE",3.246618993,4.310201596,5.373784199,6.453620831,NA,NA,NA,NA,NA,NA
"2026-09-29T21:05:34Z","ESPN","Tyler Higbee","LA","TE",2.972250905,4.173842281,5.375433657,6.590241562,NA,NA,NA,NA,NA,NA
"2026-09-29T21:05:34Z","ESPN","Evan Engram","DEN","TE",2.561197116,3.953684127,5.346171138,6.754897211,NA,NA,NA,NA,NA,NA
"2026-09-29T21:05:34Z","ESPN","Noah Fant","NO","TE",2.689791204,3.61982284,4.549854476,5.492826203,NA,NA,NA,NA,NA,NA
"2026-09-29T21:05:34Z","ESPN","Austin Hooper","ATL","TE",2.55789104,3.477340128,4.396789216,5.328624953,NA,NA,NA,NA,NA,NA
"2026-09-29T21:05:34Z","ESPN","Darnell Washington","PIT","TE",2.41162787,3.3187411875,4.225854505,5.1499137815,NA,NA,NA,NA,NA,NA
"2026-09-29T21:05:34Z","ESPN","Mason Taylor","NYJ","TE",2.072182267,2.98292727,3.893672273,4.81689113,NA,NA,NA,NA,NA,NA
"2026-09-29T21:05:34Z","ESPN","Zach Ertz","PHI","TE",2.128320844,2.954782411,3.781243978,4.619009729,NA,NA,NA,NA,NA,NA
"2026-09-29T21:05:34Z","ESPN","Dawson Knox","BUF","TE",2.105287395,2.695883228,3.286479061,3.882737186,NA,NA,NA,NA,NA,NA
"2026-09-29T21:05:34Z","ESPN","Drew Sample","CIN","TE",1.868288798,2.6944797455,3.520670693,4.3584494215,NA,NA,NA,NA,NA,NA
"2026-09-29T21:05:34Z","ESPN","Jonnu Smith","GB","TE",1.8571538241,2.6468317266,3.4365096291,4.2407560956,NA,NA,NA,NA,NA,NA
"2026-09-29T21:05:34Z","ESPN","Johnny Mundt","PHI","TE",1.864319601,2.5660098145,3.267700028,3.9770786995,NA,NA,NA,NA,NA,NA
"2026-09-29T21:05:34Z","ESPN","Noah Gray","KC","TE",1.813906882,2.452883228,3.091859574,3.736962057,NA,NA,NA,NA,NA,NA
"2026-09-29T21:05:34Z","ESPN","Foster Moreau","HOU","TE",1.83217719,2.439668593,3.047159996,3.663794654,NA,NA,NA,NA,NA,NA
"2026-09-29T21:05:34Z","ESPN","Theo Johnson","NYG","TE",1.911567787,2.4200675035,2.92856722,3.4426385955,NA,NA,NA,NA,NA,NA
"2026-09-29T21:05:34Z","ESPN","Gavin Bartholomew","MIN","TE",1.576334847,2.1211157275,2.665896608,3.2181389815,NA,NA,NA,NA,NA,NA
"2026-09-29T21:05:34Z","ESPN","Cole Kmet","CHI","TE",1.5143285,2.107584825,2.70084115,3.301256375,NA,NA,NA,NA,NA,NA
"2026-09-29T21:05:34Z","ESPN","Jeremy Ruckert","NYJ","TE",1.3642940685,1.9943924485,2.6244908285,3.2614932315,NA,NA,NA,NA,NA,NA
"2026-09-29T21:05:34Z","ESPN","Mitchell Evans","CAR","TE",1.5088252402,1.9786173232,2.4484094062,2.9246359112,NA,NA,NA,NA,NA,NA
"2026-09-29T21:05:34Z","ESPN","Jaxon Smith-Njigba","SEA","WR",13.8217761791,17.3965918741,20.9714075691,21.0423642871,NA,NA,NA,NA,NA,NA
"2026-09-29T21:05:34Z","ESPN","Puka Nacua","LA","WR",13.3454085162,16.9279504207,20.5104923252,20.5651099322,NA,NA,NA,NA,NA,NA
"2026-09-29T21:05:34Z","ESPN","Ja'Marr Chase","CIN","WR",12.6758626897,16.5663174557,20.4567722217,20.5178480807,NA,NA,NA,NA,NA,NA
"2026-09-29T21:05:34Z","ESPN","Amon-Ra St. Brown","DET","WR",12.8206523496,16.4771269406,20.1336015316,20.1845733146,NA,NA,NA,NA,NA,NA
"2026-09-29T21:05:34Z","ESPN","Justin Jefferson","MIN","WR",12.2348618466,15.4361320031,18.6374021596,18.6769298036,NA,NA,NA,NA,NA,NA
"2026-09-29T21:05:34Z","ESPN","Chris Olave","NO","WR",11.882827418,15.070993533,18.259159648,18.302628331,NA,NA,NA,NA,NA,NA
"2026-09-29T21:05:34Z","ESPN","Drake London","ATL","WR",10.704354259,13.707595728,16.710837197,16.766345011,NA,NA,NA,NA,NA,NA
"2026-09-29T21:05:34Z","ESPN","CeeDee Lamb","DAL","WR",10.4118951034,13.6504423279,16.8889895524,16.9302649104,NA,NA,NA,NA,NA,NA
"2026-09-29T21:05:34Z","ESPN","Zay Flowers","BAL","WR",10.5664943562,12.9586808352,15.3508673142,15.4094447242,NA,NA,NA,NA,NA,NA
"2026-09-29T21:05:34Z","ESPN","Tetairoa McMillan","CAR","WR",10.516856489,12.7314723585,14.946088228,14.988865676,NA,NA,NA,NA,NA,NA
"2026-09-29T21:05:34Z","ESPN","Nico Collins","HOU","WR",9.9702315556,12.6282751471,15.2863187386,15.3276615026,NA,NA,NA,NA,NA,NA
"2026-09-29T21:05:34Z","ESPN","Parker Washington","JAX","WR",10.0253639972,12.5773472382,15.1293304792,15.1876606212,NA,NA,NA,NA,NA,NA
"2026-09-29T21:05:34Z","ESPN","DeVonta Smith","PHI","WR",9.472326071,12.5228713075,15.573416544,15.611586336,NA,NA,NA,NA,NA,NA
"2026-09-29T21:05:34Z","ESPN","Davante Adams","LA","WR",10.005123637,12.3395839505,14.674044264,14.699453933,NA,NA,NA,NA,NA,NA
"2026-09-29T21:05:34Z","ESPN","Garrett Wilson","NYJ","WR",9.0442714389,12.1898962534,15.3355210679,15.4041908419,NA,NA,NA,NA,NA,NA
"2026-09-29T21:05:34Z","ESPN","Rashee Rice","KC","WR",9.3695796844,12.1318354524,14.8940912204,14.9583149924,NA,NA,NA,NA,NA,NA
"2026-09-29T21:05:34Z","ESPN","Christian Watson","GB","WR",9.6831807753,12.0584030343,14.4336252933,14.4787593263,NA,NA,NA,NA,NA,NA
"2026-09-29T21:05:34Z","ESPN","Malik Nabers","NYG","WR",9.149686886,11.3778441285,13.606001371,13.643466619,NA,NA,NA,NA,NA,NA
"2026-09-29T21:05:34Z","ESPN","Tee Higgins","CIN","WR",8.897702944,11.293074853,13.688446762,13.717453508,NA,NA,NA,NA,NA,NA
"2026-09-29T21:05:34Z","ESPN","George Pickens","DAL","WR",8.742281777,11.238068601,13.733855425,13.78976105,NA,NA,NA,NA,NA,NA
"2026-09-29T21:05:34Z","ESPN","Jalen Coker","CAR","WR",8.671857323,11.194829307,13.717801291,13.766534936,NA,NA,NA,NA,NA,NA
"2026-09-29T21:05:34Z","ESPN","Josh Downs","IND","WR",8.56189426,11.102687526,13.643480792,13.683999643,NA,NA,NA,NA,NA,NA
"2026-09-29T21:05:34Z","ESPN","Terry McLaurin","WAS","WR",8.814769701,10.877191777,12.939613853,12.972758279,NA,NA,NA,NA,NA,NA
"2026-09-29T21:05:34Z","ESPN","Michael Wilson","ARI","WR",8.348928612,10.852735678,13.356542744,13.387225882,NA,NA,NA,NA,NA,NA
"2026-09-29T21:05:34Z","ESPN","DJ Moore","BUF","WR",8.69652072,10.826354388,12.956188056,12.992908597,NA,NA,NA,NA,NA,NA
"2026-09-29T21:05:34Z","ESPN","Matthew Golden","GB","WR",8.3442957243,10.5979603588,12.8516249933,12.9003572043,NA,NA,NA,NA,NA,NA
"2026-09-29T21:05:34Z","ESPN","Mike Evans","SF","WR",8.281121694,10.3353961505,12.389670607,12.419022365,NA,NA,NA,NA,NA,NA
"2026-09-29T21:05:34Z","ESPN","Luther Burden III","CHI","WR",7.7113678366,10.1469070961,12.5824463556,12.6257537626,NA,NA,NA,NA,NA,NA
"2026-09-29T21:05:34Z","ESPN","Jordan Addison","MIN","WR",7.7953627838,9.6634043963,11.5314460088,11.5589870568,NA,NA,NA,NA,NA,NA
"2026-09-29T21:05:34Z","ESPN","Carnell Tate","TEN","WR",7.367650046,9.6094141385,11.851178231,11.896936282,NA,NA,NA,NA,NA,NA
"2026-09-29T21:05:34Z","ESPN","Jaylen Waddle","DEN","WR",7.0728299995,9.4904181705,11.9080063415,11.9497944795,NA,NA,NA,NA,NA,NA
"2026-09-29T21:05:34Z","ESPN","Emeka Egbuka","TB","WR",7.7413724375,9.4679337505,11.1944950635,11.2236150955,NA,NA,NA,NA,NA,NA
"2026-09-29T21:05:34Z","ESPN","Stefon Diggs","WAS","WR",6.969215261,9.271194866,11.573174471,11.604418196,NA,NA,NA,NA,NA,NA
"2026-09-29T21:05:34Z","ESPN","Ladd McConkey","LAC","WR",6.717836713,9.2569706985,11.796104684,11.832682974,NA,NA,NA,NA,NA,NA
"2026-09-29T21:05:34Z","ESPN","Deebo Samuel Sr.","SF","WR",7.3011839944,8.9989180269,10.6966520594,10.7465191854,NA,NA,NA,NA,NA,NA
"2026-09-29T21:05:34Z","ESPN","Keenan Allen","IND","WR",6.613859623,8.9340566225,11.254253622,11.302515788,NA,NA,NA,NA,NA,NA
"2026-09-29T21:05:34Z","ESPN","Adonai Mitchell","NYJ","WR",7.1946635011,8.8479245171,10.5011855331,10.5393648581,NA,NA,NA,NA,NA,NA
"2026-09-29T21:05:34Z","ESPN","Jakobi Meyers","JAX","WR",6.8492028761,8.8201311576,10.7910594391,10.8247768891,NA,NA,NA,NA,NA,NA
"2026-09-29T21:05:34Z","ESPN","Jameson Williams","DET","WR",7.1025283492,8.7402614542,10.3779945592,10.3997275712,NA,NA,NA,NA,NA,NA
"2026-09-29T21:05:34Z","ESPN","Devaughn Vele","NO","WR",6.834559228,8.7303245685,10.626089909,10.657046432,NA,NA,NA,NA,NA,NA
"2026-09-29T21:05:34Z","ESPN","Courtland Sutton","DEN","WR",6.746296451,8.648823624,10.551350797,10.57801125,NA,NA,NA,NA,NA,NA
"2026-09-29T21:05:34Z","ESPN","Denzel Boston","CLE","WR",6.639986404,8.599526151,10.559065898,10.599063291,NA,NA,NA,NA,NA,NA
"2026-09-29T21:05:34Z","ESPN","DK Metcalf","PIT","WR",6.934333316,8.541702262,10.149071208,10.172754367,NA,NA,NA,NA,NA,NA
"2026-09-29T21:05:34Z","ESPN","Rome Odunze","CHI","WR",6.890480251,8.442320372,9.994160493,10.026265176,NA,NA,NA,NA,NA,NA
"2026-09-29T21:05:34Z","ESPN","Xavier Worthy","KC","WR",6.7106217404,8.2631238984,9.8156260564,9.8336113114,NA,NA,NA,NA,NA,NA
"2026-09-29T21:05:34Z","ESPN","Dontayvion Wicks","PHI","WR",6.474526264,8.1681909155,9.861855567,9.899793655,NA,NA,NA,NA,NA,NA
"2026-09-29T21:05:34Z","ESPN","Romeo Doubs","NE","WR",6.357172264,8.0647299465,9.772287629,9.806077249,NA,NA,NA,NA,NA,NA
"2026-09-29T21:05:34Z","ESPN","Tre Tucker","LV","WR",6.2496120814,8.0474806989,9.8453493164,9.8647408184,NA,NA,NA,NA,NA,NA
"2026-09-29T21:05:34Z","ESPN","Malik Washington","MIA","WR",6.1304572628,7.9702515353,9.8100458078,9.8551174568,NA,NA,NA,NA,NA,NA
"2026-09-29T21:05:34Z","ESPN","Khalil Shakir","BUF","WR",6.0647289456,7.9121774906,9.7596260356,9.7913145386,NA,NA,NA,NA,NA,NA
"2026-09-29T21:05:34Z","ESPN","Mack Hollins","NE","WR",6.010459655,7.8485630865,9.686666518,9.716569325,NA,NA,NA,NA,NA,NA
"2026-09-29T21:05:34Z","ESPN","Ryan Flournoy","DAL","WR",5.924920127,7.738571199,9.552222271,9.590384452,NA,NA,NA,NA,NA,NA
"2026-09-29T21:05:34Z","ESPN","Kalif Raymond","CHI","WR",5.4336021329,7.7005453834,9.9674886339,10.0177137079,NA,NA,NA,NA,NA,NA
"2026-09-29T21:05:34Z","ESPN","Michael Pittman Jr.","PIT","WR",5.485105462,7.6323300265,9.779554591,9.811024624,NA,NA,NA,NA,NA,NA
"2026-09-29T21:05:34Z","ESPN","KC Concepcion","CLE","WR",5.5986956017,7.4717590302,9.3448224587,9.3912578587,NA,NA,NA,NA,NA,NA
"2026-09-29T21:05:34Z","ESPN","DeMario Douglas","NE","WR",5.7571533358,7.4353991583,9.1136449808,9.1528863848,NA,NA,NA,NA,NA,NA
"2026-09-29T21:05:34Z","ESPN","Quentin Johnston","LAC","WR",5.5448505205,7.0476380035,8.5504254865,8.5765875495,NA,NA,NA,NA,NA,NA
"2026-09-29T21:05:34Z","ESPN","Wan'Dale Robinson","TEN","WR",4.734038603,6.943143971,9.152249339,9.18397384,NA,NA,NA,NA,NA,NA
"2026-09-29T21:05:34Z","ESPN","Brian Thomas Jr.","JAX","WR",5.6191722065,6.9202966185,8.2214210305,8.2352311835,NA,NA,NA,NA,NA,NA
"2026-09-29T21:05:34Z","ESPN","Rashid Shaheed","SEA","WR",5.6571303316,6.7968153471,7.9365003626,7.9673328836,NA,NA,NA,NA,NA,NA
"2026-09-29T21:05:34Z","ESPN","Rashod Bateman","BAL","WR",5.508519673,6.7107647625,7.913009852,7.932592186,NA,NA,NA,NA,NA,NA
"2026-09-29T21:05:34Z","ESPN","Malachi Fields","NYG","WR",5.245247604,6.5190647635,7.792881923,7.818882603,NA,NA,NA,NA,NA,NA
"2026-09-29T21:05:34Z","ESPN","Xavier Hutchinson","HOU","WR",5.1739907475,6.4411693935,7.7083480395,7.7298766095,NA,NA,NA,NA,NA,NA
"2026-09-29T21:05:34Z","ESPN","Roman Wilson","PIT","WR",4.771857826,6.3172904255,7.862723025,7.894267817,NA,NA,NA,NA,NA,NA
"2026-09-29T21:05:34Z","ESPN","Caleb Douglas","MIA","WR",4.75411249,6.2404489135,7.726785337,7.75712388,NA,NA,NA,NA,NA,NA
"2026-09-29T21:05:34Z","ESPN","Makai Lemon","PHI","WR",4.9627701438,6.2358540278,7.5089379118,7.5370581138,NA,NA,NA,NA,NA,NA
"2026-09-29T21:05:34Z","ESPN","Tre' Harris","LAC","WR",4.451460526,6.118797571,7.786134616,7.820167676,NA,NA,NA,NA,NA,NA
"2026-09-29T21:05:34Z","ESPN","Jalen Nailor","LV","WR",4.8559079379,6.1162734509,7.3766389639,7.4018692219,NA,NA,NA,NA,NA,NA
"2026-09-29T21:05:34Z","ESPN","Chris Godwin Jr.","TB","WR",4.4092754144,5.7271838864,7.0450923584,7.0736702164,NA,NA,NA,NA,NA,NA
"2026-09-29T21:05:34Z","ESPN","Xavier Legette","CAR","WR",4.4814698189,5.5076737554,6.5338776919,6.5549376889,NA,NA,NA,NA,NA,NA
"2026-09-29T21:05:34Z","ESPN","Cooper Kupp","SEA","WR",4.202376311,5.3416516225,6.480926934,6.500642859,NA,NA,NA,NA,NA,NA
"2026-09-29T21:05:34Z","ESPN","Marvin Harrison Jr.","ARI","WR",4.247304961,5.302526507,6.357748053,6.376267481,NA,NA,NA,NA,NA,NA
"2026-09-29T21:05:34Z","ESPN","Isaac TeSlaa","DET","WR",4.297955317,5.3002892935,6.30262327,6.323082536,NA,NA,NA,NA,NA,NA
"2026-09-29T21:05:34Z","ESPN","Ted Hurst III","TB","WR",4.123140532,5.201904112,6.280667692,6.302687011,NA,NA,NA,NA,NA,NA
"2026-09-29T21:05:34Z","ESPN","Darnell Mooney","NYG","WR",4.2199035937,5.1525749082,6.0852462227,6.1029554487,NA,NA,NA,NA,NA,NA
"2026-09-29T21:05:34Z","ESPN","Chris Bell","MIA","WR",3.909474177,5.1480878635,6.38670155,6.41198367,NA,NA,NA,NA,NA,NA
"2026-09-29T21:05:34Z","ESPN","Elic Ayomanor","TEN","WR",4.01089871,5.0640594135,6.117220117,6.13871684,NA,NA,NA,NA,NA,NA
"2026-09-29T21:05:34Z","ESPN","Jahan Dotson","ATL","WR",3.93200957,5.0356000105,6.139190451,6.154958704,NA,NA,NA,NA,NA,NA
"2026-09-29T21:05:34Z","ESPN","Keon Coleman","BUF","WR",4.073028198,5.0310078795,5.988987561,6.007570254,NA,NA,NA,NA,NA,NA
"2026-09-29T21:05:34Z","ESPN","Skyy Moore","GB","WR",3.76547852,4.9854917845,6.205505049,6.232833346,NA,NA,NA,NA,NA,NA
"2026-09-29T21:05:34Z","ESPN","Antonio Williams","WAS","WR",3.685279634,4.632912744,5.580545854,5.599888587,NA,NA,NA,NA,NA,NA
"2026-09-29T21:05:34Z","ESPN","Chris Moore","BAL","WR",3.862486307,4.6308552925,5.399224278,5.412593322,NA,NA,NA,NA,NA,NA
"2026-09-29T21:05:34Z","ESPN","Jauan Jennings","MIN","WR",3.418585569,4.468861208,5.519136847,5.539824482,NA,NA,NA,NA,NA,NA
"2026-09-29T21:05:34Z","ESPN","Tyquan Thornton","KC","WR",3.478387962,4.3103972265,5.142406491,5.155992621,NA,NA,NA,NA,NA,NA
"2026-09-29T21:05:34Z","ESPN","Kendrick Bourne","ARI","WR",3.092608861,4.256317366,5.420025871,5.443698253,NA,NA,NA,NA,NA,NA
"2026-09-29T21:05:34Z","ESPN","Kayshon Boutte","HOU","WR",3.349741564,4.251778131,5.153814698,5.168544325,NA,NA,NA,NA,NA,NA
"2026-09-29T21:05:34Z","ESPN","Dohnte Meyers","CIN","WR",3.2561419815,4.1721525835,5.0881631855,5.1086969245,NA,NA,NA,NA,NA,NA
"2026-09-29T21:05:34Z","ESPN","Pat Bryant","DEN","WR",3.073244245,4.166520635,5.259797025,5.283083186,NA,NA,NA,NA,NA,NA
"2026-09-29T21:05:34Z","ESPN","Isaiah Williams","NYJ","WR",2.9845457047,4.1186344367,5.2527231687,5.2769162907,NA,NA,NA,NA,NA,NA
"2026-09-29T21:05:34Z","ESPN","Kyle Williams","NE","WR",3.2915438894,4.1180513159,4.9445587424,4.9634134244,NA,NA,NA,NA,NA,NA
"2026-09-29T21:05:34Z","ESPN","Laquon Treadwell","IND","WR",3.098037326,4.053786078,5.00953483,5.029043216,NA,NA,NA,NA,NA,NA
"2026-09-29T21:05:34Z","ESPN","Tez Johnson","TB","WR",3.224330046,3.920101691,4.615873336,4.633549513,NA,NA,NA,NA,NA,NA
"2026-09-29T21:05:34Z","ESPN","Jared Wayne","HOU","WR",3.09094269,3.9002606855,4.709578681,4.726098177,NA,NA,NA,NA,NA,NA
"2026-09-29T21:05:34Z","ESPN","Jerry Jeudy","CLE","WR",2.863143998,3.7258435965,4.588543195,4.603978692,NA,NA,NA,NA,NA,NA
"2026-09-29T21:05:34Z","ESPN","Josh Cameron","JAX","WR",2.880048326,3.623875166,4.367702006,4.382884721,NA,NA,NA,NA,NA,NA
"2026-09-29T21:05:34Z","ESPN","Treylon Burks","WAS","WR",2.903348954,3.623836451,4.344323948,4.356089005,NA,NA,NA,NA,NA,NA
"2026-09-29T21:05:34Z","ESPN","Bryce Lance","NO","WR",2.62340535,3.2875567005,3.951708051,3.96526446,NA,NA,NA,NA,NA,NA
"2026-09-29T21:05:34Z","ESPN","Dareke Young","LV","WR",2.317892574,3.055223616,3.792554658,3.807604784,NA,NA,NA,NA,NA,NA
"2026-09-29T21:05:34Z","ESPN","Olamide Zaccheaus","ATL","WR",2.186727065,2.9874406665,3.788154268,3.805475625,NA,NA,NA,NA,NA,NA
"2026-09-29T21:05:34Z","ESPN","Jaylin Noel","HOU","WR",2.2997047081,2.9152274021,3.5307500961,3.5474960591,NA,NA,NA,NA,NA,NA
"2026-09-29T21:05:34Z","ESPN","Malik Benson","LV","WR",2.0865875142,2.6963311762,3.3060748382,3.3195634882,NA,NA,NA,NA,NA,NA
"2026-09-29T21:05:34Z","ESPN","Troy Franklin","DEN","WR",1.9803348413,2.4822378003,2.9841407593,2.9933166173,NA,NA,NA,NA,NA,NA
"2026-09-29T21:05:34Z","ESPN","Jacob Cowing","SF","WR",1.778188965,2.2273504315,2.676511898,2.685680014,NA,NA,NA,NA,NA,NA
"2026-09-29T21:05:34Z","ESPN","Kevin Coleman Jr.","MIA","WR",1.589851087,2.179559816,2.769268545,2.781305459,NA,NA,NA,NA,NA,NA
"2026-09-29T21:05:34Z","ESPN","Marvin Mims Jr.","DEN","WR",1.6711135809,2.1494575934,2.6278016059,2.6417119999,NA,NA,NA,NA,NA,NA
"2026-09-29T21:05:34Z","ESPN","Zachariah Branch","ATL","WR",1.639466571,2.1151656075,2.590864644,2.600574435,NA,NA,NA,NA,NA,NA
"2026-09-29T21:05:34Z","ESPN","Joshua Palmer","BUF","WR",1.675913747,2.0985428945,2.521172042,2.52856951,NA,NA,NA,NA,NA,NA
"2026-09-29T21:05:34Z","ESPN","Calvin Ridley","TEN","WR",1.538732586,1.9666601185,2.394587651,2.402104706,NA,NA,NA,NA,NA,NA
"2026-09-29T21:05:34Z","ESPN","Ashton Dulin","IND","WR",1.5383063344,1.9090798829,2.2798534314,2.2896575754,NA,NA,NA,NA,NA,NA
"2026-09-29T21:05:34Z","ESPN","Dyami Brown","WAS","WR",1.5110561641,1.8869101006,2.2627640371,2.2711831651,NA,NA,NA,NA,NA,NA
"2026-09-29T21:05:34Z","Sleeper","Josh Allen","BUF","QB",22.6118,22.6118,22.6118,25.535,NA,NA,NA,NA,NA,NA
"2026-09-29T21:05:34Z","Sleeper","Lamar Jackson","BAL","QB",21.7912,21.7912,21.7912,24.6785,NA,NA,NA,NA,NA,NA
"2026-09-29T21:05:34Z","Sleeper","Patrick Mahomes","KC","QB",20.8028,20.8028,20.8028,23.875,NA,NA,NA,NA,NA,NA
"2026-09-29T21:05:34Z","Sleeper","Trevor Lawrence","JAX","QB",19.0778,19.0778,19.0778,23.0525,NA,NA,NA,NA,NA,NA
"2026-09-29T21:05:34Z","Sleeper","Brock Purdy","SF","QB",18.722,18.722,18.722,21.9675,NA,NA,NA,NA,NA,NA
"2026-09-29T21:05:34Z","Sleeper","Kyler Murray","MIN","QB",18.4212,18.4212,18.4212,21.1845,NA,NA,NA,NA,NA,NA
"2026-09-29T21:05:34Z","Sleeper","Bryce Young","CAR","QB",18.01,18.01,18.01,20.9785,NA,NA,NA,NA,NA,NA
"2026-09-29T21:05:34Z","Sleeper","C.J. Stroud","HOU","QB",17.9472,17.9472,17.9472,21.087,NA,NA,NA,NA,NA,NA
"2026-09-29T21:05:34Z","Sleeper","Joe Burrow","CIN","QB",17.7216,17.7216,17.7216,21.448,NA,NA,NA,NA,NA,NA
"2026-09-29T21:05:34Z","Sleeper","Bo Nix","DEN","QB",17.589,17.589,17.589,20.403,NA,NA,NA,NA,NA,NA
"2026-09-29T21:05:34Z","Sleeper","Drake Maye","NE","QB",17.5624,17.5624,17.5624,20.82,NA,NA,NA,NA,NA,NA
"2026-09-29T21:05:34Z","Sleeper","Tyler Shough","NO","QB",17.4698,17.4698,17.4698,21.3415,NA,NA,NA,NA,NA,NA
"2026-09-29T21:05:34Z","Sleeper","Dak Prescott","DAL","QB",17.4002,17.4002,17.4002,21.3065,NA,NA,NA,NA,NA,NA
"2026-09-29T21:05:34Z","Sleeper","Jordan Love","GB","QB",16.6628,16.6628,16.6628,20.0615,NA,NA,NA,NA,NA,NA
"2026-09-29T21:05:34Z","Sleeper","Daniel Jones","IND","QB",16.1742,16.1742,16.1742,18.918,NA,NA,NA,NA,NA,NA
"2026-09-29T21:05:34Z","Sleeper","Jared Goff","DET","QB",16.1284,16.1284,16.1284,19.488,NA,NA,NA,NA,NA,NA
"2026-09-29T21:05:34Z","Sleeper","Jalen Hurts","PHI","QB",16.0982,16.0982,16.0982,18.929,NA,NA,NA,NA,NA,NA
"2026-09-29T21:05:34Z","Sleeper","Marcus Mariota","WAS","QB",15.998,15.998,15.998,19.0675,NA,NA,NA,NA,NA,NA
"2026-09-29T21:05:34Z","Sleeper","Matthew Stafford","LA","QB",15.8602,15.8602,15.8602,19.105,NA,NA,NA,NA,NA,NA
"2026-09-29T21:05:34Z","Sleeper","Sam Darnold","SEA","QB",15.5112,15.5112,15.5112,19.3845,NA,NA,NA,NA,NA,NA
"2026-09-29T21:05:34Z","Sleeper","Jacoby Brissett","ARI","QB",15.2174,15.2174,15.2174,17.814,NA,NA,NA,NA,NA,NA
"2026-09-29T21:05:34Z","Sleeper","Deshaun Watson","CLE","QB",14.9966,14.9966,14.9966,18.369,NA,NA,NA,NA,NA,NA
"2026-09-29T21:05:34Z","Sleeper","Jameis Winston","NYG","QB",14.698,14.698,14.698,17.5895,NA,NA,NA,NA,NA,NA
"2026-09-29T21:05:34Z","Sleeper","Kirk Cousins","LV","QB",14.5332,14.5332,14.5332,17.1975,NA,NA,NA,NA,NA,NA
"2026-09-29T21:05:34Z","Sleeper","Michael Penix","ATL","QB",14.2908,14.2908,14.2908,16.976,NA,NA,NA,NA,NA,NA
"2026-09-29T21:05:34Z","Sleeper","Case Keenum","CHI","QB",14.158,14.158,14.158,16.485,NA,NA,NA,NA,NA,NA
"2026-09-29T21:05:34Z","Sleeper","Geno Smith","NYJ","QB",13.7532,13.7532,13.7532,17.5995,NA,NA,NA,NA,NA,NA
"2026-09-29T21:05:34Z","Sleeper","Justin Herbert","LAC","QB",13.3494,13.3494,13.3494,16.47,NA,NA,NA,NA,NA,NA
"2026-09-29T21:05:34Z","Sleeper","Aaron Rodgers","PIT","QB",13.21,13.21,13.21,15.62,NA,NA,NA,NA,NA,NA
"2026-09-29T21:05:34Z","Sleeper","Cam Ward","TEN","QB",12.989,12.989,12.989,15.563,NA,NA,NA,NA,NA,NA
"2026-09-29T21:05:34Z","Sleeper","Malik Willis","MIA","QB",12.1904,12.1904,12.1904,14.7085,NA,NA,NA,NA,NA,NA
"2026-09-29T21:05:34Z","Sleeper","Jalon Daniels","TB","QB",11.8406,11.8406,11.8406,15.1195,NA,NA,NA,NA,NA,NA
"2026-09-29T21:05:34Z","Sleeper","Kinkead Dent",NA,"QB",0,0,0,0,NA,NA,NA,NA,NA,NA
"2026-09-29T21:05:34Z","Sleeper","Brett Gabbert",NA,"QB",0,0,0,0,NA,NA,NA,NA,NA,NA
"2026-09-29T21:05:34Z","Sleeper","Behren Morton","NE","QB",0,0,0,0,NA,NA,NA,NA,NA,NA
"2026-09-29T21:05:34Z","Sleeper","AJ McCarron",NA,"QB",0,0,0,0,NA,NA,NA,NA,NA,NA
"2026-09-29T21:05:34Z","Sleeper","Joe Flacco","CIN","QB",0,0,0,0,NA,NA,NA,NA,NA,NA
"2026-09-29T21:05:34Z","Sleeper","Ryan Griffin",NA,"QB",0,0,0,0,NA,NA,NA,NA,NA,NA
"2026-09-29T21:05:34Z","Sleeper","Steven Montez",NA,"QB",0,0,0,0,NA,NA,NA,NA,NA,NA
"2026-09-29T21:05:34Z","Sleeper","Max Duggan",NA,"QB",0,0,0,0,NA,NA,NA,NA,NA,NA
"2026-09-29T21:05:34Z","Sleeper","Jahmyr Gibbs","DET","RB",20.081,22.446,24.811,24.921,NA,NA,NA,NA,NA,NA
"2026-09-29T21:05:34Z","Sleeper","Jonathan Taylor","IND","RB",18.817,20.177,21.537,21.637,NA,NA,NA,NA,NA,NA
"2026-09-29T21:05:34Z","Sleeper","Bijan Robinson","ATL","RB",17.857,19.992,22.127,22.217,NA,NA,NA,NA,NA,NA
"2026-09-29T21:05:34Z","Sleeper","Derrick Henry","BAL","RB",19.128,19.758,20.388,20.478,NA,NA,NA,NA,NA,NA
"2026-09-29T21:05:34Z","Sleeper","Kenneth Walker","KC","RB",15.787,17.817,19.847,19.937,NA,NA,NA,NA,NA,NA
"2026-09-29T21:05:34Z","Sleeper","Christian McCaffrey","SF","RB",14.287,16.382,18.477,18.557,NA,NA,NA,NA,NA,NA
"2026-09-29T21:05:34Z","Sleeper","James Cook","BUF","RB",15.36,16.23,17.1,17.18,NA,NA,NA,NA,NA,NA
"2026-09-29T21:05:34Z","Sleeper","Chase Brown","CIN","RB",13.835,15.755,17.675,17.755,NA,NA,NA,NA,NA,NA
"2026-09-29T21:05:34Z","Sleeper","D'Andre Swift","CHI","RB",14.466,15.526,16.586,16.656,NA,NA,NA,NA,NA,NA
"2026-09-29T21:05:34Z","Sleeper","Chuba Hubbard","CAR","RB",13.044,14.689,16.334,16.404,NA,NA,NA,NA,NA,NA
"2026-09-29T21:05:34Z","Sleeper","Cam Skattebo","NYG","RB",13.544,14.559,15.574,15.654,NA,NA,NA,NA,NA,NA
"2026-09-29T21:05:34Z","Sleeper","Jeremiyah Love","ARI","RB",13.059,14.414,15.769,15.839,NA,NA,NA,NA,NA,NA
"2026-09-29T21:05:34Z","Sleeper","David Montgomery","HOU","RB",12.768,13.833,14.898,14.968,NA,NA,NA,NA,NA,NA
"2026-09-29T21:05:34Z","Sleeper","Ashton Jeanty","LV","RB",11.997,13.772,15.547,15.627,NA,NA,NA,NA,NA,NA
"2026-09-29T21:05:34Z","Sleeper","Saquon Barkley","PHI","RB",12.759,13.714,14.669,14.739,NA,NA,NA,NA,NA,NA
"2026-09-29T21:05:34Z","Sleeper","Javonte Williams","DAL","RB",12.404,13.699,14.994,15.074,NA,NA,NA,NA,NA,NA
"2026-09-29T21:05:34Z","Sleeper","Jaylen Warren","PIT","RB",11.987,13.382,14.777,14.837,NA,NA,NA,NA,NA,NA
"2026-09-29T21:05:34Z","Sleeper","Aaron Jones","MIN","RB",11.91,12.99,14.07,14.15,NA,NA,NA,NA,NA,NA
"2026-09-29T21:05:34Z","Sleeper","Bucky Irving","TB","RB",11.323,12.778,14.233,14.303,NA,NA,NA,NA,NA,NA
"2026-09-29T21:05:34Z","Sleeper","Kyren Williams","LA","RB",11.659,12.639,13.619,13.689,NA,NA,NA,NA,NA,NA
"2026-09-29T21:05:34Z","Sleeper","Braelon Allen","NYJ","RB",11.512,12.392,13.272,13.332,NA,NA,NA,NA,NA,NA
"2026-09-29T21:05:34Z","Sleeper","Jacory Croskey-Merritt","WAS","RB",11.417,11.977,12.537,12.597,NA,NA,NA,NA,NA,NA
"2026-09-29T21:05:34Z","Sleeper","Bhayshul Tuten","JAX","RB",11.049,11.914,12.779,12.829,NA,NA,NA,NA,NA,NA
"2026-09-29T21:05:34Z","Sleeper","Rhamondre Stevenson","NE","RB",10.072,11.312,12.552,12.602,NA,NA,NA,NA,NA,NA
"2026-09-29T21:05:34Z","Sleeper","RJ Harvey","DEN","RB",8.145,9.61,11.075,11.115,NA,NA,NA,NA,NA,NA
"2026-09-29T21:05:34Z","Sleeper","Rico Dowdle","PIT","RB",7.981,8.926,9.871,9.921,NA,NA,NA,NA,NA,NA
"2026-09-29T21:05:34Z","Sleeper","TreVeyon Henderson","NE","RB",8.174,8.839,9.504,9.544,NA,NA,NA,NA,NA,NA
"2026-09-29T21:05:34Z","Sleeper","Tony Pollard","TEN","RB",7.866,8.726,9.586,9.636,NA,NA,NA,NA,NA,NA
"2026-09-29T21:05:34Z","Sleeper","Omarion Hampton","LAC","RB",7.802,8.622,9.442,9.492,NA,NA,NA,NA,NA,NA
"2026-09-29T21:05:34Z","Sleeper","Alvin Kamara","NO","RB",7.378,8.578,9.778,9.828,NA,NA,NA,NA,NA,NA
"2026-09-29T21:05:34Z","Sleeper","Kyle Monangai","CHI","RB",8.022,8.567,9.112,9.162,NA,NA,NA,NA,NA,NA
"2026-09-29T21:05:34Z","Sleeper","Woody Marks","HOU","RB",7.042,7.842,8.642,8.692,NA,NA,NA,NA,NA,NA
"2026-09-29T21:05:34Z","Sleeper","Jadarian Price","SEA","RB",7.078,7.593,8.108,8.158,NA,NA,NA,NA,NA,NA
"2026-09-29T21:05:34Z","Sleeper","Quinshon Judkins","CLE","RB",6.475,7.54,8.605,8.675,NA,NA,NA,NA,NA,NA
"2026-09-29T21:05:34Z","Sleeper","Rachaad White","WAS","RB",6.338,7.468,8.598,8.628,NA,NA,NA,NA,NA,NA
"2026-09-29T21:05:34Z","Sleeper","J.K. Dobbins","DEN","RB",6.711,7.281,7.851,7.901,NA,NA,NA,NA,NA,NA
"2026-09-29T21:05:34Z","Sleeper","MarShawn Lloyd","GB","RB",6.432,7.202,7.972,8.012,NA,NA,NA,NA,NA,NA
"2026-09-29T21:05:34Z","Sleeper","Ollie Gordon","MIA","RB",6.495,7.16,7.825,7.865,NA,NA,NA,NA,NA,NA
"2026-09-29T21:05:34Z","Sleeper","Tyjae Spears","TEN","RB",5.744,6.944,8.144,8.174,NA,NA,NA,NA,NA,NA
"2026-09-29T21:05:34Z","Sleeper","Blake Corum","LA","RB",6.517,6.847,7.177,7.227,NA,NA,NA,NA,NA,NA
"2026-09-29T21:05:34Z","Sleeper","Kenny Gainwell","TB","RB",5.77,6.64,7.51,7.54,NA,NA,NA,NA,NA,NA
"2026-09-29T21:05:34Z","Sleeper","Tyler Allgeier","ARI","RB",5.391,6.576,7.761,7.801,NA,NA,NA,NA,NA,NA
"2026-09-29T21:05:34Z","Sleeper","Kendre Miller","NO","RB",5.948,6.508,7.068,7.108,NA,NA,NA,NA,NA,NA
"2026-09-29T21:05:34Z","Sleeper","Isaiah Davis","NYJ","RB",5.406,6.136,6.866,6.886,NA,NA,NA,NA,NA,NA
"2026-09-29T21:05:34Z","Sleeper","Emanuel Wilson","SEA","RB",5.302,5.697,6.092,6.132,NA,NA,NA,NA,NA,NA
"2026-09-29T21:05:34Z","Sleeper","Samaje Perine","CIN","RB",4.624,5.459,6.294,6.324,NA,NA,NA,NA,NA,NA
"2026-09-29T21:05:34Z","Sleeper","Justice Hill","BAL","RB",4.441,5.316,6.191,6.211,NA,NA,NA,NA,NA,NA
"2026-09-29T21:05:34Z","Sleeper","Chris Rodriguez","JAX","RB",4.996,5.241,5.486,5.506,NA,NA,NA,NA,NA,NA
"2026-09-29T21:05:34Z","Sleeper","Kaleb Johnson","GB","RB",4.564,5.139,5.714,5.744,NA,NA,NA,NA,NA,NA
"2026-09-29T21:05:34Z","Sleeper","Chris Brooks","GB","RB",4.394,5.119,5.844,5.874,NA,NA,NA,NA,NA,NA
"2026-09-29T21:05:34Z","Sleeper","Kaelon Black","SF","RB",4.553,4.923,5.293,5.323,NA,NA,NA,NA,NA,NA
"2026-09-29T21:05:34Z","Sleeper","Najee Harris","NYG","RB",4.33,4.675,5.02,5.05,NA,NA,NA,NA,NA,NA
"2026-09-29T21:05:34Z","Sleeper","Raheim Sanders","CLE","RB",3.581,4.451,5.321,5.341,NA,NA,NA,NA,NA,NA
"2026-09-29T21:05:34Z","Sleeper","George Holani","SEA","RB",3.641,4.411,5.181,5.201,NA,NA,NA,NA,NA,NA
"2026-09-29T21:05:34Z","Sleeper","Ty Johnson","BUF","RB",3.576,4.301,5.026,5.046,NA,NA,NA,NA,NA,NA
"2026-09-29T21:05:34Z","Sleeper","Mike Washington","LV","RB",3.891,4.161,4.431,4.451,NA,NA,NA,NA,NA,NA
"2026-09-29T21:05:34Z","Sleeper","Keaton Mitchell","LAC","RB",3.468,4.053,4.638,4.658,NA,NA,NA,NA,NA,NA
"2026-09-29T21:05:34Z","Sleeper","Emmett Johnson","KC","RB",3.38,3.965,4.55,4.57,NA,NA,NA,NA,NA,NA
"2026-09-29T21:05:34Z","Sleeper","Sione Vaki","DET","RB",3.507,3.927,4.347,4.367,NA,NA,NA,NA,NA,NA
"2026-09-29T21:05:34Z","Sleeper","AJ Dillon","CAR","RB",3.463,3.918,4.373,4.373,NA,NA,NA,NA,NA,NA
"2026-09-29T21:05:34Z","Sleeper","Brian Robinson","ATL","RB",3.547,3.882,4.217,4.237,NA,NA,NA,NA,NA,NA
"2026-09-29T21:05:34Z","Sleeper","CJ Donaldson","NO","RB",3.126,3.586,4.046,4.046,NA,NA,NA,NA,NA,NA
"2026-09-29T21:05:34Z","Sleeper","Jaylen Wright","MIA","RB",2.918,3.383,3.848,3.868,NA,NA,NA,NA,NA,NA
"2026-09-29T21:05:34Z","Sleeper","Tank Bigsby","PHI","RB",3.007,3.182,3.357,3.377,NA,NA,NA,NA,NA,NA
"2026-09-29T21:05:34Z","Sleeper","DeeJay Dallas","MIN","RB",2.413,2.948,3.483,3.493,NA,NA,NA,NA,NA,NA
"2026-09-29T21:05:34Z","Sleeper","Tyler Goodson","DAL","RB",2.434,2.944,3.454,3.474,NA,NA,NA,NA,NA,NA
"2026-09-29T21:05:34Z","Sleeper","Tyler Badie","DEN","RB",1.997,2.577,3.157,3.167,NA,NA,NA,NA,NA,NA
"2026-09-29T21:05:34Z","Sleeper","Ameer Abdullah","JAX","RB",2.139,2.519,2.899,2.909,NA,NA,NA,NA,NA,NA
"2026-09-29T21:05:34Z","Sleeper","Seth McGowan","IND","RB",2.295,2.485,2.675,2.685,NA,NA,NA,NA,NA,NA
"2026-09-29T21:05:34Z","Sleeper","Demond Claiborne","MIN","RB",2.194,2.369,2.544,2.554,NA,NA,NA,NA,NA,NA
"2026-09-29T21:05:34Z","Sleeper","Will Shipley","PHI","RB",1.291,1.666,2.041,2.051,NA,NA,NA,NA,NA,NA
"2026-09-29T21:05:34Z","Sleeper","LeQuint Allen","JAX","RB",1.174,1.534,1.894,1.904,NA,NA,NA,NA,NA,NA
"2026-09-29T21:05:34Z","Sleeper","Kimani Vidal","LAC","RB",1.07,1.38,1.69,1.7,NA,NA,NA,NA,NA,NA
"2026-09-29T21:05:34Z","Sleeper","Kyle Juszczyk","SF","RB",1.011,1.321,1.631,1.631,NA,NA,NA,NA,NA,NA
"2026-09-29T21:05:34Z","Sleeper","Devin Singletary","NYG","RB",0.92,1.04,1.16,1.16,NA,NA,NA,NA,NA,NA
"2026-09-29T21:05:34Z","Sleeper","Kaytron Allen","WAS","RB",0.942,1.027,1.112,1.122,NA,NA,NA,NA,NA,NA
"2026-09-29T21:05:34Z","Sleeper","Ray Davis","BUF","RB",0.958,1.013,1.068,1.078,NA,NA,NA,NA,NA,NA
"2026-09-29T21:05:34Z","Sleeper","Alec Ingold","LAC","RB",0.738,1.013,1.288,1.288,NA,NA,NA,NA,NA,NA
"2026-09-29T21:05:34Z","Sleeper","Hunter Luepke","DAL","RB",0.671,0.816,0.961,0.961,NA,NA,NA,NA,NA,NA
"2026-09-29T21:05:34Z","Sleeper","Nicholas Singleton","TEN","RB",0.734,0.784,0.834,0.834,NA,NA,NA,NA,NA,NA
"2026-09-29T21:05:34Z","Sleeper","Trey McBride","ARI","TE",10.155,13.785,17.415,21.075,NA,NA,NA,NA,NA,NA
"2026-09-29T21:05:34Z","Sleeper","Brock Bowers","LV","TE",9.07,12.205,15.34,18.495,NA,NA,NA,NA,NA,NA
"2026-09-29T21:05:34Z","Sleeper","Harold Fannin","CLE","TE",7.766,9.996,12.226,14.476,NA,NA,NA,NA,NA,NA
"2026-09-29T21:05:34Z","Sleeper","Dalton Kincaid","BUF","TE",7.449,9.804,12.159,14.534,NA,NA,NA,NA,NA,NA
"2026-09-29T21:05:34Z","Sleeper","Tyler Warren","IND","TE",7.221,9.581,11.941,14.321,NA,NA,NA,NA,NA,NA
"2026-09-29T21:05:34Z","Sleeper","Juwan Johnson","NO","TE",7.457,9.567,11.677,13.807,NA,NA,NA,NA,NA,NA
"2026-09-29T21:05:34Z","Sleeper","Travis Kelce","KC","TE",7.246,9.506,11.766,14.046,NA,NA,NA,NA,NA,NA
"2026-09-29T21:05:34Z","Sleeper","George Kittle","SF","TE",7.276,9.346,11.416,13.506,NA,NA,NA,NA,NA,NA
"2026-09-29T21:05:34Z","Sleeper","Isaiah Likely","NYG","TE",7.263,9.308,11.353,13.418,NA,NA,NA,NA,NA,NA
"2026-09-29T21:05:34Z","Sleeper","Tucker Kraft","GB","TE",6.672,8.637,10.602,12.577,NA,NA,NA,NA,NA,NA
"2026-09-29T21:05:34Z","Sleeper","Colston Loveland","CHI","TE",6.769,8.524,10.279,12.044,NA,NA,NA,NA,NA,NA
"2026-09-29T21:05:34Z","Sleeper","Sam LaPorta","DET","TE",6.19,8.365,10.54,12.735,NA,NA,NA,NA,NA,NA
"2026-09-29T21:05:34Z","Sleeper","Dalton Schultz","HOU","TE",6.127,8.317,10.507,12.717,NA,NA,NA,NA,NA,NA
"2026-09-29T21:05:34Z","Sleeper","Brenton Strange","JAX","TE",6.045,7.85,9.655,11.47,NA,NA,NA,NA,NA,NA
"2026-09-29T21:05:34Z","Sleeper","Kenyon Sadiq","NYJ","TE",5.833,7.683,9.533,11.393,NA,NA,NA,NA,NA,NA
"2026-09-29T21:05:34Z","Sleeper","AJ Barner","SEA","TE",5.988,7.608,9.228,10.868,NA,NA,NA,NA,NA,NA
"2026-09-29T21:05:34Z","Sleeper","Hunter Henry","NE","TE",5.592,7.572,9.552,11.552,NA,NA,NA,NA,NA,NA
"2026-09-29T21:05:34Z","Sleeper","Darren Waller","CAR","TE",5.87,7.545,9.22,10.905,NA,NA,NA,NA,NA,NA
"2026-09-29T21:05:34Z","Sleeper","Jake Ferguson","DAL","TE",5.393,7.188,8.983,10.788,NA,NA,NA,NA,NA,NA
"2026-09-29T21:05:34Z","Sleeper","Kyle Pitts","ATL","TE",5.751,7.181,8.611,10.051,NA,NA,NA,NA,NA,NA
"2026-09-29T21:05:34Z","Sleeper","Mark Andrews","BAL","TE",4.978,6.773,8.568,10.383,NA,NA,NA,NA,NA,NA
"2026-09-29T21:05:34Z","Sleeper","T.J. Hockenson","MIN","TE",4.976,6.686,8.396,10.116,NA,NA,NA,NA,NA,NA
"2026-09-29T21:05:34Z","Sleeper","Pat Freiermuth","PIT","TE",4.785,6.42,8.055,9.7,NA,NA,NA,NA,NA,NA
"2026-09-29T21:05:34Z","Sleeper","Mike Gesicki","CIN","TE",4.906,6.366,7.826,9.296,NA,NA,NA,NA,NA,NA
"2026-09-29T21:05:34Z","Sleeper","Chig Okonkwo","WAS","TE",4.743,6.353,7.963,9.583,NA,NA,NA,NA,NA,NA
"2026-09-29T21:05:34Z","Sleeper","Cade Otton","TB","TE",4.154,5.699,7.244,8.799,NA,NA,NA,NA,NA,NA
"2026-09-29T21:05:34Z","Sleeper","Gunnar Helm","TEN","TE",3.722,5.487,7.252,9.027,NA,NA,NA,NA,NA,NA
"2026-09-29T21:05:34Z","Sleeper","Oronde Gadsden","LAC","TE",4.182,5.417,6.652,7.897,NA,NA,NA,NA,NA,NA
"2026-09-29T21:05:34Z","Sleeper","Tyler Higbee","LA","TE",4.044,5.334,6.624,7.924,NA,NA,NA,NA,NA,NA
"2026-09-29T21:05:34Z","Sleeper","Greg Dulcich","MIA","TE",3.7,5.155,6.61,8.075,NA,NA,NA,NA,NA,NA
"2026-09-29T21:05:34Z","Sleeper","Colby Parkinson","LA","TE",3.923,4.983,6.043,7.113,NA,NA,NA,NA,NA,NA
"2026-09-29T21:05:34Z","Sleeper","Noah Fant","NO","TE",3.913,4.968,6.023,7.088,NA,NA,NA,NA,NA,NA
"2026-09-29T21:05:34Z","Sleeper","Evan Engram","DEN","TE",3.314,4.434,5.554,6.684,NA,NA,NA,NA,NA,NA
"2026-09-29T21:05:34Z","Sleeper","Michael Mayer","LV","TE",2.937,4.262,5.587,6.922,NA,NA,NA,NA,NA,NA
"2026-09-29T21:05:34Z","Sleeper","Eli Raridon","NE","TE",2.574,3.394,4.214,5.044,NA,NA,NA,NA,NA,NA
"2026-09-29T21:05:34Z","Sleeper","Elijah Arroyo","SEA","TE",2.411,3.226,4.041,4.866,NA,NA,NA,NA,NA,NA
"2026-09-29T21:05:34Z","Sleeper","Cole Kmet","CHI","TE",2.353,3.083,3.813,4.553,NA,NA,NA,NA,NA,NA
"2026-09-29T21:05:34Z","Sleeper","Zach Ertz","PHI","TE",2.081,2.881,3.681,4.491,NA,NA,NA,NA,NA,NA
"2026-09-29T21:05:34Z","Sleeper","Foster Moreau","HOU","TE",2.153,2.808,3.463,4.118,NA,NA,NA,NA,NA,NA
"2026-09-29T21:05:34Z","Sleeper","Noah Gray","KC","TE",1.975,2.675,3.375,4.085,NA,NA,NA,NA,NA,NA
"2026-09-29T21:05:34Z","Sleeper","Darnell Washington","PIT","TE",1.853,2.598,3.343,4.098,NA,NA,NA,NA,NA,NA
"2026-09-29T21:05:34Z","Sleeper","Jonnu Smith","GB","TE",1.853,2.593,3.333,4.083,NA,NA,NA,NA,NA,NA
"2026-09-29T21:05:34Z","Sleeper","Theo Johnson","NYG","TE",2.052,2.582,3.112,3.642,NA,NA,NA,NA,NA,NA
"2026-09-29T21:05:34Z","Sleeper","Dawson Knox","BUF","TE",1.896,2.486,3.076,3.666,NA,NA,NA,NA,NA,NA
"2026-09-29T21:05:34Z","Sleeper","Tommy Tremble","CAR","TE",1.76,2.43,3.1,3.78,NA,NA,NA,NA,NA,NA
"2026-09-29T21:05:34Z","Sleeper","Johnny Mundt","PHI","TE",1.696,2.376,3.056,3.736,NA,NA,NA,NA,NA,NA
"2026-09-29T21:05:34Z","Sleeper","Erick All","CIN","TE",1.587,2.197,2.807,3.427,NA,NA,NA,NA,NA,NA
"2026-09-29T21:05:34Z","Sleeper","Austin Hooper","ATL","TE",1.737,2.192,2.647,3.102,NA,NA,NA,NA,NA,NA
"2026-09-29T21:05:34Z","Sleeper","Blake Whiteheart","CLE","TE",1.626,2.066,2.506,2.946,NA,NA,NA,NA,NA,NA
"2026-09-29T21:05:34Z","Sleeper","Mason Taylor","NYJ","TE",1.416,2.026,2.636,3.246,NA,NA,NA,NA,NA,NA
"2026-09-29T21:05:34Z","Sleeper","Jaxon Smith-Njigba","SEA","WR",15.68,18.93,22.18,22.21,NA,NA,NA,NA,NA,NA
"2026-09-29T21:05:34Z","Sleeper","Chris Olave","NO","WR",13.099,15.979,18.859,18.889,NA,NA,NA,NA,NA,NA
"2026-09-29T21:05:34Z","Sleeper","Nico Collins","HOU","WR",12.993,15.763,18.533,18.553,NA,NA,NA,NA,NA,NA
"2026-09-29T21:05:34Z","Sleeper","Zay Flowers","BAL","WR",12.875,15.37,17.865,17.885,NA,NA,NA,NA,NA,NA
"2026-09-29T21:05:34Z","Sleeper","Ja'Marr Chase","CIN","WR",12.017,15.072,18.127,18.157,NA,NA,NA,NA,NA,NA
"2026-09-29T21:05:34Z","Sleeper","Amon-Ra St. Brown","DET","WR",11.689,14.794,17.899,17.929,NA,NA,NA,NA,NA,NA
"2026-09-29T21:05:34Z","Sleeper","Puka Nacua","LA","WR",11.692,14.497,17.302,17.332,NA,NA,NA,NA,NA,NA
"2026-09-29T21:05:34Z","Sleeper","CeeDee Lamb","DAL","WR",11.405,14.4,17.395,17.425,NA,NA,NA,NA,NA,NA
"2026-09-29T21:05:34Z","Sleeper","Parker Washington","JAX","WR",11.794,14.279,16.764,16.784,NA,NA,NA,NA,NA,NA
"2026-09-29T21:05:34Z","Sleeper","Garrett Wilson","NYJ","WR",10.962,13.887,16.812,16.832,NA,NA,NA,NA,NA,NA
"2026-09-29T21:05:34Z","Sleeper","Drake London","ATL","WR",10.97,13.595,16.22,16.24,NA,NA,NA,NA,NA,NA
"2026-09-29T21:05:34Z","Sleeper","Justin Jefferson","MIN","WR",10.745,13.585,16.425,16.445,NA,NA,NA,NA,NA,NA
"2026-09-29T21:05:34Z","Sleeper","Davante Adams","LA","WR",11.219,13.569,15.919,15.939,NA,NA,NA,NA,NA,NA
"2026-09-29T21:05:34Z","Sleeper","Tee Higgins","CIN","WR",11.163,13.558,15.953,15.973,NA,NA,NA,NA,NA,NA
"2026-09-29T21:05:34Z","Sleeper","Christian Watson","GB","WR",11.098,13.198,15.298,15.318,NA,NA,NA,NA,NA,NA
"2026-09-29T21:05:34Z","Sleeper","Michael Wilson","ARI","WR",9.839,12.139,14.439,14.459,NA,NA,NA,NA,NA,NA
"2026-09-29T21:05:34Z","Sleeper","George Pickens","DAL","WR",9.567,12.112,14.657,14.677,NA,NA,NA,NA,NA,NA
"2026-09-29T21:05:34Z","Sleeper","Jalen Coker","CAR","WR",9.598,12.098,14.598,14.618,NA,NA,NA,NA,NA,NA
"2026-09-29T21:05:34Z","Sleeper","DJ Moore","BUF","WR",9.578,11.703,13.828,13.848,NA,NA,NA,NA,NA,NA
"2026-09-29T21:05:34Z","Sleeper","Rashee Rice","KC","WR",9.177,11.602,14.027,14.047,NA,NA,NA,NA,NA,NA
"2026-09-29T21:05:34Z","Sleeper","Malik Nabers","NYG","WR",8.847,11.397,13.947,13.967,NA,NA,NA,NA,NA,NA
"2026-09-29T21:05:34Z","Sleeper","Tetairoa McMillan","CAR","WR",9.134,11.384,13.634,13.654,NA,NA,NA,NA,NA,NA
"2026-09-29T21:05:34Z","Sleeper","Mike Evans","SF","WR",9.332,11.337,13.342,13.362,NA,NA,NA,NA,NA,NA
"2026-09-29T21:05:34Z","Sleeper","DeVonta Smith","PHI","WR",8.499,10.864,13.229,13.249,NA,NA,NA,NA,NA,NA
"2026-09-29T21:05:34Z","Sleeper","Josh Downs","IND","WR",8.368,10.458,12.548,12.568,NA,NA,NA,NA,NA,NA
"2026-09-29T21:05:34Z","Sleeper","Luther Burden","CHI","WR",8.231,10.406,12.581,12.601,NA,NA,NA,NA,NA,NA
"2026-09-29T21:05:34Z","Sleeper","Matthew Golden","GB","WR",8.055,10.13,12.205,12.225,NA,NA,NA,NA,NA,NA
"2026-09-29T21:05:34Z","Sleeper","Jaylen Waddle","DEN","WR",7.801,10.091,12.381,12.401,NA,NA,NA,NA,NA,NA
"2026-09-29T21:05:34Z","Sleeper","Ladd McConkey","LAC","WR",7.895,10.015,12.135,12.155,NA,NA,NA,NA,NA,NA
"2026-09-29T21:05:34Z","Sleeper","Terry McLaurin","WAS","WR",7.799,9.709,11.619,11.639,NA,NA,NA,NA,NA,NA
"2026-09-29T21:05:34Z","Sleeper","Denzel Boston","CLE","WR",7.855,9.44,11.025,11.035,NA,NA,NA,NA,NA,NA
"2026-09-29T21:05:34Z","Sleeper","Jordan Addison","MIN","WR",7.464,9.139,10.814,10.824,NA,NA,NA,NA,NA,NA
"2026-09-29T21:05:34Z","Sleeper","Jameson Williams","DET","WR",7.302,9.067,10.832,10.852,NA,NA,NA,NA,NA,NA
"2026-09-29T21:05:34Z","Sleeper","Stefon Diggs","WAS","WR",7.102,9.052,11.002,11.022,NA,NA,NA,NA,NA,NA
"2026-09-29T21:05:34Z","Sleeper","Emeka Egbuka","TB","WR",6.84,8.61,10.38,10.39,NA,NA,NA,NA,NA,NA
"2026-09-29T21:05:34Z","Sleeper","Devaughn Vele","NO","WR",6.38,8.28,10.18,10.2,NA,NA,NA,NA,NA,NA
"2026-09-29T21:05:34Z","Sleeper","DK Metcalf","PIT","WR",6.639,8.244,9.849,9.859,NA,NA,NA,NA,NA,NA
"2026-09-29T21:05:34Z","Sleeper","Courtland Sutton","DEN","WR",6.606,8.216,9.826,9.836,NA,NA,NA,NA,NA,NA
"2026-09-29T21:05:34Z","Sleeper","Kalif Raymond","CHI","WR",6.338,8.188,10.038,10.058,NA,NA,NA,NA,NA,NA
"2026-09-29T21:05:34Z","Sleeper","Xavier Worthy","KC","WR",6.53,8.12,9.71,9.73,NA,NA,NA,NA,NA,NA
"2026-09-29T21:05:34Z","Sleeper","Carnell Tate","TEN","WR",5.748,7.928,10.108,10.128,NA,NA,NA,NA,NA,NA
"2026-09-29T21:05:34Z","Sleeper","Jakobi Meyers","JAX","WR",6.132,7.927,9.722,9.742,NA,NA,NA,NA,NA,NA
"2026-09-29T21:05:34Z","Sleeper","Wan'Dale Robinson","TEN","WR",5.725,7.89,10.055,10.075,NA,NA,NA,NA,NA,NA
"2026-09-29T21:05:34Z","Sleeper","Jauan Jennings","MIN","WR",6.218,7.638,9.058,9.068,NA,NA,NA,NA,NA,NA
"2026-09-29T21:05:34Z","Sleeper","KC Concepcion","CLE","WR",5.766,7.621,9.476,9.496,NA,NA,NA,NA,NA,NA
"2026-09-29T21:05:34Z","Sleeper","Michael Pittman","PIT","WR",5.508,7.503,9.498,9.518,NA,NA,NA,NA,NA,NA
"2026-09-29T21:05:34Z","Sleeper","Romeo Doubs","NE","WR",5.922,7.442,8.962,8.972,NA,NA,NA,NA,NA,NA
"2026-09-29T21:05:34Z","Sleeper","Deebo Samuel","SF","WR",5.708,7.293,8.878,8.898,NA,NA,NA,NA,NA,NA
"2026-09-29T21:05:34Z","Sleeper","Chris Godwin","TB","WR",5.435,7.185,8.935,8.945,NA,NA,NA,NA,NA,NA
"2026-09-29T21:05:34Z","Sleeper","Rome Odunze","CHI","WR",5.812,7.162,8.512,8.522,NA,NA,NA,NA,NA,NA
"2026-09-29T21:05:34Z","Sleeper","Quentin Johnston","LAC","WR",5.78,7.16,8.54,8.55,NA,NA,NA,NA,NA,NA
"2026-09-29T21:05:34Z","Sleeper","Dontayvion Wicks","PHI","WR",5.591,7.151,8.711,8.721,NA,NA,NA,NA,NA,NA
"2026-09-29T21:05:34Z","Sleeper","Tre Tucker","LV","WR",5.583,7.073,8.563,8.573,NA,NA,NA,NA,NA,NA
"2026-09-29T21:05:34Z","Sleeper","Malik Washington","MIA","WR",5.297,7.052,8.807,8.827,NA,NA,NA,NA,NA,NA
"2026-09-29T21:05:34Z","Sleeper","Mack Hollins","NE","WR",5.268,6.998,8.728,8.748,NA,NA,NA,NA,NA,NA
"2026-09-29T21:05:34Z","Sleeper","Adonai Mitchell","NYJ","WR",5.459,6.939,8.419,8.429,NA,NA,NA,NA,NA,NA
"2026-09-29T21:05:34Z","Sleeper","Keenan Allen","IND","WR",5.296,6.931,8.566,8.576,NA,NA,NA,NA,NA,NA
"2026-09-29T21:05:34Z","Sleeper","Ryan Flournoy","DAL","WR",4.946,6.556,8.166,8.176,NA,NA,NA,NA,NA,NA
"2026-09-29T21:05:34Z","Sleeper","Rashod Bateman","BAL","WR",5.134,6.469,7.804,7.814,NA,NA,NA,NA,NA,NA
"2026-09-29T21:05:34Z","Sleeper","Khalil Shakir","BUF","WR",4.52,6.355,8.19,8.21,NA,NA,NA,NA,NA,NA
"2026-09-29T21:05:34Z","Sleeper","Brian Thomas","JAX","WR",5.062,6.302,7.542,7.552,NA,NA,NA,NA,NA,NA
"2026-09-29T21:05:34Z","Sleeper","Pat Bryant","DEN","WR",4.645,6.035,7.425,7.435,NA,NA,NA,NA,NA,NA
"2026-09-29T21:05:34Z","Sleeper","Rashid Shaheed","SEA","WR",4.572,5.697,6.822,6.832,NA,NA,NA,NA,NA,NA
"2026-09-29T21:05:34Z","Sleeper","Tre' Harris","LAC","WR",4.194,5.579,6.964,6.974,NA,NA,NA,NA,NA,NA
"2026-09-29T21:05:34Z","Sleeper","Kayshon Boutte","HOU","WR",4.332,5.452,6.572,6.582,NA,NA,NA,NA,NA,NA
"2026-09-29T21:05:34Z","Sleeper","Cooper Kupp","SEA","WR",4.071,5.161,6.251,6.261,NA,NA,NA,NA,NA,NA
"2026-09-29T21:05:34Z","Sleeper","Jalen Nailor","LV","WR",4.159,5.149,6.139,6.149,NA,NA,NA,NA,NA,NA
"2026-09-29T21:05:34Z","Sleeper","Elic Ayomanor","TEN","WR",4.138,5.078,6.018,6.028,NA,NA,NA,NA,NA,NA
"2026-09-29T21:05:34Z","Sleeper","Ted Hurst","TB","WR",4.059,5.059,6.059,6.069,NA,NA,NA,NA,NA,NA
"2026-09-29T21:05:34Z","Sleeper","Makai Lemon","PHI","WR",3.404,4.949,6.494,6.504,NA,NA,NA,NA,NA,NA
"2026-09-29T21:05:34Z","Sleeper","Caleb Douglas","MIA","WR",3.666,4.911,6.156,6.166,NA,NA,NA,NA,NA,NA
"2026-09-29T21:05:34Z","Sleeper","DeMario Douglas","NE","WR",3.669,4.869,6.069,6.079,NA,NA,NA,NA,NA,NA
"2026-09-29T21:05:34Z","Sleeper","Kendrick Bourne","ARI","WR",3.442,4.697,5.952,5.962,NA,NA,NA,NA,NA,NA
"2026-09-29T21:05:34Z","Sleeper","Xavier Hutchinson","HOU","WR",3.656,4.651,5.646,5.656,NA,NA,NA,NA,NA,NA
"2026-09-29T21:05:34Z","Sleeper","Tyquan Thornton","KC","WR",3.569,4.504,5.439,5.449,NA,NA,NA,NA,NA,NA
"2026-09-29T21:05:34Z","Sleeper","Marvin Harrison","ARI","WR",3.555,4.48,5.405,5.415,NA,NA,NA,NA,NA,NA
"2026-09-29T21:05:34Z","Sleeper","Malachi Fields","NYG","WR",3.584,4.449,5.314,5.324,NA,NA,NA,NA,NA,NA
"2026-09-29T21:05:34Z","Sleeper","Roman Wilson","PIT","WR",3.27,4.265,5.26,5.27,NA,NA,NA,NA,NA,NA
"2026-09-29T21:05:34Z","Sleeper","Chris Bell","MIA","WR",3.275,4.195,5.115,5.125,NA,NA,NA,NA,NA,NA
"2026-09-29T21:05:34Z","Sleeper","Laquon Treadwell","IND","WR",3.425,4.175,4.925,4.925,NA,NA,NA,NA,NA,NA
"2026-09-29T21:05:34Z","Sleeper","Isaiah Williams","NYJ","WR",2.849,4.054,5.259,5.269,NA,NA,NA,NA,NA,NA
"2026-09-29T21:05:34Z","Sleeper","Skyy Moore","GB","WR",3.115,4.05,4.985,5.005,NA,NA,NA,NA,NA,NA
"2026-09-29T21:05:34Z","Sleeper","Darnell Mooney","NYG","WR",3.215,3.99,4.765,4.775,NA,NA,NA,NA,NA,NA
"2026-09-29T21:05:34Z","Sleeper","Keon Coleman","BUF","WR",2.902,3.832,4.762,4.772,NA,NA,NA,NA,NA,NA
"2026-09-29T21:05:34Z","Sleeper","Antonio Williams","WAS","WR",2.957,3.807,4.657,4.667,NA,NA,NA,NA,NA,NA
"2026-09-29T21:05:34Z","Sleeper","Jahan Dotson","ATL","WR",2.888,3.688,4.488,4.498,NA,NA,NA,NA,NA,NA
"2026-09-29T21:05:34Z","Sleeper","Isaac TeSlaa","DET","WR",2.77,3.45,4.13,4.14,NA,NA,NA,NA,NA,NA
"2026-09-29T21:05:34Z","Sleeper","Josh Cameron","JAX","WR",2.489,3.054,3.619,3.629,NA,NA,NA,NA,NA,NA
"2026-09-29T21:05:34Z","Sleeper","Jerry Jeudy","CLE","WR",2.297,3.017,3.737,3.747,NA,NA,NA,NA,NA,NA
"2026-09-29T21:05:34Z","Sleeper","Dohnte Meyers","CIN","WR",2.259,2.949,3.639,3.639,NA,NA,NA,NA,NA,NA
"2026-09-29T21:05:34Z","Sleeper","Tory Horton","SEA","WR",2.321,2.891,3.461,3.471,NA,NA,NA,NA,NA,NA
"2026-09-29T21:05:34Z","Sleeper","Devontez Walker","BAL","WR",2.427,2.867,3.307,3.307,NA,NA,NA,NA,NA,NA
"2026-09-29T21:05:34Z","Sleeper","Kyle Williams","NE","WR",2.294,2.834,3.374,3.374,NA,NA,NA,NA,NA,NA
"2026-09-29T21:05:34Z","Sleeper","Cody White","LV","WR",2.348,2.813,3.278,3.278,NA,NA,NA,NA,NA,NA
"2026-09-29T21:05:34Z","Sleeper","Zachariah Branch","ATL","WR",1.937,2.522,3.107,3.107,NA,NA,NA,NA,NA,NA
"2026-09-29T21:05:34Z","Sleeper","Xavier Legette","CAR","WR",1.95,2.51,3.07,3.07,NA,NA,NA,NA,NA,NA
"2026-09-29T21:05:34Z","Sleeper","Olamide Zaccheaus","ATL","WR",1.961,2.466,2.971,2.981,NA,NA,NA,NA,NA,NA
"2026-09-29T21:05:34Z","Sleeper","Calvin Ridley","TEN","WR",1.83,2.345,2.86,2.86,NA,NA,NA,NA,NA,NA
"2026-09-29T21:05:34Z","Sleeper","Kevin Coleman","MIA","WR",1.731,2.221,2.711,2.711,NA,NA,NA,NA,NA,NA
"2026-09-29T21:05:34Z","Sleeper","Tez Johnson","TB","WR",1.766,2.216,2.666,2.666,NA,NA,NA,NA,NA,NA
"2026-09-29T21:05:34Z","Sleeper","KaVontae Turpin","DAL","WR",1.714,2.049,2.384,2.394,NA,NA,NA,NA,NA,NA
"2026-09-29T21:05:34Z","Sleeper","Troy Franklin","DEN","WR",1.548,1.993,2.438,2.438,NA,NA,NA,NA,NA,NA
"2026-09-29T21:05:34Z","Sleeper","Jacob Cowing","SF","WR",1.511,1.976,2.441,2.441,NA,NA,NA,NA,NA,NA
"2026-09-29T21:05:34Z","Sleeper","Jared Wayne","HOU","WR",1.47,1.925,2.38,2.38,NA,NA,NA,NA,NA,NA
"2026-09-29T21:05:34Z","Sleeper","Germie Bernard","PIT","WR",1.485,1.91,2.335,2.335,NA,NA,NA,NA,NA,NA
"2026-09-29T21:05:34Z","Sleeper","Joshua Palmer","BUF","WR",1.405,1.87,2.335,2.335,NA,NA,NA,NA,NA,NA
"2026-09-29T21:05:34Z","Sleeper","Darius Cooper","PHI","WR",1.361,1.861,2.361,2.361,NA,NA,NA,NA,NA,NA
"2026-09-29T21:05:34Z","Sleeper","Konata Mumpfield","LA","WR",1.463,1.838,2.213,2.213,NA,NA,NA,NA,NA,NA
"2026-09-29T21:05:34Z","Sleeper","Jaylin Noel","HOU","WR",1.465,1.8,2.135,2.135,NA,NA,NA,NA,NA,NA
"2026-09-29T21:05:34Z","Sleeper","Isaiah Bond","CLE","WR",1.468,1.768,2.068,2.068,NA,NA,NA,NA,NA,NA
"2026-09-29T21:39:45Z","ECR","Josh Allen","BUF","QB",NA,NA,22.5,NA,1,1,0,1,1,"2026-09-29"
"2026-09-29T21:39:45Z","ECR","Lamar Jackson","BAL","QB",NA,NA,21.5,NA,2,2.13,0.33,2,3,"2026-09-29"
"2026-09-29T21:39:45Z","ECR","Patrick Mahomes II","KC","QB",NA,NA,20.8,NA,3,3,0.5,2,4,"2026-09-29"
"2026-09-29T21:39:45Z","ECR","Trevor Lawrence","JAX","QB",NA,NA,20.2,NA,4,4,0.5,3,5,"2026-09-29"
"2026-09-29T21:39:45Z","ECR","Jalen Hurts","PHI","QB",NA,NA,19.7,NA,5,5.75,0.97,5,7,"2026-09-29"
"2026-09-29T21:39:45Z","ECR","Jared Goff","DET","QB",NA,NA,19.4,NA,6,6.38,1.11,5,8,"2026-09-29"
"2026-09-29T21:39:45Z","ECR","Joe Burrow","CIN","QB",NA,NA,19.2,NA,7,7,1.41,5,9,"2026-09-29"
"2026-09-29T21:39:45Z","ECR","Brock Purdy","SF","QB",NA,NA,19,NA,8,7.25,0.66,6,8,"2026-09-29"
"2026-09-29T21:39:45Z","ECR","Dak Prescott","DAL","QB",NA,NA,18.7,NA,9,9.25,1.39,6,11,"2026-09-29"
"2026-09-29T21:39:45Z","ECR","Tyler Shough","NO","QB",NA,NA,18.3,NA,10,9.38,1.11,7,11,"2026-09-29"
"2026-09-29T21:39:45Z","ECR","Bryce Young","CAR","QB",NA,NA,18,NA,11,11,0.87,10,13,"2026-09-29"
"2026-09-29T21:39:45Z","ECR","Jordan Love","GB","QB",NA,NA,17.8,NA,12,12.63,0.86,12,14,"2026-09-29"
"2026-09-29T21:39:45Z","ECR","Drake Maye","NE","QB",NA,NA,17.5,NA,13,13.63,1.11,13,16,"2026-09-29"
"2026-09-29T21:39:45Z","ECR","Kyler Murray","MIN","QB",NA,NA,17.3,NA,14,13.88,0.93,12,15,"2026-09-29"
"2026-09-29T21:39:45Z","ECR","Matthew Stafford","LA","QB",NA,NA,17,NA,15,14.5,1.12,12,16,"2026-09-29"
"2026-09-29T21:39:45Z","ECR","Bo Nix","DEN","QB",NA,NA,16.8,NA,16,15.88,1.54,13,19,"2026-09-29"
"2026-09-29T21:39:45Z","ECR","C.J. Stroud","HOU","QB",NA,NA,16.4,NA,17,17.13,0.6,16,18,"2026-09-29"
"2026-09-29T21:39:45Z","ECR","Geno Smith","NYJ","QB",NA,NA,16.1,NA,18,18.63,0.86,18,20,"2026-09-29"
"2026-09-29T21:39:45Z","ECR","Marcus Mariota","WAS","QB",NA,NA,15.7,NA,19,19.38,1.87,17,23,"2026-09-29"
"2026-09-29T21:39:45Z","ECR","Daniel Jones","IND","QB",NA,NA,15.4,NA,20,20.25,1.39,19,23,"2026-09-29"
"2026-09-29T21:39:45Z","ECR","Jacoby Brissett","ARI","QB",NA,NA,15.1,NA,21,20.63,0.48,20,21,"2026-09-29"
"2026-09-29T21:39:45Z","ECR","Justin Herbert","LAC","QB",NA,NA,14.8,NA,22,21.75,1.56,18,23,"2026-09-29"
"2026-09-29T21:39:45Z","ECR","Sam Darnold","SEA","QB",NA,NA,14.6,NA,23,22.63,0.86,21,24,"2026-09-29"
"2026-09-29T21:39:45Z","ECR","Kirk Cousins","LV","QB",NA,NA,14.4,NA,24,24,1.32,21,26,"2026-09-29"
"2026-09-29T21:39:45Z","ECR","Michael Penix Jr.","ATL","QB",NA,NA,14.1,NA,25,25.5,1,24,27,"2026-09-29"
"2026-09-29T21:39:45Z","ECR","Jameis Winston","NYG","QB",NA,NA,13.9,NA,26,26.88,1.9,25,31,"2026-09-29"
"2026-09-29T21:39:45Z","ECR","Malik Willis","MIA","QB",NA,NA,13.6,NA,27,27.13,1.54,25,30,"2026-09-29"
"2026-09-29T21:39:45Z","ECR","Deshaun Watson","CLE","QB",NA,NA,13.2,NA,28,27.88,0.78,27,29,"2026-09-29"
"2026-09-29T21:39:45Z","ECR","Aaron Rodgers","PIT","QB",NA,NA,12.7,NA,29,28.63,1.22,26,30,"2026-09-29"
"2026-09-29T21:39:45Z","ECR","Cam Ward","TEN","QB",NA,NA,11.7,NA,30,30.71,1.03,29,32,"2026-09-29"
"2026-09-29T21:39:45Z","ECR","Jalon Daniels","TB","QB",NA,NA,10.6,NA,31,31.75,0.97,31,34,"2026-09-29"
"2026-09-29T21:39:45Z","ECR","Tyson Bagent","CHI","QB",NA,NA,9.3,NA,32,30.67,1.7,28,33,"2026-09-29"
"2026-09-29T21:39:45Z","ECR","Case Keenum","CHI","QB",NA,NA,7.9,NA,33,36.2,6.62,30,49,"2026-09-29"
"2026-09-29T21:39:45Z","ECR","Drew Lock","SEA","QB",NA,NA,0.8,NA,34,34.25,0.83,33,35,"2026-09-29"
"2026-09-29T21:39:45Z","ECR","Jahmyr Gibbs","DET","RB",NA,NA,25.5,NA,1,1,0,1,1,"2026-09-29"
"2026-09-29T21:39:45Z","ECR","Bijan Robinson","ATL","RB",NA,NA,21.9,NA,2,2.14,0.35,2,3,"2026-09-29"
"2026-09-29T21:39:45Z","ECR","Kenneth Walker III","KC","RB",NA,NA,21.3,NA,3,2.86,0.35,2,3,"2026-09-29"
"2026-09-29T21:39:45Z","ECR","Derrick Henry","BAL","RB",NA,NA,19.5,NA,4,4.29,0.45,4,5,"2026-09-29"
"2026-09-29T21:39:45Z","ECR","Christian McCaffrey","SF","RB",NA,NA,19,NA,5,4.71,0.45,4,5,"2026-09-29"
"2026-09-29T21:39:45Z","ECR","Jonathan Taylor","IND","RB",NA,NA,18.9,NA,6,6.71,0.7,6,8,"2026-09-29"
"2026-09-29T21:39:45Z","ECR","James Cook III","BUF","RB",NA,NA,17.7,NA,7,7.86,0.99,7,9,"2026-09-29"
"2026-09-29T21:39:45Z","ECR","Ashton Jeanty","LV","RB",NA,NA,16.7,NA,8,8.29,1.58,6,11,"2026-09-29"
"2026-09-29T21:39:45Z","ECR","Chase Brown","CIN","RB",NA,NA,16.7,NA,9,9.86,2.53,6,14,"2026-09-29"
"2026-09-29T21:39:45Z","ECR","Jeremiyah Love","ARI","RB",NA,NA,16.4,NA,10,10,0.76,9,11,"2026-09-29"
"2026-09-29T21:39:45Z","ECR","Saquon Barkley","PHI","RB",NA,NA,16.1,NA,11,11.71,3.01,8,15,"2026-09-29"
"2026-09-29T21:39:45Z","ECR","Jaylen Warren","PIT","RB",NA,NA,16,NA,12,12,2.2,9,15,"2026-09-29"
"2026-09-29T21:39:45Z","ECR","Kyren Williams","LA","RB",NA,NA,15.8,NA,13,12.57,1.29,10,14,"2026-09-29"
"2026-09-29T21:39:45Z","ECR","Chuba Hubbard","CAR","RB",NA,NA,14.9,NA,14,12.71,0.7,12,14,"2026-09-29"
"2026-09-29T21:39:45Z","ECR","Aaron Jones Sr.","MIN","RB",NA,NA,14.4,NA,15,14.86,1.55,13,18,"2026-09-29"
"2026-09-29T21:39:45Z","ECR","D'Andre Swift","CHI","RB",NA,NA,14.4,NA,16,15.29,1.16,13,16,"2026-09-29"
"2026-09-29T21:39:45Z","ECR","Javonte Williams","DAL","RB",NA,NA,14.3,NA,17,17.14,0.99,15,18,"2026-09-29"
"2026-09-29T21:39:45Z","ECR","Cam Skattebo","NYG","RB",NA,NA,14.1,NA,18,18.71,1.16,17,21,"2026-09-29"
"2026-09-29T21:39:45Z","ECR","Bucky Irving","TB","RB",NA,NA,13.9,NA,19,19.43,1.5,17,21,"2026-09-29"
"2026-09-29T21:39:45Z","ECR","Bhayshul Tuten","JAX","RB",NA,NA,13.9,NA,20,19.57,0.9,18,21,"2026-09-29"
"2026-09-29T21:39:45Z","ECR","Omarion Hampton","LAC","RB",NA,NA,13.6,NA,21,21.14,1.64,19,24,"2026-09-29"
"2026-09-29T21:39:45Z","ECR","David Montgomery","HOU","RB",NA,NA,11.8,NA,22,22,0.53,21,23,"2026-09-29"
"2026-09-29T21:39:45Z","ECR","Braelon Allen","NYJ","RB",NA,NA,11.5,NA,23,22.57,2.19,20,26,"2026-09-29"
"2026-09-29T21:39:45Z","ECR","Quinshon Judkins","CLE","RB",NA,NA,11.3,NA,24,24,0.53,23,25,"2026-09-29"
"2026-09-29T21:39:45Z","ECR","TreVeyon Henderson","NE","RB",NA,NA,11.1,NA,25,25,1.77,23,28,"2026-09-29"
"2026-09-29T21:39:45Z","ECR","Rhamondre Stevenson","NE","RB",NA,NA,11,NA,26,26.43,0.73,26,28,"2026-09-29"
"2026-09-29T21:39:45Z","ECR","Jacory Croskey-Merritt","WAS","RB",NA,NA,10.1,NA,27,27,2.88,22,31,"2026-09-29"
"2026-09-29T21:39:45Z","ECR","Tony Pollard","TEN","RB",NA,NA,10.1,NA,28,28.14,0.99,27,30,"2026-09-29"
"2026-09-29T21:39:45Z","ECR","RJ Harvey","DEN","RB",NA,NA,10.1,NA,29,28.86,1.81,27,32,"2026-09-29"
"2026-09-29T21:39:45Z","ECR","J.K. Dobbins","DEN","RB",NA,NA,9.7,NA,30,29.86,0.64,29,31,"2026-09-29"
"2026-09-29T21:39:45Z","ECR","Jadarian Price","SEA","RB",NA,NA,9.5,NA,31,30.86,0.64,30,32,"2026-09-29"
"2026-09-29T21:39:45Z","ECR","Woody Marks","HOU","RB",NA,NA,9.5,NA,32,33.14,0.83,32,34,"2026-09-29"
"2026-09-29T21:39:45Z","ECR","Kyle Monangai","CHI","RB",NA,NA,9.3,NA,33,34.14,1.73,32,37,"2026-09-29"
"2026-09-29T21:39:45Z","ECR","Rachaad White","WAS","RB",NA,NA,8.8,NA,34,34.57,0.73,34,36,"2026-09-29"
"2026-09-29T21:39:45Z","ECR","Alvin Kamara","NO","RB",NA,NA,8.1,NA,35,35,4.69,31,46,"2026-09-29"
"2026-09-29T21:39:45Z","ECR","Ollie Gordon II","MIA","RB",NA,NA,8,NA,36,35.14,2.03,32,38,"2026-09-29"
"2026-09-29T21:39:45Z","ECR","Blake Corum","LA","RB",NA,NA,7.9,NA,37,36.86,1.55,35,39,"2026-09-29"
"2026-09-29T21:39:45Z","ECR","Emmett Johnson","KC","RB",NA,NA,7.9,NA,38,38.86,1.55,37,42,"2026-09-29"
"2026-09-29T21:39:45Z","ECR","Tyler Allgeier","ARI","RB",NA,NA,7.9,NA,39,39.43,1.92,38,44,"2026-09-29"
"2026-09-29T21:39:45Z","ECR","Kaelon Black","SF","RB",NA,NA,7.8,NA,40,40.86,1.12,40,43,"2026-09-29"
"2026-09-29T21:39:45Z","ECR","Kaleb Johnson","GB","RB",NA,NA,7.7,NA,41,42.57,2.19,41,46,"2026-09-29"
"2026-09-29T21:39:45Z","ECR","Chris Rodriguez Jr.","JAX","RB",NA,NA,7.6,NA,42,42.86,0.64,42,44,"2026-09-29"
"2026-09-29T21:39:45Z","ECR","Kenny Gainwell","TB","RB",NA,NA,6.9,NA,43,43.14,2.1,41,48,"2026-09-29"
"2026-09-29T21:39:45Z","ECR","Mike Washington Jr.","LV","RB",NA,NA,6.7,NA,44,44,2.62,38,47,"2026-09-29"
"2026-09-29T21:39:45Z","ECR","Keaton Mitchell","LAC","RB",NA,NA,6.6,NA,45,44.29,3.65,40,51,"2026-09-29"
"2026-09-29T21:39:45Z","ECR","Tyjae Spears","TEN","RB",NA,NA,6,NA,46,45.29,1.58,44,48,"2026-09-29"
"2026-09-29T21:39:45Z","ECR","Emanuel Wilson","SEA","RB",NA,NA,5.9,NA,47,47.71,1.39,45,49,"2026-09-29"
"2026-09-29T21:39:45Z","ECR","Justice Hill","BAL","RB",NA,NA,5.8,NA,48,48,0.76,47,49,"2026-09-29"
"2026-09-29T21:39:45Z","ECR","MarShawn Lloyd","GB","RB",NA,NA,5.8,NA,49,48.57,0.9,47,50,"2026-09-29"
"2026-09-29T21:39:45Z","ECR","Brian Robinson Jr.","ATL","RB",NA,NA,5.8,NA,50,50.43,2.26,46,54,"2026-09-29"
"2026-09-29T21:39:45Z","ECR","Kendre Miller","NO","RB",NA,NA,5.7,NA,51,51.29,5.77,41,59,"2026-09-29"
"2026-09-29T21:39:45Z","ECR","George Holani","SEA","RB",NA,NA,5.5,NA,52,52.14,1.81,50,55,"2026-09-29"
"2026-09-29T21:39:45Z","ECR","Najee Harris","NYG","RB",NA,NA,5.5,NA,53,54.14,2.1,52,58,"2026-09-29"
"2026-09-29T21:39:45Z","ECR","Ty Johnson","BUF","RB",NA,NA,5.3,NA,54,57.71,6.34,52,69,"2026-09-29"
"2026-09-29T21:39:45Z","ECR","Chris Brooks","GB","RB",NA,NA,5.2,NA,55,55.17,3.8,51,62,"2026-09-29"
"2026-09-29T21:39:45Z","ECR","Samaje Perine","CIN","RB",NA,NA,5.1,NA,56,55.33,1.97,53,59,"2026-09-29"
"2026-09-29T21:39:45Z","ECR","Raheim Sanders","CLE","RB",NA,NA,4.9,NA,57,56.17,0.9,55,57,"2026-09-29"
"2026-09-29T21:39:45Z","ECR","Tank Bigsby","PHI","RB",NA,NA,4.8,NA,58,61.83,4.45,58,71,"2026-09-29"
"2026-09-29T21:39:45Z","ECR","Breece Hall","NYJ","RB",NA,NA,4.4,NA,59,58.2,7.91,46,67,"2026-09-29"
"2026-09-29T21:39:45Z","ECR","Sione Vaki","DET","RB",NA,NA,4.3,NA,60,59.4,0.49,59,60,"2026-09-29"
"2026-09-29T21:39:45Z","ECR","DeeJay Dallas","MIN","RB",NA,NA,4,NA,61,61.2,2.4,57,64,"2026-09-29"
"2026-09-29T21:39:45Z","ECR","Will Shipley","PHI","RB",NA,NA,3.8,NA,62,61.6,1.74,60,65,"2026-09-29"
"2026-09-29T21:39:45Z","ECR","AJ Dillon","CAR","RB",NA,NA,3.4,NA,63,62.2,1.94,59,65,"2026-09-29"
"2026-09-29T21:39:45Z","ECR","Demond Claiborne","MIN","RB",NA,NA,3.2,NA,64,64.2,2.48,60,67,"2026-09-29"
"2026-09-29T21:39:45Z","ECR","Kyle Juszczyk","SF","RB",NA,NA,3.2,NA,65,65.4,1.62,63,67,"2026-09-29"
"2026-09-29T21:39:45Z","ECR","Ray Davis","BUF","RB",NA,NA,3.2,NA,66,65.6,1.36,64,68,"2026-09-29"
"2026-09-29T21:39:45Z","ECR","Isaiah Davis","NYJ","RB",NA,NA,3,NA,67,67,8.51,54,80,"2026-09-29"
"2026-09-29T21:39:45Z","ECR","Jaylen Wright","MIA","RB",NA,NA,2.7,NA,68,68.6,13.18,45,82,"2026-09-29"
"2026-09-29T21:39:45Z","ECR","Kimani Vidal","LAC","RB",NA,NA,2.5,NA,69,69.4,3.88,62,73,"2026-09-29"
"2026-09-29T21:39:45Z","ECR","Tyrone Tracy Jr.","NYG","RB",NA,NA,2.5,NA,70,69.8,1.6,68,72,"2026-09-29"
"2026-09-29T21:39:45Z","ECR","Emari Demercado","DAL","RB",NA,NA,2.3,NA,71,70.4,2.58,66,73,"2026-09-29"
"2026-09-29T21:39:45Z","ECR","Kaytron Allen","WAS","RB",NA,NA,2.2,NA,72,71.6,2.73,68,76,"2026-09-29"
"2026-09-29T21:39:45Z","ECR","LeQuint Allen Jr.","JAX","RB",NA,NA,1.8,NA,73,72.75,1.64,70,74,"2026-09-29"
"2026-09-29T21:39:45Z","ECR","Sean Tucker","TB","RB",NA,NA,1.7,NA,74,75.25,0.83,74,76,"2026-09-29"
"2026-09-29T21:39:45Z","ECR","Jacob Saylors","DET","RB",NA,NA,1.4,NA,75,75.75,4.71,68,80,"2026-09-29"
"2026-09-29T21:39:45Z","ECR","Nicholas Singleton","TEN","RB",NA,NA,1.3,NA,76,76.25,1.92,74,79,"2026-09-29"
"2026-09-29T21:39:45Z","ECR","Seth McGowan","IND","RB",NA,NA,1.3,NA,77,77.5,0.5,77,78,"2026-09-29"
"2026-09-29T21:39:45Z","ECR","Travis Homer","PIT","RB",NA,NA,1.2,NA,78,75,3.27,71,79,"2026-09-29"
"2026-09-29T21:39:45Z","ECR","Ameer Abdullah","JAX","RB",NA,NA,1,NA,79,78.33,1.25,77,80,"2026-09-29"
"2026-09-29T21:39:45Z","ECR","Brashard Smith","KC","RB",NA,NA,1,NA,80,80,1.41,78,81,"2026-09-29"
"2026-09-29T21:39:45Z","ECR","Brock Bowers","LV","TE",NA,NA,18.6,NA,1,1.29,0.45,1,2,"2026-09-29"
"2026-09-29T21:39:45Z","ECR","Trey McBride","ARI","TE",NA,NA,16,NA,2,1.71,0.45,1,2,"2026-09-29"
"2026-09-29T21:39:45Z","ECR","Travis Kelce","KC","TE",NA,NA,13.6,NA,3,3.71,0.7,3,5,"2026-09-29"
"2026-09-29T21:39:45Z","ECR","George Kittle","SF","TE",NA,NA,12.9,NA,4,4.71,2.37,3,10,"2026-09-29"
"2026-09-29T21:39:45Z","ECR","Dalton Kincaid","BUF","TE",NA,NA,12.2,NA,5,5,0.53,4,6,"2026-09-29"
"2026-09-29T21:39:45Z","ECR","Sam LaPorta","DET","TE",NA,NA,12,NA,6,5.57,1.18,4,7,"2026-09-29"
"2026-09-29T21:39:45Z","ECR","Tyler Warren","IND","TE",NA,NA,11.7,NA,7,6.43,0.49,6,7,"2026-09-29"
"2026-09-29T21:39:45Z","ECR","Juwan Johnson","NO","TE",NA,NA,11.7,NA,8,8.29,0.45,8,9,"2026-09-29"
"2026-09-29T21:39:45Z","ECR","Tucker Kraft","GB","TE",NA,NA,11.4,NA,9,9.57,1.29,7,11,"2026-09-29"
"2026-09-29T21:39:45Z","ECR","Dalton Schultz","HOU","TE",NA,NA,11.2,NA,10,10.57,3.02,7,16,"2026-09-29"
"2026-09-29T21:39:45Z","ECR","Isaiah Likely","NYG","TE",NA,NA,10.8,NA,11,11.29,0.7,10,12,"2026-09-29"
"2026-09-29T21:39:45Z","ECR","Harold Fannin Jr.","CLE","TE",NA,NA,10.1,NA,12,11.71,0.88,10,13,"2026-09-29"
"2026-09-29T21:39:45Z","ECR","Kenyon Sadiq","NYJ","TE",NA,NA,10.1,NA,13,12.57,2.44,9,16,"2026-09-29"
"2026-09-29T21:39:45Z","ECR","Colston Loveland","CHI","TE",NA,NA,10.1,NA,14,13.71,1.28,11,15,"2026-09-29"
"2026-09-29T21:39:45Z","ECR","Mark Andrews","BAL","TE",NA,NA,9.9,NA,15,14.86,1.81,13,18,"2026-09-29"
"2026-09-29T21:39:45Z","ECR","Darren Waller","CAR","TE",NA,NA,9.1,NA,16,16.57,1.59,15,19,"2026-09-29"
"2026-09-29T21:39:45Z","ECR","Jake Ferguson","DAL","TE",NA,NA,8.6,NA,17,17,1.6,14,19,"2026-09-29"
"2026-09-29T21:39:45Z","ECR","Pat Freiermuth","PIT","TE",NA,NA,8.5,NA,18,18.57,1.18,17,20,"2026-09-29"
"2026-09-29T21:39:45Z","ECR","Kyle Pitts Sr.","ATL","TE",NA,NA,8.5,NA,19,18.86,1.96,16,22,"2026-09-29"
"2026-09-29T21:39:45Z","ECR","Hunter Henry","NE","TE",NA,NA,8.5,NA,20,20.57,0.9,20,22,"2026-09-29"
"2026-09-29T21:39:45Z","ECR","Brenton Strange","JAX","TE",NA,NA,8.3,NA,21,21.29,1.98,17,23,"2026-09-29"
"2026-09-29T21:39:45Z","ECR","T.J. Hockenson","MIN","TE",NA,NA,8.2,NA,22,22.57,1.4,21,25,"2026-09-29"
"2026-09-29T21:39:45Z","ECR","Oronde Gadsden II","LAC","TE",NA,NA,8,NA,23,23.71,1.16,22,25,"2026-09-29"
"2026-09-29T21:39:45Z","ECR","Tyler Higbee","LA","TE",NA,NA,7.8,NA,24,24,6.16,17,34,"2026-09-29"
"2026-09-29T21:39:45Z","ECR","AJ Barner","SEA","TE",NA,NA,7.2,NA,25,24.29,0.45,24,25,"2026-09-29"
"2026-09-29T21:39:45Z","ECR","Mike Gesicki","CIN","TE",NA,NA,7.1,NA,26,26.43,0.73,26,28,"2026-09-29"
"2026-09-29T21:39:45Z","ECR","Evan Engram","DEN","TE",NA,NA,7,NA,27,27.86,1.81,25,31,"2026-09-29"
"2026-09-29T21:39:45Z","ECR","Terrance Ferguson","LA","TE",NA,NA,6.8,NA,28,25.2,6.18,15,33,"2026-09-29"
"2026-09-29T21:39:45Z","ECR","Michael Mayer","LV","TE",NA,NA,6.7,NA,29,29.71,2.25,28,35,"2026-09-29"
"2026-09-29T21:39:45Z","ECR","Cade Otton","TB","TE",NA,NA,6.3,NA,30,30.14,2.36,27,34,"2026-09-29"
"2026-09-29T21:39:45Z","ECR","Greg Dulcich","MIA","TE",NA,NA,6.3,NA,31,31.43,0.9,30,33,"2026-09-29"
"2026-09-29T21:39:45Z","ECR","Darnell Washington","PIT","TE",NA,NA,6.2,NA,32,31.17,1.57,29,34,"2026-09-29"
"2026-09-29T21:39:45Z","ECR","Gunnar Helm","TEN","TE",NA,NA,5.8,NA,33,32.6,0.49,32,33,"2026-09-29"
"2026-09-29T21:39:45Z","ECR","Colby Parkinson","LA","TE",NA,NA,4.6,NA,34,34.4,3.72,30,41,"2026-09-29"
"2026-09-29T21:39:45Z","ECR","Noah Fant","NO","TE",NA,NA,4.5,NA,35,34,9,25,43,"2026-09-29"
"2026-09-29T21:39:45Z","ECR","Zach Ertz","PHI","TE",NA,NA,4.4,NA,36,34.2,0.75,33,35,"2026-09-29"
"2026-09-29T21:39:45Z","ECR","Jaxon Smith-Njigba","SEA","WR",NA,NA,21.8,NA,1,1,0,1,1,"2026-09-29"
"2026-09-29T21:39:45Z","ECR","Ja'Marr Chase","CIN","WR",NA,NA,20.2,NA,2,2.29,0.45,2,3,"2026-09-29"
"2026-09-29T21:39:45Z","ECR","Amon-Ra St. Brown","DET","WR",NA,NA,19.9,NA,3,2.71,0.45,2,3,"2026-09-29"
"2026-09-29T21:39:45Z","ECR","Chris Olave","NO","WR",NA,NA,19.3,NA,4,4.43,1.05,4,7,"2026-09-29"
"2026-09-29T21:39:45Z","ECR","Garrett Wilson","NYJ","WR",NA,NA,17.6,NA,5,5.86,0.64,5,7,"2026-09-29"
"2026-09-29T21:39:45Z","ECR","CeeDee Lamb","DAL","WR",NA,NA,17.1,NA,6,6.57,1.29,5,8,"2026-09-29"
"2026-09-29T21:39:45Z","ECR","Drake London","ATL","WR",NA,NA,16.7,NA,7,6.86,0.83,5,8,"2026-09-29"
"2026-09-29T21:39:45Z","ECR","DeVonta Smith","PHI","WR",NA,NA,16.5,NA,8,9.57,1.59,8,13,"2026-09-29"
"2026-09-29T21:39:45Z","ECR","Zay Flowers","BAL","WR",NA,NA,16.2,NA,9,9.86,3.31,5,15,"2026-09-29"
"2026-09-29T21:39:45Z","ECR","Davante Adams","LA","WR",NA,NA,15.7,NA,10,10.14,1.96,8,13,"2026-09-29"
"2026-09-29T21:39:45Z","ECR","Christian Watson","GB","WR",NA,NA,15.7,NA,11,11.57,0.73,11,13,"2026-09-29"
"2026-09-29T21:39:45Z","ECR","Parker Washington","JAX","WR",NA,NA,15.2,NA,12,12.29,1.91,10,16,"2026-09-29"
"2026-09-29T21:39:45Z","ECR","Tetairoa McMillan","CAR","WR",NA,NA,14.9,NA,13,13.29,1.03,12,15,"2026-09-29"
"2026-09-29T21:39:45Z","ECR","George Pickens","DAL","WR",NA,NA,14.6,NA,14,13.86,1.36,12,16,"2026-09-29"
"2026-09-29T21:39:45Z","ECR","Rashee Rice","KC","WR",NA,NA,14.5,NA,15,16.86,1.96,15,21,"2026-09-29"
"2026-09-29T21:39:45Z","ECR","Tee Higgins","CIN","WR",NA,NA,14.3,NA,16,17.86,1.36,16,19,"2026-09-29"
"2026-09-29T21:39:45Z","ECR","Jaylen Waddle","DEN","WR",NA,NA,14.2,NA,17,18.14,2.23,16,22,"2026-09-29"
"2026-09-29T21:39:45Z","ECR","Matthew Golden","GB","WR",NA,NA,13.9,NA,18,18.29,1.39,17,21,"2026-09-29"
"2026-09-29T21:39:45Z","ECR","Malik Nabers","NYG","WR",NA,NA,13.8,NA,19,19,2.27,15,23,"2026-09-29"
"2026-09-29T21:39:45Z","ECR","Josh Downs","IND","WR",NA,NA,13.8,NA,20,21.14,1.81,18,23,"2026-09-29"
"2026-09-29T21:39:45Z","ECR","Ladd McConkey","LAC","WR",NA,NA,13.4,NA,21,22.29,1.67,20,25,"2026-09-29"
"2026-09-29T21:39:45Z","ECR","DJ Moore","BUF","WR",NA,NA,13.3,NA,22,22.57,1.76,20,26,"2026-09-29"
"2026-09-29T21:39:45Z","ECR","Deebo Samuel Sr.","SF","WR",NA,NA,12.5,NA,23,23.71,2.96,20,30,"2026-09-29"
"2026-09-29T21:39:45Z","ECR","Michael Wilson","ARI","WR",NA,NA,12.1,NA,24,24,2,21,27,"2026-09-29"
"2026-09-29T21:39:45Z","ECR","Nico Collins","HOU","WR",NA,NA,12,NA,25,26.86,16.63,9,53,"2026-09-29"
"2026-09-29T21:39:45Z","ECR","Devaughn Vele","NO","WR",NA,NA,12,NA,26,27.86,2.1,25,32,"2026-09-29"
"2026-09-29T21:39:45Z","ECR","DK Metcalf","PIT","WR",NA,NA,12,NA,27,28.29,2.49,24,32,"2026-09-29"
"2026-09-29T21:39:45Z","ECR","Terry McLaurin","WAS","WR",NA,NA,11.9,NA,28,28.43,1.68,26,30,"2026-09-29"
"2026-09-29T21:39:45Z","ECR","Stefon Diggs","WAS","WR",NA,NA,11.7,NA,29,29.86,3.68,25,36,"2026-09-29"
"2026-09-29T21:39:45Z","ECR","Jameson Williams","DET","WR",NA,NA,11.6,NA,30,29.86,1.25,28,32,"2026-09-29"
"2026-09-29T21:39:45Z","ECR","Jordan Addison","MIN","WR",NA,NA,11.4,NA,31,30.29,2.71,27,36,"2026-09-29"
"2026-09-29T21:39:45Z","ECR","Luther Burden III","CHI","WR",NA,NA,11,NA,32,31.14,1.46,28,33,"2026-09-29"
"2026-09-29T21:39:45Z","ECR","Emeka Egbuka","TB","WR",NA,NA,10.9,NA,33,33.29,1.16,32,35,"2026-09-29"
"2026-09-29T21:39:45Z","ECR","Denzel Boston","CLE","WR",NA,NA,10.9,NA,34,35.86,1.88,34,40,"2026-09-29"
"2026-09-29T21:39:45Z","ECR","Romeo Doubs","NE","WR",NA,NA,10.7,NA,35,36.71,3.19,32,42,"2026-09-29"
"2026-09-29T21:39:45Z","ECR","Keenan Allen","IND","WR",NA,NA,10.7,NA,36,37.29,1.48,35,39,"2026-09-29"
"2026-09-29T21:39:45Z","ECR","Dontayvion Wicks","PHI","WR",NA,NA,10.6,NA,37,38,2.93,34,44,"2026-09-29"
"2026-09-29T21:39:45Z","ECR","Rome Odunze","CHI","WR",NA,NA,10.5,NA,38,39.86,2.9,36,44,"2026-09-29"
"2026-09-29T21:39:45Z","ECR","Jakobi Meyers","JAX","WR",NA,NA,10.4,NA,39,40.14,0.99,39,42,"2026-09-29"
"2026-09-29T21:39:45Z","ECR","Carnell Tate","TEN","WR",NA,NA,10.3,NA,40,40.43,0.73,39,41,"2026-09-29"
"2026-09-29T21:39:45Z","ECR","Khalil Shakir","BUF","WR",NA,NA,10.3,NA,41,41.14,4.05,35,47,"2026-09-29"
"2026-09-29T21:39:45Z","ECR","Puka Nacua","LA","WR",NA,NA,10.2,NA,42,42.14,21.28,10,75,"2026-09-29"
"2026-09-29T21:39:45Z","ECR","Wan'Dale Robinson","TEN","WR",NA,NA,10.1,NA,43,43,0.76,42,44,"2026-09-29"
"2026-09-29T21:39:45Z","ECR","Malik Washington","MIA","WR",NA,NA,9.8,NA,44,43.86,2.8,38,47,"2026-09-29"
"2026-09-29T21:39:45Z","ECR","Chris Godwin Jr.","TB","WR",NA,NA,9.8,NA,45,45.71,3.1,40,50,"2026-09-29"
"2026-09-29T21:39:45Z","ECR","Tre Tucker","LV","WR",NA,NA,9.6,NA,46,46,1.2,44,48,"2026-09-29"
"2026-09-29T21:39:45Z","ECR","KC Concepcion Jr.","CLE","WR",NA,NA,9.6,NA,47,46.14,1.12,45,48,"2026-09-29"
"2026-09-29T21:39:45Z","ECR","Rashod Bateman","BAL","WR",NA,NA,9.5,NA,48,46.57,3.81,41,52,"2026-09-29"
"2026-09-29T21:39:45Z","ECR","Xavier Worthy","KC","WR",NA,NA,9.4,NA,49,47.29,3.49,43,54,"2026-09-29"
"2026-09-29T21:39:45Z","ECR","Jalen Coker","CAR","WR",NA,NA,9.3,NA,50,48.57,18.55,27,79,"2026-09-29"
"2026-09-29T21:39:45Z","ECR","Courtland Sutton","DEN","WR",NA,NA,9.2,NA,51,49.43,1.05,48,51,"2026-09-29"
"2026-09-29T21:39:45Z","ECR","Brian Thomas Jr.","JAX","WR",NA,NA,8.7,NA,52,52,1.41,50,54,"2026-09-29"
"2026-09-29T21:39:45Z","ECR","Marvin Harrison Jr.","ARI","WR",NA,NA,8.7,NA,53,52.29,1.39,51,55,"2026-09-29"
"2026-09-29T21:39:45Z","ECR","Quentin Johnston","LAC","WR",NA,NA,8.3,NA,54,53.86,1.12,52,55,"2026-09-29"
"2026-09-29T21:39:45Z","ECR","Kalif Raymond","CHI","WR",NA,NA,8.3,NA,55,55.86,4.26,46,59,"2026-09-29"
"2026-09-29T21:39:45Z","ECR","Chris Bell","MIA","WR",NA,NA,8.2,NA,56,56.43,5.47,48,65,"2026-09-29"
"2026-09-29T21:39:45Z","ECR","Mack Hollins","NE","WR",NA,NA,8.1,NA,57,57.14,2.59,54,61,"2026-09-29"
"2026-09-29T21:39:45Z","ECR","Ryan Flournoy","DAL","WR",NA,NA,8.1,NA,58,58.57,3.06,53,63,"2026-09-29"
"2026-09-29T21:39:45Z","ECR","Kayshon Boutte","HOU","WR",NA,NA,8.1,NA,59,59.43,2.44,56,63,"2026-09-29"
"2026-09-29T21:39:45Z","ECR","Xavier Hutchinson","HOU","WR",NA,NA,8,NA,60,60.14,3.83,57,69,"2026-09-29"
"2026-09-29T21:39:45Z","ECR","Michael Pittman Jr.","PIT","WR",NA,NA,7.9,NA,61,60.57,4.37,55,68,"2026-09-29"
"2026-09-29T21:39:45Z","ECR","Makai Lemon","PHI","WR",NA,NA,7.9,NA,62,60.86,2.85,54,63,"2026-09-29"
"2026-09-29T21:39:45Z","ECR","Justin Jefferson","MIN","WR",NA,NA,7.8,NA,63,53.33,19.24,13,74,"2026-09-29"
"2026-09-29T21:39:45Z","ECR","Tre' Harris","LAC","WR",NA,NA,7.5,NA,64,61.71,1.83,59,64,"2026-09-29"
"2026-09-29T21:39:45Z","ECR","Kendrick Bourne","ARI","WR",NA,NA,7.2,NA,65,63.43,2.38,60,66,"2026-09-29"
"2026-09-29T21:39:45Z","ECR","Pat Bryant","DEN","WR",NA,NA,7.2,NA,66,64,2.2,61,67,"2026-09-29"
"2026-09-29T21:39:45Z","ECR","Rashid Shaheed","SEA","WR",NA,NA,7.2,NA,67,65.14,1.55,64,68,"2026-09-29"
"2026-09-29T21:39:45Z","ECR","Malachi Fields","NYG","WR",NA,NA,7.1,NA,68,68.71,1.98,66,72,"2026-09-29"
"2026-09-29T21:39:45Z","ECR","Roman Wilson","PIT","WR",NA,NA,6.8,NA,69,69.43,0.9,68,71,"2026-09-29"
"2026-09-29T21:39:45Z","ECR","Jalen Nailor","LV","WR",NA,NA,6.8,NA,70,73.71,2.25,70,78,"2026-09-29"
"2026-09-29T21:39:45Z","ECR","Ted Hurst III","TB","WR",NA,NA,6.8,NA,71,74.14,2.03,71,77,"2026-09-29"
"2026-09-29T21:39:45Z","ECR","Jaylin Noel","HOU","WR",NA,NA,6.7,NA,72,75,8.62,70,96,"2026-09-29"
"2026-09-29T21:39:45Z","ECR","Mike Evans","SF","WR",NA,NA,6.6,NA,73,70.33,7.11,59,80,"2026-09-29"
"2026-09-29T21:39:45Z","ECR","DeMario Douglas","NE","WR",NA,NA,6.6,NA,74,74.17,3.13,68,77,"2026-09-29"
"2026-09-29T21:39:45Z","ECR","Isaiah Williams","NYJ","WR",NA,NA,6.5,NA,75,74.67,2.92,71,80,"2026-09-29"
"2026-09-29T21:39:45Z","ECR","Tyquan Thornton","KC","WR",NA,NA,6.4,NA,76,75.67,4.78,70,84,"2026-09-29"
"2026-09-29T21:39:45Z","ECR","Cooper Kupp","SEA","WR",NA,NA,6.3,NA,77,78.33,8.69,70,97,"2026-09-29"
"2026-09-29T21:39:45Z","ECR","Keon Coleman","BUF","WR",NA,NA,6.2,NA,78,80.5,8.58,72,99,"2026-09-29"
"2026-09-29T21:39:45Z","ECR","Jauan Jennings","MIN","WR",NA,NA,6.2,NA,79,75.8,11.11,60,90,"2026-09-29"
"2026-09-29T21:39:45Z","ECR","Antonio Williams","WAS","WR",NA,NA,6.2,NA,80,80,2.83,77,85,"2026-09-29"
"2026-09-29T21:39:45Z","ECR","Joshua Palmer","BUF","WR",NA,NA,6.1,NA,81,81.6,6.22,74,93,"2026-09-29"
"2026-09-29T21:39:45Z","ECR","Konata Mumpfield","LA","WR",NA,NA,6.1,NA,82,76.75,7.69,65,85,"2026-09-29"
"2026-09-29T21:39:45Z","ECR","Isaac TeSlaa","DET","WR",NA,NA,6,NA,83,79.25,7.29,67,86,"2026-09-29"
"2026-09-29T21:39:45Z","ECR","Adonai Mitchell","NYJ","WR",NA,NA,6,NA,84,82.75,13.66,67,104,"2026-09-29"
"2026-09-29T21:39:45Z","ECR","Jerry Jeudy","CLE","WR",NA,NA,5.9,NA,85,83.25,1.3,82,85,"2026-09-29"
"2026-09-29T21:39:45Z","ECR","Germie Bernard","PIT","WR",NA,NA,5.9,NA,86,84.25,3.49,80,89,"2026-09-29"
"2026-09-29T21:39:45Z","ECR","Elic Ayomanor","TEN","WR",NA,NA,5.7,NA,87,84.5,2.29,81,87,"2026-09-29"
"2026-09-29T21:39:45Z","ECR","Calvin Ridley","TEN","WR",NA,NA,5.7,NA,88,87.5,3.2,83,92,"2026-09-29"
"2026-09-29T21:39:45Z","ECR","Jahan Dotson","ATL","WR",NA,NA,5.7,NA,89,81.67,9.67,68,89,"2026-09-29"
"2026-09-29T21:39:45Z","ECR","Laquon Treadwell","IND","WR",NA,NA,5.4,NA,90,84,4.55,79,90,"2026-09-29"
"2026-09-29T21:39:45Z","ECR","Bryce Lance","NO","WR",NA,NA,5.3,NA,91,90,1.41,88,91,"2026-09-29"
"2026-09-29T21:39:45Z","ECR","Darnell Mooney","NYG","WR",NA,NA,5.2,NA,92,91.67,2.05,89,94,"2026-09-29"
"2026-09-29T21:39:45Z","ECR","Zachariah Branch","ATL","WR",NA,NA,5.1,NA,93,92.33,0.94,91,93,"2026-09-29"
"2026-09-29T21:39:45Z","ECR","Troy Franklin","DEN","WR",NA,NA,4.8,NA,94,94.67,2.49,92,98,"2026-09-29"
"2026-09-29T21:39:45Z","ECR","Olamide Zaccheaus","ATL","WR",NA,NA,4.8,NA,95,95.33,0.47,95,96,"2026-09-29"
"2026-09-29T21:39:45Z","ECR","Tez Johnson","TB","WR",NA,NA,4.4,NA,96,99.67,2.87,96,103,"2026-09-29"
"2026-09-29T21:39:45Z","ECR","KaVontae Turpin","DAL","WR",NA,NA,3.9,NA,97,100.67,2.87,97,104,"2026-09-29"
"2026-09-29T21:39:45Z","ECR","Kyle Williams","NE","WR",NA,NA,3.9,NA,98,103.33,10.5,94,118,"2026-09-29"
"2026-09-29T21:39:45Z","ECR","Tutu Atwell","LA","WR",NA,NA,3.8,NA,99,103,3.74,99,108,"2026-09-29"
"2026-09-29T21:39:45Z","ECR","Travis Hunter","JAX","WR",NA,NA,3.6,NA,100,103.33,3.4,100,108,"2026-09-29"
"2026-09-29T21:39:45Z","ECR","Chimere Dike","TEN","WR",NA,NA,3.4,NA,101,105.67,3.4,101,109,"2026-09-29"
"2026-09-29T21:39:45Z","ECR","Kevin Coleman Jr.","MIA","WR",NA,NA,3,NA,102,106.33,4.19,102,112,"2026-09-29"
"2026-09-29T21:39:45Z","ESPN","Josh Allen","BUF","QB",22.249310246,22.249310246,22.249310246,25.554357079,NA,NA,NA,NA,NA,NA
"2026-09-29T21:39:45Z","ESPN","Lamar Jackson","BAL","QB",21.124072739,21.124072739,21.124072739,24.222883242,NA,NA,NA,NA,NA,NA
"2026-09-29T21:39:45Z","ESPN","Bryce Young","CAR","QB",20.094670192,20.094670192,20.094670192,23.608112186,NA,NA,NA,NA,NA,NA
"2026-09-29T21:39:45Z","ESPN","Kyler Murray","MIN","QB",19.255970955,19.255970955,19.255970955,22.46135002,NA,NA,NA,NA,NA,NA
"2026-09-29T21:39:45Z","ESPN","Tyler Shough","NO","QB",18.848710753,18.848710753,18.848710753,22.239657809,NA,NA,NA,NA,NA,NA
"2026-09-29T21:39:45Z","ESPN","Patrick Mahomes","KC","QB",18.634967842,18.634967842,18.634967842,21.911204858,NA,NA,NA,NA,NA,NA
"2026-09-29T21:39:45Z","ESPN","Brock Purdy","SF","QB",18.633816903,18.633816903,18.633816903,22.253238426,NA,NA,NA,NA,NA,NA
"2026-09-29T21:39:45Z","ESPN","Trevor Lawrence","JAX","QB",18.440734051,18.440734051,18.440734051,21.990207191,NA,NA,NA,NA,NA,NA
"2026-09-29T21:39:45Z","ESPN","Marcus Mariota","WAS","QB",18.386892479,18.386892479,18.386892479,21.825697421,NA,NA,NA,NA,NA,NA
"2026-09-29T21:39:45Z","ESPN","Joe Burrow","CIN","QB",18.164953941,18.164953941,18.164953941,21.609979659,NA,NA,NA,NA,NA,NA
"2026-09-29T21:39:45Z","ESPN","Drake Maye","NE","QB",17.492480087,17.492480087,17.492480087,21.243092583,NA,NA,NA,NA,NA,NA
"2026-09-29T21:39:45Z","ESPN","Jalen Hurts","PHI","QB",17.482852348,17.482852348,17.482852348,20.767910395,NA,NA,NA,NA,NA,NA
"2026-09-29T21:39:45Z","ESPN","Jared Goff","DET","QB",17.370300998,17.370300998,17.370300998,20.677617632,NA,NA,NA,NA,NA,NA
"2026-09-29T21:39:45Z","ESPN","Dak Prescott","DAL","QB",17.158968967,17.158968967,17.158968967,20.505181408,NA,NA,NA,NA,NA,NA
"2026-09-29T21:39:45Z","ESPN","C.J. Stroud","HOU","QB",16.828082909,16.828082909,16.828082909,19.975263505,NA,NA,NA,NA,NA,NA
"2026-09-29T21:39:45Z","ESPN","Matthew Stafford","LA","QB",16.392023547,16.392023547,16.392023547,20.002328744,NA,NA,NA,NA,NA,NA
"2026-09-29T21:39:45Z","ESPN","Sam Darnold","SEA","QB",16.0510976649,16.0510976649,16.0510976649,19.5600616929,NA,NA,NA,NA,NA,NA
"2026-09-29T21:39:45Z","ESPN","Jacoby Brissett","ARI","QB",15.842702847,15.842702847,15.842702847,18.937617047,NA,NA,NA,NA,NA,NA
"2026-09-29T21:39:45Z","ESPN","Bo Nix","DEN","QB",15.263705955,15.263705955,15.263705955,18.519215124,NA,NA,NA,NA,NA,NA
"2026-09-29T21:39:45Z","ESPN","Daniel Jones","IND","QB",15.196085471,15.196085471,15.196085471,18.600090015,NA,NA,NA,NA,NA,NA
"2026-09-29T21:39:45Z","ESPN","Geno Smith","NYJ","QB",15.140330001,15.140330001,15.140330001,18.416884361,NA,NA,NA,NA,NA,NA
"2026-09-29T21:39:45Z","ESPN","Jordan Love","GB","QB",14.9348391402,14.9348391402,14.9348391402,18.4688726762,NA,NA,NA,NA,NA,NA
"2026-09-29T21:39:45Z","ESPN","Jalon Daniels","TB","QB",14.854751336,14.854751336,14.854751336,18.054475809,NA,NA,NA,NA,NA,NA
"2026-09-29T21:39:45Z","ESPN","Jameis Winston","NYG","QB",14.76533666,14.76533666,14.76533666,18.347085094,NA,NA,NA,NA,NA,NA
"2026-09-29T21:39:45Z","ESPN","Case Keenum","CHI","QB",14.75595999,14.75595999,14.75595999,18.270778819,NA,NA,NA,NA,NA,NA
"2026-09-29T21:39:45Z","ESPN","Michael Penix Jr.","ATL","QB",14.7098216975,14.7098216975,14.7098216975,17.9276312635,NA,NA,NA,NA,NA,NA
"2026-09-29T21:39:45Z","ESPN","Deshaun Watson","CLE","QB",14.561947619,14.561947619,14.561947619,17.514904443,NA,NA,NA,NA,NA,NA
"2026-09-29T21:39:45Z","ESPN","Kirk Cousins","LV","QB",13.9543746454,13.9543746454,13.9543746454,17.5180618714,NA,NA,NA,NA,NA,NA
"2026-09-29T21:39:45Z","ESPN","Aaron Rodgers","PIT","QB",13.717685421,13.717685421,13.717685421,16.801880313,NA,NA,NA,NA,NA,NA
"2026-09-29T21:39:45Z","ESPN","Cam Ward","TEN","QB",12.654450065,12.654450065,12.654450065,15.661998032,NA,NA,NA,NA,NA,NA
"2026-09-29T21:39:45Z","ESPN","Justin Herbert","LAC","QB",12.602894493,12.602894493,12.602894493,15.891458355,NA,NA,NA,NA,NA,NA
"2026-09-29T21:39:45Z","ESPN","Malik Willis","MIA","QB",11.688674125,11.688674125,11.688674125,14.854885206,NA,NA,NA,NA,NA,NA
"2026-09-29T21:39:45Z","ESPN","Caleb Williams","CHI","QB",0,0,0,0,NA,NA,NA,NA,NA,NA
"2026-09-29T21:39:45Z","ESPN","Jayden Daniels","WAS","QB",0,0,0,0,NA,NA,NA,NA,NA,NA
"2026-09-29T21:39:45Z","ESPN","Baker Mayfield","TB","QB",0,0,0,0,NA,NA,NA,NA,NA,NA
"2026-09-29T21:39:45Z","ESPN","Jaxson Dart","NYG","QB",0,0,0,0,NA,NA,NA,NA,NA,NA
"2026-09-29T21:39:45Z","ESPN","Fernando Mendoza","LV","QB",0,0,0,0,NA,NA,NA,NA,NA,NA
"2026-09-29T21:39:45Z","ESPN","Drew Lock","SEA","QB",0,0,0,0,NA,NA,NA,NA,NA,NA
"2026-09-29T21:39:45Z","ESPN","Carson Wentz","MIN","QB",0,0,0,0,NA,NA,NA,NA,NA,NA
"2026-09-29T21:39:45Z","ESPN","Shedeur Sanders","CLE","QB",0,0,0,0,NA,NA,NA,NA,NA,NA
"2026-09-29T21:39:45Z","ESPN","Jahmyr Gibbs","DET","RB",21.452098276,23.81425746,26.176416644,26.265568999,NA,NA,NA,NA,NA,NA
"2026-09-29T21:39:45Z","ESPN","Derrick Henry","BAL","RB",18.83843473,19.5354248585,20.232414987,20.336668573,NA,NA,NA,NA,NA,NA
"2026-09-29T21:39:45Z","ESPN","Bijan Robinson","ATL","RB",17.522626469,19.51279623,21.502965991,21.59878218,NA,NA,NA,NA,NA,NA
"2026-09-29T21:39:45Z","ESPN","Jonathan Taylor","IND","RB",17.480149719,18.922762829,20.365375939,20.455299202,NA,NA,NA,NA,NA,NA
"2026-09-29T21:39:45Z","ESPN","Kenneth Walker III","KC","RB",17.254712387,18.8690768395,20.483441292,20.543857282,NA,NA,NA,NA,NA,NA
"2026-09-29T21:39:45Z","ESPN","Christian McCaffrey","SF","RB",15.536876303,17.888587531,20.240298759,20.307031717,NA,NA,NA,NA,NA,NA
"2026-09-29T21:39:45Z","ESPN","Ashton Jeanty","LV","RB",14.248062482,16.534661876,18.82126127,18.899421827,NA,NA,NA,NA,NA,NA
"2026-09-29T21:39:45Z","ESPN","James Cook III","BUF","RB",15.511512347,16.484901059,17.458289771,17.57206866,NA,NA,NA,NA,NA,NA
"2026-09-29T21:39:45Z","ESPN","Aaron Jones Sr.","MIN","RB",15.037072539,16.1334631035,17.229853668,17.3460621,NA,NA,NA,NA,NA,NA
"2026-09-29T21:39:45Z","ESPN","Bucky Irving","TB","RB",14.182866463,15.442219652,16.701572841,16.773492268,NA,NA,NA,NA,NA,NA
"2026-09-29T21:39:45Z","ESPN","Cam Skattebo","NYG","RB",13.947349247,15.13534915,16.323349053,16.400848833,NA,NA,NA,NA,NA,NA
"2026-09-29T21:39:45Z","ESPN","Chuba Hubbard","CAR","RB",13.333573053,14.8413449105,16.349116768,16.422515885,NA,NA,NA,NA,NA,NA
"2026-09-29T21:39:45Z","ESPN","Chase Brown","CIN","RB",12.367905512,14.268870742,16.169835972,16.245181842,NA,NA,NA,NA,NA,NA
"2026-09-29T21:39:45Z","ESPN","Jeremiyah Love","ARI","RB",12.75182291,14.1332128355,15.514602761,15.592259368,NA,NA,NA,NA,NA,NA
"2026-09-29T21:39:45Z","ESPN","D'Andre Swift","CHI","RB",12.333005898,13.6113541215,14.889702345,14.957247076,NA,NA,NA,NA,NA,NA
"2026-09-29T21:39:45Z","ESPN","Javonte Williams","DAL","RB",11.989251099,13.2888280435,14.588404988,14.660359472,NA,NA,NA,NA,NA,NA
"2026-09-29T21:39:45Z","ESPN","Saquon Barkley","PHI","RB",12.331610266,13.2618546435,14.192099021,14.248571528,NA,NA,NA,NA,NA,NA
"2026-09-29T21:39:45Z","ESPN","David Montgomery","HOU","RB",11.574311932,12.517071254,13.459830576,13.525870852,NA,NA,NA,NA,NA,NA
"2026-09-29T21:39:45Z","ESPN","Jaylen Warren","PIT","RB",10.929660343,12.4927058145,14.055751286,14.119171408,NA,NA,NA,NA,NA,NA
"2026-09-29T21:39:45Z","ESPN","Braelon Allen","NYJ","RB",11.036402629,11.904367353,12.772332077,12.836375576,NA,NA,NA,NA,NA,NA
"2026-09-29T21:39:45Z","ESPN","Kyren Williams","LA","RB",10.62486162,11.8256287105,13.026395801,13.086014004,NA,NA,NA,NA,NA,NA
"2026-09-29T21:39:45Z","ESPN","Bhayshul Tuten","JAX","RB",10.981695159,11.8150294815,12.648363804,12.732763191,NA,NA,NA,NA,NA,NA
"2026-09-29T21:39:45Z","ESPN","Quinshon Judkins","CLE","RB",10.348239287,11.4050365785,12.46183387,12.500115187,NA,NA,NA,NA,NA,NA
"2026-09-29T21:39:45Z","ESPN","Tony Pollard","TEN","RB",9.721221492,10.719444402,11.717667312,11.798291837,NA,NA,NA,NA,NA,NA
"2026-09-29T21:39:45Z","ESPN","Rhamondre Stevenson","NE","RB",8.86347122,10.2313883915,11.599305563,11.670666325,NA,NA,NA,NA,NA,NA
"2026-09-29T21:39:45Z","ESPN","Omarion Hampton","LAC","RB",9.3951669467,10.1365551847,10.8779434227,10.9381567017,NA,NA,NA,NA,NA,NA
"2026-09-29T21:39:45Z","ESPN","J.K. Dobbins","DEN","RB",9.0448779659,9.5645057139,10.0841334619,10.1148764429,NA,NA,NA,NA,NA,NA
"2026-09-29T21:39:45Z","ESPN","Emanuel Wilson","SEA","RB",8.9605752072,9.2798872027,9.5991991982,9.6472803252,NA,NA,NA,NA,NA,NA
"2026-09-29T21:39:45Z","ESPN","Jadarian Price","SEA","RB",8.47560947,9.2223117245,9.969013979,10.015876635,NA,NA,NA,NA,NA,NA
"2026-09-29T21:39:45Z","ESPN","Alvin Kamara","NO","RB",7.775413102,9.1733287485,10.571244395,10.624495715,NA,NA,NA,NA,NA,NA
"2026-09-29T21:39:45Z","ESPN","Jacory Croskey-Merritt","WAS","RB",8.7663889643,9.0018532488,9.2373175333,9.3326829733,NA,NA,NA,NA,NA,NA
"2026-09-29T21:39:45Z","ESPN","TreVeyon Henderson","NE","RB",8.035645823,8.7807438395,9.525841856,9.562525522,NA,NA,NA,NA,NA,NA
"2026-09-29T21:39:45Z","ESPN","Ollie Gordon II","MIA","RB",7.414189459,8.3547163455,9.295243232,9.341133665,NA,NA,NA,NA,NA,NA
"2026-09-29T21:39:45Z","ESPN","Isaiah Davis","NYJ","RB",7.279725935,8.3039766295,9.328227324,9.348337441,NA,NA,NA,NA,NA,NA
"2026-09-29T21:39:45Z","ESPN","RJ Harvey","DEN","RB",6.248481119,8.1857260475,10.122970976,10.151052102,NA,NA,NA,NA,NA,NA
"2026-09-29T21:39:45Z","ESPN","Rico Dowdle","PIT","RB",7.434584553,8.144627119,8.854669685,8.90022757,NA,NA,NA,NA,NA,NA
"2026-09-29T21:39:45Z","ESPN","Kendre Miller","NO","RB",7.410727597,8.1213936335,8.83205967,8.85706156,NA,NA,NA,NA,NA,NA
"2026-09-29T21:39:45Z","ESPN","Kyle Monangai","CHI","RB",6.97696424,7.6809765625,8.384988885,8.405485935,NA,NA,NA,NA,NA,NA
"2026-09-29T21:39:45Z","ESPN","Blake Corum","LA","RB",7.1054689146,7.6121059511,8.1187429876,8.1408804606,NA,NA,NA,NA,NA,NA
"2026-09-29T21:39:45Z","ESPN","Woody Marks","HOU","RB",6.57492977,7.428458898,8.281988026,8.321814731,NA,NA,NA,NA,NA,NA
"2026-09-29T21:39:45Z","ESPN","Rachaad White","WAS","RB",6.136472753,7.2308731865,8.32527362,8.355761614,NA,NA,NA,NA,NA,NA
"2026-09-29T21:39:45Z","ESPN","Tyler Allgeier","ARI","RB",5.954840994,6.997102066,8.039363138,8.05733706,NA,NA,NA,NA,NA,NA
"2026-09-29T21:39:45Z","ESPN","Kenny Gainwell","TB","RB",5.473339859,6.7712323275,8.069124796,8.10363839,NA,NA,NA,NA,NA,NA
"2026-09-29T21:39:45Z","ESPN","Tyjae Spears","TEN","RB",5.493252241,6.755430168,8.017608095,8.040830856,NA,NA,NA,NA,NA,NA
"2026-09-29T21:39:45Z","ESPN","Kaleb Johnson","GB","RB",5.8798889699,6.5474435499,7.2149981299,7.2572999239,NA,NA,NA,NA,NA,NA
"2026-09-29T21:39:45Z","ESPN","Jaylen Wright","MIA","RB",5.411646387,6.2375187065,7.063391026,7.140909694,NA,NA,NA,NA,NA,NA
"2026-09-29T21:39:45Z","ESPN","Najee Harris","NYG","RB",5.6998594347,6.1342308857,6.5686023367,6.5937906187,NA,NA,NA,NA,NA,NA
"2026-09-29T21:39:45Z","ESPN","MarShawn Lloyd","GB","RB",5.409079036,5.94909439,6.489109744,6.526769834,NA,NA,NA,NA,NA,NA
"2026-09-29T21:39:45Z","ESPN","Brian Robinson Jr.","ATL","RB",5.5580313315,5.8041102675,6.0501892035,6.0797669735,NA,NA,NA,NA,NA,NA
"2026-09-29T21:39:45Z","ESPN","Kaelon Black","SF","RB",4.985244,5.2158956685,5.446547337,5.478131579,NA,NA,NA,NA,NA,NA
"2026-09-29T21:39:45Z","ESPN","Raheim Sanders","CLE","RB",3.803634842,4.970197171,6.1367595,6.159492765,NA,NA,NA,NA,NA,NA
"2026-09-29T21:39:45Z","ESPN","Chris Rodriguez Jr.","JAX","RB",4.7206779616,4.8410666526,4.9614553436,4.9803243696,NA,NA,NA,NA,NA,NA
"2026-09-29T21:39:45Z","ESPN","Justice Hill","BAL","RB",4.199543188,4.7853845745,5.371225961,5.396732599,NA,NA,NA,NA,NA,NA
"2026-09-29T21:39:45Z","ESPN","Emmett Johnson","KC","RB",4.079805167,4.560165393,5.040525619,5.064224895,NA,NA,NA,NA,NA,NA
"2026-09-29T21:39:45Z","ESPN","George Holani","SEA","RB",3.713489539,4.361521602,5.009553665,5.029377637,NA,NA,NA,NA,NA,NA
"2026-09-29T21:39:45Z","ESPN","AJ Dillon","CAR","RB",3.9714371018,4.3558384323,4.7402397628,4.7615732758,NA,NA,NA,NA,NA,NA
"2026-09-29T21:39:45Z","ESPN","Samaje Perine","CIN","RB",3.588329998,4.322272723,5.056215448,5.09128381,NA,NA,NA,NA,NA,NA
"2026-09-29T21:39:45Z","ESPN","Keaton Mitchell","LAC","RB",3.584500275,4.198148939,4.811797603,4.838162629,NA,NA,NA,NA,NA,NA
"2026-09-29T21:39:45Z","ESPN","Sione Vaki","DET","RB",3.6451840476,4.0229889361,4.4007938246,4.4218921676,NA,NA,NA,NA,NA,NA
"2026-09-29T21:39:45Z","ESPN","Ty Johnson","BUF","RB",3.162336447,3.8057979535,4.44925946,4.467754519,NA,NA,NA,NA,NA,NA
"2026-09-29T21:39:45Z","ESPN","Austin Ekeler",NA,"RB",2.867037328,3.4597259785,4.052414629,4.079074471,NA,NA,NA,NA,NA,NA
"2026-09-29T21:39:45Z","ESPN","Tyler Goodson","DAL","RB",3.0428871505,3.2978409375,3.5527947245,3.5685404235,NA,NA,NA,NA,NA,NA
"2026-09-29T21:39:45Z","ESPN","Chris Brooks","GB","RB",2.5149065359,3.1826803454,3.8504541549,3.8621146139,NA,NA,NA,NA,NA,NA
"2026-09-29T21:39:45Z","ESPN","Mike Washington Jr.","LV","RB",2.9490821228,3.0783566508,3.2076311788,3.2264950358,NA,NA,NA,NA,NA,NA
"2026-09-29T21:39:45Z","ESPN","Seth McGowan","IND","RB",2.6304662817,2.7532458207,2.8760253597,2.8918993477,NA,NA,NA,NA,NA,NA
"2026-09-29T21:39:45Z","ESPN","Will Shipley","PHI","RB",2.0499106663,2.7287753888,3.4076401113,3.4223743763,NA,NA,NA,NA,NA,NA
"2026-09-29T21:39:45Z","ESPN","Tank Bigsby","PHI","RB",2.426326808,2.645039124,2.86375144,2.882061742,NA,NA,NA,NA,NA,NA
"2026-09-29T21:39:45Z","ESPN","Demond Claiborne","MIN","RB",2.2128487706,2.3255768306,2.4383048906,2.4519304826,NA,NA,NA,NA,NA,NA
"2026-09-29T21:39:45Z","ESPN","DeeJay Dallas","MIN","RB",1.879231149,2.2180597605,2.556888372,2.578327473,NA,NA,NA,NA,NA,NA
"2026-09-29T21:39:45Z","ESPN","CJ Donaldson","NO","RB",1.8208035031,2.1790790296,2.5373545561,2.5479868521,NA,NA,NA,NA,NA,NA
"2026-09-29T21:39:45Z","ESPN","Kyle Juszczyk","SF","RB",1.4576563022,2.0118644077,2.5660725132,2.5734167382,NA,NA,NA,NA,NA,NA
"2026-09-29T21:39:45Z","ESPN","Kimani Vidal","LAC","RB",1.3530295158,1.9210208073,2.4890120988,2.4957630498,NA,NA,NA,NA,NA,NA
"2026-09-29T21:39:45Z","ESPN","LeQuint Allen Jr.","JAX","RB",1.1086947893,1.5798844323,2.0510740753,2.0565869753,NA,NA,NA,NA,NA,NA
"2026-09-29T21:39:45Z","ESPN","Tyler Badie","DEN","RB",1.0990898856,1.4838697671,1.8686496486,1.8750712186,NA,NA,NA,NA,NA,NA
"2026-09-29T21:39:45Z","ESPN","Ray Davis","BUF","RB",1.1422920711,1.2531368251,1.3639815791,1.3718184581,NA,NA,NA,NA,NA,NA
"2026-09-29T21:39:45Z","ESPN","Ameer Abdullah","JAX","RB",0.9231230478,1.1754185483,1.4277140488,1.4334769918,NA,NA,NA,NA,NA,NA
"2026-09-29T21:39:45Z","ESPN","Alec Ingold","LAC","RB",0.6443699878,1.0055630268,1.3667560658,1.3722072088,NA,NA,NA,NA,NA,NA
"2026-09-29T21:39:45Z","ESPN","Hunter Luepke","DAL","RB",0.6829171886,0.8161598106,0.9494024326,0.9527224536,NA,NA,NA,NA,NA,NA
"2026-09-29T21:39:45Z","ESPN","Nicholas Singleton","TEN","RB",0.6791342626,0.6791342626,0.6791342626,0.6838953606,NA,NA,NA,NA,NA,NA
"2026-09-29T21:39:45Z","ESPN","Tyrone Tracy Jr.","NYG","RB",0.5622859945,0.668429932,0.7745738695,0.7780865995,NA,NA,NA,NA,NA,NA
"2026-09-29T21:39:45Z","ESPN","Trey McBride","ARI","TE",10.09368221,13.7537240835,17.413765957,21.1059400485,NA,NA,NA,NA,NA,NA
"2026-09-29T21:39:45Z","ESPN","Brock Bowers","LV","TE",9.3834449091,12.6473556211,15.9112663331,19.1982285451,NA,NA,NA,NA,NA,NA
"2026-09-29T21:39:45Z","ESPN","George Kittle","SF","TE",8.844878354,11.2776089665,13.710339579,16.1664852695,NA,NA,NA,NA,NA,NA
"2026-09-29T21:39:45Z","ESPN","Tyler Warren","IND","TE",7.7240873752,10.3799460417,13.0358047082,15.7301753407,NA,NA,NA,NA,NA,NA
"2026-09-29T21:39:45Z","ESPN","Isaiah Likely","NYG","TE",7.435866531,9.5861882795,11.736510028,13.9222938785,NA,NA,NA,NA,NA,NA
"2026-09-29T21:39:45Z","ESPN","Travis Kelce","KC","TE",7.283956118,9.535878206,11.787800294,14.070970818,NA,NA,NA,NA,NA,NA
"2026-09-29T21:39:45Z","ESPN","Sam LaPorta","DET","TE",6.782935731,8.983578003,11.184220275,13.405961036,NA,NA,NA,NA,NA,NA
"2026-09-29T21:39:45Z","ESPN","Harold Fannin Jr.","CLE","TE",6.5406855914,8.8781711399,11.2156566884,13.5867677519,NA,NA,NA,NA,NA,NA
"2026-09-29T21:39:45Z","ESPN","Dalton Kincaid","BUF","TE",6.531763486,8.6074581165,10.683152747,12.7904367685,NA,NA,NA,NA,NA,NA
"2026-09-29T21:39:45Z","ESPN","Juwan Johnson","NO","TE",6.608694118,8.586943001,10.565191884,12.580638429,NA,NA,NA,NA,NA,NA
"2026-09-29T21:39:45Z","ESPN","Mark Andrews","BAL","TE",6.255653123,8.13925146,10.022849797,11.935267928,NA,NA,NA,NA,NA,NA
"2026-09-29T21:39:45Z","ESPN","Kenyon Sadiq","NYJ","TE",5.2916762867,7.3178785137,9.3440807407,11.3987353627,NA,NA,NA,NA,NA,NA
"2026-09-29T21:39:45Z","ESPN","Hunter Henry","NE","TE",5.406203151,7.1643281895,8.922453228,10.6948142095,NA,NA,NA,NA,NA,NA
"2026-09-29T21:39:45Z","ESPN","Colston Loveland","CHI","TE",5.358988763,7.052437195,8.745885627,10.457889267,NA,NA,NA,NA,NA,NA
"2026-09-29T21:39:45Z","ESPN","Dalton Schultz","HOU","TE",4.944555821,6.98981392,9.035072019,11.105250598,NA,NA,NA,NA,NA,NA
"2026-09-29T21:39:45Z","ESPN","Tucker Kraft","GB","TE",4.9602759936,6.9281475481,8.8960191026,10.8884268951,NA,NA,NA,NA,NA,NA
"2026-09-29T21:39:45Z","ESPN","AJ Barner","SEA","TE",5.1842182616,6.6503605031,8.1165027446,9.6107622891,NA,NA,NA,NA,NA,NA
"2026-09-29T21:39:45Z","ESPN","Brenton Strange","JAX","TE",4.88025699,6.4368397565,7.993422523,9.5708100415,NA,NA,NA,NA,NA,NA
"2026-09-29T21:39:45Z","ESPN","Jake Ferguson","DAL","TE",4.560146793,6.3416013675,8.123055942,9.9444150985,NA,NA,NA,NA,NA,NA
"2026-09-29T21:39:45Z","ESPN","Cade Otton","TB","TE",4.739129041,6.317726881,7.896324721,9.49274286,NA,NA,NA,NA,NA,NA
"2026-09-29T21:39:45Z","ESPN","T.J. Hockenson","MIN","TE",4.539215869,6.311234345,8.083252821,9.870808638,NA,NA,NA,NA,NA,NA
"2026-09-29T21:39:45Z","ESPN","Pat Freiermuth","PIT","TE",4.5798806828,6.2531973508,7.9265140188,9.6277423358,NA,NA,NA,NA,NA,NA
"2026-09-29T21:39:45Z","ESPN","Darren Waller","CAR","TE",4.599501083,6.013736523,7.427971963,8.855766277,NA,NA,NA,NA,NA,NA
"2026-09-29T21:39:45Z","ESPN","Mike Gesicki","CIN","TE",4.478402473,5.9678609045,7.457319336,8.9632337405,NA,NA,NA,NA,NA,NA
"2026-09-29T21:39:45Z","ESPN","Kyle Pitts Sr.","ATL","TE",4.387575086,5.8773709135,7.367166741,8.8671649275,NA,NA,NA,NA,NA,NA
"2026-09-29T21:39:45Z","ESPN","Oronde Gadsden","LAC","TE",4.057468052,5.5756775385,7.093887025,8.6352715955,NA,NA,NA,NA,NA,NA
"2026-09-29T21:39:45Z","ESPN","Colby Parkinson","LA","TE",4.179951406,5.469520873,6.75909034,8.074879042,NA,NA,NA,NA,NA,NA
"2026-09-29T21:39:45Z","ESPN","Gunnar Helm","TEN","TE",3.857300532,5.467078685,7.076856838,8.708683026,NA,NA,NA,NA,NA,NA
"2026-09-29T21:39:45Z","ESPN","Chig Okonkwo","WAS","TE",3.837804151,5.250669726,6.663535301,8.090823633,NA,NA,NA,NA,NA,NA
"2026-09-29T21:39:45Z","ESPN","Greg Dulcich","MIA","TE",3.442998347,4.8702053055,6.297412264,7.7449585955,NA,NA,NA,NA,NA,NA
"2026-09-29T21:39:45Z","ESPN","Michael Mayer","LV","TE",3.208007713,4.5509671735,5.893926634,7.2552253475,NA,NA,NA,NA,NA,NA
"2026-09-29T21:39:45Z","ESPN","Tommy Tremble","CAR","TE",3.246618993,4.310201596,5.373784199,6.453620831,NA,NA,NA,NA,NA,NA
"2026-09-29T21:39:45Z","ESPN","Tyler Higbee","LA","TE",2.972250905,4.173842281,5.375433657,6.590241562,NA,NA,NA,NA,NA,NA
"2026-09-29T21:39:45Z","ESPN","Evan Engram","DEN","TE",2.561197116,3.953684127,5.346171138,6.754897211,NA,NA,NA,NA,NA,NA
"2026-09-29T21:39:45Z","ESPN","Noah Fant","NO","TE",2.689791204,3.61982284,4.549854476,5.492826203,NA,NA,NA,NA,NA,NA
"2026-09-29T21:39:45Z","ESPN","Austin Hooper","ATL","TE",2.55789104,3.477340128,4.396789216,5.328624953,NA,NA,NA,NA,NA,NA
"2026-09-29T21:39:45Z","ESPN","Darnell Washington","PIT","TE",2.41162787,3.3187411875,4.225854505,5.1499137815,NA,NA,NA,NA,NA,NA
"2026-09-29T21:39:45Z","ESPN","Mason Taylor","NYJ","TE",2.072182267,2.98292727,3.893672273,4.81689113,NA,NA,NA,NA,NA,NA
"2026-09-29T21:39:45Z","ESPN","Zach Ertz","PHI","TE",2.128320844,2.954782411,3.781243978,4.619009729,NA,NA,NA,NA,NA,NA
"2026-09-29T21:39:45Z","ESPN","Dawson Knox","BUF","TE",2.105287395,2.695883228,3.286479061,3.882737186,NA,NA,NA,NA,NA,NA
"2026-09-29T21:39:45Z","ESPN","Drew Sample","CIN","TE",1.868288798,2.6944797455,3.520670693,4.3584494215,NA,NA,NA,NA,NA,NA
"2026-09-29T21:39:45Z","ESPN","Jonnu Smith","GB","TE",1.8571538241,2.6468317266,3.4365096291,4.2407560956,NA,NA,NA,NA,NA,NA
"2026-09-29T21:39:45Z","ESPN","Johnny Mundt","PHI","TE",1.864319601,2.5660098145,3.267700028,3.9770786995,NA,NA,NA,NA,NA,NA
"2026-09-29T21:39:45Z","ESPN","Noah Gray","KC","TE",1.813906882,2.452883228,3.091859574,3.736962057,NA,NA,NA,NA,NA,NA
"2026-09-29T21:39:45Z","ESPN","Foster Moreau","HOU","TE",1.83217719,2.439668593,3.047159996,3.663794654,NA,NA,NA,NA,NA,NA
"2026-09-29T21:39:45Z","ESPN","Theo Johnson","NYG","TE",1.911567787,2.4200675035,2.92856722,3.4426385955,NA,NA,NA,NA,NA,NA
"2026-09-29T21:39:45Z","ESPN","Gavin Bartholomew","MIN","TE",1.576334847,2.1211157275,2.665896608,3.2181389815,NA,NA,NA,NA,NA,NA
"2026-09-29T21:39:45Z","ESPN","Cole Kmet","CHI","TE",1.5143285,2.107584825,2.70084115,3.301256375,NA,NA,NA,NA,NA,NA
"2026-09-29T21:39:45Z","ESPN","Jeremy Ruckert","NYJ","TE",1.3642940685,1.9943924485,2.6244908285,3.2614932315,NA,NA,NA,NA,NA,NA
"2026-09-29T21:39:45Z","ESPN","Mitchell Evans","CAR","TE",1.5088252402,1.9786173232,2.4484094062,2.9246359112,NA,NA,NA,NA,NA,NA
"2026-09-29T21:39:45Z","ESPN","Jaxon Smith-Njigba","SEA","WR",13.8217761791,17.3965918741,20.9714075691,21.0423642871,NA,NA,NA,NA,NA,NA
"2026-09-29T21:39:45Z","ESPN","Puka Nacua","LA","WR",13.3454085162,16.9279504207,20.5104923252,20.5651099322,NA,NA,NA,NA,NA,NA
"2026-09-29T21:39:45Z","ESPN","Ja'Marr Chase","CIN","WR",12.6758626897,16.5663174557,20.4567722217,20.5178480807,NA,NA,NA,NA,NA,NA
"2026-09-29T21:39:45Z","ESPN","Amon-Ra St. Brown","DET","WR",12.8206523496,16.4771269406,20.1336015316,20.1845733146,NA,NA,NA,NA,NA,NA
"2026-09-29T21:39:45Z","ESPN","Justin Jefferson","MIN","WR",12.2348618466,15.4361320031,18.6374021596,18.6769298036,NA,NA,NA,NA,NA,NA
"2026-09-29T21:39:45Z","ESPN","Chris Olave","NO","WR",11.882827418,15.070993533,18.259159648,18.302628331,NA,NA,NA,NA,NA,NA
"2026-09-29T21:39:45Z","ESPN","Drake London","ATL","WR",10.704354259,13.707595728,16.710837197,16.766345011,NA,NA,NA,NA,NA,NA
"2026-09-29T21:39:45Z","ESPN","CeeDee Lamb","DAL","WR",10.4118951034,13.6504423279,16.8889895524,16.9302649104,NA,NA,NA,NA,NA,NA
"2026-09-29T21:39:45Z","ESPN","Zay Flowers","BAL","WR",10.5664943562,12.9586808352,15.3508673142,15.4094447242,NA,NA,NA,NA,NA,NA
"2026-09-29T21:39:45Z","ESPN","Tetairoa McMillan","CAR","WR",10.516856489,12.7314723585,14.946088228,14.988865676,NA,NA,NA,NA,NA,NA
"2026-09-29T21:39:45Z","ESPN","Nico Collins","HOU","WR",9.9702315556,12.6282751471,15.2863187386,15.3276615026,NA,NA,NA,NA,NA,NA
"2026-09-29T21:39:45Z","ESPN","Parker Washington","JAX","WR",10.0253639972,12.5773472382,15.1293304792,15.1876606212,NA,NA,NA,NA,NA,NA
"2026-09-29T21:39:45Z","ESPN","DeVonta Smith","PHI","WR",9.472326071,12.5228713075,15.573416544,15.611586336,NA,NA,NA,NA,NA,NA
"2026-09-29T21:39:45Z","ESPN","Davante Adams","LA","WR",10.005123637,12.3395839505,14.674044264,14.699453933,NA,NA,NA,NA,NA,NA
"2026-09-29T21:39:45Z","ESPN","Garrett Wilson","NYJ","WR",9.0442714389,12.1898962534,15.3355210679,15.4041908419,NA,NA,NA,NA,NA,NA
"2026-09-29T21:39:45Z","ESPN","Rashee Rice","KC","WR",9.3695796844,12.1318354524,14.8940912204,14.9583149924,NA,NA,NA,NA,NA,NA
"2026-09-29T21:39:45Z","ESPN","Christian Watson","GB","WR",9.6831807753,12.0584030343,14.4336252933,14.4787593263,NA,NA,NA,NA,NA,NA
"2026-09-29T21:39:45Z","ESPN","Malik Nabers","NYG","WR",9.149686886,11.3778441285,13.606001371,13.643466619,NA,NA,NA,NA,NA,NA
"2026-09-29T21:39:45Z","ESPN","Tee Higgins","CIN","WR",8.897702944,11.293074853,13.688446762,13.717453508,NA,NA,NA,NA,NA,NA
"2026-09-29T21:39:45Z","ESPN","George Pickens","DAL","WR",8.742281777,11.238068601,13.733855425,13.78976105,NA,NA,NA,NA,NA,NA
"2026-09-29T21:39:45Z","ESPN","Jalen Coker","CAR","WR",8.671857323,11.194829307,13.717801291,13.766534936,NA,NA,NA,NA,NA,NA
"2026-09-29T21:39:45Z","ESPN","Josh Downs","IND","WR",8.56189426,11.102687526,13.643480792,13.683999643,NA,NA,NA,NA,NA,NA
"2026-09-29T21:39:45Z","ESPN","Terry McLaurin","WAS","WR",8.814769701,10.877191777,12.939613853,12.972758279,NA,NA,NA,NA,NA,NA
"2026-09-29T21:39:45Z","ESPN","Michael Wilson","ARI","WR",8.348928612,10.852735678,13.356542744,13.387225882,NA,NA,NA,NA,NA,NA
"2026-09-29T21:39:45Z","ESPN","DJ Moore","BUF","WR",8.69652072,10.826354388,12.956188056,12.992908597,NA,NA,NA,NA,NA,NA
"2026-09-29T21:39:45Z","ESPN","Matthew Golden","GB","WR",8.3442957243,10.5979603588,12.8516249933,12.9003572043,NA,NA,NA,NA,NA,NA
"2026-09-29T21:39:45Z","ESPN","Mike Evans","SF","WR",8.281121694,10.3353961505,12.389670607,12.419022365,NA,NA,NA,NA,NA,NA
"2026-09-29T21:39:45Z","ESPN","Luther Burden III","CHI","WR",7.7113678366,10.1469070961,12.5824463556,12.6257537626,NA,NA,NA,NA,NA,NA
"2026-09-29T21:39:45Z","ESPN","Jordan Addison","MIN","WR",7.7953627838,9.6634043963,11.5314460088,11.5589870568,NA,NA,NA,NA,NA,NA
"2026-09-29T21:39:45Z","ESPN","Carnell Tate","TEN","WR",7.367650046,9.6094141385,11.851178231,11.896936282,NA,NA,NA,NA,NA,NA
"2026-09-29T21:39:45Z","ESPN","Jaylen Waddle","DEN","WR",7.0728299995,9.4904181705,11.9080063415,11.9497944795,NA,NA,NA,NA,NA,NA
"2026-09-29T21:39:45Z","ESPN","Emeka Egbuka","TB","WR",7.7413724375,9.4679337505,11.1944950635,11.2236150955,NA,NA,NA,NA,NA,NA
"2026-09-29T21:39:45Z","ESPN","Stefon Diggs","WAS","WR",6.969215261,9.271194866,11.573174471,11.604418196,NA,NA,NA,NA,NA,NA
"2026-09-29T21:39:45Z","ESPN","Ladd McConkey","LAC","WR",6.717836713,9.2569706985,11.796104684,11.832682974,NA,NA,NA,NA,NA,NA
"2026-09-29T21:39:45Z","ESPN","Deebo Samuel Sr.","SF","WR",7.3011839944,8.9989180269,10.6966520594,10.7465191854,NA,NA,NA,NA,NA,NA
"2026-09-29T21:39:45Z","ESPN","Keenan Allen","IND","WR",6.613859623,8.9340566225,11.254253622,11.302515788,NA,NA,NA,NA,NA,NA
"2026-09-29T21:39:45Z","ESPN","Adonai Mitchell","NYJ","WR",7.1946635011,8.8479245171,10.5011855331,10.5393648581,NA,NA,NA,NA,NA,NA
"2026-09-29T21:39:45Z","ESPN","Jakobi Meyers","JAX","WR",6.8492028761,8.8201311576,10.7910594391,10.8247768891,NA,NA,NA,NA,NA,NA
"2026-09-29T21:39:45Z","ESPN","Jameson Williams","DET","WR",7.1025283492,8.7402614542,10.3779945592,10.3997275712,NA,NA,NA,NA,NA,NA
"2026-09-29T21:39:45Z","ESPN","Devaughn Vele","NO","WR",6.834559228,8.7303245685,10.626089909,10.657046432,NA,NA,NA,NA,NA,NA
"2026-09-29T21:39:45Z","ESPN","Courtland Sutton","DEN","WR",6.746296451,8.648823624,10.551350797,10.57801125,NA,NA,NA,NA,NA,NA
"2026-09-29T21:39:45Z","ESPN","Denzel Boston","CLE","WR",6.639986404,8.599526151,10.559065898,10.599063291,NA,NA,NA,NA,NA,NA
"2026-09-29T21:39:45Z","ESPN","DK Metcalf","PIT","WR",6.934333316,8.541702262,10.149071208,10.172754367,NA,NA,NA,NA,NA,NA
"2026-09-29T21:39:45Z","ESPN","Rome Odunze","CHI","WR",6.890480251,8.442320372,9.994160493,10.026265176,NA,NA,NA,NA,NA,NA
"2026-09-29T21:39:45Z","ESPN","Xavier Worthy","KC","WR",6.7106217404,8.2631238984,9.8156260564,9.8336113114,NA,NA,NA,NA,NA,NA
"2026-09-29T21:39:45Z","ESPN","Dontayvion Wicks","PHI","WR",6.474526264,8.1681909155,9.861855567,9.899793655,NA,NA,NA,NA,NA,NA
"2026-09-29T21:39:45Z","ESPN","Romeo Doubs","NE","WR",6.357172264,8.0647299465,9.772287629,9.806077249,NA,NA,NA,NA,NA,NA
"2026-09-29T21:39:45Z","ESPN","Tre Tucker","LV","WR",6.2496120814,8.0474806989,9.8453493164,9.8647408184,NA,NA,NA,NA,NA,NA
"2026-09-29T21:39:45Z","ESPN","Malik Washington","MIA","WR",6.1304572628,7.9702515353,9.8100458078,9.8551174568,NA,NA,NA,NA,NA,NA
"2026-09-29T21:39:45Z","ESPN","Khalil Shakir","BUF","WR",6.0647289456,7.9121774906,9.7596260356,9.7913145386,NA,NA,NA,NA,NA,NA
"2026-09-29T21:39:45Z","ESPN","Mack Hollins","NE","WR",6.010459655,7.8485630865,9.686666518,9.716569325,NA,NA,NA,NA,NA,NA
"2026-09-29T21:39:45Z","ESPN","Ryan Flournoy","DAL","WR",5.924920127,7.738571199,9.552222271,9.590384452,NA,NA,NA,NA,NA,NA
"2026-09-29T21:39:45Z","ESPN","Kalif Raymond","CHI","WR",5.4336021329,7.7005453834,9.9674886339,10.0177137079,NA,NA,NA,NA,NA,NA
"2026-09-29T21:39:45Z","ESPN","Michael Pittman Jr.","PIT","WR",5.485105462,7.6323300265,9.779554591,9.811024624,NA,NA,NA,NA,NA,NA
"2026-09-29T21:39:45Z","ESPN","KC Concepcion","CLE","WR",5.5986956017,7.4717590302,9.3448224587,9.3912578587,NA,NA,NA,NA,NA,NA
"2026-09-29T21:39:45Z","ESPN","DeMario Douglas","NE","WR",5.7571533358,7.4353991583,9.1136449808,9.1528863848,NA,NA,NA,NA,NA,NA
"2026-09-29T21:39:45Z","ESPN","Quentin Johnston","LAC","WR",5.5448505205,7.0476380035,8.5504254865,8.5765875495,NA,NA,NA,NA,NA,NA
"2026-09-29T21:39:45Z","ESPN","Wan'Dale Robinson","TEN","WR",4.734038603,6.943143971,9.152249339,9.18397384,NA,NA,NA,NA,NA,NA
"2026-09-29T21:39:45Z","ESPN","Brian Thomas Jr.","JAX","WR",5.6191722065,6.9202966185,8.2214210305,8.2352311835,NA,NA,NA,NA,NA,NA
"2026-09-29T21:39:45Z","ESPN","Rashid Shaheed","SEA","WR",5.6571303316,6.7968153471,7.9365003626,7.9673328836,NA,NA,NA,NA,NA,NA
"2026-09-29T21:39:45Z","ESPN","Rashod Bateman","BAL","WR",5.508519673,6.7107647625,7.913009852,7.932592186,NA,NA,NA,NA,NA,NA
"2026-09-29T21:39:45Z","ESPN","Malachi Fields","NYG","WR",5.245247604,6.5190647635,7.792881923,7.818882603,NA,NA,NA,NA,NA,NA
"2026-09-29T21:39:45Z","ESPN","Xavier Hutchinson","HOU","WR",5.1739907475,6.4411693935,7.7083480395,7.7298766095,NA,NA,NA,NA,NA,NA
"2026-09-29T21:39:45Z","ESPN","Roman Wilson","PIT","WR",4.771857826,6.3172904255,7.862723025,7.894267817,NA,NA,NA,NA,NA,NA
"2026-09-29T21:39:45Z","ESPN","Caleb Douglas","MIA","WR",4.75411249,6.2404489135,7.726785337,7.75712388,NA,NA,NA,NA,NA,NA
"2026-09-29T21:39:45Z","ESPN","Makai Lemon","PHI","WR",4.9627701438,6.2358540278,7.5089379118,7.5370581138,NA,NA,NA,NA,NA,NA
"2026-09-29T21:39:45Z","ESPN","Tre' Harris","LAC","WR",4.451460526,6.118797571,7.786134616,7.820167676,NA,NA,NA,NA,NA,NA
"2026-09-29T21:39:45Z","ESPN","Jalen Nailor","LV","WR",4.8559079379,6.1162734509,7.3766389639,7.4018692219,NA,NA,NA,NA,NA,NA
"2026-09-29T21:39:45Z","ESPN","Chris Godwin Jr.","TB","WR",4.4092754144,5.7271838864,7.0450923584,7.0736702164,NA,NA,NA,NA,NA,NA
"2026-09-29T21:39:45Z","ESPN","Xavier Legette","CAR","WR",4.4814698189,5.5076737554,6.5338776919,6.5549376889,NA,NA,NA,NA,NA,NA
"2026-09-29T21:39:45Z","ESPN","Cooper Kupp","SEA","WR",4.202376311,5.3416516225,6.480926934,6.500642859,NA,NA,NA,NA,NA,NA
"2026-09-29T21:39:45Z","ESPN","Marvin Harrison Jr.","ARI","WR",4.247304961,5.302526507,6.357748053,6.376267481,NA,NA,NA,NA,NA,NA
"2026-09-29T21:39:45Z","ESPN","Isaac TeSlaa","DET","WR",4.297955317,5.3002892935,6.30262327,6.323082536,NA,NA,NA,NA,NA,NA
"2026-09-29T21:39:45Z","ESPN","Ted Hurst III","TB","WR",4.123140532,5.201904112,6.280667692,6.302687011,NA,NA,NA,NA,NA,NA
"2026-09-29T21:39:45Z","ESPN","Darnell Mooney","NYG","WR",4.2199035937,5.1525749082,6.0852462227,6.1029554487,NA,NA,NA,NA,NA,NA
"2026-09-29T21:39:45Z","ESPN","Chris Bell","MIA","WR",3.909474177,5.1480878635,6.38670155,6.41198367,NA,NA,NA,NA,NA,NA
"2026-09-29T21:39:45Z","ESPN","Elic Ayomanor","TEN","WR",4.01089871,5.0640594135,6.117220117,6.13871684,NA,NA,NA,NA,NA,NA
"2026-09-29T21:39:45Z","ESPN","Jahan Dotson","ATL","WR",3.93200957,5.0356000105,6.139190451,6.154958704,NA,NA,NA,NA,NA,NA
"2026-09-29T21:39:45Z","ESPN","Keon Coleman","BUF","WR",4.073028198,5.0310078795,5.988987561,6.007570254,NA,NA,NA,NA,NA,NA
"2026-09-29T21:39:45Z","ESPN","Skyy Moore","GB","WR",3.76547852,4.9854917845,6.205505049,6.232833346,NA,NA,NA,NA,NA,NA
"2026-09-29T21:39:45Z","ESPN","Antonio Williams","WAS","WR",3.685279634,4.632912744,5.580545854,5.599888587,NA,NA,NA,NA,NA,NA
"2026-09-29T21:39:45Z","ESPN","Chris Moore","BAL","WR",3.862486307,4.6308552925,5.399224278,5.412593322,NA,NA,NA,NA,NA,NA
"2026-09-29T21:39:45Z","ESPN","Jauan Jennings","MIN","WR",3.418585569,4.468861208,5.519136847,5.539824482,NA,NA,NA,NA,NA,NA
"2026-09-29T21:39:45Z","ESPN","Tyquan Thornton","KC","WR",3.478387962,4.3103972265,5.142406491,5.155992621,NA,NA,NA,NA,NA,NA
"2026-09-29T21:39:45Z","ESPN","Kendrick Bourne","ARI","WR",3.092608861,4.256317366,5.420025871,5.443698253,NA,NA,NA,NA,NA,NA
"2026-09-29T21:39:45Z","ESPN","Kayshon Boutte","HOU","WR",3.349741564,4.251778131,5.153814698,5.168544325,NA,NA,NA,NA,NA,NA
"2026-09-29T21:39:45Z","ESPN","Dohnte Meyers","CIN","WR",3.2561419815,4.1721525835,5.0881631855,5.1086969245,NA,NA,NA,NA,NA,NA
"2026-09-29T21:39:45Z","ESPN","Pat Bryant","DEN","WR",3.073244245,4.166520635,5.259797025,5.283083186,NA,NA,NA,NA,NA,NA
"2026-09-29T21:39:45Z","ESPN","Isaiah Williams","NYJ","WR",2.9845457047,4.1186344367,5.2527231687,5.2769162907,NA,NA,NA,NA,NA,NA
"2026-09-29T21:39:45Z","ESPN","Kyle Williams","NE","WR",3.2915438894,4.1180513159,4.9445587424,4.9634134244,NA,NA,NA,NA,NA,NA
"2026-09-29T21:39:45Z","ESPN","Laquon Treadwell","IND","WR",3.098037326,4.053786078,5.00953483,5.029043216,NA,NA,NA,NA,NA,NA
"2026-09-29T21:39:45Z","ESPN","Tez Johnson","TB","WR",3.224330046,3.920101691,4.615873336,4.633549513,NA,NA,NA,NA,NA,NA
"2026-09-29T21:39:45Z","ESPN","Jared Wayne","HOU","WR",3.09094269,3.9002606855,4.709578681,4.726098177,NA,NA,NA,NA,NA,NA
"2026-09-29T21:39:45Z","ESPN","Jerry Jeudy","CLE","WR",2.863143998,3.7258435965,4.588543195,4.603978692,NA,NA,NA,NA,NA,NA
"2026-09-29T21:39:45Z","ESPN","Josh Cameron","JAX","WR",2.880048326,3.623875166,4.367702006,4.382884721,NA,NA,NA,NA,NA,NA
"2026-09-29T21:39:45Z","ESPN","Treylon Burks","WAS","WR",2.903348954,3.623836451,4.344323948,4.356089005,NA,NA,NA,NA,NA,NA
"2026-09-29T21:39:45Z","ESPN","Bryce Lance","NO","WR",2.62340535,3.2875567005,3.951708051,3.96526446,NA,NA,NA,NA,NA,NA
"2026-09-29T21:39:45Z","ESPN","Dareke Young","LV","WR",2.317892574,3.055223616,3.792554658,3.807604784,NA,NA,NA,NA,NA,NA
"2026-09-29T21:39:45Z","ESPN","Olamide Zaccheaus","ATL","WR",2.186727065,2.9874406665,3.788154268,3.805475625,NA,NA,NA,NA,NA,NA
"2026-09-29T21:39:45Z","ESPN","Jaylin Noel","HOU","WR",2.2997047081,2.9152274021,3.5307500961,3.5474960591,NA,NA,NA,NA,NA,NA
"2026-09-29T21:39:45Z","ESPN","Malik Benson","LV","WR",2.0865875142,2.6963311762,3.3060748382,3.3195634882,NA,NA,NA,NA,NA,NA
"2026-09-29T21:39:45Z","ESPN","Troy Franklin","DEN","WR",1.9803348413,2.4822378003,2.9841407593,2.9933166173,NA,NA,NA,NA,NA,NA
"2026-09-29T21:39:45Z","ESPN","Jacob Cowing","SF","WR",1.778188965,2.2273504315,2.676511898,2.685680014,NA,NA,NA,NA,NA,NA
"2026-09-29T21:39:45Z","ESPN","Kevin Coleman Jr.","MIA","WR",1.589851087,2.179559816,2.769268545,2.781305459,NA,NA,NA,NA,NA,NA
"2026-09-29T21:39:45Z","ESPN","Marvin Mims Jr.","DEN","WR",1.6711135809,2.1494575934,2.6278016059,2.6417119999,NA,NA,NA,NA,NA,NA
"2026-09-29T21:39:45Z","ESPN","Zachariah Branch","ATL","WR",1.639466571,2.1151656075,2.590864644,2.600574435,NA,NA,NA,NA,NA,NA
"2026-09-29T21:39:45Z","ESPN","Joshua Palmer","BUF","WR",1.675913747,2.0985428945,2.521172042,2.52856951,NA,NA,NA,NA,NA,NA
"2026-09-29T21:39:45Z","ESPN","Calvin Ridley","TEN","WR",1.538732586,1.9666601185,2.394587651,2.402104706,NA,NA,NA,NA,NA,NA
"2026-09-29T21:39:45Z","ESPN","Ashton Dulin","IND","WR",1.5383063344,1.9090798829,2.2798534314,2.2896575754,NA,NA,NA,NA,NA,NA
"2026-09-29T21:39:45Z","ESPN","Dyami Brown","WAS","WR",1.5110561641,1.8869101006,2.2627640371,2.2711831651,NA,NA,NA,NA,NA,NA
"2026-09-29T21:39:45Z","Sleeper","Josh Allen","BUF","QB",22.6162,22.6162,22.6162,25.541,NA,NA,NA,NA,NA,NA
"2026-09-29T21:39:45Z","Sleeper","Lamar Jackson","BAL","QB",21.7396,21.7396,21.7396,24.6215,NA,NA,NA,NA,NA,NA
"2026-09-29T21:39:45Z","Sleeper","Patrick Mahomes","KC","QB",20.8028,20.8028,20.8028,23.875,NA,NA,NA,NA,NA,NA
"2026-09-29T21:39:45Z","Sleeper","Trevor Lawrence","JAX","QB",19.083,19.083,19.083,23.0595,NA,NA,NA,NA,NA,NA
"2026-09-29T21:39:45Z","Sleeper","Brock Purdy","SF","QB",18.8182,18.8182,18.8182,22.069,NA,NA,NA,NA,NA,NA
"2026-09-29T21:39:45Z","Sleeper","Kyler Murray","MIN","QB",18.4212,18.4212,18.4212,21.1845,NA,NA,NA,NA,NA,NA
"2026-09-29T21:39:45Z","Sleeper","Bryce Young","CAR","QB",18.0618,18.0618,18.0618,21.027,NA,NA,NA,NA,NA,NA
"2026-09-29T21:39:45Z","Sleeper","C.J. Stroud","HOU","QB",17.9472,17.9472,17.9472,21.087,NA,NA,NA,NA,NA,NA
"2026-09-29T21:39:45Z","Sleeper","Bo Nix","DEN","QB",17.7838,17.7838,17.7838,20.6025,NA,NA,NA,NA,NA,NA
"2026-09-29T21:39:45Z","Sleeper","Joe Burrow","CIN","QB",17.7246,17.7246,17.7246,21.452,NA,NA,NA,NA,NA,NA
"2026-09-29T21:39:45Z","Sleeper","Drake Maye","NE","QB",17.565,17.565,17.565,20.824,NA,NA,NA,NA,NA,NA
"2026-09-29T21:39:45Z","Sleeper","Tyler Shough","NO","QB",17.4698,17.4698,17.4698,21.3415,NA,NA,NA,NA,NA,NA
"2026-09-29T21:39:45Z","Sleeper","Dak Prescott","DAL","QB",17.4002,17.4002,17.4002,21.3065,NA,NA,NA,NA,NA,NA
"2026-09-29T21:39:45Z","Sleeper","Jordan Love","GB","QB",16.584,16.584,16.584,19.955,NA,NA,NA,NA,NA,NA
"2026-09-29T21:39:45Z","Sleeper","Daniel Jones","IND","QB",16.317,16.317,16.317,19.097,NA,NA,NA,NA,NA,NA
"2026-09-29T21:39:45Z","Sleeper","Jalen Hurts","PHI","QB",16.1306,16.1306,16.1306,18.948,NA,NA,NA,NA,NA,NA
"2026-09-29T21:39:45Z","Sleeper","Jared Goff","DET","QB",16.1182,16.1182,16.1182,19.475,NA,NA,NA,NA,NA,NA
"2026-09-29T21:39:45Z","Sleeper","Marcus Mariota","WAS","QB",16.0928,16.0928,16.0928,19.201,NA,NA,NA,NA,NA,NA
"2026-09-29T21:39:45Z","Sleeper","Matthew Stafford","LA","QB",15.8446,15.8446,15.8446,19.0855,NA,NA,NA,NA,NA,NA
"2026-09-29T21:39:45Z","Sleeper","Sam Darnold","SEA","QB",15.5112,15.5112,15.5112,19.3845,NA,NA,NA,NA,NA,NA
"2026-09-29T21:39:45Z","Sleeper","Jacoby Brissett","ARI","QB",15.2126,15.2126,15.2126,17.8075,NA,NA,NA,NA,NA,NA
"2026-09-29T21:39:45Z","Sleeper","Deshaun Watson","CLE","QB",14.9912,14.9912,14.9912,18.362,NA,NA,NA,NA,NA,NA
"2026-09-29T21:39:45Z","Sleeper","Jameis Winston","NYG","QB",14.6924,14.6924,14.6924,17.582,NA,NA,NA,NA,NA,NA
"2026-09-29T21:39:45Z","Sleeper","Kirk Cousins","LV","QB",14.5332,14.5332,14.5332,17.1975,NA,NA,NA,NA,NA,NA
"2026-09-29T21:39:45Z","Sleeper","Michael Penix","ATL","QB",14.2908,14.2908,14.2908,16.976,NA,NA,NA,NA,NA,NA
"2026-09-29T21:39:45Z","Sleeper","Case Keenum","CHI","QB",14.158,14.158,14.158,16.485,NA,NA,NA,NA,NA,NA
"2026-09-29T21:39:45Z","Sleeper","Geno Smith","NYJ","QB",13.7532,13.7532,13.7532,17.5995,NA,NA,NA,NA,NA,NA
"2026-09-29T21:39:45Z","Sleeper","Justin Herbert","LAC","QB",13.3494,13.3494,13.3494,16.47,NA,NA,NA,NA,NA,NA
"2026-09-29T21:39:45Z","Sleeper","Aaron Rodgers","PIT","QB",13.2058,13.2058,13.2058,15.6145,NA,NA,NA,NA,NA,NA
"2026-09-29T21:39:45Z","Sleeper","Cam Ward","TEN","QB",12.9794,12.9794,12.9794,15.5505,NA,NA,NA,NA,NA,NA
"2026-09-29T21:39:45Z","Sleeper","Malik Willis","MIA","QB",12.1904,12.1904,12.1904,14.7085,NA,NA,NA,NA,NA,NA
"2026-09-29T21:39:45Z","Sleeper","Jalon Daniels","TB","QB",11.7744,11.7744,11.7744,15.028,NA,NA,NA,NA,NA,NA
"2026-09-29T21:39:45Z","Sleeper","Kinkead Dent",NA,"QB",0,0,0,0,NA,NA,NA,NA,NA,NA
"2026-09-29T21:39:45Z","Sleeper","Brett Gabbert",NA,"QB",0,0,0,0,NA,NA,NA,NA,NA,NA
"2026-09-29T21:39:45Z","Sleeper","Behren Morton","NE","QB",0,0,0,0,NA,NA,NA,NA,NA,NA
"2026-09-29T21:39:45Z","Sleeper","AJ McCarron",NA,"QB",0,0,0,0,NA,NA,NA,NA,NA,NA
"2026-09-29T21:39:45Z","Sleeper","Joe Flacco","CIN","QB",0,0,0,0,NA,NA,NA,NA,NA,NA
"2026-09-29T21:39:45Z","Sleeper","Ryan Griffin",NA,"QB",0,0,0,0,NA,NA,NA,NA,NA,NA
"2026-09-29T21:39:45Z","Sleeper","Steven Montez",NA,"QB",0,0,0,0,NA,NA,NA,NA,NA,NA
"2026-09-29T21:39:45Z","Sleeper","Max Duggan",NA,"QB",0,0,0,0,NA,NA,NA,NA,NA,NA
"2026-09-29T21:39:45Z","Sleeper","Jahmyr Gibbs","DET","RB",20.159,22.519,24.879,24.989,NA,NA,NA,NA,NA,NA
"2026-09-29T21:39:45Z","Sleeper","Jonathan Taylor","IND","RB",18.657,20.032,21.407,21.507,NA,NA,NA,NA,NA,NA
"2026-09-29T21:39:45Z","Sleeper","Bijan Robinson","ATL","RB",17.857,19.992,22.127,22.217,NA,NA,NA,NA,NA,NA
"2026-09-29T21:39:45Z","Sleeper","Derrick Henry","BAL","RB",19.202,19.827,20.452,20.542,NA,NA,NA,NA,NA,NA
"2026-09-29T21:39:45Z","Sleeper","Kenneth Walker","KC","RB",15.787,17.817,19.847,19.937,NA,NA,NA,NA,NA,NA
"2026-09-29T21:39:45Z","Sleeper","Christian McCaffrey","SF","RB",14.278,16.378,18.478,18.558,NA,NA,NA,NA,NA,NA
"2026-09-29T21:39:45Z","Sleeper","James Cook","BUF","RB",15.354,16.229,17.104,17.184,NA,NA,NA,NA,NA,NA
"2026-09-29T21:39:45Z","Sleeper","Chase Brown","CIN","RB",13.828,15.748,17.668,17.748,NA,NA,NA,NA,NA,NA
"2026-09-29T21:39:45Z","Sleeper","D'Andre Swift","CHI","RB",14.466,15.526,16.586,16.656,NA,NA,NA,NA,NA,NA
"2026-09-29T21:39:45Z","Sleeper","Chuba Hubbard","CAR","RB",13.055,14.7,16.345,16.415,NA,NA,NA,NA,NA,NA
"2026-09-29T21:39:45Z","Sleeper","Cam Skattebo","NYG","RB",13.55,14.565,15.58,15.66,NA,NA,NA,NA,NA,NA
"2026-09-29T21:39:45Z","Sleeper","Jeremiyah Love","ARI","RB",13.126,14.481,15.836,15.906,NA,NA,NA,NA,NA,NA
"2026-09-29T21:39:45Z","Sleeper","David Montgomery","HOU","RB",12.768,13.833,14.898,14.968,NA,NA,NA,NA,NA,NA
"2026-09-29T21:39:45Z","Sleeper","Ashton Jeanty","LV","RB",11.997,13.772,15.547,15.627,NA,NA,NA,NA,NA,NA
"2026-09-29T21:39:45Z","Sleeper","Saquon Barkley","PHI","RB",12.771,13.721,14.671,14.741,NA,NA,NA,NA,NA,NA
"2026-09-29T21:39:45Z","Sleeper","Javonte Williams","DAL","RB",12.404,13.699,14.994,15.074,NA,NA,NA,NA,NA,NA
"2026-09-29T21:39:45Z","Sleeper","Jaylen Warren","PIT","RB",11.991,13.381,14.771,14.831,NA,NA,NA,NA,NA,NA
"2026-09-29T21:39:45Z","Sleeper","Aaron Jones","MIN","RB",11.91,12.99,14.07,14.15,NA,NA,NA,NA,NA,NA
"2026-09-29T21:39:45Z","Sleeper","Bucky Irving","TB","RB",11.4,12.845,14.29,14.37,NA,NA,NA,NA,NA,NA
"2026-09-29T21:39:45Z","Sleeper","Kyren Williams","LA","RB",11.669,12.644,13.619,13.689,NA,NA,NA,NA,NA,NA
"2026-09-29T21:39:45Z","Sleeper","Braelon Allen","NYJ","RB",11.512,12.392,13.272,13.332,NA,NA,NA,NA,NA,NA
"2026-09-29T21:39:45Z","Sleeper","Bhayshul Tuten","JAX","RB",11.045,11.91,12.775,12.825,NA,NA,NA,NA,NA,NA
"2026-09-29T21:39:45Z","Sleeper","Jacory Croskey-Merritt","WAS","RB",11.295,11.86,12.425,12.485,NA,NA,NA,NA,NA,NA
"2026-09-29T21:39:45Z","Sleeper","Rhamondre Stevenson","NE","RB",10.069,11.309,12.549,12.599,NA,NA,NA,NA,NA,NA
"2026-09-29T21:39:45Z","Sleeper","RJ Harvey","DEN","RB",8.142,9.612,11.082,11.122,NA,NA,NA,NA,NA,NA
"2026-09-29T21:39:45Z","Sleeper","Rico Dowdle","PIT","RB",7.984,8.929,9.874,9.924,NA,NA,NA,NA,NA,NA
"2026-09-29T21:39:45Z","Sleeper","TreVeyon Henderson","NE","RB",8.17,8.835,9.5,9.54,NA,NA,NA,NA,NA,NA
"2026-09-29T21:39:45Z","Sleeper","Tony Pollard","TEN","RB",7.938,8.798,9.658,9.708,NA,NA,NA,NA,NA,NA
"2026-09-29T21:39:45Z","Sleeper","Omarion Hampton","LAC","RB",7.802,8.622,9.442,9.492,NA,NA,NA,NA,NA,NA
"2026-09-29T21:39:45Z","Sleeper","Alvin Kamara","NO","RB",7.378,8.578,9.778,9.828,NA,NA,NA,NA,NA,NA
"2026-09-29T21:39:45Z","Sleeper","Kyle Monangai","CHI","RB",8.022,8.567,9.112,9.162,NA,NA,NA,NA,NA,NA
"2026-09-29T21:39:45Z","Sleeper","Woody Marks","HOU","RB",7.042,7.842,8.642,8.692,NA,NA,NA,NA,NA,NA
"2026-09-29T21:39:45Z","Sleeper","Jadarian Price","SEA","RB",7.078,7.593,8.108,8.158,NA,NA,NA,NA,NA,NA
"2026-09-29T21:39:45Z","Sleeper","Quinshon Judkins","CLE","RB",6.478,7.543,8.608,8.678,NA,NA,NA,NA,NA,NA
"2026-09-29T21:39:45Z","Sleeper","Rachaad White","WAS","RB",6.316,7.461,8.606,8.636,NA,NA,NA,NA,NA,NA
"2026-09-29T21:39:45Z","Sleeper","J.K. Dobbins","DEN","RB",6.703,7.273,7.843,7.893,NA,NA,NA,NA,NA,NA
"2026-09-29T21:39:45Z","Sleeper","MarShawn Lloyd","GB","RB",6.494,7.259,8.024,8.064,NA,NA,NA,NA,NA,NA
"2026-09-29T21:39:45Z","Sleeper","Ollie Gordon","MIA","RB",6.495,7.16,7.825,7.865,NA,NA,NA,NA,NA,NA
"2026-09-29T21:39:45Z","Sleeper","Tyjae Spears","TEN","RB",5.748,6.943,8.138,8.168,NA,NA,NA,NA,NA,NA
"2026-09-29T21:39:45Z","Sleeper","Blake Corum","LA","RB",6.525,6.855,7.185,7.235,NA,NA,NA,NA,NA,NA
"2026-09-29T21:39:45Z","Sleeper","Kenny Gainwell","TB","RB",5.78,6.645,7.51,7.54,NA,NA,NA,NA,NA,NA
"2026-09-29T21:39:45Z","Sleeper","Tyler Allgeier","ARI","RB",5.392,6.577,7.762,7.802,NA,NA,NA,NA,NA,NA
"2026-09-29T21:39:45Z","Sleeper","Kendre Miller","NO","RB",5.948,6.508,7.068,7.108,NA,NA,NA,NA,NA,NA
"2026-09-29T21:39:45Z","Sleeper","Isaiah Davis","NYJ","RB",5.406,6.136,6.866,6.886,NA,NA,NA,NA,NA,NA
"2026-09-29T21:39:45Z","Sleeper","Emanuel Wilson","SEA","RB",5.302,5.697,6.092,6.132,NA,NA,NA,NA,NA,NA
"2026-09-29T21:39:45Z","Sleeper","Samaje Perine","CIN","RB",4.622,5.457,6.292,6.322,NA,NA,NA,NA,NA,NA
"2026-09-29T21:39:45Z","Sleeper","Justice Hill","BAL","RB",4.439,5.314,6.189,6.209,NA,NA,NA,NA,NA,NA
"2026-09-29T21:39:45Z","Sleeper","Chris Rodriguez","JAX","RB",4.995,5.24,5.485,5.505,NA,NA,NA,NA,NA,NA
"2026-09-29T21:39:45Z","Sleeper","Kaleb Johnson","GB","RB",4.576,5.146,5.716,5.746,NA,NA,NA,NA,NA,NA
"2026-09-29T21:39:45Z","Sleeper","Chris Brooks","GB","RB",4.407,5.127,5.847,5.877,NA,NA,NA,NA,NA,NA
"2026-09-29T21:39:45Z","Sleeper","Kaelon Black","SF","RB",4.608,4.978,5.348,5.378,NA,NA,NA,NA,NA,NA
"2026-09-29T21:39:45Z","Sleeper","Najee Harris","NYG","RB",4.332,4.677,5.022,5.052,NA,NA,NA,NA,NA,NA
"2026-09-29T21:39:45Z","Sleeper","Raheim Sanders","CLE","RB",3.581,4.451,5.321,5.341,NA,NA,NA,NA,NA,NA
"2026-09-29T21:39:45Z","Sleeper","George Holani","SEA","RB",3.641,4.411,5.181,5.201,NA,NA,NA,NA,NA,NA
"2026-09-29T21:39:45Z","Sleeper","Ty Johnson","BUF","RB",3.576,4.301,5.026,5.046,NA,NA,NA,NA,NA,NA
"2026-09-29T21:39:45Z","Sleeper","Mike Washington","LV","RB",3.891,4.161,4.431,4.451,NA,NA,NA,NA,NA,NA
"2026-09-29T21:39:45Z","Sleeper","Keaton Mitchell","LAC","RB",3.468,4.053,4.638,4.658,NA,NA,NA,NA,NA,NA
"2026-09-29T21:39:45Z","Sleeper","Emmett Johnson","KC","RB",3.38,3.965,4.55,4.57,NA,NA,NA,NA,NA,NA
"2026-09-29T21:39:45Z","Sleeper","Sione Vaki","DET","RB",3.51,3.93,4.35,4.37,NA,NA,NA,NA,NA,NA
"2026-09-29T21:39:45Z","Sleeper","AJ Dillon","CAR","RB",3.466,3.921,4.376,4.376,NA,NA,NA,NA,NA,NA
"2026-09-29T21:39:45Z","Sleeper","Brian Robinson","ATL","RB",3.547,3.882,4.217,4.237,NA,NA,NA,NA,NA,NA
"2026-09-29T21:39:45Z","Sleeper","CJ Donaldson","NO","RB",3.126,3.586,4.046,4.046,NA,NA,NA,NA,NA,NA
"2026-09-29T21:39:45Z","Sleeper","Jaylen Wright","MIA","RB",2.918,3.383,3.848,3.868,NA,NA,NA,NA,NA,NA
"2026-09-29T21:39:45Z","Sleeper","Tank Bigsby","PHI","RB",3.009,3.184,3.359,3.379,NA,NA,NA,NA,NA,NA
"2026-09-29T21:39:45Z","Sleeper","DeeJay Dallas","MIN","RB",2.413,2.948,3.483,3.493,NA,NA,NA,NA,NA,NA
"2026-09-29T21:39:45Z","Sleeper","Tyler Goodson","DAL","RB",2.434,2.944,3.454,3.474,NA,NA,NA,NA,NA,NA
"2026-09-29T21:39:45Z","Sleeper","Tyler Badie","DEN","RB",1.997,2.582,3.167,3.177,NA,NA,NA,NA,NA,NA
"2026-09-29T21:39:45Z","Sleeper","Ameer Abdullah","JAX","RB",2.14,2.52,2.9,2.91,NA,NA,NA,NA,NA,NA
"2026-09-29T21:39:45Z","Sleeper","Seth McGowan","IND","RB",2.283,2.473,2.663,2.673,NA,NA,NA,NA,NA,NA
"2026-09-29T21:39:45Z","Sleeper","Demond Claiborne","MIN","RB",2.194,2.369,2.544,2.554,NA,NA,NA,NA,NA,NA
"2026-09-29T21:39:45Z","Sleeper","Will Shipley","PHI","RB",1.291,1.666,2.041,2.051,NA,NA,NA,NA,NA,NA
"2026-09-29T21:39:45Z","Sleeper","LeQuint Allen","JAX","RB",1.174,1.534,1.894,1.904,NA,NA,NA,NA,NA,NA
"2026-09-29T21:39:45Z","Sleeper","Kimani Vidal","LAC","RB",1.07,1.38,1.69,1.7,NA,NA,NA,NA,NA,NA
"2026-09-29T21:39:45Z","Sleeper","Kyle Juszczyk","SF","RB",1.012,1.327,1.642,1.642,NA,NA,NA,NA,NA,NA
"2026-09-29T21:39:45Z","Sleeper","Devin Singletary","NYG","RB",0.92,1.04,1.16,1.16,NA,NA,NA,NA,NA,NA
"2026-09-29T21:39:45Z","Sleeper","Kaytron Allen","WAS","RB",0.937,1.022,1.107,1.117,NA,NA,NA,NA,NA,NA
"2026-09-29T21:39:45Z","Sleeper","Ray Davis","BUF","RB",0.958,1.013,1.068,1.078,NA,NA,NA,NA,NA,NA
"2026-09-29T21:39:45Z","Sleeper","Alec Ingold","LAC","RB",0.738,1.013,1.288,1.288,NA,NA,NA,NA,NA,NA
"2026-09-29T21:39:45Z","Sleeper","Hunter Luepke","DAL","RB",0.671,0.816,0.961,0.961,NA,NA,NA,NA,NA,NA
"2026-09-29T21:39:45Z","Sleeper","Nicholas Singleton","TEN","RB",0.734,0.784,0.834,0.834,NA,NA,NA,NA,NA,NA
"2026-09-29T21:39:45Z","Sleeper","Trey McBride","ARI","TE",10.149,13.774,17.399,21.054,NA,NA,NA,NA,NA,NA
"2026-09-29T21:39:45Z","Sleeper","Brock Bowers","LV","TE",9.07,12.205,15.34,18.495,NA,NA,NA,NA,NA,NA
"2026-09-29T21:39:45Z","Sleeper","Harold Fannin","CLE","TE",7.763,9.993,12.223,14.473,NA,NA,NA,NA,NA,NA
"2026-09-29T21:39:45Z","Sleeper","Dalton Kincaid","BUF","TE",7.454,9.809,12.164,14.539,NA,NA,NA,NA,NA,NA
"2026-09-29T21:39:45Z","Sleeper","Tyler Warren","IND","TE",7.273,9.663,12.053,14.463,NA,NA,NA,NA,NA,NA
"2026-09-29T21:39:45Z","Sleeper","Juwan Johnson","NO","TE",7.457,9.567,11.677,13.807,NA,NA,NA,NA,NA,NA
"2026-09-29T21:39:45Z","Sleeper","Travis Kelce","KC","TE",7.246,9.506,11.766,14.046,NA,NA,NA,NA,NA,NA
"2026-09-29T21:39:45Z","Sleeper","George Kittle","SF","TE",7.287,9.362,11.437,13.532,NA,NA,NA,NA,NA,NA
"2026-09-29T21:39:45Z","Sleeper","Isaiah Likely","NYG","TE",7.259,9.299,11.339,13.399,NA,NA,NA,NA,NA,NA
"2026-09-29T21:39:45Z","Sleeper","Tucker Kraft","GB","TE",6.639,8.594,10.549,12.514,NA,NA,NA,NA,NA,NA
"2026-09-29T21:39:45Z","Sleeper","Colston Loveland","CHI","TE",6.769,8.524,10.279,12.044,NA,NA,NA,NA,NA,NA
"2026-09-29T21:39:45Z","Sleeper","Sam LaPorta","DET","TE",6.184,8.354,10.524,12.714,NA,NA,NA,NA,NA,NA
"2026-09-29T21:39:45Z","Sleeper","Dalton Schultz","HOU","TE",6.127,8.317,10.507,12.717,NA,NA,NA,NA,NA,NA
"2026-09-29T21:39:45Z","Sleeper","Brenton Strange","JAX","TE",6.048,7.853,9.658,11.473,NA,NA,NA,NA,NA,NA
"2026-09-29T21:39:45Z","Sleeper","Kenyon Sadiq","NYJ","TE",5.833,7.683,9.533,11.393,NA,NA,NA,NA,NA,NA
"2026-09-29T21:39:45Z","Sleeper","AJ Barner","SEA","TE",5.988,7.608,9.228,10.868,NA,NA,NA,NA,NA,NA
"2026-09-29T21:39:45Z","Sleeper","Hunter Henry","NE","TE",5.594,7.574,9.554,11.554,NA,NA,NA,NA,NA,NA
"2026-09-29T21:39:45Z","Sleeper","Darren Waller","CAR","TE",5.865,7.54,9.215,10.9,NA,NA,NA,NA,NA,NA
"2026-09-29T21:39:45Z","Sleeper","Jake Ferguson","DAL","TE",5.393,7.188,8.983,10.788,NA,NA,NA,NA,NA,NA
"2026-09-29T21:39:45Z","Sleeper","Kyle Pitts","ATL","TE",5.751,7.181,8.611,10.051,NA,NA,NA,NA,NA,NA
"2026-09-29T21:39:45Z","Sleeper","Mark Andrews","BAL","TE",4.969,6.759,8.549,10.359,NA,NA,NA,NA,NA,NA
"2026-09-29T21:39:45Z","Sleeper","T.J. Hockenson","MIN","TE",4.976,6.686,8.396,10.116,NA,NA,NA,NA,NA,NA
"2026-09-29T21:39:45Z","Sleeper","Pat Freiermuth","PIT","TE",4.783,6.418,8.053,9.698,NA,NA,NA,NA,NA,NA
"2026-09-29T21:39:45Z","Sleeper","Chig Okonkwo","WAS","TE",4.784,6.414,8.044,9.684,NA,NA,NA,NA,NA,NA
"2026-09-29T21:39:45Z","Sleeper","Mike Gesicki","CIN","TE",4.907,6.367,7.827,9.297,NA,NA,NA,NA,NA,NA
"2026-09-29T21:39:45Z","Sleeper","Cade Otton","TB","TE",4.128,5.663,7.198,8.743,NA,NA,NA,NA,NA,NA
"2026-09-29T21:39:45Z","Sleeper","Gunnar Helm","TEN","TE",3.718,5.478,7.238,9.008,NA,NA,NA,NA,NA,NA
"2026-09-29T21:39:45Z","Sleeper","Oronde Gadsden","LAC","TE",4.182,5.417,6.652,7.897,NA,NA,NA,NA,NA,NA
"2026-09-29T21:39:45Z","Sleeper","Tyler Higbee","LA","TE",4.04,5.325,6.61,7.905,NA,NA,NA,NA,NA,NA
"2026-09-29T21:39:45Z","Sleeper","Greg Dulcich","MIA","TE",3.7,5.155,6.61,8.075,NA,NA,NA,NA,NA,NA
"2026-09-29T21:39:45Z","Sleeper","Colby Parkinson","LA","TE",3.92,4.98,6.04,7.11,NA,NA,NA,NA,NA,NA
"2026-09-29T21:39:45Z","Sleeper","Noah Fant","NO","TE",3.913,4.968,6.023,7.088,NA,NA,NA,NA,NA,NA
"2026-09-29T21:39:45Z","Sleeper","Evan Engram","DEN","TE",3.319,4.444,5.569,6.704,NA,NA,NA,NA,NA,NA
"2026-09-29T21:39:45Z","Sleeper","Michael Mayer","LV","TE",2.937,4.262,5.587,6.922,NA,NA,NA,NA,NA,NA
"2026-09-29T21:39:45Z","Sleeper","Eli Raridon","NE","TE",2.575,3.395,4.215,5.045,NA,NA,NA,NA,NA,NA
"2026-09-29T21:39:45Z","Sleeper","Elijah Arroyo","SEA","TE",2.411,3.226,4.041,4.866,NA,NA,NA,NA,NA,NA
"2026-09-29T21:39:45Z","Sleeper","Cole Kmet","CHI","TE",2.353,3.083,3.813,4.553,NA,NA,NA,NA,NA,NA
"2026-09-29T21:39:45Z","Sleeper","Zach Ertz","PHI","TE",2.078,2.873,3.668,4.473,NA,NA,NA,NA,NA,NA
"2026-09-29T21:39:45Z","Sleeper","Foster Moreau","HOU","TE",2.153,2.808,3.463,4.118,NA,NA,NA,NA,NA,NA
"2026-09-29T21:39:45Z","Sleeper","Noah Gray","KC","TE",1.975,2.675,3.375,4.085,NA,NA,NA,NA,NA,NA
"2026-09-29T21:39:45Z","Sleeper","Darnell Washington","PIT","TE",1.852,2.597,3.342,4.097,NA,NA,NA,NA,NA,NA
"2026-09-29T21:39:45Z","Sleeper","Theo Johnson","NYG","TE",2.05,2.58,3.11,3.64,NA,NA,NA,NA,NA,NA
"2026-09-29T21:39:45Z","Sleeper","Jonnu Smith","GB","TE",1.843,2.578,3.313,4.058,NA,NA,NA,NA,NA,NA
"2026-09-29T21:39:45Z","Sleeper","Dawson Knox","BUF","TE",1.897,2.487,3.077,3.667,NA,NA,NA,NA,NA,NA
"2026-09-29T21:39:45Z","Sleeper","Tommy Tremble","CAR","TE",1.758,2.428,3.098,3.778,NA,NA,NA,NA,NA,NA
"2026-09-29T21:39:45Z","Sleeper","Johnny Mundt","PHI","TE",1.694,2.374,3.054,3.734,NA,NA,NA,NA,NA,NA
"2026-09-29T21:39:45Z","Sleeper","Erick All","CIN","TE",1.587,2.197,2.807,3.427,NA,NA,NA,NA,NA,NA
"2026-09-29T21:39:45Z","Sleeper","Austin Hooper","ATL","TE",1.737,2.192,2.647,3.102,NA,NA,NA,NA,NA,NA
"2026-09-29T21:39:45Z","Sleeper","Blake Whiteheart","CLE","TE",1.625,2.065,2.505,2.945,NA,NA,NA,NA,NA,NA
"2026-09-29T21:39:45Z","Sleeper","Mason Taylor","NYJ","TE",1.416,2.026,2.636,3.246,NA,NA,NA,NA,NA,NA
"2026-09-29T21:39:45Z","Sleeper","Jaxon Smith-Njigba","SEA","WR",15.68,18.93,22.18,22.21,NA,NA,NA,NA,NA,NA
"2026-09-29T21:39:45Z","Sleeper","Chris Olave","NO","WR",13.099,15.979,18.859,18.889,NA,NA,NA,NA,NA,NA
"2026-09-29T21:39:45Z","Sleeper","Nico Collins","HOU","WR",12.993,15.763,18.533,18.553,NA,NA,NA,NA,NA,NA
"2026-09-29T21:39:45Z","Sleeper","Zay Flowers","BAL","WR",12.854,15.344,17.834,17.854,NA,NA,NA,NA,NA,NA
"2026-09-29T21:39:45Z","Sleeper","Ja'Marr Chase","CIN","WR",12.02,15.08,18.14,18.17,NA,NA,NA,NA,NA,NA
"2026-09-29T21:39:45Z","Sleeper","Amon-Ra St. Brown","DET","WR",11.68,14.78,17.88,17.91,NA,NA,NA,NA,NA,NA
"2026-09-29T21:39:45Z","Sleeper","Puka Nacua","LA","WR",11.679,14.479,17.279,17.309,NA,NA,NA,NA,NA,NA
"2026-09-29T21:39:45Z","Sleeper","CeeDee Lamb","DAL","WR",11.405,14.4,17.395,17.425,NA,NA,NA,NA,NA,NA
"2026-09-29T21:39:45Z","Sleeper","Parker Washington","JAX","WR",11.8,14.285,16.77,16.79,NA,NA,NA,NA,NA,NA
"2026-09-29T21:39:45Z","Sleeper","Garrett Wilson","NYJ","WR",10.962,13.887,16.812,16.832,NA,NA,NA,NA,NA,NA
"2026-09-29T21:39:45Z","Sleeper","Drake London","ATL","WR",10.97,13.595,16.22,16.24,NA,NA,NA,NA,NA,NA
"2026-09-29T21:39:45Z","Sleeper","Justin Jefferson","MIN","WR",10.745,13.585,16.425,16.445,NA,NA,NA,NA,NA,NA
"2026-09-29T21:39:45Z","Sleeper","Tee Higgins","CIN","WR",11.166,13.566,15.966,15.986,NA,NA,NA,NA,NA,NA
"2026-09-29T21:39:45Z","Sleeper","Davante Adams","LA","WR",11.206,13.551,15.896,15.916,NA,NA,NA,NA,NA,NA
"2026-09-29T21:39:45Z","Sleeper","Christian Watson","GB","WR",11.048,13.133,15.218,15.238,NA,NA,NA,NA,NA,NA
"2026-09-29T21:39:45Z","Sleeper","Michael Wilson","ARI","WR",9.834,12.129,14.424,14.444,NA,NA,NA,NA,NA,NA
"2026-09-29T21:39:45Z","Sleeper","George Pickens","DAL","WR",9.567,12.112,14.657,14.677,NA,NA,NA,NA,NA,NA
"2026-09-29T21:39:45Z","Sleeper","Jalen Coker","CAR","WR",9.588,12.083,14.578,14.598,NA,NA,NA,NA,NA,NA
"2026-09-29T21:39:45Z","Sleeper","DJ Moore","BUF","WR",9.583,11.708,13.833,13.853,NA,NA,NA,NA,NA,NA
"2026-09-29T21:39:45Z","Sleeper","Rashee Rice","KC","WR",9.177,11.602,14.027,14.047,NA,NA,NA,NA,NA,NA
"2026-09-29T21:39:45Z","Sleeper","Mike Evans","SF","WR",9.406,11.416,13.426,13.446,NA,NA,NA,NA,NA,NA
"2026-09-29T21:39:45Z","Sleeper","Malik Nabers","NYG","WR",8.841,11.386,13.931,13.951,NA,NA,NA,NA,NA,NA
"2026-09-29T21:39:45Z","Sleeper","Tetairoa McMillan","CAR","WR",9.124,11.374,13.624,13.644,NA,NA,NA,NA,NA,NA
"2026-09-29T21:39:45Z","Sleeper","DeVonta Smith","PHI","WR",8.488,10.848,13.208,13.228,NA,NA,NA,NA,NA,NA
"2026-09-29T21:39:45Z","Sleeper","Josh Downs","IND","WR",8.442,10.557,12.672,12.692,NA,NA,NA,NA,NA,NA
"2026-09-29T21:39:45Z","Sleeper","Luther Burden","CHI","WR",8.231,10.406,12.581,12.601,NA,NA,NA,NA,NA,NA
"2026-09-29T21:39:45Z","Sleeper","Jaylen Waddle","DEN","WR",7.875,10.17,12.465,12.485,NA,NA,NA,NA,NA,NA
"2026-09-29T21:39:45Z","Sleeper","Matthew Golden","GB","WR",8.012,10.072,12.132,12.152,NA,NA,NA,NA,NA,NA
"2026-09-29T21:39:45Z","Sleeper","Ladd McConkey","LAC","WR",7.895,10.015,12.135,12.155,NA,NA,NA,NA,NA,NA
"2026-09-29T21:39:45Z","Sleeper","Terry McLaurin","WAS","WR",7.876,9.811,11.746,11.766,NA,NA,NA,NA,NA,NA
"2026-09-29T21:39:45Z","Sleeper","Denzel Boston","CLE","WR",7.852,9.437,11.022,11.032,NA,NA,NA,NA,NA,NA
"2026-09-29T21:39:45Z","Sleeper","Stefon Diggs","WAS","WR",7.227,9.202,11.177,11.197,NA,NA,NA,NA,NA,NA
"2026-09-29T21:39:45Z","Sleeper","Jordan Addison","MIN","WR",7.464,9.139,10.814,10.824,NA,NA,NA,NA,NA,NA
"2026-09-29T21:39:45Z","Sleeper","Jameson Williams","DET","WR",7.296,9.061,10.826,10.846,NA,NA,NA,NA,NA,NA
"2026-09-29T21:39:45Z","Sleeper","Emeka Egbuka","TB","WR",6.8,8.555,10.31,10.32,NA,NA,NA,NA,NA,NA
"2026-09-29T21:39:45Z","Sleeper","Courtland Sutton","DEN","WR",6.675,8.285,9.895,9.905,NA,NA,NA,NA,NA,NA
"2026-09-29T21:39:45Z","Sleeper","Devaughn Vele","NO","WR",6.38,8.28,10.18,10.2,NA,NA,NA,NA,NA,NA
"2026-09-29T21:39:45Z","Sleeper","DK Metcalf","PIT","WR",6.637,8.237,9.837,9.847,NA,NA,NA,NA,NA,NA
"2026-09-29T21:39:45Z","Sleeper","Kalif Raymond","CHI","WR",6.338,8.188,10.038,10.058,NA,NA,NA,NA,NA,NA
"2026-09-29T21:39:45Z","Sleeper","Xavier Worthy","KC","WR",6.53,8.12,9.71,9.73,NA,NA,NA,NA,NA,NA
"2026-09-29T21:39:45Z","Sleeper","Jakobi Meyers","JAX","WR",6.135,7.93,9.725,9.745,NA,NA,NA,NA,NA,NA
"2026-09-29T21:39:45Z","Sleeper","Carnell Tate","TEN","WR",5.741,7.916,10.091,10.111,NA,NA,NA,NA,NA,NA
"2026-09-29T21:39:45Z","Sleeper","Wan'Dale Robinson","TEN","WR",5.658,7.818,9.978,9.998,NA,NA,NA,NA,NA,NA
"2026-09-29T21:39:45Z","Sleeper","Jauan Jennings","MIN","WR",6.218,7.638,9.058,9.068,NA,NA,NA,NA,NA,NA
"2026-09-29T21:39:45Z","Sleeper","KC Concepcion","CLE","WR",5.763,7.618,9.473,9.493,NA,NA,NA,NA,NA,NA
"2026-09-29T21:39:45Z","Sleeper","Michael Pittman","PIT","WR",5.505,7.5,9.495,9.515,NA,NA,NA,NA,NA,NA
"2026-09-29T21:39:45Z","Sleeper","Romeo Doubs","NE","WR",5.925,7.445,8.965,8.975,NA,NA,NA,NA,NA,NA
"2026-09-29T21:39:45Z","Sleeper","Deebo Samuel","SF","WR",5.715,7.3,8.885,8.905,NA,NA,NA,NA,NA,NA
"2026-09-29T21:39:45Z","Sleeper","Rome Odunze","CHI","WR",5.812,7.162,8.512,8.522,NA,NA,NA,NA,NA,NA
"2026-09-29T21:39:45Z","Sleeper","Quentin Johnston","LAC","WR",5.78,7.16,8.54,8.55,NA,NA,NA,NA,NA,NA
"2026-09-29T21:39:45Z","Sleeper","Dontayvion Wicks","PHI","WR",5.584,7.144,8.704,8.714,NA,NA,NA,NA,NA,NA
"2026-09-29T21:39:45Z","Sleeper","Chris Godwin","TB","WR",5.343,7.078,8.813,8.823,NA,NA,NA,NA,NA,NA
"2026-09-29T21:39:45Z","Sleeper","Tre Tucker","LV","WR",5.583,7.073,8.563,8.573,NA,NA,NA,NA,NA,NA
"2026-09-29T21:39:45Z","Sleeper","Keenan Allen","IND","WR",5.402,7.057,8.712,8.722,NA,NA,NA,NA,NA,NA
"2026-09-29T21:39:45Z","Sleeper","Malik Washington","MIA","WR",5.297,7.052,8.807,8.827,NA,NA,NA,NA,NA,NA
"2026-09-29T21:39:45Z","Sleeper","Mack Hollins","NE","WR",5.271,7.001,8.731,8.751,NA,NA,NA,NA,NA,NA
"2026-09-29T21:39:45Z","Sleeper","Adonai Mitchell","NYJ","WR",5.459,6.939,8.419,8.429,NA,NA,NA,NA,NA,NA
"2026-09-29T21:39:45Z","Sleeper","Ryan Flournoy","DAL","WR",4.946,6.556,8.166,8.176,NA,NA,NA,NA,NA,NA
"2026-09-29T21:39:45Z","Sleeper","Rashod Bateman","BAL","WR",5.125,6.455,7.785,7.795,NA,NA,NA,NA,NA,NA
"2026-09-29T21:39:45Z","Sleeper","Khalil Shakir","BUF","WR",4.523,6.358,8.193,8.213,NA,NA,NA,NA,NA,NA
"2026-09-29T21:39:45Z","Sleeper","Brian Thomas","JAX","WR",5.064,6.304,7.544,7.554,NA,NA,NA,NA,NA,NA
"2026-09-29T21:39:45Z","Sleeper","Pat Bryant","DEN","WR",4.651,6.046,7.441,7.451,NA,NA,NA,NA,NA,NA
"2026-09-29T21:39:45Z","Sleeper","Rashid Shaheed","SEA","WR",4.572,5.697,6.822,6.832,NA,NA,NA,NA,NA,NA
"2026-09-29T21:39:45Z","Sleeper","Tre' Harris","LAC","WR",4.194,5.579,6.964,6.974,NA,NA,NA,NA,NA,NA
"2026-09-29T21:39:45Z","Sleeper","Kayshon Boutte","HOU","WR",4.332,5.452,6.572,6.582,NA,NA,NA,NA,NA,NA
"2026-09-29T21:39:45Z","Sleeper","Cooper Kupp","SEA","WR",4.071,5.161,6.251,6.261,NA,NA,NA,NA,NA,NA
"2026-09-29T21:39:45Z","Sleeper","Jalen Nailor","LV","WR",4.159,5.149,6.139,6.149,NA,NA,NA,NA,NA,NA
"2026-09-29T21:39:45Z","Sleeper","Elic Ayomanor","TEN","WR",4.134,5.069,6.004,6.014,NA,NA,NA,NA,NA,NA
"2026-09-29T21:39:45Z","Sleeper","Ted Hurst","TB","WR",4.037,5.027,6.017,6.027,NA,NA,NA,NA,NA,NA
"2026-09-29T21:39:45Z","Sleeper","Makai Lemon","PHI","WR",3.4,4.94,6.48,6.49,NA,NA,NA,NA,NA,NA
"2026-09-29T21:39:45Z","Sleeper","Caleb Douglas","MIA","WR",3.666,4.911,6.156,6.166,NA,NA,NA,NA,NA,NA
"2026-09-29T21:39:45Z","Sleeper","DeMario Douglas","NE","WR",3.671,4.871,6.071,6.081,NA,NA,NA,NA,NA,NA
"2026-09-29T21:39:45Z","Sleeper","Kendrick Bourne","ARI","WR",3.439,4.694,5.949,5.959,NA,NA,NA,NA,NA,NA
"2026-09-29T21:39:45Z","Sleeper","Xavier Hutchinson","HOU","WR",3.656,4.651,5.646,5.656,NA,NA,NA,NA,NA,NA
"2026-09-29T21:39:45Z","Sleeper","Tyquan Thornton","KC","WR",3.569,4.504,5.439,5.449,NA,NA,NA,NA,NA,NA
"2026-09-29T21:39:45Z","Sleeper","Marvin Harrison","ARI","WR",3.552,4.477,5.402,5.412,NA,NA,NA,NA,NA,NA
"2026-09-29T21:39:45Z","Sleeper","Malachi Fields","NYG","WR",3.582,4.447,5.312,5.322,NA,NA,NA,NA,NA,NA
"2026-09-29T21:39:45Z","Sleeper","Roman Wilson","PIT","WR",3.268,4.258,5.248,5.258,NA,NA,NA,NA,NA,NA
"2026-09-29T21:39:45Z","Sleeper","Laquon Treadwell","IND","WR",3.455,4.215,4.975,4.975,NA,NA,NA,NA,NA,NA
"2026-09-29T21:39:45Z","Sleeper","Chris Bell","MIA","WR",3.275,4.195,5.115,5.125,NA,NA,NA,NA,NA,NA
"2026-09-29T21:39:45Z","Sleeper","Isaiah Williams","NYJ","WR",2.849,4.054,5.259,5.269,NA,NA,NA,NA,NA,NA
"2026-09-29T21:39:45Z","Sleeper","Skyy Moore","GB","WR",3.101,4.026,4.951,4.971,NA,NA,NA,NA,NA,NA
"2026-09-29T21:39:45Z","Sleeper","Darnell Mooney","NYG","WR",3.212,3.987,4.762,4.772,NA,NA,NA,NA,NA,NA
"2026-09-29T21:39:45Z","Sleeper","Antonio Williams","WAS","WR",2.984,3.844,4.704,4.714,NA,NA,NA,NA,NA,NA
"2026-09-29T21:39:45Z","Sleeper","Keon Coleman","BUF","WR",2.904,3.834,4.764,4.774,NA,NA,NA,NA,NA,NA
"2026-09-29T21:39:45Z","Sleeper","Jahan Dotson","ATL","WR",2.888,3.688,4.488,4.498,NA,NA,NA,NA,NA,NA
"2026-09-29T21:39:45Z","Sleeper","Isaac TeSlaa","DET","WR",2.768,3.443,4.118,4.128,NA,NA,NA,NA,NA,NA
"2026-09-29T21:39:45Z","Sleeper","Josh Cameron","JAX","WR",2.49,3.055,3.62,3.63,NA,NA,NA,NA,NA,NA
"2026-09-29T21:39:45Z","Sleeper","Jerry Jeudy","CLE","WR",2.296,3.016,3.736,3.746,NA,NA,NA,NA,NA,NA
"2026-09-29T21:39:45Z","Sleeper","Dohnte Meyers","CIN","WR",2.259,2.949,3.639,3.639,NA,NA,NA,NA,NA,NA
"2026-09-29T21:39:45Z","Sleeper","Tory Horton","SEA","WR",2.321,2.891,3.461,3.471,NA,NA,NA,NA,NA,NA
"2026-09-29T21:39:45Z","Sleeper","Devontez Walker","BAL","WR",2.423,2.863,3.303,3.303,NA,NA,NA,NA,NA,NA
"2026-09-29T21:39:45Z","Sleeper","Kyle Williams","NE","WR",2.295,2.835,3.375,3.375,NA,NA,NA,NA,NA,NA
"2026-09-29T21:39:45Z","Sleeper","Cody White","LV","WR",2.348,2.813,3.278,3.278,NA,NA,NA,NA,NA,NA
"2026-09-29T21:39:45Z","Sleeper","Zachariah Branch","ATL","WR",1.937,2.522,3.107,3.107,NA,NA,NA,NA,NA,NA
"2026-09-29T21:39:45Z","Sleeper","Xavier Legette","CAR","WR",1.948,2.508,3.068,3.068,NA,NA,NA,NA,NA,NA
"2026-09-29T21:39:45Z","Sleeper","Olamide Zaccheaus","ATL","WR",1.961,2.466,2.971,2.981,NA,NA,NA,NA,NA,NA
"2026-09-29T21:39:45Z","Sleeper","Calvin Ridley","TEN","WR",1.828,2.343,2.858,2.858,NA,NA,NA,NA,NA,NA
"2026-09-29T21:39:45Z","Sleeper","Kevin Coleman","MIA","WR",1.731,2.221,2.711,2.711,NA,NA,NA,NA,NA,NA
"2026-09-29T21:39:45Z","Sleeper","Tez Johnson","TB","WR",1.757,2.202,2.647,2.647,NA,NA,NA,NA,NA,NA
"2026-09-29T21:39:45Z","Sleeper","KaVontae Turpin","DAL","WR",1.714,2.049,2.384,2.394,NA,NA,NA,NA,NA,NA
"2026-09-29T21:39:45Z","Sleeper","Troy Franklin","DEN","WR",1.55,1.995,2.44,2.44,NA,NA,NA,NA,NA,NA
"2026-09-29T21:39:45Z","Sleeper","Jacob Cowing","SF","WR",1.513,1.978,2.443,2.443,NA,NA,NA,NA,NA,NA
"2026-09-29T21:39:45Z","Sleeper","Jared Wayne","HOU","WR",1.47,1.925,2.38,2.38,NA,NA,NA,NA,NA,NA
"2026-09-29T21:39:45Z","Sleeper","Germie Bernard","PIT","WR",1.485,1.91,2.335,2.335,NA,NA,NA,NA,NA,NA
"2026-09-29T21:39:45Z","Sleeper","Joshua Palmer","BUF","WR",1.406,1.871,2.336,2.336,NA,NA,NA,NA,NA,NA
"2026-09-29T21:39:45Z","Sleeper","Darius Cooper","PHI","WR",1.359,1.859,2.359,2.359,NA,NA,NA,NA,NA,NA
"2026-09-29T21:39:45Z","Sleeper","Konata Mumpfield","LA","WR",1.462,1.837,2.212,2.212,NA,NA,NA,NA,NA,NA
"2026-09-29T21:39:45Z","Sleeper","Jaylin Noel","HOU","WR",1.465,1.8,2.135,2.135,NA,NA,NA,NA,NA,NA
"2026-09-29T21:39:45Z","Sleeper","Isaiah Bond","CLE","WR",1.468,1.768,2.068,2.068,NA,NA,NA,NA,NA,NA
"2026-09-29T22:47:44Z","ECR","Josh Allen","BUF","QB",NA,NA,22.5,NA,1,1,0,1,1,"2026-09-29"
"2026-09-29T22:47:44Z","ECR","Lamar Jackson","BAL","QB",NA,NA,21.5,NA,2,2.11,0.31,2,3,"2026-09-29"
"2026-09-29T22:47:44Z","ECR","Patrick Mahomes II","KC","QB",NA,NA,20.8,NA,3,3.11,0.57,2,4,"2026-09-29"
"2026-09-29T22:47:44Z","ECR","Trevor Lawrence","JAX","QB",NA,NA,20.2,NA,4,4.22,0.79,3,6,"2026-09-29"
"2026-09-29T22:47:44Z","ECR","Jalen Hurts","PHI","QB",NA,NA,19.7,NA,5,6,1.15,5,8,"2026-09-29"
"2026-09-29T22:47:44Z","ECR","Jared Goff","DET","QB",NA,NA,19.4,NA,6,6.67,1.33,5,9,"2026-09-29"
"2026-09-29T22:47:44Z","ECR","Joe Burrow","CIN","QB",NA,NA,19.2,NA,7,6.78,1.47,5,9,"2026-09-29"
"2026-09-29T22:47:44Z","ECR","Brock Purdy","SF","QB",NA,NA,19,NA,8,7.11,0.74,6,8,"2026-09-29"
"2026-09-29T22:47:44Z","ECR","Tyler Shough","NO","QB",NA,NA,18.7,NA,9,9.11,1.29,7,11,"2026-09-29"
"2026-09-29T22:47:44Z","ECR","Dak Prescott","DAL","QB",NA,NA,18.3,NA,10,9.33,1.33,6,11,"2026-09-29"
"2026-09-29T22:47:44Z","ECR","Bryce Young","CAR","QB",NA,NA,18,NA,11,11.33,1.25,10,14,"2026-09-29"
"2026-09-29T22:47:44Z","ECR","Jordan Love","GB","QB",NA,NA,17.8,NA,12,12.67,0.82,12,14,"2026-09-29"
"2026-09-29T22:47:44Z","ECR","Kyler Murray","MIN","QB",NA,NA,17.5,NA,13,13.67,1.05,12,15,"2026-09-29"
"2026-09-29T22:47:44Z","ECR","Drake Maye","NE","QB",NA,NA,17.3,NA,14,14,1.49,13,17,"2026-09-29"
"2026-09-29T22:47:44Z","ECR","Matthew Stafford","LA","QB",NA,NA,17,NA,15,14.78,1.31,12,17,"2026-09-29"
"2026-09-29T22:47:44Z","ECR","Bo Nix","DEN","QB",NA,NA,16.8,NA,16,15.44,1.89,12,19,"2026-09-29"
"2026-09-29T22:47:44Z","ECR","C.J. Stroud","HOU","QB",NA,NA,16.4,NA,17,17.56,1.34,16,21,"2026-09-29"
"2026-09-29T22:47:44Z","ECR","Geno Smith","NYJ","QB",NA,NA,16.1,NA,18,18.44,0.96,17,20,"2026-09-29"
"2026-09-29T22:47:44Z","ECR","Marcus Mariota","WAS","QB",NA,NA,15.7,NA,19,19.22,1.81,17,23,"2026-09-29"
"2026-09-29T22:47:44Z","ECR","Daniel Jones","IND","QB",NA,NA,15.4,NA,20,20.22,1.31,19,23,"2026-09-29"
"2026-09-29T22:47:44Z","ECR","Jacoby Brissett","ARI","QB",NA,NA,15.1,NA,21,20.78,0.63,20,22,"2026-09-29"
"2026-09-29T22:47:44Z","ECR","Justin Herbert","LAC","QB",NA,NA,14.8,NA,22,22,1.63,18,24,"2026-09-29"
"2026-09-29T22:47:44Z","ECR","Sam Darnold","SEA","QB",NA,NA,14.6,NA,23,22.22,1.4,19,24,"2026-09-29"
"2026-09-29T22:47:44Z","ECR","Kirk Cousins","LV","QB",NA,NA,14.4,NA,24,24,1.25,21,26,"2026-09-29"
"2026-09-29T22:47:44Z","ECR","Michael Penix Jr.","ATL","QB",NA,NA,14.1,NA,25,25.33,1.05,24,27,"2026-09-29"
"2026-09-29T22:47:44Z","ECR","Jameis Winston","NYG","QB",NA,NA,13.9,NA,26,26.89,1.79,25,31,"2026-09-29"
"2026-09-29T22:47:44Z","ECR","Malik Willis","MIA","QB",NA,NA,13.6,NA,27,27,1.49,25,30,"2026-09-29"
"2026-09-29T22:47:44Z","ECR","Deshaun Watson","CLE","QB",NA,NA,13.2,NA,28,27.89,0.74,27,29,"2026-09-29"
"2026-09-29T22:47:44Z","ECR","Aaron Rodgers","PIT","QB",NA,NA,12.7,NA,29,28.67,1.15,26,30,"2026-09-29"
"2026-09-29T22:47:44Z","ECR","Jalon Daniels","TB","QB",NA,NA,11.7,NA,30,31.67,0.94,31,34,"2026-09-29"
"2026-09-29T22:47:44Z","ECR","Cam Ward","TEN","QB",NA,NA,10.6,NA,31,30.88,1.05,29,32,"2026-09-29"
"2026-09-29T22:47:44Z","ECR","Tyson Bagent","CHI","QB",NA,NA,9.3,NA,32,30.57,1.59,28,33,"2026-09-29"
"2026-09-29T22:47:44Z","ECR","Case Keenum","CHI","QB",NA,NA,7.9,NA,33,35.67,6.16,30,49,"2026-09-29"
"2026-09-29T22:47:44Z","ECR","Drew Lock","SEA","QB",NA,NA,0.9,NA,34,34.4,0.8,33,35,"2026-09-29"
"2026-09-29T22:47:44Z","ECR","Shedeur Sanders","CLE","QB",NA,NA,0.8,NA,35,35.5,1.5,34,37,"2026-09-29"
"2026-09-29T22:47:44Z","ECR","Justin Fields","KC","QB",NA,NA,0.5,NA,36,38,1,37,39,"2026-09-29"
"2026-09-29T22:47:44Z","ECR","Anthony Richardson Sr.","IND","QB",NA,NA,0.5,NA,37,40,0,40,40,"2026-09-29"
"2026-09-29T22:47:44Z","ECR","Joe Flacco","CIN","QB",NA,NA,0.5,NA,38,42.5,0.5,42,43,"2026-09-29"
"2026-09-29T22:47:44Z","ECR","Fernando Mendoza","LV","QB",NA,NA,0.5,NA,39,43,7,36,50,"2026-09-29"
"2026-09-29T22:47:44Z","ECR","J.J. McCarthy","NYG","QB",NA,NA,0.5,NA,40,43,5,38,48,"2026-09-29"
"2026-09-29T22:47:44Z","ECR","Jahmyr Gibbs","DET","RB",NA,NA,25.5,NA,1,1,0,1,1,"2026-09-29"
"2026-09-29T22:47:44Z","ECR","Bijan Robinson","ATL","RB",NA,NA,21.9,NA,2,2.13,0.33,2,3,"2026-09-29"
"2026-09-29T22:47:44Z","ECR","Kenneth Walker III","KC","RB",NA,NA,21.3,NA,3,2.88,0.33,2,3,"2026-09-29"
"2026-09-29T22:47:44Z","ECR","Derrick Henry","BAL","RB",NA,NA,19.5,NA,4,4.38,0.48,4,5,"2026-09-29"
"2026-09-29T22:47:44Z","ECR","Christian McCaffrey","SF","RB",NA,NA,19,NA,5,4.63,0.48,4,5,"2026-09-29"
"2026-09-29T22:47:44Z","ECR","Jonathan Taylor","IND","RB",NA,NA,18.9,NA,6,7,1,6,9,"2026-09-29"
"2026-09-29T22:47:44Z","ECR","James Cook III","BUF","RB",NA,NA,17.7,NA,7,7.88,0.93,7,9,"2026-09-29"
"2026-09-29T22:47:44Z","ECR","Ashton Jeanty","LV","RB",NA,NA,16.7,NA,8,8.13,1.54,6,11,"2026-09-29"
"2026-09-29T22:47:44Z","ECR","Jeremiyah Love","ARI","RB",NA,NA,16.7,NA,9,9.75,0.97,8,11,"2026-09-29"
"2026-09-29T22:47:44Z","ECR","Chase Brown","CIN","RB",NA,NA,16.4,NA,10,9.88,2.37,6,14,"2026-09-29"
"2026-09-29T22:47:44Z","ECR","Saquon Barkley","PHI","RB",NA,NA,16.1,NA,11,11.75,2.82,8,15,"2026-09-29"
"2026-09-29T22:47:44Z","ECR","Jaylen Warren","PIT","RB",NA,NA,16,NA,12,12.25,2.17,9,15,"2026-09-29"
"2026-09-29T22:47:44Z","ECR","Chuba Hubbard","CAR","RB",NA,NA,15.8,NA,13,12.5,0.87,11,14,"2026-09-29"
"2026-09-29T22:47:44Z","ECR","Kyren Williams","LA","RB",NA,NA,14.9,NA,14,12.75,1.3,10,14,"2026-09-29"
"2026-09-29T22:47:44Z","ECR","Aaron Jones Sr.","MIN","RB",NA,NA,14.4,NA,15,15,1.5,13,18,"2026-09-29"
"2026-09-29T22:47:44Z","ECR","D'Andre Swift","CHI","RB",NA,NA,14.4,NA,16,15.25,1.09,13,16,"2026-09-29"
"2026-09-29T22:47:44Z","ECR","Javonte Williams","DAL","RB",NA,NA,14.3,NA,17,16.63,1.65,13,18,"2026-09-29"
"2026-09-29T22:47:44Z","ECR","Cam Skattebo","NYG","RB",NA,NA,14.1,NA,18,18.5,1.22,17,21,"2026-09-29"
"2026-09-29T22:47:44Z","ECR","Bucky Irving","TB","RB",NA,NA,13.9,NA,19,19.5,1.41,17,21,"2026-09-29"
"2026-09-29T22:47:44Z","ECR","Bhayshul Tuten","JAX","RB",NA,NA,13.9,NA,20,19.5,0.87,18,21,"2026-09-29"
"2026-09-29T22:47:44Z","ECR","Omarion Hampton","LAC","RB",NA,NA,13.6,NA,21,21.75,2.22,19,26,"2026-09-29"
"2026-09-29T22:47:44Z","ECR","David Montgomery","HOU","RB",NA,NA,11.8,NA,22,21.88,0.6,21,23,"2026-09-29"
"2026-09-29T22:47:44Z","ECR","Braelon Allen","NYJ","RB",NA,NA,11.5,NA,23,22.63,2.06,20,26,"2026-09-29"
"2026-09-29T22:47:44Z","ECR","Quinshon Judkins","CLE","RB",NA,NA,11.3,NA,24,24,0.5,23,25,"2026-09-29"
"2026-09-29T22:47:44Z","ECR","TreVeyon Henderson","NE","RB",NA,NA,11.1,NA,25,25.63,2.34,23,30,"2026-09-29"
"2026-09-29T22:47:44Z","ECR","Jacory Croskey-Merritt","WAS","RB",NA,NA,11,NA,26,26.38,3.16,22,31,"2026-09-29"
"2026-09-29T22:47:44Z","ECR","Rhamondre Stevenson","NE","RB",NA,NA,10.1,NA,27,26.63,0.86,26,28,"2026-09-29"
"2026-09-29T22:47:44Z","ECR","Tony Pollard","TEN","RB",NA,NA,10.1,NA,28,28.25,0.97,27,30,"2026-09-29"
"2026-09-29T22:47:44Z","ECR","RJ Harvey","DEN","RB",NA,NA,10.1,NA,29,28.5,1.94,26,32,"2026-09-29"
"2026-09-29T22:47:44Z","ECR","J.K. Dobbins","DEN","RB",NA,NA,9.7,NA,30,29.38,1.41,26,31,"2026-09-29"
"2026-09-29T22:47:44Z","ECR","Jadarian Price","SEA","RB",NA,NA,9.5,NA,31,31,0.71,30,32,"2026-09-29"
"2026-09-29T22:47:44Z","ECR","Kyle Monangai","CHI","RB",NA,NA,9.5,NA,32,33.5,2.35,29,37,"2026-09-29"
"2026-09-29T22:47:44Z","ECR","Woody Marks","HOU","RB",NA,NA,9.3,NA,33,33.5,1.22,32,36,"2026-09-29"
"2026-09-29T22:47:44Z","ECR","Alvin Kamara","NO","RB",NA,NA,8.8,NA,34,34.63,4.5,31,46,"2026-09-29"
"2026-09-29T22:47:44Z","ECR","Rachaad White","WAS","RB",NA,NA,8.1,NA,35,34.63,0.7,34,36,"2026-09-29"
"2026-09-29T22:47:44Z","ECR","Ollie Gordon II","MIA","RB",NA,NA,8,NA,36,35,1.94,32,38,"2026-09-29"
"2026-09-29T22:47:44Z","ECR","Blake Corum","LA","RB",NA,NA,7.9,NA,37,36.63,1.58,35,39,"2026-09-29"
"2026-09-29T22:47:44Z","ECR","Tyler Allgeier","ARI","RB",NA,NA,7.9,NA,38,39.38,1.8,38,44,"2026-09-29"
"2026-09-29T22:47:44Z","ECR","Emmett Johnson","KC","RB",NA,NA,7.9,NA,39,40.63,4.9,37,53,"2026-09-29"
"2026-09-29T22:47:44Z","ECR","Kaelon Black","SF","RB",NA,NA,7.8,NA,40,40.88,1.05,40,43,"2026-09-29"
"2026-09-29T22:47:44Z","ECR","Chris Rodriguez Jr.","JAX","RB",NA,NA,7.7,NA,41,42.88,0.6,42,44,"2026-09-29"
"2026-09-29T22:47:44Z","ECR","Kenny Gainwell","TB","RB",NA,NA,7.6,NA,42,43,2,41,48,"2026-09-29"
"2026-09-29T22:47:44Z","ECR","Kaleb Johnson","GB","RB",NA,NA,6.9,NA,43,43,2.35,41,46,"2026-09-29"
"2026-09-29T22:47:44Z","ECR","Keaton Mitchell","LAC","RB",NA,NA,6.7,NA,44,43.5,4,38,51,"2026-09-29"
"2026-09-29T22:47:44Z","ECR","Mike Washington Jr.","LV","RB",NA,NA,6.6,NA,45,44.38,2.64,38,47,"2026-09-29"
"2026-09-29T22:47:44Z","ECR","Tyjae Spears","TEN","RB",NA,NA,6,NA,46,45.13,1.54,44,48,"2026-09-29"
"2026-09-29T22:47:44Z","ECR","Emanuel Wilson","SEA","RB",NA,NA,5.9,NA,47,46.75,2.86,40,49,"2026-09-29"
"2026-09-29T22:47:44Z","ECR","MarShawn Lloyd","GB","RB",NA,NA,5.8,NA,48,48.13,1.45,45,50,"2026-09-29"
"2026-09-29T22:47:44Z","ECR","Justice Hill","BAL","RB",NA,NA,5.8,NA,49,48.5,1.5,47,52,"2026-09-29"
"2026-09-29T22:47:44Z","ECR","Brian Robinson Jr.","ATL","RB",NA,NA,5.8,NA,50,50.38,2.12,46,54,"2026-09-29"
"2026-09-29T22:47:44Z","ECR","Kendre Miller","NO","RB",NA,NA,5.7,NA,51,51.25,5.4,41,59,"2026-09-29"
"2026-09-29T22:47:44Z","ECR","George Holani","SEA","RB",NA,NA,5.5,NA,52,51.88,1.83,50,55,"2026-09-29"
"2026-09-29T22:47:44Z","ECR","Najee Harris","NYG","RB",NA,NA,5.5,NA,53,54.25,1.98,52,58,"2026-09-29"
"2026-09-29T22:47:44Z","ECR","Ty Johnson","BUF","RB",NA,NA,5.3,NA,54,58.63,6.4,52,69,"2026-09-29"
"2026-09-29T22:47:44Z","ECR","Chris Brooks","GB","RB",NA,NA,5.2,NA,55,55,3.55,51,62,"2026-09-29"
"2026-09-29T22:47:44Z","ECR","Samaje Perine","CIN","RB",NA,NA,5.1,NA,56,55.86,2.23,53,59,"2026-09-29"
"2026-09-29T22:47:44Z","ECR","Raheim Sanders","CLE","RB",NA,NA,4.9,NA,57,56.14,0.83,55,57,"2026-09-29"
"2026-09-29T22:47:44Z","ECR","Tank Bigsby","PHI","RB",NA,NA,4.8,NA,58,61.14,4.45,57,71,"2026-09-29"
"2026-09-29T22:47:44Z","ECR","Sione Vaki","DET","RB",NA,NA,4.4,NA,59,60.67,2.87,59,67,"2026-09-29"
"2026-09-29T22:47:44Z","ECR","Will Shipley","PHI","RB",NA,NA,4.3,NA,60,61.83,1.67,60,65,"2026-09-29"
"2026-09-29T22:47:44Z","ECR","Breece Hall","NYJ","RB",NA,NA,4,NA,61,58.2,7.91,46,67,"2026-09-29"
"2026-09-29T22:47:44Z","ECR","DeeJay Dallas","MIN","RB",NA,NA,3.8,NA,62,61.8,1.47,60,64,"2026-09-29"
"2026-09-29T22:47:44Z","ECR","Demond Claiborne","MIN","RB",NA,NA,3.4,NA,63,64.2,2.48,60,67,"2026-09-29"
"2026-09-29T22:47:44Z","ECR","AJ Dillon","CAR","RB",NA,NA,3.2,NA,64,64.6,3.38,62,71,"2026-09-29"
"2026-09-29T22:47:44Z","ECR","Isaiah Davis","NYJ","RB",NA,NA,3.2,NA,65,68.83,8.78,54,80,"2026-09-29"
"2026-09-29T22:47:44Z","ECR","Kyle Juszczyk","SF","RB",NA,NA,3.2,NA,66,65.4,1.62,63,67,"2026-09-29"
"2026-09-29T22:47:44Z","ECR","Ray Davis","BUF","RB",NA,NA,3,NA,67,65.6,1.36,64,68,"2026-09-29"
"2026-09-29T22:47:44Z","ECR","Jaylen Wright","MIA","RB",NA,NA,2.7,NA,68,69.2,12.12,48,82,"2026-09-29"
"2026-09-29T22:47:44Z","ECR","Kimani Vidal","LAC","RB",NA,NA,2.5,NA,69,69.8,3.12,64,73,"2026-09-29"
"2026-09-29T22:47:44Z","ECR","Tyrone Tracy Jr.","NYG","RB",NA,NA,2.5,NA,70,70.2,1.33,68,72,"2026-09-29"
"2026-09-29T22:47:44Z","ECR","Emari Demercado","DAL","RB",NA,NA,2.3,NA,71,70.8,1.94,68,73,"2026-09-29"
"2026-09-29T22:47:44Z","ECR","LeQuint Allen Jr.","JAX","RB",NA,NA,2.2,NA,72,72.6,1.5,70,74,"2026-09-29"
"2026-09-29T22:47:44Z","ECR","Kaytron Allen","WAS","RB",NA,NA,1.9,NA,73,72.8,2.14,70,76,"2026-09-29"
"2026-09-29T22:47:44Z","ECR","Nicholas Singleton","TEN","RB",NA,NA,1.8,NA,74,74.8,3.37,69,79,"2026-09-29"
"2026-09-29T22:47:44Z","ECR","Jacob Saylors","DET","RB",NA,NA,1.4,NA,75,77.4,5.35,68,84,"2026-09-29"
"2026-09-29T22:47:44Z","ECR","Sean Tucker","TB","RB",NA,NA,1.3,NA,76,75.25,0.83,74,76,"2026-09-29"
"2026-09-29T22:47:44Z","ECR","Seth McGowan","IND","RB",NA,NA,1.3,NA,77,78,1.1,77,80,"2026-09-29"
"2026-09-29T22:47:44Z","ECR","Travis Homer","PIT","RB",NA,NA,1.2,NA,78,75,3.27,71,79,"2026-09-29"
"2026-09-29T22:47:44Z","ECR","Tyler Badie","DEN","RB",NA,NA,1.1,NA,79,78.5,7.63,66,86,"2026-09-29"
"2026-09-29T22:47:44Z","ECR","Brashard Smith","KC","RB",NA,NA,1,NA,80,79,2.12,76,81,"2026-09-29"
"2026-09-29T22:47:44Z","ECR","Brock Bowers","LV","TE",NA,NA,18.6,NA,1,1.38,0.48,1,2,"2026-09-29"
"2026-09-29T22:47:44Z","ECR","Trey McBride","ARI","TE",NA,NA,16,NA,2,1.63,0.48,1,2,"2026-09-29"
"2026-09-29T22:47:44Z","ECR","Travis Kelce","KC","TE",NA,NA,13.6,NA,3,4.38,1.87,3,9,"2026-09-29"
"2026-09-29T22:47:44Z","ECR","George Kittle","SF","TE",NA,NA,12.9,NA,4,4.63,2.23,3,10,"2026-09-29"
"2026-09-29T22:47:44Z","ECR","Dalton Kincaid","BUF","TE",NA,NA,12.2,NA,5,5.13,0.6,4,6,"2026-09-29"
"2026-09-29T22:47:44Z","ECR","Sam LaPorta","DET","TE",NA,NA,12,NA,6,5.75,1.2,4,7,"2026-09-29"
"2026-09-29T22:47:44Z","ECR","Tyler Warren","IND","TE",NA,NA,11.7,NA,7,6.25,0.66,5,7,"2026-09-29"
"2026-09-29T22:47:44Z","ECR","Juwan Johnson","NO","TE",NA,NA,11.7,NA,8,8.25,0.43,8,9,"2026-09-29"
"2026-09-29T22:47:44Z","ECR","Tucker Kraft","GB","TE",NA,NA,11.4,NA,9,9.75,1.3,7,11,"2026-09-29"
"2026-09-29T22:47:44Z","ECR","Dalton Schultz","HOU","TE",NA,NA,11.2,NA,10,10.38,2.87,7,16,"2026-09-29"
"2026-09-29T22:47:44Z","ECR","Harold Fannin Jr.","CLE","TE",NA,NA,10.8,NA,11,11.25,1.48,8,13,"2026-09-29"
"2026-09-29T22:47:44Z","ECR","Isaiah Likely","NYG","TE",NA,NA,10.1,NA,12,11.5,0.87,10,13,"2026-09-29"
"2026-09-29T22:47:44Z","ECR","Kenyon Sadiq","NYJ","TE",NA,NA,10.1,NA,13,12.75,2.33,9,16,"2026-09-29"
"2026-09-29T22:47:44Z","ECR","Colston Loveland","CHI","TE",NA,NA,10.1,NA,14,13.88,1.27,11,15,"2026-09-29"
"2026-09-29T22:47:44Z","ECR","Mark Andrews","BAL","TE",NA,NA,9.9,NA,15,15.25,1.98,13,18,"2026-09-29"
"2026-09-29T22:47:44Z","ECR","Darren Waller","CAR","TE",NA,NA,9.1,NA,16,16.38,1.58,15,19,"2026-09-29"
"2026-09-29T22:47:44Z","ECR","Jake Ferguson","DAL","TE",NA,NA,8.6,NA,17,17.5,2,14,21,"2026-09-29"
"2026-09-29T22:47:44Z","ECR","Kyle Pitts Sr.","ATL","TE",NA,NA,8.5,NA,18,18.88,1.83,16,22,"2026-09-29"
"2026-09-29T22:47:44Z","ECR","Pat Freiermuth","PIT","TE",NA,NA,8.5,NA,19,19.25,2.11,17,24,"2026-09-29"
"2026-09-29T22:47:44Z","ECR","Hunter Henry","NE","TE",NA,NA,8.5,NA,20,20.5,0.87,20,22,"2026-09-29"
"2026-09-29T22:47:44Z","ECR","Brenton Strange","JAX","TE",NA,NA,8.3,NA,21,20.75,2.33,17,23,"2026-09-29"
"2026-09-29T22:47:44Z","ECR","T.J. Hockenson","MIN","TE",NA,NA,8.2,NA,22,22.5,1.32,21,25,"2026-09-29"
"2026-09-29T22:47:44Z","ECR","Tyler Higbee","LA","TE",NA,NA,8,NA,23,23.25,6.1,17,34,"2026-09-29"
"2026-09-29T22:47:44Z","ECR","Oronde Gadsden II","LAC","TE",NA,NA,7.8,NA,24,23.38,1.41,21,25,"2026-09-29"
"2026-09-29T22:47:44Z","ECR","AJ Barner","SEA","TE",NA,NA,7.2,NA,25,24.38,0.48,24,25,"2026-09-29"
"2026-09-29T22:47:44Z","ECR","Mike Gesicki","CIN","TE",NA,NA,7.1,NA,26,26.5,0.71,26,28,"2026-09-29"
"2026-09-29T22:47:44Z","ECR","Evan Engram","DEN","TE",NA,NA,7,NA,27,27.88,1.69,25,31,"2026-09-29"
"2026-09-29T22:47:44Z","ECR","Michael Mayer","LV","TE",NA,NA,6.8,NA,28,29.75,2.11,28,35,"2026-09-29"
"2026-09-29T22:47:44Z","ECR","Cade Otton","TB","TE",NA,NA,6.7,NA,29,30.25,2.22,27,34,"2026-09-29"
"2026-09-29T22:47:44Z","ECR","Greg Dulcich","MIA","TE",NA,NA,6.3,NA,30,30.75,1.98,26,33,"2026-09-29"
"2026-09-29T22:47:44Z","ECR","Darnell Washington","PIT","TE",NA,NA,6.3,NA,31,31.43,1.59,29,34,"2026-09-29"
"2026-09-29T22:47:44Z","ECR","Terrance Ferguson","LA","TE",NA,NA,6.2,NA,32,25.2,6.18,15,33,"2026-09-29"
"2026-09-29T22:47:44Z","ECR","Gunnar Helm","TEN","TE",NA,NA,5.8,NA,33,32,1.41,29,33,"2026-09-29"
"2026-09-29T22:47:44Z","ECR","Colby Parkinson","LA","TE",NA,NA,5.5,NA,34,34.5,3.4,30,41,"2026-09-29"
"2026-09-29T22:47:44Z","ECR","Zach Ertz","PHI","TE",NA,NA,4.6,NA,35,34.5,0.96,33,36,"2026-09-29"
"2026-09-29T22:47:44Z","ECR","Noah Fant","NO","TE",NA,NA,4.5,NA,36,33.33,7.41,25,43,"2026-09-29"
"2026-09-29T22:47:44Z","ECR","Cole Kmet","CHI","TE",NA,NA,4.4,NA,37,37,1,36,38,"2026-09-29"
"2026-09-29T22:47:44Z","ECR","Theo Johnson","NYG","TE",NA,NA,4.2,NA,38,37.5,0.5,37,38,"2026-09-29"
"2026-09-29T22:47:44Z","ECR","Elijah Arroyo","SEA","TE",NA,NA,4.1,NA,39,42.5,2.5,40,45,"2026-09-29"
"2026-09-29T22:47:44Z","ECR","Tommy Tremble","CAR","TE",NA,NA,4.1,NA,40,42.5,0.5,42,43,"2026-09-29"
"2026-09-29T22:47:44Z","ECR","Noah Gray","KC","TE",NA,NA,4.1,NA,41,44,5,39,49,"2026-09-29"
"2026-09-29T22:47:44Z","ECR","Marlin Klein","HOU","TE",NA,NA,3.6,NA,42,47.5,8.5,39,56,"2026-09-29"
"2026-09-29T22:47:44Z","ECR","Erick All Jr.","CIN","TE",NA,NA,3.6,NA,43,47.5,3.5,44,51,"2026-09-29"
"2026-09-29T22:47:44Z","ECR","Matt Hibner","BAL","TE",NA,NA,3.6,NA,44,48,14,34,62,"2026-09-29"
"2026-09-29T22:47:44Z","ECR","Daniel Bellinger","TEN","TE",NA,NA,3.6,NA,45,50,1,49,51,"2026-09-29"
"2026-09-29T22:47:44Z","ECR","Drew Sample","CIN","TE",NA,NA,3.6,NA,46,50,0,50,50,"2026-09-29"
"2026-09-29T22:47:44Z","ECR","Ben Sinnott","WAS","TE",NA,NA,3.5,NA,47,50.5,10.5,40,61,"2026-09-29"
"2026-09-29T22:47:44Z","ECR","Dawson Knox","BUF","TE",NA,NA,3.1,NA,48,51.5,5.5,46,57,"2026-09-29"
"2026-09-29T22:47:44Z","ECR","Jonnu Smith","GB","TE",NA,NA,2.6,NA,49,56.5,2.5,54,59,"2026-09-29"
"2026-09-29T22:47:44Z","ECR","Luke Schoonmaker","DAL","TE",NA,NA,1.9,NA,50,59.5,1.5,58,61,"2026-09-29"
"2026-09-29T22:47:44Z","ECR","Jaxon Smith-Njigba","SEA","WR",NA,NA,21.8,NA,1,1.13,0.33,1,2,"2026-09-29"
"2026-09-29T22:47:44Z","ECR","Ja'Marr Chase","CIN","WR",NA,NA,20.2,NA,2,2.13,0.6,1,3,"2026-09-29"
"2026-09-29T22:47:44Z","ECR","Amon-Ra St. Brown","DET","WR",NA,NA,19.9,NA,3,2.63,0.48,2,3,"2026-09-29"
"2026-09-29T22:47:44Z","ECR","Chris Olave","NO","WR",NA,NA,19.3,NA,4,4.38,0.99,4,7,"2026-09-29"
"2026-09-29T22:47:44Z","ECR","Garrett Wilson","NYJ","WR",NA,NA,17.6,NA,5,5.75,0.66,5,7,"2026-09-29"
"2026-09-29T22:47:44Z","ECR","CeeDee Lamb","DAL","WR",NA,NA,17.1,NA,6,6.75,1.3,5,8,"2026-09-29"
"2026-09-29T22:47:44Z","ECR","Drake London","ATL","WR",NA,NA,16.7,NA,7,6.88,0.78,5,8,"2026-09-29"
"2026-09-29T22:47:44Z","ECR","DeVonta Smith","PHI","WR",NA,NA,16.5,NA,8,9.63,1.49,8,13,"2026-09-29"
"2026-09-29T22:47:44Z","ECR","Zay Flowers","BAL","WR",NA,NA,16.2,NA,9,10.13,3.18,5,15,"2026-09-29"
"2026-09-29T22:47:44Z","ECR","Davante Adams","LA","WR",NA,NA,15.7,NA,10,11.38,3.74,8,20,"2026-09-29"
"2026-09-29T22:47:44Z","ECR","Christian Watson","GB","WR",NA,NA,15.7,NA,11,11.75,0.83,11,13,"2026-09-29"
"2026-09-29T22:47:44Z","ECR","Parker Washington","JAX","WR",NA,NA,15.2,NA,12,12.13,1.83,10,16,"2026-09-29"
"2026-09-29T22:47:44Z","ECR","George Pickens","DAL","WR",NA,NA,14.9,NA,13,13.25,2.05,9,16,"2026-09-29"
"2026-09-29T22:47:44Z","ECR","Tetairoa McMillan","CAR","WR",NA,NA,14.6,NA,14,13.5,1.12,12,15,"2026-09-29"
"2026-09-29T22:47:44Z","ECR","Rashee Rice","KC","WR",NA,NA,14.5,NA,15,16.75,1.85,15,21,"2026-09-29"
"2026-09-29T22:47:44Z","ECR","Tee Higgins","CIN","WR",NA,NA,14.3,NA,16,17.38,1.8,14,19,"2026-09-29"
"2026-09-29T22:47:44Z","ECR","Jaylen Waddle","DEN","WR",NA,NA,14.2,NA,17,18,2.12,16,22,"2026-09-29"
"2026-09-29T22:47:44Z","ECR","Matthew Golden","GB","WR",NA,NA,13.9,NA,18,18.5,1.41,17,21,"2026-09-29"
"2026-09-29T22:47:44Z","ECR","Malik Nabers","NYG","WR",NA,NA,13.8,NA,19,19.75,2.9,15,25,"2026-09-29"
"2026-09-29T22:47:44Z","ECR","Josh Downs","IND","WR",NA,NA,13.8,NA,20,20.75,1.98,18,23,"2026-09-29"
"2026-09-29T22:47:44Z","ECR","DJ Moore","BUF","WR",NA,NA,13.4,NA,21,22.5,1.66,20,26,"2026-09-29"
"2026-09-29T22:47:44Z","ECR","Ladd McConkey","LAC","WR",NA,NA,13.3,NA,22,22.5,1.66,20,25,"2026-09-29"
"2026-09-29T22:47:44Z","ECR","Michael Wilson","ARI","WR",NA,NA,12.5,NA,23,24.13,1.9,21,27,"2026-09-29"
"2026-09-29T22:47:44Z","ECR","Deebo Samuel Sr.","SF","WR",NA,NA,12.1,NA,24,24.5,3.46,20,30,"2026-09-29"
"2026-09-29T22:47:44Z","ECR","Devaughn Vele","NO","WR",NA,NA,12,NA,25,28.5,2.6,25,33,"2026-09-29"
"2026-09-29T22:47:44Z","ECR","Terry McLaurin","WAS","WR",NA,NA,12,NA,26,28.5,1.58,26,30,"2026-09-29"
"2026-09-29T22:47:44Z","ECR","DK Metcalf","PIT","WR",NA,NA,12,NA,27,28.63,2.5,24,32,"2026-09-29"
"2026-09-29T22:47:44Z","ECR","Stefon Diggs","WAS","WR",NA,NA,11.9,NA,28,29.25,3.8,25,36,"2026-09-29"
"2026-09-29T22:47:44Z","ECR","Jameson Williams","DET","WR",NA,NA,11.7,NA,29,29.63,1.32,28,32,"2026-09-29"
"2026-09-29T22:47:44Z","ECR","Jordan Addison","MIN","WR",NA,NA,11.4,NA,30,30.5,2.6,27,36,"2026-09-29"
"2026-09-29T22:47:44Z","ECR","Luther Burden III","CHI","WR",NA,NA,11.6,NA,31,30.63,1.93,27,33,"2026-09-29"
"2026-09-29T22:47:44Z","ECR","Emeka Egbuka","TB","WR",NA,NA,11,NA,32,33.38,1.11,32,35,"2026-09-29"
"2026-09-29T22:47:44Z","ECR","Denzel Boston","CLE","WR",NA,NA,10.9,NA,33,35.5,2,33,40,"2026-09-29"
"2026-09-29T22:47:44Z","ECR","Romeo Doubs","NE","WR",NA,NA,10.9,NA,34,37.13,3.18,32,42,"2026-09-29"
"2026-09-29T22:47:44Z","ECR","Keenan Allen","IND","WR",NA,NA,10.7,NA,35,38.13,2.62,35,44,"2026-09-29"
"2026-09-29T22:47:44Z","ECR","Nico Collins","HOU","WR",NA,NA,10.7,NA,36,26.86,16.63,9,53,"2026-09-29"
"2026-09-29T22:47:44Z","ECR","Dontayvion Wicks","PHI","WR",NA,NA,10.6,NA,37,39.75,5.38,34,52,"2026-09-29"
"2026-09-29T22:47:44Z","ECR","Jakobi Meyers","JAX","WR",NA,NA,10.5,NA,38,39.88,1.17,38,42,"2026-09-29"
"2026-09-29T22:47:44Z","ECR","Carnell Tate","TEN","WR",NA,NA,10.3,NA,39,40,1.32,37,41,"2026-09-29"
"2026-09-29T22:47:44Z","ECR","Rome Odunze","CHI","WR",NA,NA,10.4,NA,40,40.13,2.8,36,44,"2026-09-29"
"2026-09-29T22:47:44Z","ECR","Khalil Shakir","BUF","WR",NA,NA,10.3,NA,41,42.25,4.79,35,50,"2026-09-29"
"2026-09-29T22:47:44Z","ECR","Wan'Dale Robinson","TEN","WR",NA,NA,10.2,NA,42,42.5,1.5,39,44,"2026-09-29"
"2026-09-29T22:47:44Z","ECR","Malik Washington","MIA","WR",NA,NA,10.1,NA,43,43.13,3.26,38,47,"2026-09-29"
"2026-09-29T22:47:44Z","ECR","KC Concepcion Jr.","CLE","WR",NA,NA,9.8,NA,44,45.63,1.73,42,48,"2026-09-29"
"2026-09-29T22:47:44Z","ECR","Chris Godwin Jr.","TB","WR",NA,NA,9.8,NA,45,46,3,40,50,"2026-09-29"
"2026-09-29T22:47:44Z","ECR","Puka Nacua","LA","WR",NA,NA,9.6,NA,46,46.63,23.17,10,78,"2026-09-29"
"2026-09-29T22:47:44Z","ECR","Tre Tucker","LV","WR",NA,NA,9.6,NA,47,46.63,2,44,51,"2026-09-29"
"2026-09-29T22:47:44Z","ECR","Rashod Bateman","BAL","WR",NA,NA,9.5,NA,48,48.13,5.44,41,59,"2026-09-29"
"2026-09-29T22:47:44Z","ECR","Xavier Worthy","KC","WR",NA,NA,9.4,NA,49,48.25,4.15,43,55,"2026-09-29"
"2026-09-29T22:47:44Z","ECR","Courtland Sutton","DEN","WR",NA,NA,9.3,NA,50,49.25,1.09,48,51,"2026-09-29"
"2026-09-29T22:47:44Z","ECR","Brian Thomas Jr.","JAX","WR",NA,NA,9.2,NA,51,52.25,1.48,50,54,"2026-09-29"
"2026-09-29T22:47:44Z","ECR","Marvin Harrison Jr.","ARI","WR",NA,NA,8.7,NA,52,52.5,1.41,51,55,"2026-09-29"
"2026-09-29T22:47:44Z","ECR","Quentin Johnston","LAC","WR",NA,NA,8.7,NA,53,54,1.12,52,55,"2026-09-29"
"2026-09-29T22:47:44Z","ECR","Kalif Raymond","CHI","WR",NA,NA,8.3,NA,54,54.63,5.15,46,59,"2026-09-29"
"2026-09-29T22:47:44Z","ECR","Chris Bell","MIA","WR",NA,NA,8.3,NA,55,56,5.24,48,65,"2026-09-29"
"2026-09-29T22:47:44Z","ECR","Mack Hollins","NE","WR",NA,NA,8.2,NA,56,56.25,3.38,50,61,"2026-09-29"
"2026-09-29T22:47:44Z","ECR","Justin Jefferson","MIN","WR",NA,NA,8.1,NA,57,46.71,24.09,7,74,"2026-09-29"
"2026-09-29T22:47:44Z","ECR","Jalen Coker","CAR","WR",NA,NA,8.1,NA,58,48.57,18.55,27,79,"2026-09-29"
"2026-09-29T22:47:44Z","ECR","Ryan Flournoy","DAL","WR",NA,NA,8.1,NA,59,58.63,2.87,53,63,"2026-09-29"
"2026-09-29T22:47:44Z","ECR","Michael Pittman Jr.","PIT","WR",NA,NA,8,NA,60,59.13,5.6,49,68,"2026-09-29"
"2026-09-29T22:47:44Z","ECR","Kayshon Boutte","HOU","WR",NA,NA,7.9,NA,61,60.13,2.93,56,65,"2026-09-29"
"2026-09-29T22:47:44Z","ECR","Makai Lemon","PHI","WR",NA,NA,7.9,NA,62,60.25,3.11,54,63,"2026-09-29"
"2026-09-29T22:47:44Z","ECR","Xavier Hutchinson","HOU","WR",NA,NA,7.8,NA,63,60.75,3.93,57,69,"2026-09-29"
"2026-09-29T22:47:44Z","ECR","Tre' Harris","LAC","WR",NA,NA,7.5,NA,64,61.13,2.32,57,64,"2026-09-29"
"2026-09-29T22:47:44Z","ECR","Pat Bryant","DEN","WR",NA,NA,7.2,NA,65,62.25,5.07,50,67,"2026-09-29"
"2026-09-29T22:47:44Z","ECR","Kendrick Bourne","ARI","WR",NA,NA,7.2,NA,66,64.88,4.43,60,75,"2026-09-29"
"2026-09-29T22:47:44Z","ECR","Rashid Shaheed","SEA","WR",NA,NA,7.2,NA,67,64.88,1.62,63,68,"2026-09-29"
"2026-09-29T22:47:44Z","ECR","Malachi Fields","NYG","WR",NA,NA,7.1,NA,68,69.13,2.15,66,72,"2026-09-29"
"2026-09-29T22:47:44Z","ECR","Roman Wilson","PIT","WR",NA,NA,6.8,NA,69,69.13,1.17,67,71,"2026-09-29"
"2026-09-29T22:47:44Z","ECR","Jalen Nailor","LV","WR",NA,NA,6.8,NA,70,73.13,2.62,69,78,"2026-09-29"
"2026-09-29T22:47:44Z","ECR","Ted Hurst III","TB","WR",NA,NA,6.8,NA,71,73.5,2.55,69,77,"2026-09-29"
"2026-09-29T22:47:44Z","ECR","Jaylin Noel","HOU","WR",NA,NA,6.7,NA,72,75,8.06,70,96,"2026-09-29"
"2026-09-29T22:47:44Z","ECR","Isaiah Williams","NYJ","WR",NA,NA,6.6,NA,73,74.29,2.86,71,80,"2026-09-29"
"2026-09-29T22:47:44Z","ECR","DeMario Douglas","NE","WR",NA,NA,6.6,NA,74,75,3.55,68,80,"2026-09-29"
"2026-09-29T22:47:44Z","ECR","Cooper Kupp","SEA","WR",NA,NA,6.5,NA,75,76.57,9.13,66,97,"2026-09-29"
"2026-09-29T22:47:44Z","ECR","Tyquan Thornton","KC","WR",NA,NA,6.4,NA,76,77.29,5.95,70,87,"2026-09-29"
"2026-09-29T22:47:44Z","ECR","Mike Evans","SF","WR",NA,NA,6.3,NA,77,70.33,7.11,59,80,"2026-09-29"
"2026-09-29T22:47:44Z","ECR","Keon Coleman","BUF","WR",NA,NA,6.2,NA,78,79.14,8.61,71,99,"2026-09-29"
"2026-09-29T22:47:44Z","ECR","Antonio Williams","WAS","WR",NA,NA,6.2,NA,79,80.33,2.69,77,85,"2026-09-29"
"2026-09-29T22:47:44Z","ECR","Konata Mumpfield","LA","WR",NA,NA,6.2,NA,80,77.2,6.94,65,85,"2026-09-29"
"2026-09-29T22:47:44Z","ECR","Joshua Palmer","BUF","WR",NA,NA,6.1,NA,81,81.6,6.22,74,93,"2026-09-29"
"2026-09-29T22:47:44Z","ECR","Jauan Jennings","MIN","WR",NA,NA,6.1,NA,82,81.8,8.82,66,90,"2026-09-29"
"2026-09-29T22:47:44Z","ECR","Isaac TeSlaa","DET","WR",NA,NA,6,NA,83,82.8,9.64,67,97,"2026-09-29"
"2026-09-29T22:47:44Z","ECR","Elic Ayomanor","TEN","WR",NA,NA,6,NA,84,83,3.63,77,87,"2026-09-29"
"2026-09-29T22:47:44Z","ECR","Germie Bernard","PIT","WR",NA,NA,5.9,NA,85,83,4,78,89,"2026-09-29"
"2026-09-29T22:47:44Z","ECR","Jerry Jeudy","CLE","WR",NA,NA,5.9,NA,86,83.2,1.17,82,85,"2026-09-29"
"2026-09-29T22:47:44Z","ECR","Calvin Ridley","TEN","WR",NA,NA,5.7,NA,87,88.6,3.61,83,93,"2026-09-29"
"2026-09-29T22:47:44Z","ECR","Adonai Mitchell","NYJ","WR",NA,NA,5.7,NA,88,82.75,13.66,67,104,"2026-09-29"
"2026-09-29T22:47:44Z","ECR","Jahan Dotson","ATL","WR",NA,NA,5.7,NA,89,85,10.17,68,95,"2026-09-29"
"2026-09-29T22:47:44Z","ECR","Bryce Lance","NO","WR",NA,NA,5.4,NA,90,88.5,2.87,84,91,"2026-09-29"
"2026-09-29T22:47:44Z","ECR","Troy Franklin","DEN","WR",NA,NA,5.3,NA,91,91.25,6.3,81,98,"2026-09-29"
"2026-09-29T22:47:44Z","ECR","Laquon Treadwell","IND","WR",NA,NA,5.2,NA,92,91.5,13.57,79,114,"2026-09-29"
"2026-09-29T22:47:44Z","ECR","Darnell Mooney","NYG","WR",NA,NA,5.1,NA,93,91.5,1.8,89,94,"2026-09-29"
"2026-09-29T22:47:44Z","ECR","Zachariah Branch","ATL","WR",NA,NA,4.9,NA,94,93.25,1.79,91,96,"2026-09-29"
"2026-09-29T22:47:44Z","ECR","Olamide Zaccheaus","ATL","WR",NA,NA,4.9,NA,95,93.5,3.2,88,96,"2026-09-29"
"2026-09-29T22:47:44Z","ECR","Kyle Williams","NE","WR",NA,NA,4.8,NA,96,95,17.06,70,118,"2026-09-29"
"2026-09-29T22:47:44Z","ECR","Kevin Coleman Jr.","MIA","WR",NA,NA,4.8,NA,97,97.5,15.72,71,112,"2026-09-29"
"2026-09-29T22:47:44Z","ECR","Tez Johnson","TB","WR",NA,NA,4.7,NA,98,98.25,3.49,94,103,"2026-09-29"
"2026-09-29T22:47:44Z","ECR","KaVontae Turpin","DAL","WR",NA,NA,4.4,NA,99,103.5,5.5,97,112,"2026-09-29"
"2026-09-29T22:47:44Z","ECR","Travis Hunter","JAX","WR",NA,NA,4.2,NA,100,103.5,2.96,100,108,"2026-09-29"
"2026-09-29T22:47:44Z","ECR","Chimere Dike","TEN","WR",NA,NA,3.9,NA,101,104,4.12,99,109,"2026-09-29"
"2026-09-29T22:47:44Z","ECR","Elijah Sarratt","BAL","WR",NA,NA,3.9,NA,102,88.5,9.5,79,98,"2026-09-29"
"2026-09-29T22:47:44Z","ECR","Tutu Atwell","LA","WR",NA,NA,3.9,NA,103,106.75,7.26,99,118,"2026-09-29"
"2026-09-29T22:47:44Z","ECR","Jalen Tolbert","MIA","WR",NA,NA,3.5,NA,104,95.5,10.5,85,106,"2026-09-29"
"2026-09-29T22:47:44Z","ECR","Chris Moore","BAL","WR",NA,NA,3,NA,105,99,4,95,103,"2026-09-29"
"2026-09-29T22:47:44Z","ECR","Devontez Walker","BAL","WR",NA,NA,3,NA,106,99,2,97,101,"2026-09-29"
"2026-09-29T22:47:44Z","ECR","Cody White","LV","WR",NA,NA,2.8,NA,107,102,26,76,128,"2026-09-29"
"2026-09-29T22:47:44Z","ECR","Tory Horton","SEA","WR",NA,NA,2.7,NA,108,103.5,11.5,92,115,"2026-09-29"
"2026-09-29T22:47:44Z","ECR","Malik Benson","LV","WR",NA,NA,2.7,NA,109,104.5,18.5,86,123,"2026-09-29"
"2026-09-29T22:47:44Z","ECR","Jared Wayne","HOU","WR",NA,NA,2.3,NA,110,106.5,6.5,100,113,"2026-09-29"
"2026-09-29T22:47:44Z","ESPN","Josh Allen","BUF","QB",22.249310246,22.249310246,22.249310246,25.554357079,NA,NA,NA,NA,NA,NA
"2026-09-29T22:47:44Z","ESPN","Lamar Jackson","BAL","QB",21.124072739,21.124072739,21.124072739,24.222883242,NA,NA,NA,NA,NA,NA
"2026-09-29T22:47:44Z","ESPN","Bryce Young","CAR","QB",20.094670192,20.094670192,20.094670192,23.608112186,NA,NA,NA,NA,NA,NA
"2026-09-29T22:47:44Z","ESPN","Kyler Murray","MIN","QB",19.255970955,19.255970955,19.255970955,22.46135002,NA,NA,NA,NA,NA,NA
"2026-09-29T22:47:44Z","ESPN","Tyler Shough","NO","QB",18.848710753,18.848710753,18.848710753,22.239657809,NA,NA,NA,NA,NA,NA
"2026-09-29T22:47:44Z","ESPN","Patrick Mahomes","KC","QB",18.634967842,18.634967842,18.634967842,21.911204858,NA,NA,NA,NA,NA,NA
"2026-09-29T22:47:44Z","ESPN","Brock Purdy","SF","QB",18.633816903,18.633816903,18.633816903,22.253238426,NA,NA,NA,NA,NA,NA
"2026-09-29T22:47:44Z","ESPN","Trevor Lawrence","JAX","QB",18.440734051,18.440734051,18.440734051,21.990207191,NA,NA,NA,NA,NA,NA
"2026-09-29T22:47:44Z","ESPN","Marcus Mariota","WAS","QB",18.386892479,18.386892479,18.386892479,21.825697421,NA,NA,NA,NA,NA,NA
"2026-09-29T22:47:44Z","ESPN","Joe Burrow","CIN","QB",18.164953941,18.164953941,18.164953941,21.609979659,NA,NA,NA,NA,NA,NA
"2026-09-29T22:47:44Z","ESPN","Drake Maye","NE","QB",17.492480087,17.492480087,17.492480087,21.243092583,NA,NA,NA,NA,NA,NA
"2026-09-29T22:47:44Z","ESPN","Jalen Hurts","PHI","QB",17.482852348,17.482852348,17.482852348,20.767910395,NA,NA,NA,NA,NA,NA
"2026-09-29T22:47:44Z","ESPN","Jared Goff","DET","QB",17.370300998,17.370300998,17.370300998,20.677617632,NA,NA,NA,NA,NA,NA
"2026-09-29T22:47:44Z","ESPN","Dak Prescott","DAL","QB",17.158968967,17.158968967,17.158968967,20.505181408,NA,NA,NA,NA,NA,NA
"2026-09-29T22:47:44Z","ESPN","C.J. Stroud","HOU","QB",16.828082909,16.828082909,16.828082909,19.975263505,NA,NA,NA,NA,NA,NA
"2026-09-29T22:47:44Z","ESPN","Matthew Stafford","LA","QB",16.392023547,16.392023547,16.392023547,20.002328744,NA,NA,NA,NA,NA,NA
"2026-09-29T22:47:44Z","ESPN","Sam Darnold","SEA","QB",16.0510976649,16.0510976649,16.0510976649,19.5600616929,NA,NA,NA,NA,NA,NA
"2026-09-29T22:47:44Z","ESPN","Jacoby Brissett","ARI","QB",15.842702847,15.842702847,15.842702847,18.937617047,NA,NA,NA,NA,NA,NA
"2026-09-29T22:47:44Z","ESPN","Bo Nix","DEN","QB",15.263705955,15.263705955,15.263705955,18.519215124,NA,NA,NA,NA,NA,NA
"2026-09-29T22:47:44Z","ESPN","Daniel Jones","IND","QB",15.196085471,15.196085471,15.196085471,18.600090015,NA,NA,NA,NA,NA,NA
"2026-09-29T22:47:44Z","ESPN","Geno Smith","NYJ","QB",15.140330001,15.140330001,15.140330001,18.416884361,NA,NA,NA,NA,NA,NA
"2026-09-29T22:47:44Z","ESPN","Jordan Love","GB","QB",14.9348391402,14.9348391402,14.9348391402,18.4688726762,NA,NA,NA,NA,NA,NA
"2026-09-29T22:47:44Z","ESPN","Jalon Daniels","TB","QB",14.854751336,14.854751336,14.854751336,18.054475809,NA,NA,NA,NA,NA,NA
"2026-09-29T22:47:44Z","ESPN","Jameis Winston","NYG","QB",14.76533666,14.76533666,14.76533666,18.347085094,NA,NA,NA,NA,NA,NA
"2026-09-29T22:47:44Z","ESPN","Case Keenum","CHI","QB",14.75595999,14.75595999,14.75595999,18.270778819,NA,NA,NA,NA,NA,NA
"2026-09-29T22:47:44Z","ESPN","Michael Penix Jr.","ATL","QB",14.7098216975,14.7098216975,14.7098216975,17.9276312635,NA,NA,NA,NA,NA,NA
"2026-09-29T22:47:44Z","ESPN","Deshaun Watson","CLE","QB",14.561947619,14.561947619,14.561947619,17.514904443,NA,NA,NA,NA,NA,NA
"2026-09-29T22:47:44Z","ESPN","Kirk Cousins","LV","QB",13.9543746454,13.9543746454,13.9543746454,17.5180618714,NA,NA,NA,NA,NA,NA
"2026-09-29T22:47:44Z","ESPN","Aaron Rodgers","PIT","QB",13.717685421,13.717685421,13.717685421,16.801880313,NA,NA,NA,NA,NA,NA
"2026-09-29T22:47:44Z","ESPN","Cam Ward","TEN","QB",12.654450065,12.654450065,12.654450065,15.661998032,NA,NA,NA,NA,NA,NA
"2026-09-29T22:47:44Z","ESPN","Justin Herbert","LAC","QB",12.602894493,12.602894493,12.602894493,15.891458355,NA,NA,NA,NA,NA,NA
"2026-09-29T22:47:44Z","ESPN","Malik Willis","MIA","QB",11.688674125,11.688674125,11.688674125,14.854885206,NA,NA,NA,NA,NA,NA
"2026-09-29T22:47:44Z","ESPN","Caleb Williams","CHI","QB",0,0,0,0,NA,NA,NA,NA,NA,NA
"2026-09-29T22:47:44Z","ESPN","Jayden Daniels","WAS","QB",0,0,0,0,NA,NA,NA,NA,NA,NA
"2026-09-29T22:47:44Z","ESPN","Baker Mayfield","TB","QB",0,0,0,0,NA,NA,NA,NA,NA,NA
"2026-09-29T22:47:44Z","ESPN","Jaxson Dart","NYG","QB",0,0,0,0,NA,NA,NA,NA,NA,NA
"2026-09-29T22:47:44Z","ESPN","Fernando Mendoza","LV","QB",0,0,0,0,NA,NA,NA,NA,NA,NA
"2026-09-29T22:47:44Z","ESPN","Drew Lock","SEA","QB",0,0,0,0,NA,NA,NA,NA,NA,NA
"2026-09-29T22:47:44Z","ESPN","Carson Wentz","MIN","QB",0,0,0,0,NA,NA,NA,NA,NA,NA
"2026-09-29T22:47:44Z","ESPN","Shedeur Sanders","CLE","QB",0,0,0,0,NA,NA,NA,NA,NA,NA
"2026-09-29T22:47:44Z","ESPN","Jahmyr Gibbs","DET","RB",21.452098276,23.81425746,26.176416644,26.265568999,NA,NA,NA,NA,NA,NA
"2026-09-29T22:47:44Z","ESPN","Derrick Henry","BAL","RB",18.83843473,19.5354248585,20.232414987,20.336668573,NA,NA,NA,NA,NA,NA
"2026-09-29T22:47:44Z","ESPN","Bijan Robinson","ATL","RB",17.522626469,19.51279623,21.502965991,21.59878218,NA,NA,NA,NA,NA,NA
"2026-09-29T22:47:44Z","ESPN","Jonathan Taylor","IND","RB",17.480149719,18.922762829,20.365375939,20.455299202,NA,NA,NA,NA,NA,NA
"2026-09-29T22:47:44Z","ESPN","Kenneth Walker III","KC","RB",17.254712387,18.8690768395,20.483441292,20.543857282,NA,NA,NA,NA,NA,NA
"2026-09-29T22:47:44Z","ESPN","Christian McCaffrey","SF","RB",15.536876303,17.888587531,20.240298759,20.307031717,NA,NA,NA,NA,NA,NA
"2026-09-29T22:47:44Z","ESPN","Ashton Jeanty","LV","RB",14.248062482,16.534661876,18.82126127,18.899421827,NA,NA,NA,NA,NA,NA
"2026-09-29T22:47:44Z","ESPN","James Cook III","BUF","RB",15.511512347,16.484901059,17.458289771,17.57206866,NA,NA,NA,NA,NA,NA
"2026-09-29T22:47:44Z","ESPN","Aaron Jones Sr.","MIN","RB",15.037072539,16.1334631035,17.229853668,17.3460621,NA,NA,NA,NA,NA,NA
"2026-09-29T22:47:44Z","ESPN","Bucky Irving","TB","RB",14.182866463,15.442219652,16.701572841,16.773492268,NA,NA,NA,NA,NA,NA
"2026-09-29T22:47:44Z","ESPN","Cam Skattebo","NYG","RB",13.947349247,15.13534915,16.323349053,16.400848833,NA,NA,NA,NA,NA,NA
"2026-09-29T22:47:44Z","ESPN","Chuba Hubbard","CAR","RB",13.333573053,14.8413449105,16.349116768,16.422515885,NA,NA,NA,NA,NA,NA
"2026-09-29T22:47:44Z","ESPN","Chase Brown","CIN","RB",12.367905512,14.268870742,16.169835972,16.245181842,NA,NA,NA,NA,NA,NA
"2026-09-29T22:47:44Z","ESPN","Jeremiyah Love","ARI","RB",12.75182291,14.1332128355,15.514602761,15.592259368,NA,NA,NA,NA,NA,NA
"2026-09-29T22:47:44Z","ESPN","D'Andre Swift","CHI","RB",12.333005898,13.6113541215,14.889702345,14.957247076,NA,NA,NA,NA,NA,NA
"2026-09-29T22:47:44Z","ESPN","Javonte Williams","DAL","RB",11.989251099,13.2888280435,14.588404988,14.660359472,NA,NA,NA,NA,NA,NA
"2026-09-29T22:47:44Z","ESPN","Saquon Barkley","PHI","RB",12.331610266,13.2618546435,14.192099021,14.248571528,NA,NA,NA,NA,NA,NA
"2026-09-29T22:47:44Z","ESPN","David Montgomery","HOU","RB",11.574311932,12.517071254,13.459830576,13.525870852,NA,NA,NA,NA,NA,NA
"2026-09-29T22:47:44Z","ESPN","Jaylen Warren","PIT","RB",10.929660343,12.4927058145,14.055751286,14.119171408,NA,NA,NA,NA,NA,NA
"2026-09-29T22:47:44Z","ESPN","Braelon Allen","NYJ","RB",11.036402629,11.904367353,12.772332077,12.836375576,NA,NA,NA,NA,NA,NA
"2026-09-29T22:47:44Z","ESPN","Kyren Williams","LA","RB",10.62486162,11.8256287105,13.026395801,13.086014004,NA,NA,NA,NA,NA,NA
"2026-09-29T22:47:44Z","ESPN","Bhayshul Tuten","JAX","RB",10.981695159,11.8150294815,12.648363804,12.732763191,NA,NA,NA,NA,NA,NA
"2026-09-29T22:47:44Z","ESPN","Quinshon Judkins","CLE","RB",10.348239287,11.4050365785,12.46183387,12.500115187,NA,NA,NA,NA,NA,NA
"2026-09-29T22:47:44Z","ESPN","Tony Pollard","TEN","RB",9.721221492,10.719444402,11.717667312,11.798291837,NA,NA,NA,NA,NA,NA
"2026-09-29T22:47:44Z","ESPN","Rhamondre Stevenson","NE","RB",8.86347122,10.2313883915,11.599305563,11.670666325,NA,NA,NA,NA,NA,NA
"2026-09-29T22:47:44Z","ESPN","Omarion Hampton","LAC","RB",9.3951669467,10.1365551847,10.8779434227,10.9381567017,NA,NA,NA,NA,NA,NA
"2026-09-29T22:47:44Z","ESPN","J.K. Dobbins","DEN","RB",9.0448779659,9.5645057139,10.0841334619,10.1148764429,NA,NA,NA,NA,NA,NA
"2026-09-29T22:47:44Z","ESPN","Emanuel Wilson","SEA","RB",8.9605752072,9.2798872027,9.5991991982,9.6472803252,NA,NA,NA,NA,NA,NA
"2026-09-29T22:47:44Z","ESPN","Jadarian Price","SEA","RB",8.47560947,9.2223117245,9.969013979,10.015876635,NA,NA,NA,NA,NA,NA
"2026-09-29T22:47:44Z","ESPN","Alvin Kamara","NO","RB",7.775413102,9.1733287485,10.571244395,10.624495715,NA,NA,NA,NA,NA,NA
"2026-09-29T22:47:44Z","ESPN","Jacory Croskey-Merritt","WAS","RB",8.7663889643,9.0018532488,9.2373175333,9.3326829733,NA,NA,NA,NA,NA,NA
"2026-09-29T22:47:44Z","ESPN","TreVeyon Henderson","NE","RB",8.035645823,8.7807438395,9.525841856,9.562525522,NA,NA,NA,NA,NA,NA
"2026-09-29T22:47:44Z","ESPN","Ollie Gordon II","MIA","RB",7.414189459,8.3547163455,9.295243232,9.341133665,NA,NA,NA,NA,NA,NA
"2026-09-29T22:47:44Z","ESPN","Isaiah Davis","NYJ","RB",7.279725935,8.3039766295,9.328227324,9.348337441,NA,NA,NA,NA,NA,NA
"2026-09-29T22:47:44Z","ESPN","RJ Harvey","DEN","RB",6.248481119,8.1857260475,10.122970976,10.151052102,NA,NA,NA,NA,NA,NA
"2026-09-29T22:47:44Z","ESPN","Rico Dowdle","PIT","RB",7.434584553,8.144627119,8.854669685,8.90022757,NA,NA,NA,NA,NA,NA
"2026-09-29T22:47:44Z","ESPN","Kendre Miller","NO","RB",7.410727597,8.1213936335,8.83205967,8.85706156,NA,NA,NA,NA,NA,NA
"2026-09-29T22:47:44Z","ESPN","Kyle Monangai","CHI","RB",6.97696424,7.6809765625,8.384988885,8.405485935,NA,NA,NA,NA,NA,NA
"2026-09-29T22:47:44Z","ESPN","Blake Corum","LA","RB",7.1054689146,7.6121059511,8.1187429876,8.1408804606,NA,NA,NA,NA,NA,NA
"2026-09-29T22:47:44Z","ESPN","Woody Marks","HOU","RB",6.57492977,7.428458898,8.281988026,8.321814731,NA,NA,NA,NA,NA,NA
"2026-09-29T22:47:44Z","ESPN","Rachaad White","WAS","RB",6.136472753,7.2308731865,8.32527362,8.355761614,NA,NA,NA,NA,NA,NA
"2026-09-29T22:47:44Z","ESPN","Tyler Allgeier","ARI","RB",5.954840994,6.997102066,8.039363138,8.05733706,NA,NA,NA,NA,NA,NA
"2026-09-29T22:47:44Z","ESPN","Kenny Gainwell","TB","RB",5.473339859,6.7712323275,8.069124796,8.10363839,NA,NA,NA,NA,NA,NA
"2026-09-29T22:47:44Z","ESPN","Tyjae Spears","TEN","RB",5.493252241,6.755430168,8.017608095,8.040830856,NA,NA,NA,NA,NA,NA
"2026-09-29T22:47:44Z","ESPN","Kaleb Johnson","GB","RB",5.8798889699,6.5474435499,7.2149981299,7.2572999239,NA,NA,NA,NA,NA,NA
"2026-09-29T22:47:44Z","ESPN","Jaylen Wright","MIA","RB",5.411646387,6.2375187065,7.063391026,7.140909694,NA,NA,NA,NA,NA,NA
"2026-09-29T22:47:44Z","ESPN","Najee Harris","NYG","RB",5.6998594347,6.1342308857,6.5686023367,6.5937906187,NA,NA,NA,NA,NA,NA
"2026-09-29T22:47:44Z","ESPN","MarShawn Lloyd","GB","RB",5.409079036,5.94909439,6.489109744,6.526769834,NA,NA,NA,NA,NA,NA
"2026-09-29T22:47:44Z","ESPN","Brian Robinson Jr.","ATL","RB",5.5580313315,5.8041102675,6.0501892035,6.0797669735,NA,NA,NA,NA,NA,NA
"2026-09-29T22:47:44Z","ESPN","Kaelon Black","SF","RB",4.985244,5.2158956685,5.446547337,5.478131579,NA,NA,NA,NA,NA,NA
"2026-09-29T22:47:44Z","ESPN","Raheim Sanders","CLE","RB",3.803634842,4.970197171,6.1367595,6.159492765,NA,NA,NA,NA,NA,NA
"2026-09-29T22:47:44Z","ESPN","Chris Rodriguez Jr.","JAX","RB",4.7206779616,4.8410666526,4.9614553436,4.9803243696,NA,NA,NA,NA,NA,NA
"2026-09-29T22:47:44Z","ESPN","Justice Hill","BAL","RB",4.199543188,4.7853845745,5.371225961,5.396732599,NA,NA,NA,NA,NA,NA
"2026-09-29T22:47:44Z","ESPN","Emmett Johnson","KC","RB",4.079805167,4.560165393,5.040525619,5.064224895,NA,NA,NA,NA,NA,NA
"2026-09-29T22:47:44Z","ESPN","George Holani","SEA","RB",3.713489539,4.361521602,5.009553665,5.029377637,NA,NA,NA,NA,NA,NA
"2026-09-29T22:47:44Z","ESPN","AJ Dillon","CAR","RB",3.9714371018,4.3558384323,4.7402397628,4.7615732758,NA,NA,NA,NA,NA,NA
"2026-09-29T22:47:44Z","ESPN","Samaje Perine","CIN","RB",3.588329998,4.322272723,5.056215448,5.09128381,NA,NA,NA,NA,NA,NA
"2026-09-29T22:47:44Z","ESPN","Keaton Mitchell","LAC","RB",3.584500275,4.198148939,4.811797603,4.838162629,NA,NA,NA,NA,NA,NA
"2026-09-29T22:47:44Z","ESPN","Sione Vaki","DET","RB",3.6451840476,4.0229889361,4.4007938246,4.4218921676,NA,NA,NA,NA,NA,NA
"2026-09-29T22:47:44Z","ESPN","Ty Johnson","BUF","RB",3.162336447,3.8057979535,4.44925946,4.467754519,NA,NA,NA,NA,NA,NA
"2026-09-29T22:47:44Z","ESPN","Austin Ekeler",NA,"RB",2.867037328,3.4597259785,4.052414629,4.079074471,NA,NA,NA,NA,NA,NA
"2026-09-29T22:47:44Z","ESPN","Tyler Goodson","DAL","RB",3.0428871505,3.2978409375,3.5527947245,3.5685404235,NA,NA,NA,NA,NA,NA
"2026-09-29T22:47:44Z","ESPN","Chris Brooks","GB","RB",2.5149065359,3.1826803454,3.8504541549,3.8621146139,NA,NA,NA,NA,NA,NA
"2026-09-29T22:47:44Z","ESPN","Mike Washington Jr.","LV","RB",2.9490821228,3.0783566508,3.2076311788,3.2264950358,NA,NA,NA,NA,NA,NA
"2026-09-29T22:47:44Z","ESPN","Seth McGowan","IND","RB",2.6304662817,2.7532458207,2.8760253597,2.8918993477,NA,NA,NA,NA,NA,NA
"2026-09-29T22:47:44Z","ESPN","Will Shipley","PHI","RB",2.0499106663,2.7287753888,3.4076401113,3.4223743763,NA,NA,NA,NA,NA,NA
"2026-09-29T22:47:44Z","ESPN","Tank Bigsby","PHI","RB",2.426326808,2.645039124,2.86375144,2.882061742,NA,NA,NA,NA,NA,NA
"2026-09-29T22:47:44Z","ESPN","Demond Claiborne","MIN","RB",2.2128487706,2.3255768306,2.4383048906,2.4519304826,NA,NA,NA,NA,NA,NA
"2026-09-29T22:47:44Z","ESPN","DeeJay Dallas","MIN","RB",1.879231149,2.2180597605,2.556888372,2.578327473,NA,NA,NA,NA,NA,NA
"2026-09-29T22:47:44Z","ESPN","CJ Donaldson","NO","RB",1.8208035031,2.1790790296,2.5373545561,2.5479868521,NA,NA,NA,NA,NA,NA
"2026-09-29T22:47:44Z","ESPN","Kyle Juszczyk","SF","RB",1.4576563022,2.0118644077,2.5660725132,2.5734167382,NA,NA,NA,NA,NA,NA
"2026-09-29T22:47:44Z","ESPN","Kimani Vidal","LAC","RB",1.3530295158,1.9210208073,2.4890120988,2.4957630498,NA,NA,NA,NA,NA,NA
"2026-09-29T22:47:44Z","ESPN","LeQuint Allen Jr.","JAX","RB",1.1086947893,1.5798844323,2.0510740753,2.0565869753,NA,NA,NA,NA,NA,NA
"2026-09-29T22:47:44Z","ESPN","Tyler Badie","DEN","RB",1.0990898856,1.4838697671,1.8686496486,1.8750712186,NA,NA,NA,NA,NA,NA
"2026-09-29T22:47:44Z","ESPN","Ray Davis","BUF","RB",1.1422920711,1.2531368251,1.3639815791,1.3718184581,NA,NA,NA,NA,NA,NA
"2026-09-29T22:47:44Z","ESPN","Ameer Abdullah","JAX","RB",0.9231230478,1.1754185483,1.4277140488,1.4334769918,NA,NA,NA,NA,NA,NA
"2026-09-29T22:47:44Z","ESPN","Alec Ingold","LAC","RB",0.6443699878,1.0055630268,1.3667560658,1.3722072088,NA,NA,NA,NA,NA,NA
"2026-09-29T22:47:44Z","ESPN","Hunter Luepke","DAL","RB",0.6829171886,0.8161598106,0.9494024326,0.9527224536,NA,NA,NA,NA,NA,NA
"2026-09-29T22:47:44Z","ESPN","Nicholas Singleton","TEN","RB",0.6791342626,0.6791342626,0.6791342626,0.6838953606,NA,NA,NA,NA,NA,NA
"2026-09-29T22:47:44Z","ESPN","Tyrone Tracy Jr.","NYG","RB",0.5622859945,0.668429932,0.7745738695,0.7780865995,NA,NA,NA,NA,NA,NA
"2026-09-29T22:47:44Z","ESPN","Trey McBride","ARI","TE",10.09368221,13.7537240835,17.413765957,21.1059400485,NA,NA,NA,NA,NA,NA
"2026-09-29T22:47:44Z","ESPN","Brock Bowers","LV","TE",9.3834449091,12.6473556211,15.9112663331,19.1982285451,NA,NA,NA,NA,NA,NA
"2026-09-29T22:47:44Z","ESPN","George Kittle","SF","TE",8.844878354,11.2776089665,13.710339579,16.1664852695,NA,NA,NA,NA,NA,NA
"2026-09-29T22:47:44Z","ESPN","Tyler Warren","IND","TE",7.7240873752,10.3799460417,13.0358047082,15.7301753407,NA,NA,NA,NA,NA,NA
"2026-09-29T22:47:44Z","ESPN","Isaiah Likely","NYG","TE",7.435866531,9.5861882795,11.736510028,13.9222938785,NA,NA,NA,NA,NA,NA
"2026-09-29T22:47:44Z","ESPN","Travis Kelce","KC","TE",7.283956118,9.535878206,11.787800294,14.070970818,NA,NA,NA,NA,NA,NA
"2026-09-29T22:47:44Z","ESPN","Sam LaPorta","DET","TE",6.782935731,8.983578003,11.184220275,13.405961036,NA,NA,NA,NA,NA,NA
"2026-09-29T22:47:44Z","ESPN","Harold Fannin Jr.","CLE","TE",6.5406855914,8.8781711399,11.2156566884,13.5867677519,NA,NA,NA,NA,NA,NA
"2026-09-29T22:47:44Z","ESPN","Dalton Kincaid","BUF","TE",6.531763486,8.6074581165,10.683152747,12.7904367685,NA,NA,NA,NA,NA,NA
"2026-09-29T22:47:44Z","ESPN","Juwan Johnson","NO","TE",6.608694118,8.586943001,10.565191884,12.580638429,NA,NA,NA,NA,NA,NA
"2026-09-29T22:47:44Z","ESPN","Mark Andrews","BAL","TE",6.255653123,8.13925146,10.022849797,11.935267928,NA,NA,NA,NA,NA,NA
"2026-09-29T22:47:44Z","ESPN","Kenyon Sadiq","NYJ","TE",5.2916762867,7.3178785137,9.3440807407,11.3987353627,NA,NA,NA,NA,NA,NA
"2026-09-29T22:47:44Z","ESPN","Hunter Henry","NE","TE",5.406203151,7.1643281895,8.922453228,10.6948142095,NA,NA,NA,NA,NA,NA
"2026-09-29T22:47:44Z","ESPN","Colston Loveland","CHI","TE",5.358988763,7.052437195,8.745885627,10.457889267,NA,NA,NA,NA,NA,NA
"2026-09-29T22:47:44Z","ESPN","Dalton Schultz","HOU","TE",4.944555821,6.98981392,9.035072019,11.105250598,NA,NA,NA,NA,NA,NA
"2026-09-29T22:47:44Z","ESPN","Tucker Kraft","GB","TE",4.9602759936,6.9281475481,8.8960191026,10.8884268951,NA,NA,NA,NA,NA,NA
"2026-09-29T22:47:44Z","ESPN","AJ Barner","SEA","TE",5.1842182616,6.6503605031,8.1165027446,9.6107622891,NA,NA,NA,NA,NA,NA
"2026-09-29T22:47:44Z","ESPN","Brenton Strange","JAX","TE",4.88025699,6.4368397565,7.993422523,9.5708100415,NA,NA,NA,NA,NA,NA
"2026-09-29T22:47:44Z","ESPN","Jake Ferguson","DAL","TE",4.560146793,6.3416013675,8.123055942,9.9444150985,NA,NA,NA,NA,NA,NA
"2026-09-29T22:47:44Z","ESPN","Cade Otton","TB","TE",4.739129041,6.317726881,7.896324721,9.49274286,NA,NA,NA,NA,NA,NA
"2026-09-29T22:47:44Z","ESPN","T.J. Hockenson","MIN","TE",4.539215869,6.311234345,8.083252821,9.870808638,NA,NA,NA,NA,NA,NA
"2026-09-29T22:47:44Z","ESPN","Pat Freiermuth","PIT","TE",4.5798806828,6.2531973508,7.9265140188,9.6277423358,NA,NA,NA,NA,NA,NA
"2026-09-29T22:47:44Z","ESPN","Darren Waller","CAR","TE",4.599501083,6.013736523,7.427971963,8.855766277,NA,NA,NA,NA,NA,NA
"2026-09-29T22:47:44Z","ESPN","Mike Gesicki","CIN","TE",4.478402473,5.9678609045,7.457319336,8.9632337405,NA,NA,NA,NA,NA,NA
"2026-09-29T22:47:44Z","ESPN","Kyle Pitts Sr.","ATL","TE",4.387575086,5.8773709135,7.367166741,8.8671649275,NA,NA,NA,NA,NA,NA
"2026-09-29T22:47:44Z","ESPN","Oronde Gadsden","LAC","TE",4.057468052,5.5756775385,7.093887025,8.6352715955,NA,NA,NA,NA,NA,NA
"2026-09-29T22:47:44Z","ESPN","Colby Parkinson","LA","TE",4.179951406,5.469520873,6.75909034,8.074879042,NA,NA,NA,NA,NA,NA
"2026-09-29T22:47:44Z","ESPN","Gunnar Helm","TEN","TE",3.857300532,5.467078685,7.076856838,8.708683026,NA,NA,NA,NA,NA,NA
"2026-09-29T22:47:44Z","ESPN","Chig Okonkwo","WAS","TE",3.837804151,5.250669726,6.663535301,8.090823633,NA,NA,NA,NA,NA,NA
"2026-09-29T22:47:44Z","ESPN","Greg Dulcich","MIA","TE",3.442998347,4.8702053055,6.297412264,7.7449585955,NA,NA,NA,NA,NA,NA
"2026-09-29T22:47:44Z","ESPN","Michael Mayer","LV","TE",3.208007713,4.5509671735,5.893926634,7.2552253475,NA,NA,NA,NA,NA,NA
"2026-09-29T22:47:44Z","ESPN","Tommy Tremble","CAR","TE",3.246618993,4.310201596,5.373784199,6.453620831,NA,NA,NA,NA,NA,NA
"2026-09-29T22:47:44Z","ESPN","Tyler Higbee","LA","TE",2.972250905,4.173842281,5.375433657,6.590241562,NA,NA,NA,NA,NA,NA
"2026-09-29T22:47:44Z","ESPN","Evan Engram","DEN","TE",2.561197116,3.953684127,5.346171138,6.754897211,NA,NA,NA,NA,NA,NA
"2026-09-29T22:47:44Z","ESPN","Noah Fant","NO","TE",2.689791204,3.61982284,4.549854476,5.492826203,NA,NA,NA,NA,NA,NA
"2026-09-29T22:47:44Z","ESPN","Austin Hooper","ATL","TE",2.55789104,3.477340128,4.396789216,5.328624953,NA,NA,NA,NA,NA,NA
"2026-09-29T22:47:44Z","ESPN","Darnell Washington","PIT","TE",2.41162787,3.3187411875,4.225854505,5.1499137815,NA,NA,NA,NA,NA,NA
"2026-09-29T22:47:44Z","ESPN","Mason Taylor","NYJ","TE",2.072182267,2.98292727,3.893672273,4.81689113,NA,NA,NA,NA,NA,NA
"2026-09-29T22:47:44Z","ESPN","Zach Ertz","PHI","TE",2.128320844,2.954782411,3.781243978,4.619009729,NA,NA,NA,NA,NA,NA
"2026-09-29T22:47:44Z","ESPN","Dawson Knox","BUF","TE",2.105287395,2.695883228,3.286479061,3.882737186,NA,NA,NA,NA,NA,NA
"2026-09-29T22:47:44Z","ESPN","Drew Sample","CIN","TE",1.868288798,2.6944797455,3.520670693,4.3584494215,NA,NA,NA,NA,NA,NA
"2026-09-29T22:47:44Z","ESPN","Jonnu Smith","GB","TE",1.8571538241,2.6468317266,3.4365096291,4.2407560956,NA,NA,NA,NA,NA,NA
"2026-09-29T22:47:44Z","ESPN","Johnny Mundt","PHI","TE",1.864319601,2.5660098145,3.267700028,3.9770786995,NA,NA,NA,NA,NA,NA
"2026-09-29T22:47:44Z","ESPN","Noah Gray","KC","TE",1.813906882,2.452883228,3.091859574,3.736962057,NA,NA,NA,NA,NA,NA
"2026-09-29T22:47:44Z","ESPN","Foster Moreau","HOU","TE",1.83217719,2.439668593,3.047159996,3.663794654,NA,NA,NA,NA,NA,NA
"2026-09-29T22:47:44Z","ESPN","Theo Johnson","NYG","TE",1.911567787,2.4200675035,2.92856722,3.4426385955,NA,NA,NA,NA,NA,NA
"2026-09-29T22:47:44Z","ESPN","Gavin Bartholomew","MIN","TE",1.576334847,2.1211157275,2.665896608,3.2181389815,NA,NA,NA,NA,NA,NA
"2026-09-29T22:47:44Z","ESPN","Cole Kmet","CHI","TE",1.5143285,2.107584825,2.70084115,3.301256375,NA,NA,NA,NA,NA,NA
"2026-09-29T22:47:44Z","ESPN","Jeremy Ruckert","NYJ","TE",1.3642940685,1.9943924485,2.6244908285,3.2614932315,NA,NA,NA,NA,NA,NA
"2026-09-29T22:47:44Z","ESPN","Mitchell Evans","CAR","TE",1.5088252402,1.9786173232,2.4484094062,2.9246359112,NA,NA,NA,NA,NA,NA
"2026-09-29T22:47:44Z","ESPN","Jaxon Smith-Njigba","SEA","WR",13.8217761791,17.3965918741,20.9714075691,21.0423642871,NA,NA,NA,NA,NA,NA
"2026-09-29T22:47:44Z","ESPN","Puka Nacua","LA","WR",13.3454085162,16.9279504207,20.5104923252,20.5651099322,NA,NA,NA,NA,NA,NA
"2026-09-29T22:47:44Z","ESPN","Ja'Marr Chase","CIN","WR",12.6758626897,16.5663174557,20.4567722217,20.5178480807,NA,NA,NA,NA,NA,NA
"2026-09-29T22:47:44Z","ESPN","Amon-Ra St. Brown","DET","WR",12.8206523496,16.4771269406,20.1336015316,20.1845733146,NA,NA,NA,NA,NA,NA
"2026-09-29T22:47:44Z","ESPN","Justin Jefferson","MIN","WR",12.2348618466,15.4361320031,18.6374021596,18.6769298036,NA,NA,NA,NA,NA,NA
"2026-09-29T22:47:44Z","ESPN","Chris Olave","NO","WR",11.882827418,15.070993533,18.259159648,18.302628331,NA,NA,NA,NA,NA,NA
"2026-09-29T22:47:44Z","ESPN","Drake London","ATL","WR",10.704354259,13.707595728,16.710837197,16.766345011,NA,NA,NA,NA,NA,NA
"2026-09-29T22:47:44Z","ESPN","CeeDee Lamb","DAL","WR",10.4118951034,13.6504423279,16.8889895524,16.9302649104,NA,NA,NA,NA,NA,NA
"2026-09-29T22:47:44Z","ESPN","Zay Flowers","BAL","WR",10.5664943562,12.9586808352,15.3508673142,15.4094447242,NA,NA,NA,NA,NA,NA
"2026-09-29T22:47:44Z","ESPN","Tetairoa McMillan","CAR","WR",10.516856489,12.7314723585,14.946088228,14.988865676,NA,NA,NA,NA,NA,NA
"2026-09-29T22:47:44Z","ESPN","Nico Collins","HOU","WR",9.9702315556,12.6282751471,15.2863187386,15.3276615026,NA,NA,NA,NA,NA,NA
"2026-09-29T22:47:44Z","ESPN","Parker Washington","JAX","WR",10.0253639972,12.5773472382,15.1293304792,15.1876606212,NA,NA,NA,NA,NA,NA
"2026-09-29T22:47:44Z","ESPN","DeVonta Smith","PHI","WR",9.472326071,12.5228713075,15.573416544,15.611586336,NA,NA,NA,NA,NA,NA
"2026-09-29T22:47:44Z","ESPN","Davante Adams","LA","WR",10.005123637,12.3395839505,14.674044264,14.699453933,NA,NA,NA,NA,NA,NA
"2026-09-29T22:47:44Z","ESPN","Garrett Wilson","NYJ","WR",9.0442714389,12.1898962534,15.3355210679,15.4041908419,NA,NA,NA,NA,NA,NA
"2026-09-29T22:47:44Z","ESPN","Rashee Rice","KC","WR",9.3695796844,12.1318354524,14.8940912204,14.9583149924,NA,NA,NA,NA,NA,NA
"2026-09-29T22:47:44Z","ESPN","Christian Watson","GB","WR",9.6831807753,12.0584030343,14.4336252933,14.4787593263,NA,NA,NA,NA,NA,NA
"2026-09-29T22:47:44Z","ESPN","Malik Nabers","NYG","WR",9.149686886,11.3778441285,13.606001371,13.643466619,NA,NA,NA,NA,NA,NA
"2026-09-29T22:47:44Z","ESPN","Tee Higgins","CIN","WR",8.897702944,11.293074853,13.688446762,13.717453508,NA,NA,NA,NA,NA,NA
"2026-09-29T22:47:44Z","ESPN","George Pickens","DAL","WR",8.742281777,11.238068601,13.733855425,13.78976105,NA,NA,NA,NA,NA,NA
"2026-09-29T22:47:44Z","ESPN","Jalen Coker","CAR","WR",8.671857323,11.194829307,13.717801291,13.766534936,NA,NA,NA,NA,NA,NA
"2026-09-29T22:47:44Z","ESPN","Josh Downs","IND","WR",8.56189426,11.102687526,13.643480792,13.683999643,NA,NA,NA,NA,NA,NA
"2026-09-29T22:47:44Z","ESPN","Terry McLaurin","WAS","WR",8.814769701,10.877191777,12.939613853,12.972758279,NA,NA,NA,NA,NA,NA
"2026-09-29T22:47:44Z","ESPN","Michael Wilson","ARI","WR",8.348928612,10.852735678,13.356542744,13.387225882,NA,NA,NA,NA,NA,NA
"2026-09-29T22:47:44Z","ESPN","DJ Moore","BUF","WR",8.69652072,10.826354388,12.956188056,12.992908597,NA,NA,NA,NA,NA,NA
"2026-09-29T22:47:44Z","ESPN","Matthew Golden","GB","WR",8.3442957243,10.5979603588,12.8516249933,12.9003572043,NA,NA,NA,NA,NA,NA
"2026-09-29T22:47:44Z","ESPN","Mike Evans","SF","WR",8.281121694,10.3353961505,12.389670607,12.419022365,NA,NA,NA,NA,NA,NA
"2026-09-29T22:47:44Z","ESPN","Luther Burden III","CHI","WR",7.7113678366,10.1469070961,12.5824463556,12.6257537626,NA,NA,NA,NA,NA,NA
"2026-09-29T22:47:44Z","ESPN","Jordan Addison","MIN","WR",7.7953627838,9.6634043963,11.5314460088,11.5589870568,NA,NA,NA,NA,NA,NA
"2026-09-29T22:47:44Z","ESPN","Carnell Tate","TEN","WR",7.367650046,9.6094141385,11.851178231,11.896936282,NA,NA,NA,NA,NA,NA
"2026-09-29T22:47:44Z","ESPN","Jaylen Waddle","DEN","WR",7.0728299995,9.4904181705,11.9080063415,11.9497944795,NA,NA,NA,NA,NA,NA
"2026-09-29T22:47:44Z","ESPN","Emeka Egbuka","TB","WR",7.7413724375,9.4679337505,11.1944950635,11.2236150955,NA,NA,NA,NA,NA,NA
"2026-09-29T22:47:44Z","ESPN","Stefon Diggs","WAS","WR",6.969215261,9.271194866,11.573174471,11.604418196,NA,NA,NA,NA,NA,NA
"2026-09-29T22:47:44Z","ESPN","Ladd McConkey","LAC","WR",6.717836713,9.2569706985,11.796104684,11.832682974,NA,NA,NA,NA,NA,NA
"2026-09-29T22:47:44Z","ESPN","Deebo Samuel Sr.","SF","WR",7.3011839944,8.9989180269,10.6966520594,10.7465191854,NA,NA,NA,NA,NA,NA
"2026-09-29T22:47:44Z","ESPN","Keenan Allen","IND","WR",6.613859623,8.9340566225,11.254253622,11.302515788,NA,NA,NA,NA,NA,NA
"2026-09-29T22:47:44Z","ESPN","Adonai Mitchell","NYJ","WR",7.1946635011,8.8479245171,10.5011855331,10.5393648581,NA,NA,NA,NA,NA,NA
"2026-09-29T22:47:44Z","ESPN","Jakobi Meyers","JAX","WR",6.8492028761,8.8201311576,10.7910594391,10.8247768891,NA,NA,NA,NA,NA,NA
"2026-09-29T22:47:44Z","ESPN","Jameson Williams","DET","WR",7.1025283492,8.7402614542,10.3779945592,10.3997275712,NA,NA,NA,NA,NA,NA
"2026-09-29T22:47:44Z","ESPN","Devaughn Vele","NO","WR",6.834559228,8.7303245685,10.626089909,10.657046432,NA,NA,NA,NA,NA,NA
"2026-09-29T22:47:44Z","ESPN","Courtland Sutton","DEN","WR",6.746296451,8.648823624,10.551350797,10.57801125,NA,NA,NA,NA,NA,NA
"2026-09-29T22:47:44Z","ESPN","Denzel Boston","CLE","WR",6.639986404,8.599526151,10.559065898,10.599063291,NA,NA,NA,NA,NA,NA
"2026-09-29T22:47:44Z","ESPN","DK Metcalf","PIT","WR",6.934333316,8.541702262,10.149071208,10.172754367,NA,NA,NA,NA,NA,NA
"2026-09-29T22:47:44Z","ESPN","Rome Odunze","CHI","WR",6.890480251,8.442320372,9.994160493,10.026265176,NA,NA,NA,NA,NA,NA
"2026-09-29T22:47:44Z","ESPN","Xavier Worthy","KC","WR",6.7106217404,8.2631238984,9.8156260564,9.8336113114,NA,NA,NA,NA,NA,NA
"2026-09-29T22:47:44Z","ESPN","Dontayvion Wicks","PHI","WR",6.474526264,8.1681909155,9.861855567,9.899793655,NA,NA,NA,NA,NA,NA
"2026-09-29T22:47:44Z","ESPN","Romeo Doubs","NE","WR",6.357172264,8.0647299465,9.772287629,9.806077249,NA,NA,NA,NA,NA,NA
"2026-09-29T22:47:44Z","ESPN","Tre Tucker","LV","WR",6.2496120814,8.0474806989,9.8453493164,9.8647408184,NA,NA,NA,NA,NA,NA
"2026-09-29T22:47:44Z","ESPN","Malik Washington","MIA","WR",6.1304572628,7.9702515353,9.8100458078,9.8551174568,NA,NA,NA,NA,NA,NA
"2026-09-29T22:47:44Z","ESPN","Khalil Shakir","BUF","WR",6.0647289456,7.9121774906,9.7596260356,9.7913145386,NA,NA,NA,NA,NA,NA
"2026-09-29T22:47:44Z","ESPN","Mack Hollins","NE","WR",6.010459655,7.8485630865,9.686666518,9.716569325,NA,NA,NA,NA,NA,NA
"2026-09-29T22:47:44Z","ESPN","Ryan Flournoy","DAL","WR",5.924920127,7.738571199,9.552222271,9.590384452,NA,NA,NA,NA,NA,NA
"2026-09-29T22:47:44Z","ESPN","Kalif Raymond","CHI","WR",5.4336021329,7.7005453834,9.9674886339,10.0177137079,NA,NA,NA,NA,NA,NA
"2026-09-29T22:47:44Z","ESPN","Michael Pittman Jr.","PIT","WR",5.485105462,7.6323300265,9.779554591,9.811024624,NA,NA,NA,NA,NA,NA
"2026-09-29T22:47:44Z","ESPN","KC Concepcion","CLE","WR",5.5986956017,7.4717590302,9.3448224587,9.3912578587,NA,NA,NA,NA,NA,NA
"2026-09-29T22:47:44Z","ESPN","DeMario Douglas","NE","WR",5.7571533358,7.4353991583,9.1136449808,9.1528863848,NA,NA,NA,NA,NA,NA
"2026-09-29T22:47:44Z","ESPN","Quentin Johnston","LAC","WR",5.5448505205,7.0476380035,8.5504254865,8.5765875495,NA,NA,NA,NA,NA,NA
"2026-09-29T22:47:44Z","ESPN","Wan'Dale Robinson","TEN","WR",4.734038603,6.943143971,9.152249339,9.18397384,NA,NA,NA,NA,NA,NA
"2026-09-29T22:47:44Z","ESPN","Brian Thomas Jr.","JAX","WR",5.6191722065,6.9202966185,8.2214210305,8.2352311835,NA,NA,NA,NA,NA,NA
"2026-09-29T22:47:44Z","ESPN","Rashid Shaheed","SEA","WR",5.6571303316,6.7968153471,7.9365003626,7.9673328836,NA,NA,NA,NA,NA,NA
"2026-09-29T22:47:44Z","ESPN","Rashod Bateman","BAL","WR",5.508519673,6.7107647625,7.913009852,7.932592186,NA,NA,NA,NA,NA,NA
"2026-09-29T22:47:44Z","ESPN","Malachi Fields","NYG","WR",5.245247604,6.5190647635,7.792881923,7.818882603,NA,NA,NA,NA,NA,NA
"2026-09-29T22:47:44Z","ESPN","Xavier Hutchinson","HOU","WR",5.1739907475,6.4411693935,7.7083480395,7.7298766095,NA,NA,NA,NA,NA,NA
"2026-09-29T22:47:44Z","ESPN","Roman Wilson","PIT","WR",4.771857826,6.3172904255,7.862723025,7.894267817,NA,NA,NA,NA,NA,NA
"2026-09-29T22:47:44Z","ESPN","Caleb Douglas","MIA","WR",4.75411249,6.2404489135,7.726785337,7.75712388,NA,NA,NA,NA,NA,NA
"2026-09-29T22:47:44Z","ESPN","Makai Lemon","PHI","WR",4.9627701438,6.2358540278,7.5089379118,7.5370581138,NA,NA,NA,NA,NA,NA
"2026-09-29T22:47:44Z","ESPN","Tre' Harris","LAC","WR",4.451460526,6.118797571,7.786134616,7.820167676,NA,NA,NA,NA,NA,NA
"2026-09-29T22:47:44Z","ESPN","Jalen Nailor","LV","WR",4.8559079379,6.1162734509,7.3766389639,7.4018692219,NA,NA,NA,NA,NA,NA
"2026-09-29T22:47:44Z","ESPN","Chris Godwin Jr.","TB","WR",4.4092754144,5.7271838864,7.0450923584,7.0736702164,NA,NA,NA,NA,NA,NA
"2026-09-29T22:47:44Z","ESPN","Xavier Legette","CAR","WR",4.4814698189,5.5076737554,6.5338776919,6.5549376889,NA,NA,NA,NA,NA,NA
"2026-09-29T22:47:44Z","ESPN","Cooper Kupp","SEA","WR",4.202376311,5.3416516225,6.480926934,6.500642859,NA,NA,NA,NA,NA,NA
"2026-09-29T22:47:44Z","ESPN","Marvin Harrison Jr.","ARI","WR",4.247304961,5.302526507,6.357748053,6.376267481,NA,NA,NA,NA,NA,NA
"2026-09-29T22:47:44Z","ESPN","Isaac TeSlaa","DET","WR",4.297955317,5.3002892935,6.30262327,6.323082536,NA,NA,NA,NA,NA,NA
"2026-09-29T22:47:44Z","ESPN","Ted Hurst III","TB","WR",4.123140532,5.201904112,6.280667692,6.302687011,NA,NA,NA,NA,NA,NA
"2026-09-29T22:47:44Z","ESPN","Darnell Mooney","NYG","WR",4.2199035937,5.1525749082,6.0852462227,6.1029554487,NA,NA,NA,NA,NA,NA
"2026-09-29T22:47:44Z","ESPN","Chris Bell","MIA","WR",3.909474177,5.1480878635,6.38670155,6.41198367,NA,NA,NA,NA,NA,NA
"2026-09-29T22:47:44Z","ESPN","Elic Ayomanor","TEN","WR",4.01089871,5.0640594135,6.117220117,6.13871684,NA,NA,NA,NA,NA,NA
"2026-09-29T22:47:44Z","ESPN","Jahan Dotson","ATL","WR",3.93200957,5.0356000105,6.139190451,6.154958704,NA,NA,NA,NA,NA,NA
"2026-09-29T22:47:44Z","ESPN","Keon Coleman","BUF","WR",4.073028198,5.0310078795,5.988987561,6.007570254,NA,NA,NA,NA,NA,NA
"2026-09-29T22:47:44Z","ESPN","Skyy Moore","GB","WR",3.76547852,4.9854917845,6.205505049,6.232833346,NA,NA,NA,NA,NA,NA
"2026-09-29T22:47:44Z","ESPN","Antonio Williams","WAS","WR",3.685279634,4.632912744,5.580545854,5.599888587,NA,NA,NA,NA,NA,NA
"2026-09-29T22:47:44Z","ESPN","Chris Moore","BAL","WR",3.862486307,4.6308552925,5.399224278,5.412593322,NA,NA,NA,NA,NA,NA
"2026-09-29T22:47:44Z","ESPN","Jauan Jennings","MIN","WR",3.418585569,4.468861208,5.519136847,5.539824482,NA,NA,NA,NA,NA,NA
"2026-09-29T22:47:44Z","ESPN","Tyquan Thornton","KC","WR",3.478387962,4.3103972265,5.142406491,5.155992621,NA,NA,NA,NA,NA,NA
"2026-09-29T22:47:44Z","ESPN","Kendrick Bourne","ARI","WR",3.092608861,4.256317366,5.420025871,5.443698253,NA,NA,NA,NA,NA,NA
"2026-09-29T22:47:44Z","ESPN","Kayshon Boutte","HOU","WR",3.349741564,4.251778131,5.153814698,5.168544325,NA,NA,NA,NA,NA,NA
"2026-09-29T22:47:44Z","ESPN","Dohnte Meyers","CIN","WR",3.2561419815,4.1721525835,5.0881631855,5.1086969245,NA,NA,NA,NA,NA,NA
"2026-09-29T22:47:44Z","ESPN","Pat Bryant","DEN","WR",3.073244245,4.166520635,5.259797025,5.283083186,NA,NA,NA,NA,NA,NA
"2026-09-29T22:47:44Z","ESPN","Isaiah Williams","NYJ","WR",2.9845457047,4.1186344367,5.2527231687,5.2769162907,NA,NA,NA,NA,NA,NA
"2026-09-29T22:47:44Z","ESPN","Kyle Williams","NE","WR",3.2915438894,4.1180513159,4.9445587424,4.9634134244,NA,NA,NA,NA,NA,NA
"2026-09-29T22:47:44Z","ESPN","Laquon Treadwell","IND","WR",3.098037326,4.053786078,5.00953483,5.029043216,NA,NA,NA,NA,NA,NA
"2026-09-29T22:47:44Z","ESPN","Tez Johnson","TB","WR",3.224330046,3.920101691,4.615873336,4.633549513,NA,NA,NA,NA,NA,NA
"2026-09-29T22:47:44Z","ESPN","Jared Wayne","HOU","WR",3.09094269,3.9002606855,4.709578681,4.726098177,NA,NA,NA,NA,NA,NA
"2026-09-29T22:47:44Z","ESPN","Jerry Jeudy","CLE","WR",2.863143998,3.7258435965,4.588543195,4.603978692,NA,NA,NA,NA,NA,NA
"2026-09-29T22:47:44Z","ESPN","Josh Cameron","JAX","WR",2.880048326,3.623875166,4.367702006,4.382884721,NA,NA,NA,NA,NA,NA
"2026-09-29T22:47:44Z","ESPN","Treylon Burks","WAS","WR",2.903348954,3.623836451,4.344323948,4.356089005,NA,NA,NA,NA,NA,NA
"2026-09-29T22:47:44Z","ESPN","Bryce Lance","NO","WR",2.62340535,3.2875567005,3.951708051,3.96526446,NA,NA,NA,NA,NA,NA
"2026-09-29T22:47:44Z","ESPN","Dareke Young","LV","WR",2.317892574,3.055223616,3.792554658,3.807604784,NA,NA,NA,NA,NA,NA
"2026-09-29T22:47:44Z","ESPN","Olamide Zaccheaus","ATL","WR",2.186727065,2.9874406665,3.788154268,3.805475625,NA,NA,NA,NA,NA,NA
"2026-09-29T22:47:44Z","ESPN","Jaylin Noel","HOU","WR",2.2997047081,2.9152274021,3.5307500961,3.5474960591,NA,NA,NA,NA,NA,NA
"2026-09-29T22:47:44Z","ESPN","Malik Benson","LV","WR",2.0865875142,2.6963311762,3.3060748382,3.3195634882,NA,NA,NA,NA,NA,NA
"2026-09-29T22:47:44Z","ESPN","Troy Franklin","DEN","WR",1.9803348413,2.4822378003,2.9841407593,2.9933166173,NA,NA,NA,NA,NA,NA
"2026-09-29T22:47:44Z","ESPN","Jacob Cowing","SF","WR",1.778188965,2.2273504315,2.676511898,2.685680014,NA,NA,NA,NA,NA,NA
"2026-09-29T22:47:44Z","ESPN","Kevin Coleman Jr.","MIA","WR",1.589851087,2.179559816,2.769268545,2.781305459,NA,NA,NA,NA,NA,NA
"2026-09-29T22:47:44Z","ESPN","Marvin Mims Jr.","DEN","WR",1.6711135809,2.1494575934,2.6278016059,2.6417119999,NA,NA,NA,NA,NA,NA
"2026-09-29T22:47:44Z","ESPN","Zachariah Branch","ATL","WR",1.639466571,2.1151656075,2.590864644,2.600574435,NA,NA,NA,NA,NA,NA
"2026-09-29T22:47:44Z","ESPN","Joshua Palmer","BUF","WR",1.675913747,2.0985428945,2.521172042,2.52856951,NA,NA,NA,NA,NA,NA
"2026-09-29T22:47:44Z","ESPN","Calvin Ridley","TEN","WR",1.538732586,1.9666601185,2.394587651,2.402104706,NA,NA,NA,NA,NA,NA
"2026-09-29T22:47:44Z","ESPN","Ashton Dulin","IND","WR",1.5383063344,1.9090798829,2.2798534314,2.2896575754,NA,NA,NA,NA,NA,NA
"2026-09-29T22:47:44Z","ESPN","Dyami Brown","WAS","WR",1.5110561641,1.8869101006,2.2627640371,2.2711831651,NA,NA,NA,NA,NA,NA
"2026-09-29T22:47:44Z","Sleeper","Josh Allen","BUF","QB",22.6162,22.6162,22.6162,25.541,NA,NA,NA,NA,NA,NA
"2026-09-29T22:47:44Z","Sleeper","Lamar Jackson","BAL","QB",21.7396,21.7396,21.7396,24.6215,NA,NA,NA,NA,NA,NA
"2026-09-29T22:47:44Z","Sleeper","Patrick Mahomes","KC","QB",20.8028,20.8028,20.8028,23.875,NA,NA,NA,NA,NA,NA
"2026-09-29T22:47:44Z","Sleeper","Trevor Lawrence","JAX","QB",19.083,19.083,19.083,23.0595,NA,NA,NA,NA,NA,NA
"2026-09-29T22:47:44Z","Sleeper","Brock Purdy","SF","QB",18.8182,18.8182,18.8182,22.069,NA,NA,NA,NA,NA,NA
"2026-09-29T22:47:44Z","Sleeper","Kyler Murray","MIN","QB",18.4212,18.4212,18.4212,21.1845,NA,NA,NA,NA,NA,NA
"2026-09-29T22:47:44Z","Sleeper","Bryce Young","CAR","QB",18.0618,18.0618,18.0618,21.027,NA,NA,NA,NA,NA,NA
"2026-09-29T22:47:44Z","Sleeper","C.J. Stroud","HOU","QB",17.9472,17.9472,17.9472,21.087,NA,NA,NA,NA,NA,NA
"2026-09-29T22:47:44Z","Sleeper","Bo Nix","DEN","QB",17.7838,17.7838,17.7838,20.6025,NA,NA,NA,NA,NA,NA
"2026-09-29T22:47:44Z","Sleeper","Joe Burrow","CIN","QB",17.7246,17.7246,17.7246,21.452,NA,NA,NA,NA,NA,NA
"2026-09-29T22:47:44Z","Sleeper","Drake Maye","NE","QB",17.565,17.565,17.565,20.824,NA,NA,NA,NA,NA,NA
"2026-09-29T22:47:44Z","Sleeper","Tyler Shough","NO","QB",17.4698,17.4698,17.4698,21.3415,NA,NA,NA,NA,NA,NA
"2026-09-29T22:47:44Z","Sleeper","Dak Prescott","DAL","QB",17.4002,17.4002,17.4002,21.3065,NA,NA,NA,NA,NA,NA
"2026-09-29T22:47:44Z","Sleeper","Jordan Love","GB","QB",16.584,16.584,16.584,19.955,NA,NA,NA,NA,NA,NA
"2026-09-29T22:47:44Z","Sleeper","Daniel Jones","IND","QB",16.317,16.317,16.317,19.097,NA,NA,NA,NA,NA,NA
"2026-09-29T22:47:44Z","Sleeper","Jalen Hurts","PHI","QB",16.1306,16.1306,16.1306,18.948,NA,NA,NA,NA,NA,NA
"2026-09-29T22:47:44Z","Sleeper","Jared Goff","DET","QB",16.1182,16.1182,16.1182,19.475,NA,NA,NA,NA,NA,NA
"2026-09-29T22:47:44Z","Sleeper","Marcus Mariota","WAS","QB",15.9528,15.9528,15.9528,19.061,NA,NA,NA,NA,NA,NA
"2026-09-29T22:47:44Z","Sleeper","Matthew Stafford","LA","QB",15.8446,15.8446,15.8446,19.0855,NA,NA,NA,NA,NA,NA
"2026-09-29T22:47:44Z","Sleeper","Sam Darnold","SEA","QB",15.5112,15.5112,15.5112,19.3845,NA,NA,NA,NA,NA,NA
"2026-09-29T22:47:44Z","Sleeper","Jacoby Brissett","ARI","QB",15.2126,15.2126,15.2126,17.8075,NA,NA,NA,NA,NA,NA
"2026-09-29T22:47:44Z","Sleeper","Deshaun Watson","CLE","QB",14.9912,14.9912,14.9912,18.362,NA,NA,NA,NA,NA,NA
"2026-09-29T22:47:44Z","Sleeper","Jameis Winston","NYG","QB",14.6924,14.6924,14.6924,17.582,NA,NA,NA,NA,NA,NA
"2026-09-29T22:47:44Z","Sleeper","Kirk Cousins","LV","QB",14.5332,14.5332,14.5332,17.1975,NA,NA,NA,NA,NA,NA
"2026-09-29T22:47:44Z","Sleeper","Michael Penix","ATL","QB",14.2908,14.2908,14.2908,16.976,NA,NA,NA,NA,NA,NA
"2026-09-29T22:47:44Z","Sleeper","Case Keenum","CHI","QB",14.158,14.158,14.158,16.485,NA,NA,NA,NA,NA,NA
"2026-09-29T22:47:44Z","Sleeper","Geno Smith","NYJ","QB",13.7532,13.7532,13.7532,17.5995,NA,NA,NA,NA,NA,NA
"2026-09-29T22:47:44Z","Sleeper","Justin Herbert","LAC","QB",13.3494,13.3494,13.3494,16.47,NA,NA,NA,NA,NA,NA
"2026-09-29T22:47:44Z","Sleeper","Aaron Rodgers","PIT","QB",13.2058,13.2058,13.2058,15.6145,NA,NA,NA,NA,NA,NA
"2026-09-29T22:47:44Z","Sleeper","Cam Ward","TEN","QB",12.9794,12.9794,12.9794,15.5505,NA,NA,NA,NA,NA,NA
"2026-09-29T22:47:44Z","Sleeper","Malik Willis","MIA","QB",12.1904,12.1904,12.1904,14.7085,NA,NA,NA,NA,NA,NA
"2026-09-29T22:47:44Z","Sleeper","Jalon Daniels","TB","QB",11.7744,11.7744,11.7744,15.028,NA,NA,NA,NA,NA,NA
"2026-09-29T22:47:44Z","Sleeper","Kinkead Dent",NA,"QB",0,0,0,0,NA,NA,NA,NA,NA,NA
"2026-09-29T22:47:44Z","Sleeper","Brett Gabbert",NA,"QB",0,0,0,0,NA,NA,NA,NA,NA,NA
"2026-09-29T22:47:44Z","Sleeper","Behren Morton","NE","QB",0,0,0,0,NA,NA,NA,NA,NA,NA
"2026-09-29T22:47:44Z","Sleeper","AJ McCarron",NA,"QB",0,0,0,0,NA,NA,NA,NA,NA,NA
"2026-09-29T22:47:44Z","Sleeper","Joe Flacco","CIN","QB",0,0,0,0,NA,NA,NA,NA,NA,NA
"2026-09-29T22:47:44Z","Sleeper","Ryan Griffin",NA,"QB",0,0,0,0,NA,NA,NA,NA,NA,NA
"2026-09-29T22:47:44Z","Sleeper","Steven Montez",NA,"QB",0,0,0,0,NA,NA,NA,NA,NA,NA
"2026-09-29T22:47:44Z","Sleeper","Max Duggan",NA,"QB",0,0,0,0,NA,NA,NA,NA,NA,NA
"2026-09-29T22:47:44Z","Sleeper","Jahmyr Gibbs","DET","RB",20.159,22.519,24.879,24.989,NA,NA,NA,NA,NA,NA
"2026-09-29T22:47:44Z","Sleeper","Jonathan Taylor","IND","RB",18.657,20.032,21.407,21.507,NA,NA,NA,NA,NA,NA
"2026-09-29T22:47:44Z","Sleeper","Bijan Robinson","ATL","RB",17.857,19.992,22.127,22.217,NA,NA,NA,NA,NA,NA
"2026-09-29T22:47:44Z","Sleeper","Derrick Henry","BAL","RB",19.202,19.827,20.452,20.542,NA,NA,NA,NA,NA,NA
"2026-09-29T22:47:44Z","Sleeper","Kenneth Walker","KC","RB",15.787,17.817,19.847,19.937,NA,NA,NA,NA,NA,NA
"2026-09-29T22:47:44Z","Sleeper","Christian McCaffrey","SF","RB",14.278,16.378,18.478,18.558,NA,NA,NA,NA,NA,NA
"2026-09-29T22:47:44Z","Sleeper","James Cook","BUF","RB",15.354,16.229,17.104,17.184,NA,NA,NA,NA,NA,NA
"2026-09-29T22:47:44Z","Sleeper","Chase Brown","CIN","RB",13.828,15.748,17.668,17.748,NA,NA,NA,NA,NA,NA
"2026-09-29T22:47:44Z","Sleeper","D'Andre Swift","CHI","RB",14.466,15.526,16.586,16.656,NA,NA,NA,NA,NA,NA
"2026-09-29T22:47:44Z","Sleeper","Chuba Hubbard","CAR","RB",13.055,14.7,16.345,16.415,NA,NA,NA,NA,NA,NA
"2026-09-29T22:47:44Z","Sleeper","Cam Skattebo","NYG","RB",13.55,14.565,15.58,15.66,NA,NA,NA,NA,NA,NA
"2026-09-29T22:47:44Z","Sleeper","Jeremiyah Love","ARI","RB",13.126,14.481,15.836,15.906,NA,NA,NA,NA,NA,NA
"2026-09-29T22:47:44Z","Sleeper","David Montgomery","HOU","RB",12.768,13.833,14.898,14.968,NA,NA,NA,NA,NA,NA
"2026-09-29T22:47:44Z","Sleeper","Ashton Jeanty","LV","RB",11.997,13.772,15.547,15.627,NA,NA,NA,NA,NA,NA
"2026-09-29T22:47:44Z","Sleeper","Saquon Barkley","PHI","RB",12.771,13.721,14.671,14.741,NA,NA,NA,NA,NA,NA
"2026-09-29T22:47:44Z","Sleeper","Javonte Williams","DAL","RB",12.404,13.699,14.994,15.074,NA,NA,NA,NA,NA,NA
"2026-09-29T22:47:44Z","Sleeper","Jaylen Warren","PIT","RB",11.991,13.381,14.771,14.831,NA,NA,NA,NA,NA,NA
"2026-09-29T22:47:44Z","Sleeper","Aaron Jones","MIN","RB",11.91,12.99,14.07,14.15,NA,NA,NA,NA,NA,NA
"2026-09-29T22:47:44Z","Sleeper","Bucky Irving","TB","RB",11.4,12.845,14.29,14.37,NA,NA,NA,NA,NA,NA
"2026-09-29T22:47:44Z","Sleeper","Kyren Williams","LA","RB",11.669,12.644,13.619,13.689,NA,NA,NA,NA,NA,NA
"2026-09-29T22:47:44Z","Sleeper","Braelon Allen","NYJ","RB",11.512,12.392,13.272,13.332,NA,NA,NA,NA,NA,NA
"2026-09-29T22:47:44Z","Sleeper","Bhayshul Tuten","JAX","RB",11.045,11.91,12.775,12.825,NA,NA,NA,NA,NA,NA
"2026-09-29T22:47:44Z","Sleeper","Jacory Croskey-Merritt","WAS","RB",11.175,11.74,12.305,12.365,NA,NA,NA,NA,NA,NA
"2026-09-29T22:47:44Z","Sleeper","Rhamondre Stevenson","NE","RB",10.069,11.309,12.549,12.599,NA,NA,NA,NA,NA,NA
"2026-09-29T22:47:44Z","Sleeper","RJ Harvey","DEN","RB",8.142,9.612,11.082,11.122,NA,NA,NA,NA,NA,NA
"2026-09-29T22:47:44Z","Sleeper","Rico Dowdle","PIT","RB",7.984,8.929,9.874,9.924,NA,NA,NA,NA,NA,NA
"2026-09-29T22:47:44Z","Sleeper","TreVeyon Henderson","NE","RB",8.17,8.835,9.5,9.54,NA,NA,NA,NA,NA,NA
"2026-09-29T22:47:44Z","Sleeper","Tony Pollard","TEN","RB",7.938,8.798,9.658,9.708,NA,NA,NA,NA,NA,NA
"2026-09-29T22:47:44Z","Sleeper","Omarion Hampton","LAC","RB",7.802,8.622,9.442,9.492,NA,NA,NA,NA,NA,NA
"2026-09-29T22:47:44Z","Sleeper","Alvin Kamara","NO","RB",7.378,8.578,9.778,9.828,NA,NA,NA,NA,NA,NA
"2026-09-29T22:47:44Z","Sleeper","Kyle Monangai","CHI","RB",8.022,8.567,9.112,9.162,NA,NA,NA,NA,NA,NA
"2026-09-29T22:47:44Z","Sleeper","Woody Marks","HOU","RB",7.042,7.842,8.642,8.692,NA,NA,NA,NA,NA,NA
"2026-09-29T22:47:44Z","Sleeper","Jadarian Price","SEA","RB",7.078,7.593,8.108,8.158,NA,NA,NA,NA,NA,NA
"2026-09-29T22:47:44Z","Sleeper","Quinshon Judkins","CLE","RB",6.478,7.543,8.608,8.678,NA,NA,NA,NA,NA,NA
"2026-09-29T22:47:44Z","Sleeper","Rachaad White","WAS","RB",6.256,7.401,8.546,8.576,NA,NA,NA,NA,NA,NA
"2026-09-29T22:47:44Z","Sleeper","J.K. Dobbins","DEN","RB",6.703,7.273,7.843,7.893,NA,NA,NA,NA,NA,NA
"2026-09-29T22:47:44Z","Sleeper","MarShawn Lloyd","GB","RB",6.494,7.259,8.024,8.064,NA,NA,NA,NA,NA,NA
"2026-09-29T22:47:44Z","Sleeper","Ollie Gordon","MIA","RB",6.495,7.16,7.825,7.865,NA,NA,NA,NA,NA,NA
"2026-09-29T22:47:44Z","Sleeper","Tyjae Spears","TEN","RB",5.748,6.943,8.138,8.168,NA,NA,NA,NA,NA,NA
"2026-09-29T22:47:44Z","Sleeper","Blake Corum","LA","RB",6.419,6.749,7.079,7.129,NA,NA,NA,NA,NA,NA
"2026-09-29T22:47:44Z","Sleeper","Kenny Gainwell","TB","RB",5.78,6.645,7.51,7.54,NA,NA,NA,NA,NA,NA
"2026-09-29T22:47:44Z","Sleeper","Tyler Allgeier","ARI","RB",5.392,6.577,7.762,7.802,NA,NA,NA,NA,NA,NA
"2026-09-29T22:47:44Z","Sleeper","Kendre Miller","NO","RB",5.948,6.508,7.068,7.108,NA,NA,NA,NA,NA,NA
"2026-09-29T22:47:44Z","Sleeper","Isaiah Davis","NYJ","RB",5.406,6.136,6.866,6.886,NA,NA,NA,NA,NA,NA
"2026-09-29T22:47:44Z","Sleeper","Emanuel Wilson","SEA","RB",5.302,5.697,6.092,6.132,NA,NA,NA,NA,NA,NA
"2026-09-29T22:47:44Z","Sleeper","Samaje Perine","CIN","RB",4.622,5.457,6.292,6.322,NA,NA,NA,NA,NA,NA
"2026-09-29T22:47:44Z","Sleeper","Justice Hill","BAL","RB",4.439,5.314,6.189,6.209,NA,NA,NA,NA,NA,NA
"2026-09-29T22:47:44Z","Sleeper","Chris Rodriguez","JAX","RB",4.995,5.24,5.485,5.505,NA,NA,NA,NA,NA,NA
"2026-09-29T22:47:44Z","Sleeper","Kaleb Johnson","GB","RB",4.576,5.146,5.716,5.746,NA,NA,NA,NA,NA,NA
"2026-09-29T22:47:44Z","Sleeper","Chris Brooks","GB","RB",4.407,5.127,5.847,5.877,NA,NA,NA,NA,NA,NA
"2026-09-29T22:47:44Z","Sleeper","Kaelon Black","SF","RB",4.608,4.978,5.348,5.378,NA,NA,NA,NA,NA,NA
"2026-09-29T22:47:44Z","Sleeper","Najee Harris","NYG","RB",4.332,4.677,5.022,5.052,NA,NA,NA,NA,NA,NA
"2026-09-29T22:47:44Z","Sleeper","Raheim Sanders","CLE","RB",3.581,4.451,5.321,5.341,NA,NA,NA,NA,NA,NA
"2026-09-29T22:47:44Z","Sleeper","George Holani","SEA","RB",3.641,4.411,5.181,5.201,NA,NA,NA,NA,NA,NA
"2026-09-29T22:47:44Z","Sleeper","Ty Johnson","BUF","RB",3.576,4.301,5.026,5.046,NA,NA,NA,NA,NA,NA
"2026-09-29T22:47:44Z","Sleeper","Mike Washington","LV","RB",3.891,4.161,4.431,4.451,NA,NA,NA,NA,NA,NA
"2026-09-29T22:47:44Z","Sleeper","Keaton Mitchell","LAC","RB",3.468,4.053,4.638,4.658,NA,NA,NA,NA,NA,NA
"2026-09-29T22:47:44Z","Sleeper","Emmett Johnson","KC","RB",3.38,3.965,4.55,4.57,NA,NA,NA,NA,NA,NA
"2026-09-29T22:47:44Z","Sleeper","Sione Vaki","DET","RB",3.51,3.93,4.35,4.37,NA,NA,NA,NA,NA,NA
"2026-09-29T22:47:44Z","Sleeper","AJ Dillon","CAR","RB",3.466,3.921,4.376,4.376,NA,NA,NA,NA,NA,NA
"2026-09-29T22:47:44Z","Sleeper","Brian Robinson","ATL","RB",3.547,3.882,4.217,4.237,NA,NA,NA,NA,NA,NA
"2026-09-29T22:47:44Z","Sleeper","CJ Donaldson","NO","RB",3.126,3.586,4.046,4.046,NA,NA,NA,NA,NA,NA
"2026-09-29T22:47:44Z","Sleeper","Jaylen Wright","MIA","RB",2.918,3.383,3.848,3.868,NA,NA,NA,NA,NA,NA
"2026-09-29T22:47:44Z","Sleeper","Tank Bigsby","PHI","RB",3.009,3.184,3.359,3.379,NA,NA,NA,NA,NA,NA
"2026-09-29T22:47:44Z","Sleeper","DeeJay Dallas","MIN","RB",2.413,2.948,3.483,3.493,NA,NA,NA,NA,NA,NA
"2026-09-29T22:47:44Z","Sleeper","Tyler Goodson","DAL","RB",2.434,2.944,3.454,3.474,NA,NA,NA,NA,NA,NA
"2026-09-29T22:47:44Z","Sleeper","Tyler Badie","DEN","RB",1.997,2.582,3.167,3.177,NA,NA,NA,NA,NA,NA
"2026-09-29T22:47:44Z","Sleeper","Ameer Abdullah","JAX","RB",2.14,2.52,2.9,2.91,NA,NA,NA,NA,NA,NA
"2026-09-29T22:47:44Z","Sleeper","Seth McGowan","IND","RB",2.283,2.473,2.663,2.673,NA,NA,NA,NA,NA,NA
"2026-09-29T22:47:44Z","Sleeper","Demond Claiborne","MIN","RB",2.194,2.369,2.544,2.554,NA,NA,NA,NA,NA,NA
"2026-09-29T22:47:44Z","Sleeper","Will Shipley","PHI","RB",1.291,1.666,2.041,2.051,NA,NA,NA,NA,NA,NA
"2026-09-29T22:47:44Z","Sleeper","Austin Ekeler","WAS","RB",1.26,1.595,1.93,1.94,NA,NA,NA,NA,NA,NA
"2026-09-29T22:47:44Z","Sleeper","LeQuint Allen","JAX","RB",1.174,1.534,1.894,1.904,NA,NA,NA,NA,NA,NA
"2026-09-29T22:47:44Z","Sleeper","Kimani Vidal","LAC","RB",1.07,1.38,1.69,1.7,NA,NA,NA,NA,NA,NA
"2026-09-29T22:47:44Z","Sleeper","Kyle Juszczyk","SF","RB",1.012,1.327,1.642,1.642,NA,NA,NA,NA,NA,NA
"2026-09-29T22:47:44Z","Sleeper","Devin Singletary","NYG","RB",0.92,1.04,1.16,1.16,NA,NA,NA,NA,NA,NA
"2026-09-29T22:47:44Z","Sleeper","Kaytron Allen","WAS","RB",0.937,1.022,1.107,1.117,NA,NA,NA,NA,NA,NA
"2026-09-29T22:47:44Z","Sleeper","Ray Davis","BUF","RB",0.958,1.013,1.068,1.078,NA,NA,NA,NA,NA,NA
"2026-09-29T22:47:44Z","Sleeper","Alec Ingold","LAC","RB",0.738,1.013,1.288,1.288,NA,NA,NA,NA,NA,NA
"2026-09-29T22:47:44Z","Sleeper","Hunter Luepke","DAL","RB",0.671,0.816,0.961,0.961,NA,NA,NA,NA,NA,NA
"2026-09-29T22:47:44Z","Sleeper","Trey McBride","ARI","TE",10.149,13.774,17.399,21.054,NA,NA,NA,NA,NA,NA
"2026-09-29T22:47:44Z","Sleeper","Brock Bowers","LV","TE",9.07,12.205,15.34,18.495,NA,NA,NA,NA,NA,NA
"2026-09-29T22:47:44Z","Sleeper","Harold Fannin","CLE","TE",7.763,9.993,12.223,14.473,NA,NA,NA,NA,NA,NA
"2026-09-29T22:47:44Z","Sleeper","Dalton Kincaid","BUF","TE",7.454,9.809,12.164,14.539,NA,NA,NA,NA,NA,NA
"2026-09-29T22:47:44Z","Sleeper","Tyler Warren","IND","TE",7.273,9.663,12.053,14.463,NA,NA,NA,NA,NA,NA
"2026-09-29T22:47:44Z","Sleeper","Juwan Johnson","NO","TE",7.457,9.567,11.677,13.807,NA,NA,NA,NA,NA,NA
"2026-09-29T22:47:44Z","Sleeper","Travis Kelce","KC","TE",7.246,9.506,11.766,14.046,NA,NA,NA,NA,NA,NA
"2026-09-29T22:47:44Z","Sleeper","George Kittle","SF","TE",7.287,9.362,11.437,13.532,NA,NA,NA,NA,NA,NA
"2026-09-29T22:47:44Z","Sleeper","Isaiah Likely","NYG","TE",7.259,9.299,11.339,13.399,NA,NA,NA,NA,NA,NA
"2026-09-29T22:47:44Z","Sleeper","Tucker Kraft","GB","TE",6.639,8.594,10.549,12.514,NA,NA,NA,NA,NA,NA
"2026-09-29T22:47:44Z","Sleeper","Colston Loveland","CHI","TE",6.769,8.524,10.279,12.044,NA,NA,NA,NA,NA,NA
"2026-09-29T22:47:44Z","Sleeper","Sam LaPorta","DET","TE",6.184,8.354,10.524,12.714,NA,NA,NA,NA,NA,NA
"2026-09-29T22:47:44Z","Sleeper","Dalton Schultz","HOU","TE",6.127,8.317,10.507,12.717,NA,NA,NA,NA,NA,NA
"2026-09-29T22:47:44Z","Sleeper","Brenton Strange","JAX","TE",6.048,7.853,9.658,11.473,NA,NA,NA,NA,NA,NA
"2026-09-29T22:47:44Z","Sleeper","Kenyon Sadiq","NYJ","TE",5.833,7.683,9.533,11.393,NA,NA,NA,NA,NA,NA
"2026-09-29T22:47:44Z","Sleeper","AJ Barner","SEA","TE",5.988,7.608,9.228,10.868,NA,NA,NA,NA,NA,NA
"2026-09-29T22:47:44Z","Sleeper","Hunter Henry","NE","TE",5.594,7.574,9.554,11.554,NA,NA,NA,NA,NA,NA
"2026-09-29T22:47:44Z","Sleeper","Darren Waller","CAR","TE",5.865,7.54,9.215,10.9,NA,NA,NA,NA,NA,NA
"2026-09-29T22:47:44Z","Sleeper","Jake Ferguson","DAL","TE",5.393,7.188,8.983,10.788,NA,NA,NA,NA,NA,NA
"2026-09-29T22:47:44Z","Sleeper","Kyle Pitts","ATL","TE",5.751,7.181,8.611,10.051,NA,NA,NA,NA,NA,NA
"2026-09-29T22:47:44Z","Sleeper","Mark Andrews","BAL","TE",4.969,6.759,8.549,10.359,NA,NA,NA,NA,NA,NA
"2026-09-29T22:47:44Z","Sleeper","T.J. Hockenson","MIN","TE",4.976,6.686,8.396,10.116,NA,NA,NA,NA,NA,NA
"2026-09-29T22:47:44Z","Sleeper","Pat Freiermuth","PIT","TE",4.783,6.418,8.053,9.698,NA,NA,NA,NA,NA,NA
"2026-09-29T22:47:44Z","Sleeper","Mike Gesicki","CIN","TE",4.907,6.367,7.827,9.297,NA,NA,NA,NA,NA,NA
"2026-09-29T22:47:44Z","Sleeper","Chig Okonkwo","WAS","TE",4.724,6.354,7.984,9.624,NA,NA,NA,NA,NA,NA
"2026-09-29T22:47:44Z","Sleeper","Cade Otton","TB","TE",4.128,5.663,7.198,8.743,NA,NA,NA,NA,NA,NA
"2026-09-29T22:47:44Z","Sleeper","Gunnar Helm","TEN","TE",3.718,5.478,7.238,9.008,NA,NA,NA,NA,NA,NA
"2026-09-29T22:47:44Z","Sleeper","Oronde Gadsden","LAC","TE",4.182,5.417,6.652,7.897,NA,NA,NA,NA,NA,NA
"2026-09-29T22:47:44Z","Sleeper","Tyler Higbee","LA","TE",4.04,5.325,6.61,7.905,NA,NA,NA,NA,NA,NA
"2026-09-29T22:47:44Z","Sleeper","Greg Dulcich","MIA","TE",3.7,5.155,6.61,8.075,NA,NA,NA,NA,NA,NA
"2026-09-29T22:47:44Z","Sleeper","Colby Parkinson","LA","TE",3.92,4.98,6.04,7.11,NA,NA,NA,NA,NA,NA
"2026-09-29T22:47:44Z","Sleeper","Noah Fant","NO","TE",3.913,4.968,6.023,7.088,NA,NA,NA,NA,NA,NA
"2026-09-29T22:47:44Z","Sleeper","Evan Engram","DEN","TE",3.319,4.444,5.569,6.704,NA,NA,NA,NA,NA,NA
"2026-09-29T22:47:44Z","Sleeper","Michael Mayer","LV","TE",2.937,4.262,5.587,6.922,NA,NA,NA,NA,NA,NA
"2026-09-29T22:47:44Z","Sleeper","Eli Raridon","NE","TE",2.575,3.395,4.215,5.045,NA,NA,NA,NA,NA,NA
"2026-09-29T22:47:44Z","Sleeper","Elijah Arroyo","SEA","TE",2.411,3.226,4.041,4.866,NA,NA,NA,NA,NA,NA
"2026-09-29T22:47:44Z","Sleeper","Cole Kmet","CHI","TE",2.353,3.083,3.813,4.553,NA,NA,NA,NA,NA,NA
"2026-09-29T22:47:44Z","Sleeper","Zach Ertz","PHI","TE",2.078,2.873,3.668,4.473,NA,NA,NA,NA,NA,NA
"2026-09-29T22:47:44Z","Sleeper","Foster Moreau","HOU","TE",2.153,2.808,3.463,4.118,NA,NA,NA,NA,NA,NA
"2026-09-29T22:47:44Z","Sleeper","Noah Gray","KC","TE",1.975,2.675,3.375,4.085,NA,NA,NA,NA,NA,NA
"2026-09-29T22:47:44Z","Sleeper","Darnell Washington","PIT","TE",1.852,2.597,3.342,4.097,NA,NA,NA,NA,NA,NA
"2026-09-29T22:47:44Z","Sleeper","Theo Johnson","NYG","TE",2.05,2.58,3.11,3.64,NA,NA,NA,NA,NA,NA
"2026-09-29T22:47:44Z","Sleeper","Jonnu Smith","GB","TE",1.843,2.578,3.313,4.058,NA,NA,NA,NA,NA,NA
"2026-09-29T22:47:44Z","Sleeper","Dawson Knox","BUF","TE",1.897,2.487,3.077,3.667,NA,NA,NA,NA,NA,NA
"2026-09-29T22:47:44Z","Sleeper","Tommy Tremble","CAR","TE",1.758,2.428,3.098,3.778,NA,NA,NA,NA,NA,NA
"2026-09-29T22:47:44Z","Sleeper","Johnny Mundt","PHI","TE",1.694,2.374,3.054,3.734,NA,NA,NA,NA,NA,NA
"2026-09-29T22:47:44Z","Sleeper","Erick All","CIN","TE",1.587,2.197,2.807,3.427,NA,NA,NA,NA,NA,NA
"2026-09-29T22:47:44Z","Sleeper","Austin Hooper","ATL","TE",1.737,2.192,2.647,3.102,NA,NA,NA,NA,NA,NA
"2026-09-29T22:47:44Z","Sleeper","Blake Whiteheart","CLE","TE",1.625,2.065,2.505,2.945,NA,NA,NA,NA,NA,NA
"2026-09-29T22:47:44Z","Sleeper","Mason Taylor","NYJ","TE",1.416,2.026,2.636,3.246,NA,NA,NA,NA,NA,NA
"2026-09-29T22:47:44Z","Sleeper","Jaxon Smith-Njigba","SEA","WR",15.68,18.93,22.18,22.21,NA,NA,NA,NA,NA,NA
"2026-09-29T22:47:44Z","Sleeper","Chris Olave","NO","WR",13.099,15.979,18.859,18.889,NA,NA,NA,NA,NA,NA
"2026-09-29T22:47:44Z","Sleeper","Nico Collins","HOU","WR",12.993,15.763,18.533,18.553,NA,NA,NA,NA,NA,NA
"2026-09-29T22:47:44Z","Sleeper","Zay Flowers","BAL","WR",12.854,15.344,17.834,17.854,NA,NA,NA,NA,NA,NA
"2026-09-29T22:47:44Z","Sleeper","Ja'Marr Chase","CIN","WR",12.02,15.08,18.14,18.17,NA,NA,NA,NA,NA,NA
"2026-09-29T22:47:44Z","Sleeper","Amon-Ra St. Brown","DET","WR",11.68,14.78,17.88,17.91,NA,NA,NA,NA,NA,NA
"2026-09-29T22:47:44Z","Sleeper","Puka Nacua","LA","WR",11.679,14.479,17.279,17.309,NA,NA,NA,NA,NA,NA
"2026-09-29T22:47:44Z","Sleeper","CeeDee Lamb","DAL","WR",11.405,14.4,17.395,17.425,NA,NA,NA,NA,NA,NA
"2026-09-29T22:47:44Z","Sleeper","Parker Washington","JAX","WR",11.8,14.285,16.77,16.79,NA,NA,NA,NA,NA,NA
"2026-09-29T22:47:44Z","Sleeper","Garrett Wilson","NYJ","WR",10.962,13.887,16.812,16.832,NA,NA,NA,NA,NA,NA
"2026-09-29T22:47:44Z","Sleeper","Drake London","ATL","WR",10.97,13.595,16.22,16.24,NA,NA,NA,NA,NA,NA
"2026-09-29T22:47:44Z","Sleeper","Justin Jefferson","MIN","WR",10.745,13.585,16.425,16.445,NA,NA,NA,NA,NA,NA
"2026-09-29T22:47:44Z","Sleeper","Tee Higgins","CIN","WR",11.166,13.566,15.966,15.986,NA,NA,NA,NA,NA,NA
"2026-09-29T22:47:44Z","Sleeper","Davante Adams","LA","WR",11.206,13.551,15.896,15.916,NA,NA,NA,NA,NA,NA
"2026-09-29T22:47:44Z","Sleeper","Christian Watson","GB","WR",11.048,13.133,15.218,15.238,NA,NA,NA,NA,NA,NA
"2026-09-29T22:47:44Z","Sleeper","Michael Wilson","ARI","WR",9.834,12.129,14.424,14.444,NA,NA,NA,NA,NA,NA
"2026-09-29T22:47:44Z","Sleeper","George Pickens","DAL","WR",9.567,12.112,14.657,14.677,NA,NA,NA,NA,NA,NA
"2026-09-29T22:47:44Z","Sleeper","Jalen Coker","CAR","WR",9.588,12.083,14.578,14.598,NA,NA,NA,NA,NA,NA
"2026-09-29T22:47:44Z","Sleeper","DJ Moore","BUF","WR",9.583,11.708,13.833,13.853,NA,NA,NA,NA,NA,NA
"2026-09-29T22:47:44Z","Sleeper","Rashee Rice","KC","WR",9.177,11.602,14.027,14.047,NA,NA,NA,NA,NA,NA
"2026-09-29T22:47:44Z","Sleeper","Mike Evans","SF","WR",9.406,11.416,13.426,13.446,NA,NA,NA,NA,NA,NA
"2026-09-29T22:47:44Z","Sleeper","Malik Nabers","NYG","WR",8.841,11.386,13.931,13.951,NA,NA,NA,NA,NA,NA
"2026-09-29T22:47:44Z","Sleeper","Tetairoa McMillan","CAR","WR",9.124,11.374,13.624,13.644,NA,NA,NA,NA,NA,NA
"2026-09-29T22:47:44Z","Sleeper","DeVonta Smith","PHI","WR",8.488,10.848,13.208,13.228,NA,NA,NA,NA,NA,NA
"2026-09-29T22:47:44Z","Sleeper","Josh Downs","IND","WR",8.442,10.557,12.672,12.692,NA,NA,NA,NA,NA,NA
"2026-09-29T22:47:44Z","Sleeper","Luther Burden","CHI","WR",8.231,10.406,12.581,12.601,NA,NA,NA,NA,NA,NA
"2026-09-29T22:47:44Z","Sleeper","Jaylen Waddle","DEN","WR",7.875,10.17,12.465,12.485,NA,NA,NA,NA,NA,NA
"2026-09-29T22:47:44Z","Sleeper","Matthew Golden","GB","WR",8.012,10.072,12.132,12.152,NA,NA,NA,NA,NA,NA
"2026-09-29T22:47:44Z","Sleeper","Ladd McConkey","LAC","WR",7.895,10.015,12.135,12.155,NA,NA,NA,NA,NA,NA
"2026-09-29T22:47:44Z","Sleeper","Terry McLaurin","WAS","WR",7.816,9.751,11.686,11.706,NA,NA,NA,NA,NA,NA
"2026-09-29T22:47:44Z","Sleeper","Denzel Boston","CLE","WR",7.852,9.437,11.022,11.032,NA,NA,NA,NA,NA,NA
"2026-09-29T22:47:44Z","Sleeper","Stefon Diggs","WAS","WR",7.167,9.142,11.117,11.137,NA,NA,NA,NA,NA,NA
"2026-09-29T22:47:44Z","Sleeper","Jordan Addison","MIN","WR",7.464,9.139,10.814,10.824,NA,NA,NA,NA,NA,NA
"2026-09-29T22:47:44Z","Sleeper","Jameson Williams","DET","WR",7.296,9.061,10.826,10.846,NA,NA,NA,NA,NA,NA
"2026-09-29T22:47:44Z","Sleeper","Emeka Egbuka","TB","WR",6.8,8.555,10.31,10.32,NA,NA,NA,NA,NA,NA
"2026-09-29T22:47:44Z","Sleeper","Courtland Sutton","DEN","WR",6.675,8.285,9.895,9.905,NA,NA,NA,NA,NA,NA
"2026-09-29T22:47:44Z","Sleeper","Devaughn Vele","NO","WR",6.38,8.28,10.18,10.2,NA,NA,NA,NA,NA,NA
"2026-09-29T22:47:44Z","Sleeper","DK Metcalf","PIT","WR",6.637,8.237,9.837,9.847,NA,NA,NA,NA,NA,NA
"2026-09-29T22:47:44Z","Sleeper","Kalif Raymond","CHI","WR",6.338,8.188,10.038,10.058,NA,NA,NA,NA,NA,NA
"2026-09-29T22:47:44Z","Sleeper","Xavier Worthy","KC","WR",6.53,8.12,9.71,9.73,NA,NA,NA,NA,NA,NA
"2026-09-29T22:47:44Z","Sleeper","Jakobi Meyers","JAX","WR",6.135,7.93,9.725,9.745,NA,NA,NA,NA,NA,NA
"2026-09-29T22:47:44Z","Sleeper","Carnell Tate","TEN","WR",5.741,7.916,10.091,10.111,NA,NA,NA,NA,NA,NA
"2026-09-29T22:47:44Z","Sleeper","Wan'Dale Robinson","TEN","WR",5.658,7.818,9.978,9.998,NA,NA,NA,NA,NA,NA
"2026-09-29T22:47:44Z","Sleeper","Jauan Jennings","MIN","WR",6.218,7.638,9.058,9.068,NA,NA,NA,NA,NA,NA
"2026-09-29T22:47:44Z","Sleeper","KC Concepcion","CLE","WR",5.763,7.618,9.473,9.493,NA,NA,NA,NA,NA,NA
"2026-09-29T22:47:44Z","Sleeper","Michael Pittman","PIT","WR",5.505,7.5,9.495,9.515,NA,NA,NA,NA,NA,NA
"2026-09-29T22:47:44Z","Sleeper","Romeo Doubs","NE","WR",5.925,7.445,8.965,8.975,NA,NA,NA,NA,NA,NA
"2026-09-29T22:47:44Z","Sleeper","Deebo Samuel","SF","WR",5.715,7.3,8.885,8.905,NA,NA,NA,NA,NA,NA
"2026-09-29T22:47:44Z","Sleeper","Rome Odunze","CHI","WR",5.812,7.162,8.512,8.522,NA,NA,NA,NA,NA,NA
"2026-09-29T22:47:44Z","Sleeper","Quentin Johnston","LAC","WR",5.78,7.16,8.54,8.55,NA,NA,NA,NA,NA,NA
"2026-09-29T22:47:44Z","Sleeper","Dontayvion Wicks","PHI","WR",5.584,7.144,8.704,8.714,NA,NA,NA,NA,NA,NA
"2026-09-29T22:47:44Z","Sleeper","Chris Godwin","TB","WR",5.343,7.078,8.813,8.823,NA,NA,NA,NA,NA,NA
"2026-09-29T22:47:44Z","Sleeper","Tre Tucker","LV","WR",5.583,7.073,8.563,8.573,NA,NA,NA,NA,NA,NA
"2026-09-29T22:47:44Z","Sleeper","Keenan Allen","IND","WR",5.402,7.057,8.712,8.722,NA,NA,NA,NA,NA,NA
"2026-09-29T22:47:44Z","Sleeper","Malik Washington","MIA","WR",5.297,7.052,8.807,8.827,NA,NA,NA,NA,NA,NA
"2026-09-29T22:47:44Z","Sleeper","Mack Hollins","NE","WR",5.271,7.001,8.731,8.751,NA,NA,NA,NA,NA,NA
"2026-09-29T22:47:44Z","Sleeper","Adonai Mitchell","NYJ","WR",5.459,6.939,8.419,8.429,NA,NA,NA,NA,NA,NA
"2026-09-29T22:47:44Z","Sleeper","Ryan Flournoy","DAL","WR",4.946,6.556,8.166,8.176,NA,NA,NA,NA,NA,NA
"2026-09-29T22:47:44Z","Sleeper","Rashod Bateman","BAL","WR",5.125,6.455,7.785,7.795,NA,NA,NA,NA,NA,NA
"2026-09-29T22:47:44Z","Sleeper","Khalil Shakir","BUF","WR",4.523,6.358,8.193,8.213,NA,NA,NA,NA,NA,NA
"2026-09-29T22:47:44Z","Sleeper","Brian Thomas","JAX","WR",5.064,6.304,7.544,7.554,NA,NA,NA,NA,NA,NA
"2026-09-29T22:47:44Z","Sleeper","Pat Bryant","DEN","WR",4.651,6.046,7.441,7.451,NA,NA,NA,NA,NA,NA
"2026-09-29T22:47:44Z","Sleeper","Rashid Shaheed","SEA","WR",4.572,5.697,6.822,6.832,NA,NA,NA,NA,NA,NA
"2026-09-29T22:47:44Z","Sleeper","Tre' Harris","LAC","WR",4.194,5.579,6.964,6.974,NA,NA,NA,NA,NA,NA
"2026-09-29T22:47:44Z","Sleeper","Kayshon Boutte","HOU","WR",4.332,5.452,6.572,6.582,NA,NA,NA,NA,NA,NA
"2026-09-29T22:47:44Z","Sleeper","Cooper Kupp","SEA","WR",4.071,5.161,6.251,6.261,NA,NA,NA,NA,NA,NA
"2026-09-29T22:47:44Z","Sleeper","Jalen Nailor","LV","WR",4.159,5.149,6.139,6.149,NA,NA,NA,NA,NA,NA
"2026-09-29T22:47:44Z","Sleeper","Elic Ayomanor","TEN","WR",4.134,5.069,6.004,6.014,NA,NA,NA,NA,NA,NA
"2026-09-29T22:47:44Z","Sleeper","Ted Hurst","TB","WR",4.037,5.027,6.017,6.027,NA,NA,NA,NA,NA,NA
"2026-09-29T22:47:44Z","Sleeper","Makai Lemon","PHI","WR",3.4,4.94,6.48,6.49,NA,NA,NA,NA,NA,NA
"2026-09-29T22:47:44Z","Sleeper","Caleb Douglas","MIA","WR",3.666,4.911,6.156,6.166,NA,NA,NA,NA,NA,NA
"2026-09-29T22:47:44Z","Sleeper","DeMario Douglas","NE","WR",3.671,4.871,6.071,6.081,NA,NA,NA,NA,NA,NA
"2026-09-29T22:47:44Z","Sleeper","Kendrick Bourne","ARI","WR",3.439,4.694,5.949,5.959,NA,NA,NA,NA,NA,NA
"2026-09-29T22:47:44Z","Sleeper","Xavier Hutchinson","HOU","WR",3.656,4.651,5.646,5.656,NA,NA,NA,NA,NA,NA
"2026-09-29T22:47:44Z","Sleeper","Tyquan Thornton","KC","WR",3.569,4.504,5.439,5.449,NA,NA,NA,NA,NA,NA
"2026-09-29T22:47:44Z","Sleeper","Marvin Harrison","ARI","WR",3.552,4.477,5.402,5.412,NA,NA,NA,NA,NA,NA
"2026-09-29T22:47:44Z","Sleeper","Malachi Fields","NYG","WR",3.582,4.447,5.312,5.322,NA,NA,NA,NA,NA,NA
"2026-09-29T22:47:44Z","Sleeper","Roman Wilson","PIT","WR",3.268,4.258,5.248,5.258,NA,NA,NA,NA,NA,NA
"2026-09-29T22:47:44Z","Sleeper","Laquon Treadwell","IND","WR",3.455,4.215,4.975,4.975,NA,NA,NA,NA,NA,NA
"2026-09-29T22:47:44Z","Sleeper","Chris Bell","MIA","WR",3.275,4.195,5.115,5.125,NA,NA,NA,NA,NA,NA
"2026-09-29T22:47:44Z","Sleeper","Isaiah Williams","NYJ","WR",2.849,4.054,5.259,5.269,NA,NA,NA,NA,NA,NA
"2026-09-29T22:47:44Z","Sleeper","Skyy Moore","GB","WR",3.101,4.026,4.951,4.971,NA,NA,NA,NA,NA,NA
"2026-09-29T22:47:44Z","Sleeper","Darnell Mooney","NYG","WR",3.212,3.987,4.762,4.772,NA,NA,NA,NA,NA,NA
"2026-09-29T22:47:44Z","Sleeper","Keon Coleman","BUF","WR",2.904,3.834,4.764,4.774,NA,NA,NA,NA,NA,NA
"2026-09-29T22:47:44Z","Sleeper","Antonio Williams","WAS","WR",2.924,3.784,4.644,4.654,NA,NA,NA,NA,NA,NA
"2026-09-29T22:47:44Z","Sleeper","Jahan Dotson","ATL","WR",2.888,3.688,4.488,4.498,NA,NA,NA,NA,NA,NA
"2026-09-29T22:47:44Z","Sleeper","Isaac TeSlaa","DET","WR",2.768,3.443,4.118,4.128,NA,NA,NA,NA,NA,NA
"2026-09-29T22:47:44Z","Sleeper","Josh Cameron","JAX","WR",2.49,3.055,3.62,3.63,NA,NA,NA,NA,NA,NA
"2026-09-29T22:47:44Z","Sleeper","Jerry Jeudy","CLE","WR",2.296,3.016,3.736,3.746,NA,NA,NA,NA,NA,NA
"2026-09-29T22:47:44Z","Sleeper","Dohnte Meyers","CIN","WR",2.259,2.949,3.639,3.639,NA,NA,NA,NA,NA,NA
"2026-09-29T22:47:44Z","Sleeper","Tory Horton","SEA","WR",2.321,2.891,3.461,3.471,NA,NA,NA,NA,NA,NA
"2026-09-29T22:47:44Z","Sleeper","Devontez Walker","BAL","WR",2.423,2.863,3.303,3.303,NA,NA,NA,NA,NA,NA
"2026-09-29T22:47:44Z","Sleeper","Kyle Williams","NE","WR",2.295,2.835,3.375,3.375,NA,NA,NA,NA,NA,NA
"2026-09-29T22:47:44Z","Sleeper","Cody White","LV","WR",2.348,2.813,3.278,3.278,NA,NA,NA,NA,NA,NA
"2026-09-29T22:47:44Z","Sleeper","Zachariah Branch","ATL","WR",1.937,2.522,3.107,3.107,NA,NA,NA,NA,NA,NA
"2026-09-29T22:47:44Z","Sleeper","Xavier Legette","CAR","WR",1.948,2.508,3.068,3.068,NA,NA,NA,NA,NA,NA
"2026-09-29T22:47:44Z","Sleeper","Olamide Zaccheaus","ATL","WR",1.961,2.466,2.971,2.981,NA,NA,NA,NA,NA,NA
"2026-09-29T22:47:44Z","Sleeper","Calvin Ridley","TEN","WR",1.828,2.343,2.858,2.858,NA,NA,NA,NA,NA,NA
"2026-09-29T22:47:44Z","Sleeper","Kevin Coleman","MIA","WR",1.731,2.221,2.711,2.711,NA,NA,NA,NA,NA,NA
"2026-09-29T22:47:44Z","Sleeper","Tez Johnson","TB","WR",1.757,2.202,2.647,2.647,NA,NA,NA,NA,NA,NA
"2026-09-29T22:47:44Z","Sleeper","KaVontae Turpin","DAL","WR",1.714,2.049,2.384,2.394,NA,NA,NA,NA,NA,NA
"2026-09-29T22:47:44Z","Sleeper","Troy Franklin","DEN","WR",1.55,1.995,2.44,2.44,NA,NA,NA,NA,NA,NA
"2026-09-29T22:47:44Z","Sleeper","Jacob Cowing","SF","WR",1.513,1.978,2.443,2.443,NA,NA,NA,NA,NA,NA
"2026-09-29T22:47:44Z","Sleeper","Jared Wayne","HOU","WR",1.47,1.925,2.38,2.38,NA,NA,NA,NA,NA,NA
"2026-09-29T22:47:44Z","Sleeper","Germie Bernard","PIT","WR",1.485,1.91,2.335,2.335,NA,NA,NA,NA,NA,NA
"2026-09-29T22:47:44Z","Sleeper","Joshua Palmer","BUF","WR",1.406,1.871,2.336,2.336,NA,NA,NA,NA,NA,NA
"2026-09-29T22:47:44Z","Sleeper","Darius Cooper","PHI","WR",1.359,1.859,2.359,2.359,NA,NA,NA,NA,NA,NA
"2026-09-29T22:47:44Z","Sleeper","Konata Mumpfield","LA","WR",1.462,1.837,2.212,2.212,NA,NA,NA,NA,NA,NA
"2026-09-29T22:47:44Z","Sleeper","Jaylin Noel","HOU","WR",1.465,1.8,2.135,2.135,NA,NA,NA,NA,NA,NA
"2026-09-29T22:47:44Z","Sleeper","Isaiah Bond","CLE","WR",1.468,1.768,2.068,2.068,NA,NA,NA,NA,NA,NA
"2026-09-29T23:36:04Z","ECR","Josh Allen","BUF","QB",NA,NA,22.5,NA,1,1,0,1,1,"2026-09-29"
"2026-09-29T23:36:04Z","ECR","Lamar Jackson","BAL","QB",NA,NA,21.5,NA,2,2.11,0.31,2,3,"2026-09-29"
"2026-09-29T23:36:04Z","ECR","Patrick Mahomes II","KC","QB",NA,NA,20.8,NA,3,3.11,0.57,2,4,"2026-09-29"
"2026-09-29T23:36:04Z","ECR","Trevor Lawrence","JAX","QB",NA,NA,20.2,NA,4,4.22,0.79,3,6,"2026-09-29"
"2026-09-29T23:36:04Z","ECR","Jalen Hurts","PHI","QB",NA,NA,19.7,NA,5,6,1.15,5,8,"2026-09-29"
"2026-09-29T23:36:04Z","ECR","Jared Goff","DET","QB",NA,NA,19.4,NA,6,6.67,1.33,5,9,"2026-09-29"
"2026-09-29T23:36:04Z","ECR","Joe Burrow","CIN","QB",NA,NA,19.2,NA,7,6.78,1.47,5,9,"2026-09-29"
"2026-09-29T23:36:04Z","ECR","Brock Purdy","SF","QB",NA,NA,19,NA,8,7.11,0.74,6,8,"2026-09-29"
"2026-09-29T23:36:04Z","ECR","Tyler Shough","NO","QB",NA,NA,18.7,NA,9,9.11,1.29,7,11,"2026-09-29"
"2026-09-29T23:36:04Z","ECR","Dak Prescott","DAL","QB",NA,NA,18.3,NA,10,9.33,1.33,6,11,"2026-09-29"
"2026-09-29T23:36:04Z","ECR","Bryce Young","CAR","QB",NA,NA,18,NA,11,11.33,1.25,10,14,"2026-09-29"
"2026-09-29T23:36:04Z","ECR","Jordan Love","GB","QB",NA,NA,17.8,NA,12,12.67,0.82,12,14,"2026-09-29"
"2026-09-29T23:36:04Z","ECR","Kyler Murray","MIN","QB",NA,NA,17.5,NA,13,13.67,1.05,12,15,"2026-09-29"
"2026-09-29T23:36:04Z","ECR","Drake Maye","NE","QB",NA,NA,17.3,NA,14,14,1.49,13,17,"2026-09-29"
"2026-09-29T23:36:04Z","ECR","Matthew Stafford","LA","QB",NA,NA,17,NA,15,14.78,1.31,12,17,"2026-09-29"
"2026-09-29T23:36:04Z","ECR","Bo Nix","DEN","QB",NA,NA,16.8,NA,16,15.44,1.89,12,19,"2026-09-29"
"2026-09-29T23:36:04Z","ECR","C.J. Stroud","HOU","QB",NA,NA,16.4,NA,17,17.56,1.34,16,21,"2026-09-29"
"2026-09-29T23:36:04Z","ECR","Geno Smith","NYJ","QB",NA,NA,16.1,NA,18,18.44,0.96,17,20,"2026-09-29"
"2026-09-29T23:36:04Z","ECR","Marcus Mariota","WAS","QB",NA,NA,15.7,NA,19,19.22,1.81,17,23,"2026-09-29"
"2026-09-29T23:36:04Z","ECR","Daniel Jones","IND","QB",NA,NA,15.4,NA,20,20.22,1.31,19,23,"2026-09-29"
"2026-09-29T23:36:04Z","ECR","Jacoby Brissett","ARI","QB",NA,NA,15.1,NA,21,20.78,0.63,20,22,"2026-09-29"
"2026-09-29T23:36:04Z","ECR","Justin Herbert","LAC","QB",NA,NA,14.8,NA,22,22,1.63,18,24,"2026-09-29"
"2026-09-29T23:36:04Z","ECR","Sam Darnold","SEA","QB",NA,NA,14.6,NA,23,22.22,1.4,19,24,"2026-09-29"
"2026-09-29T23:36:04Z","ECR","Kirk Cousins","LV","QB",NA,NA,14.4,NA,24,24,1.25,21,26,"2026-09-29"
"2026-09-29T23:36:04Z","ECR","Michael Penix Jr.","ATL","QB",NA,NA,14.1,NA,25,25.33,1.05,24,27,"2026-09-29"
"2026-09-29T23:36:04Z","ECR","Jameis Winston","NYG","QB",NA,NA,13.9,NA,26,26.89,1.79,25,31,"2026-09-29"
"2026-09-29T23:36:04Z","ECR","Malik Willis","MIA","QB",NA,NA,13.6,NA,27,27,1.49,25,30,"2026-09-29"
"2026-09-29T23:36:04Z","ECR","Deshaun Watson","CLE","QB",NA,NA,13.2,NA,28,27.89,0.74,27,29,"2026-09-29"
"2026-09-29T23:36:04Z","ECR","Aaron Rodgers","PIT","QB",NA,NA,12.7,NA,29,28.67,1.15,26,30,"2026-09-29"
"2026-09-29T23:36:04Z","ECR","Jalon Daniels","TB","QB",NA,NA,11.7,NA,30,31.67,0.94,31,34,"2026-09-29"
"2026-09-29T23:36:04Z","ECR","Cam Ward","TEN","QB",NA,NA,10.6,NA,31,30.88,1.05,29,32,"2026-09-29"
"2026-09-29T23:36:04Z","ECR","Tyson Bagent","CHI","QB",NA,NA,9.3,NA,32,30.57,1.59,28,33,"2026-09-29"
"2026-09-29T23:36:04Z","ECR","Case Keenum","CHI","QB",NA,NA,7.9,NA,33,35.67,6.16,30,49,"2026-09-29"
"2026-09-29T23:36:04Z","ECR","Drew Lock","SEA","QB",NA,NA,0.9,NA,34,34.4,0.8,33,35,"2026-09-29"
"2026-09-29T23:36:04Z","ECR","Shedeur Sanders","CLE","QB",NA,NA,0.8,NA,35,35.5,1.5,34,37,"2026-09-29"
"2026-09-29T23:36:04Z","ECR","Justin Fields","KC","QB",NA,NA,0.5,NA,36,38,1,37,39,"2026-09-29"
"2026-09-29T23:36:04Z","ECR","Anthony Richardson Sr.","IND","QB",NA,NA,0.5,NA,37,40,0,40,40,"2026-09-29"
"2026-09-29T23:36:04Z","ECR","Joe Flacco","CIN","QB",NA,NA,0.5,NA,38,42.5,0.5,42,43,"2026-09-29"
"2026-09-29T23:36:04Z","ECR","Fernando Mendoza","LV","QB",NA,NA,0.5,NA,39,43,7,36,50,"2026-09-29"
"2026-09-29T23:36:04Z","ECR","J.J. McCarthy","NYG","QB",NA,NA,0.5,NA,40,43,5,38,48,"2026-09-29"
"2026-09-29T23:36:04Z","ECR","Jahmyr Gibbs","DET","RB",NA,NA,25.5,NA,1,1,0,1,1,"2026-09-29"
"2026-09-29T23:36:04Z","ECR","Bijan Robinson","ATL","RB",NA,NA,21.9,NA,2,2.13,0.33,2,3,"2026-09-29"
"2026-09-29T23:36:04Z","ECR","Kenneth Walker III","KC","RB",NA,NA,21.3,NA,3,2.88,0.33,2,3,"2026-09-29"
"2026-09-29T23:36:04Z","ECR","Derrick Henry","BAL","RB",NA,NA,19.5,NA,4,4.38,0.48,4,5,"2026-09-29"
"2026-09-29T23:36:04Z","ECR","Christian McCaffrey","SF","RB",NA,NA,19,NA,5,4.63,0.48,4,5,"2026-09-29"
"2026-09-29T23:36:04Z","ECR","Jonathan Taylor","IND","RB",NA,NA,18.9,NA,6,7,1,6,9,"2026-09-29"
"2026-09-29T23:36:04Z","ECR","James Cook III","BUF","RB",NA,NA,17.7,NA,7,7.88,0.93,7,9,"2026-09-29"
"2026-09-29T23:36:04Z","ECR","Ashton Jeanty","LV","RB",NA,NA,16.7,NA,8,8.13,1.54,6,11,"2026-09-29"
"2026-09-29T23:36:04Z","ECR","Jeremiyah Love","ARI","RB",NA,NA,16.7,NA,9,9.75,0.97,8,11,"2026-09-29"
"2026-09-29T23:36:04Z","ECR","Chase Brown","CIN","RB",NA,NA,16.4,NA,10,9.88,2.37,6,14,"2026-09-29"
"2026-09-29T23:36:04Z","ECR","Saquon Barkley","PHI","RB",NA,NA,16.1,NA,11,11.75,2.82,8,15,"2026-09-29"
"2026-09-29T23:36:04Z","ECR","Jaylen Warren","PIT","RB",NA,NA,16,NA,12,12.25,2.17,9,15,"2026-09-29"
"2026-09-29T23:36:04Z","ECR","Chuba Hubbard","CAR","RB",NA,NA,15.8,NA,13,12.5,0.87,11,14,"2026-09-29"
"2026-09-29T23:36:04Z","ECR","Kyren Williams","LA","RB",NA,NA,14.9,NA,14,12.75,1.3,10,14,"2026-09-29"
"2026-09-29T23:36:04Z","ECR","Aaron Jones Sr.","MIN","RB",NA,NA,14.4,NA,15,15,1.5,13,18,"2026-09-29"
"2026-09-29T23:36:04Z","ECR","D'Andre Swift","CHI","RB",NA,NA,14.4,NA,16,15.25,1.09,13,16,"2026-09-29"
"2026-09-29T23:36:04Z","ECR","Javonte Williams","DAL","RB",NA,NA,14.3,NA,17,16.63,1.65,13,18,"2026-09-29"
"2026-09-29T23:36:04Z","ECR","Cam Skattebo","NYG","RB",NA,NA,14.1,NA,18,18.5,1.22,17,21,"2026-09-29"
"2026-09-29T23:36:04Z","ECR","Bucky Irving","TB","RB",NA,NA,13.9,NA,19,19.5,1.41,17,21,"2026-09-29"
"2026-09-29T23:36:04Z","ECR","Bhayshul Tuten","JAX","RB",NA,NA,13.9,NA,20,19.5,0.87,18,21,"2026-09-29"
"2026-09-29T23:36:04Z","ECR","Omarion Hampton","LAC","RB",NA,NA,13.6,NA,21,21.75,2.22,19,26,"2026-09-29"
"2026-09-29T23:36:04Z","ECR","David Montgomery","HOU","RB",NA,NA,11.8,NA,22,21.88,0.6,21,23,"2026-09-29"
"2026-09-29T23:36:04Z","ECR","Braelon Allen","NYJ","RB",NA,NA,11.5,NA,23,22.63,2.06,20,26,"2026-09-29"
"2026-09-29T23:36:04Z","ECR","Quinshon Judkins","CLE","RB",NA,NA,11.3,NA,24,24,0.5,23,25,"2026-09-29"
"2026-09-29T23:36:04Z","ECR","TreVeyon Henderson","NE","RB",NA,NA,11.1,NA,25,25.63,2.34,23,30,"2026-09-29"
"2026-09-29T23:36:04Z","ECR","Jacory Croskey-Merritt","WAS","RB",NA,NA,11,NA,26,26.38,3.16,22,31,"2026-09-29"
"2026-09-29T23:36:04Z","ECR","Rhamondre Stevenson","NE","RB",NA,NA,10.1,NA,27,26.63,0.86,26,28,"2026-09-29"
"2026-09-29T23:36:04Z","ECR","Tony Pollard","TEN","RB",NA,NA,10.1,NA,28,28.25,0.97,27,30,"2026-09-29"
"2026-09-29T23:36:04Z","ECR","RJ Harvey","DEN","RB",NA,NA,10.1,NA,29,28.5,1.94,26,32,"2026-09-29"
"2026-09-29T23:36:04Z","ECR","J.K. Dobbins","DEN","RB",NA,NA,9.7,NA,30,29.38,1.41,26,31,"2026-09-29"
"2026-09-29T23:36:04Z","ECR","Jadarian Price","SEA","RB",NA,NA,9.5,NA,31,31,0.71,30,32,"2026-09-29"
"2026-09-29T23:36:04Z","ECR","Kyle Monangai","CHI","RB",NA,NA,9.5,NA,32,33.5,2.35,29,37,"2026-09-29"
"2026-09-29T23:36:04Z","ECR","Woody Marks","HOU","RB",NA,NA,9.3,NA,33,33.5,1.22,32,36,"2026-09-29"
"2026-09-29T23:36:04Z","ECR","Alvin Kamara","NO","RB",NA,NA,8.8,NA,34,34.63,4.5,31,46,"2026-09-29"
"2026-09-29T23:36:04Z","ECR","Rachaad White","WAS","RB",NA,NA,8.1,NA,35,34.63,0.7,34,36,"2026-09-29"
"2026-09-29T23:36:04Z","ECR","Ollie Gordon II","MIA","RB",NA,NA,8,NA,36,35,1.94,32,38,"2026-09-29"
"2026-09-29T23:36:04Z","ECR","Blake Corum","LA","RB",NA,NA,7.9,NA,37,36.63,1.58,35,39,"2026-09-29"
"2026-09-29T23:36:04Z","ECR","Tyler Allgeier","ARI","RB",NA,NA,7.9,NA,38,39.38,1.8,38,44,"2026-09-29"
"2026-09-29T23:36:04Z","ECR","Emmett Johnson","KC","RB",NA,NA,7.9,NA,39,40.63,4.9,37,53,"2026-09-29"
"2026-09-29T23:36:04Z","ECR","Kaelon Black","SF","RB",NA,NA,7.8,NA,40,40.88,1.05,40,43,"2026-09-29"
"2026-09-29T23:36:04Z","ECR","Chris Rodriguez Jr.","JAX","RB",NA,NA,7.7,NA,41,42.88,0.6,42,44,"2026-09-29"
"2026-09-29T23:36:04Z","ECR","Kenny Gainwell","TB","RB",NA,NA,7.6,NA,42,43,2,41,48,"2026-09-29"
"2026-09-29T23:36:04Z","ECR","Kaleb Johnson","GB","RB",NA,NA,6.9,NA,43,43,2.35,41,46,"2026-09-29"
"2026-09-29T23:36:04Z","ECR","Keaton Mitchell","LAC","RB",NA,NA,6.7,NA,44,43.5,4,38,51,"2026-09-29"
"2026-09-29T23:36:04Z","ECR","Mike Washington Jr.","LV","RB",NA,NA,6.6,NA,45,44.38,2.64,38,47,"2026-09-29"
"2026-09-29T23:36:04Z","ECR","Tyjae Spears","TEN","RB",NA,NA,6,NA,46,45.13,1.54,44,48,"2026-09-29"
"2026-09-29T23:36:04Z","ECR","Emanuel Wilson","SEA","RB",NA,NA,5.9,NA,47,46.75,2.86,40,49,"2026-09-29"
"2026-09-29T23:36:04Z","ECR","MarShawn Lloyd","GB","RB",NA,NA,5.8,NA,48,48.13,1.45,45,50,"2026-09-29"
"2026-09-29T23:36:04Z","ECR","Justice Hill","BAL","RB",NA,NA,5.8,NA,49,48.5,1.5,47,52,"2026-09-29"
"2026-09-29T23:36:04Z","ECR","Brian Robinson Jr.","ATL","RB",NA,NA,5.8,NA,50,50.38,2.12,46,54,"2026-09-29"
"2026-09-29T23:36:04Z","ECR","Kendre Miller","NO","RB",NA,NA,5.7,NA,51,51.25,5.4,41,59,"2026-09-29"
"2026-09-29T23:36:04Z","ECR","George Holani","SEA","RB",NA,NA,5.5,NA,52,51.88,1.83,50,55,"2026-09-29"
"2026-09-29T23:36:04Z","ECR","Najee Harris","NYG","RB",NA,NA,5.5,NA,53,54.25,1.98,52,58,"2026-09-29"
"2026-09-29T23:36:04Z","ECR","Ty Johnson","BUF","RB",NA,NA,5.3,NA,54,58.63,6.4,52,69,"2026-09-29"
"2026-09-29T23:36:04Z","ECR","Chris Brooks","GB","RB",NA,NA,5.2,NA,55,55,3.55,51,62,"2026-09-29"
"2026-09-29T23:36:04Z","ECR","Samaje Perine","CIN","RB",NA,NA,5.1,NA,56,55.86,2.23,53,59,"2026-09-29"
"2026-09-29T23:36:04Z","ECR","Raheim Sanders","CLE","RB",NA,NA,4.9,NA,57,56.14,0.83,55,57,"2026-09-29"
"2026-09-29T23:36:04Z","ECR","Tank Bigsby","PHI","RB",NA,NA,4.8,NA,58,61.14,4.45,57,71,"2026-09-29"
"2026-09-29T23:36:04Z","ECR","Sione Vaki","DET","RB",NA,NA,4.4,NA,59,60.67,2.87,59,67,"2026-09-29"
"2026-09-29T23:36:04Z","ECR","Will Shipley","PHI","RB",NA,NA,4.3,NA,60,61.83,1.67,60,65,"2026-09-29"
"2026-09-29T23:36:04Z","ECR","Breece Hall","NYJ","RB",NA,NA,4,NA,61,58.2,7.91,46,67,"2026-09-29"
"2026-09-29T23:36:04Z","ECR","DeeJay Dallas","MIN","RB",NA,NA,3.8,NA,62,61.8,1.47,60,64,"2026-09-29"
"2026-09-29T23:36:04Z","ECR","Demond Claiborne","MIN","RB",NA,NA,3.4,NA,63,64.2,2.48,60,67,"2026-09-29"
"2026-09-29T23:36:04Z","ECR","AJ Dillon","CAR","RB",NA,NA,3.2,NA,64,64.6,3.38,62,71,"2026-09-29"
"2026-09-29T23:36:04Z","ECR","Isaiah Davis","NYJ","RB",NA,NA,3.2,NA,65,68.83,8.78,54,80,"2026-09-29"
"2026-09-29T23:36:04Z","ECR","Kyle Juszczyk","SF","RB",NA,NA,3.2,NA,66,65.4,1.62,63,67,"2026-09-29"
"2026-09-29T23:36:04Z","ECR","Ray Davis","BUF","RB",NA,NA,3,NA,67,65.6,1.36,64,68,"2026-09-29"
"2026-09-29T23:36:04Z","ECR","Jaylen Wright","MIA","RB",NA,NA,2.7,NA,68,69.2,12.12,48,82,"2026-09-29"
"2026-09-29T23:36:04Z","ECR","Kimani Vidal","LAC","RB",NA,NA,2.5,NA,69,69.8,3.12,64,73,"2026-09-29"
"2026-09-29T23:36:04Z","ECR","Tyrone Tracy Jr.","NYG","RB",NA,NA,2.5,NA,70,70.2,1.33,68,72,"2026-09-29"
"2026-09-29T23:36:04Z","ECR","Emari Demercado","DAL","RB",NA,NA,2.3,NA,71,70.8,1.94,68,73,"2026-09-29"
"2026-09-29T23:36:04Z","ECR","LeQuint Allen Jr.","JAX","RB",NA,NA,2.2,NA,72,72.6,1.5,70,74,"2026-09-29"
"2026-09-29T23:36:04Z","ECR","Kaytron Allen","WAS","RB",NA,NA,1.9,NA,73,72.8,2.14,70,76,"2026-09-29"
"2026-09-29T23:36:04Z","ECR","Nicholas Singleton","TEN","RB",NA,NA,1.8,NA,74,74.8,3.37,69,79,"2026-09-29"
"2026-09-29T23:36:04Z","ECR","Jacob Saylors","DET","RB",NA,NA,1.4,NA,75,77.4,5.35,68,84,"2026-09-29"
"2026-09-29T23:36:04Z","ECR","Sean Tucker","TB","RB",NA,NA,1.3,NA,76,75.25,0.83,74,76,"2026-09-29"
"2026-09-29T23:36:04Z","ECR","Seth McGowan","IND","RB",NA,NA,1.3,NA,77,78,1.1,77,80,"2026-09-29"
"2026-09-29T23:36:04Z","ECR","Travis Homer","PIT","RB",NA,NA,1.2,NA,78,75,3.27,71,79,"2026-09-29"
"2026-09-29T23:36:04Z","ECR","Tyler Badie","DEN","RB",NA,NA,1.1,NA,79,78.5,7.63,66,86,"2026-09-29"
"2026-09-29T23:36:04Z","ECR","Brashard Smith","KC","RB",NA,NA,1,NA,80,79,2.12,76,81,"2026-09-29"
"2026-09-29T23:36:04Z","ECR","Brock Bowers","LV","TE",NA,NA,18.6,NA,1,1.38,0.48,1,2,"2026-09-29"
"2026-09-29T23:36:04Z","ECR","Trey McBride","ARI","TE",NA,NA,16,NA,2,1.63,0.48,1,2,"2026-09-29"
"2026-09-29T23:36:04Z","ECR","Travis Kelce","KC","TE",NA,NA,13.6,NA,3,4.38,1.87,3,9,"2026-09-29"
"2026-09-29T23:36:04Z","ECR","George Kittle","SF","TE",NA,NA,12.9,NA,4,4.63,2.23,3,10,"2026-09-29"
"2026-09-29T23:36:04Z","ECR","Dalton Kincaid","BUF","TE",NA,NA,12.2,NA,5,5.13,0.6,4,6,"2026-09-29"
"2026-09-29T23:36:04Z","ECR","Sam LaPorta","DET","TE",NA,NA,12,NA,6,5.75,1.2,4,7,"2026-09-29"
"2026-09-29T23:36:04Z","ECR","Tyler Warren","IND","TE",NA,NA,11.7,NA,7,6.25,0.66,5,7,"2026-09-29"
"2026-09-29T23:36:04Z","ECR","Juwan Johnson","NO","TE",NA,NA,11.7,NA,8,8.25,0.43,8,9,"2026-09-29"
"2026-09-29T23:36:04Z","ECR","Tucker Kraft","GB","TE",NA,NA,11.4,NA,9,9.75,1.3,7,11,"2026-09-29"
"2026-09-29T23:36:04Z","ECR","Dalton Schultz","HOU","TE",NA,NA,11.2,NA,10,10.38,2.87,7,16,"2026-09-29"
"2026-09-29T23:36:04Z","ECR","Harold Fannin Jr.","CLE","TE",NA,NA,10.8,NA,11,11.25,1.48,8,13,"2026-09-29"
"2026-09-29T23:36:04Z","ECR","Isaiah Likely","NYG","TE",NA,NA,10.1,NA,12,11.5,0.87,10,13,"2026-09-29"
"2026-09-29T23:36:04Z","ECR","Kenyon Sadiq","NYJ","TE",NA,NA,10.1,NA,13,12.75,2.33,9,16,"2026-09-29"
"2026-09-29T23:36:04Z","ECR","Colston Loveland","CHI","TE",NA,NA,10.1,NA,14,13.88,1.27,11,15,"2026-09-29"
"2026-09-29T23:36:04Z","ECR","Mark Andrews","BAL","TE",NA,NA,9.9,NA,15,15.25,1.98,13,18,"2026-09-29"
"2026-09-29T23:36:04Z","ECR","Darren Waller","CAR","TE",NA,NA,9.1,NA,16,16.38,1.58,15,19,"2026-09-29"
"2026-09-29T23:36:04Z","ECR","Jake Ferguson","DAL","TE",NA,NA,8.6,NA,17,17.5,2,14,21,"2026-09-29"
"2026-09-29T23:36:04Z","ECR","Kyle Pitts Sr.","ATL","TE",NA,NA,8.5,NA,18,18.88,1.83,16,22,"2026-09-29"
"2026-09-29T23:36:04Z","ECR","Pat Freiermuth","PIT","TE",NA,NA,8.5,NA,19,19.25,2.11,17,24,"2026-09-29"
"2026-09-29T23:36:04Z","ECR","Hunter Henry","NE","TE",NA,NA,8.5,NA,20,20.5,0.87,20,22,"2026-09-29"
"2026-09-29T23:36:04Z","ECR","Brenton Strange","JAX","TE",NA,NA,8.3,NA,21,20.75,2.33,17,23,"2026-09-29"
"2026-09-29T23:36:04Z","ECR","T.J. Hockenson","MIN","TE",NA,NA,8.2,NA,22,22.5,1.32,21,25,"2026-09-29"
"2026-09-29T23:36:04Z","ECR","Tyler Higbee","LA","TE",NA,NA,8,NA,23,23.25,6.1,17,34,"2026-09-29"
"2026-09-29T23:36:04Z","ECR","Oronde Gadsden II","LAC","TE",NA,NA,7.8,NA,24,23.38,1.41,21,25,"2026-09-29"
"2026-09-29T23:36:04Z","ECR","AJ Barner","SEA","TE",NA,NA,7.2,NA,25,24.38,0.48,24,25,"2026-09-29"
"2026-09-29T23:36:04Z","ECR","Mike Gesicki","CIN","TE",NA,NA,7.1,NA,26,26.5,0.71,26,28,"2026-09-29"
"2026-09-29T23:36:04Z","ECR","Evan Engram","DEN","TE",NA,NA,7,NA,27,27.88,1.69,25,31,"2026-09-29"
"2026-09-29T23:36:04Z","ECR","Michael Mayer","LV","TE",NA,NA,6.8,NA,28,29.75,2.11,28,35,"2026-09-29"
"2026-09-29T23:36:04Z","ECR","Cade Otton","TB","TE",NA,NA,6.7,NA,29,30.25,2.22,27,34,"2026-09-29"
"2026-09-29T23:36:04Z","ECR","Greg Dulcich","MIA","TE",NA,NA,6.3,NA,30,30.75,1.98,26,33,"2026-09-29"
"2026-09-29T23:36:04Z","ECR","Darnell Washington","PIT","TE",NA,NA,6.3,NA,31,31.43,1.59,29,34,"2026-09-29"
"2026-09-29T23:36:04Z","ECR","Terrance Ferguson","LA","TE",NA,NA,6.2,NA,32,25.2,6.18,15,33,"2026-09-29"
"2026-09-29T23:36:04Z","ECR","Gunnar Helm","TEN","TE",NA,NA,5.8,NA,33,32,1.41,29,33,"2026-09-29"
"2026-09-29T23:36:04Z","ECR","Colby Parkinson","LA","TE",NA,NA,5.5,NA,34,34.5,3.4,30,41,"2026-09-29"
"2026-09-29T23:36:04Z","ECR","Zach Ertz","PHI","TE",NA,NA,4.6,NA,35,34.5,0.96,33,36,"2026-09-29"
"2026-09-29T23:36:04Z","ECR","Noah Fant","NO","TE",NA,NA,4.5,NA,36,33.33,7.41,25,43,"2026-09-29"
"2026-09-29T23:36:04Z","ECR","Cole Kmet","CHI","TE",NA,NA,4.4,NA,37,37,1,36,38,"2026-09-29"
"2026-09-29T23:36:04Z","ECR","Theo Johnson","NYG","TE",NA,NA,4.2,NA,38,37.5,0.5,37,38,"2026-09-29"
"2026-09-29T23:36:04Z","ECR","Elijah Arroyo","SEA","TE",NA,NA,4.1,NA,39,42.5,2.5,40,45,"2026-09-29"
"2026-09-29T23:36:04Z","ECR","Tommy Tremble","CAR","TE",NA,NA,4.1,NA,40,42.5,0.5,42,43,"2026-09-29"
"2026-09-29T23:36:04Z","ECR","Noah Gray","KC","TE",NA,NA,4.1,NA,41,44,5,39,49,"2026-09-29"
"2026-09-29T23:36:04Z","ECR","Marlin Klein","HOU","TE",NA,NA,3.6,NA,42,47.5,8.5,39,56,"2026-09-29"
"2026-09-29T23:36:04Z","ECR","Erick All Jr.","CIN","TE",NA,NA,3.6,NA,43,47.5,3.5,44,51,"2026-09-29"
"2026-09-29T23:36:04Z","ECR","Matt Hibner","BAL","TE",NA,NA,3.6,NA,44,48,14,34,62,"2026-09-29"
"2026-09-29T23:36:04Z","ECR","Daniel Bellinger","TEN","TE",NA,NA,3.6,NA,45,50,1,49,51,"2026-09-29"
"2026-09-29T23:36:04Z","ECR","Drew Sample","CIN","TE",NA,NA,3.6,NA,46,50,0,50,50,"2026-09-29"
"2026-09-29T23:36:04Z","ECR","Ben Sinnott","WAS","TE",NA,NA,3.5,NA,47,50.5,10.5,40,61,"2026-09-29"
"2026-09-29T23:36:04Z","ECR","Dawson Knox","BUF","TE",NA,NA,3.1,NA,48,51.5,5.5,46,57,"2026-09-29"
"2026-09-29T23:36:04Z","ECR","Jonnu Smith","GB","TE",NA,NA,2.6,NA,49,56.5,2.5,54,59,"2026-09-29"
"2026-09-29T23:36:04Z","ECR","Luke Schoonmaker","DAL","TE",NA,NA,1.9,NA,50,59.5,1.5,58,61,"2026-09-29"
"2026-09-29T23:36:04Z","ECR","Jaxon Smith-Njigba","SEA","WR",NA,NA,21.8,NA,1,1.13,0.33,1,2,"2026-09-29"
"2026-09-29T23:36:04Z","ECR","Ja'Marr Chase","CIN","WR",NA,NA,20.2,NA,2,2.13,0.6,1,3,"2026-09-29"
"2026-09-29T23:36:04Z","ECR","Amon-Ra St. Brown","DET","WR",NA,NA,19.9,NA,3,2.63,0.48,2,3,"2026-09-29"
"2026-09-29T23:36:04Z","ECR","Chris Olave","NO","WR",NA,NA,19.3,NA,4,4.38,0.99,4,7,"2026-09-29"
"2026-09-29T23:36:04Z","ECR","Garrett Wilson","NYJ","WR",NA,NA,17.6,NA,5,5.75,0.66,5,7,"2026-09-29"
"2026-09-29T23:36:04Z","ECR","CeeDee Lamb","DAL","WR",NA,NA,17.1,NA,6,6.75,1.3,5,8,"2026-09-29"
"2026-09-29T23:36:04Z","ECR","Drake London","ATL","WR",NA,NA,16.7,NA,7,6.88,0.78,5,8,"2026-09-29"
"2026-09-29T23:36:04Z","ECR","DeVonta Smith","PHI","WR",NA,NA,16.5,NA,8,9.63,1.49,8,13,"2026-09-29"
"2026-09-29T23:36:04Z","ECR","Zay Flowers","BAL","WR",NA,NA,16.2,NA,9,10.13,3.18,5,15,"2026-09-29"
"2026-09-29T23:36:04Z","ECR","Davante Adams","LA","WR",NA,NA,15.7,NA,10,11.38,3.74,8,20,"2026-09-29"
"2026-09-29T23:36:04Z","ECR","Christian Watson","GB","WR",NA,NA,15.7,NA,11,11.75,0.83,11,13,"2026-09-29"
"2026-09-29T23:36:04Z","ECR","Parker Washington","JAX","WR",NA,NA,15.2,NA,12,12.13,1.83,10,16,"2026-09-29"
"2026-09-29T23:36:04Z","ECR","George Pickens","DAL","WR",NA,NA,14.9,NA,13,13.25,2.05,9,16,"2026-09-29"
"2026-09-29T23:36:04Z","ECR","Tetairoa McMillan","CAR","WR",NA,NA,14.6,NA,14,13.5,1.12,12,15,"2026-09-29"
"2026-09-29T23:36:04Z","ECR","Rashee Rice","KC","WR",NA,NA,14.5,NA,15,16.75,1.85,15,21,"2026-09-29"
"2026-09-29T23:36:04Z","ECR","Tee Higgins","CIN","WR",NA,NA,14.3,NA,16,17.38,1.8,14,19,"2026-09-29"
"2026-09-29T23:36:04Z","ECR","Jaylen Waddle","DEN","WR",NA,NA,14.2,NA,17,18,2.12,16,22,"2026-09-29"
"2026-09-29T23:36:04Z","ECR","Matthew Golden","GB","WR",NA,NA,13.9,NA,18,18.5,1.41,17,21,"2026-09-29"
"2026-09-29T23:36:04Z","ECR","Malik Nabers","NYG","WR",NA,NA,13.8,NA,19,19.75,2.9,15,25,"2026-09-29"
"2026-09-29T23:36:04Z","ECR","Josh Downs","IND","WR",NA,NA,13.8,NA,20,20.75,1.98,18,23,"2026-09-29"
"2026-09-29T23:36:04Z","ECR","DJ Moore","BUF","WR",NA,NA,13.4,NA,21,22.5,1.66,20,26,"2026-09-29"
"2026-09-29T23:36:04Z","ECR","Ladd McConkey","LAC","WR",NA,NA,13.3,NA,22,22.5,1.66,20,25,"2026-09-29"
"2026-09-29T23:36:04Z","ECR","Michael Wilson","ARI","WR",NA,NA,12.5,NA,23,24.13,1.9,21,27,"2026-09-29"
"2026-09-29T23:36:04Z","ECR","Deebo Samuel Sr.","SF","WR",NA,NA,12.1,NA,24,24.5,3.46,20,30,"2026-09-29"
"2026-09-29T23:36:04Z","ECR","Devaughn Vele","NO","WR",NA,NA,12,NA,25,28.5,2.6,25,33,"2026-09-29"
"2026-09-29T23:36:04Z","ECR","Terry McLaurin","WAS","WR",NA,NA,12,NA,26,28.5,1.58,26,30,"2026-09-29"
"2026-09-29T23:36:04Z","ECR","DK Metcalf","PIT","WR",NA,NA,12,NA,27,28.63,2.5,24,32,"2026-09-29"
"2026-09-29T23:36:04Z","ECR","Stefon Diggs","WAS","WR",NA,NA,11.9,NA,28,29.25,3.8,25,36,"2026-09-29"
"2026-09-29T23:36:04Z","ECR","Jameson Williams","DET","WR",NA,NA,11.7,NA,29,29.63,1.32,28,32,"2026-09-29"
"2026-09-29T23:36:04Z","ECR","Jordan Addison","MIN","WR",NA,NA,11.6,NA,30,30.5,2.6,27,36,"2026-09-29"
"2026-09-29T23:36:04Z","ECR","Luther Burden III","CHI","WR",NA,NA,11.4,NA,31,30.63,1.93,27,33,"2026-09-29"
"2026-09-29T23:36:04Z","ECR","Emeka Egbuka","TB","WR",NA,NA,11,NA,32,33.38,1.11,32,35,"2026-09-29"
"2026-09-29T23:36:04Z","ECR","Denzel Boston","CLE","WR",NA,NA,10.9,NA,33,35.5,2,33,40,"2026-09-29"
"2026-09-29T23:36:04Z","ECR","Romeo Doubs","NE","WR",NA,NA,10.9,NA,34,37.13,3.18,32,42,"2026-09-29"
"2026-09-29T23:36:04Z","ECR","Keenan Allen","IND","WR",NA,NA,10.7,NA,35,38.13,2.62,35,44,"2026-09-29"
"2026-09-29T23:36:04Z","ECR","Nico Collins","HOU","WR",NA,NA,10.7,NA,36,26.86,16.63,9,53,"2026-09-29"
"2026-09-29T23:36:04Z","ECR","Dontayvion Wicks","PHI","WR",NA,NA,10.6,NA,37,39.75,5.38,34,52,"2026-09-29"
"2026-09-29T23:36:04Z","ECR","Jakobi Meyers","JAX","WR",NA,NA,10.5,NA,38,39.88,1.17,38,42,"2026-09-29"
"2026-09-29T23:36:04Z","ECR","Carnell Tate","TEN","WR",NA,NA,10.4,NA,39,40,1.32,37,41,"2026-09-29"
"2026-09-29T23:36:04Z","ECR","Rome Odunze","CHI","WR",NA,NA,10.3,NA,40,40.13,2.8,36,44,"2026-09-29"
"2026-09-29T23:36:04Z","ECR","Khalil Shakir","BUF","WR",NA,NA,10.3,NA,41,42.25,4.79,35,50,"2026-09-29"
"2026-09-29T23:36:04Z","ECR","Wan'Dale Robinson","TEN","WR",NA,NA,10.2,NA,42,42.5,1.5,39,44,"2026-09-29"
"2026-09-29T23:36:04Z","ECR","Malik Washington","MIA","WR",NA,NA,10.1,NA,43,43.13,3.26,38,47,"2026-09-29"
"2026-09-29T23:36:04Z","ECR","KC Concepcion Jr.","CLE","WR",NA,NA,9.8,NA,44,45.63,1.73,42,48,"2026-09-29"
"2026-09-29T23:36:04Z","ECR","Chris Godwin Jr.","TB","WR",NA,NA,9.8,NA,45,46,3,40,50,"2026-09-29"
"2026-09-29T23:36:04Z","ECR","Puka Nacua","LA","WR",NA,NA,9.6,NA,46,46.63,23.17,10,78,"2026-09-29"
"2026-09-29T23:36:04Z","ECR","Tre Tucker","LV","WR",NA,NA,9.6,NA,47,46.63,2,44,51,"2026-09-29"
"2026-09-29T23:36:04Z","ECR","Rashod Bateman","BAL","WR",NA,NA,9.5,NA,48,48.13,5.44,41,59,"2026-09-29"
"2026-09-29T23:36:04Z","ECR","Xavier Worthy","KC","WR",NA,NA,9.4,NA,49,48.25,4.15,43,55,"2026-09-29"
"2026-09-29T23:36:04Z","ECR","Courtland Sutton","DEN","WR",NA,NA,9.3,NA,50,49.25,1.09,48,51,"2026-09-29"
"2026-09-29T23:36:04Z","ECR","Brian Thomas Jr.","JAX","WR",NA,NA,9.2,NA,51,52.25,1.48,50,54,"2026-09-29"
"2026-09-29T23:36:04Z","ECR","Marvin Harrison Jr.","ARI","WR",NA,NA,8.7,NA,52,52.5,1.41,51,55,"2026-09-29"
"2026-09-29T23:36:04Z","ECR","Quentin Johnston","LAC","WR",NA,NA,8.7,NA,53,54,1.12,52,55,"2026-09-29"
"2026-09-29T23:36:04Z","ECR","Kalif Raymond","CHI","WR",NA,NA,8.3,NA,54,54.63,5.15,46,59,"2026-09-29"
"2026-09-29T23:36:04Z","ECR","Chris Bell","MIA","WR",NA,NA,8.3,NA,55,56,5.24,48,65,"2026-09-29"
"2026-09-29T23:36:04Z","ECR","Mack Hollins","NE","WR",NA,NA,8.2,NA,56,56.25,3.38,50,61,"2026-09-29"
"2026-09-29T23:36:04Z","ECR","Justin Jefferson","MIN","WR",NA,NA,8.1,NA,57,46.71,24.09,7,74,"2026-09-29"
"2026-09-29T23:36:04Z","ECR","Jalen Coker","CAR","WR",NA,NA,8.1,NA,58,48.57,18.55,27,79,"2026-09-29"
"2026-09-29T23:36:04Z","ECR","Ryan Flournoy","DAL","WR",NA,NA,8.1,NA,59,58.63,2.87,53,63,"2026-09-29"
"2026-09-29T23:36:04Z","ECR","Michael Pittman Jr.","PIT","WR",NA,NA,8,NA,60,59.13,5.6,49,68,"2026-09-29"
"2026-09-29T23:36:04Z","ECR","Kayshon Boutte","HOU","WR",NA,NA,7.9,NA,61,60.13,2.93,56,65,"2026-09-29"
"2026-09-29T23:36:04Z","ECR","Makai Lemon","PHI","WR",NA,NA,7.9,NA,62,60.25,3.11,54,63,"2026-09-29"
"2026-09-29T23:36:04Z","ECR","Xavier Hutchinson","HOU","WR",NA,NA,7.8,NA,63,60.75,3.93,57,69,"2026-09-29"
"2026-09-29T23:36:04Z","ECR","Tre' Harris","LAC","WR",NA,NA,7.5,NA,64,61.13,2.32,57,64,"2026-09-29"
"2026-09-29T23:36:04Z","ECR","Pat Bryant","DEN","WR",NA,NA,7.2,NA,65,62.25,5.07,50,67,"2026-09-29"
"2026-09-29T23:36:04Z","ECR","Kendrick Bourne","ARI","WR",NA,NA,7.2,NA,66,64.88,4.43,60,75,"2026-09-29"
"2026-09-29T23:36:04Z","ECR","Rashid Shaheed","SEA","WR",NA,NA,7.2,NA,67,64.88,1.62,63,68,"2026-09-29"
"2026-09-29T23:36:04Z","ECR","Malachi Fields","NYG","WR",NA,NA,7.1,NA,68,69.13,2.15,66,72,"2026-09-29"
"2026-09-29T23:36:04Z","ECR","Roman Wilson","PIT","WR",NA,NA,6.8,NA,69,69.13,1.17,67,71,"2026-09-29"
"2026-09-29T23:36:04Z","ECR","Jalen Nailor","LV","WR",NA,NA,6.8,NA,70,73.13,2.62,69,78,"2026-09-29"
"2026-09-29T23:36:04Z","ECR","Ted Hurst III","TB","WR",NA,NA,6.8,NA,71,73.5,2.55,69,77,"2026-09-29"
"2026-09-29T23:36:04Z","ECR","Jaylin Noel","HOU","WR",NA,NA,6.7,NA,72,75,8.06,70,96,"2026-09-29"
"2026-09-29T23:36:04Z","ECR","Isaiah Williams","NYJ","WR",NA,NA,6.6,NA,73,74.29,2.86,71,80,"2026-09-29"
"2026-09-29T23:36:04Z","ECR","DeMario Douglas","NE","WR",NA,NA,6.6,NA,74,75,3.55,68,80,"2026-09-29"
"2026-09-29T23:36:04Z","ECR","Cooper Kupp","SEA","WR",NA,NA,6.5,NA,75,76.57,9.13,66,97,"2026-09-29"
"2026-09-29T23:36:04Z","ECR","Tyquan Thornton","KC","WR",NA,NA,6.4,NA,76,77.29,5.95,70,87,"2026-09-29"
"2026-09-29T23:36:04Z","ECR","Mike Evans","SF","WR",NA,NA,6.3,NA,77,70.33,7.11,59,80,"2026-09-29"
"2026-09-29T23:36:04Z","ECR","Keon Coleman","BUF","WR",NA,NA,6.2,NA,78,79.14,8.61,71,99,"2026-09-29"
"2026-09-29T23:36:04Z","ECR","Antonio Williams","WAS","WR",NA,NA,6.2,NA,79,80.33,2.69,77,85,"2026-09-29"
"2026-09-29T23:36:04Z","ECR","Konata Mumpfield","LA","WR",NA,NA,6.2,NA,80,77.2,6.94,65,85,"2026-09-29"
"2026-09-29T23:36:04Z","ECR","Joshua Palmer","BUF","WR",NA,NA,6.1,NA,81,81.6,6.22,74,93,"2026-09-29"
"2026-09-29T23:36:04Z","ECR","Jauan Jennings","MIN","WR",NA,NA,6.1,NA,82,81.8,8.82,66,90,"2026-09-29"
"2026-09-29T23:36:04Z","ECR","Isaac TeSlaa","DET","WR",NA,NA,6,NA,83,82.8,9.64,67,97,"2026-09-29"
"2026-09-29T23:36:04Z","ECR","Elic Ayomanor","TEN","WR",NA,NA,6,NA,84,83,3.63,77,87,"2026-09-29"
"2026-09-29T23:36:04Z","ECR","Germie Bernard","PIT","WR",NA,NA,5.9,NA,85,83,4,78,89,"2026-09-29"
"2026-09-29T23:36:04Z","ECR","Jerry Jeudy","CLE","WR",NA,NA,5.9,NA,86,83.2,1.17,82,85,"2026-09-29"
"2026-09-29T23:36:04Z","ECR","Calvin Ridley","TEN","WR",NA,NA,5.7,NA,87,88.6,3.61,83,93,"2026-09-29"
"2026-09-29T23:36:04Z","ECR","Adonai Mitchell","NYJ","WR",NA,NA,5.7,NA,88,82.75,13.66,67,104,"2026-09-29"
"2026-09-29T23:36:04Z","ECR","Jahan Dotson","ATL","WR",NA,NA,5.7,NA,89,85,10.17,68,95,"2026-09-29"
"2026-09-29T23:36:04Z","ECR","Bryce Lance","NO","WR",NA,NA,5.4,NA,90,88.5,2.87,84,91,"2026-09-29"
"2026-09-29T23:36:04Z","ECR","Troy Franklin","DEN","WR",NA,NA,5.3,NA,91,91.25,6.3,81,98,"2026-09-29"
"2026-09-29T23:36:04Z","ECR","Laquon Treadwell","IND","WR",NA,NA,5.2,NA,92,91.5,13.57,79,114,"2026-09-29"
"2026-09-29T23:36:04Z","ECR","Darnell Mooney","NYG","WR",NA,NA,5.1,NA,93,91.5,1.8,89,94,"2026-09-29"
"2026-09-29T23:36:04Z","ECR","Zachariah Branch","ATL","WR",NA,NA,4.9,NA,94,93.25,1.79,91,96,"2026-09-29"
"2026-09-29T23:36:04Z","ECR","Olamide Zaccheaus","ATL","WR",NA,NA,4.9,NA,95,93.5,3.2,88,96,"2026-09-29"
"2026-09-29T23:36:04Z","ECR","Kyle Williams","NE","WR",NA,NA,4.8,NA,96,95,17.06,70,118,"2026-09-29"
"2026-09-29T23:36:04Z","ECR","Kevin Coleman Jr.","MIA","WR",NA,NA,4.8,NA,97,97.5,15.72,71,112,"2026-09-29"
"2026-09-29T23:36:04Z","ECR","Tez Johnson","TB","WR",NA,NA,4.7,NA,98,98.25,3.49,94,103,"2026-09-29"
"2026-09-29T23:36:04Z","ECR","KaVontae Turpin","DAL","WR",NA,NA,4.4,NA,99,103.5,5.5,97,112,"2026-09-29"
"2026-09-29T23:36:04Z","ECR","Travis Hunter","JAX","WR",NA,NA,4.2,NA,100,103.5,2.96,100,108,"2026-09-29"
"2026-09-29T23:36:04Z","ECR","Chimere Dike","TEN","WR",NA,NA,3.9,NA,101,104,4.12,99,109,"2026-09-29"
"2026-09-29T23:36:04Z","ECR","Elijah Sarratt","BAL","WR",NA,NA,3.9,NA,102,88.5,9.5,79,98,"2026-09-29"
"2026-09-29T23:36:04Z","ECR","Tutu Atwell","LA","WR",NA,NA,3.9,NA,103,106.75,7.26,99,118,"2026-09-29"
"2026-09-29T23:36:04Z","ECR","Jalen Tolbert","MIA","WR",NA,NA,3.5,NA,104,95.5,10.5,85,106,"2026-09-29"
"2026-09-29T23:36:04Z","ECR","Chris Moore","BAL","WR",NA,NA,3,NA,105,99,4,95,103,"2026-09-29"
"2026-09-29T23:36:04Z","ECR","Devontez Walker","BAL","WR",NA,NA,3,NA,106,99,2,97,101,"2026-09-29"
"2026-09-29T23:36:04Z","ECR","Cody White","LV","WR",NA,NA,2.8,NA,107,102,26,76,128,"2026-09-29"
"2026-09-29T23:36:04Z","ECR","Tory Horton","SEA","WR",NA,NA,2.7,NA,108,103.5,11.5,92,115,"2026-09-29"
"2026-09-29T23:36:04Z","ECR","Malik Benson","LV","WR",NA,NA,2.7,NA,109,104.5,18.5,86,123,"2026-09-29"
"2026-09-29T23:36:04Z","ECR","Jared Wayne","HOU","WR",NA,NA,2.3,NA,110,106.5,6.5,100,113,"2026-09-29"
"2026-09-29T23:36:04Z","ESPN","Josh Allen","BUF","QB",22.249310246,22.249310246,22.249310246,25.554357079,NA,NA,NA,NA,NA,NA
"2026-09-29T23:36:04Z","ESPN","Lamar Jackson","BAL","QB",21.124072739,21.124072739,21.124072739,24.222883242,NA,NA,NA,NA,NA,NA
"2026-09-29T23:36:04Z","ESPN","Bryce Young","CAR","QB",20.094670192,20.094670192,20.094670192,23.608112186,NA,NA,NA,NA,NA,NA
"2026-09-29T23:36:04Z","ESPN","Kyler Murray","MIN","QB",19.255970955,19.255970955,19.255970955,22.46135002,NA,NA,NA,NA,NA,NA
"2026-09-29T23:36:04Z","ESPN","Tyler Shough","NO","QB",18.848710753,18.848710753,18.848710753,22.239657809,NA,NA,NA,NA,NA,NA
"2026-09-29T23:36:04Z","ESPN","Patrick Mahomes","KC","QB",18.634967842,18.634967842,18.634967842,21.911204858,NA,NA,NA,NA,NA,NA
"2026-09-29T23:36:04Z","ESPN","Brock Purdy","SF","QB",18.633816903,18.633816903,18.633816903,22.253238426,NA,NA,NA,NA,NA,NA
"2026-09-29T23:36:04Z","ESPN","Trevor Lawrence","JAX","QB",18.440734051,18.440734051,18.440734051,21.990207191,NA,NA,NA,NA,NA,NA
"2026-09-29T23:36:04Z","ESPN","Marcus Mariota","WAS","QB",18.386892479,18.386892479,18.386892479,21.825697421,NA,NA,NA,NA,NA,NA
"2026-09-29T23:36:04Z","ESPN","Joe Burrow","CIN","QB",18.164953941,18.164953941,18.164953941,21.609979659,NA,NA,NA,NA,NA,NA
"2026-09-29T23:36:04Z","ESPN","Drake Maye","NE","QB",17.492480087,17.492480087,17.492480087,21.243092583,NA,NA,NA,NA,NA,NA
"2026-09-29T23:36:04Z","ESPN","Jalen Hurts","PHI","QB",17.482852348,17.482852348,17.482852348,20.767910395,NA,NA,NA,NA,NA,NA
"2026-09-29T23:36:04Z","ESPN","Jared Goff","DET","QB",17.370300998,17.370300998,17.370300998,20.677617632,NA,NA,NA,NA,NA,NA
"2026-09-29T23:36:04Z","ESPN","Dak Prescott","DAL","QB",17.158968967,17.158968967,17.158968967,20.505181408,NA,NA,NA,NA,NA,NA
"2026-09-29T23:36:04Z","ESPN","C.J. Stroud","HOU","QB",16.828082909,16.828082909,16.828082909,19.975263505,NA,NA,NA,NA,NA,NA
"2026-09-29T23:36:04Z","ESPN","Matthew Stafford","LA","QB",16.392023547,16.392023547,16.392023547,20.002328744,NA,NA,NA,NA,NA,NA
"2026-09-29T23:36:04Z","ESPN","Sam Darnold","SEA","QB",16.0510976649,16.0510976649,16.0510976649,19.5600616929,NA,NA,NA,NA,NA,NA
"2026-09-29T23:36:04Z","ESPN","Jacoby Brissett","ARI","QB",15.842702847,15.842702847,15.842702847,18.937617047,NA,NA,NA,NA,NA,NA
"2026-09-29T23:36:04Z","ESPN","Bo Nix","DEN","QB",15.263705955,15.263705955,15.263705955,18.519215124,NA,NA,NA,NA,NA,NA
"2026-09-29T23:36:04Z","ESPN","Daniel Jones","IND","QB",15.196085471,15.196085471,15.196085471,18.600090015,NA,NA,NA,NA,NA,NA
"2026-09-29T23:36:04Z","ESPN","Geno Smith","NYJ","QB",15.140330001,15.140330001,15.140330001,18.416884361,NA,NA,NA,NA,NA,NA
"2026-09-29T23:36:04Z","ESPN","Jordan Love","GB","QB",14.9348391402,14.9348391402,14.9348391402,18.4688726762,NA,NA,NA,NA,NA,NA
"2026-09-29T23:36:04Z","ESPN","Jalon Daniels","TB","QB",14.854751336,14.854751336,14.854751336,18.054475809,NA,NA,NA,NA,NA,NA
"2026-09-29T23:36:04Z","ESPN","Jameis Winston","NYG","QB",14.76533666,14.76533666,14.76533666,18.347085094,NA,NA,NA,NA,NA,NA
"2026-09-29T23:36:04Z","ESPN","Case Keenum","CHI","QB",14.75595999,14.75595999,14.75595999,18.270778819,NA,NA,NA,NA,NA,NA
"2026-09-29T23:36:04Z","ESPN","Michael Penix Jr.","ATL","QB",14.7098216975,14.7098216975,14.7098216975,17.9276312635,NA,NA,NA,NA,NA,NA
"2026-09-29T23:36:04Z","ESPN","Deshaun Watson","CLE","QB",14.561947619,14.561947619,14.561947619,17.514904443,NA,NA,NA,NA,NA,NA
"2026-09-29T23:36:04Z","ESPN","Kirk Cousins","LV","QB",13.9543746454,13.9543746454,13.9543746454,17.5180618714,NA,NA,NA,NA,NA,NA
"2026-09-29T23:36:04Z","ESPN","Aaron Rodgers","PIT","QB",13.717685421,13.717685421,13.717685421,16.801880313,NA,NA,NA,NA,NA,NA
"2026-09-29T23:36:04Z","ESPN","Cam Ward","TEN","QB",12.654450065,12.654450065,12.654450065,15.661998032,NA,NA,NA,NA,NA,NA
"2026-09-29T23:36:04Z","ESPN","Justin Herbert","LAC","QB",12.602894493,12.602894493,12.602894493,15.891458355,NA,NA,NA,NA,NA,NA
"2026-09-29T23:36:04Z","ESPN","Malik Willis","MIA","QB",11.688674125,11.688674125,11.688674125,14.854885206,NA,NA,NA,NA,NA,NA
"2026-09-29T23:36:04Z","ESPN","Caleb Williams","CHI","QB",0,0,0,0,NA,NA,NA,NA,NA,NA
"2026-09-29T23:36:04Z","ESPN","Jayden Daniels","WAS","QB",0,0,0,0,NA,NA,NA,NA,NA,NA
"2026-09-29T23:36:04Z","ESPN","Baker Mayfield","TB","QB",0,0,0,0,NA,NA,NA,NA,NA,NA
"2026-09-29T23:36:04Z","ESPN","Jaxson Dart","NYG","QB",0,0,0,0,NA,NA,NA,NA,NA,NA
"2026-09-29T23:36:04Z","ESPN","Fernando Mendoza","LV","QB",0,0,0,0,NA,NA,NA,NA,NA,NA
"2026-09-29T23:36:04Z","ESPN","Drew Lock","SEA","QB",0,0,0,0,NA,NA,NA,NA,NA,NA
"2026-09-29T23:36:04Z","ESPN","Carson Wentz","MIN","QB",0,0,0,0,NA,NA,NA,NA,NA,NA
"2026-09-29T23:36:04Z","ESPN","Shedeur Sanders","CLE","QB",0,0,0,0,NA,NA,NA,NA,NA,NA
"2026-09-29T23:36:04Z","ESPN","Jahmyr Gibbs","DET","RB",21.452098276,23.81425746,26.176416644,26.265568999,NA,NA,NA,NA,NA,NA
"2026-09-29T23:36:04Z","ESPN","Derrick Henry","BAL","RB",18.83843473,19.5354248585,20.232414987,20.336668573,NA,NA,NA,NA,NA,NA
"2026-09-29T23:36:04Z","ESPN","Bijan Robinson","ATL","RB",17.522626469,19.51279623,21.502965991,21.59878218,NA,NA,NA,NA,NA,NA
"2026-09-29T23:36:04Z","ESPN","Jonathan Taylor","IND","RB",17.480149719,18.922762829,20.365375939,20.455299202,NA,NA,NA,NA,NA,NA
"2026-09-29T23:36:04Z","ESPN","Kenneth Walker III","KC","RB",17.254712387,18.8690768395,20.483441292,20.543857282,NA,NA,NA,NA,NA,NA
"2026-09-29T23:36:04Z","ESPN","Christian McCaffrey","SF","RB",15.536876303,17.888587531,20.240298759,20.307031717,NA,NA,NA,NA,NA,NA
"2026-09-29T23:36:04Z","ESPN","Ashton Jeanty","LV","RB",14.248062482,16.534661876,18.82126127,18.899421827,NA,NA,NA,NA,NA,NA
"2026-09-29T23:36:04Z","ESPN","James Cook III","BUF","RB",15.511512347,16.484901059,17.458289771,17.57206866,NA,NA,NA,NA,NA,NA
"2026-09-29T23:36:04Z","ESPN","Aaron Jones Sr.","MIN","RB",15.037072539,16.1334631035,17.229853668,17.3460621,NA,NA,NA,NA,NA,NA
"2026-09-29T23:36:04Z","ESPN","Bucky Irving","TB","RB",14.182866463,15.442219652,16.701572841,16.773492268,NA,NA,NA,NA,NA,NA
"2026-09-29T23:36:04Z","ESPN","Cam Skattebo","NYG","RB",13.947349247,15.13534915,16.323349053,16.400848833,NA,NA,NA,NA,NA,NA
"2026-09-29T23:36:04Z","ESPN","Chuba Hubbard","CAR","RB",13.333573053,14.8413449105,16.349116768,16.422515885,NA,NA,NA,NA,NA,NA
"2026-09-29T23:36:04Z","ESPN","Chase Brown","CIN","RB",12.367905512,14.268870742,16.169835972,16.245181842,NA,NA,NA,NA,NA,NA
"2026-09-29T23:36:04Z","ESPN","Jeremiyah Love","ARI","RB",12.75182291,14.1332128355,15.514602761,15.592259368,NA,NA,NA,NA,NA,NA
"2026-09-29T23:36:04Z","ESPN","D'Andre Swift","CHI","RB",12.333005898,13.6113541215,14.889702345,14.957247076,NA,NA,NA,NA,NA,NA
"2026-09-29T23:36:04Z","ESPN","Javonte Williams","DAL","RB",11.989251099,13.2888280435,14.588404988,14.660359472,NA,NA,NA,NA,NA,NA
"2026-09-29T23:36:04Z","ESPN","Saquon Barkley","PHI","RB",12.331610266,13.2618546435,14.192099021,14.248571528,NA,NA,NA,NA,NA,NA
"2026-09-29T23:36:04Z","ESPN","David Montgomery","HOU","RB",11.574311932,12.517071254,13.459830576,13.525870852,NA,NA,NA,NA,NA,NA
"2026-09-29T23:36:04Z","ESPN","Jaylen Warren","PIT","RB",10.929660343,12.4927058145,14.055751286,14.119171408,NA,NA,NA,NA,NA,NA
"2026-09-29T23:36:04Z","ESPN","Braelon Allen","NYJ","RB",11.036402629,11.904367353,12.772332077,12.836375576,NA,NA,NA,NA,NA,NA
"2026-09-29T23:36:04Z","ESPN","Kyren Williams","LA","RB",10.62486162,11.8256287105,13.026395801,13.086014004,NA,NA,NA,NA,NA,NA
"2026-09-29T23:36:04Z","ESPN","Bhayshul Tuten","JAX","RB",10.981695159,11.8150294815,12.648363804,12.732763191,NA,NA,NA,NA,NA,NA
"2026-09-29T23:36:04Z","ESPN","Quinshon Judkins","CLE","RB",10.348239287,11.4050365785,12.46183387,12.500115187,NA,NA,NA,NA,NA,NA
"2026-09-29T23:36:04Z","ESPN","Tony Pollard","TEN","RB",9.721221492,10.719444402,11.717667312,11.798291837,NA,NA,NA,NA,NA,NA
"2026-09-29T23:36:04Z","ESPN","Rhamondre Stevenson","NE","RB",8.86347122,10.2313883915,11.599305563,11.670666325,NA,NA,NA,NA,NA,NA
"2026-09-29T23:36:04Z","ESPN","Omarion Hampton","LAC","RB",9.3951669467,10.1365551847,10.8779434227,10.9381567017,NA,NA,NA,NA,NA,NA
"2026-09-29T23:36:04Z","ESPN","J.K. Dobbins","DEN","RB",9.0448779659,9.5645057139,10.0841334619,10.1148764429,NA,NA,NA,NA,NA,NA
"2026-09-29T23:36:04Z","ESPN","Emanuel Wilson","SEA","RB",8.9605752072,9.2798872027,9.5991991982,9.6472803252,NA,NA,NA,NA,NA,NA
"2026-09-29T23:36:04Z","ESPN","Jadarian Price","SEA","RB",8.47560947,9.2223117245,9.969013979,10.015876635,NA,NA,NA,NA,NA,NA
"2026-09-29T23:36:04Z","ESPN","Alvin Kamara","NO","RB",7.775413102,9.1733287485,10.571244395,10.624495715,NA,NA,NA,NA,NA,NA
"2026-09-29T23:36:04Z","ESPN","Jacory Croskey-Merritt","WAS","RB",8.7663889643,9.0018532488,9.2373175333,9.3326829733,NA,NA,NA,NA,NA,NA
"2026-09-29T23:36:04Z","ESPN","TreVeyon Henderson","NE","RB",8.035645823,8.7807438395,9.525841856,9.562525522,NA,NA,NA,NA,NA,NA
"2026-09-29T23:36:04Z","ESPN","Ollie Gordon II","MIA","RB",7.414189459,8.3547163455,9.295243232,9.341133665,NA,NA,NA,NA,NA,NA
"2026-09-29T23:36:04Z","ESPN","Isaiah Davis","NYJ","RB",7.279725935,8.3039766295,9.328227324,9.348337441,NA,NA,NA,NA,NA,NA
"2026-09-29T23:36:04Z","ESPN","RJ Harvey","DEN","RB",6.248481119,8.1857260475,10.122970976,10.151052102,NA,NA,NA,NA,NA,NA
"2026-09-29T23:36:04Z","ESPN","Rico Dowdle","PIT","RB",7.434584553,8.144627119,8.854669685,8.90022757,NA,NA,NA,NA,NA,NA
"2026-09-29T23:36:04Z","ESPN","Kendre Miller","NO","RB",7.410727597,8.1213936335,8.83205967,8.85706156,NA,NA,NA,NA,NA,NA
"2026-09-29T23:36:04Z","ESPN","Kyle Monangai","CHI","RB",6.97696424,7.6809765625,8.384988885,8.405485935,NA,NA,NA,NA,NA,NA
"2026-09-29T23:36:04Z","ESPN","Blake Corum","LA","RB",7.1054689146,7.6121059511,8.1187429876,8.1408804606,NA,NA,NA,NA,NA,NA
"2026-09-29T23:36:04Z","ESPN","Woody Marks","HOU","RB",6.57492977,7.428458898,8.281988026,8.321814731,NA,NA,NA,NA,NA,NA
"2026-09-29T23:36:04Z","ESPN","Rachaad White","WAS","RB",6.136472753,7.2308731865,8.32527362,8.355761614,NA,NA,NA,NA,NA,NA
"2026-09-29T23:36:04Z","ESPN","Tyler Allgeier","ARI","RB",5.954840994,6.997102066,8.039363138,8.05733706,NA,NA,NA,NA,NA,NA
"2026-09-29T23:36:04Z","ESPN","Kenny Gainwell","TB","RB",5.473339859,6.7712323275,8.069124796,8.10363839,NA,NA,NA,NA,NA,NA
"2026-09-29T23:36:04Z","ESPN","Tyjae Spears","TEN","RB",5.493252241,6.755430168,8.017608095,8.040830856,NA,NA,NA,NA,NA,NA
"2026-09-29T23:36:04Z","ESPN","Kaleb Johnson","GB","RB",5.8798889699,6.5474435499,7.2149981299,7.2572999239,NA,NA,NA,NA,NA,NA
"2026-09-29T23:36:04Z","ESPN","Jaylen Wright","MIA","RB",5.411646387,6.2375187065,7.063391026,7.140909694,NA,NA,NA,NA,NA,NA
"2026-09-29T23:36:04Z","ESPN","Najee Harris","NYG","RB",5.6998594347,6.1342308857,6.5686023367,6.5937906187,NA,NA,NA,NA,NA,NA
"2026-09-29T23:36:04Z","ESPN","MarShawn Lloyd","GB","RB",5.409079036,5.94909439,6.489109744,6.526769834,NA,NA,NA,NA,NA,NA
"2026-09-29T23:36:04Z","ESPN","Brian Robinson Jr.","ATL","RB",5.5580313315,5.8041102675,6.0501892035,6.0797669735,NA,NA,NA,NA,NA,NA
"2026-09-29T23:36:04Z","ESPN","Kaelon Black","SF","RB",4.985244,5.2158956685,5.446547337,5.478131579,NA,NA,NA,NA,NA,NA
"2026-09-29T23:36:04Z","ESPN","Raheim Sanders","CLE","RB",3.803634842,4.970197171,6.1367595,6.159492765,NA,NA,NA,NA,NA,NA
"2026-09-29T23:36:04Z","ESPN","Chris Rodriguez Jr.","JAX","RB",4.7206779616,4.8410666526,4.9614553436,4.9803243696,NA,NA,NA,NA,NA,NA
"2026-09-29T23:36:04Z","ESPN","Justice Hill","BAL","RB",4.199543188,4.7853845745,5.371225961,5.396732599,NA,NA,NA,NA,NA,NA
"2026-09-29T23:36:04Z","ESPN","Emmett Johnson","KC","RB",4.079805167,4.560165393,5.040525619,5.064224895,NA,NA,NA,NA,NA,NA
"2026-09-29T23:36:04Z","ESPN","George Holani","SEA","RB",3.713489539,4.361521602,5.009553665,5.029377637,NA,NA,NA,NA,NA,NA
"2026-09-29T23:36:04Z","ESPN","AJ Dillon","CAR","RB",3.9714371018,4.3558384323,4.7402397628,4.7615732758,NA,NA,NA,NA,NA,NA
"2026-09-29T23:36:04Z","ESPN","Samaje Perine","CIN","RB",3.588329998,4.322272723,5.056215448,5.09128381,NA,NA,NA,NA,NA,NA
"2026-09-29T23:36:04Z","ESPN","Keaton Mitchell","LAC","RB",3.584500275,4.198148939,4.811797603,4.838162629,NA,NA,NA,NA,NA,NA
"2026-09-29T23:36:04Z","ESPN","Sione Vaki","DET","RB",3.6451840476,4.0229889361,4.4007938246,4.4218921676,NA,NA,NA,NA,NA,NA
"2026-09-29T23:36:04Z","ESPN","Ty Johnson","BUF","RB",3.162336447,3.8057979535,4.44925946,4.467754519,NA,NA,NA,NA,NA,NA
"2026-09-29T23:36:04Z","ESPN","Austin Ekeler",NA,"RB",2.867037328,3.4597259785,4.052414629,4.079074471,NA,NA,NA,NA,NA,NA
"2026-09-29T23:36:04Z","ESPN","Tyler Goodson","DAL","RB",3.0428871505,3.2978409375,3.5527947245,3.5685404235,NA,NA,NA,NA,NA,NA
"2026-09-29T23:36:04Z","ESPN","Chris Brooks","GB","RB",2.5149065359,3.1826803454,3.8504541549,3.8621146139,NA,NA,NA,NA,NA,NA
"2026-09-29T23:36:04Z","ESPN","Mike Washington Jr.","LV","RB",2.9490821228,3.0783566508,3.2076311788,3.2264950358,NA,NA,NA,NA,NA,NA
"2026-09-29T23:36:04Z","ESPN","Seth McGowan","IND","RB",2.6304662817,2.7532458207,2.8760253597,2.8918993477,NA,NA,NA,NA,NA,NA
"2026-09-29T23:36:04Z","ESPN","Will Shipley","PHI","RB",2.0499106663,2.7287753888,3.4076401113,3.4223743763,NA,NA,NA,NA,NA,NA
"2026-09-29T23:36:04Z","ESPN","Tank Bigsby","PHI","RB",2.426326808,2.645039124,2.86375144,2.882061742,NA,NA,NA,NA,NA,NA
"2026-09-29T23:36:04Z","ESPN","Demond Claiborne","MIN","RB",2.2128487706,2.3255768306,2.4383048906,2.4519304826,NA,NA,NA,NA,NA,NA
"2026-09-29T23:36:04Z","ESPN","DeeJay Dallas","MIN","RB",1.879231149,2.2180597605,2.556888372,2.578327473,NA,NA,NA,NA,NA,NA
"2026-09-29T23:36:04Z","ESPN","CJ Donaldson","NO","RB",1.8208035031,2.1790790296,2.5373545561,2.5479868521,NA,NA,NA,NA,NA,NA
"2026-09-29T23:36:04Z","ESPN","Kyle Juszczyk","SF","RB",1.4576563022,2.0118644077,2.5660725132,2.5734167382,NA,NA,NA,NA,NA,NA
"2026-09-29T23:36:04Z","ESPN","Kimani Vidal","LAC","RB",1.3530295158,1.9210208073,2.4890120988,2.4957630498,NA,NA,NA,NA,NA,NA
"2026-09-29T23:36:04Z","ESPN","LeQuint Allen Jr.","JAX","RB",1.1086947893,1.5798844323,2.0510740753,2.0565869753,NA,NA,NA,NA,NA,NA
"2026-09-29T23:36:04Z","ESPN","Tyler Badie","DEN","RB",1.0990898856,1.4838697671,1.8686496486,1.8750712186,NA,NA,NA,NA,NA,NA
"2026-09-29T23:36:04Z","ESPN","Ray Davis","BUF","RB",1.1422920711,1.2531368251,1.3639815791,1.3718184581,NA,NA,NA,NA,NA,NA
"2026-09-29T23:36:04Z","ESPN","Ameer Abdullah","JAX","RB",0.9231230478,1.1754185483,1.4277140488,1.4334769918,NA,NA,NA,NA,NA,NA
"2026-09-29T23:36:04Z","ESPN","Alec Ingold","LAC","RB",0.6443699878,1.0055630268,1.3667560658,1.3722072088,NA,NA,NA,NA,NA,NA
"2026-09-29T23:36:04Z","ESPN","Hunter Luepke","DAL","RB",0.6829171886,0.8161598106,0.9494024326,0.9527224536,NA,NA,NA,NA,NA,NA
"2026-09-29T23:36:04Z","ESPN","Nicholas Singleton","TEN","RB",0.6791342626,0.6791342626,0.6791342626,0.6838953606,NA,NA,NA,NA,NA,NA
"2026-09-29T23:36:04Z","ESPN","Tyrone Tracy Jr.","NYG","RB",0.5622859945,0.668429932,0.7745738695,0.7780865995,NA,NA,NA,NA,NA,NA
"2026-09-29T23:36:04Z","ESPN","Trey McBride","ARI","TE",10.09368221,13.7537240835,17.413765957,21.1059400485,NA,NA,NA,NA,NA,NA
"2026-09-29T23:36:04Z","ESPN","Brock Bowers","LV","TE",9.3834449091,12.6473556211,15.9112663331,19.1982285451,NA,NA,NA,NA,NA,NA
"2026-09-29T23:36:04Z","ESPN","George Kittle","SF","TE",8.844878354,11.2776089665,13.710339579,16.1664852695,NA,NA,NA,NA,NA,NA
"2026-09-29T23:36:04Z","ESPN","Tyler Warren","IND","TE",7.7240873752,10.3799460417,13.0358047082,15.7301753407,NA,NA,NA,NA,NA,NA
"2026-09-29T23:36:04Z","ESPN","Isaiah Likely","NYG","TE",7.435866531,9.5861882795,11.736510028,13.9222938785,NA,NA,NA,NA,NA,NA
"2026-09-29T23:36:04Z","ESPN","Travis Kelce","KC","TE",7.283956118,9.535878206,11.787800294,14.070970818,NA,NA,NA,NA,NA,NA
"2026-09-29T23:36:04Z","ESPN","Sam LaPorta","DET","TE",6.782935731,8.983578003,11.184220275,13.405961036,NA,NA,NA,NA,NA,NA
"2026-09-29T23:36:04Z","ESPN","Harold Fannin Jr.","CLE","TE",6.5406855914,8.8781711399,11.2156566884,13.5867677519,NA,NA,NA,NA,NA,NA
"2026-09-29T23:36:04Z","ESPN","Dalton Kincaid","BUF","TE",6.531763486,8.6074581165,10.683152747,12.7904367685,NA,NA,NA,NA,NA,NA
"2026-09-29T23:36:04Z","ESPN","Juwan Johnson","NO","TE",6.608694118,8.586943001,10.565191884,12.580638429,NA,NA,NA,NA,NA,NA
"2026-09-29T23:36:04Z","ESPN","Mark Andrews","BAL","TE",6.255653123,8.13925146,10.022849797,11.935267928,NA,NA,NA,NA,NA,NA
"2026-09-29T23:36:04Z","ESPN","Kenyon Sadiq","NYJ","TE",5.2916762867,7.3178785137,9.3440807407,11.3987353627,NA,NA,NA,NA,NA,NA
"2026-09-29T23:36:04Z","ESPN","Hunter Henry","NE","TE",5.406203151,7.1643281895,8.922453228,10.6948142095,NA,NA,NA,NA,NA,NA
"2026-09-29T23:36:04Z","ESPN","Colston Loveland","CHI","TE",5.358988763,7.052437195,8.745885627,10.457889267,NA,NA,NA,NA,NA,NA
"2026-09-29T23:36:04Z","ESPN","Dalton Schultz","HOU","TE",4.944555821,6.98981392,9.035072019,11.105250598,NA,NA,NA,NA,NA,NA
"2026-09-29T23:36:04Z","ESPN","Tucker Kraft","GB","TE",4.9602759936,6.9281475481,8.8960191026,10.8884268951,NA,NA,NA,NA,NA,NA
"2026-09-29T23:36:04Z","ESPN","AJ Barner","SEA","TE",5.1842182616,6.6503605031,8.1165027446,9.6107622891,NA,NA,NA,NA,NA,NA
"2026-09-29T23:36:04Z","ESPN","Brenton Strange","JAX","TE",4.88025699,6.4368397565,7.993422523,9.5708100415,NA,NA,NA,NA,NA,NA
"2026-09-29T23:36:04Z","ESPN","Jake Ferguson","DAL","TE",4.560146793,6.3416013675,8.123055942,9.9444150985,NA,NA,NA,NA,NA,NA
"2026-09-29T23:36:04Z","ESPN","Cade Otton","TB","TE",4.739129041,6.317726881,7.896324721,9.49274286,NA,NA,NA,NA,NA,NA
"2026-09-29T23:36:04Z","ESPN","T.J. Hockenson","MIN","TE",4.539215869,6.311234345,8.083252821,9.870808638,NA,NA,NA,NA,NA,NA
"2026-09-29T23:36:04Z","ESPN","Pat Freiermuth","PIT","TE",4.5798806828,6.2531973508,7.9265140188,9.6277423358,NA,NA,NA,NA,NA,NA
"2026-09-29T23:36:04Z","ESPN","Darren Waller","CAR","TE",4.599501083,6.013736523,7.427971963,8.855766277,NA,NA,NA,NA,NA,NA
"2026-09-29T23:36:04Z","ESPN","Mike Gesicki","CIN","TE",4.478402473,5.9678609045,7.457319336,8.9632337405,NA,NA,NA,NA,NA,NA
"2026-09-29T23:36:04Z","ESPN","Kyle Pitts Sr.","ATL","TE",4.387575086,5.8773709135,7.367166741,8.8671649275,NA,NA,NA,NA,NA,NA
"2026-09-29T23:36:04Z","ESPN","Oronde Gadsden","LAC","TE",4.057468052,5.5756775385,7.093887025,8.6352715955,NA,NA,NA,NA,NA,NA
"2026-09-29T23:36:04Z","ESPN","Colby Parkinson","LA","TE",4.179951406,5.469520873,6.75909034,8.074879042,NA,NA,NA,NA,NA,NA
"2026-09-29T23:36:04Z","ESPN","Gunnar Helm","TEN","TE",3.857300532,5.467078685,7.076856838,8.708683026,NA,NA,NA,NA,NA,NA
"2026-09-29T23:36:04Z","ESPN","Chig Okonkwo","WAS","TE",3.837804151,5.250669726,6.663535301,8.090823633,NA,NA,NA,NA,NA,NA
"2026-09-29T23:36:04Z","ESPN","Greg Dulcich","MIA","TE",3.442998347,4.8702053055,6.297412264,7.7449585955,NA,NA,NA,NA,NA,NA
"2026-09-29T23:36:04Z","ESPN","Michael Mayer","LV","TE",3.208007713,4.5509671735,5.893926634,7.2552253475,NA,NA,NA,NA,NA,NA
"2026-09-29T23:36:04Z","ESPN","Tommy Tremble","CAR","TE",3.246618993,4.310201596,5.373784199,6.453620831,NA,NA,NA,NA,NA,NA
"2026-09-29T23:36:04Z","ESPN","Tyler Higbee","LA","TE",2.972250905,4.173842281,5.375433657,6.590241562,NA,NA,NA,NA,NA,NA
"2026-09-29T23:36:04Z","ESPN","Evan Engram","DEN","TE",2.561197116,3.953684127,5.346171138,6.754897211,NA,NA,NA,NA,NA,NA
"2026-09-29T23:36:04Z","ESPN","Noah Fant","NO","TE",2.689791204,3.61982284,4.549854476,5.492826203,NA,NA,NA,NA,NA,NA
"2026-09-29T23:36:04Z","ESPN","Austin Hooper","ATL","TE",2.55789104,3.477340128,4.396789216,5.328624953,NA,NA,NA,NA,NA,NA
"2026-09-29T23:36:04Z","ESPN","Darnell Washington","PIT","TE",2.41162787,3.3187411875,4.225854505,5.1499137815,NA,NA,NA,NA,NA,NA
"2026-09-29T23:36:04Z","ESPN","Mason Taylor","NYJ","TE",2.072182267,2.98292727,3.893672273,4.81689113,NA,NA,NA,NA,NA,NA
"2026-09-29T23:36:04Z","ESPN","Zach Ertz","PHI","TE",2.128320844,2.954782411,3.781243978,4.619009729,NA,NA,NA,NA,NA,NA
"2026-09-29T23:36:04Z","ESPN","Dawson Knox","BUF","TE",2.105287395,2.695883228,3.286479061,3.882737186,NA,NA,NA,NA,NA,NA
"2026-09-29T23:36:04Z","ESPN","Drew Sample","CIN","TE",1.868288798,2.6944797455,3.520670693,4.3584494215,NA,NA,NA,NA,NA,NA
"2026-09-29T23:36:04Z","ESPN","Jonnu Smith","GB","TE",1.8571538241,2.6468317266,3.4365096291,4.2407560956,NA,NA,NA,NA,NA,NA
"2026-09-29T23:36:04Z","ESPN","Johnny Mundt","PHI","TE",1.864319601,2.5660098145,3.267700028,3.9770786995,NA,NA,NA,NA,NA,NA
"2026-09-29T23:36:04Z","ESPN","Noah Gray","KC","TE",1.813906882,2.452883228,3.091859574,3.736962057,NA,NA,NA,NA,NA,NA
"2026-09-29T23:36:04Z","ESPN","Foster Moreau","HOU","TE",1.83217719,2.439668593,3.047159996,3.663794654,NA,NA,NA,NA,NA,NA
"2026-09-29T23:36:04Z","ESPN","Theo Johnson","NYG","TE",1.911567787,2.4200675035,2.92856722,3.4426385955,NA,NA,NA,NA,NA,NA
"2026-09-29T23:36:04Z","ESPN","Gavin Bartholomew","MIN","TE",1.576334847,2.1211157275,2.665896608,3.2181389815,NA,NA,NA,NA,NA,NA
"2026-09-29T23:36:04Z","ESPN","Cole Kmet","CHI","TE",1.5143285,2.107584825,2.70084115,3.301256375,NA,NA,NA,NA,NA,NA
"2026-09-29T23:36:04Z","ESPN","Jeremy Ruckert","NYJ","TE",1.3642940685,1.9943924485,2.6244908285,3.2614932315,NA,NA,NA,NA,NA,NA
"2026-09-29T23:36:04Z","ESPN","Mitchell Evans","CAR","TE",1.5088252402,1.9786173232,2.4484094062,2.9246359112,NA,NA,NA,NA,NA,NA
"2026-09-29T23:36:04Z","ESPN","Jaxon Smith-Njigba","SEA","WR",13.8217761791,17.3965918741,20.9714075691,21.0423642871,NA,NA,NA,NA,NA,NA
"2026-09-29T23:36:04Z","ESPN","Puka Nacua","LA","WR",13.3454085162,16.9279504207,20.5104923252,20.5651099322,NA,NA,NA,NA,NA,NA
"2026-09-29T23:36:04Z","ESPN","Ja'Marr Chase","CIN","WR",12.6758626897,16.5663174557,20.4567722217,20.5178480807,NA,NA,NA,NA,NA,NA
"2026-09-29T23:36:04Z","ESPN","Amon-Ra St. Brown","DET","WR",12.8206523496,16.4771269406,20.1336015316,20.1845733146,NA,NA,NA,NA,NA,NA
"2026-09-29T23:36:04Z","ESPN","Justin Jefferson","MIN","WR",12.2348618466,15.4361320031,18.6374021596,18.6769298036,NA,NA,NA,NA,NA,NA
"2026-09-29T23:36:04Z","ESPN","Chris Olave","NO","WR",11.882827418,15.070993533,18.259159648,18.302628331,NA,NA,NA,NA,NA,NA
"2026-09-29T23:36:04Z","ESPN","Drake London","ATL","WR",10.704354259,13.707595728,16.710837197,16.766345011,NA,NA,NA,NA,NA,NA
"2026-09-29T23:36:04Z","ESPN","CeeDee Lamb","DAL","WR",10.4118951034,13.6504423279,16.8889895524,16.9302649104,NA,NA,NA,NA,NA,NA
"2026-09-29T23:36:04Z","ESPN","Zay Flowers","BAL","WR",10.5664943562,12.9586808352,15.3508673142,15.4094447242,NA,NA,NA,NA,NA,NA
"2026-09-29T23:36:04Z","ESPN","Tetairoa McMillan","CAR","WR",10.516856489,12.7314723585,14.946088228,14.988865676,NA,NA,NA,NA,NA,NA
"2026-09-29T23:36:04Z","ESPN","Nico Collins","HOU","WR",9.9702315556,12.6282751471,15.2863187386,15.3276615026,NA,NA,NA,NA,NA,NA
"2026-09-29T23:36:04Z","ESPN","Parker Washington","JAX","WR",10.0253639972,12.5773472382,15.1293304792,15.1876606212,NA,NA,NA,NA,NA,NA
"2026-09-29T23:36:04Z","ESPN","DeVonta Smith","PHI","WR",9.472326071,12.5228713075,15.573416544,15.611586336,NA,NA,NA,NA,NA,NA
"2026-09-29T23:36:04Z","ESPN","Davante Adams","LA","WR",10.005123637,12.3395839505,14.674044264,14.699453933,NA,NA,NA,NA,NA,NA
"2026-09-29T23:36:04Z","ESPN","Garrett Wilson","NYJ","WR",9.0442714389,12.1898962534,15.3355210679,15.4041908419,NA,NA,NA,NA,NA,NA
"2026-09-29T23:36:04Z","ESPN","Rashee Rice","KC","WR",9.3695796844,12.1318354524,14.8940912204,14.9583149924,NA,NA,NA,NA,NA,NA
"2026-09-29T23:36:04Z","ESPN","Christian Watson","GB","WR",9.6831807753,12.0584030343,14.4336252933,14.4787593263,NA,NA,NA,NA,NA,NA
"2026-09-29T23:36:04Z","ESPN","Malik Nabers","NYG","WR",9.149686886,11.3778441285,13.606001371,13.643466619,NA,NA,NA,NA,NA,NA
"2026-09-29T23:36:04Z","ESPN","Tee Higgins","CIN","WR",8.897702944,11.293074853,13.688446762,13.717453508,NA,NA,NA,NA,NA,NA
"2026-09-29T23:36:04Z","ESPN","George Pickens","DAL","WR",8.742281777,11.238068601,13.733855425,13.78976105,NA,NA,NA,NA,NA,NA
"2026-09-29T23:36:04Z","ESPN","Jalen Coker","CAR","WR",8.671857323,11.194829307,13.717801291,13.766534936,NA,NA,NA,NA,NA,NA
"2026-09-29T23:36:04Z","ESPN","Josh Downs","IND","WR",8.56189426,11.102687526,13.643480792,13.683999643,NA,NA,NA,NA,NA,NA
"2026-09-29T23:36:04Z","ESPN","Terry McLaurin","WAS","WR",8.814769701,10.877191777,12.939613853,12.972758279,NA,NA,NA,NA,NA,NA
"2026-09-29T23:36:04Z","ESPN","Michael Wilson","ARI","WR",8.348928612,10.852735678,13.356542744,13.387225882,NA,NA,NA,NA,NA,NA
"2026-09-29T23:36:04Z","ESPN","DJ Moore","BUF","WR",8.69652072,10.826354388,12.956188056,12.992908597,NA,NA,NA,NA,NA,NA
"2026-09-29T23:36:04Z","ESPN","Matthew Golden","GB","WR",8.3442957243,10.5979603588,12.8516249933,12.9003572043,NA,NA,NA,NA,NA,NA
"2026-09-29T23:36:04Z","ESPN","Mike Evans","SF","WR",8.281121694,10.3353961505,12.389670607,12.419022365,NA,NA,NA,NA,NA,NA
"2026-09-29T23:36:04Z","ESPN","Luther Burden III","CHI","WR",7.7113678366,10.1469070961,12.5824463556,12.6257537626,NA,NA,NA,NA,NA,NA
"2026-09-29T23:36:04Z","ESPN","Jordan Addison","MIN","WR",7.7953627838,9.6634043963,11.5314460088,11.5589870568,NA,NA,NA,NA,NA,NA
"2026-09-29T23:36:04Z","ESPN","Carnell Tate","TEN","WR",7.367650046,9.6094141385,11.851178231,11.896936282,NA,NA,NA,NA,NA,NA
"2026-09-29T23:36:04Z","ESPN","Jaylen Waddle","DEN","WR",7.0728299995,9.4904181705,11.9080063415,11.9497944795,NA,NA,NA,NA,NA,NA
"2026-09-29T23:36:04Z","ESPN","Emeka Egbuka","TB","WR",7.7413724375,9.4679337505,11.1944950635,11.2236150955,NA,NA,NA,NA,NA,NA
"2026-09-29T23:36:04Z","ESPN","Stefon Diggs","WAS","WR",6.969215261,9.271194866,11.573174471,11.604418196,NA,NA,NA,NA,NA,NA
"2026-09-29T23:36:04Z","ESPN","Ladd McConkey","LAC","WR",6.717836713,9.2569706985,11.796104684,11.832682974,NA,NA,NA,NA,NA,NA
"2026-09-29T23:36:04Z","ESPN","Deebo Samuel Sr.","SF","WR",7.3011839944,8.9989180269,10.6966520594,10.7465191854,NA,NA,NA,NA,NA,NA
"2026-09-29T23:36:04Z","ESPN","Keenan Allen","IND","WR",6.613859623,8.9340566225,11.254253622,11.302515788,NA,NA,NA,NA,NA,NA
"2026-09-29T23:36:04Z","ESPN","Adonai Mitchell","NYJ","WR",7.1946635011,8.8479245171,10.5011855331,10.5393648581,NA,NA,NA,NA,NA,NA
"2026-09-29T23:36:04Z","ESPN","Jakobi Meyers","JAX","WR",6.8492028761,8.8201311576,10.7910594391,10.8247768891,NA,NA,NA,NA,NA,NA
"2026-09-29T23:36:04Z","ESPN","Jameson Williams","DET","WR",7.1025283492,8.7402614542,10.3779945592,10.3997275712,NA,NA,NA,NA,NA,NA
"2026-09-29T23:36:04Z","ESPN","Devaughn Vele","NO","WR",6.834559228,8.7303245685,10.626089909,10.657046432,NA,NA,NA,NA,NA,NA
"2026-09-29T23:36:04Z","ESPN","Courtland Sutton","DEN","WR",6.746296451,8.648823624,10.551350797,10.57801125,NA,NA,NA,NA,NA,NA
"2026-09-29T23:36:04Z","ESPN","Denzel Boston","CLE","WR",6.639986404,8.599526151,10.559065898,10.599063291,NA,NA,NA,NA,NA,NA
"2026-09-29T23:36:04Z","ESPN","DK Metcalf","PIT","WR",6.934333316,8.541702262,10.149071208,10.172754367,NA,NA,NA,NA,NA,NA
"2026-09-29T23:36:04Z","ESPN","Rome Odunze","CHI","WR",6.890480251,8.442320372,9.994160493,10.026265176,NA,NA,NA,NA,NA,NA
"2026-09-29T23:36:04Z","ESPN","Xavier Worthy","KC","WR",6.7106217404,8.2631238984,9.8156260564,9.8336113114,NA,NA,NA,NA,NA,NA
"2026-09-29T23:36:04Z","ESPN","Dontayvion Wicks","PHI","WR",6.474526264,8.1681909155,9.861855567,9.899793655,NA,NA,NA,NA,NA,NA
"2026-09-29T23:36:04Z","ESPN","Romeo Doubs","NE","WR",6.357172264,8.0647299465,9.772287629,9.806077249,NA,NA,NA,NA,NA,NA
"2026-09-29T23:36:04Z","ESPN","Tre Tucker","LV","WR",6.2496120814,8.0474806989,9.8453493164,9.8647408184,NA,NA,NA,NA,NA,NA
"2026-09-29T23:36:04Z","ESPN","Malik Washington","MIA","WR",6.1304572628,7.9702515353,9.8100458078,9.8551174568,NA,NA,NA,NA,NA,NA
"2026-09-29T23:36:04Z","ESPN","Khalil Shakir","BUF","WR",6.0647289456,7.9121774906,9.7596260356,9.7913145386,NA,NA,NA,NA,NA,NA
"2026-09-29T23:36:04Z","ESPN","Mack Hollins","NE","WR",6.010459655,7.8485630865,9.686666518,9.716569325,NA,NA,NA,NA,NA,NA
"2026-09-29T23:36:04Z","ESPN","Ryan Flournoy","DAL","WR",5.924920127,7.738571199,9.552222271,9.590384452,NA,NA,NA,NA,NA,NA
"2026-09-29T23:36:04Z","ESPN","Kalif Raymond","CHI","WR",5.4336021329,7.7005453834,9.9674886339,10.0177137079,NA,NA,NA,NA,NA,NA
"2026-09-29T23:36:04Z","ESPN","Michael Pittman Jr.","PIT","WR",5.485105462,7.6323300265,9.779554591,9.811024624,NA,NA,NA,NA,NA,NA
"2026-09-29T23:36:04Z","ESPN","KC Concepcion","CLE","WR",5.5986956017,7.4717590302,9.3448224587,9.3912578587,NA,NA,NA,NA,NA,NA
"2026-09-29T23:36:04Z","ESPN","DeMario Douglas","NE","WR",5.7571533358,7.4353991583,9.1136449808,9.1528863848,NA,NA,NA,NA,NA,NA
"2026-09-29T23:36:04Z","ESPN","Quentin Johnston","LAC","WR",5.5448505205,7.0476380035,8.5504254865,8.5765875495,NA,NA,NA,NA,NA,NA
"2026-09-29T23:36:04Z","ESPN","Wan'Dale Robinson","TEN","WR",4.734038603,6.943143971,9.152249339,9.18397384,NA,NA,NA,NA,NA,NA
"2026-09-29T23:36:04Z","ESPN","Brian Thomas Jr.","JAX","WR",5.6191722065,6.9202966185,8.2214210305,8.2352311835,NA,NA,NA,NA,NA,NA
"2026-09-29T23:36:04Z","ESPN","Rashid Shaheed","SEA","WR",5.6571303316,6.7968153471,7.9365003626,7.9673328836,NA,NA,NA,NA,NA,NA
"2026-09-29T23:36:04Z","ESPN","Rashod Bateman","BAL","WR",5.508519673,6.7107647625,7.913009852,7.932592186,NA,NA,NA,NA,NA,NA
"2026-09-29T23:36:04Z","ESPN","Malachi Fields","NYG","WR",5.245247604,6.5190647635,7.792881923,7.818882603,NA,NA,NA,NA,NA,NA
"2026-09-29T23:36:04Z","ESPN","Xavier Hutchinson","HOU","WR",5.1739907475,6.4411693935,7.7083480395,7.7298766095,NA,NA,NA,NA,NA,NA
"2026-09-29T23:36:04Z","ESPN","Roman Wilson","PIT","WR",4.771857826,6.3172904255,7.862723025,7.894267817,NA,NA,NA,NA,NA,NA
"2026-09-29T23:36:04Z","ESPN","Caleb Douglas","MIA","WR",4.75411249,6.2404489135,7.726785337,7.75712388,NA,NA,NA,NA,NA,NA
"2026-09-29T23:36:04Z","ESPN","Makai Lemon","PHI","WR",4.9627701438,6.2358540278,7.5089379118,7.5370581138,NA,NA,NA,NA,NA,NA
"2026-09-29T23:36:04Z","ESPN","Tre' Harris","LAC","WR",4.451460526,6.118797571,7.786134616,7.820167676,NA,NA,NA,NA,NA,NA
"2026-09-29T23:36:04Z","ESPN","Jalen Nailor","LV","WR",4.8559079379,6.1162734509,7.3766389639,7.4018692219,NA,NA,NA,NA,NA,NA
"2026-09-29T23:36:04Z","ESPN","Chris Godwin Jr.","TB","WR",4.4092754144,5.7271838864,7.0450923584,7.0736702164,NA,NA,NA,NA,NA,NA
"2026-09-29T23:36:04Z","ESPN","Xavier Legette","CAR","WR",4.4814698189,5.5076737554,6.5338776919,6.5549376889,NA,NA,NA,NA,NA,NA
"2026-09-29T23:36:04Z","ESPN","Cooper Kupp","SEA","WR",4.202376311,5.3416516225,6.480926934,6.500642859,NA,NA,NA,NA,NA,NA
"2026-09-29T23:36:04Z","ESPN","Marvin Harrison Jr.","ARI","WR",4.247304961,5.302526507,6.357748053,6.376267481,NA,NA,NA,NA,NA,NA
"2026-09-29T23:36:04Z","ESPN","Isaac TeSlaa","DET","WR",4.297955317,5.3002892935,6.30262327,6.323082536,NA,NA,NA,NA,NA,NA
"2026-09-29T23:36:04Z","ESPN","Ted Hurst III","TB","WR",4.123140532,5.201904112,6.280667692,6.302687011,NA,NA,NA,NA,NA,NA
"2026-09-29T23:36:04Z","ESPN","Darnell Mooney","NYG","WR",4.2199035937,5.1525749082,6.0852462227,6.1029554487,NA,NA,NA,NA,NA,NA
"2026-09-29T23:36:04Z","ESPN","Chris Bell","MIA","WR",3.909474177,5.1480878635,6.38670155,6.41198367,NA,NA,NA,NA,NA,NA
"2026-09-29T23:36:04Z","ESPN","Elic Ayomanor","TEN","WR",4.01089871,5.0640594135,6.117220117,6.13871684,NA,NA,NA,NA,NA,NA
"2026-09-29T23:36:04Z","ESPN","Jahan Dotson","ATL","WR",3.93200957,5.0356000105,6.139190451,6.154958704,NA,NA,NA,NA,NA,NA
"2026-09-29T23:36:04Z","ESPN","Keon Coleman","BUF","WR",4.073028198,5.0310078795,5.988987561,6.007570254,NA,NA,NA,NA,NA,NA
"2026-09-29T23:36:04Z","ESPN","Skyy Moore","GB","WR",3.76547852,4.9854917845,6.205505049,6.232833346,NA,NA,NA,NA,NA,NA
"2026-09-29T23:36:04Z","ESPN","Antonio Williams","WAS","WR",3.685279634,4.632912744,5.580545854,5.599888587,NA,NA,NA,NA,NA,NA
"2026-09-29T23:36:04Z","ESPN","Chris Moore","BAL","WR",3.862486307,4.6308552925,5.399224278,5.412593322,NA,NA,NA,NA,NA,NA
"2026-09-29T23:36:04Z","ESPN","Jauan Jennings","MIN","WR",3.418585569,4.468861208,5.519136847,5.539824482,NA,NA,NA,NA,NA,NA
"2026-09-29T23:36:04Z","ESPN","Tyquan Thornton","KC","WR",3.478387962,4.3103972265,5.142406491,5.155992621,NA,NA,NA,NA,NA,NA
"2026-09-29T23:36:04Z","ESPN","Kendrick Bourne","ARI","WR",3.092608861,4.256317366,5.420025871,5.443698253,NA,NA,NA,NA,NA,NA
"2026-09-29T23:36:04Z","ESPN","Kayshon Boutte","HOU","WR",3.349741564,4.251778131,5.153814698,5.168544325,NA,NA,NA,NA,NA,NA
"2026-09-29T23:36:04Z","ESPN","Dohnte Meyers","CIN","WR",3.2561419815,4.1721525835,5.0881631855,5.1086969245,NA,NA,NA,NA,NA,NA
"2026-09-29T23:36:04Z","ESPN","Pat Bryant","DEN","WR",3.073244245,4.166520635,5.259797025,5.283083186,NA,NA,NA,NA,NA,NA
"2026-09-29T23:36:04Z","ESPN","Isaiah Williams","NYJ","WR",2.9845457047,4.1186344367,5.2527231687,5.2769162907,NA,NA,NA,NA,NA,NA
"2026-09-29T23:36:04Z","ESPN","Kyle Williams","NE","WR",3.2915438894,4.1180513159,4.9445587424,4.9634134244,NA,NA,NA,NA,NA,NA
"2026-09-29T23:36:04Z","ESPN","Laquon Treadwell","IND","WR",3.098037326,4.053786078,5.00953483,5.029043216,NA,NA,NA,NA,NA,NA
"2026-09-29T23:36:04Z","ESPN","Tez Johnson","TB","WR",3.224330046,3.920101691,4.615873336,4.633549513,NA,NA,NA,NA,NA,NA
"2026-09-29T23:36:04Z","ESPN","Jared Wayne","HOU","WR",3.09094269,3.9002606855,4.709578681,4.726098177,NA,NA,NA,NA,NA,NA
"2026-09-29T23:36:04Z","ESPN","Jerry Jeudy","CLE","WR",2.863143998,3.7258435965,4.588543195,4.603978692,NA,NA,NA,NA,NA,NA
"2026-09-29T23:36:04Z","ESPN","Josh Cameron","JAX","WR",2.880048326,3.623875166,4.367702006,4.382884721,NA,NA,NA,NA,NA,NA
"2026-09-29T23:36:04Z","ESPN","Treylon Burks","WAS","WR",2.903348954,3.623836451,4.344323948,4.356089005,NA,NA,NA,NA,NA,NA
"2026-09-29T23:36:04Z","ESPN","Bryce Lance","NO","WR",2.62340535,3.2875567005,3.951708051,3.96526446,NA,NA,NA,NA,NA,NA
"2026-09-29T23:36:04Z","ESPN","Dareke Young","LV","WR",2.317892574,3.055223616,3.792554658,3.807604784,NA,NA,NA,NA,NA,NA
"2026-09-29T23:36:04Z","ESPN","Olamide Zaccheaus","ATL","WR",2.186727065,2.9874406665,3.788154268,3.805475625,NA,NA,NA,NA,NA,NA
"2026-09-29T23:36:04Z","ESPN","Jaylin Noel","HOU","WR",2.2997047081,2.9152274021,3.5307500961,3.5474960591,NA,NA,NA,NA,NA,NA
"2026-09-29T23:36:04Z","ESPN","Malik Benson","LV","WR",2.0865875142,2.6963311762,3.3060748382,3.3195634882,NA,NA,NA,NA,NA,NA
"2026-09-29T23:36:04Z","ESPN","Troy Franklin","DEN","WR",1.9803348413,2.4822378003,2.9841407593,2.9933166173,NA,NA,NA,NA,NA,NA
"2026-09-29T23:36:04Z","ESPN","Jacob Cowing","SF","WR",1.778188965,2.2273504315,2.676511898,2.685680014,NA,NA,NA,NA,NA,NA
"2026-09-29T23:36:04Z","ESPN","Kevin Coleman Jr.","MIA","WR",1.589851087,2.179559816,2.769268545,2.781305459,NA,NA,NA,NA,NA,NA
"2026-09-29T23:36:04Z","ESPN","Marvin Mims Jr.","DEN","WR",1.6711135809,2.1494575934,2.6278016059,2.6417119999,NA,NA,NA,NA,NA,NA
"2026-09-29T23:36:04Z","ESPN","Zachariah Branch","ATL","WR",1.639466571,2.1151656075,2.590864644,2.600574435,NA,NA,NA,NA,NA,NA
"2026-09-29T23:36:04Z","ESPN","Joshua Palmer","BUF","WR",1.675913747,2.0985428945,2.521172042,2.52856951,NA,NA,NA,NA,NA,NA
"2026-09-29T23:36:04Z","ESPN","Calvin Ridley","TEN","WR",1.538732586,1.9666601185,2.394587651,2.402104706,NA,NA,NA,NA,NA,NA
"2026-09-29T23:36:04Z","ESPN","Ashton Dulin","IND","WR",1.5383063344,1.9090798829,2.2798534314,2.2896575754,NA,NA,NA,NA,NA,NA
"2026-09-29T23:36:04Z","ESPN","Dyami Brown","WAS","WR",1.5110561641,1.8869101006,2.2627640371,2.2711831651,NA,NA,NA,NA,NA,NA
"2026-09-29T23:36:04Z","Sleeper","Josh Allen","BUF","QB",22.6162,22.6162,22.6162,25.541,NA,NA,NA,NA,NA,NA
"2026-09-29T23:36:04Z","Sleeper","Lamar Jackson","BAL","QB",21.7396,21.7396,21.7396,24.6215,NA,NA,NA,NA,NA,NA
"2026-09-29T23:36:04Z","Sleeper","Patrick Mahomes","KC","QB",20.8028,20.8028,20.8028,23.875,NA,NA,NA,NA,NA,NA
"2026-09-29T23:36:04Z","Sleeper","Trevor Lawrence","JAX","QB",19.083,19.083,19.083,23.0595,NA,NA,NA,NA,NA,NA
"2026-09-29T23:36:04Z","Sleeper","Brock Purdy","SF","QB",18.8182,18.8182,18.8182,22.069,NA,NA,NA,NA,NA,NA
"2026-09-29T23:36:04Z","Sleeper","Kyler Murray","MIN","QB",18.4212,18.4212,18.4212,21.1845,NA,NA,NA,NA,NA,NA
"2026-09-29T23:36:04Z","Sleeper","Bryce Young","CAR","QB",18.0618,18.0618,18.0618,21.027,NA,NA,NA,NA,NA,NA
"2026-09-29T23:36:04Z","Sleeper","C.J. Stroud","HOU","QB",17.9472,17.9472,17.9472,21.087,NA,NA,NA,NA,NA,NA
"2026-09-29T23:36:04Z","Sleeper","Bo Nix","DEN","QB",17.7838,17.7838,17.7838,20.6025,NA,NA,NA,NA,NA,NA
"2026-09-29T23:36:04Z","Sleeper","Joe Burrow","CIN","QB",17.7246,17.7246,17.7246,21.452,NA,NA,NA,NA,NA,NA
"2026-09-29T23:36:04Z","Sleeper","Drake Maye","NE","QB",17.565,17.565,17.565,20.824,NA,NA,NA,NA,NA,NA
"2026-09-29T23:36:04Z","Sleeper","Tyler Shough","NO","QB",17.4698,17.4698,17.4698,21.3415,NA,NA,NA,NA,NA,NA
"2026-09-29T23:36:04Z","Sleeper","Dak Prescott","DAL","QB",17.4002,17.4002,17.4002,21.3065,NA,NA,NA,NA,NA,NA
"2026-09-29T23:36:04Z","Sleeper","Jordan Love","GB","QB",16.584,16.584,16.584,19.955,NA,NA,NA,NA,NA,NA
"2026-09-29T23:36:04Z","Sleeper","Daniel Jones","IND","QB",16.1742,16.1742,16.1742,18.918,NA,NA,NA,NA,NA,NA
"2026-09-29T23:36:04Z","Sleeper","Jalen Hurts","PHI","QB",16.1306,16.1306,16.1306,18.948,NA,NA,NA,NA,NA,NA
"2026-09-29T23:36:04Z","Sleeper","Jared Goff","DET","QB",16.1182,16.1182,16.1182,19.475,NA,NA,NA,NA,NA,NA
"2026-09-29T23:36:04Z","Sleeper","Marcus Mariota","WAS","QB",15.998,15.998,15.998,19.0675,NA,NA,NA,NA,NA,NA
"2026-09-29T23:36:04Z","Sleeper","Matthew Stafford","LA","QB",15.8446,15.8446,15.8446,19.0855,NA,NA,NA,NA,NA,NA
"2026-09-29T23:36:04Z","Sleeper","Sam Darnold","SEA","QB",15.5112,15.5112,15.5112,19.3845,NA,NA,NA,NA,NA,NA
"2026-09-29T23:36:04Z","Sleeper","Jacoby Brissett","ARI","QB",15.2126,15.2126,15.2126,17.8075,NA,NA,NA,NA,NA,NA
"2026-09-29T23:36:04Z","Sleeper","Deshaun Watson","CLE","QB",14.9912,14.9912,14.9912,18.362,NA,NA,NA,NA,NA,NA
"2026-09-29T23:36:04Z","Sleeper","Jameis Winston","NYG","QB",14.6924,14.6924,14.6924,17.582,NA,NA,NA,NA,NA,NA
"2026-09-29T23:36:04Z","Sleeper","Kirk Cousins","LV","QB",14.5332,14.5332,14.5332,17.1975,NA,NA,NA,NA,NA,NA
"2026-09-29T23:36:04Z","Sleeper","Michael Penix","ATL","QB",14.2908,14.2908,14.2908,16.976,NA,NA,NA,NA,NA,NA
"2026-09-29T23:36:04Z","Sleeper","Case Keenum","CHI","QB",14.158,14.158,14.158,16.485,NA,NA,NA,NA,NA,NA
"2026-09-29T23:36:04Z","Sleeper","Geno Smith","NYJ","QB",13.7532,13.7532,13.7532,17.5995,NA,NA,NA,NA,NA,NA
"2026-09-29T23:36:04Z","Sleeper","Aaron Rodgers","PIT","QB",13.7048,13.7048,13.7048,16.1135,NA,NA,NA,NA,NA,NA
"2026-09-29T23:36:04Z","Sleeper","Justin Herbert","LAC","QB",13.3494,13.3494,13.3494,16.47,NA,NA,NA,NA,NA,NA
"2026-09-29T23:36:04Z","Sleeper","Cam Ward","TEN","QB",12.9794,12.9794,12.9794,15.5505,NA,NA,NA,NA,NA,NA
"2026-09-29T23:36:04Z","Sleeper","Malik Willis","MIA","QB",12.1904,12.1904,12.1904,14.7085,NA,NA,NA,NA,NA,NA
"2026-09-29T23:36:04Z","Sleeper","Jalon Daniels","TB","QB",11.7744,11.7744,11.7744,15.028,NA,NA,NA,NA,NA,NA
"2026-09-29T23:36:04Z","Sleeper","Kinkead Dent",NA,"QB",0,0,0,0,NA,NA,NA,NA,NA,NA
"2026-09-29T23:36:04Z","Sleeper","Brett Gabbert",NA,"QB",0,0,0,0,NA,NA,NA,NA,NA,NA
"2026-09-29T23:36:04Z","Sleeper","Behren Morton","NE","QB",0,0,0,0,NA,NA,NA,NA,NA,NA
"2026-09-29T23:36:04Z","Sleeper","AJ McCarron",NA,"QB",0,0,0,0,NA,NA,NA,NA,NA,NA
"2026-09-29T23:36:04Z","Sleeper","Joe Flacco","CIN","QB",0,0,0,0,NA,NA,NA,NA,NA,NA
"2026-09-29T23:36:04Z","Sleeper","Ryan Griffin",NA,"QB",0,0,0,0,NA,NA,NA,NA,NA,NA
"2026-09-29T23:36:04Z","Sleeper","Steven Montez",NA,"QB",0,0,0,0,NA,NA,NA,NA,NA,NA
"2026-09-29T23:36:04Z","Sleeper","Max Duggan",NA,"QB",0,0,0,0,NA,NA,NA,NA,NA,NA
"2026-09-29T23:36:04Z","Sleeper","Jahmyr Gibbs","DET","RB",20.159,22.519,24.879,24.989,NA,NA,NA,NA,NA,NA
"2026-09-29T23:36:04Z","Sleeper","Jonathan Taylor","IND","RB",18.817,20.177,21.537,21.637,NA,NA,NA,NA,NA,NA
"2026-09-29T23:36:04Z","Sleeper","Bijan Robinson","ATL","RB",17.857,19.992,22.127,22.217,NA,NA,NA,NA,NA,NA
"2026-09-29T23:36:04Z","Sleeper","Derrick Henry","BAL","RB",19.202,19.827,20.452,20.542,NA,NA,NA,NA,NA,NA
"2026-09-29T23:36:04Z","Sleeper","Kenneth Walker","KC","RB",15.787,17.817,19.847,19.937,NA,NA,NA,NA,NA,NA
"2026-09-29T23:36:04Z","Sleeper","Jaylen Warren","PIT","RB",15.102,16.792,18.482,18.562,NA,NA,NA,NA,NA,NA
"2026-09-29T23:36:04Z","Sleeper","Christian McCaffrey","SF","RB",14.278,16.378,18.478,18.558,NA,NA,NA,NA,NA,NA
"2026-09-29T23:36:04Z","Sleeper","James Cook","BUF","RB",15.354,16.229,17.104,17.184,NA,NA,NA,NA,NA,NA
"2026-09-29T23:36:04Z","Sleeper","Chase Brown","CIN","RB",13.828,15.748,17.668,17.748,NA,NA,NA,NA,NA,NA
"2026-09-29T23:36:04Z","Sleeper","D'Andre Swift","CHI","RB",14.466,15.526,16.586,16.656,NA,NA,NA,NA,NA,NA
"2026-09-29T23:36:04Z","Sleeper","Chuba Hubbard","CAR","RB",13.055,14.7,16.345,16.415,NA,NA,NA,NA,NA,NA
"2026-09-29T23:36:04Z","Sleeper","Cam Skattebo","NYG","RB",13.55,14.565,15.58,15.66,NA,NA,NA,NA,NA,NA
"2026-09-29T23:36:04Z","Sleeper","Jeremiyah Love","ARI","RB",13.126,14.481,15.836,15.906,NA,NA,NA,NA,NA,NA
"2026-09-29T23:36:04Z","Sleeper","David Montgomery","HOU","RB",12.768,13.833,14.898,14.968,NA,NA,NA,NA,NA,NA
"2026-09-29T23:36:04Z","Sleeper","Ashton Jeanty","LV","RB",11.997,13.772,15.547,15.627,NA,NA,NA,NA,NA,NA
"2026-09-29T23:36:04Z","Sleeper","Saquon Barkley","PHI","RB",12.771,13.721,14.671,14.741,NA,NA,NA,NA,NA,NA
"2026-09-29T23:36:04Z","Sleeper","Javonte Williams","DAL","RB",12.404,13.699,14.994,15.074,NA,NA,NA,NA,NA,NA
"2026-09-29T23:36:04Z","Sleeper","Aaron Jones","MIN","RB",11.91,12.99,14.07,14.15,NA,NA,NA,NA,NA,NA
"2026-09-29T23:36:04Z","Sleeper","Bucky Irving","TB","RB",11.4,12.845,14.29,14.37,NA,NA,NA,NA,NA,NA
"2026-09-29T23:36:04Z","Sleeper","Kyren Williams","LA","RB",11.669,12.644,13.619,13.689,NA,NA,NA,NA,NA,NA
"2026-09-29T23:36:04Z","Sleeper","Braelon Allen","NYJ","RB",11.512,12.392,13.272,13.332,NA,NA,NA,NA,NA,NA
"2026-09-29T23:36:04Z","Sleeper","Bhayshul Tuten","JAX","RB",11.045,11.91,12.775,12.825,NA,NA,NA,NA,NA,NA
"2026-09-29T23:36:04Z","Sleeper","Jacory Croskey-Merritt","WAS","RB",10.949,11.509,12.069,12.119,NA,NA,NA,NA,NA,NA
"2026-09-29T23:36:04Z","Sleeper","Rhamondre Stevenson","NE","RB",10.069,11.309,12.549,12.599,NA,NA,NA,NA,NA,NA
"2026-09-29T23:36:04Z","Sleeper","RJ Harvey","DEN","RB",8.142,9.612,11.082,11.122,NA,NA,NA,NA,NA,NA
"2026-09-29T23:36:04Z","Sleeper","TreVeyon Henderson","NE","RB",8.17,8.835,9.5,9.54,NA,NA,NA,NA,NA,NA
"2026-09-29T23:36:04Z","Sleeper","Tony Pollard","TEN","RB",7.938,8.798,9.658,9.708,NA,NA,NA,NA,NA,NA
"2026-09-29T23:36:04Z","Sleeper","Omarion Hampton","LAC","RB",7.802,8.622,9.442,9.492,NA,NA,NA,NA,NA,NA
"2026-09-29T23:36:04Z","Sleeper","Alvin Kamara","NO","RB",7.378,8.578,9.778,9.828,NA,NA,NA,NA,NA,NA
"2026-09-29T23:36:04Z","Sleeper","Kyle Monangai","CHI","RB",8.022,8.567,9.112,9.162,NA,NA,NA,NA,NA,NA
"2026-09-29T23:36:04Z","Sleeper","Woody Marks","HOU","RB",7.042,7.842,8.642,8.692,NA,NA,NA,NA,NA,NA
"2026-09-29T23:36:04Z","Sleeper","Jadarian Price","SEA","RB",7.078,7.593,8.108,8.158,NA,NA,NA,NA,NA,NA
"2026-09-29T23:36:04Z","Sleeper","Quinshon Judkins","CLE","RB",6.478,7.543,8.608,8.678,NA,NA,NA,NA,NA,NA
"2026-09-29T23:36:04Z","Sleeper","Rachaad White","WAS","RB",6.312,7.442,8.572,8.602,NA,NA,NA,NA,NA,NA
"2026-09-29T23:36:04Z","Sleeper","J.K. Dobbins","DEN","RB",6.703,7.273,7.843,7.893,NA,NA,NA,NA,NA,NA
"2026-09-29T23:36:04Z","Sleeper","MarShawn Lloyd","GB","RB",6.494,7.259,8.024,8.064,NA,NA,NA,NA,NA,NA
"2026-09-29T23:36:04Z","Sleeper","Ollie Gordon","MIA","RB",6.495,7.16,7.825,7.865,NA,NA,NA,NA,NA,NA
"2026-09-29T23:36:04Z","Sleeper","Tyjae Spears","TEN","RB",5.748,6.943,8.138,8.168,NA,NA,NA,NA,NA,NA
"2026-09-29T23:36:04Z","Sleeper","Blake Corum","LA","RB",6.419,6.749,7.079,7.129,NA,NA,NA,NA,NA,NA
"2026-09-29T23:36:04Z","Sleeper","Kenny Gainwell","TB","RB",5.78,6.645,7.51,7.54,NA,NA,NA,NA,NA,NA
"2026-09-29T23:36:04Z","Sleeper","Tyler Allgeier","ARI","RB",5.392,6.577,7.762,7.802,NA,NA,NA,NA,NA,NA
"2026-09-29T23:36:04Z","Sleeper","Kendre Miller","NO","RB",5.948,6.508,7.068,7.108,NA,NA,NA,NA,NA,NA
"2026-09-29T23:36:04Z","Sleeper","Isaiah Davis","NYJ","RB",5.406,6.136,6.866,6.886,NA,NA,NA,NA,NA,NA
"2026-09-29T23:36:04Z","Sleeper","Emanuel Wilson","SEA","RB",5.302,5.697,6.092,6.132,NA,NA,NA,NA,NA,NA
"2026-09-29T23:36:04Z","Sleeper","Samaje Perine","CIN","RB",4.622,5.457,6.292,6.322,NA,NA,NA,NA,NA,NA
"2026-09-29T23:36:04Z","Sleeper","Justice Hill","BAL","RB",4.439,5.314,6.189,6.209,NA,NA,NA,NA,NA,NA
"2026-09-29T23:36:04Z","Sleeper","Chris Rodriguez","JAX","RB",4.995,5.24,5.485,5.505,NA,NA,NA,NA,NA,NA
"2026-09-29T23:36:04Z","Sleeper","Kaleb Johnson","GB","RB",4.576,5.146,5.716,5.746,NA,NA,NA,NA,NA,NA
"2026-09-29T23:36:04Z","Sleeper","Chris Brooks","GB","RB",4.407,5.127,5.847,5.877,NA,NA,NA,NA,NA,NA
"2026-09-29T23:36:04Z","Sleeper","Kaelon Black","SF","RB",4.608,4.978,5.348,5.378,NA,NA,NA,NA,NA,NA
"2026-09-29T23:36:04Z","Sleeper","Najee Harris","NYG","RB",4.332,4.677,5.022,5.052,NA,NA,NA,NA,NA,NA
"2026-09-29T23:36:04Z","Sleeper","Raheim Sanders","CLE","RB",3.581,4.451,5.321,5.341,NA,NA,NA,NA,NA,NA
"2026-09-29T23:36:04Z","Sleeper","George Holani","SEA","RB",3.641,4.411,5.181,5.201,NA,NA,NA,NA,NA,NA
"2026-09-29T23:36:04Z","Sleeper","Ty Johnson","BUF","RB",3.576,4.301,5.026,5.046,NA,NA,NA,NA,NA,NA
"2026-09-29T23:36:04Z","Sleeper","Mike Washington","LV","RB",3.891,4.161,4.431,4.451,NA,NA,NA,NA,NA,NA
"2026-09-29T23:36:04Z","Sleeper","Keaton Mitchell","LAC","RB",3.468,4.053,4.638,4.658,NA,NA,NA,NA,NA,NA
"2026-09-29T23:36:04Z","Sleeper","Emmett Johnson","KC","RB",3.38,3.965,4.55,4.57,NA,NA,NA,NA,NA,NA
"2026-09-29T23:36:04Z","Sleeper","Sione Vaki","DET","RB",3.51,3.93,4.35,4.37,NA,NA,NA,NA,NA,NA
"2026-09-29T23:36:04Z","Sleeper","AJ Dillon","CAR","RB",3.466,3.921,4.376,4.376,NA,NA,NA,NA,NA,NA
"2026-09-29T23:36:04Z","Sleeper","Brian Robinson","ATL","RB",3.547,3.882,4.217,4.237,NA,NA,NA,NA,NA,NA
"2026-09-29T23:36:04Z","Sleeper","CJ Donaldson","NO","RB",3.126,3.586,4.046,4.046,NA,NA,NA,NA,NA,NA
"2026-09-29T23:36:04Z","Sleeper","Jaylen Wright","MIA","RB",2.918,3.383,3.848,3.868,NA,NA,NA,NA,NA,NA
"2026-09-29T23:36:04Z","Sleeper","Tank Bigsby","PHI","RB",3.009,3.184,3.359,3.379,NA,NA,NA,NA,NA,NA
"2026-09-29T23:36:04Z","Sleeper","DeeJay Dallas","MIN","RB",2.413,2.948,3.483,3.493,NA,NA,NA,NA,NA,NA
"2026-09-29T23:36:04Z","Sleeper","Tyler Goodson","DAL","RB",2.434,2.944,3.454,3.474,NA,NA,NA,NA,NA,NA
"2026-09-29T23:36:04Z","Sleeper","Travis Homer","PIT","RB",2.289,2.734,3.179,3.179,NA,NA,NA,NA,NA,NA
"2026-09-29T23:36:04Z","Sleeper","Lew Nichols","PIT","RB",2.605,2.72,2.835,2.835,NA,NA,NA,NA,NA,NA
"2026-09-29T23:36:04Z","Sleeper","Tyler Badie","DEN","RB",1.997,2.582,3.167,3.177,NA,NA,NA,NA,NA,NA
"2026-09-29T23:36:04Z","Sleeper","Ameer Abdullah","JAX","RB",2.14,2.52,2.9,2.91,NA,NA,NA,NA,NA,NA
"2026-09-29T23:36:04Z","Sleeper","Seth McGowan","IND","RB",2.295,2.485,2.675,2.685,NA,NA,NA,NA,NA,NA
"2026-09-29T23:36:04Z","Sleeper","Demond Claiborne","MIN","RB",2.194,2.369,2.544,2.554,NA,NA,NA,NA,NA,NA
"2026-09-29T23:36:04Z","Sleeper","Will Shipley","PHI","RB",1.291,1.666,2.041,2.051,NA,NA,NA,NA,NA,NA
"2026-09-29T23:36:04Z","Sleeper","LeQuint Allen","JAX","RB",1.174,1.534,1.894,1.904,NA,NA,NA,NA,NA,NA
"2026-09-29T23:36:04Z","Sleeper","Austin Ekeler","WAS","RB",1.08,1.415,1.75,1.76,NA,NA,NA,NA,NA,NA
"2026-09-29T23:36:04Z","Sleeper","Kimani Vidal","LAC","RB",1.07,1.38,1.69,1.7,NA,NA,NA,NA,NA,NA
"2026-09-29T23:36:04Z","Sleeper","Kyle Juszczyk","SF","RB",1.012,1.327,1.642,1.642,NA,NA,NA,NA,NA,NA
"2026-09-29T23:36:04Z","Sleeper","Devin Singletary","NYG","RB",0.92,1.04,1.16,1.16,NA,NA,NA,NA,NA,NA
"2026-09-29T23:36:04Z","Sleeper","Kaytron Allen","WAS","RB",0.929,1.014,1.099,1.109,NA,NA,NA,NA,NA,NA
"2026-09-29T23:36:04Z","Sleeper","Ray Davis","BUF","RB",0.958,1.013,1.068,1.078,NA,NA,NA,NA,NA,NA
"2026-09-29T23:36:04Z","Sleeper","Alec Ingold","LAC","RB",0.738,1.013,1.288,1.288,NA,NA,NA,NA,NA,NA
"2026-09-29T23:36:04Z","Sleeper","Trey McBride","ARI","TE",10.149,13.774,17.399,21.054,NA,NA,NA,NA,NA,NA
"2026-09-29T23:36:04Z","Sleeper","Brock Bowers","LV","TE",9.07,12.205,15.34,18.495,NA,NA,NA,NA,NA,NA
"2026-09-29T23:36:04Z","Sleeper","Harold Fannin","CLE","TE",7.763,9.993,12.223,14.473,NA,NA,NA,NA,NA,NA
"2026-09-29T23:36:04Z","Sleeper","Dalton Kincaid","BUF","TE",7.454,9.809,12.164,14.539,NA,NA,NA,NA,NA,NA
"2026-09-29T23:36:04Z","Sleeper","Tyler Warren","IND","TE",7.221,9.581,11.941,14.321,NA,NA,NA,NA,NA,NA
"2026-09-29T23:36:04Z","Sleeper","Juwan Johnson","NO","TE",7.457,9.567,11.677,13.807,NA,NA,NA,NA,NA,NA
"2026-09-29T23:36:04Z","Sleeper","Travis Kelce","KC","TE",7.246,9.506,11.766,14.046,NA,NA,NA,NA,NA,NA
"2026-09-29T23:36:04Z","Sleeper","George Kittle","SF","TE",7.287,9.362,11.437,13.532,NA,NA,NA,NA,NA,NA
"2026-09-29T23:36:04Z","Sleeper","Isaiah Likely","NYG","TE",7.259,9.299,11.339,13.399,NA,NA,NA,NA,NA,NA
"2026-09-29T23:36:04Z","Sleeper","Tucker Kraft","GB","TE",6.639,8.594,10.549,12.514,NA,NA,NA,NA,NA,NA
"2026-09-29T23:36:04Z","Sleeper","Colston Loveland","CHI","TE",6.769,8.524,10.279,12.044,NA,NA,NA,NA,NA,NA
"2026-09-29T23:36:04Z","Sleeper","Sam LaPorta","DET","TE",6.184,8.354,10.524,12.714,NA,NA,NA,NA,NA,NA
"2026-09-29T23:36:04Z","Sleeper","Dalton Schultz","HOU","TE",6.127,8.317,10.507,12.717,NA,NA,NA,NA,NA,NA
"2026-09-29T23:36:04Z","Sleeper","Brenton Strange","JAX","TE",6.048,7.853,9.658,11.473,NA,NA,NA,NA,NA,NA
"2026-09-29T23:36:04Z","Sleeper","Kenyon Sadiq","NYJ","TE",5.833,7.683,9.533,11.393,NA,NA,NA,NA,NA,NA
"2026-09-29T23:36:04Z","Sleeper","AJ Barner","SEA","TE",5.988,7.608,9.228,10.868,NA,NA,NA,NA,NA,NA
"2026-09-29T23:36:04Z","Sleeper","Hunter Henry","NE","TE",5.594,7.574,9.554,11.554,NA,NA,NA,NA,NA,NA
"2026-09-29T23:36:04Z","Sleeper","Darren Waller","CAR","TE",5.865,7.54,9.215,10.9,NA,NA,NA,NA,NA,NA
"2026-09-29T23:36:04Z","Sleeper","Jake Ferguson","DAL","TE",5.393,7.188,8.983,10.788,NA,NA,NA,NA,NA,NA
"2026-09-29T23:36:04Z","Sleeper","Kyle Pitts","ATL","TE",5.751,7.181,8.611,10.051,NA,NA,NA,NA,NA,NA
"2026-09-29T23:36:04Z","Sleeper","Mark Andrews","BAL","TE",4.969,6.759,8.549,10.359,NA,NA,NA,NA,NA,NA
"2026-09-29T23:36:04Z","Sleeper","T.J. Hockenson","MIN","TE",4.976,6.686,8.396,10.116,NA,NA,NA,NA,NA,NA
"2026-09-29T23:36:04Z","Sleeper","Mike Gesicki","CIN","TE",4.907,6.367,7.827,9.297,NA,NA,NA,NA,NA,NA
"2026-09-29T23:36:04Z","Sleeper","Pat Freiermuth","PIT","TE",4.723,6.358,7.993,9.638,NA,NA,NA,NA,NA,NA
"2026-09-29T23:36:04Z","Sleeper","Chig Okonkwo","WAS","TE",4.743,6.353,7.963,9.583,NA,NA,NA,NA,NA,NA
"2026-09-29T23:36:04Z","Sleeper","Cade Otton","TB","TE",4.128,5.663,7.198,8.743,NA,NA,NA,NA,NA,NA
"2026-09-29T23:36:04Z","Sleeper","Gunnar Helm","TEN","TE",3.718,5.478,7.238,9.008,NA,NA,NA,NA,NA,NA
"2026-09-29T23:36:04Z","Sleeper","Oronde Gadsden","LAC","TE",4.182,5.417,6.652,7.897,NA,NA,NA,NA,NA,NA
"2026-09-29T23:36:04Z","Sleeper","Tyler Higbee","LA","TE",4.04,5.325,6.61,7.905,NA,NA,NA,NA,NA,NA
"2026-09-29T23:36:04Z","Sleeper","Greg Dulcich","MIA","TE",3.7,5.155,6.61,8.075,NA,NA,NA,NA,NA,NA
"2026-09-29T23:36:04Z","Sleeper","Colby Parkinson","LA","TE",3.92,4.98,6.04,7.11,NA,NA,NA,NA,NA,NA
"2026-09-29T23:36:04Z","Sleeper","Noah Fant","NO","TE",3.913,4.968,6.023,7.088,NA,NA,NA,NA,NA,NA
"2026-09-29T23:36:04Z","Sleeper","Evan Engram","DEN","TE",3.319,4.444,5.569,6.704,NA,NA,NA,NA,NA,NA
"2026-09-29T23:36:04Z","Sleeper","Michael Mayer","LV","TE",2.937,4.262,5.587,6.922,NA,NA,NA,NA,NA,NA
"2026-09-29T23:36:04Z","Sleeper","Eli Raridon","NE","TE",2.575,3.395,4.215,5.045,NA,NA,NA,NA,NA,NA
"2026-09-29T23:36:04Z","Sleeper","Elijah Arroyo","SEA","TE",2.411,3.226,4.041,4.866,NA,NA,NA,NA,NA,NA
"2026-09-29T23:36:04Z","Sleeper","Cole Kmet","CHI","TE",2.353,3.083,3.813,4.553,NA,NA,NA,NA,NA,NA
"2026-09-29T23:36:04Z","Sleeper","Zach Ertz","PHI","TE",2.078,2.873,3.668,4.473,NA,NA,NA,NA,NA,NA
"2026-09-29T23:36:04Z","Sleeper","Foster Moreau","HOU","TE",2.153,2.808,3.463,4.118,NA,NA,NA,NA,NA,NA
"2026-09-29T23:36:04Z","Sleeper","Noah Gray","KC","TE",1.975,2.675,3.375,4.085,NA,NA,NA,NA,NA,NA
"2026-09-29T23:36:04Z","Sleeper","Darnell Washington","PIT","TE",1.852,2.597,3.342,4.097,NA,NA,NA,NA,NA,NA
"2026-09-29T23:36:04Z","Sleeper","Theo Johnson","NYG","TE",2.05,2.58,3.11,3.64,NA,NA,NA,NA,NA,NA
"2026-09-29T23:36:04Z","Sleeper","Jonnu Smith","GB","TE",1.843,2.578,3.313,4.058,NA,NA,NA,NA,NA,NA
"2026-09-29T23:36:04Z","Sleeper","Dawson Knox","BUF","TE",1.897,2.487,3.077,3.667,NA,NA,NA,NA,NA,NA
"2026-09-29T23:36:04Z","Sleeper","Tommy Tremble","CAR","TE",1.758,2.428,3.098,3.778,NA,NA,NA,NA,NA,NA
"2026-09-29T23:36:04Z","Sleeper","Johnny Mundt","PHI","TE",1.694,2.374,3.054,3.734,NA,NA,NA,NA,NA,NA
"2026-09-29T23:36:04Z","Sleeper","Erick All","CIN","TE",1.587,2.197,2.807,3.427,NA,NA,NA,NA,NA,NA
"2026-09-29T23:36:04Z","Sleeper","Austin Hooper","ATL","TE",1.737,2.192,2.647,3.102,NA,NA,NA,NA,NA,NA
"2026-09-29T23:36:04Z","Sleeper","Blake Whiteheart","CLE","TE",1.625,2.065,2.505,2.945,NA,NA,NA,NA,NA,NA
"2026-09-29T23:36:04Z","Sleeper","Mason Taylor","NYJ","TE",1.416,2.026,2.636,3.246,NA,NA,NA,NA,NA,NA
"2026-09-29T23:36:04Z","Sleeper","Jaxon Smith-Njigba","SEA","WR",15.68,18.93,22.18,22.21,NA,NA,NA,NA,NA,NA
"2026-09-29T23:36:04Z","Sleeper","Chris Olave","NO","WR",13.099,15.979,18.859,18.889,NA,NA,NA,NA,NA,NA
"2026-09-29T23:36:04Z","Sleeper","Nico Collins","HOU","WR",12.993,15.763,18.533,18.553,NA,NA,NA,NA,NA,NA
"2026-09-29T23:36:04Z","Sleeper","Zay Flowers","BAL","WR",12.854,15.344,17.834,17.854,NA,NA,NA,NA,NA,NA
"2026-09-29T23:36:04Z","Sleeper","Ja'Marr Chase","CIN","WR",12.02,15.08,18.14,18.17,NA,NA,NA,NA,NA,NA
"2026-09-29T23:36:04Z","Sleeper","Amon-Ra St. Brown","DET","WR",11.68,14.78,17.88,17.91,NA,NA,NA,NA,NA,NA
"2026-09-29T23:36:04Z","Sleeper","Puka Nacua","LA","WR",11.679,14.479,17.279,17.309,NA,NA,NA,NA,NA,NA
"2026-09-29T23:36:04Z","Sleeper","CeeDee Lamb","DAL","WR",11.405,14.4,17.395,17.425,NA,NA,NA,NA,NA,NA
"2026-09-29T23:36:04Z","Sleeper","Parker Washington","JAX","WR",11.8,14.285,16.77,16.79,NA,NA,NA,NA,NA,NA
"2026-09-29T23:36:04Z","Sleeper","Garrett Wilson","NYJ","WR",10.962,13.887,16.812,16.832,NA,NA,NA,NA,NA,NA
"2026-09-29T23:36:04Z","Sleeper","Drake London","ATL","WR",10.97,13.595,16.22,16.24,NA,NA,NA,NA,NA,NA
"2026-09-29T23:36:04Z","Sleeper","Justin Jefferson","MIN","WR",10.745,13.585,16.425,16.445,NA,NA,NA,NA,NA,NA
"2026-09-29T23:36:04Z","Sleeper","Tee Higgins","CIN","WR",11.166,13.566,15.966,15.986,NA,NA,NA,NA,NA,NA
"2026-09-29T23:36:04Z","Sleeper","Davante Adams","LA","WR",11.206,13.551,15.896,15.916,NA,NA,NA,NA,NA,NA
"2026-09-29T23:36:04Z","Sleeper","Christian Watson","GB","WR",11.048,13.133,15.218,15.238,NA,NA,NA,NA,NA,NA
"2026-09-29T23:36:04Z","Sleeper","Michael Wilson","ARI","WR",9.834,12.129,14.424,14.444,NA,NA,NA,NA,NA,NA
"2026-09-29T23:36:04Z","Sleeper","George Pickens","DAL","WR",9.567,12.112,14.657,14.677,NA,NA,NA,NA,NA,NA
"2026-09-29T23:36:04Z","Sleeper","Jalen Coker","CAR","WR",9.588,12.083,14.578,14.598,NA,NA,NA,NA,NA,NA
"2026-09-29T23:36:04Z","Sleeper","DJ Moore","BUF","WR",9.583,11.708,13.833,13.853,NA,NA,NA,NA,NA,NA
"2026-09-29T23:36:04Z","Sleeper","Rashee Rice","KC","WR",9.177,11.602,14.027,14.047,NA,NA,NA,NA,NA,NA
"2026-09-29T23:36:04Z","Sleeper","Mike Evans","SF","WR",9.406,11.416,13.426,13.446,NA,NA,NA,NA,NA,NA
"2026-09-29T23:36:04Z","Sleeper","Malik Nabers","NYG","WR",8.841,11.386,13.931,13.951,NA,NA,NA,NA,NA,NA
"2026-09-29T23:36:04Z","Sleeper","Tetairoa McMillan","CAR","WR",9.124,11.374,13.624,13.644,NA,NA,NA,NA,NA,NA
"2026-09-29T23:36:04Z","Sleeper","DeVonta Smith","PHI","WR",8.488,10.848,13.208,13.228,NA,NA,NA,NA,NA,NA
"2026-09-29T23:36:04Z","Sleeper","Josh Downs","IND","WR",8.368,10.458,12.548,12.568,NA,NA,NA,NA,NA,NA
"2026-09-29T23:36:04Z","Sleeper","Luther Burden","CHI","WR",8.231,10.406,12.581,12.601,NA,NA,NA,NA,NA,NA
"2026-09-29T23:36:04Z","Sleeper","Jaylen Waddle","DEN","WR",7.875,10.17,12.465,12.485,NA,NA,NA,NA,NA,NA
"2026-09-29T23:36:04Z","Sleeper","Matthew Golden","GB","WR",8.012,10.072,12.132,12.152,NA,NA,NA,NA,NA,NA
"2026-09-29T23:36:04Z","Sleeper","Ladd McConkey","LAC","WR",7.895,10.015,12.135,12.155,NA,NA,NA,NA,NA,NA
"2026-09-29T23:36:04Z","Sleeper","Terry McLaurin","WAS","WR",7.799,9.709,11.619,11.639,NA,NA,NA,NA,NA,NA
"2026-09-29T23:36:04Z","Sleeper","Denzel Boston","CLE","WR",7.852,9.437,11.022,11.032,NA,NA,NA,NA,NA,NA
"2026-09-29T23:36:04Z","Sleeper","Jordan Addison","MIN","WR",7.464,9.139,10.814,10.824,NA,NA,NA,NA,NA,NA
"2026-09-29T23:36:04Z","Sleeper","Jameson Williams","DET","WR",7.296,9.061,10.826,10.846,NA,NA,NA,NA,NA,NA
"2026-09-29T23:36:04Z","Sleeper","Stefon Diggs","WAS","WR",7.102,9.052,11.002,11.022,NA,NA,NA,NA,NA,NA
"2026-09-29T23:36:04Z","Sleeper","Emeka Egbuka","TB","WR",6.8,8.555,10.31,10.32,NA,NA,NA,NA,NA,NA
"2026-09-29T23:36:04Z","Sleeper","Courtland Sutton","DEN","WR",6.675,8.285,9.895,9.905,NA,NA,NA,NA,NA,NA
"2026-09-29T23:36:04Z","Sleeper","Devaughn Vele","NO","WR",6.38,8.28,10.18,10.2,NA,NA,NA,NA,NA,NA
"2026-09-29T23:36:04Z","Sleeper","Kalif Raymond","CHI","WR",6.338,8.188,10.038,10.058,NA,NA,NA,NA,NA,NA
"2026-09-29T23:36:04Z","Sleeper","DK Metcalf","PIT","WR",6.577,8.177,9.777,9.787,NA,NA,NA,NA,NA,NA
"2026-09-29T23:36:04Z","Sleeper","Xavier Worthy","KC","WR",6.53,8.12,9.71,9.73,NA,NA,NA,NA,NA,NA
"2026-09-29T23:36:04Z","Sleeper","Jakobi Meyers","JAX","WR",6.135,7.93,9.725,9.745,NA,NA,NA,NA,NA,NA
"2026-09-29T23:36:04Z","Sleeper","Carnell Tate","TEN","WR",5.741,7.916,10.091,10.111,NA,NA,NA,NA,NA,NA
"2026-09-29T23:36:04Z","Sleeper","Wan'Dale Robinson","TEN","WR",5.658,7.818,9.978,9.998,NA,NA,NA,NA,NA,NA
"2026-09-29T23:36:04Z","Sleeper","Jauan Jennings","MIN","WR",6.218,7.638,9.058,9.068,NA,NA,NA,NA,NA,NA
"2026-09-29T23:36:04Z","Sleeper","KC Concepcion","CLE","WR",5.763,7.618,9.473,9.493,NA,NA,NA,NA,NA,NA
"2026-09-29T23:36:04Z","Sleeper","Romeo Doubs","NE","WR",5.925,7.445,8.965,8.975,NA,NA,NA,NA,NA,NA
"2026-09-29T23:36:04Z","Sleeper","Michael Pittman","PIT","WR",5.445,7.44,9.435,9.455,NA,NA,NA,NA,NA,NA
"2026-09-29T23:36:04Z","Sleeper","Deebo Samuel","SF","WR",5.715,7.3,8.885,8.905,NA,NA,NA,NA,NA,NA
"2026-09-29T23:36:04Z","Sleeper","Rome Odunze","CHI","WR",5.812,7.162,8.512,8.522,NA,NA,NA,NA,NA,NA
"2026-09-29T23:36:04Z","Sleeper","Quentin Johnston","LAC","WR",5.78,7.16,8.54,8.55,NA,NA,NA,NA,NA,NA
"2026-09-29T23:36:04Z","Sleeper","Dontayvion Wicks","PHI","WR",5.584,7.144,8.704,8.714,NA,NA,NA,NA,NA,NA
"2026-09-29T23:36:04Z","Sleeper","Chris Godwin","TB","WR",5.343,7.078,8.813,8.823,NA,NA,NA,NA,NA,NA
"2026-09-29T23:36:04Z","Sleeper","Tre Tucker","LV","WR",5.583,7.073,8.563,8.573,NA,NA,NA,NA,NA,NA
"2026-09-29T23:36:04Z","Sleeper","Malik Washington","MIA","WR",5.297,7.052,8.807,8.827,NA,NA,NA,NA,NA,NA
"2026-09-29T23:36:04Z","Sleeper","Mack Hollins","NE","WR",5.271,7.001,8.731,8.751,NA,NA,NA,NA,NA,NA
"2026-09-29T23:36:04Z","Sleeper","Adonai Mitchell","NYJ","WR",5.459,6.939,8.419,8.429,NA,NA,NA,NA,NA,NA
"2026-09-29T23:36:04Z","Sleeper","Keenan Allen","IND","WR",5.296,6.931,8.566,8.576,NA,NA,NA,NA,NA,NA
"2026-09-29T23:36:04Z","Sleeper","Ryan Flournoy","DAL","WR",4.946,6.556,8.166,8.176,NA,NA,NA,NA,NA,NA
"2026-09-29T23:36:04Z","Sleeper","Rashod Bateman","BAL","WR",5.125,6.455,7.785,7.795,NA,NA,NA,NA,NA,NA
"2026-09-29T23:36:04Z","Sleeper","Khalil Shakir","BUF","WR",4.523,6.358,8.193,8.213,NA,NA,NA,NA,NA,NA
"2026-09-29T23:36:04Z","Sleeper","Brian Thomas","JAX","WR",5.064,6.304,7.544,7.554,NA,NA,NA,NA,NA,NA
"2026-09-29T23:36:04Z","Sleeper","Pat Bryant","DEN","WR",4.651,6.046,7.441,7.451,NA,NA,NA,NA,NA,NA
"2026-09-29T23:36:04Z","Sleeper","Rashid Shaheed","SEA","WR",4.572,5.697,6.822,6.832,NA,NA,NA,NA,NA,NA
"2026-09-29T23:36:04Z","Sleeper","Tre' Harris","LAC","WR",4.194,5.579,6.964,6.974,NA,NA,NA,NA,NA,NA
"2026-09-29T23:36:04Z","Sleeper","Kayshon Boutte","HOU","WR",4.332,5.452,6.572,6.582,NA,NA,NA,NA,NA,NA
"2026-09-29T23:36:04Z","Sleeper","Cooper Kupp","SEA","WR",4.071,5.161,6.251,6.261,NA,NA,NA,NA,NA,NA
"2026-09-29T23:36:04Z","Sleeper","Jalen Nailor","LV","WR",4.159,5.149,6.139,6.149,NA,NA,NA,NA,NA,NA
"2026-09-29T23:36:04Z","Sleeper","Elic Ayomanor","TEN","WR",4.134,5.069,6.004,6.014,NA,NA,NA,NA,NA,NA
"2026-09-29T23:36:04Z","Sleeper","Ted Hurst","TB","WR",4.037,5.027,6.017,6.027,NA,NA,NA,NA,NA,NA
"2026-09-29T23:36:04Z","Sleeper","Makai Lemon","PHI","WR",3.4,4.94,6.48,6.49,NA,NA,NA,NA,NA,NA
"2026-09-29T23:36:04Z","Sleeper","Caleb Douglas","MIA","WR",3.666,4.911,6.156,6.166,NA,NA,NA,NA,NA,NA
"2026-09-29T23:36:04Z","Sleeper","DeMario Douglas","NE","WR",3.671,4.871,6.071,6.081,NA,NA,NA,NA,NA,NA
"2026-09-29T23:36:04Z","Sleeper","Kendrick Bourne","ARI","WR",3.439,4.694,5.949,5.959,NA,NA,NA,NA,NA,NA
"2026-09-29T23:36:04Z","Sleeper","Xavier Hutchinson","HOU","WR",3.656,4.651,5.646,5.656,NA,NA,NA,NA,NA,NA
"2026-09-29T23:36:04Z","Sleeper","Tyquan Thornton","KC","WR",3.569,4.504,5.439,5.449,NA,NA,NA,NA,NA,NA
"2026-09-29T23:36:04Z","Sleeper","Marvin Harrison","ARI","WR",3.552,4.477,5.402,5.412,NA,NA,NA,NA,NA,NA
"2026-09-29T23:36:04Z","Sleeper","Malachi Fields","NYG","WR",3.582,4.447,5.312,5.322,NA,NA,NA,NA,NA,NA
"2026-09-29T23:36:04Z","Sleeper","Roman Wilson","PIT","WR",3.268,4.258,5.248,5.258,NA,NA,NA,NA,NA,NA
"2026-09-29T23:36:04Z","Sleeper","Chris Bell","MIA","WR",3.275,4.195,5.115,5.125,NA,NA,NA,NA,NA,NA
"2026-09-29T23:36:04Z","Sleeper","Laquon Treadwell","IND","WR",3.425,4.175,4.925,4.925,NA,NA,NA,NA,NA,NA
"2026-09-29T23:36:04Z","Sleeper","Isaiah Williams","NYJ","WR",2.849,4.054,5.259,5.269,NA,NA,NA,NA,NA,NA
"2026-09-29T23:36:04Z","Sleeper","Skyy Moore","GB","WR",3.101,4.026,4.951,4.971,NA,NA,NA,NA,NA,NA
"2026-09-29T23:36:04Z","Sleeper","Darnell Mooney","NYG","WR",3.212,3.987,4.762,4.772,NA,NA,NA,NA,NA,NA
"2026-09-29T23:36:04Z","Sleeper","Keon Coleman","BUF","WR",2.904,3.834,4.764,4.774,NA,NA,NA,NA,NA,NA
"2026-09-29T23:36:04Z","Sleeper","Antonio Williams","WAS","WR",2.957,3.807,4.657,4.667,NA,NA,NA,NA,NA,NA
"2026-09-29T23:36:04Z","Sleeper","Jahan Dotson","ATL","WR",2.888,3.688,4.488,4.498,NA,NA,NA,NA,NA,NA
"2026-09-29T23:36:04Z","Sleeper","Isaac TeSlaa","DET","WR",2.768,3.443,4.118,4.128,NA,NA,NA,NA,NA,NA
"2026-09-29T23:36:04Z","Sleeper","Josh Cameron","JAX","WR",2.49,3.055,3.62,3.63,NA,NA,NA,NA,NA,NA
"2026-09-29T23:36:04Z","Sleeper","Jerry Jeudy","CLE","WR",2.296,3.016,3.736,3.746,NA,NA,NA,NA,NA,NA
"2026-09-29T23:36:04Z","Sleeper","Dohnte Meyers","CIN","WR",2.259,2.949,3.639,3.639,NA,NA,NA,NA,NA,NA
"2026-09-29T23:36:04Z","Sleeper","Tory Horton","SEA","WR",2.321,2.891,3.461,3.471,NA,NA,NA,NA,NA,NA
"2026-09-29T23:36:04Z","Sleeper","Devontez Walker","BAL","WR",2.423,2.863,3.303,3.303,NA,NA,NA,NA,NA,NA
"2026-09-29T23:36:04Z","Sleeper","Kyle Williams","NE","WR",2.295,2.835,3.375,3.375,NA,NA,NA,NA,NA,NA
"2026-09-29T23:36:04Z","Sleeper","Cody White","LV","WR",2.348,2.813,3.278,3.278,NA,NA,NA,NA,NA,NA
"2026-09-29T23:36:04Z","Sleeper","Zachariah Branch","ATL","WR",1.937,2.522,3.107,3.107,NA,NA,NA,NA,NA,NA
"2026-09-29T23:36:04Z","Sleeper","Xavier Legette","CAR","WR",1.948,2.508,3.068,3.068,NA,NA,NA,NA,NA,NA
"2026-09-29T23:36:04Z","Sleeper","Olamide Zaccheaus","ATL","WR",1.961,2.466,2.971,2.981,NA,NA,NA,NA,NA,NA
"2026-09-29T23:36:04Z","Sleeper","Calvin Ridley","TEN","WR",1.828,2.343,2.858,2.858,NA,NA,NA,NA,NA,NA
"2026-09-29T23:36:04Z","Sleeper","Kevin Coleman","MIA","WR",1.731,2.221,2.711,2.711,NA,NA,NA,NA,NA,NA
"2026-09-29T23:36:04Z","Sleeper","Tez Johnson","TB","WR",1.757,2.202,2.647,2.647,NA,NA,NA,NA,NA,NA
"2026-09-29T23:36:04Z","Sleeper","KaVontae Turpin","DAL","WR",1.714,2.049,2.384,2.394,NA,NA,NA,NA,NA,NA
"2026-09-29T23:36:04Z","Sleeper","Troy Franklin","DEN","WR",1.55,1.995,2.44,2.44,NA,NA,NA,NA,NA,NA
"2026-09-29T23:36:04Z","Sleeper","Jacob Cowing","SF","WR",1.513,1.978,2.443,2.443,NA,NA,NA,NA,NA,NA
"2026-09-29T23:36:04Z","Sleeper","Jared Wayne","HOU","WR",1.47,1.925,2.38,2.38,NA,NA,NA,NA,NA,NA
"2026-09-29T23:36:04Z","Sleeper","Joshua Palmer","BUF","WR",1.406,1.871,2.336,2.336,NA,NA,NA,NA,NA,NA
"2026-09-29T23:36:04Z","Sleeper","Darius Cooper","PHI","WR",1.359,1.859,2.359,2.359,NA,NA,NA,NA,NA,NA
"2026-09-29T23:36:04Z","Sleeper","Germie Bernard","PIT","WR",1.425,1.85,2.275,2.275,NA,NA,NA,NA,NA,NA
"2026-09-29T23:36:04Z","Sleeper","Konata Mumpfield","LA","WR",1.462,1.837,2.212,2.212,NA,NA,NA,NA,NA,NA
"2026-09-29T23:36:04Z","Sleeper","Jaylin Noel","HOU","WR",1.465,1.8,2.135,2.135,NA,NA,NA,NA,NA,NA
"2026-09-29T23:36:04Z","Sleeper","Isaiah Bond","CLE","WR",1.468,1.768,2.068,2.068,NA,NA,NA,NA,NA,NA
"2026-09-30T05:01:42Z","ECR","Josh Allen","BUF","QB",NA,NA,22.5,NA,1,1,0,1,1,"2026-09-30"
"2026-09-30T05:01:42Z","ECR","Lamar Jackson","BAL","QB",NA,NA,21.5,NA,2,2.11,0.31,2,3,"2026-09-30"
"2026-09-30T05:01:42Z","ECR","Patrick Mahomes II","KC","QB",NA,NA,20.8,NA,3,3.11,0.57,2,4,"2026-09-30"
"2026-09-30T05:01:42Z","ECR","Trevor Lawrence","JAX","QB",NA,NA,20.2,NA,4,4.22,0.79,3,6,"2026-09-30"
"2026-09-30T05:01:42Z","ECR","Jalen Hurts","PHI","QB",NA,NA,19.7,NA,5,6.44,1.42,5,9,"2026-09-30"
"2026-09-30T05:01:42Z","ECR","Jared Goff","DET","QB",NA,NA,19.4,NA,6,6.67,1.33,5,9,"2026-09-30"
"2026-09-30T05:01:42Z","ECR","Joe Burrow","CIN","QB",NA,NA,19.2,NA,7,6.78,1.47,5,9,"2026-09-30"
"2026-09-30T05:01:42Z","ECR","Brock Purdy","SF","QB",NA,NA,19,NA,8,7.11,0.74,6,8,"2026-09-30"
"2026-09-30T05:01:42Z","ECR","Dak Prescott","DAL","QB",NA,NA,18.7,NA,9,8.89,1.37,6,10,"2026-09-30"
"2026-09-30T05:01:42Z","ECR","Tyler Shough","NO","QB",NA,NA,18.3,NA,10,9,1.49,6,11,"2026-09-30"
"2026-09-30T05:01:42Z","ECR","Bryce Young","CAR","QB",NA,NA,18,NA,11,11.33,1.25,10,14,"2026-09-30"
"2026-09-30T05:01:42Z","ECR","Jordan Love","GB","QB",NA,NA,17.8,NA,12,12.33,0.82,11,14,"2026-09-30"
"2026-09-30T05:01:42Z","ECR","Kyler Murray","MIN","QB",NA,NA,17.5,NA,13,13.22,1.31,11,15,"2026-09-30"
"2026-09-30T05:01:42Z","ECR","Drake Maye","NE","QB",NA,NA,17.3,NA,14,14.11,1.45,13,17,"2026-09-30"
"2026-09-30T05:01:42Z","ECR","Matthew Stafford","LA","QB",NA,NA,17,NA,15,15.33,1.05,14,17,"2026-09-30"
"2026-09-30T05:01:42Z","ECR","Bo Nix","DEN","QB",NA,NA,16.8,NA,16,15.67,2.05,12,19,"2026-09-30"
"2026-09-30T05:01:42Z","ECR","C.J. Stroud","HOU","QB",NA,NA,16.4,NA,17,17,0.67,16,18,"2026-09-30"
"2026-09-30T05:01:42Z","ECR","Marcus Mariota","WAS","QB",NA,NA,16.1,NA,18,18.67,2.05,16,23,"2026-09-30"
"2026-09-30T05:01:42Z","ECR","Geno Smith","NYJ","QB",NA,NA,15.7,NA,19,19.44,2.11,18,25,"2026-09-30"
"2026-09-30T05:01:42Z","ECR","Daniel Jones","IND","QB",NA,NA,15.4,NA,20,20.44,1.17,19,23,"2026-09-30"
"2026-09-30T05:01:42Z","ECR","Jacoby Brissett","ARI","QB",NA,NA,15.1,NA,21,20.78,0.63,20,22,"2026-09-30"
"2026-09-30T05:01:42Z","ECR","Sam Darnold","SEA","QB",NA,NA,14.8,NA,22,21.89,1.29,19,23,"2026-09-30"
"2026-09-30T05:01:42Z","ECR","Justin Herbert","LAC","QB",NA,NA,14.6,NA,23,22.22,1.87,18,25,"2026-09-30"
"2026-09-30T05:01:42Z","ECR","Kirk Cousins","LV","QB",NA,NA,14.4,NA,24,24.67,1.05,24,27,"2026-09-30"
"2026-09-30T05:01:42Z","ECR","Michael Penix Jr.","ATL","QB",NA,NA,14.1,NA,25,25.44,1.17,24,27,"2026-09-30"
"2026-09-30T05:01:42Z","ECR","Jameis Winston","NYG","QB",NA,NA,13.9,NA,26,27,1.7,26,31,"2026-09-30"
"2026-09-30T05:01:42Z","ECR","Deshaun Watson","CLE","QB",NA,NA,13.6,NA,27,27.44,1.07,25,29,"2026-09-30"
"2026-09-30T05:01:42Z","ECR","Malik Willis","MIA","QB",NA,NA,13.2,NA,28,27.67,2.21,25,32,"2026-09-30"
"2026-09-30T05:01:42Z","ECR","Aaron Rodgers","PIT","QB",NA,NA,12.7,NA,29,28.22,1.13,26,30,"2026-09-30"
"2026-09-30T05:01:42Z","ECR","Cam Ward","TEN","QB",NA,NA,11.7,NA,30,30.78,1.23,29,32,"2026-09-30"
"2026-09-30T05:01:42Z","ECR","Jalon Daniels","TB","QB",NA,NA,10.6,NA,31,31.44,1.07,30,34,"2026-09-30"
"2026-09-30T05:01:42Z","ECR","Tyson Bagent","CHI","QB",NA,NA,9.3,NA,32,31.43,1.59,29,34,"2026-09-30"
"2026-09-30T05:01:42Z","ECR","Case Keenum","CHI","QB",NA,NA,7.9,NA,33,34.86,6.03,30,49,"2026-09-30"
"2026-09-30T05:01:42Z","ECR","Drew Lock","SEA","QB",NA,NA,0.9,NA,34,37.6,5.71,34,49,"2026-09-30"
"2026-09-30T05:01:42Z","ECR","Shedeur Sanders","CLE","QB",NA,NA,0.8,NA,35,34.67,1.7,33,37,"2026-09-30"
"2026-09-30T05:01:42Z","ECR","Fernando Mendoza","LV","QB",NA,NA,0.5,NA,36,41,6.38,36,50,"2026-09-30"
"2026-09-30T05:01:42Z","ECR","Mac Jones","SF","QB",NA,NA,0.5,NA,37,47,9.42,38,60,"2026-09-30"
"2026-09-30T05:01:42Z","ECR","Jarrett Stidham","DEN","QB",NA,NA,0.5,NA,38,47.33,4.03,44,53,"2026-09-30"
"2026-09-30T05:01:42Z","ECR","Carson Beck","ARI","QB",NA,NA,0.5,NA,39,48,7.79,39,58,"2026-09-30"
"2026-09-30T05:01:42Z","ECR","Carson Wentz","MIN","QB",NA,NA,0,NA,40,35.5,0.5,35,36,"2026-09-30"
"2026-09-30T05:01:42Z","ECR","Jahmyr Gibbs","DET","RB",NA,NA,25.5,NA,1,1,0,1,1,"2026-09-30"
"2026-09-30T05:01:42Z","ECR","Bijan Robinson","ATL","RB",NA,NA,21.9,NA,2,2.11,0.31,2,3,"2026-09-30"
"2026-09-30T05:01:42Z","ECR","Kenneth Walker III","KC","RB",NA,NA,21.3,NA,3,2.89,0.31,2,3,"2026-09-30"
"2026-09-30T05:01:42Z","ECR","Derrick Henry","BAL","RB",NA,NA,19.5,NA,4,4.44,0.5,4,5,"2026-09-30"
"2026-09-30T05:01:42Z","ECR","Christian McCaffrey","SF","RB",NA,NA,19,NA,5,4.56,0.5,4,5,"2026-09-30"
"2026-09-30T05:01:42Z","ECR","Jonathan Taylor","IND","RB",NA,NA,18.9,NA,6,6.89,0.99,6,9,"2026-09-30"
"2026-09-30T05:01:42Z","ECR","James Cook III","BUF","RB",NA,NA,17.7,NA,7,7.78,0.92,7,9,"2026-09-30"
"2026-09-30T05:01:42Z","ECR","Ashton Jeanty","LV","RB",NA,NA,16.7,NA,8,8.22,1.4,6,11,"2026-09-30"
"2026-09-30T05:01:42Z","ECR","Jeremiyah Love","ARI","RB",NA,NA,16.7,NA,9,9.33,1.25,7,11,"2026-09-30"
"2026-09-30T05:01:42Z","ECR","Chase Brown","CIN","RB",NA,NA,16.4,NA,10,9.89,2.23,6,14,"2026-09-30"
"2026-09-30T05:01:42Z","ECR","Saquon Barkley","PHI","RB",NA,NA,16.1,NA,11,11.89,2.42,8,15,"2026-09-30"
"2026-09-30T05:01:42Z","ECR","Jaylen Warren","PIT","RB",NA,NA,16,NA,12,12,1.94,9,15,"2026-09-30"
"2026-09-30T05:01:42Z","ECR","Chuba Hubbard","CAR","RB",NA,NA,15.8,NA,13,12.78,0.92,11,14,"2026-09-30"
"2026-09-30T05:01:42Z","ECR","Kyren Williams","LA","RB",NA,NA,14.9,NA,14,12.89,1.29,10,14,"2026-09-30"
"2026-09-30T05:01:42Z","ECR","Aaron Jones Sr.","MIN","RB",NA,NA,14.4,NA,15,15,1.41,13,18,"2026-09-30"
"2026-09-30T05:01:42Z","ECR","D'Andre Swift","CHI","RB",NA,NA,14.4,NA,16,15.33,1.05,13,16,"2026-09-30"
"2026-09-30T05:01:42Z","ECR","Javonte Williams","DAL","RB",NA,NA,14.3,NA,17,16.67,1.56,13,18,"2026-09-30"
"2026-09-30T05:01:42Z","ECR","Cam Skattebo","NYG","RB",NA,NA,14.1,NA,18,18.44,1.17,17,21,"2026-09-30"
"2026-09-30T05:01:42Z","ECR","Bhayshul Tuten","JAX","RB",NA,NA,13.9,NA,19,19.33,0.67,18,20,"2026-09-30"
"2026-09-30T05:01:42Z","ECR","Bucky Irving","TB","RB",NA,NA,13.9,NA,20,19.56,1.34,17,21,"2026-09-30"
"2026-09-30T05:01:42Z","ECR","Omarion Hampton","LAC","RB",NA,NA,13.6,NA,21,21.78,2.04,19,26,"2026-09-30"
"2026-09-30T05:01:42Z","ECR","David Montgomery","HOU","RB",NA,NA,11.8,NA,22,22,0.67,21,23,"2026-09-30"
"2026-09-30T05:01:42Z","ECR","Braelon Allen","NYJ","RB",NA,NA,11.5,NA,23,22.33,1.76,20,26,"2026-09-30"
"2026-09-30T05:01:42Z","ECR","Quinshon Judkins","CLE","RB",NA,NA,11.3,NA,24,24,0.47,23,25,"2026-09-30"
"2026-09-30T05:01:42Z","ECR","TreVeyon Henderson","NE","RB",NA,NA,11.1,NA,25,25.78,2.04,23,30,"2026-09-30"
"2026-09-30T05:01:42Z","ECR","Jacory Croskey-Merritt","WAS","RB",NA,NA,11,NA,26,26.33,2.98,22,31,"2026-09-30"
"2026-09-30T05:01:42Z","ECR","Rhamondre Stevenson","NE","RB",NA,NA,10.1,NA,27,26.67,0.82,26,28,"2026-09-30"
"2026-09-30T05:01:42Z","ECR","Tony Pollard","TEN","RB",NA,NA,10.1,NA,28,28.22,0.92,27,30,"2026-09-30"
"2026-09-30T05:01:42Z","ECR","RJ Harvey","DEN","RB",NA,NA,10.1,NA,29,28.56,1.83,26,32,"2026-09-30"
"2026-09-30T05:01:42Z","ECR","J.K. Dobbins","DEN","RB",NA,NA,9.7,NA,30,29.44,1.34,26,31,"2026-09-30"
"2026-09-30T05:01:42Z","ECR","Jadarian Price","SEA","RB",NA,NA,9.5,NA,31,31,0.67,30,32,"2026-09-30"
"2026-09-30T05:01:42Z","ECR","Kyle Monangai","CHI","RB",NA,NA,9.5,NA,32,32.78,1.87,29,36,"2026-09-30"
"2026-09-30T05:01:42Z","ECR","Woody Marks","HOU","RB",NA,NA,9.3,NA,33,33.56,1.17,32,36,"2026-09-30"
"2026-09-30T05:01:42Z","ECR","Alvin Kamara","NO","RB",NA,NA,8.8,NA,34,34.67,4.19,31,46,"2026-09-30"
"2026-09-30T05:01:42Z","ECR","Rachaad White","WAS","RB",NA,NA,8.1,NA,35,34.67,0.67,34,36,"2026-09-30"
"2026-09-30T05:01:42Z","ECR","Ollie Gordon II","MIA","RB",NA,NA,8,NA,36,35.22,1.81,32,38,"2026-09-30"
"2026-09-30T05:01:42Z","ECR","Blake Corum","LA","RB",NA,NA,7.9,NA,37,37,1.41,35,39,"2026-09-30"
"2026-09-30T05:01:42Z","ECR","Tyler Allgeier","ARI","RB",NA,NA,7.9,NA,38,39,1.89,37,44,"2026-09-30"
"2026-09-30T05:01:42Z","ECR","Emmett Johnson","KC","RB",NA,NA,7.9,NA,39,40.56,4.6,37,53,"2026-09-30"
"2026-09-30T05:01:42Z","ECR","Kaelon Black","SF","RB",NA,NA,7.8,NA,40,40.78,1.03,40,43,"2026-09-30"
"2026-09-30T05:01:42Z","ECR","Kenny Gainwell","TB","RB",NA,NA,7.7,NA,41,42.89,1.91,41,48,"2026-09-30"
"2026-09-30T05:01:42Z","ECR","Chris Rodriguez Jr.","JAX","RB",NA,NA,7.6,NA,42,42.89,1.1,41,45,"2026-09-30"
"2026-09-30T05:01:42Z","ECR","Kaleb Johnson","GB","RB",NA,NA,6.9,NA,43,43,2.21,41,46,"2026-09-30"
"2026-09-30T05:01:42Z","ECR","Keaton Mitchell","LAC","RB",NA,NA,6.7,NA,44,43.33,3.68,38,51,"2026-09-30"
"2026-09-30T05:01:42Z","ECR","Mike Washington Jr.","LV","RB",NA,NA,6.6,NA,45,44.22,2.53,38,47,"2026-09-30"
"2026-09-30T05:01:42Z","ECR","Tyjae Spears","TEN","RB",NA,NA,6,NA,46,45.44,1.42,44,48,"2026-09-30"
"2026-09-30T05:01:42Z","ECR","Emanuel Wilson","SEA","RB",NA,NA,5.9,NA,47,46.78,2.7,40,49,"2026-09-30"
"2026-09-30T05:01:42Z","ECR","MarShawn Lloyd","GB","RB",NA,NA,5.8,NA,48,48.11,1.37,45,50,"2026-09-30"
"2026-09-30T05:01:42Z","ECR","Justice Hill","BAL","RB",NA,NA,5.8,NA,49,48.56,1.42,47,52,"2026-09-30"
"2026-09-30T05:01:42Z","ECR","Brian Robinson Jr.","ATL","RB",NA,NA,5.8,NA,50,50.22,1.93,46,54,"2026-09-30"
"2026-09-30T05:01:42Z","ECR","Kendre Miller","NO","RB",NA,NA,5.7,NA,51,50.67,4.45,41,57,"2026-09-30"
"2026-09-30T05:01:42Z","ECR","George Holani","SEA","RB",NA,NA,5.5,NA,52,51.89,1.73,50,55,"2026-09-30"
"2026-09-30T05:01:42Z","ECR","Najee Harris","NYG","RB",NA,NA,5.5,NA,53,54.11,1.91,52,58,"2026-09-30"
"2026-09-30T05:01:42Z","ECR","Ty Johnson","BUF","RB",NA,NA,5.3,NA,54,58.33,6.09,52,69,"2026-09-30"
"2026-09-30T05:01:42Z","ECR","Chris Brooks","GB","RB",NA,NA,5.2,NA,55,55.13,3.18,52,62,"2026-09-30"
"2026-09-30T05:01:42Z","ECR","Samaje Perine","CIN","RB",NA,NA,5.1,NA,56,55.88,2.09,53,59,"2026-09-30"
"2026-09-30T05:01:42Z","ECR","Raheim Sanders","CLE","RB",NA,NA,4.9,NA,57,56.63,1.22,55,59,"2026-09-30"
"2026-09-30T05:01:42Z","ECR","Tank Bigsby","PHI","RB",NA,NA,4.8,NA,58,60.75,4.29,57,71,"2026-09-30"
"2026-09-30T05:01:42Z","ECR","Sione Vaki","DET","RB",NA,NA,4.4,NA,59,60.29,2.76,59,67,"2026-09-30"
"2026-09-30T05:01:42Z","ECR","Will Shipley","PHI","RB",NA,NA,4.3,NA,60,61.14,0.99,60,63,"2026-09-30"
"2026-09-30T05:01:42Z","ECR","DeeJay Dallas","MIN","RB",NA,NA,4,NA,61,61.83,1.34,60,64,"2026-09-30"
"2026-09-30T05:01:42Z","ECR","Demond Claiborne","MIN","RB",NA,NA,3.8,NA,62,64.17,2.27,60,67,"2026-09-30"
"2026-09-30T05:01:42Z","ECR","Isaiah Davis","NYJ","RB",NA,NA,3.4,NA,63,67.86,8.27,54,80,"2026-09-30"
"2026-09-30T05:01:42Z","ECR","Breece Hall","NYJ","RB",NA,NA,3.2,NA,64,59.8,4.12,52,64,"2026-09-30"
"2026-09-30T05:01:42Z","ECR","AJ Dillon","CAR","RB",NA,NA,3.2,NA,65,64.67,2.98,62,71,"2026-09-30"
"2026-09-30T05:01:42Z","ECR","Ray Davis","BUF","RB",NA,NA,3.2,NA,66,66.33,1.11,65,68,"2026-09-30"
"2026-09-30T05:01:42Z","ECR","Jaylen Wright","MIA","RB",NA,NA,3,NA,67,67.5,10.05,48,82,"2026-09-30"
"2026-09-30T05:01:42Z","ECR","Kimani Vidal","LAC","RB",NA,NA,2.7,NA,68,69.33,2.69,64,73,"2026-09-30"
"2026-09-30T05:01:42Z","ECR","Kyle Juszczyk","SF","RB",NA,NA,2.5,NA,69,65.8,1.17,64,67,"2026-09-30"
"2026-09-30T05:01:42Z","ECR","Tyrone Tracy Jr.","NYG","RB",NA,NA,2.5,NA,70,69.83,1.46,68,72,"2026-09-30"
"2026-09-30T05:01:42Z","ECR","Emari Demercado","DAL","RB",NA,NA,2.3,NA,71,70.67,1.6,68,72,"2026-09-30"
"2026-09-30T05:01:42Z","ECR","Kaytron Allen","WAS","RB",NA,NA,2.2,NA,72,72.83,1.95,70,76,"2026-09-30"
"2026-09-30T05:01:42Z","ECR","LeQuint Allen Jr.","JAX","RB",NA,NA,1.9,NA,73,72.8,0.75,72,74,"2026-09-30"
"2026-09-30T05:01:42Z","ECR","Sean Tucker","TB","RB",NA,NA,1.8,NA,74,75.4,0.8,74,76,"2026-09-30"
"2026-09-30T05:01:42Z","ECR","Nicholas Singleton","TEN","RB",NA,NA,1.7,NA,75,75.6,2.06,74,79,"2026-09-30"
"2026-09-30T05:01:42Z","ECR","Seth McGowan","IND","RB",NA,NA,1.3,NA,76,78,1.1,77,80,"2026-09-30"
"2026-09-30T05:01:42Z","ECR","Tyler Badie","DEN","RB",NA,NA,1.3,NA,77,78.6,6.83,66,86,"2026-09-30"
"2026-09-30T05:01:42Z","ECR","Jacob Saylors","DET","RB",NA,NA,1.2,NA,78,78.8,3.19,75,84,"2026-09-30"
"2026-09-30T05:01:42Z","ECR","Travis Homer","PIT","RB",NA,NA,1.1,NA,79,76.75,1.79,75,79,"2026-09-30"
"2026-09-30T05:01:42Z","ECR","Brashard Smith","KC","RB",NA,NA,1,NA,80,79.2,1.94,76,81,"2026-09-30"
"2026-09-30T05:01:42Z","ECR","Brock Bowers","LV","TE",NA,NA,18.6,NA,1,1.33,0.47,1,2,"2026-09-30"
"2026-09-30T05:01:42Z","ECR","Trey McBride","ARI","TE",NA,NA,16,NA,2,1.67,0.47,1,2,"2026-09-30"
"2026-09-30T05:01:42Z","ECR","Travis Kelce","KC","TE",NA,NA,13.6,NA,3,4.33,1.83,3,9,"2026-09-30"
"2026-09-30T05:01:42Z","ECR","George Kittle","SF","TE",NA,NA,12.9,NA,4,4.56,2.11,3,10,"2026-09-30"
"2026-09-30T05:01:42Z","ECR","Dalton Kincaid","BUF","TE",NA,NA,12.2,NA,5,5,0.67,4,6,"2026-09-30"
"2026-09-30T05:01:42Z","ECR","Sam LaPorta","DET","TE",NA,NA,12,NA,6,5.78,1.13,4,7,"2026-09-30"
"2026-09-30T05:01:42Z","ECR","Tyler Warren","IND","TE",NA,NA,11.7,NA,7,6.33,0.67,5,7,"2026-09-30"
"2026-09-30T05:01:42Z","ECR","Juwan Johnson","NO","TE",NA,NA,11.7,NA,8,8.11,0.31,8,9,"2026-09-30"
"2026-09-30T05:01:42Z","ECR","Tucker Kraft","GB","TE",NA,NA,11.4,NA,9,9.78,1.4,7,12,"2026-09-30"
"2026-09-30T05:01:42Z","ECR","Dalton Schultz","HOU","TE",NA,NA,11.2,NA,10,10.56,2.59,7,16,"2026-09-30"
"2026-09-30T05:01:42Z","ECR","Harold Fannin Jr.","CLE","TE",NA,NA,10.8,NA,11,10.89,1.52,8,13,"2026-09-30"
"2026-09-30T05:01:42Z","ECR","Isaiah Likely","NYG","TE",NA,NA,10.1,NA,12,11.67,0.67,11,13,"2026-09-30"
"2026-09-30T05:01:42Z","ECR","Kenyon Sadiq","NYJ","TE",NA,NA,10.1,NA,13,12.78,2.2,9,16,"2026-09-30"
"2026-09-30T05:01:42Z","ECR","Colston Loveland","CHI","TE",NA,NA,10.1,NA,14,13.78,1.13,11,15,"2026-09-30"
"2026-09-30T05:01:42Z","ECR","Mark Andrews","BAL","TE",NA,NA,9.9,NA,15,15.22,1.87,13,18,"2026-09-30"
"2026-09-30T05:01:42Z","ECR","Darren Waller","CAR","TE",NA,NA,9.1,NA,16,16.33,1.49,15,19,"2026-09-30"
"2026-09-30T05:01:42Z","ECR","Jake Ferguson","DAL","TE",NA,NA,8.6,NA,17,17.56,1.71,15,21,"2026-09-30"
"2026-09-30T05:01:42Z","ECR","Kyle Pitts Sr.","ATL","TE",NA,NA,8.5,NA,18,18.78,1.75,16,22,"2026-09-30"
"2026-09-30T05:01:42Z","ECR","Pat Freiermuth","PIT","TE",NA,NA,8.5,NA,19,19.22,1.99,17,24,"2026-09-30"
"2026-09-30T05:01:42Z","ECR","Hunter Henry","NE","TE",NA,NA,8.5,NA,20,20.44,0.83,20,22,"2026-09-30"
"2026-09-30T05:01:42Z","ECR","Brenton Strange","JAX","TE",NA,NA,8.3,NA,21,20.89,2.23,17,23,"2026-09-30"
"2026-09-30T05:01:42Z","ECR","T.J. Hockenson","MIN","TE",NA,NA,8.2,NA,22,22.22,1.31,21,25,"2026-09-30"
"2026-09-30T05:01:42Z","ECR","Tyler Higbee","LA","TE",NA,NA,8,NA,23,23,5.64,17,34,"2026-09-30"
"2026-09-30T05:01:42Z","ECR","Oronde Gadsden II","LAC","TE",NA,NA,7.8,NA,24,23.56,1.26,21,25,"2026-09-30"
"2026-09-30T05:01:42Z","ECR","AJ Barner","SEA","TE",NA,NA,7.2,NA,25,24.44,0.5,24,25,"2026-09-30"
"2026-09-30T05:01:42Z","ECR","Mike Gesicki","CIN","TE",NA,NA,7.1,NA,26,26.44,0.68,26,28,"2026-09-30"
"2026-09-30T05:01:42Z","ECR","Evan Engram","DEN","TE",NA,NA,7,NA,27,28,1.33,27,31,"2026-09-30"
"2026-09-30T05:01:42Z","ECR","Michael Mayer","LV","TE",NA,NA,6.8,NA,28,29.89,2.02,28,35,"2026-09-30"
"2026-09-30T05:01:42Z","ECR","Greg Dulcich","MIA","TE",NA,NA,6.7,NA,29,30.11,1.85,26,32,"2026-09-30"
"2026-09-30T05:01:42Z","ECR","Cade Otton","TB","TE",NA,NA,6.3,NA,30,30.22,2.1,27,34,"2026-09-30"
"2026-09-30T05:01:42Z","ECR","Darnell Washington","PIT","TE",NA,NA,6.3,NA,31,31.63,1.58,29,34,"2026-09-30"
"2026-09-30T05:01:42Z","ECR","Gunnar Helm","TEN","TE",NA,NA,6.2,NA,32,32.14,1.36,29,33,"2026-09-30"
"2026-09-30T05:01:42Z","ECR","Colby Parkinson","LA","TE",NA,NA,5.8,NA,33,34.43,3.16,30,41,"2026-09-30"
"2026-09-30T05:01:42Z","ECR","Zach Ertz","PHI","TE",NA,NA,5.5,NA,34,34.57,0.9,33,36,"2026-09-30"
"2026-09-30T05:01:42Z","ECR","Terrance Ferguson","LA","TE",NA,NA,4.6,NA,35,28.6,3.88,22,33,"2026-09-30"
"2026-09-30T05:01:42Z","ECR","Noah Fant","NO","TE",NA,NA,4.5,NA,36,33.33,7.41,25,43,"2026-09-30"
"2026-09-30T05:01:42Z","ECR","Cole Kmet","CHI","TE",NA,NA,4.4,NA,37,37,1,36,38,"2026-09-30"
"2026-09-30T05:01:42Z","ECR","Theo Johnson","NYG","TE",NA,NA,4.2,NA,38,37.5,0.5,37,38,"2026-09-30"
"2026-09-30T05:01:42Z","ECR","Elijah Arroyo","SEA","TE",NA,NA,4.1,NA,39,42.5,2.5,40,45,"2026-09-30"
"2026-09-30T05:01:42Z","ECR","Tommy Tremble","CAR","TE",NA,NA,4.1,NA,40,42.5,0.5,42,43,"2026-09-30"
"2026-09-30T05:01:42Z","ECR","Noah Gray","KC","TE",NA,NA,4.1,NA,41,44,5,39,49,"2026-09-30"
"2026-09-30T05:01:42Z","ECR","Marlin Klein","HOU","TE",NA,NA,3.6,NA,42,47.5,8.5,39,56,"2026-09-30"
"2026-09-30T05:01:42Z","ECR","Erick All Jr.","CIN","TE",NA,NA,3.6,NA,43,47.5,3.5,44,51,"2026-09-30"
"2026-09-30T05:01:42Z","ECR","Matt Hibner","BAL","TE",NA,NA,3.6,NA,44,48,14,34,62,"2026-09-30"
"2026-09-30T05:01:42Z","ECR","Daniel Bellinger","TEN","TE",NA,NA,3.6,NA,45,50,1,49,51,"2026-09-30"
"2026-09-30T05:01:42Z","ECR","Drew Sample","CIN","TE",NA,NA,3.6,NA,46,50,0,50,50,"2026-09-30"
"2026-09-30T05:01:42Z","ECR","Ben Sinnott","WAS","TE",NA,NA,3.5,NA,47,50.5,10.5,40,61,"2026-09-30"
"2026-09-30T05:01:42Z","ECR","Dawson Knox","BUF","TE",NA,NA,3.1,NA,48,51.5,5.5,46,57,"2026-09-30"
"2026-09-30T05:01:42Z","ECR","Jonnu Smith","GB","TE",NA,NA,2.6,NA,49,56.5,2.5,54,59,"2026-09-30"
"2026-09-30T05:01:42Z","ECR","Luke Schoonmaker","DAL","TE",NA,NA,1.9,NA,50,59.5,1.5,58,61,"2026-09-30"
"2026-09-30T05:01:42Z","ECR","Jaxon Smith-Njigba","SEA","WR",NA,NA,21.8,NA,1,1.11,0.31,1,2,"2026-09-30"
"2026-09-30T05:01:42Z","ECR","Ja'Marr Chase","CIN","WR",NA,NA,20.2,NA,2,2.11,0.57,1,3,"2026-09-30"
"2026-09-30T05:01:42Z","ECR","Amon-Ra St. Brown","DET","WR",NA,NA,19.9,NA,3,2.67,0.47,2,3,"2026-09-30"
"2026-09-30T05:01:42Z","ECR","Chris Olave","NO","WR",NA,NA,19.3,NA,4,4.33,0.94,4,7,"2026-09-30"
"2026-09-30T05:01:42Z","ECR","Garrett Wilson","NYJ","WR",NA,NA,17.6,NA,5,5.67,0.67,5,7,"2026-09-30"
"2026-09-30T05:01:42Z","ECR","CeeDee Lamb","DAL","WR",NA,NA,17.1,NA,6,6.67,1.25,5,8,"2026-09-30"
"2026-09-30T05:01:42Z","ECR","Drake London","ATL","WR",NA,NA,16.7,NA,7,6.89,0.74,5,8,"2026-09-30"
"2026-09-30T05:01:42Z","ECR","Zay Flowers","BAL","WR",NA,NA,16.5,NA,8,9.56,2.83,5,15,"2026-09-30"
"2026-09-30T05:01:42Z","ECR","DeVonta Smith","PHI","WR",NA,NA,16.2,NA,9,9.67,1.41,8,13,"2026-09-30"
"2026-09-30T05:01:42Z","ECR","Davante Adams","LA","WR",NA,NA,15.7,NA,10,11.11,3.63,8,20,"2026-09-30"
"2026-09-30T05:01:42Z","ECR","Christian Watson","GB","WR",NA,NA,15.7,NA,11,11.89,0.87,11,13,"2026-09-30"
"2026-09-30T05:01:42Z","ECR","Parker Washington","JAX","WR",NA,NA,15.2,NA,12,12.22,1.62,11,16,"2026-09-30"
"2026-09-30T05:01:42Z","ECR","George Pickens","DAL","WR",NA,NA,14.9,NA,13,13.22,1.93,9,16,"2026-09-30"
"2026-09-30T05:01:42Z","ECR","Tetairoa McMillan","CAR","WR",NA,NA,14.6,NA,14,13.56,1.07,12,15,"2026-09-30"
"2026-09-30T05:01:42Z","ECR","Rashee Rice","KC","WR",NA,NA,14.5,NA,15,16.56,1.83,15,21,"2026-09-30"
"2026-09-30T05:01:42Z","ECR","Tee Higgins","CIN","WR",NA,NA,14.3,NA,16,17.22,1.75,14,19,"2026-09-30"
"2026-09-30T05:01:42Z","ECR","Jaylen Waddle","DEN","WR",NA,NA,14.2,NA,17,17.89,2.02,16,22,"2026-09-30"
"2026-09-30T05:01:42Z","ECR","Matthew Golden","GB","WR",NA,NA,13.9,NA,18,18.33,1.33,17,21,"2026-09-30"
"2026-09-30T05:01:42Z","ECR","Malik Nabers","NYG","WR",NA,NA,13.8,NA,19,19.89,2.69,15,25,"2026-09-30"
"2026-09-30T05:01:42Z","ECR","Josh Downs","IND","WR",NA,NA,13.8,NA,20,20.67,1.89,18,23,"2026-09-30"
"2026-09-30T05:01:42Z","ECR","DJ Moore","BUF","WR",NA,NA,13.4,NA,21,22.22,1.81,19,26,"2026-09-30"
"2026-09-30T05:01:42Z","ECR","Ladd McConkey","LAC","WR",NA,NA,13.3,NA,22,22.44,1.57,20,25,"2026-09-30"
"2026-09-30T05:01:42Z","ECR","Michael Wilson","ARI","WR",NA,NA,12.5,NA,23,24,1.83,21,27,"2026-09-30"
"2026-09-30T05:01:42Z","ECR","Deebo Samuel Sr.","SF","WR",NA,NA,12.1,NA,24,24.44,3.27,20,30,"2026-09-30"
"2026-09-30T05:01:42Z","ECR","Devaughn Vele","NO","WR",NA,NA,12,NA,25,28.11,2.69,25,33,"2026-09-30"
"2026-09-30T05:01:42Z","ECR","Terry McLaurin","WAS","WR",NA,NA,12,NA,26,28.22,1.69,26,30,"2026-09-30"
"2026-09-30T05:01:42Z","ECR","DK Metcalf","PIT","WR",NA,NA,12,NA,27,28.44,2.41,24,32,"2026-09-30"
"2026-09-30T05:01:42Z","ECR","Stefon Diggs","WAS","WR",NA,NA,11.9,NA,28,29.11,3.6,25,36,"2026-09-30"
"2026-09-30T05:01:42Z","ECR","Jameson Williams","DET","WR",NA,NA,11.7,NA,29,29.56,1.26,28,32,"2026-09-30"
"2026-09-30T05:01:42Z","ECR","Jordan Addison","MIN","WR",NA,NA,11.6,NA,30,30.44,2.45,27,36,"2026-09-30"
"2026-09-30T05:01:42Z","ECR","Luther Burden III","CHI","WR",NA,NA,11.4,NA,31,30.67,1.83,27,33,"2026-09-30"
"2026-09-30T05:01:42Z","ECR","Emeka Egbuka","TB","WR",NA,NA,11,NA,32,33.22,1.13,32,35,"2026-09-30"
"2026-09-30T05:01:42Z","ECR","Denzel Boston","CLE","WR",NA,NA,10.9,NA,33,35.22,2.04,33,40,"2026-09-30"
"2026-09-30T05:01:42Z","ECR","Romeo Doubs","NE","WR",NA,NA,10.9,NA,34,36.67,3.27,32,42,"2026-09-30"
"2026-09-30T05:01:42Z","ECR","Nico Collins","HOU","WR",NA,NA,10.7,NA,35,26.38,13.73,9,50,"2026-09-30"
"2026-09-30T05:01:42Z","ECR","Keenan Allen","IND","WR",NA,NA,10.7,NA,36,37.67,2.67,35,44,"2026-09-30"
"2026-09-30T05:01:42Z","ECR","Dontayvion Wicks","PHI","WR",NA,NA,10.6,NA,37,39.11,5.38,34,52,"2026-09-30"
"2026-09-30T05:01:42Z","ECR","Carnell Tate","TEN","WR",NA,NA,10.5,NA,38,39.33,2,35,41,"2026-09-30"
"2026-09-30T05:01:42Z","ECR","Jakobi Meyers","JAX","WR",NA,NA,10.4,NA,39,39.67,1.25,38,42,"2026-09-30"
"2026-09-30T05:01:42Z","ECR","Rome Odunze","CHI","WR",NA,NA,10.3,NA,40,40,2.54,36,44,"2026-09-30"
"2026-09-30T05:01:42Z","ECR","Malik Washington","MIA","WR",NA,NA,10.3,NA,41,42.22,3.26,38,47,"2026-09-30"
"2026-09-30T05:01:42Z","ECR","Wan'Dale Robinson","TEN","WR",NA,NA,10.2,NA,42,42.67,1.49,39,44,"2026-09-30"
"2026-09-30T05:01:42Z","ECR","Khalil Shakir","BUF","WR",NA,NA,10.1,NA,43,43.22,3.82,38,50,"2026-09-30"
"2026-09-30T05:01:42Z","ECR","KC Concepcion Jr.","CLE","WR",NA,NA,9.8,NA,44,45.33,1.56,42,47,"2026-09-30"
"2026-09-30T05:01:42Z","ECR","Chris Godwin Jr.","TB","WR",NA,NA,9.8,NA,45,45.44,3.24,40,50,"2026-09-30"
"2026-09-30T05:01:42Z","ECR","Tre Tucker","LV","WR",NA,NA,9.6,NA,46,46.56,1.89,44,51,"2026-09-30"
"2026-09-30T05:01:42Z","ECR","Puka Nacua","LA","WR",NA,NA,9.6,NA,47,47,21.95,10,78,"2026-09-30"
"2026-09-30T05:01:42Z","ECR","Xavier Worthy","KC","WR",NA,NA,9.5,NA,48,48.22,4.05,43,55,"2026-09-30"
"2026-09-30T05:01:42Z","ECR","Rashod Bateman","BAL","WR",NA,NA,9.4,NA,49,48.89,4.48,41,59,"2026-09-30"
"2026-09-30T05:01:42Z","ECR","Courtland Sutton","DEN","WR",NA,NA,9.3,NA,50,49.33,1.05,48,51,"2026-09-30"
"2026-09-30T05:01:42Z","ECR","Brian Thomas Jr.","JAX","WR",NA,NA,9.2,NA,51,52.22,1.62,50,55,"2026-09-30"
"2026-09-30T05:01:42Z","ECR","Marvin Harrison Jr.","ARI","WR",NA,NA,8.7,NA,52,52.33,1.49,50,55,"2026-09-30"
"2026-09-30T05:01:42Z","ECR","Quentin Johnston","LAC","WR",NA,NA,8.7,NA,53,53.78,1.31,51,55,"2026-09-30"
"2026-09-30T05:01:42Z","ECR","Kalif Raymond","CHI","WR",NA,NA,8.3,NA,54,54.33,4.74,46,59,"2026-09-30"
"2026-09-30T05:01:42Z","ECR","Chris Bell","MIA","WR",NA,NA,8.3,NA,55,55.44,5.01,48,65,"2026-09-30"
"2026-09-30T05:01:42Z","ECR","Mack Hollins","NE","WR",NA,NA,8.2,NA,56,55.78,3.46,50,61,"2026-09-30"
"2026-09-30T05:01:42Z","ECR","Justin Jefferson","MIN","WR",NA,NA,8.1,NA,57,47.75,22.65,7,74,"2026-09-30"
"2026-09-30T05:01:42Z","ECR","Ryan Flournoy","DAL","WR",NA,NA,8.1,NA,58,58.44,2.75,53,63,"2026-09-30"
"2026-09-30T05:01:42Z","ECR","Michael Pittman Jr.","PIT","WR",NA,NA,8.1,NA,59,59.22,5.29,49,68,"2026-09-30"
"2026-09-30T05:01:42Z","ECR","Makai Lemon","PHI","WR",NA,NA,8,NA,60,60.22,2.86,54,62,"2026-09-30"
"2026-09-30T05:01:42Z","ECR","Xavier Hutchinson","HOU","WR",NA,NA,7.9,NA,61,60.78,3.88,57,69,"2026-09-30"
"2026-09-30T05:01:42Z","ECR","Kayshon Boutte","HOU","WR",NA,NA,7.9,NA,62,60.89,2.38,58,65,"2026-09-30"
"2026-09-30T05:01:42Z","ECR","Tre' Harris","LAC","WR",NA,NA,7.8,NA,63,61.22,2.39,57,64,"2026-09-30"
"2026-09-30T05:01:42Z","ECR","Jalen Coker","CAR","WR",NA,NA,7.5,NA,64,53.88,17.08,27,79,"2026-09-30"
"2026-09-30T05:01:42Z","ECR","Pat Bryant","DEN","WR",NA,NA,7.2,NA,65,62.44,4.83,50,67,"2026-09-30"
"2026-09-30T05:01:42Z","ECR","Kendrick Bourne","ARI","WR",NA,NA,7.2,NA,66,64.78,4.18,60,75,"2026-09-30"
"2026-09-30T05:01:42Z","ECR","Rashid Shaheed","SEA","WR",NA,NA,7.2,NA,67,65.11,1.66,63,68,"2026-09-30"
"2026-09-30T05:01:42Z","ECR","Roman Wilson","PIT","WR",NA,NA,7.1,NA,68,68.89,1.29,67,71,"2026-09-30"
"2026-09-30T05:01:42Z","ECR","Malachi Fields","NYG","WR",NA,NA,6.8,NA,69,69,2.05,66,72,"2026-09-30"
"2026-09-30T05:01:42Z","ECR","Ted Hurst III","TB","WR",NA,NA,6.8,NA,70,72.67,2.62,69,77,"2026-09-30"
"2026-09-30T05:01:42Z","ECR","Jalen Nailor","LV","WR",NA,NA,6.8,NA,71,72.89,2.69,69,78,"2026-09-30"
"2026-09-30T05:01:42Z","ECR","Jaylin Noel","HOU","WR",NA,NA,6.7,NA,72,74.56,7.73,69,96,"2026-09-30"
"2026-09-30T05:01:42Z","ECR","Isaiah Williams","NYJ","WR",NA,NA,6.6,NA,73,74.13,2.71,71,80,"2026-09-30"
"2026-09-30T05:01:42Z","ECR","DeMario Douglas","NE","WR",NA,NA,6.6,NA,74,74.5,3.35,68,80,"2026-09-30"
"2026-09-30T05:01:42Z","ECR","Cooper Kupp","SEA","WR",NA,NA,6.5,NA,75,76.5,8.53,66,97,"2026-09-30"
"2026-09-30T05:01:42Z","ECR","Tyquan Thornton","KC","WR",NA,NA,6.4,NA,76,77.13,5.58,70,87,"2026-09-30"
"2026-09-30T05:01:42Z","ECR","Mike Evans","SF","WR",NA,NA,6.3,NA,77,72.57,6.9,59,80,"2026-09-30"
"2026-09-30T05:01:42Z","ECR","Keon Coleman","BUF","WR",NA,NA,6.2,NA,78,79.13,8.04,71,99,"2026-09-30"
"2026-09-30T05:01:42Z","ECR","Antonio Williams","WAS","WR",NA,NA,6.2,NA,79,80,2.67,77,85,"2026-09-30"
"2026-09-30T05:01:42Z","ECR","Joshua Palmer","BUF","WR",NA,NA,6.2,NA,80,81.5,5.68,74,93,"2026-09-30"
"2026-09-30T05:01:42Z","ECR","Jauan Jennings","MIN","WR",NA,NA,6.1,NA,81,81.83,8.05,66,90,"2026-09-30"
"2026-09-30T05:01:42Z","ECR","Konata Mumpfield","LA","WR",NA,NA,6.1,NA,82,80.2,3.31,75,85,"2026-09-30"
"2026-09-30T05:01:42Z","ECR","Adonai Mitchell","NYJ","WR",NA,NA,6,NA,83,83.8,12.4,67,104,"2026-09-30"
"2026-09-30T05:01:42Z","ECR","Jerry Jeudy","CLE","WR",NA,NA,6,NA,84,84,1.41,82,86,"2026-09-30"
"2026-09-30T05:01:42Z","ECR","Germie Bernard","PIT","WR",NA,NA,5.9,NA,85,84.4,3.14,80,89,"2026-09-30"
"2026-09-30T05:01:42Z","ECR","Elic Ayomanor","TEN","WR",NA,NA,5.9,NA,86,84.4,2.06,81,87,"2026-09-30"
"2026-09-30T05:01:42Z","ECR","Jahan Dotson","ATL","WR",NA,NA,5.7,NA,87,85.8,9.24,68,95,"2026-09-30"
"2026-09-30T05:01:42Z","ECR","Isaac TeSlaa","DET","WR",NA,NA,5.7,NA,88,86,5.73,81,97,"2026-09-30"
"2026-09-30T05:01:42Z","ECR","Bryce Lance","NO","WR",NA,NA,5.7,NA,89,88.8,2.64,84,91,"2026-09-30"
"2026-09-30T05:01:42Z","ECR","Calvin Ridley","TEN","WR",NA,NA,5.4,NA,90,89.4,2.58,87,93,"2026-09-30"
"2026-09-30T05:01:42Z","ECR","Troy Franklin","DEN","WR",NA,NA,5.3,NA,91,91.2,5.64,81,98,"2026-09-30"
"2026-09-30T05:01:42Z","ECR","Laquon Treadwell","IND","WR",NA,NA,5.2,NA,92,91.6,12.14,79,114,"2026-09-30"
"2026-09-30T05:01:42Z","ECR","Darnell Mooney","NYG","WR",NA,NA,5.1,NA,93,91.8,1.72,89,94,"2026-09-30"
"2026-09-30T05:01:42Z","ECR","Zachariah Branch","ATL","WR",NA,NA,4.9,NA,94,93.4,1.62,91,96,"2026-09-30"
"2026-09-30T05:01:42Z","ECR","Olamide Zaccheaus","ATL","WR",NA,NA,4.9,NA,95,93.8,2.93,88,96,"2026-09-30"
"2026-09-30T05:01:42Z","ECR","Kyle Williams","NE","WR",NA,NA,4.8,NA,96,95.2,15.26,70,118,"2026-09-30"
"2026-09-30T05:01:42Z","ECR","Kevin Coleman Jr.","MIA","WR",NA,NA,4.8,NA,97,97.4,14.07,71,112,"2026-09-30"
"2026-09-30T05:01:42Z","ECR","Tez Johnson","TB","WR",NA,NA,4.7,NA,98,98.2,3.12,94,103,"2026-09-30"
"2026-09-30T05:01:42Z","ECR","KaVontae Turpin","DAL","WR",NA,NA,4.4,NA,99,102.6,5.24,97,112,"2026-09-30"
"2026-09-30T05:01:42Z","ECR","Travis Hunter","JAX","WR",NA,NA,4.2,NA,100,102.8,2.99,100,108,"2026-09-30"
"2026-09-30T05:01:42Z","ECR","Chimere Dike","TEN","WR",NA,NA,3.9,NA,101,103.4,3.88,99,109,"2026-09-30"
"2026-09-30T05:01:42Z","ECR","Elijah Sarratt","BAL","WR",NA,NA,3.9,NA,102,93,10.03,79,102,"2026-09-30"
"2026-09-30T05:01:42Z","ECR","Tutu Atwell","LA","WR",NA,NA,3.9,NA,103,106,6.66,99,118,"2026-09-30"
"2026-09-30T05:01:42Z","ECR","Jalen Tolbert","MIA","WR",NA,NA,3.8,NA,104,98.33,9.46,85,106,"2026-09-30"
"2026-09-30T05:01:42Z","ECR","Chris Moore","BAL","WR",NA,NA,3.6,NA,105,101,4.32,95,105,"2026-09-30"
"2026-09-30T05:01:42Z","ECR","Devontez Walker","BAL","WR",NA,NA,3.5,NA,106,101.33,3.68,97,106,"2026-09-30"
"2026-09-30T05:01:42Z","ECR","Cody White","LV","WR",NA,NA,3.4,NA,107,103.67,21.36,76,128,"2026-09-30"
"2026-09-30T05:01:42Z","ECR","Tory Horton","SEA","WR",NA,NA,3,NA,108,105,9.63,92,115,"2026-09-30"
"2026-09-30T05:01:42Z","ECR","Malik Benson","LV","WR",NA,NA,2.8,NA,109,106,15.25,86,123,"2026-09-30"
"2026-09-30T05:01:42Z","ECR","Jared Wayne","HOU","WR",NA,NA,2.6,NA,110,107.67,5.56,100,113,"2026-09-30"
"2026-09-30T05:01:42Z","ESPN","Josh Allen","BUF","QB",22.249310246,22.249310246,22.249310246,25.554357079,NA,NA,NA,NA,NA,NA
"2026-09-30T05:01:42Z","ESPN","Lamar Jackson","BAL","QB",21.124072739,21.124072739,21.124072739,24.222883242,NA,NA,NA,NA,NA,NA
"2026-09-30T05:01:42Z","ESPN","Bryce Young","CAR","QB",20.094670192,20.094670192,20.094670192,23.608112186,NA,NA,NA,NA,NA,NA
"2026-09-30T05:01:42Z","ESPN","Kyler Murray","MIN","QB",19.255970955,19.255970955,19.255970955,22.46135002,NA,NA,NA,NA,NA,NA
"2026-09-30T05:01:42Z","ESPN","Tyler Shough","NO","QB",18.848710753,18.848710753,18.848710753,22.239657809,NA,NA,NA,NA,NA,NA
"2026-09-30T05:01:42Z","ESPN","Patrick Mahomes","KC","QB",18.634967842,18.634967842,18.634967842,21.911204858,NA,NA,NA,NA,NA,NA
"2026-09-30T05:01:42Z","ESPN","Brock Purdy","SF","QB",18.633816903,18.633816903,18.633816903,22.253238426,NA,NA,NA,NA,NA,NA
"2026-09-30T05:01:42Z","ESPN","Trevor Lawrence","JAX","QB",18.440734051,18.440734051,18.440734051,21.990207191,NA,NA,NA,NA,NA,NA
"2026-09-30T05:01:42Z","ESPN","Marcus Mariota","WAS","QB",18.386892479,18.386892479,18.386892479,21.825697421,NA,NA,NA,NA,NA,NA
"2026-09-30T05:01:42Z","ESPN","Joe Burrow","CIN","QB",18.164953941,18.164953941,18.164953941,21.609979659,NA,NA,NA,NA,NA,NA
"2026-09-30T05:01:42Z","ESPN","Drake Maye","NE","QB",17.492480087,17.492480087,17.492480087,21.243092583,NA,NA,NA,NA,NA,NA
"2026-09-30T05:01:42Z","ESPN","Jalen Hurts","PHI","QB",17.482852348,17.482852348,17.482852348,20.767910395,NA,NA,NA,NA,NA,NA
"2026-09-30T05:01:42Z","ESPN","Jared Goff","DET","QB",17.370300998,17.370300998,17.370300998,20.677617632,NA,NA,NA,NA,NA,NA
"2026-09-30T05:01:42Z","ESPN","Dak Prescott","DAL","QB",17.158968967,17.158968967,17.158968967,20.505181408,NA,NA,NA,NA,NA,NA
"2026-09-30T05:01:42Z","ESPN","C.J. Stroud","HOU","QB",16.828082909,16.828082909,16.828082909,19.975263505,NA,NA,NA,NA,NA,NA
"2026-09-30T05:01:42Z","ESPN","Matthew Stafford","LA","QB",16.392023547,16.392023547,16.392023547,20.002328744,NA,NA,NA,NA,NA,NA
"2026-09-30T05:01:42Z","ESPN","Sam Darnold","SEA","QB",16.0510976649,16.0510976649,16.0510976649,19.5600616929,NA,NA,NA,NA,NA,NA
"2026-09-30T05:01:42Z","ESPN","Jacoby Brissett","ARI","QB",15.842702847,15.842702847,15.842702847,18.937617047,NA,NA,NA,NA,NA,NA
"2026-09-30T05:01:42Z","ESPN","Bo Nix","DEN","QB",15.263705955,15.263705955,15.263705955,18.519215124,NA,NA,NA,NA,NA,NA
"2026-09-30T05:01:42Z","ESPN","Daniel Jones","IND","QB",15.196085471,15.196085471,15.196085471,18.600090015,NA,NA,NA,NA,NA,NA
"2026-09-30T05:01:42Z","ESPN","Geno Smith","NYJ","QB",15.140330001,15.140330001,15.140330001,18.416884361,NA,NA,NA,NA,NA,NA
"2026-09-30T05:01:42Z","ESPN","Jordan Love","GB","QB",14.9348391402,14.9348391402,14.9348391402,18.4688726762,NA,NA,NA,NA,NA,NA
"2026-09-30T05:01:42Z","ESPN","Jalon Daniels","TB","QB",14.854751336,14.854751336,14.854751336,18.054475809,NA,NA,NA,NA,NA,NA
"2026-09-30T05:01:42Z","ESPN","Jameis Winston","NYG","QB",14.76533666,14.76533666,14.76533666,18.347085094,NA,NA,NA,NA,NA,NA
"2026-09-30T05:01:42Z","ESPN","Case Keenum","CHI","QB",14.75595999,14.75595999,14.75595999,18.270778819,NA,NA,NA,NA,NA,NA
"2026-09-30T05:01:42Z","ESPN","Michael Penix Jr.","ATL","QB",14.7098216975,14.7098216975,14.7098216975,17.9276312635,NA,NA,NA,NA,NA,NA
"2026-09-30T05:01:42Z","ESPN","Deshaun Watson","CLE","QB",14.561947619,14.561947619,14.561947619,17.514904443,NA,NA,NA,NA,NA,NA
"2026-09-30T05:01:42Z","ESPN","Kirk Cousins","LV","QB",13.9543746454,13.9543746454,13.9543746454,17.5180618714,NA,NA,NA,NA,NA,NA
"2026-09-30T05:01:42Z","ESPN","Aaron Rodgers","PIT","QB",13.717685421,13.717685421,13.717685421,16.801880313,NA,NA,NA,NA,NA,NA
"2026-09-30T05:01:42Z","ESPN","Cam Ward","TEN","QB",12.654450065,12.654450065,12.654450065,15.661998032,NA,NA,NA,NA,NA,NA
"2026-09-30T05:01:42Z","ESPN","Justin Herbert","LAC","QB",12.602894493,12.602894493,12.602894493,15.891458355,NA,NA,NA,NA,NA,NA
"2026-09-30T05:01:42Z","ESPN","Malik Willis","MIA","QB",11.688674125,11.688674125,11.688674125,14.854885206,NA,NA,NA,NA,NA,NA
"2026-09-30T05:01:42Z","ESPN","Caleb Williams","CHI","QB",0,0,0,0,NA,NA,NA,NA,NA,NA
"2026-09-30T05:01:42Z","ESPN","Jayden Daniels","WAS","QB",0,0,0,0,NA,NA,NA,NA,NA,NA
"2026-09-30T05:01:42Z","ESPN","Baker Mayfield","TB","QB",0,0,0,0,NA,NA,NA,NA,NA,NA
"2026-09-30T05:01:42Z","ESPN","Jaxson Dart","NYG","QB",0,0,0,0,NA,NA,NA,NA,NA,NA
"2026-09-30T05:01:42Z","ESPN","Fernando Mendoza","LV","QB",0,0,0,0,NA,NA,NA,NA,NA,NA
"2026-09-30T05:01:42Z","ESPN","Drew Lock","SEA","QB",0,0,0,0,NA,NA,NA,NA,NA,NA
"2026-09-30T05:01:42Z","ESPN","Carson Wentz","MIN","QB",0,0,0,0,NA,NA,NA,NA,NA,NA
"2026-09-30T05:01:42Z","ESPN","Shedeur Sanders","CLE","QB",0,0,0,0,NA,NA,NA,NA,NA,NA
"2026-09-30T05:01:42Z","ESPN","Jahmyr Gibbs","DET","RB",21.452098276,23.81425746,26.176416644,26.265568999,NA,NA,NA,NA,NA,NA
"2026-09-30T05:01:42Z","ESPN","Derrick Henry","BAL","RB",18.83843473,19.5354248585,20.232414987,20.336668573,NA,NA,NA,NA,NA,NA
"2026-09-30T05:01:42Z","ESPN","Bijan Robinson","ATL","RB",17.522626469,19.51279623,21.502965991,21.59878218,NA,NA,NA,NA,NA,NA
"2026-09-30T05:01:42Z","ESPN","Jonathan Taylor","IND","RB",17.480149719,18.922762829,20.365375939,20.455299202,NA,NA,NA,NA,NA,NA
"2026-09-30T05:01:42Z","ESPN","Kenneth Walker III","KC","RB",17.254712387,18.8690768395,20.483441292,20.543857282,NA,NA,NA,NA,NA,NA
"2026-09-30T05:01:42Z","ESPN","Christian McCaffrey","SF","RB",15.536876303,17.888587531,20.240298759,20.307031717,NA,NA,NA,NA,NA,NA
"2026-09-30T05:01:42Z","ESPN","Ashton Jeanty","LV","RB",14.248062482,16.534661876,18.82126127,18.899421827,NA,NA,NA,NA,NA,NA
"2026-09-30T05:01:42Z","ESPN","James Cook III","BUF","RB",15.511512347,16.484901059,17.458289771,17.57206866,NA,NA,NA,NA,NA,NA
"2026-09-30T05:01:42Z","ESPN","Aaron Jones Sr.","MIN","RB",15.037072539,16.1334631035,17.229853668,17.3460621,NA,NA,NA,NA,NA,NA
"2026-09-30T05:01:42Z","ESPN","Bucky Irving","TB","RB",14.182866463,15.442219652,16.701572841,16.773492268,NA,NA,NA,NA,NA,NA
"2026-09-30T05:01:42Z","ESPN","Cam Skattebo","NYG","RB",13.947349247,15.13534915,16.323349053,16.400848833,NA,NA,NA,NA,NA,NA
"2026-09-30T05:01:42Z","ESPN","Chuba Hubbard","CAR","RB",13.333573053,14.8413449105,16.349116768,16.422515885,NA,NA,NA,NA,NA,NA
"2026-09-30T05:01:42Z","ESPN","Chase Brown","CIN","RB",12.367905512,14.268870742,16.169835972,16.245181842,NA,NA,NA,NA,NA,NA
"2026-09-30T05:01:42Z","ESPN","Jeremiyah Love","ARI","RB",12.75182291,14.1332128355,15.514602761,15.592259368,NA,NA,NA,NA,NA,NA
"2026-09-30T05:01:42Z","ESPN","D'Andre Swift","CHI","RB",12.333005898,13.6113541215,14.889702345,14.957247076,NA,NA,NA,NA,NA,NA
"2026-09-30T05:01:42Z","ESPN","Javonte Williams","DAL","RB",11.989251099,13.2888280435,14.588404988,14.660359472,NA,NA,NA,NA,NA,NA
"2026-09-30T05:01:42Z","ESPN","Saquon Barkley","PHI","RB",12.331610266,13.2618546435,14.192099021,14.248571528,NA,NA,NA,NA,NA,NA
"2026-09-30T05:01:42Z","ESPN","David Montgomery","HOU","RB",11.574311932,12.517071254,13.459830576,13.525870852,NA,NA,NA,NA,NA,NA
"2026-09-30T05:01:42Z","ESPN","Jaylen Warren","PIT","RB",10.929660343,12.4927058145,14.055751286,14.119171408,NA,NA,NA,NA,NA,NA
"2026-09-30T05:01:42Z","ESPN","Braelon Allen","NYJ","RB",11.036402629,11.904367353,12.772332077,12.836375576,NA,NA,NA,NA,NA,NA
"2026-09-30T05:01:42Z","ESPN","Kyren Williams","LA","RB",10.62486162,11.8256287105,13.026395801,13.086014004,NA,NA,NA,NA,NA,NA
"2026-09-30T05:01:42Z","ESPN","Bhayshul Tuten","JAX","RB",10.981695159,11.8150294815,12.648363804,12.732763191,NA,NA,NA,NA,NA,NA
"2026-09-30T05:01:42Z","ESPN","Quinshon Judkins","CLE","RB",10.348239287,11.4050365785,12.46183387,12.500115187,NA,NA,NA,NA,NA,NA
"2026-09-30T05:01:42Z","ESPN","Tony Pollard","TEN","RB",9.721221492,10.719444402,11.717667312,11.798291837,NA,NA,NA,NA,NA,NA
"2026-09-30T05:01:42Z","ESPN","Rhamondre Stevenson","NE","RB",8.86347122,10.2313883915,11.599305563,11.670666325,NA,NA,NA,NA,NA,NA
"2026-09-30T05:01:42Z","ESPN","Omarion Hampton","LAC","RB",9.3951669467,10.1365551847,10.8779434227,10.9381567017,NA,NA,NA,NA,NA,NA
"2026-09-30T05:01:42Z","ESPN","J.K. Dobbins","DEN","RB",9.0448779659,9.5645057139,10.0841334619,10.1148764429,NA,NA,NA,NA,NA,NA
"2026-09-30T05:01:42Z","ESPN","Emanuel Wilson","SEA","RB",8.9605752072,9.2798872027,9.5991991982,9.6472803252,NA,NA,NA,NA,NA,NA
"2026-09-30T05:01:42Z","ESPN","Jadarian Price","SEA","RB",8.47560947,9.2223117245,9.969013979,10.015876635,NA,NA,NA,NA,NA,NA
"2026-09-30T05:01:42Z","ESPN","Alvin Kamara","NO","RB",7.775413102,9.1733287485,10.571244395,10.624495715,NA,NA,NA,NA,NA,NA
"2026-09-30T05:01:42Z","ESPN","Jacory Croskey-Merritt","WAS","RB",8.7663889643,9.0018532488,9.2373175333,9.3326829733,NA,NA,NA,NA,NA,NA
"2026-09-30T05:01:42Z","ESPN","TreVeyon Henderson","NE","RB",8.035645823,8.7807438395,9.525841856,9.562525522,NA,NA,NA,NA,NA,NA
"2026-09-30T05:01:42Z","ESPN","Ollie Gordon II","MIA","RB",7.414189459,8.3547163455,9.295243232,9.341133665,NA,NA,NA,NA,NA,NA
"2026-09-30T05:01:42Z","ESPN","Isaiah Davis","NYJ","RB",7.279725935,8.3039766295,9.328227324,9.348337441,NA,NA,NA,NA,NA,NA
"2026-09-30T05:01:42Z","ESPN","RJ Harvey","DEN","RB",6.248481119,8.1857260475,10.122970976,10.151052102,NA,NA,NA,NA,NA,NA
"2026-09-30T05:01:42Z","ESPN","Rico Dowdle","PIT","RB",7.434584553,8.144627119,8.854669685,8.90022757,NA,NA,NA,NA,NA,NA
"2026-09-30T05:01:42Z","ESPN","Kendre Miller","NO","RB",7.410727597,8.1213936335,8.83205967,8.85706156,NA,NA,NA,NA,NA,NA
"2026-09-30T05:01:42Z","ESPN","Kyle Monangai","CHI","RB",6.97696424,7.6809765625,8.384988885,8.405485935,NA,NA,NA,NA,NA,NA
"2026-09-30T05:01:42Z","ESPN","Blake Corum","LA","RB",7.1054689146,7.6121059511,8.1187429876,8.1408804606,NA,NA,NA,NA,NA,NA
"2026-09-30T05:01:42Z","ESPN","Woody Marks","HOU","RB",6.57492977,7.428458898,8.281988026,8.321814731,NA,NA,NA,NA,NA,NA
"2026-09-30T05:01:42Z","ESPN","Rachaad White","WAS","RB",6.136472753,7.2308731865,8.32527362,8.355761614,NA,NA,NA,NA,NA,NA
"2026-09-30T05:01:42Z","ESPN","Tyler Allgeier","ARI","RB",5.954840994,6.997102066,8.039363138,8.05733706,NA,NA,NA,NA,NA,NA
"2026-09-30T05:01:42Z","ESPN","Kenny Gainwell","TB","RB",5.473339859,6.7712323275,8.069124796,8.10363839,NA,NA,NA,NA,NA,NA
"2026-09-30T05:01:42Z","ESPN","Tyjae Spears","TEN","RB",5.493252241,6.755430168,8.017608095,8.040830856,NA,NA,NA,NA,NA,NA
"2026-09-30T05:01:42Z","ESPN","Kaleb Johnson","GB","RB",5.8798889699,6.5474435499,7.2149981299,7.2572999239,NA,NA,NA,NA,NA,NA
"2026-09-30T05:01:42Z","ESPN","Jaylen Wright","MIA","RB",5.411646387,6.2375187065,7.063391026,7.140909694,NA,NA,NA,NA,NA,NA
"2026-09-30T05:01:42Z","ESPN","Najee Harris","NYG","RB",5.6998594347,6.1342308857,6.5686023367,6.5937906187,NA,NA,NA,NA,NA,NA
"2026-09-30T05:01:42Z","ESPN","MarShawn Lloyd","GB","RB",5.409079036,5.94909439,6.489109744,6.526769834,NA,NA,NA,NA,NA,NA
"2026-09-30T05:01:42Z","ESPN","Brian Robinson Jr.","ATL","RB",5.5580313315,5.8041102675,6.0501892035,6.0797669735,NA,NA,NA,NA,NA,NA
"2026-09-30T05:01:42Z","ESPN","Kaelon Black","SF","RB",4.985244,5.2158956685,5.446547337,5.478131579,NA,NA,NA,NA,NA,NA
"2026-09-30T05:01:42Z","ESPN","Raheim Sanders","CLE","RB",3.803634842,4.970197171,6.1367595,6.159492765,NA,NA,NA,NA,NA,NA
"2026-09-30T05:01:42Z","ESPN","Chris Rodriguez Jr.","JAX","RB",4.7206779616,4.8410666526,4.9614553436,4.9803243696,NA,NA,NA,NA,NA,NA
"2026-09-30T05:01:42Z","ESPN","Justice Hill","BAL","RB",4.199543188,4.7853845745,5.371225961,5.396732599,NA,NA,NA,NA,NA,NA
"2026-09-30T05:01:42Z","ESPN","Emmett Johnson","KC","RB",4.079805167,4.560165393,5.040525619,5.064224895,NA,NA,NA,NA,NA,NA
"2026-09-30T05:01:42Z","ESPN","George Holani","SEA","RB",3.713489539,4.361521602,5.009553665,5.029377637,NA,NA,NA,NA,NA,NA
"2026-09-30T05:01:42Z","ESPN","AJ Dillon","CAR","RB",3.9714371018,4.3558384323,4.7402397628,4.7615732758,NA,NA,NA,NA,NA,NA
"2026-09-30T05:01:42Z","ESPN","Samaje Perine","CIN","RB",3.588329998,4.322272723,5.056215448,5.09128381,NA,NA,NA,NA,NA,NA
"2026-09-30T05:01:42Z","ESPN","Keaton Mitchell","LAC","RB",3.584500275,4.198148939,4.811797603,4.838162629,NA,NA,NA,NA,NA,NA
"2026-09-30T05:01:42Z","ESPN","Sione Vaki","DET","RB",3.6451840476,4.0229889361,4.4007938246,4.4218921676,NA,NA,NA,NA,NA,NA
"2026-09-30T05:01:42Z","ESPN","Ty Johnson","BUF","RB",3.162336447,3.8057979535,4.44925946,4.467754519,NA,NA,NA,NA,NA,NA
"2026-09-30T05:01:42Z","ESPN","Austin Ekeler",NA,"RB",2.867037328,3.4597259785,4.052414629,4.079074471,NA,NA,NA,NA,NA,NA
"2026-09-30T05:01:42Z","ESPN","Tyler Goodson","DAL","RB",3.0428871505,3.2978409375,3.5527947245,3.5685404235,NA,NA,NA,NA,NA,NA
"2026-09-30T05:01:42Z","ESPN","Chris Brooks","GB","RB",2.5149065359,3.1826803454,3.8504541549,3.8621146139,NA,NA,NA,NA,NA,NA
"2026-09-30T05:01:42Z","ESPN","Mike Washington Jr.","LV","RB",2.9490821228,3.0783566508,3.2076311788,3.2264950358,NA,NA,NA,NA,NA,NA
"2026-09-30T05:01:42Z","ESPN","Seth McGowan","IND","RB",2.6304662817,2.7532458207,2.8760253597,2.8918993477,NA,NA,NA,NA,NA,NA
"2026-09-30T05:01:42Z","ESPN","Will Shipley","PHI","RB",2.0499106663,2.7287753888,3.4076401113,3.4223743763,NA,NA,NA,NA,NA,NA
"2026-09-30T05:01:42Z","ESPN","Tank Bigsby","PHI","RB",2.426326808,2.645039124,2.86375144,2.882061742,NA,NA,NA,NA,NA,NA
"2026-09-30T05:01:42Z","ESPN","Demond Claiborne","MIN","RB",2.2128487706,2.3255768306,2.4383048906,2.4519304826,NA,NA,NA,NA,NA,NA
"2026-09-30T05:01:42Z","ESPN","DeeJay Dallas","MIN","RB",1.879231149,2.2180597605,2.556888372,2.578327473,NA,NA,NA,NA,NA,NA
"2026-09-30T05:01:42Z","ESPN","CJ Donaldson","NO","RB",1.8208035031,2.1790790296,2.5373545561,2.5479868521,NA,NA,NA,NA,NA,NA
"2026-09-30T05:01:42Z","ESPN","Kyle Juszczyk","SF","RB",1.4576563022,2.0118644077,2.5660725132,2.5734167382,NA,NA,NA,NA,NA,NA
"2026-09-30T05:01:42Z","ESPN","Kimani Vidal","LAC","RB",1.3530295158,1.9210208073,2.4890120988,2.4957630498,NA,NA,NA,NA,NA,NA
"2026-09-30T05:01:42Z","ESPN","LeQuint Allen Jr.","JAX","RB",1.1086947893,1.5798844323,2.0510740753,2.0565869753,NA,NA,NA,NA,NA,NA
"2026-09-30T05:01:42Z","ESPN","Tyler Badie","DEN","RB",1.0990898856,1.4838697671,1.8686496486,1.8750712186,NA,NA,NA,NA,NA,NA
"2026-09-30T05:01:42Z","ESPN","Ray Davis","BUF","RB",1.1422920711,1.2531368251,1.3639815791,1.3718184581,NA,NA,NA,NA,NA,NA
"2026-09-30T05:01:42Z","ESPN","Ameer Abdullah","JAX","RB",0.9231230478,1.1754185483,1.4277140488,1.4334769918,NA,NA,NA,NA,NA,NA
"2026-09-30T05:01:42Z","ESPN","Alec Ingold","LAC","RB",0.6443699878,1.0055630268,1.3667560658,1.3722072088,NA,NA,NA,NA,NA,NA
"2026-09-30T05:01:42Z","ESPN","Hunter Luepke","DAL","RB",0.6829171886,0.8161598106,0.9494024326,0.9527224536,NA,NA,NA,NA,NA,NA
"2026-09-30T05:01:42Z","ESPN","Nicholas Singleton","TEN","RB",0.6791342626,0.6791342626,0.6791342626,0.6838953606,NA,NA,NA,NA,NA,NA
"2026-09-30T05:01:42Z","ESPN","Tyrone Tracy Jr.","NYG","RB",0.5622859945,0.668429932,0.7745738695,0.7780865995,NA,NA,NA,NA,NA,NA
"2026-09-30T05:01:42Z","ESPN","Trey McBride","ARI","TE",10.09368221,13.7537240835,17.413765957,21.1059400485,NA,NA,NA,NA,NA,NA
"2026-09-30T05:01:42Z","ESPN","Brock Bowers","LV","TE",9.3834449091,12.6473556211,15.9112663331,19.1982285451,NA,NA,NA,NA,NA,NA
"2026-09-30T05:01:42Z","ESPN","George Kittle","SF","TE",8.844878354,11.2776089665,13.710339579,16.1664852695,NA,NA,NA,NA,NA,NA
"2026-09-30T05:01:42Z","ESPN","Tyler Warren","IND","TE",7.7240873752,10.3799460417,13.0358047082,15.7301753407,NA,NA,NA,NA,NA,NA
"2026-09-30T05:01:42Z","ESPN","Isaiah Likely","NYG","TE",7.435866531,9.5861882795,11.736510028,13.9222938785,NA,NA,NA,NA,NA,NA
"2026-09-30T05:01:42Z","ESPN","Travis Kelce","KC","TE",7.283956118,9.535878206,11.787800294,14.070970818,NA,NA,NA,NA,NA,NA
"2026-09-30T05:01:42Z","ESPN","Sam LaPorta","DET","TE",6.782935731,8.983578003,11.184220275,13.405961036,NA,NA,NA,NA,NA,NA
"2026-09-30T05:01:42Z","ESPN","Harold Fannin Jr.","CLE","TE",6.5406855914,8.8781711399,11.2156566884,13.5867677519,NA,NA,NA,NA,NA,NA
"2026-09-30T05:01:42Z","ESPN","Dalton Kincaid","BUF","TE",6.531763486,8.6074581165,10.683152747,12.7904367685,NA,NA,NA,NA,NA,NA
"2026-09-30T05:01:42Z","ESPN","Juwan Johnson","NO","TE",6.608694118,8.586943001,10.565191884,12.580638429,NA,NA,NA,NA,NA,NA
"2026-09-30T05:01:42Z","ESPN","Mark Andrews","BAL","TE",6.255653123,8.13925146,10.022849797,11.935267928,NA,NA,NA,NA,NA,NA
"2026-09-30T05:01:42Z","ESPN","Kenyon Sadiq","NYJ","TE",5.2916762867,7.3178785137,9.3440807407,11.3987353627,NA,NA,NA,NA,NA,NA
"2026-09-30T05:01:42Z","ESPN","Hunter Henry","NE","TE",5.406203151,7.1643281895,8.922453228,10.6948142095,NA,NA,NA,NA,NA,NA
"2026-09-30T05:01:42Z","ESPN","Colston Loveland","CHI","TE",5.358988763,7.052437195,8.745885627,10.457889267,NA,NA,NA,NA,NA,NA
"2026-09-30T05:01:42Z","ESPN","Dalton Schultz","HOU","TE",4.944555821,6.98981392,9.035072019,11.105250598,NA,NA,NA,NA,NA,NA
"2026-09-30T05:01:42Z","ESPN","Tucker Kraft","GB","TE",4.9602759936,6.9281475481,8.8960191026,10.8884268951,NA,NA,NA,NA,NA,NA
"2026-09-30T05:01:42Z","ESPN","AJ Barner","SEA","TE",5.1842182616,6.6503605031,8.1165027446,9.6107622891,NA,NA,NA,NA,NA,NA
"2026-09-30T05:01:42Z","ESPN","Brenton Strange","JAX","TE",4.88025699,6.4368397565,7.993422523,9.5708100415,NA,NA,NA,NA,NA,NA
"2026-09-30T05:01:42Z","ESPN","Jake Ferguson","DAL","TE",4.560146793,6.3416013675,8.123055942,9.9444150985,NA,NA,NA,NA,NA,NA
"2026-09-30T05:01:42Z","ESPN","Cade Otton","TB","TE",4.739129041,6.317726881,7.896324721,9.49274286,NA,NA,NA,NA,NA,NA
"2026-09-30T05:01:42Z","ESPN","T.J. Hockenson","MIN","TE",4.539215869,6.311234345,8.083252821,9.870808638,NA,NA,NA,NA,NA,NA
"2026-09-30T05:01:42Z","ESPN","Pat Freiermuth","PIT","TE",4.5798806828,6.2531973508,7.9265140188,9.6277423358,NA,NA,NA,NA,NA,NA
"2026-09-30T05:01:42Z","ESPN","Darren Waller","CAR","TE",4.599501083,6.013736523,7.427971963,8.855766277,NA,NA,NA,NA,NA,NA
"2026-09-30T05:01:42Z","ESPN","Mike Gesicki","CIN","TE",4.478402473,5.9678609045,7.457319336,8.9632337405,NA,NA,NA,NA,NA,NA
"2026-09-30T05:01:42Z","ESPN","Kyle Pitts Sr.","ATL","TE",4.387575086,5.8773709135,7.367166741,8.8671649275,NA,NA,NA,NA,NA,NA
"2026-09-30T05:01:42Z","ESPN","Oronde Gadsden","LAC","TE",4.057468052,5.5756775385,7.093887025,8.6352715955,NA,NA,NA,NA,NA,NA
"2026-09-30T05:01:42Z","ESPN","Colby Parkinson","LA","TE",4.179951406,5.469520873,6.75909034,8.074879042,NA,NA,NA,NA,NA,NA
"2026-09-30T05:01:42Z","ESPN","Gunnar Helm","TEN","TE",3.857300532,5.467078685,7.076856838,8.708683026,NA,NA,NA,NA,NA,NA
"2026-09-30T05:01:42Z","ESPN","Chig Okonkwo","WAS","TE",3.837804151,5.250669726,6.663535301,8.090823633,NA,NA,NA,NA,NA,NA
"2026-09-30T05:01:42Z","ESPN","Greg Dulcich","MIA","TE",3.442998347,4.8702053055,6.297412264,7.7449585955,NA,NA,NA,NA,NA,NA
"2026-09-30T05:01:42Z","ESPN","Michael Mayer","LV","TE",3.208007713,4.5509671735,5.893926634,7.2552253475,NA,NA,NA,NA,NA,NA
"2026-09-30T05:01:42Z","ESPN","Tommy Tremble","CAR","TE",3.246618993,4.310201596,5.373784199,6.453620831,NA,NA,NA,NA,NA,NA
"2026-09-30T05:01:42Z","ESPN","Tyler Higbee","LA","TE",2.972250905,4.173842281,5.375433657,6.590241562,NA,NA,NA,NA,NA,NA
"2026-09-30T05:01:42Z","ESPN","Evan Engram","DEN","TE",2.561197116,3.953684127,5.346171138,6.754897211,NA,NA,NA,NA,NA,NA
"2026-09-30T05:01:42Z","ESPN","Noah Fant","NO","TE",2.689791204,3.61982284,4.549854476,5.492826203,NA,NA,NA,NA,NA,NA
"2026-09-30T05:01:42Z","ESPN","Austin Hooper","ATL","TE",2.55789104,3.477340128,4.396789216,5.328624953,NA,NA,NA,NA,NA,NA
"2026-09-30T05:01:42Z","ESPN","Darnell Washington","PIT","TE",2.41162787,3.3187411875,4.225854505,5.1499137815,NA,NA,NA,NA,NA,NA
"2026-09-30T05:01:42Z","ESPN","Mason Taylor","NYJ","TE",2.072182267,2.98292727,3.893672273,4.81689113,NA,NA,NA,NA,NA,NA
"2026-09-30T05:01:42Z","ESPN","Zach Ertz","PHI","TE",2.128320844,2.954782411,3.781243978,4.619009729,NA,NA,NA,NA,NA,NA
"2026-09-30T05:01:42Z","ESPN","Dawson Knox","BUF","TE",2.105287395,2.695883228,3.286479061,3.882737186,NA,NA,NA,NA,NA,NA
"2026-09-30T05:01:42Z","ESPN","Drew Sample","CIN","TE",1.868288798,2.6944797455,3.520670693,4.3584494215,NA,NA,NA,NA,NA,NA
"2026-09-30T05:01:42Z","ESPN","Jonnu Smith","GB","TE",1.8571538241,2.6468317266,3.4365096291,4.2407560956,NA,NA,NA,NA,NA,NA
"2026-09-30T05:01:42Z","ESPN","Johnny Mundt","PHI","TE",1.864319601,2.5660098145,3.267700028,3.9770786995,NA,NA,NA,NA,NA,NA
"2026-09-30T05:01:42Z","ESPN","Noah Gray","KC","TE",1.813906882,2.452883228,3.091859574,3.736962057,NA,NA,NA,NA,NA,NA
"2026-09-30T05:01:42Z","ESPN","Foster Moreau","HOU","TE",1.83217719,2.439668593,3.047159996,3.663794654,NA,NA,NA,NA,NA,NA
"2026-09-30T05:01:42Z","ESPN","Theo Johnson","NYG","TE",1.911567787,2.4200675035,2.92856722,3.4426385955,NA,NA,NA,NA,NA,NA
"2026-09-30T05:01:42Z","ESPN","Gavin Bartholomew","MIN","TE",1.576334847,2.1211157275,2.665896608,3.2181389815,NA,NA,NA,NA,NA,NA
"2026-09-30T05:01:42Z","ESPN","Cole Kmet","CHI","TE",1.5143285,2.107584825,2.70084115,3.301256375,NA,NA,NA,NA,NA,NA
"2026-09-30T05:01:42Z","ESPN","Jeremy Ruckert","NYJ","TE",1.3642940685,1.9943924485,2.6244908285,3.2614932315,NA,NA,NA,NA,NA,NA
"2026-09-30T05:01:42Z","ESPN","Mitchell Evans","CAR","TE",1.5088252402,1.9786173232,2.4484094062,2.9246359112,NA,NA,NA,NA,NA,NA
"2026-09-30T05:01:42Z","ESPN","Jaxon Smith-Njigba","SEA","WR",13.8217761791,17.3965918741,20.9714075691,21.0423642871,NA,NA,NA,NA,NA,NA
"2026-09-30T05:01:42Z","ESPN","Puka Nacua","LA","WR",13.3454085162,16.9279504207,20.5104923252,20.5651099322,NA,NA,NA,NA,NA,NA
"2026-09-30T05:01:42Z","ESPN","Ja'Marr Chase","CIN","WR",12.6758626897,16.5663174557,20.4567722217,20.5178480807,NA,NA,NA,NA,NA,NA
"2026-09-30T05:01:42Z","ESPN","Amon-Ra St. Brown","DET","WR",12.8206523496,16.4771269406,20.1336015316,20.1845733146,NA,NA,NA,NA,NA,NA
"2026-09-30T05:01:42Z","ESPN","Justin Jefferson","MIN","WR",12.2348618466,15.4361320031,18.6374021596,18.6769298036,NA,NA,NA,NA,NA,NA
"2026-09-30T05:01:42Z","ESPN","Chris Olave","NO","WR",11.882827418,15.070993533,18.259159648,18.302628331,NA,NA,NA,NA,NA,NA
"2026-09-30T05:01:42Z","ESPN","Drake London","ATL","WR",10.704354259,13.707595728,16.710837197,16.766345011,NA,NA,NA,NA,NA,NA
"2026-09-30T05:01:42Z","ESPN","CeeDee Lamb","DAL","WR",10.4118951034,13.6504423279,16.8889895524,16.9302649104,NA,NA,NA,NA,NA,NA
"2026-09-30T05:01:42Z","ESPN","Zay Flowers","BAL","WR",10.5664943562,12.9586808352,15.3508673142,15.4094447242,NA,NA,NA,NA,NA,NA
"2026-09-30T05:01:42Z","ESPN","Tetairoa McMillan","CAR","WR",10.516856489,12.7314723585,14.946088228,14.988865676,NA,NA,NA,NA,NA,NA
"2026-09-30T05:01:42Z","ESPN","Nico Collins","HOU","WR",9.9702315556,12.6282751471,15.2863187386,15.3276615026,NA,NA,NA,NA,NA,NA
"2026-09-30T05:01:42Z","ESPN","Parker Washington","JAX","WR",10.0253639972,12.5773472382,15.1293304792,15.1876606212,NA,NA,NA,NA,NA,NA
"2026-09-30T05:01:42Z","ESPN","DeVonta Smith","PHI","WR",9.472326071,12.5228713075,15.573416544,15.611586336,NA,NA,NA,NA,NA,NA
"2026-09-30T05:01:42Z","ESPN","Davante Adams","LA","WR",10.005123637,12.3395839505,14.674044264,14.699453933,NA,NA,NA,NA,NA,NA
"2026-09-30T05:01:42Z","ESPN","Garrett Wilson","NYJ","WR",9.0442714389,12.1898962534,15.3355210679,15.4041908419,NA,NA,NA,NA,NA,NA
"2026-09-30T05:01:42Z","ESPN","Rashee Rice","KC","WR",9.3695796844,12.1318354524,14.8940912204,14.9583149924,NA,NA,NA,NA,NA,NA
"2026-09-30T05:01:42Z","ESPN","Christian Watson","GB","WR",9.6831807753,12.0584030343,14.4336252933,14.4787593263,NA,NA,NA,NA,NA,NA
"2026-09-30T05:01:42Z","ESPN","Malik Nabers","NYG","WR",9.149686886,11.3778441285,13.606001371,13.643466619,NA,NA,NA,NA,NA,NA
"2026-09-30T05:01:42Z","ESPN","Tee Higgins","CIN","WR",8.897702944,11.293074853,13.688446762,13.717453508,NA,NA,NA,NA,NA,NA
"2026-09-30T05:01:42Z","ESPN","George Pickens","DAL","WR",8.742281777,11.238068601,13.733855425,13.78976105,NA,NA,NA,NA,NA,NA
"2026-09-30T05:01:42Z","ESPN","Jalen Coker","CAR","WR",8.671857323,11.194829307,13.717801291,13.766534936,NA,NA,NA,NA,NA,NA
"2026-09-30T05:01:42Z","ESPN","Josh Downs","IND","WR",8.56189426,11.102687526,13.643480792,13.683999643,NA,NA,NA,NA,NA,NA
"2026-09-30T05:01:42Z","ESPN","Terry McLaurin","WAS","WR",8.814769701,10.877191777,12.939613853,12.972758279,NA,NA,NA,NA,NA,NA
"2026-09-30T05:01:42Z","ESPN","Michael Wilson","ARI","WR",8.348928612,10.852735678,13.356542744,13.387225882,NA,NA,NA,NA,NA,NA
"2026-09-30T05:01:42Z","ESPN","DJ Moore","BUF","WR",8.69652072,10.826354388,12.956188056,12.992908597,NA,NA,NA,NA,NA,NA
"2026-09-30T05:01:42Z","ESPN","Matthew Golden","GB","WR",8.3442957243,10.5979603588,12.8516249933,12.9003572043,NA,NA,NA,NA,NA,NA
"2026-09-30T05:01:42Z","ESPN","Mike Evans","SF","WR",8.281121694,10.3353961505,12.389670607,12.419022365,NA,NA,NA,NA,NA,NA
"2026-09-30T05:01:42Z","ESPN","Luther Burden III","CHI","WR",7.7113678366,10.1469070961,12.5824463556,12.6257537626,NA,NA,NA,NA,NA,NA
"2026-09-30T05:01:42Z","ESPN","Jordan Addison","MIN","WR",7.7953627838,9.6634043963,11.5314460088,11.5589870568,NA,NA,NA,NA,NA,NA
"2026-09-30T05:01:42Z","ESPN","Carnell Tate","TEN","WR",7.367650046,9.6094141385,11.851178231,11.896936282,NA,NA,NA,NA,NA,NA
"2026-09-30T05:01:42Z","ESPN","Jaylen Waddle","DEN","WR",7.0728299995,9.4904181705,11.9080063415,11.9497944795,NA,NA,NA,NA,NA,NA
"2026-09-30T05:01:42Z","ESPN","Emeka Egbuka","TB","WR",7.7413724375,9.4679337505,11.1944950635,11.2236150955,NA,NA,NA,NA,NA,NA
"2026-09-30T05:01:42Z","ESPN","Stefon Diggs","WAS","WR",6.969215261,9.271194866,11.573174471,11.604418196,NA,NA,NA,NA,NA,NA
"2026-09-30T05:01:42Z","ESPN","Ladd McConkey","LAC","WR",6.717836713,9.2569706985,11.796104684,11.832682974,NA,NA,NA,NA,NA,NA
"2026-09-30T05:01:42Z","ESPN","Deebo Samuel Sr.","SF","WR",7.3011839944,8.9989180269,10.6966520594,10.7465191854,NA,NA,NA,NA,NA,NA
"2026-09-30T05:01:42Z","ESPN","Keenan Allen","IND","WR",6.613859623,8.9340566225,11.254253622,11.302515788,NA,NA,NA,NA,NA,NA
"2026-09-30T05:01:42Z","ESPN","Adonai Mitchell","NYJ","WR",7.1946635011,8.8479245171,10.5011855331,10.5393648581,NA,NA,NA,NA,NA,NA
"2026-09-30T05:01:42Z","ESPN","Jakobi Meyers","JAX","WR",6.8492028761,8.8201311576,10.7910594391,10.8247768891,NA,NA,NA,NA,NA,NA
"2026-09-30T05:01:42Z","ESPN","Jameson Williams","DET","WR",7.1025283492,8.7402614542,10.3779945592,10.3997275712,NA,NA,NA,NA,NA,NA
"2026-09-30T05:01:42Z","ESPN","Devaughn Vele","NO","WR",6.834559228,8.7303245685,10.626089909,10.657046432,NA,NA,NA,NA,NA,NA
"2026-09-30T05:01:42Z","ESPN","Courtland Sutton","DEN","WR",6.746296451,8.648823624,10.551350797,10.57801125,NA,NA,NA,NA,NA,NA
"2026-09-30T05:01:42Z","ESPN","Denzel Boston","CLE","WR",6.639986404,8.599526151,10.559065898,10.599063291,NA,NA,NA,NA,NA,NA
"2026-09-30T05:01:42Z","ESPN","DK Metcalf","PIT","WR",6.934333316,8.541702262,10.149071208,10.172754367,NA,NA,NA,NA,NA,NA
"2026-09-30T05:01:42Z","ESPN","Rome Odunze","CHI","WR",6.890480251,8.442320372,9.994160493,10.026265176,NA,NA,NA,NA,NA,NA
"2026-09-30T05:01:42Z","ESPN","Xavier Worthy","KC","WR",6.7106217404,8.2631238984,9.8156260564,9.8336113114,NA,NA,NA,NA,NA,NA
"2026-09-30T05:01:42Z","ESPN","Dontayvion Wicks","PHI","WR",6.474526264,8.1681909155,9.861855567,9.899793655,NA,NA,NA,NA,NA,NA
"2026-09-30T05:01:42Z","ESPN","Romeo Doubs","NE","WR",6.357172264,8.0647299465,9.772287629,9.806077249,NA,NA,NA,NA,NA,NA
"2026-09-30T05:01:42Z","ESPN","Tre Tucker","LV","WR",6.2496120814,8.0474806989,9.8453493164,9.8647408184,NA,NA,NA,NA,NA,NA
"2026-09-30T05:01:42Z","ESPN","Malik Washington","MIA","WR",6.1304572628,7.9702515353,9.8100458078,9.8551174568,NA,NA,NA,NA,NA,NA
"2026-09-30T05:01:42Z","ESPN","Khalil Shakir","BUF","WR",6.0647289456,7.9121774906,9.7596260356,9.7913145386,NA,NA,NA,NA,NA,NA
"2026-09-30T05:01:42Z","ESPN","Mack Hollins","NE","WR",6.010459655,7.8485630865,9.686666518,9.716569325,NA,NA,NA,NA,NA,NA
"2026-09-30T05:01:42Z","ESPN","Ryan Flournoy","DAL","WR",5.924920127,7.738571199,9.552222271,9.590384452,NA,NA,NA,NA,NA,NA
"2026-09-30T05:01:42Z","ESPN","Kalif Raymond","CHI","WR",5.4336021329,7.7005453834,9.9674886339,10.0177137079,NA,NA,NA,NA,NA,NA
"2026-09-30T05:01:42Z","ESPN","Michael Pittman Jr.","PIT","WR",5.485105462,7.6323300265,9.779554591,9.811024624,NA,NA,NA,NA,NA,NA
"2026-09-30T05:01:42Z","ESPN","KC Concepcion","CLE","WR",5.5986956017,7.4717590302,9.3448224587,9.3912578587,NA,NA,NA,NA,NA,NA
"2026-09-30T05:01:42Z","ESPN","DeMario Douglas","NE","WR",5.7571533358,7.4353991583,9.1136449808,9.1528863848,NA,NA,NA,NA,NA,NA
"2026-09-30T05:01:42Z","ESPN","Quentin Johnston","LAC","WR",5.5448505205,7.0476380035,8.5504254865,8.5765875495,NA,NA,NA,NA,NA,NA
"2026-09-30T05:01:42Z","ESPN","Wan'Dale Robinson","TEN","WR",4.734038603,6.943143971,9.152249339,9.18397384,NA,NA,NA,NA,NA,NA
"2026-09-30T05:01:42Z","ESPN","Brian Thomas Jr.","JAX","WR",5.6191722065,6.9202966185,8.2214210305,8.2352311835,NA,NA,NA,NA,NA,NA
"2026-09-30T05:01:42Z","ESPN","Rashid Shaheed","SEA","WR",5.6571303316,6.7968153471,7.9365003626,7.9673328836,NA,NA,NA,NA,NA,NA
"2026-09-30T05:01:42Z","ESPN","Rashod Bateman","BAL","WR",5.508519673,6.7107647625,7.913009852,7.932592186,NA,NA,NA,NA,NA,NA
"2026-09-30T05:01:42Z","ESPN","Malachi Fields","NYG","WR",5.245247604,6.5190647635,7.792881923,7.818882603,NA,NA,NA,NA,NA,NA
"2026-09-30T05:01:42Z","ESPN","Xavier Hutchinson","HOU","WR",5.1739907475,6.4411693935,7.7083480395,7.7298766095,NA,NA,NA,NA,NA,NA
"2026-09-30T05:01:42Z","ESPN","Roman Wilson","PIT","WR",4.771857826,6.3172904255,7.862723025,7.894267817,NA,NA,NA,NA,NA,NA
"2026-09-30T05:01:42Z","ESPN","Caleb Douglas","MIA","WR",4.75411249,6.2404489135,7.726785337,7.75712388,NA,NA,NA,NA,NA,NA
"2026-09-30T05:01:42Z","ESPN","Makai Lemon","PHI","WR",4.9627701438,6.2358540278,7.5089379118,7.5370581138,NA,NA,NA,NA,NA,NA
"2026-09-30T05:01:42Z","ESPN","Tre' Harris","LAC","WR",4.451460526,6.118797571,7.786134616,7.820167676,NA,NA,NA,NA,NA,NA
"2026-09-30T05:01:42Z","ESPN","Jalen Nailor","LV","WR",4.8559079379,6.1162734509,7.3766389639,7.4018692219,NA,NA,NA,NA,NA,NA
"2026-09-30T05:01:42Z","ESPN","Chris Godwin Jr.","TB","WR",4.4092754144,5.7271838864,7.0450923584,7.0736702164,NA,NA,NA,NA,NA,NA
"2026-09-30T05:01:42Z","ESPN","Xavier Legette","CAR","WR",4.4814698189,5.5076737554,6.5338776919,6.5549376889,NA,NA,NA,NA,NA,NA
"2026-09-30T05:01:42Z","ESPN","Cooper Kupp","SEA","WR",4.202376311,5.3416516225,6.480926934,6.500642859,NA,NA,NA,NA,NA,NA
"2026-09-30T05:01:42Z","ESPN","Marvin Harrison Jr.","ARI","WR",4.247304961,5.302526507,6.357748053,6.376267481,NA,NA,NA,NA,NA,NA
"2026-09-30T05:01:42Z","ESPN","Isaac TeSlaa","DET","WR",4.297955317,5.3002892935,6.30262327,6.323082536,NA,NA,NA,NA,NA,NA
"2026-09-30T05:01:42Z","ESPN","Ted Hurst III","TB","WR",4.123140532,5.201904112,6.280667692,6.302687011,NA,NA,NA,NA,NA,NA
"2026-09-30T05:01:42Z","ESPN","Darnell Mooney","NYG","WR",4.2199035937,5.1525749082,6.0852462227,6.1029554487,NA,NA,NA,NA,NA,NA
"2026-09-30T05:01:42Z","ESPN","Chris Bell","MIA","WR",3.909474177,5.1480878635,6.38670155,6.41198367,NA,NA,NA,NA,NA,NA
"2026-09-30T05:01:42Z","ESPN","Elic Ayomanor","TEN","WR",4.01089871,5.0640594135,6.117220117,6.13871684,NA,NA,NA,NA,NA,NA
"2026-09-30T05:01:42Z","ESPN","Jahan Dotson","ATL","WR",3.93200957,5.0356000105,6.139190451,6.154958704,NA,NA,NA,NA,NA,NA
"2026-09-30T05:01:42Z","ESPN","Keon Coleman","BUF","WR",4.073028198,5.0310078795,5.988987561,6.007570254,NA,NA,NA,NA,NA,NA
"2026-09-30T05:01:42Z","ESPN","Skyy Moore","GB","WR",3.76547852,4.9854917845,6.205505049,6.232833346,NA,NA,NA,NA,NA,NA
"2026-09-30T05:01:42Z","ESPN","Antonio Williams","WAS","WR",3.685279634,4.632912744,5.580545854,5.599888587,NA,NA,NA,NA,NA,NA
"2026-09-30T05:01:42Z","ESPN","Chris Moore","BAL","WR",3.862486307,4.6308552925,5.399224278,5.412593322,NA,NA,NA,NA,NA,NA
"2026-09-30T05:01:42Z","ESPN","Jauan Jennings","MIN","WR",3.418585569,4.468861208,5.519136847,5.539824482,NA,NA,NA,NA,NA,NA
"2026-09-30T05:01:42Z","ESPN","Tyquan Thornton","KC","WR",3.478387962,4.3103972265,5.142406491,5.155992621,NA,NA,NA,NA,NA,NA
"2026-09-30T05:01:42Z","ESPN","Kendrick Bourne","ARI","WR",3.092608861,4.256317366,5.420025871,5.443698253,NA,NA,NA,NA,NA,NA
"2026-09-30T05:01:42Z","ESPN","Kayshon Boutte","HOU","WR",3.349741564,4.251778131,5.153814698,5.168544325,NA,NA,NA,NA,NA,NA
"2026-09-30T05:01:42Z","ESPN","Dohnte Meyers","CIN","WR",3.2561419815,4.1721525835,5.0881631855,5.1086969245,NA,NA,NA,NA,NA,NA
"2026-09-30T05:01:42Z","ESPN","Pat Bryant","DEN","WR",3.073244245,4.166520635,5.259797025,5.283083186,NA,NA,NA,NA,NA,NA
"2026-09-30T05:01:42Z","ESPN","Isaiah Williams","NYJ","WR",2.9845457047,4.1186344367,5.2527231687,5.2769162907,NA,NA,NA,NA,NA,NA
"2026-09-30T05:01:42Z","ESPN","Kyle Williams","NE","WR",3.2915438894,4.1180513159,4.9445587424,4.9634134244,NA,NA,NA,NA,NA,NA
"2026-09-30T05:01:42Z","ESPN","Laquon Treadwell","IND","WR",3.098037326,4.053786078,5.00953483,5.029043216,NA,NA,NA,NA,NA,NA
"2026-09-30T05:01:42Z","ESPN","Tez Johnson","TB","WR",3.224330046,3.920101691,4.615873336,4.633549513,NA,NA,NA,NA,NA,NA
"2026-09-30T05:01:42Z","ESPN","Jared Wayne","HOU","WR",3.09094269,3.9002606855,4.709578681,4.726098177,NA,NA,NA,NA,NA,NA
"2026-09-30T05:01:42Z","ESPN","Jerry Jeudy","CLE","WR",2.863143998,3.7258435965,4.588543195,4.603978692,NA,NA,NA,NA,NA,NA
"2026-09-30T05:01:42Z","ESPN","Josh Cameron","JAX","WR",2.880048326,3.623875166,4.367702006,4.382884721,NA,NA,NA,NA,NA,NA
"2026-09-30T05:01:42Z","ESPN","Treylon Burks","WAS","WR",2.903348954,3.623836451,4.344323948,4.356089005,NA,NA,NA,NA,NA,NA
"2026-09-30T05:01:42Z","ESPN","Bryce Lance","NO","WR",2.62340535,3.2875567005,3.951708051,3.96526446,NA,NA,NA,NA,NA,NA
"2026-09-30T05:01:42Z","ESPN","Dareke Young","LV","WR",2.317892574,3.055223616,3.792554658,3.807604784,NA,NA,NA,NA,NA,NA
"2026-09-30T05:01:42Z","ESPN","Olamide Zaccheaus","ATL","WR",2.186727065,2.9874406665,3.788154268,3.805475625,NA,NA,NA,NA,NA,NA
"2026-09-30T05:01:42Z","ESPN","Jaylin Noel","HOU","WR",2.2997047081,2.9152274021,3.5307500961,3.5474960591,NA,NA,NA,NA,NA,NA
"2026-09-30T05:01:42Z","ESPN","Malik Benson","LV","WR",2.0865875142,2.6963311762,3.3060748382,3.3195634882,NA,NA,NA,NA,NA,NA
"2026-09-30T05:01:42Z","ESPN","Troy Franklin","DEN","WR",1.9803348413,2.4822378003,2.9841407593,2.9933166173,NA,NA,NA,NA,NA,NA
"2026-09-30T05:01:42Z","ESPN","Jacob Cowing","SF","WR",1.778188965,2.2273504315,2.676511898,2.685680014,NA,NA,NA,NA,NA,NA
"2026-09-30T05:01:42Z","ESPN","Kevin Coleman Jr.","MIA","WR",1.589851087,2.179559816,2.769268545,2.781305459,NA,NA,NA,NA,NA,NA
"2026-09-30T05:01:42Z","ESPN","Marvin Mims Jr.","DEN","WR",1.6711135809,2.1494575934,2.6278016059,2.6417119999,NA,NA,NA,NA,NA,NA
"2026-09-30T05:01:42Z","ESPN","Zachariah Branch","ATL","WR",1.639466571,2.1151656075,2.590864644,2.600574435,NA,NA,NA,NA,NA,NA
"2026-09-30T05:01:42Z","ESPN","Joshua Palmer","BUF","WR",1.675913747,2.0985428945,2.521172042,2.52856951,NA,NA,NA,NA,NA,NA
"2026-09-30T05:01:42Z","ESPN","Calvin Ridley","TEN","WR",1.538732586,1.9666601185,2.394587651,2.402104706,NA,NA,NA,NA,NA,NA
"2026-09-30T05:01:42Z","ESPN","Ashton Dulin","IND","WR",1.5383063344,1.9090798829,2.2798534314,2.2896575754,NA,NA,NA,NA,NA,NA
"2026-09-30T05:01:42Z","ESPN","Dyami Brown","WAS","WR",1.5110561641,1.8869101006,2.2627640371,2.2711831651,NA,NA,NA,NA,NA,NA
"2026-09-30T05:01:42Z","Sleeper","Josh Allen","BUF","QB",22.6116,22.6116,22.6116,25.5255,NA,NA,NA,NA,NA,NA
"2026-09-30T05:01:42Z","Sleeper","Lamar Jackson","BAL","QB",21.8006,21.8006,21.8006,24.692,NA,NA,NA,NA,NA,NA
"2026-09-30T05:01:42Z","Sleeper","Patrick Mahomes","KC","QB",20.999,20.999,20.999,24.0765,NA,NA,NA,NA,NA,NA
"2026-09-30T05:01:42Z","Sleeper","Brock Purdy","SF","QB",19.2304,19.2304,19.2304,22.6015,NA,NA,NA,NA,NA,NA
"2026-09-30T05:01:42Z","Sleeper","Trevor Lawrence","JAX","QB",19.0864,19.0864,19.0864,23.064,NA,NA,NA,NA,NA,NA
"2026-09-30T05:01:42Z","Sleeper","Bryce Young","CAR","QB",18.131,18.131,18.131,21.134,NA,NA,NA,NA,NA,NA
"2026-09-30T05:01:42Z","Sleeper","Joe Burrow","CIN","QB",17.974,17.974,17.974,21.7085,NA,NA,NA,NA,NA,NA
"2026-09-30T05:01:42Z","Sleeper","C.J. Stroud","HOU","QB",17.9472,17.9472,17.9472,21.087,NA,NA,NA,NA,NA,NA
"2026-09-30T05:01:42Z","Sleeper","Bo Nix","DEN","QB",17.879,17.879,17.879,20.7025,NA,NA,NA,NA,NA,NA
"2026-09-30T05:01:42Z","Sleeper","Tyler Shough","NO","QB",17.7292,17.7292,17.7292,21.698,NA,NA,NA,NA,NA,NA
"2026-09-30T05:01:42Z","Sleeper","Drake Maye","NE","QB",17.567,17.567,17.567,20.8065,NA,NA,NA,NA,NA,NA
"2026-09-30T05:01:42Z","Sleeper","Dak Prescott","DAL","QB",17.4002,17.4002,17.4002,21.3065,NA,NA,NA,NA,NA,NA
"2026-09-30T05:01:42Z","Sleeper","Kyler Murray","MIN","QB",17.3652,17.3652,17.3652,20.1215,NA,NA,NA,NA,NA,NA
"2026-09-30T05:01:42Z","Sleeper","Jordan Love","GB","QB",16.6628,16.6628,16.6628,20.0615,NA,NA,NA,NA,NA,NA
"2026-09-30T05:01:42Z","Sleeper","Jared Goff","DET","QB",16.2298,16.2298,16.2298,19.642,NA,NA,NA,NA,NA,NA
"2026-09-30T05:01:42Z","Sleeper","Daniel Jones","IND","QB",16.1742,16.1742,16.1742,18.918,NA,NA,NA,NA,NA,NA
"2026-09-30T05:01:42Z","Sleeper","Marcus Mariota","WAS","QB",15.998,15.998,15.998,19.0675,NA,NA,NA,NA,NA,NA
"2026-09-30T05:01:42Z","Sleeper","Jalen Hurts","PHI","QB",15.9962,15.9962,15.9962,18.8265,NA,NA,NA,NA,NA,NA
"2026-09-30T05:01:42Z","Sleeper","Matthew Stafford","LA","QB",15.7782,15.7782,15.7782,19.0225,NA,NA,NA,NA,NA,NA
"2026-09-30T05:01:42Z","Sleeper","Sam Darnold","SEA","QB",15.5112,15.5112,15.5112,19.3845,NA,NA,NA,NA,NA,NA
"2026-09-30T05:01:42Z","Sleeper","Jacoby Brissett","ARI","QB",15.2284,15.2284,15.2284,17.8285,NA,NA,NA,NA,NA,NA
"2026-09-30T05:01:42Z","Sleeper","Deshaun Watson","CLE","QB",14.9526,14.9526,14.9526,18.295,NA,NA,NA,NA,NA,NA
"2026-09-30T05:01:42Z","Sleeper","Jameis Winston","NYG","QB",14.712,14.712,14.712,17.6275,NA,NA,NA,NA,NA,NA
"2026-09-30T05:01:42Z","Sleeper","Kirk Cousins","LV","QB",14.6698,14.6698,14.6698,17.3385,NA,NA,NA,NA,NA,NA
"2026-09-30T05:01:42Z","Sleeper","Michael Penix","ATL","QB",14.2908,14.2908,14.2908,16.976,NA,NA,NA,NA,NA,NA
"2026-09-30T05:01:42Z","Sleeper","Case Keenum","CHI","QB",14.159,14.159,14.159,16.4865,NA,NA,NA,NA,NA,NA
"2026-09-30T05:01:42Z","Sleeper","Geno Smith","NYJ","QB",13.7552,13.7552,13.7552,17.602,NA,NA,NA,NA,NA,NA
"2026-09-30T05:01:42Z","Sleeper","Aaron Rodgers","PIT","QB",13.6352,13.6352,13.6352,16.019,NA,NA,NA,NA,NA,NA
"2026-09-30T05:01:42Z","Sleeper","Justin Herbert","LAC","QB",13.3494,13.3494,13.3494,16.47,NA,NA,NA,NA,NA,NA
"2026-09-30T05:01:42Z","Sleeper","Cam Ward","TEN","QB",12.9958,12.9958,12.9958,15.572,NA,NA,NA,NA,NA,NA
"2026-09-30T05:01:42Z","Sleeper","Malik Willis","MIA","QB",12.4652,12.4652,12.4652,15.013,NA,NA,NA,NA,NA,NA
"2026-09-30T05:01:42Z","Sleeper","Jalon Daniels","TB","QB",11.8406,11.8406,11.8406,15.1195,NA,NA,NA,NA,NA,NA
"2026-09-30T05:01:42Z","Sleeper","Kinkead Dent",NA,"QB",0,0,0,0,NA,NA,NA,NA,NA,NA
"2026-09-30T05:01:42Z","Sleeper","Brett Gabbert",NA,"QB",0,0,0,0,NA,NA,NA,NA,NA,NA
"2026-09-30T05:01:42Z","Sleeper","Behren Morton","NE","QB",0,0,0,0,NA,NA,NA,NA,NA,NA
"2026-09-30T05:01:42Z","Sleeper","AJ McCarron",NA,"QB",0,0,0,0,NA,NA,NA,NA,NA,NA
"2026-09-30T05:01:42Z","Sleeper","Joe Flacco","CIN","QB",0,0,0,0,NA,NA,NA,NA,NA,NA
"2026-09-30T05:01:42Z","Sleeper","Ryan Griffin",NA,"QB",0,0,0,0,NA,NA,NA,NA,NA,NA
"2026-09-30T05:01:42Z","Sleeper","Steven Montez",NA,"QB",0,0,0,0,NA,NA,NA,NA,NA,NA
"2026-09-30T05:01:42Z","Sleeper","Max Duggan",NA,"QB",0,0,0,0,NA,NA,NA,NA,NA,NA
"2026-09-30T05:01:42Z","Sleeper","Jahmyr Gibbs","DET","RB",19.955,22.36,24.765,24.875,NA,NA,NA,NA,NA,NA
"2026-09-30T05:01:42Z","Sleeper","Jonathan Taylor","IND","RB",18.817,20.177,21.537,21.637,NA,NA,NA,NA,NA,NA
"2026-09-30T05:01:42Z","Sleeper","Bijan Robinson","ATL","RB",17.857,19.992,22.127,22.217,NA,NA,NA,NA,NA,NA
"2026-09-30T05:01:42Z","Sleeper","Derrick Henry","BAL","RB",19.117,19.747,20.377,20.467,NA,NA,NA,NA,NA,NA
"2026-09-30T05:01:42Z","Sleeper","Kenneth Walker","KC","RB",15.835,17.87,19.905,19.995,NA,NA,NA,NA,NA,NA
"2026-09-30T05:01:42Z","Sleeper","Jaylen Warren","PIT","RB",15.233,16.908,18.583,18.663,NA,NA,NA,NA,NA,NA
"2026-09-30T05:01:42Z","Sleeper","Christian McCaffrey","SF","RB",14.401,16.571,18.741,18.821,NA,NA,NA,NA,NA,NA
"2026-09-30T05:01:42Z","Sleeper","James Cook","BUF","RB",15.453,16.323,17.193,17.273,NA,NA,NA,NA,NA,NA
"2026-09-30T05:01:42Z","Sleeper","Chase Brown","CIN","RB",13.642,15.577,17.512,17.592,NA,NA,NA,NA,NA,NA
"2026-09-30T05:01:42Z","Sleeper","D'Andre Swift","CHI","RB",14.465,15.525,16.585,16.655,NA,NA,NA,NA,NA,NA
"2026-09-30T05:01:42Z","Sleeper","Chuba Hubbard","CAR","RB",12.969,14.634,16.299,16.369,NA,NA,NA,NA,NA,NA
"2026-09-30T05:01:42Z","Sleeper","Cam Skattebo","NYG","RB",13.533,14.548,15.563,15.643,NA,NA,NA,NA,NA,NA
"2026-09-30T05:01:42Z","Sleeper","Jeremiyah Love","ARI","RB",13.047,14.407,15.767,15.837,NA,NA,NA,NA,NA,NA
"2026-09-30T05:01:42Z","Sleeper","David Montgomery","HOU","RB",12.768,13.833,14.898,14.968,NA,NA,NA,NA,NA,NA
"2026-09-30T05:01:42Z","Sleeper","Ashton Jeanty","LV","RB",12.047,13.822,15.597,15.677,NA,NA,NA,NA,NA,NA
"2026-09-30T05:01:42Z","Sleeper","Saquon Barkley","PHI","RB",12.758,13.708,14.658,14.728,NA,NA,NA,NA,NA,NA
"2026-09-30T05:01:42Z","Sleeper","Javonte Williams","DAL","RB",12.404,13.699,14.994,15.074,NA,NA,NA,NA,NA,NA
"2026-09-30T05:01:42Z","Sleeper","Aaron Jones","MIN","RB",12.367,13.447,14.527,14.607,NA,NA,NA,NA,NA,NA
"2026-09-30T05:01:42Z","Sleeper","Bucky Irving","TB","RB",11.323,12.778,14.233,14.303,NA,NA,NA,NA,NA,NA
"2026-09-30T05:01:42Z","Sleeper","Kyren Williams","LA","RB",11.598,12.578,13.558,13.628,NA,NA,NA,NA,NA,NA
"2026-09-30T05:01:42Z","Sleeper","Braelon Allen","NYJ","RB",11.51,12.39,13.27,13.33,NA,NA,NA,NA,NA,NA
"2026-09-30T05:01:42Z","Sleeper","Bhayshul Tuten","JAX","RB",11.042,11.912,12.782,12.832,NA,NA,NA,NA,NA,NA
"2026-09-30T05:01:42Z","Sleeper","Jacory Croskey-Merritt","WAS","RB",10.949,11.509,12.069,12.119,NA,NA,NA,NA,NA,NA
"2026-09-30T05:01:42Z","Sleeper","Rhamondre Stevenson","NE","RB",10.089,11.324,12.559,12.609,NA,NA,NA,NA,NA,NA
"2026-09-30T05:01:42Z","Sleeper","RJ Harvey","DEN","RB",8.199,9.674,11.149,11.189,NA,NA,NA,NA,NA,NA
"2026-09-30T05:01:42Z","Sleeper","TreVeyon Henderson","NE","RB",8.193,8.853,9.513,9.553,NA,NA,NA,NA,NA,NA
"2026-09-30T05:01:42Z","Sleeper","Alvin Kamara","NO","RB",7.514,8.749,9.984,10.034,NA,NA,NA,NA,NA,NA
"2026-09-30T05:01:42Z","Sleeper","Tony Pollard","TEN","RB",7.857,8.722,9.587,9.637,NA,NA,NA,NA,NA,NA
"2026-09-30T05:01:42Z","Sleeper","Omarion Hampton","LAC","RB",7.802,8.622,9.442,9.492,NA,NA,NA,NA,NA,NA
"2026-09-30T05:01:42Z","Sleeper","Kyle Monangai","CHI","RB",8.021,8.566,9.111,9.161,NA,NA,NA,NA,NA,NA
"2026-09-30T05:01:42Z","Sleeper","Woody Marks","HOU","RB",7.042,7.842,8.642,8.692,NA,NA,NA,NA,NA,NA
"2026-09-30T05:01:42Z","Sleeper","Jadarian Price","SEA","RB",7.078,7.593,8.108,8.158,NA,NA,NA,NA,NA,NA
"2026-09-30T05:01:42Z","Sleeper","Quinshon Judkins","CLE","RB",6.504,7.559,8.614,8.684,NA,NA,NA,NA,NA,NA
"2026-09-30T05:01:42Z","Sleeper","Rachaad White","WAS","RB",6.312,7.442,8.572,8.602,NA,NA,NA,NA,NA,NA
"2026-09-30T05:01:42Z","Sleeper","Ollie Gordon","MIA","RB",6.695,7.36,8.025,8.065,NA,NA,NA,NA,NA,NA
"2026-09-30T05:01:42Z","Sleeper","J.K. Dobbins","DEN","RB",6.693,7.268,7.843,7.893,NA,NA,NA,NA,NA,NA
"2026-09-30T05:01:42Z","Sleeper","MarShawn Lloyd","GB","RB",6.432,7.202,7.972,8.012,NA,NA,NA,NA,NA,NA
"2026-09-30T05:01:42Z","Sleeper","Tyjae Spears","TEN","RB",5.742,6.942,8.142,8.172,NA,NA,NA,NA,NA,NA
"2026-09-30T05:01:42Z","Sleeper","Blake Corum","LA","RB",6.35,6.68,7.01,7.06,NA,NA,NA,NA,NA,NA
"2026-09-30T05:01:42Z","Sleeper","Kenny Gainwell","TB","RB",5.77,6.64,7.51,7.54,NA,NA,NA,NA,NA,NA
"2026-09-30T05:01:42Z","Sleeper","Kendre Miller","NO","RB",6.042,6.617,7.192,7.232,NA,NA,NA,NA,NA,NA
"2026-09-30T05:01:42Z","Sleeper","Tyler Allgeier","ARI","RB",5.387,6.572,7.757,7.797,NA,NA,NA,NA,NA,NA
"2026-09-30T05:01:42Z","Sleeper","Isaiah Davis","NYJ","RB",5.406,6.136,6.866,6.886,NA,NA,NA,NA,NA,NA
"2026-09-30T05:01:42Z","Sleeper","Emanuel Wilson","SEA","RB",5.302,5.697,6.092,6.132,NA,NA,NA,NA,NA,NA
"2026-09-30T05:01:42Z","Sleeper","Samaje Perine","CIN","RB",4.588,5.433,6.278,6.308,NA,NA,NA,NA,NA,NA
"2026-09-30T05:01:42Z","Sleeper","Justice Hill","BAL","RB",4.442,5.317,6.192,6.212,NA,NA,NA,NA,NA,NA
"2026-09-30T05:01:42Z","Sleeper","Chris Rodriguez","JAX","RB",4.993,5.238,5.483,5.503,NA,NA,NA,NA,NA,NA
"2026-09-30T05:01:42Z","Sleeper","Kaleb Johnson","GB","RB",4.564,5.139,5.714,5.744,NA,NA,NA,NA,NA,NA
"2026-09-30T05:01:42Z","Sleeper","Chris Brooks","GB","RB",4.394,5.119,5.844,5.874,NA,NA,NA,NA,NA,NA
"2026-09-30T05:01:42Z","Sleeper","Kaelon Black","SF","RB",4.581,4.961,5.341,5.371,NA,NA,NA,NA,NA,NA
"2026-09-30T05:01:42Z","Sleeper","Najee Harris","NYG","RB",4.325,4.67,5.015,5.045,NA,NA,NA,NA,NA,NA
"2026-09-30T05:01:42Z","Sleeper","Raheim Sanders","CLE","RB",3.583,4.443,5.303,5.323,NA,NA,NA,NA,NA,NA
"2026-09-30T05:01:42Z","Sleeper","George Holani","SEA","RB",3.641,4.411,5.181,5.201,NA,NA,NA,NA,NA,NA
"2026-09-30T05:01:42Z","Sleeper","Ty Johnson","BUF","RB",3.578,4.298,5.018,5.038,NA,NA,NA,NA,NA,NA
"2026-09-30T05:01:42Z","Sleeper","Mike Washington","LV","RB",3.887,4.157,4.427,4.447,NA,NA,NA,NA,NA,NA
"2026-09-30T05:01:42Z","Sleeper","Keaton Mitchell","LAC","RB",3.468,4.053,4.638,4.658,NA,NA,NA,NA,NA,NA
"2026-09-30T05:01:42Z","Sleeper","Emmett Johnson","KC","RB",3.38,3.97,4.56,4.58,NA,NA,NA,NA,NA,NA
"2026-09-30T05:01:42Z","Sleeper","Sione Vaki","DET","RB",3.487,3.912,4.337,4.357,NA,NA,NA,NA,NA,NA
"2026-09-30T05:01:42Z","Sleeper","AJ Dillon","CAR","RB",3.442,3.902,4.362,4.362,NA,NA,NA,NA,NA,NA
"2026-09-30T05:01:42Z","Sleeper","Brian Robinson","ATL","RB",3.547,3.882,4.217,4.237,NA,NA,NA,NA,NA,NA
"2026-09-30T05:01:42Z","Sleeper","CJ Donaldson","NO","RB",3.183,3.653,4.123,4.123,NA,NA,NA,NA,NA,NA
"2026-09-30T05:01:42Z","Sleeper","Jaylen Wright","MIA","RB",3.015,3.48,3.945,3.965,NA,NA,NA,NA,NA,NA
"2026-09-30T05:01:42Z","Sleeper","Tank Bigsby","PHI","RB",3.026,3.201,3.376,3.386,NA,NA,NA,NA,NA,NA
"2026-09-30T05:01:42Z","Sleeper","DeeJay Dallas","MIN","RB",2.413,2.948,3.483,3.493,NA,NA,NA,NA,NA,NA
"2026-09-30T05:01:42Z","Sleeper","Tyler Goodson","DAL","RB",2.434,2.944,3.454,3.474,NA,NA,NA,NA,NA,NA
"2026-09-30T05:01:42Z","Sleeper","Travis Homer","PIT","RB",2.293,2.733,3.173,3.173,NA,NA,NA,NA,NA,NA
"2026-09-30T05:01:42Z","Sleeper","Lew Nichols","PIT","RB",2.558,2.673,2.788,2.788,NA,NA,NA,NA,NA,NA
"2026-09-30T05:01:42Z","Sleeper","Tyler Badie","DEN","RB",1.998,2.583,3.168,3.178,NA,NA,NA,NA,NA,NA
"2026-09-30T05:01:42Z","Sleeper","Ameer Abdullah","JAX","RB",2.139,2.519,2.899,2.909,NA,NA,NA,NA,NA,NA
"2026-09-30T05:01:42Z","Sleeper","Seth McGowan","IND","RB",2.295,2.485,2.675,2.685,NA,NA,NA,NA,NA,NA
"2026-09-30T05:01:42Z","Sleeper","Demond Claiborne","MIN","RB",2.192,2.367,2.542,2.552,NA,NA,NA,NA,NA,NA
"2026-09-30T05:01:42Z","Sleeper","Will Shipley","PHI","RB",1.291,1.666,2.041,2.051,NA,NA,NA,NA,NA,NA
"2026-09-30T05:01:42Z","Sleeper","LeQuint Allen","JAX","RB",1.174,1.534,1.894,1.904,NA,NA,NA,NA,NA,NA
"2026-09-30T05:01:42Z","Sleeper","Austin Ekeler","WAS","RB",1.08,1.415,1.75,1.76,NA,NA,NA,NA,NA,NA
"2026-09-30T05:01:42Z","Sleeper","Kimani Vidal","LAC","RB",1.07,1.38,1.69,1.7,NA,NA,NA,NA,NA,NA
"2026-09-30T05:01:42Z","Sleeper","Kyle Juszczyk","SF","RB",1.033,1.358,1.683,1.683,NA,NA,NA,NA,NA,NA
"2026-09-30T05:01:42Z","Sleeper","Devin Singletary","NYG","RB",0.919,1.039,1.159,1.159,NA,NA,NA,NA,NA,NA
"2026-09-30T05:01:42Z","Sleeper","Ray Davis","BUF","RB",0.96,1.015,1.07,1.08,NA,NA,NA,NA,NA,NA
"2026-09-30T05:01:42Z","Sleeper","Kaytron Allen","WAS","RB",0.929,1.014,1.099,1.109,NA,NA,NA,NA,NA,NA
"2026-09-30T05:01:42Z","Sleeper","Alec Ingold","LAC","RB",0.738,1.013,1.288,1.288,NA,NA,NA,NA,NA,NA
"2026-09-30T05:01:42Z","Sleeper","Trey McBride","ARI","TE",10.166,13.801,17.436,21.101,NA,NA,NA,NA,NA,NA
"2026-09-30T05:01:42Z","Sleeper","Brock Bowers","LV","TE",9.143,12.288,15.433,18.598,NA,NA,NA,NA,NA,NA
"2026-09-30T05:01:42Z","Sleeper","Harold Fannin","CLE","TE",7.726,9.936,12.146,14.376,NA,NA,NA,NA,NA,NA
"2026-09-30T05:01:42Z","Sleeper","Dalton Kincaid","BUF","TE",7.425,9.77,12.115,14.48,NA,NA,NA,NA,NA,NA
"2026-09-30T05:01:42Z","Sleeper","Juwan Johnson","NO","TE",7.592,9.757,11.922,14.107,NA,NA,NA,NA,NA,NA
"2026-09-30T05:01:42Z","Sleeper","George Kittle","SF","TE",7.512,9.657,11.802,13.967,NA,NA,NA,NA,NA,NA
"2026-09-30T05:01:42Z","Sleeper","Tyler Warren","IND","TE",7.221,9.581,11.941,14.321,NA,NA,NA,NA,NA,NA
"2026-09-30T05:01:42Z","Sleeper","Travis Kelce","KC","TE",7.257,9.522,11.787,14.072,NA,NA,NA,NA,NA,NA
"2026-09-30T05:01:42Z","Sleeper","Isaiah Likely","NYG","TE",7.272,9.317,11.362,13.427,NA,NA,NA,NA,NA,NA
"2026-09-30T05:01:42Z","Sleeper","Tucker Kraft","GB","TE",6.672,8.637,10.602,12.577,NA,NA,NA,NA,NA,NA
"2026-09-30T05:01:42Z","Sleeper","Colston Loveland","CHI","TE",6.77,8.525,10.28,12.045,NA,NA,NA,NA,NA,NA
"2026-09-30T05:01:42Z","Sleeper","Sam LaPorta","DET","TE",6.231,8.441,10.651,12.881,NA,NA,NA,NA,NA,NA
"2026-09-30T05:01:42Z","Sleeper","Dalton Schultz","HOU","TE",6.127,8.317,10.507,12.717,NA,NA,NA,NA,NA,NA
"2026-09-30T05:01:42Z","Sleeper","Brenton Strange","JAX","TE",6.049,7.854,9.659,11.474,NA,NA,NA,NA,NA,NA
"2026-09-30T05:01:42Z","Sleeper","Kenyon Sadiq","NYJ","TE",5.834,7.684,9.534,11.394,NA,NA,NA,NA,NA,NA
"2026-09-30T05:01:42Z","Sleeper","AJ Barner","SEA","TE",5.988,7.608,9.228,10.868,NA,NA,NA,NA,NA,NA
"2026-09-30T05:01:42Z","Sleeper","Darren Waller","CAR","TE",5.908,7.603,9.298,11.003,NA,NA,NA,NA,NA,NA
"2026-09-30T05:01:42Z","Sleeper","Hunter Henry","NE","TE",5.578,7.553,9.528,11.523,NA,NA,NA,NA,NA,NA
"2026-09-30T05:01:42Z","Sleeper","Jake Ferguson","DAL","TE",5.393,7.188,8.983,10.788,NA,NA,NA,NA,NA,NA
"2026-09-30T05:01:42Z","Sleeper","Kyle Pitts","ATL","TE",5.751,7.181,8.611,10.051,NA,NA,NA,NA,NA,NA
"2026-09-30T05:01:42Z","Sleeper","Mark Andrews","BAL","TE",4.985,6.78,8.575,10.39,NA,NA,NA,NA,NA,NA
"2026-09-30T05:01:42Z","Sleeper","T.J. Hockenson","MIN","TE",4.981,6.696,8.411,10.136,NA,NA,NA,NA,NA,NA
"2026-09-30T05:01:42Z","Sleeper","Mike Gesicki","CIN","TE",4.903,6.373,7.843,9.323,NA,NA,NA,NA,NA,NA
"2026-09-30T05:01:42Z","Sleeper","Chig Okonkwo","WAS","TE",4.743,6.353,7.963,9.583,NA,NA,NA,NA,NA,NA
"2026-09-30T05:01:42Z","Sleeper","Pat Freiermuth","PIT","TE",4.696,6.316,7.936,9.566,NA,NA,NA,NA,NA,NA
"2026-09-30T05:01:42Z","Sleeper","Cade Otton","TB","TE",4.154,5.699,7.244,8.799,NA,NA,NA,NA,NA,NA
"2026-09-30T05:01:42Z","Sleeper","Gunnar Helm","TEN","TE",3.725,5.495,7.265,9.045,NA,NA,NA,NA,NA,NA
"2026-09-30T05:01:42Z","Sleeper","Oronde Gadsden","LAC","TE",4.182,5.417,6.652,7.897,NA,NA,NA,NA,NA,NA
"2026-09-30T05:01:42Z","Sleeper","Tyler Higbee","LA","TE",4.043,5.333,6.623,7.923,NA,NA,NA,NA,NA,NA
"2026-09-30T05:01:42Z","Sleeper","Greg Dulcich","MIA","TE",3.749,5.209,6.669,8.139,NA,NA,NA,NA,NA,NA
"2026-09-30T05:01:42Z","Sleeper","Noah Fant","NO","TE",3.966,5.051,6.136,7.231,NA,NA,NA,NA,NA,NA
"2026-09-30T05:01:42Z","Sleeper","Colby Parkinson","LA","TE",3.863,4.923,5.983,7.053,NA,NA,NA,NA,NA,NA
"2026-09-30T05:01:42Z","Sleeper","Evan Engram","DEN","TE",3.323,4.448,5.573,6.708,NA,NA,NA,NA,NA,NA
"2026-09-30T05:01:42Z","Sleeper","Michael Mayer","LV","TE",2.942,4.272,5.602,6.942,NA,NA,NA,NA,NA,NA
"2026-09-30T05:01:42Z","Sleeper","Eli Raridon","NE","TE",2.568,3.383,4.198,5.023,NA,NA,NA,NA,NA,NA
"2026-09-30T05:01:42Z","Sleeper","Elijah Arroyo","SEA","TE",2.411,3.226,4.041,4.866,NA,NA,NA,NA,NA,NA
"2026-09-30T05:01:42Z","Sleeper","Cole Kmet","CHI","TE",2.353,3.083,3.813,4.553,NA,NA,NA,NA,NA,NA
"2026-09-30T05:01:42Z","Sleeper","Zach Ertz","PHI","TE",2.021,2.821,3.621,4.431,NA,NA,NA,NA,NA,NA
"2026-09-30T05:01:42Z","Sleeper","Foster Moreau","HOU","TE",2.153,2.808,3.463,4.118,NA,NA,NA,NA,NA,NA
"2026-09-30T05:01:42Z","Sleeper","Noah Gray","KC","TE",1.978,2.678,3.378,4.088,NA,NA,NA,NA,NA,NA
"2026-09-30T05:01:42Z","Sleeper","Jonnu Smith","GB","TE",1.853,2.593,3.333,4.083,NA,NA,NA,NA,NA,NA
"2026-09-30T05:01:42Z","Sleeper","Theo Johnson","NYG","TE",2.055,2.585,3.115,3.645,NA,NA,NA,NA,NA,NA
"2026-09-30T05:01:42Z","Sleeper","Darnell Washington","PIT","TE",1.84,2.575,3.31,4.055,NA,NA,NA,NA,NA,NA
"2026-09-30T05:01:42Z","Sleeper","Dawson Knox","BUF","TE",1.891,2.476,3.061,3.646,NA,NA,NA,NA,NA,NA
"2026-09-30T05:01:42Z","Sleeper","Tommy Tremble","CAR","TE",1.772,2.447,3.122,3.807,NA,NA,NA,NA,NA,NA
"2026-09-30T05:01:42Z","Sleeper","Johnny Mundt","PHI","TE",1.695,2.375,3.055,3.735,NA,NA,NA,NA,NA,NA
"2026-09-30T05:01:42Z","Sleeper","Erick All","CIN","TE",1.586,2.201,2.816,3.441,NA,NA,NA,NA,NA,NA
"2026-09-30T05:01:42Z","Sleeper","Austin Hooper","ATL","TE",1.737,2.192,2.647,3.102,NA,NA,NA,NA,NA,NA
"2026-09-30T05:01:42Z","Sleeper","Blake Whiteheart","CLE","TE",1.597,2.032,2.467,2.902,NA,NA,NA,NA,NA,NA
"2026-09-30T05:01:42Z","Sleeper","Mason Taylor","NYJ","TE",1.416,2.026,2.636,3.246,NA,NA,NA,NA,NA,NA
"2026-09-30T05:01:42Z","Sleeper","Jaxon Smith-Njigba","SEA","WR",15.68,18.93,22.18,22.21,NA,NA,NA,NA,NA,NA
"2026-09-30T05:01:42Z","Sleeper","Chris Olave","NO","WR",13.33,16.285,19.24,19.27,NA,NA,NA,NA,NA,NA
"2026-09-30T05:01:42Z","Sleeper","Nico Collins","HOU","WR",12.993,15.763,18.533,18.553,NA,NA,NA,NA,NA,NA
"2026-09-30T05:01:42Z","Sleeper","Zay Flowers","BAL","WR",12.89,15.39,17.89,17.91,NA,NA,NA,NA,NA,NA
"2026-09-30T05:01:42Z","Sleeper","Ja'Marr Chase","CIN","WR",12.01,15.09,18.17,18.2,NA,NA,NA,NA,NA,NA
"2026-09-30T05:01:42Z","Sleeper","Amon-Ra St. Brown","DET","WR",11.835,14.99,18.145,18.175,NA,NA,NA,NA,NA,NA
"2026-09-30T05:01:42Z","Sleeper","Puka Nacua","LA","WR",11.63,14.435,17.24,17.27,NA,NA,NA,NA,NA,NA
"2026-09-30T05:01:42Z","Sleeper","CeeDee Lamb","DAL","WR",11.405,14.4,17.395,17.425,NA,NA,NA,NA,NA,NA
"2026-09-30T05:01:42Z","Sleeper","Parker Washington","JAX","WR",11.804,14.294,16.784,16.804,NA,NA,NA,NA,NA,NA
"2026-09-30T05:01:42Z","Sleeper","Garrett Wilson","NYJ","WR",10.964,13.889,16.814,16.834,NA,NA,NA,NA,NA,NA
"2026-09-30T05:01:42Z","Sleeper","Justin Jefferson","MIN","WR",10.756,13.601,16.446,16.466,NA,NA,NA,NA,NA,NA
"2026-09-30T05:01:42Z","Sleeper","Drake London","ATL","WR",10.97,13.595,16.22,16.24,NA,NA,NA,NA,NA,NA
"2026-09-30T05:01:42Z","Sleeper","Tee Higgins","CIN","WR",11.157,13.572,15.987,16.007,NA,NA,NA,NA,NA,NA
"2026-09-30T05:01:42Z","Sleeper","Davante Adams","LA","WR",11.157,13.507,15.857,15.877,NA,NA,NA,NA,NA,NA
"2026-09-30T05:01:42Z","Sleeper","Christian Watson","GB","WR",11.098,13.198,15.298,15.318,NA,NA,NA,NA,NA,NA
"2026-09-30T05:01:42Z","Sleeper","Jalen Coker","CAR","WR",9.668,12.193,14.718,14.738,NA,NA,NA,NA,NA,NA
"2026-09-30T05:01:42Z","Sleeper","Michael Wilson","ARI","WR",9.85,12.15,14.45,14.47,NA,NA,NA,NA,NA,NA
"2026-09-30T05:01:42Z","Sleeper","George Pickens","DAL","WR",9.567,12.112,14.657,14.677,NA,NA,NA,NA,NA,NA
"2026-09-30T05:01:42Z","Sleeper","Mike Evans","SF","WR",9.679,11.754,13.829,13.849,NA,NA,NA,NA,NA,NA
"2026-09-30T05:01:42Z","Sleeper","Rashee Rice","KC","WR",9.25,11.685,14.12,14.14,NA,NA,NA,NA,NA,NA
"2026-09-30T05:01:42Z","Sleeper","DJ Moore","BUF","WR",9.552,11.667,13.782,13.802,NA,NA,NA,NA,NA,NA
"2026-09-30T05:01:42Z","Sleeper","Tetairoa McMillan","CAR","WR",9.273,11.548,13.823,13.843,NA,NA,NA,NA,NA,NA
"2026-09-30T05:01:42Z","Sleeper","Malik Nabers","NYG","WR",8.859,11.414,13.969,13.989,NA,NA,NA,NA,NA,NA
"2026-09-30T05:01:42Z","Sleeper","DeVonta Smith","PHI","WR",8.498,10.863,13.228,13.248,NA,NA,NA,NA,NA,NA
"2026-09-30T05:01:42Z","Sleeper","Josh Downs","IND","WR",8.368,10.458,12.548,12.568,NA,NA,NA,NA,NA,NA
"2026-09-30T05:01:42Z","Sleeper","Luther Burden","CHI","WR",8.232,10.407,12.582,12.602,NA,NA,NA,NA,NA,NA
"2026-09-30T05:01:42Z","Sleeper","Jaylen Waddle","DEN","WR",7.888,10.188,12.488,12.508,NA,NA,NA,NA,NA,NA
"2026-09-30T05:01:42Z","Sleeper","Matthew Golden","GB","WR",8.055,10.13,12.205,12.225,NA,NA,NA,NA,NA,NA
"2026-09-30T05:01:42Z","Sleeper","Ladd McConkey","LAC","WR",7.895,10.015,12.135,12.155,NA,NA,NA,NA,NA,NA
"2026-09-30T05:01:42Z","Sleeper","Terry McLaurin","WAS","WR",7.799,9.709,11.619,11.639,NA,NA,NA,NA,NA,NA
"2026-09-30T05:01:42Z","Sleeper","Denzel Boston","CLE","WR",7.808,9.378,10.948,10.958,NA,NA,NA,NA,NA,NA
"2026-09-30T05:01:42Z","Sleeper","Jameson Williams","DET","WR",7.429,9.224,11.019,11.039,NA,NA,NA,NA,NA,NA
"2026-09-30T05:01:42Z","Sleeper","Jordan Addison","MIN","WR",7.47,9.15,10.83,10.84,NA,NA,NA,NA,NA,NA
"2026-09-30T05:01:42Z","Sleeper","Stefon Diggs","WAS","WR",7.102,9.052,11.002,11.022,NA,NA,NA,NA,NA,NA
"2026-09-30T05:01:42Z","Sleeper","Emeka Egbuka","TB","WR",6.84,8.61,10.38,10.39,NA,NA,NA,NA,NA,NA
"2026-09-30T05:01:42Z","Sleeper","Devaughn Vele","NO","WR",6.522,8.472,10.422,10.442,NA,NA,NA,NA,NA,NA
"2026-09-30T05:01:42Z","Sleeper","Courtland Sutton","DEN","WR",6.685,8.3,9.915,9.925,NA,NA,NA,NA,NA,NA
"2026-09-30T05:01:42Z","Sleeper","Kalif Raymond","CHI","WR",6.339,8.189,10.039,10.059,NA,NA,NA,NA,NA,NA
"2026-09-30T05:01:42Z","Sleeper","DK Metcalf","PIT","WR",6.542,8.132,9.722,9.732,NA,NA,NA,NA,NA,NA
"2026-09-30T05:01:42Z","Sleeper","Xavier Worthy","KC","WR",6.537,8.132,9.727,9.747,NA,NA,NA,NA,NA,NA
"2026-09-30T05:01:42Z","Sleeper","Carnell Tate","TEN","WR",5.753,7.933,10.113,10.133,NA,NA,NA,NA,NA,NA
"2026-09-30T05:01:42Z","Sleeper","Jakobi Meyers","JAX","WR",6.137,7.932,9.727,9.747,NA,NA,NA,NA,NA,NA
"2026-09-30T05:01:42Z","Sleeper","Wan'Dale Robinson","TEN","WR",5.729,7.899,10.069,10.089,NA,NA,NA,NA,NA,NA
"2026-09-30T05:01:42Z","Sleeper","Jauan Jennings","MIN","WR",6.223,7.643,9.063,9.073,NA,NA,NA,NA,NA,NA
"2026-09-30T05:01:42Z","Sleeper","KC Concepcion","CLE","WR",5.733,7.573,9.413,9.433,NA,NA,NA,NA,NA,NA
"2026-09-30T05:01:42Z","Sleeper","Deebo Samuel","SF","WR",5.91,7.55,9.19,9.21,NA,NA,NA,NA,NA,NA
"2026-09-30T05:01:42Z","Sleeper","Romeo Doubs","NE","WR",5.906,7.421,8.936,8.946,NA,NA,NA,NA,NA,NA
"2026-09-30T05:01:42Z","Sleeper","Michael Pittman","PIT","WR",5.412,7.387,9.362,9.382,NA,NA,NA,NA,NA,NA
"2026-09-30T05:01:42Z","Sleeper","Chris Godwin","TB","WR",5.435,7.185,8.935,8.945,NA,NA,NA,NA,NA,NA
"2026-09-30T05:01:42Z","Sleeper","Rome Odunze","CHI","WR",5.813,7.163,8.513,8.523,NA,NA,NA,NA,NA,NA
"2026-09-30T05:01:42Z","Sleeper","Quentin Johnston","LAC","WR",5.78,7.16,8.54,8.55,NA,NA,NA,NA,NA,NA
"2026-09-30T05:01:42Z","Sleeper","Dontayvion Wicks","PHI","WR",5.59,7.15,8.71,8.72,NA,NA,NA,NA,NA,NA
"2026-09-30T05:01:42Z","Sleeper","Malik Washington","MIA","WR",5.364,7.119,8.874,8.894,NA,NA,NA,NA,NA,NA
"2026-09-30T05:01:42Z","Sleeper","Tre Tucker","LV","WR",5.591,7.081,8.571,8.581,NA,NA,NA,NA,NA,NA
"2026-09-30T05:01:42Z","Sleeper","Mack Hollins","NE","WR",5.253,6.978,8.703,8.723,NA,NA,NA,NA,NA,NA
"2026-09-30T05:01:42Z","Sleeper","Adonai Mitchell","NYJ","WR",5.46,6.94,8.42,8.43,NA,NA,NA,NA,NA,NA
"2026-09-30T05:01:42Z","Sleeper","Keenan Allen","IND","WR",5.296,6.931,8.566,8.576,NA,NA,NA,NA,NA,NA
"2026-09-30T05:01:42Z","Sleeper","Ryan Flournoy","DAL","WR",4.946,6.556,8.166,8.176,NA,NA,NA,NA,NA,NA
"2026-09-30T05:01:42Z","Sleeper","Rashod Bateman","BAL","WR",5.14,6.48,7.82,7.83,NA,NA,NA,NA,NA,NA
"2026-09-30T05:01:42Z","Sleeper","Khalil Shakir","BUF","WR",4.505,6.33,8.155,8.175,NA,NA,NA,NA,NA,NA
"2026-09-30T05:01:42Z","Sleeper","Brian Thomas","JAX","WR",5.066,6.306,7.546,7.556,NA,NA,NA,NA,NA,NA
"2026-09-30T05:01:42Z","Sleeper","Pat Bryant","DEN","WR",4.718,6.113,7.508,7.518,NA,NA,NA,NA,NA,NA
"2026-09-30T05:01:42Z","Sleeper","Rashid Shaheed","SEA","WR",4.572,5.697,6.822,6.832,NA,NA,NA,NA,NA,NA
"2026-09-30T05:01:42Z","Sleeper","Tre' Harris","LAC","WR",4.194,5.579,6.964,6.974,NA,NA,NA,NA,NA,NA
"2026-09-30T05:01:42Z","Sleeper","Kayshon Boutte","HOU","WR",4.332,5.452,6.572,6.582,NA,NA,NA,NA,NA,NA
"2026-09-30T05:01:42Z","Sleeper","Cooper Kupp","SEA","WR",4.071,5.161,6.251,6.261,NA,NA,NA,NA,NA,NA
"2026-09-30T05:01:42Z","Sleeper","Jalen Nailor","LV","WR",4.163,5.153,6.143,6.153,NA,NA,NA,NA,NA,NA
"2026-09-30T05:01:42Z","Sleeper","Elic Ayomanor","TEN","WR",4.141,5.081,6.021,6.031,NA,NA,NA,NA,NA,NA
"2026-09-30T05:01:42Z","Sleeper","Ted Hurst","TB","WR",4.059,5.059,6.059,6.069,NA,NA,NA,NA,NA,NA
"2026-09-30T05:01:42Z","Sleeper","Caleb Douglas","MIA","WR",3.715,4.96,6.205,6.215,NA,NA,NA,NA,NA,NA
"2026-09-30T05:01:42Z","Sleeper","Makai Lemon","PHI","WR",3.403,4.948,6.493,6.503,NA,NA,NA,NA,NA,NA
"2026-09-30T05:01:42Z","Sleeper","DeMario Douglas","NE","WR",3.66,4.855,6.05,6.06,NA,NA,NA,NA,NA,NA
"2026-09-30T05:01:42Z","Sleeper","Kendrick Bourne","ARI","WR",3.446,4.701,5.956,5.966,NA,NA,NA,NA,NA,NA
"2026-09-30T05:01:42Z","Sleeper","Xavier Hutchinson","HOU","WR",3.656,4.651,5.646,5.656,NA,NA,NA,NA,NA,NA
"2026-09-30T05:01:42Z","Sleeper","Tyquan Thornton","KC","WR",3.576,4.511,5.446,5.456,NA,NA,NA,NA,NA,NA
"2026-09-30T05:01:42Z","Sleeper","Marvin Harrison","ARI","WR",3.559,4.489,5.419,5.429,NA,NA,NA,NA,NA,NA
"2026-09-30T05:01:42Z","Sleeper","Malachi Fields","NYG","WR",3.589,4.454,5.319,5.329,NA,NA,NA,NA,NA,NA
"2026-09-30T05:01:42Z","Sleeper","Chris Bell","MIA","WR",3.318,4.243,5.168,5.178,NA,NA,NA,NA,NA,NA
"2026-09-30T05:01:42Z","Sleeper","Roman Wilson","PIT","WR",3.192,4.177,5.162,5.172,NA,NA,NA,NA,NA,NA
"2026-09-30T05:01:42Z","Sleeper","Laquon Treadwell","IND","WR",3.425,4.175,4.925,4.925,NA,NA,NA,NA,NA,NA
"2026-09-30T05:01:42Z","Sleeper","Isaiah Williams","NYJ","WR",2.849,4.054,5.259,5.269,NA,NA,NA,NA,NA,NA
"2026-09-30T05:01:42Z","Sleeper","Skyy Moore","GB","WR",3.115,4.05,4.985,5.005,NA,NA,NA,NA,NA,NA
"2026-09-30T05:01:42Z","Sleeper","Darnell Mooney","NYG","WR",3.219,3.994,4.769,4.779,NA,NA,NA,NA,NA,NA
"2026-09-30T05:01:42Z","Sleeper","Keon Coleman","BUF","WR",2.894,3.819,4.744,4.754,NA,NA,NA,NA,NA,NA
"2026-09-30T05:01:42Z","Sleeper","Antonio Williams","WAS","WR",2.957,3.807,4.657,4.667,NA,NA,NA,NA,NA,NA
"2026-09-30T05:01:42Z","Sleeper","Jahan Dotson","ATL","WR",2.888,3.688,4.488,4.498,NA,NA,NA,NA,NA,NA
"2026-09-30T05:01:42Z","Sleeper","Isaac TeSlaa","DET","WR",2.788,3.478,4.168,4.178,NA,NA,NA,NA,NA,NA
"2026-09-30T05:01:42Z","Sleeper","Josh Cameron","JAX","WR",2.491,3.056,3.621,3.631,NA,NA,NA,NA,NA,NA
"2026-09-30T05:01:42Z","Sleeper","Jerry Jeudy","CLE","WR",2.282,2.997,3.712,3.722,NA,NA,NA,NA,NA,NA
"2026-09-30T05:01:42Z","Sleeper","Dohnte Meyers","CIN","WR",2.257,2.952,3.647,3.647,NA,NA,NA,NA,NA,NA
"2026-09-30T05:01:42Z","Sleeper","Devontez Walker","BAL","WR",2.489,2.934,3.379,3.379,NA,NA,NA,NA,NA,NA
"2026-09-30T05:01:42Z","Sleeper","Tory Horton","SEA","WR",2.321,2.891,3.461,3.471,NA,NA,NA,NA,NA,NA
"2026-09-30T05:01:42Z","Sleeper","Cody White","LV","WR",2.351,2.816,3.281,3.281,NA,NA,NA,NA,NA,NA
"2026-09-30T05:01:42Z","Sleeper","Kyle Williams","NE","WR",2.228,2.768,3.308,3.308,NA,NA,NA,NA,NA,NA
"2026-09-30T05:01:42Z","Sleeper","Xavier Legette","CAR","WR",1.966,2.531,3.096,3.096,NA,NA,NA,NA,NA,NA
"2026-09-30T05:01:42Z","Sleeper","Zachariah Branch","ATL","WR",1.937,2.522,3.107,3.107,NA,NA,NA,NA,NA,NA
"2026-09-30T05:01:42Z","Sleeper","Olamide Zaccheaus","ATL","WR",1.961,2.466,2.971,2.981,NA,NA,NA,NA,NA,NA
"2026-09-30T05:01:42Z","Sleeper","Calvin Ridley","TEN","WR",1.831,2.346,2.861,2.861,NA,NA,NA,NA,NA,NA
"2026-09-30T05:01:42Z","Sleeper","Kevin Coleman","MIA","WR",1.753,2.243,2.733,2.733,NA,NA,NA,NA,NA,NA
"2026-09-30T05:01:42Z","Sleeper","Tez Johnson","TB","WR",1.766,2.216,2.666,2.666,NA,NA,NA,NA,NA,NA
"2026-09-30T05:01:42Z","Sleeper","KaVontae Turpin","DAL","WR",1.714,2.049,2.384,2.394,NA,NA,NA,NA,NA,NA
"2026-09-30T05:01:42Z","Sleeper","Jacob Cowing","SF","WR",1.552,2.032,2.512,2.512,NA,NA,NA,NA,NA,NA
"2026-09-30T05:01:42Z","Sleeper","Troy Franklin","DEN","WR",1.551,2.001,2.451,2.451,NA,NA,NA,NA,NA,NA
"2026-09-30T05:01:42Z","Sleeper","Jared Wayne","HOU","WR",1.47,1.925,2.38,2.38,NA,NA,NA,NA,NA,NA
"2026-09-30T05:01:42Z","Sleeper","Joshua Palmer","BUF","WR",1.4,1.865,2.33,2.33,NA,NA,NA,NA,NA,NA
"2026-09-30T05:01:42Z","Sleeper","Darius Cooper","PHI","WR",1.361,1.861,2.361,2.361,NA,NA,NA,NA,NA,NA
"2026-09-30T05:01:42Z","Sleeper","Konata Mumpfield","LA","WR",1.463,1.838,2.213,2.213,NA,NA,NA,NA,NA,NA
"2026-09-30T05:01:42Z","Sleeper","Germie Bernard","PIT","WR",1.417,1.837,2.257,2.257,NA,NA,NA,NA,NA,NA
"2026-09-30T05:01:42Z","Sleeper","Jaylin Noel","HOU","WR",1.465,1.8,2.135,2.135,NA,NA,NA,NA,NA,NA
"2026-09-30T05:01:42Z","Sleeper","Brycen Tremayne","CAR","WR",1.308,1.783,2.258,2.258,NA,NA,NA,NA,NA,NA
