"pulled_at","source","gsis_id","name","team","pos","status","practice","injury"
"2026-10-06T18:11:29Z","sleeper",NA,"Adam Randall","BAL","RB","IR",NA,"Undisclosed"
"2026-10-06T18:11:29Z","sleeper",NA,"Behren Morton","NE","QB","Out",NA,"Coach's Decision"
"2026-10-06T18:11:29Z","sleeper",NA,"Jake Tonges","SF","TE","IR",NA,"Knee"
"2026-10-06T18:11:29Z","sleeper",NA,"Pierre Strong","GB","RB","Questionable",NA,"Hamstring"
"2026-10-06T18:11:29Z","sleeper",NA,"Trey Sermon","ATL","RB","IR",NA,"Undisclosed"
"2026-10-06T18:11:29Z","sleeper",NA,"Johnny Wilson","PHI","WR","IR",NA,"Knee"
"2026-10-06T18:11:29Z","sleeper",NA,"Corey Rucker","LV","WR","IR",NA,"Undisclosed"
"2026-10-06T18:11:29Z","sleeper",NA,"Rachaad White","WAS","RB","Out",NA,"Shoulder"
"2026-10-06T18:11:29Z","sleeper",NA,"Jayden Reed","GB","WR","IR",NA,"Neck"
"2026-10-06T18:11:29Z","sleeper",NA,"Chris Brooks","GB","RB","Questionable",NA,"Ankle"
"2026-10-06T18:11:29Z","sleeper","00-0032398","Chris Moore","BAL","WR","Out",NA,"Ankle"
"2026-10-06T18:11:29Z","sleeper",NA,"CJ Williams","JAX","WR","Out",NA,"Coach's Decision"
"2026-10-06T18:11:29Z","sleeper",NA,"CJ Daniels","LA","WR","Out",NA,"Coach's Decision"
"2026-10-06T18:11:29Z","sleeper",NA,"Ko Kieft","TB","TE","Out",NA,"Elbow"
"2026-10-06T18:11:29Z","sleeper",NA,"Brenen Thompson","LAC","WR","Out",NA,"Quadriceps"
"2026-10-06T18:11:29Z","sleeper",NA,"Justin Joly","MIA","TE","Out",NA,"Coach's Decision"
"2026-10-06T18:11:29Z","sleeper",NA,"Eli Raridon","NE","TE","Questionable",NA,"Ankle"
"2026-10-06T18:11:29Z","sleeper","00-0035250","Devin Singletary","NYG","RB","Out",NA,"Coach's Decision"
"2026-10-06T18:11:29Z","sleeper",NA,"Zach Wilson","NO","QB","Out",NA,"Coach's Decision"
"2026-10-06T18:11:29Z","sleeper",NA,"Ladd McConkey","LAC","WR","Out",NA,"Foot"
"2026-10-06T18:11:29Z","sleeper",NA,"Sam Ehlinger","DEN","QB","Out",NA,"Coach's Decision"
"2026-10-06T18:11:29Z","sleeper","00-0034419","Braxton Berrios","NYG","WR","Out",NA,"Foot"
"2026-10-06T18:11:29Z","sleeper",NA,"John Michael Gyllenborg","KC","TE","IR",NA,"Knee"
"2026-10-06T18:11:29Z","sleeper","00-0033662","Cooper Rush","ATL","QB","Out",NA,"Coach's Decision"
"2026-10-06T18:11:29Z","sleeper",NA,"Will Mallory","IND","TE","IR",NA,"Thumb"
"2026-10-06T18:11:29Z","sleeper",NA,"Isiah Pacheco","DET","RB","IR",NA,"Back"
"2026-10-06T18:11:29Z","sleeper",NA,"Trey Benson","ARI","RB","IR",NA,"Knee"
"2026-10-06T18:11:29Z","sleeper",NA,"Jimmy Holiday","KC","WR","IR",NA,"Undisclosed"
"2026-10-06T18:11:29Z","sleeper",NA,"Jake Bobo","SEA","WR","IR",NA,"Knee"
"2026-10-06T18:11:29Z","sleeper","00-0032775","Demarcus Robinson","SF","WR","IR",NA,"Ankle"
"2026-10-06T18:11:29Z","sleeper",NA,"Ja'Marr Chase","CIN","WR","Out",NA,"Concussion"
"2026-10-06T18:11:29Z","sleeper",NA,"Grant Calcaterra","PHI","TE","IR",NA,"Back"
"2026-10-06T18:11:29Z","sleeper",NA,"Calvin Austin","NYG","WR","IR",NA,"Knee"
"2026-10-06T18:11:29Z","sleeper",NA,"Jaren Kanak","TEN","TE","IR",NA,"Pectoral"
"2026-10-06T18:11:29Z","sleeper",NA,"Tee Higgins","CIN","WR","Questionable",NA,"Groin"
"2026-10-06T18:11:29Z","sleeper",NA,"Myles Montgomery","NE","RB","IR",NA,"Undisclosed"
"2026-10-06T18:11:29Z","sleeper",NA,"Jalen Nailor","LV","WR","Questionable",NA,"Concussion"
"2026-10-06T18:11:29Z","sleeper",NA,"Montorie Foster","SEA","WR","Out",NA,"Coach's Decision"
"2026-10-06T18:11:29Z","sleeper","00-0034796","Lamar Jackson","BAL","QB","Questionable",NA,"Ankle"
"2026-10-06T18:11:29Z","sleeper",NA,"Eli Stowers","PHI","TE","IR",NA,"Hamstring"
"2026-10-06T18:11:29Z","sleeper",NA,"Jalen McMillan","TB","WR","IR",NA,"Knee - PCL"
"2026-10-06T18:11:29Z","sleeper","00-0033955","Jeremy McNichols","WAS","RB","IR",NA,"Quadriceps"
"2026-10-06T18:11:29Z","sleeper","00-0034855","Baker Mayfield","TB","QB","Out",NA,"Thumb"
"2026-10-06T18:11:29Z","sleeper","00-0033553","James Conner","ARI","RB","IR",NA,"Foot"
"2026-10-06T18:11:29Z","sleeper",NA,"Michael Carter","TEN","RB","Out",NA,"Coach's Decision"
"2026-10-06T18:11:29Z","sleeper",NA,"Isaac Guerendo","SF","RB","PUP",NA,"Pectoral"
"2026-10-06T18:11:29Z","sleeper",NA,"Carson Beck","ARI","QB","Out",NA,"Coach's Decision"
"2026-10-06T18:11:29Z","sleeper",NA,"Ricky Pearsall","SF","WR","IR",NA,"Knee - PCL"
"2026-10-06T18:11:29Z","sleeper",NA,"Terrance Ferguson","LA","TE","IR",NA,"Ankle"
"2026-10-06T18:11:29Z","sleeper","00-0035249","Josh Oliver","MIN","TE","IR",NA,"Biceps"
"2026-10-06T18:11:29Z","sleeper",NA,"Jordan Mason","MIN","RB","IR",NA,"Thumb"
"2026-10-06T18:11:29Z","sleeper",NA,"Luke McCaffrey","WAS","WR","Out",NA,"Coach's Decision"
"2026-10-06T18:11:29Z","sleeper",NA,"Caleb Douglas","MIA","WR","Out",NA,"Ankle"
"2026-10-06T18:11:29Z","sleeper",NA,"Rico Dowdle","PIT","RB","Out",NA,"Toe"
"2026-10-06T18:11:29Z","sleeper",NA,"Mason Tipton","NO","WR","PUP",NA,"Groin"
"2026-10-06T18:11:29Z","sleeper",NA,"Caleb Lohner","DEN","TE","IR",NA,"Lower Body"
"2026-10-06T18:11:29Z","sleeper",NA,"Skylar Thompson","BAL","QB","IR",NA,"Undisclosed"
"2026-10-06T18:11:29Z","sleeper",NA,"British Brooks","HOU","RB","IR",NA,"Hamstring"
"2026-10-06T18:11:29Z","sleeper",NA,"Haynes King","CAR","QB","Out",NA,"Coach's Decision"
"2026-10-06T18:11:29Z","sleeper","00-0034611","Donnie Ernsberger","TEN","TE","Questionable",NA,NA
"2026-10-06T18:11:29Z","sleeper",NA,"Nikola Kalinic","CHI","TE","IR",NA,"Knee"
"2026-10-06T18:11:29Z","sleeper",NA,"Hunter Long","ARI","TE","Questionable",NA,"Knee"
"2026-10-06T18:11:29Z","sleeper",NA,"Savion Williams","GB","WR","IR",NA,"Undisclosed"
"2026-10-06T18:11:29Z","sleeper",NA,"Eli Heidenreich","PIT","RB","Out",NA,"Coach's Decision"
"2026-10-06T18:11:29Z","sleeper",NA,"Irv Charles","SEA","WR","IR",NA,"Undisclosed"
"2026-10-06T18:11:29Z","sleeper","00-0033375","Tim Patrick","NYJ","WR","IR",NA,"Groin"
"2026-10-06T18:11:29Z","sleeper",NA,"Cole Payton","PHI","QB","Out",NA,"Coach's Decision"
"2026-10-06T18:11:29Z","sleeper",NA,"Robbie Ouzts","SEA","RB","IR",NA,"Undisclosed"
"2026-10-06T18:11:29Z","sleeper",NA,"Andrei Iosivas","CIN","WR","IR",NA,"Thumb"
"2026-10-06T18:11:29Z","sleeper",NA,"De'Zhaun Stribling","SF","WR","IR",NA,"Ankle"
"2026-10-06T18:11:29Z","sleeper",NA,"Marlin Klein","HOU","TE","Out",NA,"Coach's Decision"
"2026-10-06T18:11:29Z","sleeper","00-0035676","A.J. Brown","NE","WR","IR",NA,"Ankle"
"2026-10-06T18:11:29Z","sleeper","00-0035645","Gunner Olszewski","NYG","WR","IR",NA,"Achilles"
"2026-10-06T18:11:29Z","sleeper","00-0034844","Saquon Barkley","PHI","RB","Out",NA,"Hamstring"
"2026-10-06T18:11:29Z","sleeper",NA,"Chris Brazzell","CAR","WR","IR",NA,"Knee"
"2026-10-06T18:11:29Z","sleeper",NA,"Jaylin Lane","WAS","WR","Out",NA,"Ankle"
"2026-10-06T18:11:29Z","sleeper",NA,"Jadarian Price","SEA","RB","IR",NA,"Chest"
"2026-10-06T18:11:29Z","sleeper",NA,"Alec Pierce","IND","WR","IR",NA,"Heel"
"2026-10-06T18:11:29Z","sleeper",NA,"Jaxson Dart","NYG","QB","IR",NA,"Knee - Meniscus"
"2026-10-06T18:11:29Z","sleeper",NA,"Jeff Caldwell","KC","WR","IR",NA,"Knee"
"2026-10-06T18:11:29Z","sleeper",NA,"Riley Leonard","IND","QB","Out",NA,"Coach's Decision"
"2026-10-06T18:11:29Z","sleeper","00-0034827","DJ Moore","BUF","WR","Questionable",NA,"Undisclosed"
"2026-10-06T18:11:29Z","sleeper","00-0034351","Dallas Goedert","PHI","TE","Out",NA,"Knee - MCL"
"2026-10-06T18:11:29Z","sleeper","00-0034439","Tyler Conklin","DET","TE","Out",NA,"Coach's Decision"
"2026-10-06T18:11:29Z","sleeper",NA,"Max Brosmer","MIN","QB","Out",NA,"Coach's Decision"
"2026-10-06T18:11:29Z","sleeper",NA,"Rashee Rice","KC","WR","Questionable",NA,"Hamstring"
"2026-10-06T18:11:29Z","sleeper",NA,"De'Von Achane","MIA","RB","IR",NA,"Knee - ACL"
"2026-10-06T18:11:29Z","sleeper",NA,"Thomas Yassmin","GB","TE","IR",NA,"Undisclosed"
"2026-10-06T18:11:29Z","sleeper",NA,"Nick Kallerup","SEA","TE","Out",NA,"Coach's Decision"
"2026-10-06T18:11:29Z","sleeper",NA,"Jeremiyah Love","ARI","RB","Questionable",NA,"Ankle"
"2026-10-06T18:11:29Z","sleeper",NA,"DeVonta Smith","PHI","WR","Out",NA,"Hamstring"
"2026-10-06T18:11:29Z","sleeper",NA,"Will Howard","PIT","QB","Out",NA,"Coach's Decision"
"2026-10-06T18:11:29Z","sleeper",NA,"DJ Rogers","DAL","TE","IR",NA,"Knee"
"2026-10-06T18:11:29Z","sleeper","00-0033555","Mack Hollins","NE","WR","Questionable",NA,"Calf"
"2026-10-06T18:11:29Z","sleeper","00-0035662","Marquise Brown","PHI","WR","Out",NA,"Ankle"
"2026-10-06T18:11:29Z","sleeper",NA,"Julian Hill","NE","TE","IR",NA,"Knee"
"2026-10-06T18:11:29Z","sleeper",NA,"Thomas Fidone","NYG","TE","Out",NA,"Coach's Decision"
"2026-10-06T18:11:29Z","sleeper",NA,"Aidan O'Connell","LV","QB","Out",NA,"Coach's Decision"
"2026-10-06T18:11:29Z","sleeper",NA,"Jack Bech","LV","WR","IR",NA,"Forearm"
"2026-10-06T18:11:29Z","sleeper",NA,"Moliki Matavao","NO","TE","IR",NA,"Knee"
"2026-10-06T18:11:29Z","sleeper","00-0030279","Keenan Allen","IND","WR","Out",NA,"Groin"
"2026-10-06T18:11:29Z","sleeper",NA,"Kurtis Rourke","SF","QB","Out",NA,"Coach's Decision"
"2026-10-06T18:11:29Z","sleeper",NA,"Reggie Gilliam","NE","RB","Questionable",NA,"Knee"
"2026-10-06T18:11:29Z","sleeper",NA,"Jared Wiley","KC","TE","Out",NA,"Coach's Decision"
"2026-10-06T18:11:29Z","sleeper",NA,"Trevor Etienne","CAR","RB","IR",NA,"Ankle"
"2026-10-06T18:11:29Z","sleeper",NA,"Arian Smith","NYJ","WR","IR",NA,"Knee"
"2026-10-06T18:11:29Z","sleeper",NA,"Ty Simpson","LA","QB","Out",NA,"Coach's Decision"
"2026-10-06T18:11:29Z","sleeper",NA,"Brittain Brown","CHI","RB","IR",NA,"Undisclosed"
"2026-10-06T18:11:29Z","sleeper",NA,"Dont'e Thornton","LV","WR","IR",NA,"Undisclosed"
"2026-10-06T18:11:29Z","sleeper",NA,"Jeremiah Webb","NE","WR","IR",NA,"Arm"
"2026-10-06T18:11:29Z","sleeper",NA,"DJ Uiagalelei","LAC","QB","Out",NA,"Coach's Decision"
"2026-10-06T18:11:29Z","sleeper",NA,"Konata Mumpfield","LA","WR","Questionable",NA,"Shoulder"
"2026-10-06T18:11:29Z","sleeper",NA,"Luke Musgrave","GB","TE","PUP",NA,"Undisclosed"
"2026-10-06T18:11:29Z","sleeper",NA,"Jordyn Tyson","NO","WR","IR",NA,"Hamstring"
"2026-10-06T18:11:29Z","sleeper",NA,"Brady Cook","MIA","QB","Out",NA,"Coach's Decision"
"2026-10-06T18:11:29Z","sleeper",NA,"Camden Brown","DAL","WR","Out",NA,"Coach's Decision"
"2026-10-06T18:11:29Z","sleeper",NA,"Pat Bryant","DEN","WR","Questionable",NA,"Leg"
"2026-10-06T18:11:29Z","sleeper",NA,"Omar Cooper","NYJ","WR","IR",NA,"Ankle"
"2026-10-06T18:11:29Z","sleeper",NA,"Ben Yurosek","MIN","TE","IR",NA,"Undisclosed"
"2026-10-06T18:11:29Z","sleeper",NA,"Travis Etienne","NO","RB","IR",NA,"Hamstring"
"2026-10-06T18:11:29Z","sleeper",NA,"Kyle Monangai","CHI","RB","Questionable",NA,"Thumb"
"2026-10-06T18:11:29Z","sleeper",NA,"Ronnie Rivers","LA","RB","IR",NA,"Calf"
"2026-10-06T18:11:29Z","sleeper",NA,"Matthew Caldwell","LA","QB","IR",NA,"Undisclosed"
"2026-10-06T18:11:29Z","sleeper",NA,"Jonathon Brooks","CAR","RB","IR",NA,"Abdomen"
"2026-10-06T18:11:29Z","sleeper",NA,"Dylan Sampson","CLE","RB","IR",NA,"Knee"
"2026-10-06T18:11:29Z","sleeper",NA,"Reggie Virgil","ARI","WR","Out",NA,"Coach's Decision"
"2026-10-06T18:11:29Z","sleeper",NA,"Dallen Bentley","DEN","TE","Out",NA,"Coach's Decision"
"2026-10-06T18:11:29Z","sleeper","00-0035659","Terry McLaurin","WAS","WR","Out",NA,"Hamstring"
"2026-10-06T18:11:29Z","sleeper","00-0034775","Christian Kirk","SF","WR","IR",NA,"Calf"
"2026-10-06T18:11:29Z","sleeper",NA,"Jalen Coker","CAR","WR","Out",NA,"Quadriceps"
"2026-10-06T18:11:29Z","sleeper",NA,"Mason Taylor","NYJ","TE","Out",NA,"Thumb"
"2026-10-06T18:11:29Z","sleeper","00-0035359","David Sills","TB","WR","IR",NA,"Undisclosed"
"2026-10-06T18:11:29Z","sleeper",NA,"Tank Bigsby","PHI","RB","Out",NA,"Lower Body"
"2026-10-06T18:11:29Z","sleeper",NA,"Carson Towt","IND","TE","IR",NA,"Undisclosed"
"2026-10-06T18:11:29Z","sleeper",NA,"Graham Mertz","HOU","QB","IR",NA,"Knee - ACL"
"2026-10-06T18:11:29Z","sleeper",NA,"Emari Demercado","DAL","RB","Out",NA,"Coach's Decision"
"2026-10-06T18:11:29Z","sleeper",NA,"Dillon Gabriel","CLE","QB","IR",NA,"Back"
"2026-10-06T18:11:29Z","sleeper",NA,"Ty Chandler","NO","RB","IR",NA,"Knee"
"2026-10-06T18:11:29Z","sleeper",NA,"Xavier Legette","CAR","WR","IR",NA,"Knee"
"2026-10-06T18:11:29Z","sleeper","00-0035644","Noah Fant","NO","TE","Out",NA,"Abdomen"
"2026-10-06T18:11:29Z","sleeper",NA,"Colbie Young","CIN","WR","Out",NA,"Knee"
"2026-10-06T18:11:29Z","sleeper",NA,"Jayden Higgins","HOU","WR","IR",NA,"Knee - ACL"
"2026-10-06T18:11:29Z","sleeper",NA,"Tylan Wallace","CLE","WR","Out",NA,"Knee"
"2026-10-06T18:11:29Z","sleeper",NA,"Garrett Nussmeier","KC","QB","Out",NA,"Coach's Decision"
"2026-10-06T18:11:29Z","sleeper",NA,"Justin Jefferson","MIN","WR","Out",NA,"Ankle"
"2026-10-06T18:11:29Z","sleeper",NA,"Tyrell Shavers","BUF","WR","PUP",NA,"Knee - ACL"
"2026-10-06T18:11:29Z","sleeper",NA,"Ja'Tavion Sanders","CAR","TE","Out",NA,"Coach's Decision"
"2026-10-06T18:11:29Z","sleeper","00-0034798","Durham Smythe","BAL","TE","Out",NA,"Achilles"
"2026-10-06T18:11:29Z","sleeper","00-0035045","D.J. Montgomery","IND","WR","IR",NA,"Abdomen"
"2026-10-06T18:11:29Z","sleeper",NA,"Adonai Mitchell","NYJ","WR","Out",NA,"Finger"
"2026-10-06T18:11:29Z","sleeper",NA,"DJ Giddens","IND","RB","Out",NA,"Coach's Decision"
"2026-10-06T18:11:29Z","sleeper",NA,"Jordan James","SF","RB","Out",NA,"Coach's Decision"
"2026-10-06T18:11:29Z","sleeper",NA,"Kylen Granson","TEN","TE","Out",NA,"Coach's Decision"
"2026-10-06T18:11:29Z","sleeper",NA,"Brandon Aiyuk","SF","WR","Out",NA,"Knee - ACL + MCL"
"2026-10-06T18:11:29Z","sleeper",NA,"Hayden Large","CHI","TE","IR",NA,"Undisclosed"
"2026-10-06T18:11:29Z","sleeper",NA,"Jonah Coleman","DEN","RB","IR",NA,"Ankle"
"2026-10-06T18:11:29Z","sleeper",NA,"Ja'Kobi Lane","BAL","WR","IR",NA,"Wrist"
"2026-10-06T18:11:29Z","sleeper",NA,"Carter Runyon","LV","TE","IR",NA,"Undisclosed"
"2026-10-06T18:11:29Z","sleeper","00-0029892","Kyle Juszczyk","SF","RB","Out",NA,"Knee"
"2026-10-06T18:11:29Z","sleeper",NA,"Princeton Fant","DAL","TE","IR",NA,"Knee - ACL + MCL"
"2026-10-06T18:11:29Z","sleeper",NA,"Skyler Bell","BUF","WR","Out",NA,"Coach's Decision"
"2026-10-06T18:11:29Z","sleeper",NA,"Charlie Kolar","LAC","TE","Out",NA,"Forearm"
"2026-10-06T18:11:29Z","sleeper",NA,"Malik Davis","DAL","RB","IR",NA,"Hip"
"2026-10-06T18:11:29Z","sleeper",NA,"Caleb Williams","CHI","QB","Out",NA,"Hamstring"
"2026-10-06T18:11:29Z","sleeper","00-0033906","Alvin Kamara","NO","RB","Questionable",NA,"Knee"
"2026-10-06T18:11:29Z","sleeper",NA,"Tip Reiman","ARI","TE","PUP",NA,"Ankle"
"2026-10-06T18:11:29Z","sleeper",NA,"Tank Dell","HOU","WR","IR",NA,"Knee - ACL + MCL"
"2026-10-06T18:11:29Z","sleeper","00-0032268","Marcus Mariota","WAS","QB","Out",NA,"Knee"
"2026-10-06T18:11:29Z","sleeper","00-0035535","Darius Slayton","IND","WR","Out",NA,"Coach's Decision"
"2026-10-06T18:11:29Z","sleeper",NA,"Cole Turner","MIA","TE","IR",NA,"Undisclosed"
"2026-10-06T18:11:29Z","sleeper",NA,"Jalen Milroe","SEA","QB","Out",NA,"Coach's Decision"
"2026-10-06T18:11:29Z","sleeper",NA,"Chris Collier","LV","RB","IR",NA,"Undisclosed"
"2026-10-06T18:11:29Z","sleeper",NA,"KeAndre Lambert-Smith","LAC","WR","IR",NA,"Hamstring"
"2026-10-06T18:11:29Z","sleeper",NA,"Taylen Green","CLE","QB","Out",NA,"Coach's Decision"
"2026-10-06T18:11:29Z","sleeper",NA,"Joe Royer","CLE","TE","PUP",NA,"Personal"
"2026-10-06T18:11:29Z","sleeper",NA,"Zach Charbonnet","SEA","RB","PUP",NA,"Knee - ACL"
"2026-10-06T18:11:29Z","sleeper",NA,"Joe Fagnano","BAL","QB","Out",NA,"Coach's Decision"
"2026-10-06T18:11:29Z","sleeper",NA,"Drew Allar","PIT","QB","Out",NA,"Coach's Decision"
"2026-10-06T18:11:29Z","sleeper",NA,"Jayden Daniels","WAS","QB","Out",NA,"Elbow"
"2026-10-06T18:11:29Z","sleeper",NA,"Tanner Arkin","NE","TE","Out",NA,"Coach's Decision"
"2026-10-06T18:11:29Z","sleeper",NA,"Jack Strand","ATL","QB","Out",NA,"Coach's Decision"
"2026-10-06T18:11:29Z","sleeper","00-0033885","David Njoku","LAC","TE","IR",NA,"Lower Leg"
"2026-10-06T18:11:29Z","sleeper",NA,"Beaux Collins","ATL","WR","IR",NA,"Undisclosed"
"2026-10-06T18:11:29Z","sleeper",NA,"Breece Hall","NYJ","RB","Out",NA,"Quadriceps"
"2026-10-06T18:11:29Z","sleeper",NA,"Jameson Geers","ARI","TE","IR",NA,"Undisclosed"
"2026-10-06T18:11:29Z","sleeper",NA,"Noah Whittington","HOU","RB","Out",NA,"Quadriceps"
"2026-10-06T18:11:29Z","sleeper",NA,"Tyquan Thornton","KC","WR","Out",NA,"Ankle"
"2026-10-06T18:11:29Z","sleeper",NA,"Colby Parkinson","LA","TE","Out",NA,"Shoulder - AC Joint"
"2026-10-06T18:11:29Z","sleeper",NA,"Kendrick Law","DET","WR","IR",NA,"Knee - ACL"
"2026-10-06T18:33:37Z","sleeper",NA,"Adam Randall","BAL","RB","IR",NA,"Undisclosed"
"2026-10-06T18:33:37Z","sleeper",NA,"Behren Morton","NE","QB","Out",NA,"Coach's Decision"
"2026-10-06T18:33:37Z","sleeper",NA,"Jake Tonges","SF","TE","IR",NA,"Knee"
"2026-10-06T18:33:37Z","sleeper",NA,"Pierre Strong","GB","RB","Questionable",NA,"Hamstring"
"2026-10-06T18:33:37Z","sleeper",NA,"Trey Sermon","ATL","RB","IR",NA,"Undisclosed"
"2026-10-06T18:33:37Z","sleeper",NA,"Johnny Wilson","PHI","WR","IR",NA,"Knee"
"2026-10-06T18:33:37Z","sleeper",NA,"Corey Rucker","LV","WR","IR",NA,"Undisclosed"
"2026-10-06T18:33:37Z","sleeper",NA,"Rachaad White","WAS","RB","Out",NA,"Shoulder"
"2026-10-06T18:33:37Z","sleeper",NA,"Jayden Reed","GB","WR","IR",NA,"Neck"
"2026-10-06T18:33:37Z","sleeper",NA,"Chris Brooks","GB","RB","Questionable",NA,"Ankle"
"2026-10-06T18:33:37Z","sleeper","00-0032398","Chris Moore","BAL","WR","Out",NA,"Ankle"
"2026-10-06T18:33:37Z","sleeper",NA,"CJ Williams","JAX","WR","Out",NA,"Coach's Decision"
"2026-10-06T18:33:37Z","sleeper",NA,"CJ Daniels","LA","WR","Out",NA,"Coach's Decision"
"2026-10-06T18:33:37Z","sleeper",NA,"Ko Kieft","TB","TE","Out",NA,"Elbow"
"2026-10-06T18:33:37Z","sleeper",NA,"Brenen Thompson","LAC","WR","Out",NA,"Quadriceps"
"2026-10-06T18:33:37Z","sleeper",NA,"Justin Joly","MIA","TE","Out",NA,"Coach's Decision"
"2026-10-06T18:33:37Z","sleeper",NA,"Eli Raridon","NE","TE","Questionable",NA,"Ankle"
"2026-10-06T18:33:37Z","sleeper","00-0035250","Devin Singletary","NYG","RB","Out",NA,"Coach's Decision"
"2026-10-06T18:33:37Z","sleeper",NA,"Zach Wilson","NO","QB","Out",NA,"Coach's Decision"
"2026-10-06T18:33:37Z","sleeper",NA,"Ladd McConkey","LAC","WR","Out",NA,"Foot"
"2026-10-06T18:33:37Z","sleeper",NA,"Sam Ehlinger","DEN","QB","Out",NA,"Coach's Decision"
"2026-10-06T18:33:37Z","sleeper","00-0034419","Braxton Berrios","NYG","WR","Out",NA,"Foot"
"2026-10-06T18:33:37Z","sleeper",NA,"John Michael Gyllenborg","KC","TE","IR",NA,"Knee"
"2026-10-06T18:33:37Z","sleeper","00-0033662","Cooper Rush","ATL","QB","Out",NA,"Coach's Decision"
"2026-10-06T18:33:37Z","sleeper",NA,"Will Mallory","IND","TE","IR",NA,"Thumb"
"2026-10-06T18:33:37Z","sleeper",NA,"Isiah Pacheco","DET","RB","IR",NA,"Back"
"2026-10-06T18:33:37Z","sleeper",NA,"Trey Benson","ARI","RB","IR",NA,"Knee"
"2026-10-06T18:33:37Z","sleeper",NA,"Jimmy Holiday","KC","WR","IR",NA,"Undisclosed"
"2026-10-06T18:33:37Z","sleeper",NA,"Jake Bobo","SEA","WR","IR",NA,"Knee"
"2026-10-06T18:33:37Z","sleeper","00-0032775","Demarcus Robinson","SF","WR","IR",NA,"Ankle"
"2026-10-06T18:33:37Z","sleeper",NA,"Ja'Marr Chase","CIN","WR","Out",NA,"Concussion"
"2026-10-06T18:33:37Z","sleeper",NA,"Grant Calcaterra","PHI","TE","IR",NA,"Back"
"2026-10-06T18:33:37Z","sleeper",NA,"Calvin Austin","NYG","WR","IR",NA,"Knee"
"2026-10-06T18:33:37Z","sleeper",NA,"Jaren Kanak","TEN","TE","IR",NA,"Pectoral"
"2026-10-06T18:33:37Z","sleeper",NA,"Tee Higgins","CIN","WR","Questionable",NA,"Groin"
"2026-10-06T18:33:37Z","sleeper",NA,"Myles Montgomery","NE","RB","IR",NA,"Undisclosed"
"2026-10-06T18:33:37Z","sleeper",NA,"Jalen Nailor","LV","WR","Questionable",NA,"Concussion"
"2026-10-06T18:33:37Z","sleeper",NA,"Montorie Foster","SEA","WR","Out",NA,"Coach's Decision"
"2026-10-06T18:33:37Z","sleeper","00-0034796","Lamar Jackson","BAL","QB","Questionable",NA,"Ankle"
"2026-10-06T18:33:37Z","sleeper",NA,"Eli Stowers","PHI","TE","IR",NA,"Hamstring"
"2026-10-06T18:33:37Z","sleeper",NA,"Jalen McMillan","TB","WR","IR",NA,"Knee - PCL"
"2026-10-06T18:33:37Z","sleeper","00-0033955","Jeremy McNichols","WAS","RB","IR",NA,"Quadriceps"
"2026-10-06T18:33:37Z","sleeper","00-0034855","Baker Mayfield","TB","QB","Out",NA,"Thumb"
"2026-10-06T18:33:37Z","sleeper","00-0033553","James Conner","ARI","RB","IR",NA,"Foot"
"2026-10-06T18:33:37Z","sleeper",NA,"Michael Carter","TEN","RB","Out",NA,"Coach's Decision"
"2026-10-06T18:33:37Z","sleeper",NA,"Isaac Guerendo","SF","RB","PUP",NA,"Pectoral"
"2026-10-06T18:33:37Z","sleeper",NA,"Carson Beck","ARI","QB","Out",NA,"Coach's Decision"
"2026-10-06T18:33:37Z","sleeper",NA,"Ricky Pearsall","SF","WR","IR",NA,"Knee - PCL"
"2026-10-06T18:33:37Z","sleeper",NA,"Terrance Ferguson","LA","TE","IR",NA,"Ankle"
"2026-10-06T18:33:37Z","sleeper","00-0035249","Josh Oliver","MIN","TE","IR",NA,"Biceps"
"2026-10-06T18:33:37Z","sleeper",NA,"Jordan Mason","MIN","RB","IR",NA,"Thumb"
"2026-10-06T18:33:37Z","sleeper",NA,"Luke McCaffrey","WAS","WR","Out",NA,"Coach's Decision"
"2026-10-06T18:33:37Z","sleeper",NA,"Caleb Douglas","MIA","WR","Out",NA,"Ankle"
"2026-10-06T18:33:37Z","sleeper",NA,"Rico Dowdle","PIT","RB","Out",NA,"Toe"
"2026-10-06T18:33:37Z","sleeper",NA,"Mason Tipton","NO","WR","PUP",NA,"Groin"
"2026-10-06T18:33:37Z","sleeper",NA,"Caleb Lohner","DEN","TE","IR",NA,"Lower Body"
"2026-10-06T18:33:37Z","sleeper",NA,"Skylar Thompson","BAL","QB","IR",NA,"Undisclosed"
"2026-10-06T18:33:37Z","sleeper",NA,"British Brooks","HOU","RB","IR",NA,"Hamstring"
"2026-10-06T18:33:37Z","sleeper",NA,"Haynes King","CAR","QB","Out",NA,"Coach's Decision"
"2026-10-06T18:33:37Z","sleeper","00-0034611","Donnie Ernsberger","TEN","TE","Questionable",NA,NA
"2026-10-06T18:33:37Z","sleeper",NA,"Nikola Kalinic","CHI","TE","IR",NA,"Knee"
"2026-10-06T18:33:37Z","sleeper",NA,"Hunter Long","ARI","TE","Questionable",NA,"Knee"
"2026-10-06T18:33:37Z","sleeper",NA,"Savion Williams","GB","WR","IR",NA,"Undisclosed"
"2026-10-06T18:33:37Z","sleeper",NA,"Eli Heidenreich","PIT","RB","Out",NA,"Coach's Decision"
"2026-10-06T18:33:37Z","sleeper",NA,"Irv Charles","SEA","WR","IR",NA,"Undisclosed"
"2026-10-06T18:33:37Z","sleeper","00-0033375","Tim Patrick","NYJ","WR","IR",NA,"Groin"
"2026-10-06T18:33:37Z","sleeper",NA,"Cole Payton","PHI","QB","Out",NA,"Coach's Decision"
"2026-10-06T18:33:37Z","sleeper",NA,"Robbie Ouzts","SEA","RB","IR",NA,"Undisclosed"
"2026-10-06T18:33:37Z","sleeper",NA,"Andrei Iosivas","CIN","WR","IR",NA,"Thumb"
"2026-10-06T18:33:37Z","sleeper",NA,"De'Zhaun Stribling","SF","WR","IR",NA,"Ankle"
"2026-10-06T18:33:37Z","sleeper",NA,"Marlin Klein","HOU","TE","Out",NA,"Coach's Decision"
"2026-10-06T18:33:37Z","sleeper","00-0035676","A.J. Brown","NE","WR","IR",NA,"Ankle"
"2026-10-06T18:33:37Z","sleeper","00-0035645","Gunner Olszewski","NYG","WR","IR",NA,"Achilles"
"2026-10-06T18:33:37Z","sleeper","00-0034844","Saquon Barkley","PHI","RB","Out",NA,"Hamstring"
"2026-10-06T18:33:37Z","sleeper",NA,"Chris Brazzell","CAR","WR","IR",NA,"Knee"
"2026-10-06T18:33:37Z","sleeper",NA,"Jaylin Lane","WAS","WR","Out",NA,"Ankle"
"2026-10-06T18:33:37Z","sleeper",NA,"Jadarian Price","SEA","RB","IR",NA,"Chest"
"2026-10-06T18:33:37Z","sleeper",NA,"Alec Pierce","IND","WR","IR",NA,"Heel"
"2026-10-06T18:33:37Z","sleeper",NA,"Jaxson Dart","NYG","QB","IR",NA,"Knee - Meniscus"
"2026-10-06T18:33:37Z","sleeper",NA,"Jeff Caldwell","KC","WR","IR",NA,"Knee"
"2026-10-06T18:33:37Z","sleeper",NA,"Riley Leonard","IND","QB","Out",NA,"Coach's Decision"
"2026-10-06T18:33:37Z","sleeper","00-0034827","DJ Moore","BUF","WR","Questionable",NA,"Undisclosed"
"2026-10-06T18:33:37Z","sleeper","00-0034351","Dallas Goedert","PHI","TE","Out",NA,"Knee - MCL"
"2026-10-06T18:33:37Z","sleeper","00-0034439","Tyler Conklin","DET","TE","Out",NA,"Coach's Decision"
"2026-10-06T18:33:37Z","sleeper",NA,"Max Brosmer","MIN","QB","Out",NA,"Coach's Decision"
"2026-10-06T18:33:37Z","sleeper",NA,"Rashee Rice","KC","WR","Questionable",NA,"Hamstring"
"2026-10-06T18:33:37Z","sleeper",NA,"De'Von Achane","MIA","RB","IR",NA,"Knee - ACL"
"2026-10-06T18:33:37Z","sleeper",NA,"Thomas Yassmin","GB","TE","IR",NA,"Undisclosed"
"2026-10-06T18:33:37Z","sleeper",NA,"Nick Kallerup","SEA","TE","Out",NA,"Coach's Decision"
"2026-10-06T18:33:37Z","sleeper",NA,"Jeremiyah Love","ARI","RB","Questionable",NA,"Ankle"
"2026-10-06T18:33:37Z","sleeper",NA,"DeVonta Smith","PHI","WR","Out",NA,"Hamstring"
"2026-10-06T18:33:37Z","sleeper",NA,"Will Howard","PIT","QB","Out",NA,"Coach's Decision"
"2026-10-06T18:33:37Z","sleeper",NA,"DJ Rogers","DAL","TE","IR",NA,"Knee"
"2026-10-06T18:33:37Z","sleeper","00-0033555","Mack Hollins","NE","WR","Questionable",NA,"Calf"
"2026-10-06T18:33:37Z","sleeper","00-0035662","Marquise Brown","PHI","WR","Out",NA,"Ankle"
"2026-10-06T18:33:37Z","sleeper",NA,"Julian Hill","NE","TE","IR",NA,"Knee"
"2026-10-06T18:33:37Z","sleeper",NA,"Thomas Fidone","NYG","TE","Out",NA,"Coach's Decision"
"2026-10-06T18:33:37Z","sleeper",NA,"Aidan O'Connell","LV","QB","Out",NA,"Coach's Decision"
"2026-10-06T18:33:37Z","sleeper",NA,"Jack Bech","LV","WR","IR",NA,"Forearm"
"2026-10-06T18:33:37Z","sleeper",NA,"Moliki Matavao","NO","TE","IR",NA,"Knee"
"2026-10-06T18:33:37Z","sleeper","00-0030279","Keenan Allen","IND","WR","Out",NA,"Groin"
"2026-10-06T18:33:37Z","sleeper",NA,"Kurtis Rourke","SF","QB","Out",NA,"Coach's Decision"
"2026-10-06T18:33:37Z","sleeper",NA,"Reggie Gilliam","NE","RB","Questionable",NA,"Knee"
"2026-10-06T18:33:37Z","sleeper",NA,"Jared Wiley","KC","TE","Out",NA,"Coach's Decision"
"2026-10-06T18:33:37Z","sleeper",NA,"Trevor Etienne","CAR","RB","IR",NA,"Ankle"
"2026-10-06T18:33:37Z","sleeper",NA,"Arian Smith","NYJ","WR","IR",NA,"Knee"
"2026-10-06T18:33:37Z","sleeper",NA,"Ty Simpson","LA","QB","Out",NA,"Coach's Decision"
"2026-10-06T18:33:37Z","sleeper",NA,"Brittain Brown","CHI","RB","IR",NA,"Undisclosed"
"2026-10-06T18:33:37Z","sleeper",NA,"Dont'e Thornton","LV","WR","IR",NA,"Undisclosed"
"2026-10-06T18:33:37Z","sleeper",NA,"Jeremiah Webb","NE","WR","IR",NA,"Arm"
"2026-10-06T18:33:37Z","sleeper",NA,"DJ Uiagalelei","LAC","QB","Out",NA,"Coach's Decision"
"2026-10-06T18:33:37Z","sleeper",NA,"Konata Mumpfield","LA","WR","Questionable",NA,"Shoulder"
"2026-10-06T18:33:37Z","sleeper",NA,"Luke Musgrave","GB","TE","PUP",NA,"Undisclosed"
"2026-10-06T18:33:37Z","sleeper",NA,"Jordyn Tyson","NO","WR","IR",NA,"Hamstring"
"2026-10-06T18:33:37Z","sleeper",NA,"Brady Cook","MIA","QB","Out",NA,"Coach's Decision"
"2026-10-06T18:33:37Z","sleeper",NA,"Camden Brown","DAL","WR","Out",NA,"Coach's Decision"
"2026-10-06T18:33:37Z","sleeper",NA,"Pat Bryant","DEN","WR","Questionable",NA,"Leg"
"2026-10-06T18:33:37Z","sleeper",NA,"Omar Cooper","NYJ","WR","IR",NA,"Ankle"
"2026-10-06T18:33:37Z","sleeper",NA,"Ben Yurosek","MIN","TE","IR",NA,"Undisclosed"
"2026-10-06T18:33:37Z","sleeper",NA,"Travis Etienne","NO","RB","IR",NA,"Hamstring"
"2026-10-06T18:33:37Z","sleeper",NA,"Kyle Monangai","CHI","RB","Questionable",NA,"Thumb"
"2026-10-06T18:33:37Z","sleeper",NA,"Ronnie Rivers","LA","RB","IR",NA,"Calf"
"2026-10-06T18:33:37Z","sleeper",NA,"Matthew Caldwell","LA","QB","IR",NA,"Undisclosed"
"2026-10-06T18:33:37Z","sleeper",NA,"Jonathon Brooks","CAR","RB","IR",NA,"Abdomen"
"2026-10-06T18:33:37Z","sleeper",NA,"Dylan Sampson","CLE","RB","IR",NA,"Knee"
"2026-10-06T18:33:37Z","sleeper",NA,"Reggie Virgil","ARI","WR","Out",NA,"Coach's Decision"
"2026-10-06T18:33:37Z","sleeper",NA,"Dallen Bentley","DEN","TE","Out",NA,"Coach's Decision"
"2026-10-06T18:33:37Z","sleeper","00-0035659","Terry McLaurin","WAS","WR","Out",NA,"Hamstring"
"2026-10-06T18:33:37Z","sleeper","00-0034775","Christian Kirk","SF","WR","IR",NA,"Calf"
"2026-10-06T18:33:37Z","sleeper",NA,"Jalen Coker","CAR","WR","Out",NA,"Quadriceps"
"2026-10-06T18:33:37Z","sleeper",NA,"Mason Taylor","NYJ","TE","Out",NA,"Thumb"
"2026-10-06T18:33:37Z","sleeper","00-0035359","David Sills","TB","WR","IR",NA,"Undisclosed"
"2026-10-06T18:33:37Z","sleeper",NA,"Tank Bigsby","PHI","RB","Out",NA,"Lower Body"
"2026-10-06T18:33:37Z","sleeper",NA,"Carson Towt","IND","TE","IR",NA,"Undisclosed"
"2026-10-06T18:33:37Z","sleeper",NA,"Graham Mertz","HOU","QB","IR",NA,"Knee - ACL"
"2026-10-06T18:33:37Z","sleeper",NA,"Emari Demercado","DAL","RB","Out",NA,"Coach's Decision"
"2026-10-06T18:33:37Z","sleeper",NA,"Dillon Gabriel","CLE","QB","IR",NA,"Back"
"2026-10-06T18:33:37Z","sleeper",NA,"Ty Chandler","NO","RB","IR",NA,"Knee"
"2026-10-06T18:33:37Z","sleeper",NA,"Xavier Legette","CAR","WR","IR",NA,"Knee"
"2026-10-06T18:33:37Z","sleeper","00-0035644","Noah Fant","NO","TE","Out",NA,"Abdomen"
"2026-10-06T18:33:37Z","sleeper",NA,"Colbie Young","CIN","WR","Out",NA,"Knee"
"2026-10-06T18:33:37Z","sleeper",NA,"Jayden Higgins","HOU","WR","IR",NA,"Knee - ACL"
"2026-10-06T18:33:37Z","sleeper",NA,"Tylan Wallace","CLE","WR","Out",NA,"Knee"
"2026-10-06T18:33:37Z","sleeper",NA,"Garrett Nussmeier","KC","QB","Out",NA,"Coach's Decision"
"2026-10-06T18:33:37Z","sleeper",NA,"Justin Jefferson","MIN","WR","Out",NA,"Ankle"
"2026-10-06T18:33:37Z","sleeper",NA,"Tyrell Shavers","BUF","WR","PUP",NA,"Knee - ACL"
"2026-10-06T18:33:37Z","sleeper",NA,"Ja'Tavion Sanders","CAR","TE","Out",NA,"Coach's Decision"
"2026-10-06T18:33:37Z","sleeper","00-0034798","Durham Smythe","BAL","TE","Out",NA,"Achilles"
"2026-10-06T18:33:37Z","sleeper","00-0035045","D.J. Montgomery","IND","WR","IR",NA,"Abdomen"
"2026-10-06T18:33:37Z","sleeper",NA,"Adonai Mitchell","NYJ","WR","Out",NA,"Finger"
"2026-10-06T18:33:37Z","sleeper",NA,"DJ Giddens","IND","RB","Out",NA,"Coach's Decision"
"2026-10-06T18:33:37Z","sleeper",NA,"Jordan James","SF","RB","Out",NA,"Coach's Decision"
"2026-10-06T18:33:37Z","sleeper",NA,"Kylen Granson","TEN","TE","Out",NA,"Coach's Decision"
"2026-10-06T18:33:37Z","sleeper",NA,"Brandon Aiyuk","SF","WR","Out",NA,"Knee - ACL + MCL"
"2026-10-06T18:33:37Z","sleeper",NA,"Hayden Large","CHI","TE","IR",NA,"Undisclosed"
"2026-10-06T18:33:37Z","sleeper",NA,"Jonah Coleman","DEN","RB","IR",NA,"Ankle"
"2026-10-06T18:33:37Z","sleeper",NA,"Ja'Kobi Lane","BAL","WR","IR",NA,"Wrist"
"2026-10-06T18:33:37Z","sleeper",NA,"Carter Runyon","LV","TE","IR",NA,"Undisclosed"
"2026-10-06T18:33:37Z","sleeper","00-0029892","Kyle Juszczyk","SF","RB","Out",NA,"Knee"
"2026-10-06T18:33:37Z","sleeper",NA,"Princeton Fant","DAL","TE","IR",NA,"Knee - ACL + MCL"
"2026-10-06T18:33:37Z","sleeper",NA,"Skyler Bell","BUF","WR","Out",NA,"Coach's Decision"
"2026-10-06T18:33:37Z","sleeper",NA,"Charlie Kolar","LAC","TE","Out",NA,"Forearm"
"2026-10-06T18:33:37Z","sleeper",NA,"Malik Davis","DAL","RB","IR",NA,"Hip"
"2026-10-06T18:33:37Z","sleeper",NA,"Caleb Williams","CHI","QB","Out",NA,"Hamstring"
"2026-10-06T18:33:37Z","sleeper","00-0033906","Alvin Kamara","NO","RB","Questionable",NA,"Knee"
"2026-10-06T18:33:37Z","sleeper",NA,"Tip Reiman","ARI","TE","PUP",NA,"Ankle"
"2026-10-06T18:33:37Z","sleeper",NA,"Tank Dell","HOU","WR","IR",NA,"Knee - ACL + MCL"
"2026-10-06T18:33:37Z","sleeper","00-0032268","Marcus Mariota","WAS","QB","Out",NA,"Knee"
"2026-10-06T18:33:37Z","sleeper","00-0035535","Darius Slayton","IND","WR","Out",NA,"Coach's Decision"
"2026-10-06T18:33:37Z","sleeper",NA,"Cole Turner","MIA","TE","IR",NA,"Undisclosed"
"2026-10-06T18:33:37Z","sleeper",NA,"Jalen Milroe","SEA","QB","Out",NA,"Coach's Decision"
"2026-10-06T18:33:37Z","sleeper",NA,"Chris Collier","LV","RB","IR",NA,"Undisclosed"
"2026-10-06T18:33:37Z","sleeper",NA,"KeAndre Lambert-Smith","LAC","WR","IR",NA,"Hamstring"
"2026-10-06T18:33:37Z","sleeper",NA,"Taylen Green","CLE","QB","Out",NA,"Coach's Decision"
"2026-10-06T18:33:37Z","sleeper",NA,"Joe Royer","CLE","TE","PUP",NA,"Personal"
"2026-10-06T18:33:37Z","sleeper",NA,"Zach Charbonnet","SEA","RB","PUP",NA,"Knee - ACL"
"2026-10-06T18:33:37Z","sleeper",NA,"Joe Fagnano","BAL","QB","Out",NA,"Coach's Decision"
"2026-10-06T18:33:37Z","sleeper",NA,"Drew Allar","PIT","QB","Out",NA,"Coach's Decision"
"2026-10-06T18:33:37Z","sleeper",NA,"Jayden Daniels","WAS","QB","Out",NA,"Elbow"
"2026-10-06T18:33:37Z","sleeper",NA,"Tanner Arkin","NE","TE","Out",NA,"Coach's Decision"
"2026-10-06T18:33:37Z","sleeper",NA,"Jack Strand","ATL","QB","Out",NA,"Coach's Decision"
"2026-10-06T18:33:37Z","sleeper","00-0033885","David Njoku","LAC","TE","IR",NA,"Lower Leg"
"2026-10-06T18:33:37Z","sleeper",NA,"Beaux Collins","ATL","WR","IR",NA,"Undisclosed"
"2026-10-06T18:33:37Z","sleeper",NA,"Breece Hall","NYJ","RB","Out",NA,"Quadriceps"
"2026-10-06T18:33:37Z","sleeper",NA,"Jameson Geers","ARI","TE","IR",NA,"Undisclosed"
"2026-10-06T18:33:37Z","sleeper",NA,"Noah Whittington","HOU","RB","Out",NA,"Quadriceps"
"2026-10-06T18:33:37Z","sleeper",NA,"Tyquan Thornton","KC","WR","Out",NA,"Ankle"
"2026-10-06T18:33:37Z","sleeper",NA,"Colby Parkinson","LA","TE","Out",NA,"Shoulder - AC Joint"
"2026-10-06T18:33:37Z","sleeper",NA,"Kendrick Law","DET","WR","IR",NA,"Knee - ACL"
"2026-10-06T19:31:46Z","sleeper",NA,"Adam Randall","BAL","RB","IR",NA,"Undisclosed"
"2026-10-06T19:31:46Z","sleeper",NA,"Behren Morton","NE","QB","Out",NA,"Coach's Decision"
"2026-10-06T19:31:46Z","sleeper",NA,"Jake Tonges","SF","TE","IR",NA,"Knee"
"2026-10-06T19:31:46Z","sleeper",NA,"Pierre Strong","GB","RB","Questionable",NA,"Hamstring"
"2026-10-06T19:31:46Z","sleeper",NA,"Trey Sermon","ATL","RB","IR",NA,"Undisclosed"
"2026-10-06T19:31:46Z","sleeper",NA,"Johnny Wilson","PHI","WR","IR",NA,"Knee"
"2026-10-06T19:31:46Z","sleeper",NA,"Corey Rucker","LV","WR","IR",NA,"Undisclosed"
"2026-10-06T19:31:46Z","sleeper",NA,"Rachaad White","WAS","RB","Out",NA,"Shoulder"
"2026-10-06T19:31:46Z","sleeper",NA,"Jayden Reed","GB","WR","IR",NA,"Neck"
"2026-10-06T19:31:46Z","sleeper",NA,"Chris Brooks","GB","RB","Questionable",NA,"Ankle"
"2026-10-06T19:31:46Z","sleeper","00-0032398","Chris Moore","BAL","WR","Out",NA,"Ankle"
"2026-10-06T19:31:46Z","sleeper",NA,"CJ Williams","JAX","WR","Out",NA,"Coach's Decision"
"2026-10-06T19:31:46Z","sleeper",NA,"CJ Daniels","LA","WR","Out",NA,"Coach's Decision"
"2026-10-06T19:31:46Z","sleeper",NA,"Ko Kieft","TB","TE","Out",NA,"Elbow"
"2026-10-06T19:31:46Z","sleeper",NA,"Brenen Thompson","LAC","WR","Out",NA,"Quadriceps"
"2026-10-06T19:31:46Z","sleeper",NA,"Justin Joly","MIA","TE","Out",NA,"Coach's Decision"
"2026-10-06T19:31:46Z","sleeper",NA,"Eli Raridon","NE","TE","Questionable",NA,"Ankle"
"2026-10-06T19:31:46Z","sleeper","00-0035250","Devin Singletary","NYG","RB","Out",NA,"Coach's Decision"
"2026-10-06T19:31:46Z","sleeper",NA,"Zach Wilson","NO","QB","Out",NA,"Coach's Decision"
"2026-10-06T19:31:46Z","sleeper",NA,"Ladd McConkey","LAC","WR","Out",NA,"Foot"
"2026-10-06T19:31:46Z","sleeper",NA,"Sam Ehlinger","DEN","QB","Out",NA,"Coach's Decision"
"2026-10-06T19:31:46Z","sleeper","00-0034419","Braxton Berrios","NYG","WR","Out",NA,"Foot"
"2026-10-06T19:31:46Z","sleeper",NA,"John Michael Gyllenborg","KC","TE","IR",NA,"Knee"
"2026-10-06T19:31:46Z","sleeper","00-0033662","Cooper Rush","ATL","QB","Out",NA,"Coach's Decision"
"2026-10-06T19:31:46Z","sleeper",NA,"Will Mallory","IND","TE","IR",NA,"Thumb"
"2026-10-06T19:31:46Z","sleeper",NA,"Isiah Pacheco","DET","RB","IR",NA,"Back"
"2026-10-06T19:31:46Z","sleeper",NA,"Trey Benson","ARI","RB","IR",NA,"Knee"
"2026-10-06T19:31:46Z","sleeper",NA,"Jimmy Holiday","KC","WR","IR",NA,"Undisclosed"
"2026-10-06T19:31:46Z","sleeper",NA,"Jake Bobo","SEA","WR","IR",NA,"Knee"
"2026-10-06T19:31:46Z","sleeper","00-0032775","Demarcus Robinson","SF","WR","IR",NA,"Ankle"
"2026-10-06T19:31:46Z","sleeper",NA,"Ja'Marr Chase","CIN","WR","Out",NA,"Concussion"
"2026-10-06T19:31:46Z","sleeper",NA,"Grant Calcaterra","PHI","TE","IR",NA,"Back"
"2026-10-06T19:31:46Z","sleeper",NA,"Calvin Austin","NYG","WR","IR",NA,"Knee"
"2026-10-06T19:31:46Z","sleeper",NA,"Jaren Kanak","TEN","TE","IR",NA,"Pectoral"
"2026-10-06T19:31:46Z","sleeper",NA,"Tee Higgins","CIN","WR","Questionable",NA,"Groin"
"2026-10-06T19:31:46Z","sleeper",NA,"Myles Montgomery","NE","RB","IR",NA,"Undisclosed"
"2026-10-06T19:31:46Z","sleeper",NA,"Jalen Nailor","LV","WR","Questionable",NA,"Concussion"
"2026-10-06T19:31:46Z","sleeper",NA,"Montorie Foster","SEA","WR","Out",NA,"Coach's Decision"
"2026-10-06T19:31:46Z","sleeper","00-0034796","Lamar Jackson","BAL","QB","Questionable",NA,"Ankle"
"2026-10-06T19:31:46Z","sleeper",NA,"Eli Stowers","PHI","TE","IR",NA,"Hamstring"
"2026-10-06T19:31:46Z","sleeper",NA,"Jalen McMillan","TB","WR","IR",NA,"Knee - PCL"
"2026-10-06T19:31:46Z","sleeper","00-0033955","Jeremy McNichols","WAS","RB","IR",NA,"Quadriceps"
"2026-10-06T19:31:46Z","sleeper","00-0034855","Baker Mayfield","TB","QB","Out",NA,"Thumb"
"2026-10-06T19:31:46Z","sleeper","00-0033553","James Conner","ARI","RB","IR",NA,"Foot"
"2026-10-06T19:31:46Z","sleeper",NA,"Michael Carter","TEN","RB","Out",NA,"Coach's Decision"
"2026-10-06T19:31:46Z","sleeper",NA,"Isaac Guerendo","SF","RB","PUP",NA,"Pectoral"
"2026-10-06T19:31:46Z","sleeper",NA,"Carson Beck","ARI","QB","Out",NA,"Coach's Decision"
"2026-10-06T19:31:46Z","sleeper",NA,"Ricky Pearsall","SF","WR","IR",NA,"Knee - PCL"
"2026-10-06T19:31:46Z","sleeper",NA,"Terrance Ferguson","LA","TE","IR",NA,"Ankle"
"2026-10-06T19:31:46Z","sleeper","00-0035249","Josh Oliver","MIN","TE","IR",NA,"Biceps"
"2026-10-06T19:31:46Z","sleeper",NA,"Jordan Mason","MIN","RB","IR",NA,"Thumb"
"2026-10-06T19:31:46Z","sleeper",NA,"Luke McCaffrey","WAS","WR","Out",NA,"Coach's Decision"
"2026-10-06T19:31:46Z","sleeper",NA,"Caleb Douglas","MIA","WR","Out",NA,"Ankle"
"2026-10-06T19:31:46Z","sleeper",NA,"Rico Dowdle","PIT","RB","Out",NA,"Toe"
"2026-10-06T19:31:46Z","sleeper",NA,"Mason Tipton","NO","WR","PUP",NA,"Groin"
"2026-10-06T19:31:46Z","sleeper",NA,"Caleb Lohner","DEN","TE","IR",NA,"Lower Body"
"2026-10-06T19:31:46Z","sleeper",NA,"Skylar Thompson","BAL","QB","IR",NA,"Undisclosed"
"2026-10-06T19:31:46Z","sleeper",NA,"British Brooks","HOU","RB","IR",NA,"Hamstring"
"2026-10-06T19:31:46Z","sleeper",NA,"Haynes King","CAR","QB","Out",NA,"Coach's Decision"
"2026-10-06T19:31:46Z","sleeper","00-0034611","Donnie Ernsberger","TEN","TE","Questionable",NA,NA
"2026-10-06T19:31:46Z","sleeper",NA,"Nikola Kalinic","CHI","TE","IR",NA,"Knee"
"2026-10-06T19:31:46Z","sleeper",NA,"Hunter Long","ARI","TE","Questionable",NA,"Knee"
"2026-10-06T19:31:46Z","sleeper",NA,"Savion Williams","GB","WR","IR",NA,"Undisclosed"
"2026-10-06T19:31:46Z","sleeper",NA,"Eli Heidenreich","PIT","RB","Out",NA,"Coach's Decision"
"2026-10-06T19:31:46Z","sleeper",NA,"Irv Charles","SEA","WR","IR",NA,"Undisclosed"
"2026-10-06T19:31:46Z","sleeper","00-0033375","Tim Patrick","NYJ","WR","IR",NA,"Groin"
"2026-10-06T19:31:46Z","sleeper",NA,"Cole Payton","PHI","QB","Out",NA,"Coach's Decision"
"2026-10-06T19:31:46Z","sleeper",NA,"Robbie Ouzts","SEA","RB","IR",NA,"Undisclosed"
"2026-10-06T19:31:46Z","sleeper",NA,"Andrei Iosivas","CIN","WR","IR",NA,"Thumb"
"2026-10-06T19:31:46Z","sleeper",NA,"De'Zhaun Stribling","SF","WR","IR",NA,"Ankle"
"2026-10-06T19:31:46Z","sleeper",NA,"Marlin Klein","HOU","TE","Out",NA,"Coach's Decision"
"2026-10-06T19:31:46Z","sleeper","00-0035676","A.J. Brown","NE","WR","IR",NA,"Ankle"
"2026-10-06T19:31:46Z","sleeper","00-0035645","Gunner Olszewski","NYG","WR","IR",NA,"Achilles"
"2026-10-06T19:31:46Z","sleeper","00-0034844","Saquon Barkley","PHI","RB","Out",NA,"Hamstring"
"2026-10-06T19:31:46Z","sleeper",NA,"Chris Brazzell","CAR","WR","IR",NA,"Knee"
"2026-10-06T19:31:46Z","sleeper",NA,"Jaylin Lane","WAS","WR","Out",NA,"Ankle"
"2026-10-06T19:31:46Z","sleeper",NA,"Jadarian Price","SEA","RB","IR",NA,"Chest"
"2026-10-06T19:31:46Z","sleeper",NA,"Alec Pierce","IND","WR","IR",NA,"Heel"
"2026-10-06T19:31:46Z","sleeper",NA,"Jaxson Dart","NYG","QB","IR",NA,"Knee - Meniscus"
"2026-10-06T19:31:46Z","sleeper",NA,"Jeff Caldwell","KC","WR","IR",NA,"Knee"
"2026-10-06T19:31:46Z","sleeper",NA,"Riley Leonard","IND","QB","Out",NA,"Coach's Decision"
"2026-10-06T19:31:46Z","sleeper","00-0034827","DJ Moore","BUF","WR","Questionable",NA,"Undisclosed"
"2026-10-06T19:31:46Z","sleeper","00-0034351","Dallas Goedert","PHI","TE","Out",NA,"Knee - MCL"
"2026-10-06T19:31:46Z","sleeper","00-0034439","Tyler Conklin","DET","TE","Out",NA,"Coach's Decision"
"2026-10-06T19:31:46Z","sleeper",NA,"Max Brosmer","MIN","QB","Out",NA,"Coach's Decision"
"2026-10-06T19:31:46Z","sleeper",NA,"Rashee Rice","KC","WR","Questionable",NA,"Hamstring"
"2026-10-06T19:31:46Z","sleeper",NA,"De'Von Achane","MIA","RB","IR",NA,"Knee - ACL"
"2026-10-06T19:31:46Z","sleeper",NA,"Thomas Yassmin","GB","TE","IR",NA,"Undisclosed"
"2026-10-06T19:31:46Z","sleeper",NA,"Nick Kallerup","SEA","TE","Out",NA,"Coach's Decision"
"2026-10-06T19:31:46Z","sleeper",NA,"Jeremiyah Love","ARI","RB","Questionable",NA,"Ankle"
"2026-10-06T19:31:46Z","sleeper",NA,"DeVonta Smith","PHI","WR","Out",NA,"Hamstring"
"2026-10-06T19:31:46Z","sleeper",NA,"Will Howard","PIT","QB","Out",NA,"Coach's Decision"
"2026-10-06T19:31:46Z","sleeper",NA,"DJ Rogers","DAL","TE","IR",NA,"Knee"
"2026-10-06T19:31:46Z","sleeper","00-0033555","Mack Hollins","NE","WR","Questionable",NA,"Calf"
"2026-10-06T19:31:46Z","sleeper","00-0035662","Marquise Brown","PHI","WR","Out",NA,"Ankle"
"2026-10-06T19:31:46Z","sleeper",NA,"Julian Hill","NE","TE","IR",NA,"Knee"
"2026-10-06T19:31:46Z","sleeper",NA,"Thomas Fidone","NYG","TE","Out",NA,"Coach's Decision"
"2026-10-06T19:31:46Z","sleeper",NA,"Aidan O'Connell","LV","QB","Out",NA,"Coach's Decision"
"2026-10-06T19:31:46Z","sleeper",NA,"Jack Bech","LV","WR","IR",NA,"Forearm"
"2026-10-06T19:31:46Z","sleeper",NA,"Moliki Matavao","NO","TE","IR",NA,"Knee"
"2026-10-06T19:31:46Z","sleeper","00-0030279","Keenan Allen","IND","WR","Out",NA,"Groin"
"2026-10-06T19:31:46Z","sleeper",NA,"Kurtis Rourke","SF","QB","Out",NA,"Coach's Decision"
"2026-10-06T19:31:46Z","sleeper",NA,"Reggie Gilliam","NE","RB","Questionable",NA,"Knee"
"2026-10-06T19:31:46Z","sleeper",NA,"Jared Wiley","KC","TE","Out",NA,"Coach's Decision"
"2026-10-06T19:31:46Z","sleeper",NA,"Trevor Etienne","CAR","RB","IR",NA,"Ankle"
"2026-10-06T19:31:46Z","sleeper",NA,"Arian Smith","NYJ","WR","IR",NA,"Knee"
"2026-10-06T19:31:46Z","sleeper",NA,"Ty Simpson","LA","QB","Out",NA,"Coach's Decision"
"2026-10-06T19:31:46Z","sleeper",NA,"Brittain Brown","CHI","RB","IR",NA,"Undisclosed"
"2026-10-06T19:31:46Z","sleeper",NA,"Dont'e Thornton","LV","WR","IR",NA,"Undisclosed"
"2026-10-06T19:31:46Z","sleeper",NA,"Jeremiah Webb","NE","WR","IR",NA,"Arm"
"2026-10-06T19:31:46Z","sleeper",NA,"DJ Uiagalelei","LAC","QB","Out",NA,"Coach's Decision"
"2026-10-06T19:31:46Z","sleeper",NA,"Konata Mumpfield","LA","WR","Questionable",NA,"Shoulder"
"2026-10-06T19:31:46Z","sleeper",NA,"Luke Musgrave","GB","TE","PUP",NA,"Undisclosed"
"2026-10-06T19:31:46Z","sleeper",NA,"Jordyn Tyson","NO","WR","IR",NA,"Hamstring"
"2026-10-06T19:31:46Z","sleeper",NA,"Brady Cook","MIA","QB","Out",NA,"Coach's Decision"
"2026-10-06T19:31:46Z","sleeper",NA,"Camden Brown","DAL","WR","Out",NA,"Coach's Decision"
"2026-10-06T19:31:46Z","sleeper",NA,"Pat Bryant","DEN","WR","Questionable",NA,"Leg"
"2026-10-06T19:31:46Z","sleeper",NA,"Omar Cooper","NYJ","WR","IR",NA,"Ankle"
"2026-10-06T19:31:46Z","sleeper",NA,"Ben Yurosek","MIN","TE","IR",NA,"Undisclosed"
"2026-10-06T19:31:46Z","sleeper",NA,"Travis Etienne","NO","RB","IR",NA,"Hamstring"
"2026-10-06T19:31:46Z","sleeper",NA,"Kyle Monangai","CHI","RB","Questionable",NA,"Thumb"
"2026-10-06T19:31:46Z","sleeper",NA,"Ronnie Rivers","LA","RB","IR",NA,"Calf"
"2026-10-06T19:31:46Z","sleeper",NA,"Matthew Caldwell","LA","QB","IR",NA,"Undisclosed"
"2026-10-06T19:31:46Z","sleeper",NA,"Jonathon Brooks","CAR","RB","IR",NA,"Abdomen"
"2026-10-06T19:31:46Z","sleeper",NA,"Dylan Sampson","CLE","RB","IR",NA,"Knee"
"2026-10-06T19:31:46Z","sleeper",NA,"Reggie Virgil","ARI","WR","Out",NA,"Coach's Decision"
"2026-10-06T19:31:46Z","sleeper",NA,"Dallen Bentley","DEN","TE","Out",NA,"Coach's Decision"
"2026-10-06T19:31:46Z","sleeper","00-0035659","Terry McLaurin","WAS","WR","Out",NA,"Hamstring"
"2026-10-06T19:31:46Z","sleeper","00-0034775","Christian Kirk","SF","WR","IR",NA,"Calf"
"2026-10-06T19:31:46Z","sleeper",NA,"Jalen Coker","CAR","WR","Out",NA,"Quadriceps"
"2026-10-06T19:31:46Z","sleeper",NA,"Mason Taylor","NYJ","TE","Out",NA,"Thumb"
"2026-10-06T19:31:46Z","sleeper","00-0035359","David Sills","TB","WR","IR",NA,"Undisclosed"
"2026-10-06T19:31:46Z","sleeper",NA,"Tank Bigsby","PHI","RB","Out",NA,"Lower Body"
"2026-10-06T19:31:46Z","sleeper",NA,"Carson Towt","IND","TE","IR",NA,"Undisclosed"
"2026-10-06T19:31:46Z","sleeper",NA,"Graham Mertz","HOU","QB","IR",NA,"Knee - ACL"
"2026-10-06T19:31:46Z","sleeper",NA,"Emari Demercado","DAL","RB","Out",NA,"Coach's Decision"
"2026-10-06T19:31:46Z","sleeper",NA,"Dillon Gabriel","CLE","QB","IR",NA,"Back"
"2026-10-06T19:31:46Z","sleeper",NA,"Ty Chandler","NO","RB","IR",NA,"Knee"
"2026-10-06T19:31:46Z","sleeper",NA,"Xavier Legette","CAR","WR","IR",NA,"Knee"
"2026-10-06T19:31:46Z","sleeper","00-0035644","Noah Fant","NO","TE","Out",NA,"Abdomen"
"2026-10-06T19:31:46Z","sleeper",NA,"Colbie Young","CIN","WR","Out",NA,"Knee"
"2026-10-06T19:31:46Z","sleeper",NA,"Jayden Higgins","HOU","WR","IR",NA,"Knee - ACL"
"2026-10-06T19:31:46Z","sleeper",NA,"Tylan Wallace","CLE","WR","Out",NA,"Knee"
"2026-10-06T19:31:46Z","sleeper",NA,"Garrett Nussmeier","KC","QB","Out",NA,"Coach's Decision"
"2026-10-06T19:31:46Z","sleeper",NA,"Justin Jefferson","MIN","WR","Out",NA,"Ankle"
"2026-10-06T19:31:46Z","sleeper",NA,"Tyrell Shavers","BUF","WR","PUP",NA,"Knee - ACL"
"2026-10-06T19:31:46Z","sleeper",NA,"Ja'Tavion Sanders","CAR","TE","Out",NA,"Coach's Decision"
"2026-10-06T19:31:46Z","sleeper","00-0034798","Durham Smythe","BAL","TE","Out",NA,"Achilles"
"2026-10-06T19:31:46Z","sleeper","00-0035045","D.J. Montgomery","IND","WR","IR",NA,"Abdomen"
"2026-10-06T19:31:46Z","sleeper",NA,"Adonai Mitchell","NYJ","WR","Out",NA,"Finger"
"2026-10-06T19:31:46Z","sleeper",NA,"DJ Giddens","IND","RB","Out",NA,"Coach's Decision"
"2026-10-06T19:31:46Z","sleeper",NA,"Jordan James","SF","RB","Out",NA,"Coach's Decision"
"2026-10-06T19:31:46Z","sleeper",NA,"Kylen Granson","TEN","TE","Out",NA,"Coach's Decision"
"2026-10-06T19:31:46Z","sleeper",NA,"Brandon Aiyuk","SF","WR","Out",NA,"Knee - ACL + MCL"
"2026-10-06T19:31:46Z","sleeper",NA,"Hayden Large","CHI","TE","IR",NA,"Undisclosed"
"2026-10-06T19:31:46Z","sleeper",NA,"Jonah Coleman","DEN","RB","IR",NA,"Ankle"
"2026-10-06T19:31:46Z","sleeper",NA,"Ja'Kobi Lane","BAL","WR","IR",NA,"Wrist"
"2026-10-06T19:31:46Z","sleeper",NA,"Carter Runyon","LV","TE","IR",NA,"Undisclosed"
"2026-10-06T19:31:46Z","sleeper","00-0029892","Kyle Juszczyk","SF","RB","Out",NA,"Knee"
"2026-10-06T19:31:46Z","sleeper",NA,"Princeton Fant","DAL","TE","IR",NA,"Knee - ACL + MCL"
"2026-10-06T19:31:46Z","sleeper",NA,"Skyler Bell","BUF","WR","Out",NA,"Coach's Decision"
"2026-10-06T19:31:46Z","sleeper",NA,"Charlie Kolar","LAC","TE","Out",NA,"Forearm"
"2026-10-06T19:31:46Z","sleeper",NA,"Malik Davis","DAL","RB","IR",NA,"Hip"
"2026-10-06T19:31:46Z","sleeper",NA,"Caleb Williams","CHI","QB","Out",NA,"Hamstring"
"2026-10-06T19:31:46Z","sleeper","00-0033906","Alvin Kamara","NO","RB","Questionable",NA,"Knee"
"2026-10-06T19:31:46Z","sleeper",NA,"Tip Reiman","ARI","TE","PUP",NA,"Ankle"
"2026-10-06T19:31:46Z","sleeper",NA,"Tank Dell","HOU","WR","IR",NA,"Knee - ACL + MCL"
"2026-10-06T19:31:46Z","sleeper","00-0032268","Marcus Mariota","WAS","QB","Out",NA,"Knee"
"2026-10-06T19:31:46Z","sleeper","00-0035535","Darius Slayton","IND","WR","Out",NA,"Coach's Decision"
"2026-10-06T19:31:46Z","sleeper",NA,"Cole Turner","MIA","TE","IR",NA,"Undisclosed"
"2026-10-06T19:31:46Z","sleeper",NA,"Jalen Milroe","SEA","QB","Out",NA,"Coach's Decision"
"2026-10-06T19:31:46Z","sleeper",NA,"Chris Collier","LV","RB","IR",NA,"Undisclosed"
"2026-10-06T19:31:46Z","sleeper",NA,"KeAndre Lambert-Smith","LAC","WR","IR",NA,"Hamstring"
"2026-10-06T19:31:46Z","sleeper",NA,"Taylen Green","CLE","QB","Out",NA,"Coach's Decision"
"2026-10-06T19:31:46Z","sleeper",NA,"Joe Royer","CLE","TE","PUP",NA,"Personal"
"2026-10-06T19:31:46Z","sleeper",NA,"Zach Charbonnet","SEA","RB","PUP",NA,"Knee - ACL"
"2026-10-06T19:31:46Z","sleeper",NA,"Joe Fagnano","BAL","QB","Out",NA,"Coach's Decision"
"2026-10-06T19:31:46Z","sleeper",NA,"Drew Allar","PIT","QB","Out",NA,"Coach's Decision"
"2026-10-06T19:31:46Z","sleeper",NA,"Jayden Daniels","WAS","QB","Out",NA,"Elbow"
"2026-10-06T19:31:46Z","sleeper",NA,"Tanner Arkin","NE","TE","Out",NA,"Coach's Decision"
"2026-10-06T19:31:46Z","sleeper",NA,"Jack Strand","ATL","QB","Out",NA,"Coach's Decision"
"2026-10-06T19:31:46Z","sleeper","00-0033885","David Njoku","LAC","TE","IR",NA,"Lower Leg"
"2026-10-06T19:31:46Z","sleeper",NA,"Beaux Collins","ATL","WR","IR",NA,"Undisclosed"
"2026-10-06T19:31:46Z","sleeper",NA,"Breece Hall","NYJ","RB","Out",NA,"Quadriceps"
"2026-10-06T19:31:46Z","sleeper",NA,"Jameson Geers","ARI","TE","IR",NA,"Undisclosed"
"2026-10-06T19:31:46Z","sleeper",NA,"Noah Whittington","HOU","RB","Out",NA,"Quadriceps"
"2026-10-06T19:31:46Z","sleeper",NA,"Tyquan Thornton","KC","WR","Out",NA,"Ankle"
"2026-10-06T19:31:46Z","sleeper",NA,"Colby Parkinson","LA","TE","Out",NA,"Shoulder - AC Joint"
"2026-10-06T19:31:46Z","sleeper",NA,"Kendrick Law","DET","WR","IR",NA,"Knee - ACL"
"2026-10-06T23:04:06Z","sleeper",NA,"Adam Randall","BAL","RB","IR",NA,"Undisclosed"
"2026-10-06T23:04:06Z","sleeper",NA,"Behren Morton","NE","QB","Out",NA,"Coach's Decision"
"2026-10-06T23:04:06Z","sleeper",NA,"Jake Tonges","SF","TE","IR",NA,"Knee"
"2026-10-06T23:04:06Z","sleeper",NA,"Pierre Strong","GB","RB","Questionable",NA,"Hamstring"
"2026-10-06T23:04:06Z","sleeper",NA,"Trey Sermon","ATL","RB","IR",NA,"Undisclosed"
"2026-10-06T23:04:06Z","sleeper",NA,"Johnny Wilson","PHI","WR","IR",NA,"Knee"
"2026-10-06T23:04:06Z","sleeper",NA,"Corey Rucker","LV","WR","IR",NA,"Undisclosed"
"2026-10-06T23:04:06Z","sleeper",NA,"Rachaad White","WAS","RB","Out",NA,"Shoulder"
"2026-10-06T23:04:06Z","sleeper",NA,"Jayden Reed","GB","WR","IR",NA,"Neck"
"2026-10-06T23:04:06Z","sleeper",NA,"Chris Brooks","GB","RB","Questionable",NA,"Ankle"
"2026-10-06T23:04:06Z","sleeper","00-0032398","Chris Moore","BAL","WR","Out",NA,"Ankle"
"2026-10-06T23:04:06Z","sleeper",NA,"CJ Williams","JAX","WR","Out",NA,"Coach's Decision"
"2026-10-06T23:04:06Z","sleeper",NA,"CJ Daniels","LA","WR","Out",NA,"Coach's Decision"
"2026-10-06T23:04:06Z","sleeper",NA,"Ko Kieft","TB","TE","Out",NA,"Elbow"
"2026-10-06T23:04:06Z","sleeper",NA,"Jacardia Wright","SEA","RB","Out",NA,"Foot"
"2026-10-06T23:04:06Z","sleeper",NA,"Brenen Thompson","LAC","WR","Out",NA,"Quadriceps"
"2026-10-06T23:04:06Z","sleeper",NA,"Justin Joly","MIA","TE","Out",NA,"Coach's Decision"
"2026-10-06T23:04:06Z","sleeper",NA,"Eli Raridon","NE","TE","Questionable",NA,"Ankle"
"2026-10-06T23:04:06Z","sleeper","00-0035250","Devin Singletary","NYG","RB","Out",NA,"Coach's Decision"
"2026-10-06T23:04:06Z","sleeper",NA,"Zach Wilson","NO","QB","Out",NA,"Coach's Decision"
"2026-10-06T23:04:06Z","sleeper",NA,"Ladd McConkey","LAC","WR","Out",NA,"Foot"
"2026-10-06T23:04:06Z","sleeper",NA,"Sam Ehlinger","DEN","QB","Out",NA,"Coach's Decision"
"2026-10-06T23:04:06Z","sleeper","00-0034419","Braxton Berrios","NYG","WR","Out",NA,"Foot"
"2026-10-06T23:04:06Z","sleeper",NA,"John Michael Gyllenborg","KC","TE","IR",NA,"Knee"
"2026-10-06T23:04:06Z","sleeper","00-0033662","Cooper Rush","ATL","QB","Out",NA,"Coach's Decision"
"2026-10-06T23:04:06Z","sleeper",NA,"Will Mallory","IND","TE","IR",NA,"Thumb"
"2026-10-06T23:04:06Z","sleeper",NA,"Isiah Pacheco","DET","RB","IR",NA,"Back"
"2026-10-06T23:04:06Z","sleeper",NA,"Trey Benson","ARI","RB","IR",NA,"Knee"
"2026-10-06T23:04:06Z","sleeper",NA,"Jimmy Holiday","KC","WR","IR",NA,"Undisclosed"
"2026-10-06T23:04:06Z","sleeper",NA,"Jake Bobo","SEA","WR","IR",NA,"Knee"
"2026-10-06T23:04:06Z","sleeper","00-0032775","Demarcus Robinson","SF","WR","IR",NA,"Ankle"
"2026-10-06T23:04:06Z","sleeper",NA,"Ja'Marr Chase","CIN","WR","Out",NA,"Concussion"
"2026-10-06T23:04:06Z","sleeper",NA,"Grant Calcaterra","PHI","TE","IR",NA,"Back"
"2026-10-06T23:04:06Z","sleeper",NA,"Calvin Austin","NYG","WR","IR",NA,"Knee"
"2026-10-06T23:04:06Z","sleeper",NA,"Jaren Kanak","TEN","TE","IR",NA,"Pectoral"
"2026-10-06T23:04:06Z","sleeper",NA,"Tee Higgins","CIN","WR","Questionable",NA,"Groin"
"2026-10-06T23:04:06Z","sleeper",NA,"Myles Montgomery","NE","RB","IR",NA,"Undisclosed"
"2026-10-06T23:04:06Z","sleeper",NA,"Jalen Nailor","LV","WR","Questionable",NA,"Concussion"
"2026-10-06T23:04:06Z","sleeper",NA,"Montorie Foster","SEA","WR","Out",NA,"Coach's Decision"
"2026-10-06T23:04:06Z","sleeper","00-0034796","Lamar Jackson","BAL","QB","Questionable",NA,"Ankle"
"2026-10-06T23:04:06Z","sleeper",NA,"Eli Stowers","PHI","TE","IR",NA,"Hamstring"
"2026-10-06T23:04:06Z","sleeper",NA,"Jalen McMillan","TB","WR","IR",NA,"Knee - PCL"
"2026-10-06T23:04:06Z","sleeper","00-0033955","Jeremy McNichols","WAS","RB","IR",NA,"Quadriceps"
"2026-10-06T23:04:06Z","sleeper","00-0034855","Baker Mayfield","TB","QB","Out",NA,"Thumb"
"2026-10-06T23:04:06Z","sleeper","00-0033553","James Conner","ARI","RB","IR",NA,"Foot"
"2026-10-06T23:04:06Z","sleeper",NA,"Michael Carter","TEN","RB","Out",NA,"Coach's Decision"
"2026-10-06T23:04:06Z","sleeper",NA,"Isaac Guerendo","SF","RB","PUP",NA,"Pectoral"
"2026-10-06T23:04:06Z","sleeper",NA,"Carson Beck","ARI","QB","Out",NA,"Coach's Decision"
"2026-10-06T23:04:06Z","sleeper",NA,"Ricky Pearsall","SF","WR","IR",NA,"Knee - PCL"
"2026-10-06T23:04:06Z","sleeper",NA,"Terrance Ferguson","LA","TE","IR",NA,"Ankle"
"2026-10-06T23:04:06Z","sleeper","00-0035249","Josh Oliver","MIN","TE","IR",NA,"Biceps"
"2026-10-06T23:04:06Z","sleeper",NA,"Jordan Mason","MIN","RB","IR",NA,"Thumb"
"2026-10-06T23:04:06Z","sleeper",NA,"Luke McCaffrey","WAS","WR","Out",NA,"Coach's Decision"
"2026-10-06T23:04:06Z","sleeper",NA,"Caleb Douglas","MIA","WR","Out",NA,"Ankle"
"2026-10-06T23:04:06Z","sleeper",NA,"Rico Dowdle","PIT","RB","Out",NA,"Toe"
"2026-10-06T23:04:06Z","sleeper",NA,"Mason Tipton","NO","WR","PUP",NA,"Groin"
"2026-10-06T23:04:06Z","sleeper",NA,"Caleb Lohner","DEN","TE","IR",NA,"Lower Body"
"2026-10-06T23:04:06Z","sleeper",NA,"Skylar Thompson","BAL","QB","IR",NA,"Undisclosed"
"2026-10-06T23:04:06Z","sleeper",NA,"British Brooks","HOU","RB","IR",NA,"Hamstring"
"2026-10-06T23:04:06Z","sleeper",NA,"Haynes King","CAR","QB","Out",NA,"Coach's Decision"
"2026-10-06T23:04:06Z","sleeper","00-0034611","Donnie Ernsberger","TEN","TE","Questionable",NA,NA
"2026-10-06T23:04:06Z","sleeper",NA,"Nikola Kalinic","CHI","TE","IR",NA,"Knee"
"2026-10-06T23:04:06Z","sleeper",NA,"Hunter Long","ARI","TE","IR",NA,"Knee"
"2026-10-06T23:04:06Z","sleeper",NA,"Savion Williams","GB","WR","IR",NA,"Undisclosed"
"2026-10-06T23:04:06Z","sleeper",NA,"Eli Heidenreich","PIT","RB","Out",NA,"Coach's Decision"
"2026-10-06T23:04:06Z","sleeper",NA,"Irv Charles","SEA","WR","IR",NA,"Undisclosed"
"2026-10-06T23:04:06Z","sleeper","00-0033375","Tim Patrick","NYJ","WR","IR",NA,"Groin"
"2026-10-06T23:04:06Z","sleeper",NA,"Cole Payton","PHI","QB","Out",NA,"Coach's Decision"
"2026-10-06T23:04:06Z","sleeper",NA,"Robbie Ouzts","SEA","RB","IR",NA,"Undisclosed"
"2026-10-06T23:04:06Z","sleeper",NA,"Andrei Iosivas","CIN","WR","IR",NA,"Thumb"
"2026-10-06T23:04:06Z","sleeper",NA,"De'Zhaun Stribling","SF","WR","IR",NA,"Ankle"
"2026-10-06T23:04:06Z","sleeper",NA,"Marlin Klein","HOU","TE","Out",NA,"Coach's Decision"
"2026-10-06T23:04:06Z","sleeper","00-0035676","A.J. Brown","NE","WR","IR",NA,"Ankle"
"2026-10-06T23:04:06Z","sleeper","00-0035645","Gunner Olszewski","NYG","WR","IR",NA,"Achilles"
"2026-10-06T23:04:06Z","sleeper","00-0034844","Saquon Barkley","PHI","RB","Out",NA,"Hamstring"
"2026-10-06T23:04:06Z","sleeper",NA,"Chris Brazzell","CAR","WR","IR",NA,"Knee"
"2026-10-06T23:04:06Z","sleeper",NA,"Jaylin Lane","WAS","WR","IR",NA,"Ankle"
"2026-10-06T23:04:06Z","sleeper",NA,"Jadarian Price","SEA","RB","IR",NA,"Chest"
"2026-10-06T23:04:06Z","sleeper",NA,"Alec Pierce","IND","WR","IR",NA,"Heel"
"2026-10-06T23:04:06Z","sleeper",NA,"Jaxson Dart","NYG","QB","IR",NA,"Knee - Meniscus"
"2026-10-06T23:04:06Z","sleeper",NA,"Jeff Caldwell","KC","WR","IR",NA,"Knee"
"2026-10-06T23:04:06Z","sleeper",NA,"Riley Leonard","IND","QB","Out",NA,"Coach's Decision"
"2026-10-06T23:04:06Z","sleeper","00-0034827","DJ Moore","BUF","WR","Questionable",NA,"Undisclosed"
"2026-10-06T23:04:06Z","sleeper","00-0034351","Dallas Goedert","PHI","TE","Out",NA,"Knee - MCL"
"2026-10-06T23:04:06Z","sleeper","00-0034439","Tyler Conklin","DET","TE","Out",NA,"Coach's Decision"
"2026-10-06T23:04:06Z","sleeper",NA,"Max Brosmer","MIN","QB","Out",NA,"Coach's Decision"
"2026-10-06T23:04:06Z","sleeper",NA,"Rashee Rice","KC","WR","Questionable",NA,"Hamstring"
"2026-10-06T23:04:06Z","sleeper",NA,"De'Von Achane","MIA","RB","IR",NA,"Knee - ACL"
"2026-10-06T23:04:06Z","sleeper",NA,"Thomas Yassmin","GB","TE","IR",NA,"Undisclosed"
"2026-10-06T23:04:06Z","sleeper",NA,"Nick Kallerup","SEA","TE","Out",NA,"Coach's Decision"
"2026-10-06T23:04:06Z","sleeper",NA,"Jeremiyah Love","ARI","RB","Questionable",NA,"Ankle"
"2026-10-06T23:04:06Z","sleeper",NA,"DeVonta Smith","PHI","WR","Out",NA,"Hamstring"
"2026-10-06T23:04:06Z","sleeper",NA,"Will Howard","PIT","QB","Out",NA,"Coach's Decision"
"2026-10-06T23:04:06Z","sleeper",NA,"DJ Rogers","DAL","TE","IR",NA,"Knee"
"2026-10-06T23:04:06Z","sleeper","00-0033555","Mack Hollins","NE","WR","Questionable",NA,"Calf"
"2026-10-06T23:04:06Z","sleeper","00-0035662","Marquise Brown","PHI","WR","Out",NA,"Ankle"
"2026-10-06T23:04:06Z","sleeper",NA,"Julian Hill","NE","TE","IR",NA,"Knee"
"2026-10-06T23:04:06Z","sleeper",NA,"Thomas Fidone","NYG","TE","Out",NA,"Coach's Decision"
"2026-10-06T23:04:06Z","sleeper",NA,"Aidan O'Connell","LV","QB","Out",NA,"Coach's Decision"
"2026-10-06T23:04:06Z","sleeper",NA,"Jack Bech","LV","WR","IR",NA,"Forearm"
"2026-10-06T23:04:06Z","sleeper",NA,"Moliki Matavao","NO","TE","IR",NA,"Knee"
"2026-10-06T23:04:06Z","sleeper","00-0030279","Keenan Allen","IND","WR","Out",NA,"Groin"
"2026-10-06T23:04:06Z","sleeper",NA,"Kurtis Rourke","SF","QB","Out",NA,"Coach's Decision"
"2026-10-06T23:04:06Z","sleeper",NA,"Reggie Gilliam","NE","RB","Questionable",NA,"Knee"
"2026-10-06T23:04:06Z","sleeper",NA,"Jared Wiley","KC","TE","Out",NA,"Coach's Decision"
"2026-10-06T23:04:06Z","sleeper",NA,"Trevor Etienne","CAR","RB","IR",NA,"Ankle"
"2026-10-06T23:04:06Z","sleeper",NA,"Arian Smith","NYJ","WR","IR",NA,"Knee"
"2026-10-06T23:04:06Z","sleeper",NA,"Ty Simpson","LA","QB","Out",NA,"Coach's Decision"
"2026-10-06T23:04:06Z","sleeper",NA,"Brittain Brown","CHI","RB","IR",NA,"Undisclosed"
"2026-10-06T23:04:06Z","sleeper",NA,"Dont'e Thornton","LV","WR","IR",NA,"Undisclosed"
"2026-10-06T23:04:06Z","sleeper",NA,"Jeremiah Webb","NE","WR","IR",NA,"Arm"
"2026-10-06T23:04:06Z","sleeper",NA,"DJ Uiagalelei","LAC","QB","Out",NA,"Coach's Decision"
"2026-10-06T23:04:06Z","sleeper",NA,"Konata Mumpfield","LA","WR","Questionable",NA,"Shoulder"
"2026-10-06T23:04:06Z","sleeper",NA,"Luke Musgrave","GB","TE","PUP",NA,"Undisclosed"
"2026-10-06T23:04:06Z","sleeper",NA,"Jordyn Tyson","NO","WR","IR",NA,"Hamstring"
"2026-10-06T23:04:06Z","sleeper",NA,"Brady Cook","MIA","QB","Out",NA,"Coach's Decision"
"2026-10-06T23:04:06Z","sleeper",NA,"Camden Brown","DAL","WR","Out",NA,"Coach's Decision"
"2026-10-06T23:04:06Z","sleeper",NA,"Pat Bryant","DEN","WR","Questionable",NA,"Leg"
"2026-10-06T23:04:06Z","sleeper",NA,"Omar Cooper","NYJ","WR","IR",NA,"Ankle"
"2026-10-06T23:04:06Z","sleeper",NA,"Ben Yurosek","MIN","TE","IR",NA,"Undisclosed"
"2026-10-06T23:04:06Z","sleeper",NA,"Travis Etienne","NO","RB","IR",NA,"Hamstring"
"2026-10-06T23:04:06Z","sleeper",NA,"Kyle Monangai","CHI","RB","Questionable",NA,"Thumb"
"2026-10-06T23:04:06Z","sleeper",NA,"Ronnie Rivers","LA","RB","IR",NA,"Calf"
"2026-10-06T23:04:06Z","sleeper",NA,"Matthew Caldwell","LA","QB","IR",NA,"Undisclosed"
"2026-10-06T23:04:06Z","sleeper",NA,"Jonathon Brooks","CAR","RB","IR",NA,"Abdomen"
"2026-10-06T23:04:06Z","sleeper",NA,"Dylan Sampson","CLE","RB","IR",NA,"Knee"
"2026-10-06T23:04:06Z","sleeper",NA,"Reggie Virgil","ARI","WR","Out",NA,"Coach's Decision"
"2026-10-06T23:04:06Z","sleeper",NA,"Dallen Bentley","DEN","TE","Out",NA,"Coach's Decision"
"2026-10-06T23:04:06Z","sleeper","00-0035659","Terry McLaurin","WAS","WR","Out",NA,"Hamstring"
"2026-10-06T23:04:06Z","sleeper","00-0034775","Christian Kirk","SF","WR","IR",NA,"Calf"
"2026-10-06T23:04:06Z","sleeper",NA,"Jalen Coker","CAR","WR","Out",NA,"Quadriceps"
"2026-10-06T23:04:06Z","sleeper",NA,"Mason Taylor","NYJ","TE","Out",NA,"Thumb"
"2026-10-06T23:04:06Z","sleeper","00-0035359","David Sills","TB","WR","IR",NA,"Undisclosed"
"2026-10-06T23:04:06Z","sleeper",NA,"Tank Bigsby","PHI","RB","Out",NA,"Lower Body"
"2026-10-06T23:04:06Z","sleeper",NA,"Carson Towt","IND","TE","IR",NA,"Undisclosed"
"2026-10-06T23:04:06Z","sleeper",NA,"Graham Mertz","HOU","QB","IR",NA,"Knee - ACL"
"2026-10-06T23:04:06Z","sleeper",NA,"Emari Demercado","DAL","RB","Out",NA,"Coach's Decision"
"2026-10-06T23:04:06Z","sleeper",NA,"Dillon Gabriel","CLE","QB","IR",NA,"Back"
"2026-10-06T23:04:06Z","sleeper",NA,"Ty Chandler","NO","RB","IR",NA,"Knee"
"2026-10-06T23:04:06Z","sleeper",NA,"Xavier Legette","CAR","WR","IR",NA,"Knee"
"2026-10-06T23:04:06Z","sleeper","00-0035644","Noah Fant","NO","TE","Out",NA,"Abdomen"
"2026-10-06T23:04:06Z","sleeper",NA,"Colbie Young","CIN","WR","Out",NA,"Knee"
"2026-10-06T23:04:06Z","sleeper",NA,"Jayden Higgins","HOU","WR","IR",NA,"Knee - ACL"
"2026-10-06T23:04:06Z","sleeper",NA,"Tylan Wallace","CLE","WR","Out",NA,"Knee"
"2026-10-06T23:04:06Z","sleeper",NA,"Garrett Nussmeier","KC","QB","Out",NA,"Coach's Decision"
"2026-10-06T23:04:06Z","sleeper",NA,"Justin Jefferson","MIN","WR","Out",NA,"Ankle"
"2026-10-06T23:04:06Z","sleeper",NA,"Tyrell Shavers","BUF","WR","PUP",NA,"Knee - ACL"
"2026-10-06T23:04:06Z","sleeper",NA,"Ja'Tavion Sanders","CAR","TE","Out",NA,"Coach's Decision"
"2026-10-06T23:04:06Z","sleeper","00-0034798","Durham Smythe","BAL","TE","Out",NA,"Achilles"
"2026-10-06T23:04:06Z","sleeper","00-0035045","D.J. Montgomery","IND","WR","IR",NA,"Abdomen"
"2026-10-06T23:04:06Z","sleeper",NA,"Adonai Mitchell","NYJ","WR","Out",NA,"Finger"
"2026-10-06T23:04:06Z","sleeper",NA,"DJ Giddens","IND","RB","Out",NA,"Coach's Decision"
"2026-10-06T23:04:06Z","sleeper",NA,"Jordan James","SF","RB","Out",NA,"Coach's Decision"
"2026-10-06T23:04:06Z","sleeper",NA,"Kylen Granson","TEN","TE","Out",NA,"Coach's Decision"
"2026-10-06T23:04:06Z","sleeper",NA,"Brandon Aiyuk","SF","WR","Out",NA,"Knee - ACL + MCL"
"2026-10-06T23:04:06Z","sleeper",NA,"Hayden Large","CHI","TE","IR",NA,"Undisclosed"
"2026-10-06T23:04:06Z","sleeper",NA,"Jonah Coleman","DEN","RB","IR",NA,"Ankle"
"2026-10-06T23:04:06Z","sleeper",NA,"Ja'Kobi Lane","BAL","WR","IR",NA,"Wrist"
"2026-10-06T23:04:06Z","sleeper",NA,"Carter Runyon","LV","TE","IR",NA,"Undisclosed"
"2026-10-06T23:04:06Z","sleeper","00-0029892","Kyle Juszczyk","SF","RB","Out",NA,"Knee"
"2026-10-06T23:04:06Z","sleeper",NA,"Princeton Fant","DAL","TE","IR",NA,"Knee - ACL + MCL"
"2026-10-06T23:04:06Z","sleeper",NA,"Skyler Bell","BUF","WR","Out",NA,"Coach's Decision"
"2026-10-06T23:04:06Z","sleeper",NA,"Charlie Kolar","LAC","TE","Out",NA,"Forearm"
"2026-10-06T23:04:06Z","sleeper",NA,"Malik Davis","DAL","RB","IR",NA,"Hip"
"2026-10-06T23:04:06Z","sleeper",NA,"Caleb Williams","CHI","QB","Out",NA,"Hamstring"
"2026-10-06T23:04:06Z","sleeper","00-0033906","Alvin Kamara","NO","RB","Questionable",NA,"Knee"
"2026-10-06T23:04:06Z","sleeper",NA,"Tip Reiman","ARI","TE","PUP",NA,"Ankle"
"2026-10-06T23:04:06Z","sleeper",NA,"Tank Dell","HOU","WR","IR",NA,"Knee - ACL + MCL"
"2026-10-06T23:04:06Z","sleeper","00-0032268","Marcus Mariota","WAS","QB","Out",NA,"Knee"
"2026-10-06T23:04:06Z","sleeper","00-0035535","Darius Slayton","IND","WR","Out",NA,"Coach's Decision"
"2026-10-06T23:04:06Z","sleeper",NA,"Cole Turner","MIA","TE","IR",NA,"Undisclosed"
"2026-10-06T23:04:06Z","sleeper",NA,"Jalen Milroe","SEA","QB","Out",NA,"Coach's Decision"
"2026-10-06T23:04:06Z","sleeper",NA,"Chris Collier","LV","RB","IR",NA,"Undisclosed"
"2026-10-06T23:04:06Z","sleeper",NA,"KeAndre Lambert-Smith","LAC","WR","IR",NA,"Hamstring"
"2026-10-06T23:04:06Z","sleeper",NA,"Taylen Green","CLE","QB","Out",NA,"Coach's Decision"
"2026-10-06T23:04:06Z","sleeper",NA,"Joe Royer","CLE","TE","PUP",NA,"Personal"
"2026-10-06T23:04:06Z","sleeper",NA,"Zach Charbonnet","SEA","RB","PUP",NA,"Knee - ACL"
"2026-10-06T23:04:06Z","sleeper",NA,"Joe Fagnano","BAL","QB","Out",NA,"Coach's Decision"
"2026-10-06T23:04:06Z","sleeper",NA,"Drew Allar","PIT","QB","Out",NA,"Coach's Decision"
"2026-10-06T23:04:06Z","sleeper",NA,"Jayden Daniels","WAS","QB","Out",NA,"Elbow"
"2026-10-06T23:04:06Z","sleeper",NA,"Tanner Arkin","NE","TE","Out",NA,"Coach's Decision"
"2026-10-06T23:04:06Z","sleeper",NA,"Jack Strand","ATL","QB","Out",NA,"Coach's Decision"
"2026-10-06T23:04:06Z","sleeper","00-0033885","David Njoku","LAC","TE","IR",NA,"Lower Leg"
"2026-10-06T23:04:06Z","sleeper",NA,"Beaux Collins","ATL","WR","IR",NA,"Undisclosed"
"2026-10-06T23:04:06Z","sleeper",NA,"Breece Hall","NYJ","RB","Out",NA,"Quadriceps"
"2026-10-06T23:04:06Z","sleeper",NA,"Jameson Geers","ARI","TE","IR",NA,"Undisclosed"
"2026-10-06T23:04:06Z","sleeper",NA,"Noah Whittington","HOU","RB","Out",NA,"Quadriceps"
"2026-10-06T23:04:06Z","sleeper",NA,"Tyquan Thornton","KC","WR","Out",NA,"Ankle"
"2026-10-06T23:04:06Z","sleeper",NA,"Colby Parkinson","LA","TE","Out",NA,"Shoulder - AC Joint"
"2026-10-06T23:04:06Z","sleeper",NA,"Kendrick Law","DET","WR","IR",NA,"Knee - ACL"
"2026-10-06T23:23:14Z","sleeper",NA,"Adam Randall","BAL","RB","IR",NA,"Undisclosed"
"2026-10-06T23:23:14Z","sleeper",NA,"Behren Morton","NE","QB","Out",NA,"Coach's Decision"
"2026-10-06T23:23:14Z","sleeper",NA,"Jake Tonges","SF","TE","IR",NA,"Knee"
"2026-10-06T23:23:14Z","sleeper",NA,"Pierre Strong","GB","RB","Questionable",NA,"Hamstring"
"2026-10-06T23:23:14Z","sleeper",NA,"Trey Sermon","ATL","RB","IR",NA,"Undisclosed"
"2026-10-06T23:23:14Z","sleeper",NA,"Johnny Wilson","PHI","WR","IR",NA,"Knee"
"2026-10-06T23:23:14Z","sleeper",NA,"Corey Rucker","LV","WR","IR",NA,"Undisclosed"
"2026-10-06T23:23:14Z","sleeper",NA,"Rachaad White","WAS","RB","Out",NA,"Shoulder"
"2026-10-06T23:23:14Z","sleeper",NA,"Jayden Reed","GB","WR","IR",NA,"Neck"
"2026-10-06T23:23:14Z","sleeper",NA,"Chris Brooks","GB","RB","Questionable",NA,"Ankle"
"2026-10-06T23:23:14Z","sleeper","00-0032398","Chris Moore","BAL","WR","Out",NA,"Ankle"
"2026-10-06T23:23:14Z","sleeper",NA,"CJ Williams","JAX","WR","Out",NA,"Coach's Decision"
"2026-10-06T23:23:14Z","sleeper",NA,"CJ Daniels","LA","WR","Out",NA,"Coach's Decision"
"2026-10-06T23:23:14Z","sleeper",NA,"Ko Kieft","TB","TE","Out",NA,"Elbow"
"2026-10-06T23:23:14Z","sleeper",NA,"Jacardia Wright","SEA","RB","Out",NA,"Foot"
"2026-10-06T23:23:14Z","sleeper",NA,"Brenen Thompson","LAC","WR","Out",NA,"Quadriceps"
"2026-10-06T23:23:14Z","sleeper",NA,"Justin Joly","MIA","TE","Out",NA,"Coach's Decision"
"2026-10-06T23:23:14Z","sleeper",NA,"Eli Raridon","NE","TE","Questionable",NA,"Ankle"
"2026-10-06T23:23:14Z","sleeper","00-0035250","Devin Singletary","NYG","RB","Out",NA,"Coach's Decision"
"2026-10-06T23:23:14Z","sleeper",NA,"Zach Wilson","NO","QB","Out",NA,"Coach's Decision"
"2026-10-06T23:23:14Z","sleeper",NA,"Ladd McConkey","LAC","WR","Out",NA,"Foot"
"2026-10-06T23:23:14Z","sleeper",NA,"Sam Ehlinger","DEN","QB","Out",NA,"Coach's Decision"
"2026-10-06T23:23:14Z","sleeper","00-0034419","Braxton Berrios","NYG","WR","Out",NA,"Foot"
"2026-10-06T23:23:14Z","sleeper",NA,"John Michael Gyllenborg","KC","TE","IR",NA,"Knee"
"2026-10-06T23:23:14Z","sleeper","00-0033662","Cooper Rush","ATL","QB","Out",NA,"Coach's Decision"
"2026-10-06T23:23:14Z","sleeper",NA,"Will Mallory","IND","TE","IR",NA,"Thumb"
"2026-10-06T23:23:14Z","sleeper",NA,"Isiah Pacheco","DET","RB","IR",NA,"Back"
"2026-10-06T23:23:14Z","sleeper",NA,"Trey Benson","ARI","RB","IR",NA,"Knee"
"2026-10-06T23:23:14Z","sleeper",NA,"Jimmy Holiday","KC","WR","IR",NA,"Undisclosed"
"2026-10-06T23:23:14Z","sleeper",NA,"Jake Bobo","SEA","WR","IR",NA,"Knee"
"2026-10-06T23:23:14Z","sleeper","00-0032775","Demarcus Robinson","SF","WR","IR",NA,"Ankle"
"2026-10-06T23:23:14Z","sleeper",NA,"Ja'Marr Chase","CIN","WR","Out",NA,"Concussion"
"2026-10-06T23:23:14Z","sleeper",NA,"Grant Calcaterra","PHI","TE","IR",NA,"Back"
"2026-10-06T23:23:14Z","sleeper",NA,"Calvin Austin","NYG","WR","IR",NA,"Knee"
"2026-10-06T23:23:14Z","sleeper",NA,"Jaren Kanak","TEN","TE","IR",NA,"Pectoral"
"2026-10-06T23:23:14Z","sleeper",NA,"Tee Higgins","CIN","WR","Questionable",NA,"Groin"
"2026-10-06T23:23:14Z","sleeper",NA,"Myles Montgomery","NE","RB","IR",NA,"Undisclosed"
"2026-10-06T23:23:14Z","sleeper",NA,"Jalen Nailor","LV","WR","Questionable",NA,"Concussion"
"2026-10-06T23:23:14Z","sleeper",NA,"Montorie Foster","SEA","WR","Out",NA,"Coach's Decision"
"2026-10-06T23:23:14Z","sleeper","00-0034796","Lamar Jackson","BAL","QB","Questionable",NA,"Ankle"
"2026-10-06T23:23:14Z","sleeper",NA,"Eli Stowers","PHI","TE","IR",NA,"Hamstring"
"2026-10-06T23:23:14Z","sleeper",NA,"Jalen McMillan","TB","WR","IR",NA,"Knee - PCL"
"2026-10-06T23:23:14Z","sleeper","00-0033955","Jeremy McNichols","WAS","RB","IR",NA,"Quadriceps"
"2026-10-06T23:23:14Z","sleeper","00-0034855","Baker Mayfield","TB","QB","Out",NA,"Thumb"
"2026-10-06T23:23:14Z","sleeper","00-0033553","James Conner","ARI","RB","IR",NA,"Foot"
"2026-10-06T23:23:14Z","sleeper",NA,"Michael Carter","TEN","RB","Out",NA,"Coach's Decision"
"2026-10-06T23:23:14Z","sleeper",NA,"Isaac Guerendo","SF","RB","PUP",NA,"Pectoral"
"2026-10-06T23:23:14Z","sleeper",NA,"Carson Beck","ARI","QB","Out",NA,"Coach's Decision"
"2026-10-06T23:23:14Z","sleeper",NA,"Ricky Pearsall","SF","WR","IR",NA,"Knee - PCL"
"2026-10-06T23:23:14Z","sleeper",NA,"Terrance Ferguson","LA","TE","IR",NA,"Ankle"
"2026-10-06T23:23:14Z","sleeper","00-0035249","Josh Oliver","MIN","TE","IR",NA,"Biceps"
"2026-10-06T23:23:14Z","sleeper",NA,"Jordan Mason","MIN","RB","IR",NA,"Thumb"
"2026-10-06T23:23:14Z","sleeper",NA,"Luke McCaffrey","WAS","WR","Out",NA,"Coach's Decision"
"2026-10-06T23:23:14Z","sleeper",NA,"Caleb Douglas","MIA","WR","Out",NA,"Ankle"
"2026-10-06T23:23:14Z","sleeper",NA,"Rico Dowdle","PIT","RB","Out",NA,"Toe"
"2026-10-06T23:23:14Z","sleeper",NA,"Mason Tipton","NO","WR","PUP",NA,"Groin"
"2026-10-06T23:23:14Z","sleeper",NA,"Caleb Lohner","DEN","TE","IR",NA,"Lower Body"
"2026-10-06T23:23:14Z","sleeper",NA,"Skylar Thompson","BAL","QB","IR",NA,"Undisclosed"
"2026-10-06T23:23:14Z","sleeper",NA,"British Brooks","HOU","RB","IR",NA,"Hamstring"
"2026-10-06T23:23:14Z","sleeper",NA,"Haynes King","CAR","QB","Out",NA,"Coach's Decision"
"2026-10-06T23:23:14Z","sleeper","00-0034611","Donnie Ernsberger","TEN","TE","Questionable",NA,NA
"2026-10-06T23:23:14Z","sleeper",NA,"Nikola Kalinic","CHI","TE","IR",NA,"Knee"
"2026-10-06T23:23:14Z","sleeper",NA,"Hunter Long","ARI","TE","IR",NA,"Knee"
"2026-10-06T23:23:14Z","sleeper",NA,"Savion Williams","GB","WR","IR",NA,"Undisclosed"
"2026-10-06T23:23:14Z","sleeper",NA,"Eli Heidenreich","PIT","RB","Out",NA,"Coach's Decision"
"2026-10-06T23:23:14Z","sleeper",NA,"Irv Charles","SEA","WR","IR",NA,"Undisclosed"
"2026-10-06T23:23:14Z","sleeper","00-0033375","Tim Patrick","NYJ","WR","IR",NA,"Groin"
"2026-10-06T23:23:14Z","sleeper",NA,"Cole Payton","PHI","QB","Out",NA,"Coach's Decision"
"2026-10-06T23:23:14Z","sleeper",NA,"Robbie Ouzts","SEA","RB","IR",NA,"Undisclosed"
"2026-10-06T23:23:14Z","sleeper",NA,"Andrei Iosivas","CIN","WR","IR",NA,"Thumb"
"2026-10-06T23:23:14Z","sleeper",NA,"De'Zhaun Stribling","SF","WR","IR",NA,"Ankle"
"2026-10-06T23:23:14Z","sleeper",NA,"Marlin Klein","HOU","TE","Out",NA,"Coach's Decision"
"2026-10-06T23:23:14Z","sleeper","00-0035676","A.J. Brown","NE","WR","IR",NA,"Ankle"
"2026-10-06T23:23:14Z","sleeper","00-0035645","Gunner Olszewski","NYG","WR","IR",NA,"Achilles"
"2026-10-06T23:23:14Z","sleeper","00-0034844","Saquon Barkley","PHI","RB","Out",NA,"Hamstring"
"2026-10-06T23:23:14Z","sleeper",NA,"Chris Brazzell","CAR","WR","IR",NA,"Knee"
"2026-10-06T23:23:14Z","sleeper",NA,"Jaylin Lane","WAS","WR","IR",NA,"Ankle"
"2026-10-06T23:23:14Z","sleeper",NA,"Jadarian Price","SEA","RB","IR",NA,"Chest"
"2026-10-06T23:23:14Z","sleeper",NA,"Alec Pierce","IND","WR","IR",NA,"Heel"
"2026-10-06T23:23:14Z","sleeper",NA,"Jaxson Dart","NYG","QB","IR",NA,"Knee - Meniscus"
"2026-10-06T23:23:14Z","sleeper",NA,"Jeff Caldwell","KC","WR","IR",NA,"Knee"
"2026-10-06T23:23:14Z","sleeper",NA,"Riley Leonard","IND","QB","Out",NA,"Coach's Decision"
"2026-10-06T23:23:14Z","sleeper","00-0034827","DJ Moore","BUF","WR","Questionable",NA,"Undisclosed"
"2026-10-06T23:23:14Z","sleeper","00-0034351","Dallas Goedert","PHI","TE","Out",NA,"Knee - MCL"
"2026-10-06T23:23:14Z","sleeper","00-0034439","Tyler Conklin","DET","TE","Out",NA,"Coach's Decision"
"2026-10-06T23:23:14Z","sleeper",NA,"Max Brosmer","MIN","QB","Out",NA,"Coach's Decision"
"2026-10-06T23:23:14Z","sleeper",NA,"Rashee Rice","KC","WR","Questionable",NA,"Hamstring"
"2026-10-06T23:23:14Z","sleeper",NA,"De'Von Achane","MIA","RB","IR",NA,"Knee - ACL"
"2026-10-06T23:23:14Z","sleeper",NA,"Thomas Yassmin","GB","TE","IR",NA,"Undisclosed"
"2026-10-06T23:23:14Z","sleeper",NA,"Nick Kallerup","SEA","TE","Out",NA,"Coach's Decision"
"2026-10-06T23:23:14Z","sleeper",NA,"Jeremiyah Love","ARI","RB","Questionable",NA,"Ankle"
"2026-10-06T23:23:14Z","sleeper",NA,"DeVonta Smith","PHI","WR","Out",NA,"Hamstring"
"2026-10-06T23:23:14Z","sleeper",NA,"Will Howard","PIT","QB","Out",NA,"Coach's Decision"
"2026-10-06T23:23:14Z","sleeper",NA,"DJ Rogers","DAL","TE","IR",NA,"Knee"
"2026-10-06T23:23:14Z","sleeper","00-0033555","Mack Hollins","NE","WR","Questionable",NA,"Calf"
"2026-10-06T23:23:14Z","sleeper","00-0035662","Marquise Brown","PHI","WR","Out",NA,"Ankle"
"2026-10-06T23:23:14Z","sleeper",NA,"Julian Hill","NE","TE","IR",NA,"Knee"
"2026-10-06T23:23:14Z","sleeper",NA,"Thomas Fidone","NYG","TE","Out",NA,"Coach's Decision"
"2026-10-06T23:23:14Z","sleeper",NA,"Aidan O'Connell","LV","QB","Out",NA,"Coach's Decision"
"2026-10-06T23:23:14Z","sleeper",NA,"Jack Bech","LV","WR","IR",NA,"Forearm"
"2026-10-06T23:23:14Z","sleeper",NA,"Moliki Matavao","NO","TE","IR",NA,"Knee"
"2026-10-06T23:23:14Z","sleeper","00-0030279","Keenan Allen","IND","WR","Out",NA,"Groin"
"2026-10-06T23:23:14Z","sleeper",NA,"Kurtis Rourke","SF","QB","Out",NA,"Coach's Decision"
"2026-10-06T23:23:14Z","sleeper",NA,"Reggie Gilliam","NE","RB","Questionable",NA,"Knee"
"2026-10-06T23:23:14Z","sleeper",NA,"Jared Wiley","KC","TE","Out",NA,"Coach's Decision"
"2026-10-06T23:23:14Z","sleeper",NA,"Trevor Etienne","CAR","RB","IR",NA,"Ankle"
"2026-10-06T23:23:14Z","sleeper",NA,"Arian Smith","NYJ","WR","IR",NA,"Knee"
"2026-10-06T23:23:14Z","sleeper",NA,"Ty Simpson","LA","QB","Out",NA,"Coach's Decision"
"2026-10-06T23:23:14Z","sleeper",NA,"Brittain Brown","CHI","RB","IR",NA,"Undisclosed"
"2026-10-06T23:23:14Z","sleeper",NA,"Dont'e Thornton","LV","WR","IR",NA,"Undisclosed"
"2026-10-06T23:23:14Z","sleeper",NA,"Jeremiah Webb","NE","WR","IR",NA,"Arm"
"2026-10-06T23:23:14Z","sleeper",NA,"DJ Uiagalelei","LAC","QB","Out",NA,"Coach's Decision"
"2026-10-06T23:23:14Z","sleeper",NA,"Konata Mumpfield","LA","WR","Questionable",NA,"Shoulder"
"2026-10-06T23:23:14Z","sleeper",NA,"Luke Musgrave","GB","TE","PUP",NA,"Undisclosed"
"2026-10-06T23:23:14Z","sleeper",NA,"Jordyn Tyson","NO","WR","IR",NA,"Hamstring"
"2026-10-06T23:23:14Z","sleeper",NA,"Brady Cook","MIA","QB","Out",NA,"Coach's Decision"
"2026-10-06T23:23:14Z","sleeper",NA,"Camden Brown","DAL","WR","Out",NA,"Coach's Decision"
"2026-10-06T23:23:14Z","sleeper",NA,"Pat Bryant","DEN","WR","Questionable",NA,"Leg"
"2026-10-06T23:23:14Z","sleeper",NA,"Omar Cooper","NYJ","WR","IR",NA,"Ankle"
"2026-10-06T23:23:14Z","sleeper",NA,"Ben Yurosek","MIN","TE","IR",NA,"Undisclosed"
"2026-10-06T23:23:14Z","sleeper",NA,"Travis Etienne","NO","RB","IR",NA,"Hamstring"
"2026-10-06T23:23:14Z","sleeper",NA,"Kyle Monangai","CHI","RB","Questionable",NA,"Thumb"
"2026-10-06T23:23:14Z","sleeper",NA,"Ronnie Rivers","LA","RB","IR",NA,"Calf"
"2026-10-06T23:23:14Z","sleeper",NA,"Matthew Caldwell","LA","QB","IR",NA,"Undisclosed"
"2026-10-06T23:23:14Z","sleeper",NA,"Jonathon Brooks","CAR","RB","IR",NA,"Abdomen"
"2026-10-06T23:23:14Z","sleeper",NA,"Dylan Sampson","CLE","RB","IR",NA,"Knee"
"2026-10-06T23:23:14Z","sleeper",NA,"Reggie Virgil","ARI","WR","Out",NA,"Coach's Decision"
"2026-10-06T23:23:14Z","sleeper",NA,"Dallen Bentley","DEN","TE","Out",NA,"Coach's Decision"
"2026-10-06T23:23:14Z","sleeper","00-0035659","Terry McLaurin","WAS","WR","Out",NA,"Hamstring"
"2026-10-06T23:23:14Z","sleeper","00-0034775","Christian Kirk","SF","WR","IR",NA,"Calf"
"2026-10-06T23:23:14Z","sleeper",NA,"Jalen Coker","CAR","WR","Out",NA,"Quadriceps"
"2026-10-06T23:23:14Z","sleeper",NA,"Mason Taylor","NYJ","TE","Out",NA,"Thumb"
"2026-10-06T23:23:14Z","sleeper","00-0035359","David Sills","TB","WR","IR",NA,"Undisclosed"
"2026-10-06T23:23:14Z","sleeper",NA,"Tank Bigsby","PHI","RB","IR",NA,"Abdomen"
"2026-10-06T23:23:14Z","sleeper",NA,"Carson Towt","IND","TE","IR",NA,"Undisclosed"
"2026-10-06T23:23:14Z","sleeper",NA,"Graham Mertz","HOU","QB","IR",NA,"Knee - ACL"
"2026-10-06T23:23:14Z","sleeper",NA,"Emari Demercado","DAL","RB","Out",NA,"Coach's Decision"
"2026-10-06T23:23:14Z","sleeper",NA,"Dillon Gabriel","CLE","QB","IR",NA,"Back"
"2026-10-06T23:23:14Z","sleeper",NA,"Ty Chandler","NO","RB","IR",NA,"Knee"
"2026-10-06T23:23:14Z","sleeper",NA,"Xavier Legette","CAR","WR","IR",NA,"Knee"
"2026-10-06T23:23:14Z","sleeper","00-0035644","Noah Fant","NO","TE","Out",NA,"Abdomen"
"2026-10-06T23:23:14Z","sleeper",NA,"Colbie Young","CIN","WR","Out",NA,"Knee"
"2026-10-06T23:23:14Z","sleeper",NA,"Jayden Higgins","HOU","WR","IR",NA,"Knee - ACL"
"2026-10-06T23:23:14Z","sleeper",NA,"Tylan Wallace","CLE","WR","Out",NA,"Knee"
"2026-10-06T23:23:14Z","sleeper",NA,"Garrett Nussmeier","KC","QB","Out",NA,"Coach's Decision"
"2026-10-06T23:23:14Z","sleeper",NA,"Justin Jefferson","MIN","WR","Out",NA,"Ankle"
"2026-10-06T23:23:14Z","sleeper",NA,"Tyrell Shavers","BUF","WR","PUP",NA,"Knee - ACL"
"2026-10-06T23:23:14Z","sleeper",NA,"Ja'Tavion Sanders","CAR","TE","Out",NA,"Coach's Decision"
"2026-10-06T23:23:14Z","sleeper","00-0034798","Durham Smythe","BAL","TE","Out",NA,"Achilles"
"2026-10-06T23:23:14Z","sleeper","00-0035045","D.J. Montgomery","IND","WR","IR",NA,"Abdomen"
"2026-10-06T23:23:14Z","sleeper",NA,"Adonai Mitchell","NYJ","WR","Out",NA,"Finger"
"2026-10-06T23:23:14Z","sleeper",NA,"DJ Giddens","IND","RB","Out",NA,"Coach's Decision"
"2026-10-06T23:23:14Z","sleeper",NA,"Jordan James","SF","RB","Out",NA,"Coach's Decision"
"2026-10-06T23:23:14Z","sleeper",NA,"Kylen Granson","TEN","TE","Out",NA,"Coach's Decision"
"2026-10-06T23:23:14Z","sleeper",NA,"Brandon Aiyuk","SF","WR","Out",NA,"Knee - ACL + MCL"
"2026-10-06T23:23:14Z","sleeper",NA,"Hayden Large","CHI","TE","IR",NA,"Undisclosed"
"2026-10-06T23:23:14Z","sleeper",NA,"Jonah Coleman","DEN","RB","IR",NA,"Ankle"
"2026-10-06T23:23:14Z","sleeper",NA,"Ja'Kobi Lane","BAL","WR","IR",NA,"Wrist"
"2026-10-06T23:23:14Z","sleeper",NA,"Carter Runyon","LV","TE","IR",NA,"Undisclosed"
"2026-10-06T23:23:14Z","sleeper","00-0029892","Kyle Juszczyk","SF","RB","Out",NA,"Knee"
"2026-10-06T23:23:14Z","sleeper",NA,"Princeton Fant","DAL","TE","IR",NA,"Knee - ACL + MCL"
"2026-10-06T23:23:14Z","sleeper",NA,"Skyler Bell","BUF","WR","Out",NA,"Coach's Decision"
"2026-10-06T23:23:14Z","sleeper",NA,"Charlie Kolar","LAC","TE","Out",NA,"Forearm"
"2026-10-06T23:23:14Z","sleeper",NA,"Malik Davis","DAL","RB","IR",NA,"Hip"
"2026-10-06T23:23:14Z","sleeper",NA,"Caleb Williams","CHI","QB","Out",NA,"Hamstring"
"2026-10-06T23:23:14Z","sleeper","00-0033906","Alvin Kamara","NO","RB","Questionable",NA,"Knee"
"2026-10-06T23:23:14Z","sleeper",NA,"Tip Reiman","ARI","TE","PUP",NA,"Ankle"
"2026-10-06T23:23:14Z","sleeper",NA,"Tank Dell","HOU","WR","IR",NA,"Knee - ACL + MCL"
"2026-10-06T23:23:14Z","sleeper","00-0032268","Marcus Mariota","WAS","QB","Out",NA,"Knee"
"2026-10-06T23:23:14Z","sleeper","00-0035535","Darius Slayton","IND","WR","Out",NA,"Coach's Decision"
"2026-10-06T23:23:14Z","sleeper",NA,"Cole Turner","MIA","TE","IR",NA,"Undisclosed"
"2026-10-06T23:23:14Z","sleeper",NA,"Jalen Milroe","SEA","QB","Out",NA,"Coach's Decision"
"2026-10-06T23:23:14Z","sleeper",NA,"Chris Collier","LV","RB","IR",NA,"Undisclosed"
"2026-10-06T23:23:14Z","sleeper",NA,"KeAndre Lambert-Smith","LAC","WR","IR",NA,"Hamstring"
"2026-10-06T23:23:14Z","sleeper",NA,"Taylen Green","CLE","QB","Out",NA,"Coach's Decision"
"2026-10-06T23:23:14Z","sleeper",NA,"Joe Royer","CLE","TE","PUP",NA,"Personal"
"2026-10-06T23:23:14Z","sleeper",NA,"Zach Charbonnet","SEA","RB","PUP",NA,"Knee - ACL"
"2026-10-06T23:23:14Z","sleeper",NA,"Joe Fagnano","BAL","QB","Out",NA,"Coach's Decision"
"2026-10-06T23:23:14Z","sleeper",NA,"Drew Allar","PIT","QB","Out",NA,"Coach's Decision"
"2026-10-06T23:23:14Z","sleeper",NA,"Jayden Daniels","WAS","QB","Out",NA,"Elbow"
"2026-10-06T23:23:14Z","sleeper",NA,"Tanner Arkin","NE","TE","Out",NA,"Coach's Decision"
"2026-10-06T23:23:14Z","sleeper",NA,"Jack Strand","ATL","QB","Out",NA,"Coach's Decision"
"2026-10-06T23:23:14Z","sleeper","00-0033885","David Njoku","LAC","TE","IR",NA,"Lower Leg"
"2026-10-06T23:23:14Z","sleeper",NA,"Beaux Collins","ATL","WR","IR",NA,"Undisclosed"
"2026-10-06T23:23:14Z","sleeper",NA,"Breece Hall","NYJ","RB","Out",NA,"Quadriceps"
"2026-10-06T23:23:14Z","sleeper",NA,"Jameson Geers","ARI","TE","IR",NA,"Undisclosed"
"2026-10-06T23:23:14Z","sleeper",NA,"Noah Whittington","HOU","RB","Out",NA,"Quadriceps"
"2026-10-06T23:23:14Z","sleeper",NA,"Tyquan Thornton","KC","WR","Out",NA,"Ankle"
"2026-10-06T23:23:14Z","sleeper",NA,"Colby Parkinson","LA","TE","Out",NA,"Shoulder - AC Joint"
"2026-10-06T23:23:14Z","sleeper",NA,"Kendrick Law","DET","WR","IR",NA,"Knee - ACL"
"2026-10-07T01:30:55Z","sleeper",NA,"Adam Randall","BAL","RB","IR",NA,"Undisclosed"
"2026-10-07T01:30:55Z","sleeper",NA,"Behren Morton","NE","QB","Out",NA,"Coach's Decision"
"2026-10-07T01:30:55Z","sleeper",NA,"Jake Tonges","SF","TE","IR",NA,"Knee"
"2026-10-07T01:30:55Z","sleeper",NA,"Pierre Strong","GB","RB","Questionable",NA,"Hamstring"
"2026-10-07T01:30:55Z","sleeper",NA,"Trey Sermon","ATL","RB","IR",NA,"Undisclosed"
"2026-10-07T01:30:55Z","sleeper",NA,"Johnny Wilson","PHI","WR","IR",NA,"Knee"
"2026-10-07T01:30:55Z","sleeper",NA,"Corey Rucker","LV","WR","IR",NA,"Undisclosed"
"2026-10-07T01:30:55Z","sleeper",NA,"Rachaad White","WAS","RB","Out",NA,"Shoulder"
"2026-10-07T01:30:55Z","sleeper",NA,"Jayden Reed","GB","WR","IR",NA,"Neck"
"2026-10-07T01:30:55Z","sleeper",NA,"Chris Brooks","GB","RB","Questionable",NA,"Ankle"
"2026-10-07T01:30:55Z","sleeper","00-0032398","Chris Moore","BAL","WR","Out",NA,"Ankle"
"2026-10-07T01:30:55Z","sleeper",NA,"CJ Williams","JAX","WR","Out",NA,"Coach's Decision"
"2026-10-07T01:30:55Z","sleeper",NA,"CJ Daniels","LA","WR","Out",NA,"Coach's Decision"
"2026-10-07T01:30:55Z","sleeper",NA,"Ko Kieft","TB","TE","Out",NA,"Elbow"
"2026-10-07T01:30:55Z","sleeper",NA,"Jacardia Wright","SEA","RB","Out",NA,"Foot"
"2026-10-07T01:30:55Z","sleeper",NA,"Brenen Thompson","LAC","WR","Out",NA,"Quadriceps"
"2026-10-07T01:30:55Z","sleeper",NA,"Justin Joly","MIA","TE","Out",NA,"Coach's Decision"
"2026-10-07T01:30:55Z","sleeper",NA,"Eli Raridon","NE","TE","Questionable",NA,"Ankle"
"2026-10-07T01:30:55Z","sleeper","00-0035250","Devin Singletary","NYG","RB","Out",NA,"Coach's Decision"
"2026-10-07T01:30:55Z","sleeper",NA,"Zach Wilson","NO","QB","Out",NA,"Coach's Decision"
"2026-10-07T01:30:55Z","sleeper",NA,"Ladd McConkey","LAC","WR","Out",NA,"Foot"
"2026-10-07T01:30:55Z","sleeper",NA,"Sam Ehlinger","DEN","QB","Out",NA,"Coach's Decision"
"2026-10-07T01:30:55Z","sleeper","00-0034419","Braxton Berrios","NYG","WR","Out",NA,"Foot"
"2026-10-07T01:30:55Z","sleeper",NA,"John Michael Gyllenborg","KC","TE","IR",NA,"Knee"
"2026-10-07T01:30:55Z","sleeper","00-0033662","Cooper Rush","ATL","QB","Out",NA,"Coach's Decision"
"2026-10-07T01:30:55Z","sleeper",NA,"Will Mallory","IND","TE","IR",NA,"Thumb"
"2026-10-07T01:30:55Z","sleeper",NA,"Isiah Pacheco","DET","RB","IR",NA,"Back"
"2026-10-07T01:30:55Z","sleeper",NA,"Trey Benson","ARI","RB","IR",NA,"Knee"
"2026-10-07T01:30:55Z","sleeper",NA,"Jimmy Holiday","KC","WR","IR",NA,"Undisclosed"
"2026-10-07T01:30:55Z","sleeper",NA,"Jake Bobo","SEA","WR","IR",NA,"Knee"
"2026-10-07T01:30:55Z","sleeper","00-0032775","Demarcus Robinson","SF","WR","IR",NA,"Ankle"
"2026-10-07T01:30:55Z","sleeper",NA,"Ja'Marr Chase","CIN","WR","Out",NA,"Concussion"
"2026-10-07T01:30:55Z","sleeper",NA,"Grant Calcaterra","PHI","TE","IR",NA,"Back"
"2026-10-07T01:30:55Z","sleeper",NA,"Calvin Austin","NYG","WR","IR",NA,"Knee"
"2026-10-07T01:30:55Z","sleeper",NA,"Jaren Kanak","TEN","TE","IR",NA,"Pectoral"
"2026-10-07T01:30:55Z","sleeper",NA,"Tee Higgins","CIN","WR","Questionable",NA,"Groin"
"2026-10-07T01:30:55Z","sleeper",NA,"Myles Montgomery","NE","RB","IR",NA,"Undisclosed"
"2026-10-07T01:30:55Z","sleeper",NA,"Jalen Nailor","LV","WR","Questionable",NA,"Concussion"
"2026-10-07T01:30:55Z","sleeper",NA,"Montorie Foster","SEA","WR","Out",NA,"Coach's Decision"
"2026-10-07T01:30:55Z","sleeper","00-0034796","Lamar Jackson","BAL","QB","Questionable",NA,"Ankle"
"2026-10-07T01:30:55Z","sleeper",NA,"Eli Stowers","PHI","TE","IR",NA,"Hamstring"
"2026-10-07T01:30:55Z","sleeper",NA,"Jalen McMillan","TB","WR","IR",NA,"Knee - PCL"
"2026-10-07T01:30:55Z","sleeper","00-0033955","Jeremy McNichols","WAS","RB","IR",NA,"Quadriceps"
"2026-10-07T01:30:55Z","sleeper","00-0034855","Baker Mayfield","TB","QB","Out",NA,"Thumb"
"2026-10-07T01:30:55Z","sleeper","00-0033553","James Conner","ARI","RB","IR",NA,"Foot"
"2026-10-07T01:30:55Z","sleeper",NA,"Michael Carter","TEN","RB","Out",NA,"Coach's Decision"
"2026-10-07T01:30:55Z","sleeper",NA,"Isaac Guerendo","SF","RB","PUP",NA,"Pectoral"
"2026-10-07T01:30:55Z","sleeper",NA,"Carson Beck","ARI","QB","Out",NA,"Coach's Decision"
"2026-10-07T01:30:55Z","sleeper",NA,"Ricky Pearsall","SF","WR","IR",NA,"Knee - PCL"
"2026-10-07T01:30:55Z","sleeper",NA,"Terrance Ferguson","LA","TE","IR",NA,"Ankle"
"2026-10-07T01:30:55Z","sleeper","00-0035249","Josh Oliver","MIN","TE","IR",NA,"Biceps"
"2026-10-07T01:30:55Z","sleeper",NA,"Jordan Mason","MIN","RB","IR",NA,"Thumb"
"2026-10-07T01:30:55Z","sleeper",NA,"Luke McCaffrey","WAS","WR","Out",NA,"Coach's Decision"
"2026-10-07T01:30:55Z","sleeper",NA,"Caleb Douglas","MIA","WR","Out",NA,"Ankle"
"2026-10-07T01:30:55Z","sleeper",NA,"Rico Dowdle","PIT","RB","Out",NA,"Toe"
"2026-10-07T01:30:55Z","sleeper",NA,"Mason Tipton","NO","WR","PUP",NA,"Groin"
"2026-10-07T01:30:55Z","sleeper",NA,"Caleb Lohner","DEN","TE","IR",NA,"Lower Body"
"2026-10-07T01:30:55Z","sleeper",NA,"Skylar Thompson","BAL","QB","IR",NA,"Undisclosed"
"2026-10-07T01:30:55Z","sleeper",NA,"British Brooks","HOU","RB","IR",NA,"Hamstring"
"2026-10-07T01:30:55Z","sleeper",NA,"Haynes King","CAR","QB","Out",NA,"Coach's Decision"
"2026-10-07T01:30:55Z","sleeper","00-0034611","Donnie Ernsberger","TEN","TE","Questionable",NA,NA
"2026-10-07T01:30:55Z","sleeper",NA,"Nikola Kalinic","CHI","TE","IR",NA,"Knee"
"2026-10-07T01:30:55Z","sleeper",NA,"Hunter Long","ARI","TE","IR",NA,"Knee"
"2026-10-07T01:30:55Z","sleeper",NA,"Savion Williams","GB","WR","IR",NA,"Undisclosed"
"2026-10-07T01:30:55Z","sleeper",NA,"Eli Heidenreich","PIT","RB","Out",NA,"Coach's Decision"
"2026-10-07T01:30:55Z","sleeper",NA,"Irv Charles","SEA","WR","IR",NA,"Undisclosed"
"2026-10-07T01:30:55Z","sleeper","00-0033375","Tim Patrick","NYJ","WR","IR",NA,"Groin"
"2026-10-07T01:30:55Z","sleeper",NA,"Cole Payton","PHI","QB","Out",NA,"Coach's Decision"
"2026-10-07T01:30:55Z","sleeper",NA,"Robbie Ouzts","SEA","RB","IR",NA,"Undisclosed"
"2026-10-07T01:30:55Z","sleeper",NA,"Andrei Iosivas","CIN","WR","IR",NA,"Thumb"
"2026-10-07T01:30:55Z","sleeper",NA,"De'Zhaun Stribling","SF","WR","IR",NA,"Ankle"
"2026-10-07T01:30:55Z","sleeper",NA,"Marlin Klein","HOU","TE","Out",NA,"Coach's Decision"
"2026-10-07T01:30:55Z","sleeper","00-0035676","A.J. Brown","NE","WR","IR",NA,"Ankle"
"2026-10-07T01:30:55Z","sleeper","00-0035645","Gunner Olszewski","NYG","WR","IR",NA,"Achilles"
"2026-10-07T01:30:55Z","sleeper","00-0034844","Saquon Barkley","PHI","RB","Out",NA,"Hamstring"
"2026-10-07T01:30:55Z","sleeper",NA,"Chris Brazzell","CAR","WR","IR",NA,"Knee"
"2026-10-07T01:30:55Z","sleeper",NA,"Jaylin Lane","WAS","WR","IR",NA,"Ankle"
"2026-10-07T01:30:55Z","sleeper",NA,"Jadarian Price","SEA","RB","IR",NA,"Chest"
"2026-10-07T01:30:55Z","sleeper",NA,"Alec Pierce","IND","WR","IR",NA,"Heel"
"2026-10-07T01:30:55Z","sleeper",NA,"Jaxson Dart","NYG","QB","IR",NA,"Knee - Meniscus"
"2026-10-07T01:30:55Z","sleeper",NA,"Jeff Caldwell","KC","WR","IR",NA,"Knee"
"2026-10-07T01:30:55Z","sleeper",NA,"Riley Leonard","IND","QB","Out",NA,"Coach's Decision"
"2026-10-07T01:30:55Z","sleeper","00-0034827","DJ Moore","BUF","WR","Questionable",NA,"Undisclosed"
"2026-10-07T01:30:55Z","sleeper","00-0034351","Dallas Goedert","PHI","TE","Out",NA,"Knee - MCL"
"2026-10-07T01:30:55Z","sleeper","00-0034439","Tyler Conklin","DET","TE","Out",NA,"Coach's Decision"
"2026-10-07T01:30:55Z","sleeper",NA,"Max Brosmer","MIN","QB","Out",NA,"Coach's Decision"
"2026-10-07T01:30:55Z","sleeper",NA,"Rashee Rice","KC","WR","Questionable",NA,"Hamstring"
"2026-10-07T01:30:55Z","sleeper",NA,"De'Von Achane","MIA","RB","IR",NA,"Knee - ACL"
"2026-10-07T01:30:55Z","sleeper",NA,"Thomas Yassmin","GB","TE","IR",NA,"Undisclosed"
"2026-10-07T01:30:55Z","sleeper",NA,"Nick Kallerup","SEA","TE","Out",NA,"Coach's Decision"
"2026-10-07T01:30:55Z","sleeper",NA,"Jeremiyah Love","ARI","RB","Questionable",NA,"Ankle"
"2026-10-07T01:30:55Z","sleeper",NA,"DeVonta Smith","PHI","WR","Out",NA,"Hamstring"
"2026-10-07T01:30:55Z","sleeper",NA,"Will Howard","PIT","QB","Out",NA,"Coach's Decision"
"2026-10-07T01:30:55Z","sleeper",NA,"DJ Rogers","DAL","TE","IR",NA,"Knee"
"2026-10-07T01:30:55Z","sleeper","00-0033555","Mack Hollins","NE","WR","Questionable",NA,"Calf"
"2026-10-07T01:30:55Z","sleeper","00-0035662","Marquise Brown","PHI","WR","Out",NA,"Ankle"
"2026-10-07T01:30:55Z","sleeper",NA,"Julian Hill","NE","TE","IR",NA,"Knee"
"2026-10-07T01:30:55Z","sleeper",NA,"Thomas Fidone","NYG","TE","Out",NA,"Coach's Decision"
"2026-10-07T01:30:55Z","sleeper",NA,"Aidan O'Connell","LV","QB","Out",NA,"Coach's Decision"
"2026-10-07T01:30:55Z","sleeper",NA,"Jack Bech","LV","WR","IR",NA,"Forearm"
"2026-10-07T01:30:55Z","sleeper",NA,"Moliki Matavao","NO","TE","IR",NA,"Knee"
"2026-10-07T01:30:55Z","sleeper","00-0030279","Keenan Allen","IND","WR","Out",NA,"Groin"
"2026-10-07T01:30:55Z","sleeper",NA,"Kurtis Rourke","SF","QB","Out",NA,"Coach's Decision"
"2026-10-07T01:30:55Z","sleeper",NA,"Reggie Gilliam","NE","RB","Questionable",NA,"Knee"
"2026-10-07T01:30:55Z","sleeper",NA,"Jared Wiley","KC","TE","Out",NA,"Coach's Decision"
"2026-10-07T01:30:55Z","sleeper",NA,"Trevor Etienne","CAR","RB","IR",NA,"Ankle"
"2026-10-07T01:30:55Z","sleeper",NA,"Arian Smith","NYJ","WR","IR",NA,"Knee"
"2026-10-07T01:30:55Z","sleeper",NA,"Ty Simpson","LA","QB","Out",NA,"Coach's Decision"
"2026-10-07T01:30:55Z","sleeper",NA,"Brittain Brown","CHI","RB","IR",NA,"Undisclosed"
"2026-10-07T01:30:55Z","sleeper",NA,"Dont'e Thornton","LV","WR","IR",NA,"Undisclosed"
"2026-10-07T01:30:55Z","sleeper",NA,"Jeremiah Webb","NE","WR","IR",NA,"Arm"
"2026-10-07T01:30:55Z","sleeper",NA,"DJ Uiagalelei","LAC","QB","Out",NA,"Coach's Decision"
"2026-10-07T01:30:55Z","sleeper",NA,"Konata Mumpfield","LA","WR","Questionable",NA,"Shoulder"
"2026-10-07T01:30:55Z","sleeper",NA,"Luke Musgrave","GB","TE","PUP",NA,"Undisclosed"
"2026-10-07T01:30:55Z","sleeper",NA,"Jordyn Tyson","NO","WR","IR",NA,"Hamstring"
"2026-10-07T01:30:55Z","sleeper",NA,"Brady Cook","MIA","QB","Out",NA,"Coach's Decision"
"2026-10-07T01:30:55Z","sleeper",NA,"Camden Brown","DAL","WR","Out",NA,"Coach's Decision"
"2026-10-07T01:30:55Z","sleeper",NA,"Pat Bryant","DEN","WR","Questionable",NA,"Leg"
"2026-10-07T01:30:55Z","sleeper",NA,"Omar Cooper","NYJ","WR","IR",NA,"Ankle"
"2026-10-07T01:30:55Z","sleeper",NA,"Ben Yurosek","MIN","TE","IR",NA,"Undisclosed"
"2026-10-07T01:30:55Z","sleeper",NA,"Travis Etienne","NO","RB","IR",NA,"Hamstring"
"2026-10-07T01:30:55Z","sleeper",NA,"Kyle Monangai","CHI","RB","Questionable",NA,"Thumb"
"2026-10-07T01:30:55Z","sleeper",NA,"Ronnie Rivers","LA","RB","IR",NA,"Calf"
"2026-10-07T01:30:55Z","sleeper",NA,"Matthew Caldwell","LA","QB","IR",NA,"Undisclosed"
"2026-10-07T01:30:55Z","sleeper",NA,"Jonathon Brooks","CAR","RB","IR",NA,"Abdomen"
"2026-10-07T01:30:55Z","sleeper",NA,"Dylan Sampson","CLE","RB","IR",NA,"Knee"
"2026-10-07T01:30:55Z","sleeper",NA,"Reggie Virgil","ARI","WR","Out",NA,"Coach's Decision"
"2026-10-07T01:30:55Z","sleeper",NA,"Dallen Bentley","DEN","TE","Out",NA,"Coach's Decision"
"2026-10-07T01:30:55Z","sleeper","00-0035659","Terry McLaurin","WAS","WR","Out",NA,"Hamstring"
"2026-10-07T01:30:55Z","sleeper","00-0034775","Christian Kirk","SF","WR","IR",NA,"Calf"
"2026-10-07T01:30:55Z","sleeper",NA,"Jalen Coker","CAR","WR","Out",NA,"Quadriceps"
"2026-10-07T01:30:55Z","sleeper",NA,"Mason Taylor","NYJ","TE","Out",NA,"Thumb"
"2026-10-07T01:30:55Z","sleeper","00-0035359","David Sills","TB","WR","IR",NA,"Undisclosed"
"2026-10-07T01:30:55Z","sleeper",NA,"Tank Bigsby","PHI","RB","IR",NA,"Abdomen"
"2026-10-07T01:30:55Z","sleeper",NA,"Carson Towt","IND","TE","IR",NA,"Undisclosed"
"2026-10-07T01:30:55Z","sleeper",NA,"Graham Mertz","HOU","QB","IR",NA,"Knee - ACL"
"2026-10-07T01:30:55Z","sleeper",NA,"Emari Demercado","DAL","RB","Out",NA,"Coach's Decision"
"2026-10-07T01:30:55Z","sleeper",NA,"Dillon Gabriel","CLE","QB","IR",NA,"Back"
"2026-10-07T01:30:55Z","sleeper",NA,"Ty Chandler","NO","RB","IR",NA,"Knee"
"2026-10-07T01:30:55Z","sleeper",NA,"Xavier Legette","CAR","WR","IR",NA,"Knee"
"2026-10-07T01:30:55Z","sleeper","00-0035644","Noah Fant","NO","TE","Out",NA,"Abdomen"
"2026-10-07T01:30:55Z","sleeper",NA,"Colbie Young","CIN","WR","Out",NA,"Knee"
"2026-10-07T01:30:55Z","sleeper",NA,"Jayden Higgins","HOU","WR","IR",NA,"Knee - ACL"
"2026-10-07T01:30:55Z","sleeper",NA,"Tylan Wallace","CLE","WR","Out",NA,"Knee"
"2026-10-07T01:30:55Z","sleeper",NA,"Garrett Nussmeier","KC","QB","Out",NA,"Coach's Decision"
"2026-10-07T01:30:55Z","sleeper",NA,"Justin Jefferson","MIN","WR","Out",NA,"Ankle"
"2026-10-07T01:30:55Z","sleeper",NA,"Tyrell Shavers","BUF","WR","PUP",NA,"Knee - ACL"
"2026-10-07T01:30:55Z","sleeper",NA,"Ja'Tavion Sanders","CAR","TE","Out",NA,"Coach's Decision"
"2026-10-07T01:30:55Z","sleeper","00-0034798","Durham Smythe","BAL","TE","Out",NA,"Achilles"
"2026-10-07T01:30:55Z","sleeper","00-0035045","D.J. Montgomery","IND","WR","IR",NA,"Abdomen"
"2026-10-07T01:30:55Z","sleeper",NA,"Adonai Mitchell","NYJ","WR","Out",NA,"Finger"
"2026-10-07T01:30:55Z","sleeper",NA,"DJ Giddens","IND","RB","Out",NA,"Coach's Decision"
"2026-10-07T01:30:55Z","sleeper",NA,"Jordan James","SF","RB","Out",NA,"Coach's Decision"
"2026-10-07T01:30:55Z","sleeper",NA,"Kylen Granson","TEN","TE","Out",NA,"Coach's Decision"
"2026-10-07T01:30:55Z","sleeper",NA,"Brandon Aiyuk","SF","WR","Out",NA,"Knee - ACL + MCL"
"2026-10-07T01:30:55Z","sleeper",NA,"Hayden Large","CHI","TE","IR",NA,"Undisclosed"
"2026-10-07T01:30:55Z","sleeper",NA,"Jonah Coleman","DEN","RB","IR",NA,"Ankle"
"2026-10-07T01:30:55Z","sleeper",NA,"Ja'Kobi Lane","BAL","WR","IR",NA,"Wrist"
"2026-10-07T01:30:55Z","sleeper",NA,"Carter Runyon","LV","TE","IR",NA,"Undisclosed"
"2026-10-07T01:30:55Z","sleeper","00-0029892","Kyle Juszczyk","SF","RB","Out",NA,"Knee"
"2026-10-07T01:30:55Z","sleeper",NA,"Princeton Fant","DAL","TE","IR",NA,"Knee - ACL + MCL"
"2026-10-07T01:30:55Z","sleeper",NA,"Skyler Bell","BUF","WR","Out",NA,"Coach's Decision"
"2026-10-07T01:30:55Z","sleeper",NA,"Charlie Kolar","LAC","TE","Out",NA,"Forearm"
"2026-10-07T01:30:55Z","sleeper",NA,"Malik Davis","DAL","RB","IR",NA,"Hip"
"2026-10-07T01:30:55Z","sleeper",NA,"Caleb Williams","CHI","QB","Out",NA,"Hamstring"
"2026-10-07T01:30:55Z","sleeper","00-0033906","Alvin Kamara","NO","RB","Questionable",NA,"Knee"
"2026-10-07T01:30:55Z","sleeper",NA,"Tip Reiman","ARI","TE","PUP",NA,"Ankle"
"2026-10-07T01:30:55Z","sleeper",NA,"Treyvhon Saunders","HOU","WR","Questionable",NA,"Undisclosed"
"2026-10-07T01:30:55Z","sleeper",NA,"Tank Dell","HOU","WR","IR",NA,"Knee - ACL + MCL"
"2026-10-07T01:30:55Z","sleeper","00-0032268","Marcus Mariota","WAS","QB","Out",NA,"Knee"
"2026-10-07T01:30:55Z","sleeper","00-0035535","Darius Slayton","IND","WR","Out",NA,"Coach's Decision"
"2026-10-07T01:30:55Z","sleeper",NA,"Cole Turner","MIA","TE","IR",NA,"Undisclosed"
"2026-10-07T01:30:55Z","sleeper",NA,"Jalen Milroe","SEA","QB","Out",NA,"Coach's Decision"
"2026-10-07T01:30:55Z","sleeper",NA,"Chris Collier","LV","RB","IR",NA,"Undisclosed"
"2026-10-07T01:30:55Z","sleeper",NA,"KeAndre Lambert-Smith","LAC","WR","IR",NA,"Hamstring"
"2026-10-07T01:30:55Z","sleeper",NA,"Taylen Green","CLE","QB","Out",NA,"Coach's Decision"
"2026-10-07T01:30:55Z","sleeper",NA,"Joe Royer","CLE","TE","PUP",NA,"Personal"
"2026-10-07T01:30:55Z","sleeper",NA,"Zach Charbonnet","SEA","RB","PUP",NA,"Knee - ACL"
"2026-10-07T01:30:55Z","sleeper",NA,"Joe Fagnano","BAL","QB","Out",NA,"Coach's Decision"
"2026-10-07T01:30:55Z","sleeper",NA,"Drew Allar","PIT","QB","Out",NA,"Coach's Decision"
"2026-10-07T01:30:55Z","sleeper",NA,"Jayden Daniels","WAS","QB","Out",NA,"Elbow"
"2026-10-07T01:30:55Z","sleeper",NA,"Tanner Arkin","NE","TE","Out",NA,"Coach's Decision"
"2026-10-07T01:30:55Z","sleeper",NA,"Jack Strand","ATL","QB","Out",NA,"Coach's Decision"
"2026-10-07T01:30:55Z","sleeper","00-0033885","David Njoku","LAC","TE","IR",NA,"Lower Leg"
"2026-10-07T01:30:55Z","sleeper",NA,"Beaux Collins","ATL","WR","IR",NA,"Undisclosed"
"2026-10-07T01:30:55Z","sleeper",NA,"Breece Hall","NYJ","RB","Out",NA,"Quadriceps"
"2026-10-07T01:30:55Z","sleeper",NA,"Jameson Geers","ARI","TE","IR",NA,"Undisclosed"
"2026-10-07T01:30:55Z","sleeper",NA,"Noah Whittington","HOU","RB","Out",NA,"Quadriceps"
"2026-10-07T01:30:55Z","sleeper",NA,"Tyquan Thornton","KC","WR","Out",NA,"Ankle"
"2026-10-07T01:30:55Z","sleeper",NA,"Colby Parkinson","LA","TE","Out",NA,"Shoulder - AC Joint"
"2026-10-07T01:30:55Z","sleeper",NA,"Kendrick Law","DET","WR","IR",NA,"Knee - ACL"
"2026-10-07T05:13:24Z","sleeper",NA,"Adam Randall","BAL","RB","IR",NA,"Undisclosed"
"2026-10-07T05:13:24Z","sleeper",NA,"Behren Morton","NE","QB","Out",NA,"Coach's Decision"
"2026-10-07T05:13:24Z","sleeper",NA,"Jake Tonges","SF","TE","IR",NA,"Knee"
"2026-10-07T05:13:24Z","sleeper",NA,"Pierre Strong","GB","RB","Questionable",NA,"Hamstring"
"2026-10-07T05:13:24Z","sleeper",NA,"Trey Sermon","ATL","RB","IR",NA,"Undisclosed"
"2026-10-07T05:13:24Z","sleeper",NA,"Johnny Wilson","PHI","WR","IR",NA,"Knee"
"2026-10-07T05:13:24Z","sleeper",NA,"Corey Rucker","LV","WR","IR",NA,"Undisclosed"
"2026-10-07T05:13:24Z","sleeper",NA,"Rachaad White","WAS","RB","Out",NA,"Shoulder"
"2026-10-07T05:13:24Z","sleeper",NA,"Jayden Reed","GB","WR","IR",NA,"Neck"
"2026-10-07T05:13:24Z","sleeper",NA,"Chris Brooks","GB","RB","Questionable",NA,"Ankle"
"2026-10-07T05:13:24Z","sleeper","00-0032398","Chris Moore","BAL","WR","Out",NA,"Ankle"
"2026-10-07T05:13:24Z","sleeper",NA,"CJ Williams","JAX","WR","Out",NA,"Coach's Decision"
"2026-10-07T05:13:24Z","sleeper",NA,"CJ Daniels","LA","WR","Out",NA,"Coach's Decision"
"2026-10-07T05:13:24Z","sleeper",NA,"Ko Kieft","TB","TE","Out",NA,"Elbow"
"2026-10-07T05:13:24Z","sleeper",NA,"Jacardia Wright","SEA","RB","Out",NA,"Foot"
"2026-10-07T05:13:24Z","sleeper",NA,"Brenen Thompson","LAC","WR","Out",NA,"Quadriceps"
"2026-10-07T05:13:24Z","sleeper",NA,"Justin Joly","MIA","TE","Out",NA,"Coach's Decision"
"2026-10-07T05:13:24Z","sleeper",NA,"Eli Raridon","NE","TE","Questionable",NA,"Ankle"
"2026-10-07T05:13:24Z","sleeper","00-0035250","Devin Singletary","NYG","RB","Out",NA,"Coach's Decision"
"2026-10-07T05:13:24Z","sleeper",NA,"Zach Wilson","NO","QB","Out",NA,"Coach's Decision"
"2026-10-07T05:13:24Z","sleeper",NA,"Ladd McConkey","LAC","WR","Out",NA,"Foot"
"2026-10-07T05:13:24Z","sleeper",NA,"Sam Ehlinger","DEN","QB","Out",NA,"Coach's Decision"
"2026-10-07T05:13:24Z","sleeper","00-0034419","Braxton Berrios","NYG","WR","Out",NA,"Foot"
"2026-10-07T05:13:24Z","sleeper",NA,"John Michael Gyllenborg","KC","TE","IR",NA,"Knee"
"2026-10-07T05:13:24Z","sleeper","00-0033662","Cooper Rush","ATL","QB","Out",NA,"Coach's Decision"
"2026-10-07T05:13:24Z","sleeper",NA,"Will Mallory","IND","TE","IR",NA,"Thumb"
"2026-10-07T05:13:24Z","sleeper",NA,"Isiah Pacheco","DET","RB","IR",NA,"Back"
"2026-10-07T05:13:24Z","sleeper",NA,"Trey Benson","ARI","RB","IR",NA,"Knee"
"2026-10-07T05:13:24Z","sleeper",NA,"Jimmy Holiday","KC","WR","IR",NA,"Undisclosed"
"2026-10-07T05:13:24Z","sleeper",NA,"Jake Bobo","SEA","WR","IR",NA,"Knee"
"2026-10-07T05:13:24Z","sleeper","00-0032775","Demarcus Robinson","SF","WR","IR",NA,"Ankle"
"2026-10-07T05:13:24Z","sleeper",NA,"Ja'Marr Chase","CIN","WR","Out",NA,"Concussion"
"2026-10-07T05:13:24Z","sleeper",NA,"Grant Calcaterra","PHI","TE","IR",NA,"Back"
"2026-10-07T05:13:24Z","sleeper",NA,"Calvin Austin","NYG","WR","IR",NA,"Knee"
"2026-10-07T05:13:24Z","sleeper",NA,"Jaren Kanak","TEN","TE","IR",NA,"Pectoral"
"2026-10-07T05:13:24Z","sleeper",NA,"Tee Higgins","CIN","WR","Questionable",NA,"Groin"
"2026-10-07T05:13:24Z","sleeper",NA,"Myles Montgomery","NE","RB","IR",NA,"Undisclosed"
"2026-10-07T05:13:24Z","sleeper",NA,"Jalen Nailor","LV","WR","Questionable",NA,"Concussion"
"2026-10-07T05:13:24Z","sleeper",NA,"Montorie Foster","SEA","WR","Out",NA,"Coach's Decision"
"2026-10-07T05:13:24Z","sleeper","00-0034796","Lamar Jackson","BAL","QB","Questionable",NA,"Ankle"
"2026-10-07T05:13:24Z","sleeper",NA,"Eli Stowers","PHI","TE","IR",NA,"Hamstring"
"2026-10-07T05:13:24Z","sleeper",NA,"Jalen McMillan","TB","WR","IR",NA,"Knee - PCL"
"2026-10-07T05:13:24Z","sleeper","00-0033955","Jeremy McNichols","WAS","RB","IR",NA,"Quadriceps"
"2026-10-07T05:13:24Z","sleeper","00-0034855","Baker Mayfield","TB","QB","Out",NA,"Thumb"
"2026-10-07T05:13:24Z","sleeper","00-0033553","James Conner","ARI","RB","IR",NA,"Foot"
"2026-10-07T05:13:24Z","sleeper",NA,"Michael Carter","TEN","RB","Out",NA,"Coach's Decision"
"2026-10-07T05:13:24Z","sleeper",NA,"Isaac Guerendo","SF","RB","PUP",NA,"Pectoral"
"2026-10-07T05:13:24Z","sleeper",NA,"Carson Beck","ARI","QB","Out",NA,"Coach's Decision"
"2026-10-07T05:13:24Z","sleeper",NA,"Ricky Pearsall","SF","WR","IR",NA,"Knee - PCL"
"2026-10-07T05:13:24Z","sleeper",NA,"Terrance Ferguson","LA","TE","IR",NA,"Ankle"
"2026-10-07T05:13:24Z","sleeper","00-0035249","Josh Oliver","MIN","TE","IR",NA,"Biceps"
"2026-10-07T05:13:24Z","sleeper",NA,"Jordan Mason","MIN","RB","IR",NA,"Thumb"
"2026-10-07T05:13:24Z","sleeper",NA,"Luke McCaffrey","WAS","WR","Out",NA,"Coach's Decision"
"2026-10-07T05:13:24Z","sleeper",NA,"Caleb Douglas","MIA","WR","Out",NA,"Ankle"
"2026-10-07T05:13:24Z","sleeper",NA,"Rico Dowdle","PIT","RB","Out",NA,"Toe"
"2026-10-07T05:13:24Z","sleeper",NA,"Mason Tipton","NO","WR","PUP",NA,"Groin"
"2026-10-07T05:13:24Z","sleeper",NA,"Caleb Lohner","DEN","TE","IR",NA,"Lower Body"
"2026-10-07T05:13:24Z","sleeper",NA,"Skylar Thompson","BAL","QB","IR",NA,"Undisclosed"
"2026-10-07T05:13:24Z","sleeper",NA,"British Brooks","HOU","RB","IR",NA,"Hamstring"
"2026-10-07T05:13:24Z","sleeper",NA,"Haynes King","CAR","QB","Out",NA,"Coach's Decision"
"2026-10-07T05:13:24Z","sleeper","00-0034611","Donnie Ernsberger","TEN","TE","Questionable",NA,NA
"2026-10-07T05:13:24Z","sleeper",NA,"Nikola Kalinic","CHI","TE","IR",NA,"Knee"
"2026-10-07T05:13:24Z","sleeper",NA,"Hunter Long","ARI","TE","IR",NA,"Knee"
"2026-10-07T05:13:24Z","sleeper",NA,"Savion Williams","GB","WR","IR",NA,"Undisclosed"
"2026-10-07T05:13:24Z","sleeper",NA,"Eli Heidenreich","PIT","RB","Out",NA,"Coach's Decision"
"2026-10-07T05:13:24Z","sleeper",NA,"Irv Charles","SEA","WR","IR",NA,"Undisclosed"
"2026-10-07T05:13:24Z","sleeper","00-0033375","Tim Patrick","NYJ","WR","IR",NA,"Groin"
"2026-10-07T05:13:24Z","sleeper",NA,"Cole Payton","PHI","QB","Out",NA,"Coach's Decision"
"2026-10-07T05:13:24Z","sleeper",NA,"Robbie Ouzts","SEA","RB","IR",NA,"Undisclosed"
"2026-10-07T05:13:24Z","sleeper",NA,"Andrei Iosivas","CIN","WR","IR",NA,"Thumb"
"2026-10-07T05:13:24Z","sleeper",NA,"De'Zhaun Stribling","SF","WR","IR",NA,"Ankle"
"2026-10-07T05:13:24Z","sleeper",NA,"Marlin Klein","HOU","TE","Out",NA,"Coach's Decision"
"2026-10-07T05:13:24Z","sleeper","00-0035676","A.J. Brown","NE","WR","IR",NA,"Ankle"
"2026-10-07T05:13:24Z","sleeper","00-0035645","Gunner Olszewski","NYG","WR","IR",NA,"Achilles"
"2026-10-07T05:13:24Z","sleeper","00-0034844","Saquon Barkley","PHI","RB","Out",NA,"Hamstring"
"2026-10-07T05:13:24Z","sleeper",NA,"Chris Brazzell","CAR","WR","IR",NA,"Knee"
"2026-10-07T05:13:24Z","sleeper",NA,"Jaylin Lane","WAS","WR","IR",NA,"Ankle"
"2026-10-07T05:13:24Z","sleeper",NA,"Jadarian Price","SEA","RB","IR",NA,"Chest"
"2026-10-07T05:13:24Z","sleeper",NA,"Alec Pierce","IND","WR","IR",NA,"Heel"
"2026-10-07T05:13:24Z","sleeper",NA,"Jaxson Dart","NYG","QB","IR",NA,"Knee - Meniscus"
"2026-10-07T05:13:24Z","sleeper",NA,"Jeff Caldwell","KC","WR","IR",NA,"Knee"
"2026-10-07T05:13:24Z","sleeper",NA,"Riley Leonard","IND","QB","Out",NA,"Coach's Decision"
"2026-10-07T05:13:24Z","sleeper","00-0034827","DJ Moore","BUF","WR","Questionable",NA,"Undisclosed"
"2026-10-07T05:13:24Z","sleeper","00-0034351","Dallas Goedert","PHI","TE","Out",NA,"Knee - MCL"
"2026-10-07T05:13:24Z","sleeper","00-0034439","Tyler Conklin","DET","TE","Out",NA,"Coach's Decision"
"2026-10-07T05:13:24Z","sleeper",NA,"Max Brosmer","MIN","QB","Out",NA,"Coach's Decision"
"2026-10-07T05:13:24Z","sleeper",NA,"Rashee Rice","KC","WR","Questionable",NA,"Hamstring"
"2026-10-07T05:13:24Z","sleeper",NA,"De'Von Achane","MIA","RB","IR",NA,"Knee - ACL"
"2026-10-07T05:13:24Z","sleeper",NA,"Thomas Yassmin","GB","TE","IR",NA,"Undisclosed"
"2026-10-07T05:13:24Z","sleeper",NA,"Nick Kallerup","SEA","TE","Out",NA,"Coach's Decision"
"2026-10-07T05:13:24Z","sleeper",NA,"Jeremiyah Love","ARI","RB","Questionable",NA,"Ankle"
"2026-10-07T05:13:24Z","sleeper",NA,"DeVonta Smith","PHI","WR","Out",NA,"Hamstring"
"2026-10-07T05:13:24Z","sleeper",NA,"Will Howard","PIT","QB","Out",NA,"Coach's Decision"
"2026-10-07T05:13:24Z","sleeper",NA,"DJ Rogers","DAL","TE","IR",NA,"Knee"
"2026-10-07T05:13:24Z","sleeper","00-0033555","Mack Hollins","NE","WR","Questionable",NA,"Calf"
"2026-10-07T05:13:24Z","sleeper","00-0035662","Marquise Brown","PHI","WR","Out",NA,"Ankle"
"2026-10-07T05:13:24Z","sleeper",NA,"Julian Hill","NE","TE","IR",NA,"Knee"
"2026-10-07T05:13:24Z","sleeper",NA,"Thomas Fidone","NYG","TE","Out",NA,"Coach's Decision"
"2026-10-07T05:13:24Z","sleeper",NA,"Aidan O'Connell","LV","QB","Out",NA,"Coach's Decision"
"2026-10-07T05:13:24Z","sleeper",NA,"Jack Bech","LV","WR","IR",NA,"Forearm"
"2026-10-07T05:13:24Z","sleeper",NA,"Moliki Matavao","NO","TE","IR",NA,"Knee"
"2026-10-07T05:13:24Z","sleeper","00-0030279","Keenan Allen","IND","WR","Out",NA,"Groin"
"2026-10-07T05:13:24Z","sleeper",NA,"Kurtis Rourke","SF","QB","Out",NA,"Coach's Decision"
"2026-10-07T05:13:24Z","sleeper",NA,"Reggie Gilliam","NE","RB","Questionable",NA,"Knee"
"2026-10-07T05:13:24Z","sleeper",NA,"Jared Wiley","KC","TE","Out",NA,"Coach's Decision"
"2026-10-07T05:13:24Z","sleeper",NA,"Trevor Etienne","CAR","RB","IR",NA,"Ankle"
"2026-10-07T05:13:24Z","sleeper",NA,"Arian Smith","NYJ","WR","IR",NA,"Knee"
"2026-10-07T05:13:24Z","sleeper",NA,"Ty Simpson","LA","QB","Out",NA,"Coach's Decision"
"2026-10-07T05:13:24Z","sleeper",NA,"Brittain Brown","CHI","RB","IR",NA,"Undisclosed"
"2026-10-07T05:13:24Z","sleeper",NA,"Dont'e Thornton","LV","WR","IR",NA,"Undisclosed"
"2026-10-07T05:13:24Z","sleeper",NA,"Jeremiah Webb","NE","WR","IR",NA,"Arm"
"2026-10-07T05:13:24Z","sleeper",NA,"DJ Uiagalelei","LAC","QB","Out",NA,"Coach's Decision"
"2026-10-07T05:13:24Z","sleeper",NA,"Konata Mumpfield","LA","WR","Questionable",NA,"Shoulder"
"2026-10-07T05:13:24Z","sleeper",NA,"Luke Musgrave","GB","TE","PUP",NA,"Undisclosed"
"2026-10-07T05:13:24Z","sleeper",NA,"Jordyn Tyson","NO","WR","IR",NA,"Hamstring"
"2026-10-07T05:13:24Z","sleeper",NA,"Brady Cook","MIA","QB","Out",NA,"Coach's Decision"
"2026-10-07T05:13:24Z","sleeper",NA,"Camden Brown","DAL","WR","Out",NA,"Coach's Decision"
"2026-10-07T05:13:24Z","sleeper",NA,"Pat Bryant","DEN","WR","Questionable",NA,"Leg"
"2026-10-07T05:13:24Z","sleeper",NA,"Omar Cooper","NYJ","WR","IR",NA,"Ankle"
"2026-10-07T05:13:24Z","sleeper",NA,"Ben Yurosek","MIN","TE","IR",NA,"Undisclosed"
"2026-10-07T05:13:24Z","sleeper",NA,"Travis Etienne","NO","RB","IR",NA,"Hamstring"
"2026-10-07T05:13:24Z","sleeper",NA,"Kyle Monangai","CHI","RB","Questionable",NA,"Thumb"
"2026-10-07T05:13:24Z","sleeper",NA,"Ronnie Rivers","LA","RB","IR",NA,"Calf"
"2026-10-07T05:13:24Z","sleeper",NA,"Matthew Caldwell","LA","QB","IR",NA,"Undisclosed"
"2026-10-07T05:13:24Z","sleeper",NA,"Jonathon Brooks","CAR","RB","IR",NA,"Abdomen"
"2026-10-07T05:13:24Z","sleeper",NA,"Dylan Sampson","CLE","RB","IR",NA,"Knee"
"2026-10-07T05:13:24Z","sleeper",NA,"Reggie Virgil","ARI","WR","Out",NA,"Coach's Decision"
"2026-10-07T05:13:24Z","sleeper",NA,"Dallen Bentley","DEN","TE","Out",NA,"Coach's Decision"
"2026-10-07T05:13:24Z","sleeper","00-0035659","Terry McLaurin","WAS","WR","Out",NA,"Hamstring"
"2026-10-07T05:13:24Z","sleeper","00-0034775","Christian Kirk","SF","WR","IR",NA,"Calf"
"2026-10-07T05:13:24Z","sleeper",NA,"Jalen Coker","CAR","WR","Out",NA,"Quadriceps"
"2026-10-07T05:13:24Z","sleeper",NA,"Mason Taylor","NYJ","TE","Out",NA,"Thumb"
"2026-10-07T05:13:24Z","sleeper","00-0035359","David Sills","TB","WR","IR",NA,"Undisclosed"
"2026-10-07T05:13:24Z","sleeper",NA,"Tank Bigsby","PHI","RB","IR",NA,"Abdomen"
"2026-10-07T05:13:24Z","sleeper",NA,"Carson Towt","IND","TE","IR",NA,"Undisclosed"
"2026-10-07T05:13:24Z","sleeper",NA,"Graham Mertz","HOU","QB","IR",NA,"Knee - ACL"
"2026-10-07T05:13:24Z","sleeper",NA,"Emari Demercado","DAL","RB","Out",NA,"Coach's Decision"
"2026-10-07T05:13:24Z","sleeper",NA,"Dillon Gabriel","CLE","QB","IR",NA,"Back"
"2026-10-07T05:13:24Z","sleeper",NA,"Ty Chandler","NO","RB","IR",NA,"Knee"
"2026-10-07T05:13:24Z","sleeper",NA,"Xavier Legette","CAR","WR","IR",NA,"Knee"
"2026-10-07T05:13:24Z","sleeper","00-0035644","Noah Fant","NO","TE","Out",NA,"Abdomen"
"2026-10-07T05:13:24Z","sleeper",NA,"Colbie Young","CIN","WR","Out",NA,"Knee"
"2026-10-07T05:13:24Z","sleeper",NA,"Jayden Higgins","HOU","WR","IR",NA,"Knee - ACL"
"2026-10-07T05:13:24Z","sleeper",NA,"Tylan Wallace","CLE","WR","Out",NA,"Knee"
"2026-10-07T05:13:24Z","sleeper",NA,"Garrett Nussmeier","KC","QB","Out",NA,"Coach's Decision"
"2026-10-07T05:13:24Z","sleeper",NA,"Justin Jefferson","MIN","WR","Out",NA,"Ankle"
"2026-10-07T05:13:24Z","sleeper",NA,"Tyrell Shavers","BUF","WR","PUP",NA,"Knee - ACL"
"2026-10-07T05:13:24Z","sleeper",NA,"Ja'Tavion Sanders","CAR","TE","Out",NA,"Coach's Decision"
"2026-10-07T05:13:24Z","sleeper","00-0034798","Durham Smythe","BAL","TE","Out",NA,"Achilles"
"2026-10-07T05:13:24Z","sleeper","00-0035045","D.J. Montgomery","IND","WR","IR",NA,"Abdomen"
"2026-10-07T05:13:24Z","sleeper",NA,"Adonai Mitchell","NYJ","WR","Out",NA,"Finger"
"2026-10-07T05:13:24Z","sleeper",NA,"DJ Giddens","IND","RB","Out",NA,"Coach's Decision"
"2026-10-07T05:13:24Z","sleeper",NA,"Jordan James","SF","RB","Out",NA,"Coach's Decision"
"2026-10-07T05:13:24Z","sleeper",NA,"Kylen Granson","TEN","TE","Out",NA,"Coach's Decision"
"2026-10-07T05:13:24Z","sleeper",NA,"Brandon Aiyuk","SF","WR","Out",NA,"Knee - ACL + MCL"
"2026-10-07T05:13:24Z","sleeper",NA,"Hayden Large","CHI","TE","IR",NA,"Undisclosed"
"2026-10-07T05:13:24Z","sleeper",NA,"Jonah Coleman","DEN","RB","IR",NA,"Ankle"
"2026-10-07T05:13:24Z","sleeper",NA,"Ja'Kobi Lane","BAL","WR","IR",NA,"Wrist"
"2026-10-07T05:13:24Z","sleeper",NA,"Carter Runyon","LV","TE","IR",NA,"Undisclosed"
"2026-10-07T05:13:24Z","sleeper","00-0029892","Kyle Juszczyk","SF","RB","Out",NA,"Knee"
"2026-10-07T05:13:24Z","sleeper",NA,"Princeton Fant","DAL","TE","IR",NA,"Knee - ACL + MCL"
"2026-10-07T05:13:24Z","sleeper",NA,"Skyler Bell","BUF","WR","Out",NA,"Coach's Decision"
"2026-10-07T05:13:24Z","sleeper",NA,"Charlie Kolar","LAC","TE","Out",NA,"Forearm"
"2026-10-07T05:13:24Z","sleeper",NA,"Malik Davis","DAL","RB","IR",NA,"Hip"
"2026-10-07T05:13:24Z","sleeper",NA,"Caleb Williams","CHI","QB","Out",NA,"Hamstring"
"2026-10-07T05:13:24Z","sleeper","00-0033906","Alvin Kamara","NO","RB","Questionable",NA,"Knee"
"2026-10-07T05:13:24Z","sleeper",NA,"Tip Reiman","ARI","TE","PUP",NA,"Ankle"
"2026-10-07T05:13:24Z","sleeper",NA,"Treyvhon Saunders","HOU","WR","Questionable",NA,"Undisclosed"
"2026-10-07T05:13:24Z","sleeper",NA,"Tank Dell","HOU","WR","IR",NA,"Knee - ACL + MCL"
"2026-10-07T05:13:24Z","sleeper","00-0032268","Marcus Mariota","WAS","QB","Out",NA,"Knee"
"2026-10-07T05:13:24Z","sleeper","00-0035535","Darius Slayton","IND","WR","Out",NA,"Coach's Decision"
"2026-10-07T05:13:24Z","sleeper",NA,"Cole Turner","MIA","TE","IR",NA,"Undisclosed"
"2026-10-07T05:13:24Z","sleeper",NA,"Jalen Milroe","SEA","QB","Out",NA,"Coach's Decision"
"2026-10-07T05:13:24Z","sleeper",NA,"Chris Collier","LV","RB","IR",NA,"Undisclosed"
"2026-10-07T05:13:24Z","sleeper",NA,"KeAndre Lambert-Smith","LAC","WR","IR",NA,"Hamstring"
"2026-10-07T05:13:24Z","sleeper",NA,"Taylen Green","CLE","QB","Out",NA,"Coach's Decision"
"2026-10-07T05:13:24Z","sleeper",NA,"Joe Royer","CLE","TE","PUP",NA,"Personal"
"2026-10-07T05:13:24Z","sleeper",NA,"Zach Charbonnet","SEA","RB","PUP",NA,"Knee - ACL"
"2026-10-07T05:13:24Z","sleeper",NA,"Joe Fagnano","BAL","QB","Out",NA,"Coach's Decision"
"2026-10-07T05:13:24Z","sleeper",NA,"Drew Allar","PIT","QB","Out",NA,"Coach's Decision"
"2026-10-07T05:13:24Z","sleeper",NA,"Jayden Daniels","WAS","QB","Out",NA,"Elbow"
"2026-10-07T05:13:24Z","sleeper",NA,"Tanner Arkin","NE","TE","Out",NA,"Coach's Decision"
"2026-10-07T05:13:24Z","sleeper",NA,"Jack Strand","ATL","QB","Out",NA,"Coach's Decision"
"2026-10-07T05:13:24Z","sleeper","00-0033885","David Njoku","LAC","TE","IR",NA,"Lower Leg"
"2026-10-07T05:13:24Z","sleeper",NA,"Beaux Collins","ATL","WR","IR",NA,"Undisclosed"
"2026-10-07T05:13:24Z","sleeper",NA,"Breece Hall","NYJ","RB","Out",NA,"Quadriceps"
"2026-10-07T05:13:24Z","sleeper",NA,"Jameson Geers","ARI","TE","IR",NA,"Undisclosed"
"2026-10-07T05:13:24Z","sleeper",NA,"Noah Whittington","HOU","RB","Out",NA,"Quadriceps"
"2026-10-07T05:13:24Z","sleeper",NA,"Tyquan Thornton","KC","WR","Out",NA,"Ankle"
"2026-10-07T05:13:24Z","sleeper",NA,"Colby Parkinson","LA","TE","Out",NA,"Shoulder - AC Joint"
"2026-10-07T05:13:24Z","sleeper",NA,"Kendrick Law","DET","WR","IR",NA,"Knee - ACL"
