"pulled_at","source","gsis_id","name","team","pos","status","practice","injury"
"2026-09-29T19:51:18Z","sleeper",NA,"Adam Randall","BAL","RB","IR",NA,"Undisclosed"
"2026-09-29T19:51:18Z","sleeper",NA,"Behren Morton","NE","QB","Out",NA,"Coach's Decision"
"2026-09-29T19:51:18Z","sleeper",NA,"Jake Tonges","SF","TE","IR",NA,"Knee"
"2026-09-29T19:51:18Z","sleeper",NA,"Pierre Strong","GB","RB","Questionable",NA,"Hamstring"
"2026-09-29T19:51:18Z","sleeper",NA,"Trey Sermon","ATL","RB","IR",NA,"Undisclosed"
"2026-09-29T19:51:18Z","sleeper",NA,"Johnny Wilson","PHI","WR","IR",NA,"Knee"
"2026-09-29T19:51:18Z","sleeper",NA,"Corey Rucker","LV","WR","IR",NA,"Undisclosed"
"2026-09-29T19:51:18Z","sleeper",NA,"Rachaad White","WAS","RB","Questionable",NA,"Shoulder"
"2026-09-29T19:51:18Z","sleeper",NA,"Jayden Reed","GB","WR","Out",NA,"Neck"
"2026-09-29T19:51:18Z","sleeper",NA,"CJ Williams","JAX","WR","Out",NA,"Coach's Decision"
"2026-09-29T19:51:18Z","sleeper",NA,"CJ Daniels","LA","WR","Out",NA,"Coach's Decision"
"2026-09-29T19:51:18Z","sleeper",NA,"Jack Endries","CIN","TE","Out",NA,"Coach's Decision"
"2026-09-29T19:51:18Z","sleeper",NA,"Brenen Thompson","LAC","WR","Out",NA,"Quadriceps"
"2026-09-29T19:51:18Z","sleeper",NA,"Eli Raridon","NE","TE","Out",NA,"Thigh"
"2026-09-29T19:51:18Z","sleeper",NA,"Elijah Sarratt","BAL","WR","Out",NA,"Coach's Decision"
"2026-09-29T19:51:18Z","sleeper","00-0035250","Devin Singletary","NYG","RB","Out",NA,"Coach's Decision"
"2026-09-29T19:51:18Z","sleeper",NA,"Zach Wilson","NO","QB","Out",NA,"Coach's Decision"
"2026-09-29T19:51:18Z","sleeper",NA,"Sam Ehlinger","DEN","QB","Out",NA,"Coach's Decision"
"2026-09-29T19:51:18Z","sleeper",NA,"John Michael Gyllenborg","KC","TE","IR",NA,"Knee"
"2026-09-29T19:51:18Z","sleeper","00-0033662","Cooper Rush","ATL","QB","Out",NA,"Coach's Decision"
"2026-09-29T19:51:18Z","sleeper",NA,"Will Mallory","IND","TE","IR",NA,"Thumb"
"2026-09-29T19:51:18Z","sleeper",NA,"Isiah Pacheco","DET","RB","IR",NA,"Back"
"2026-09-29T19:51:18Z","sleeper",NA,"Trey Benson","ARI","RB","IR",NA,"Knee"
"2026-09-29T19:51:18Z","sleeper",NA,"Jimmy Holiday","KC","WR","IR",NA,"Undisclosed"
"2026-09-29T19:51:18Z","sleeper",NA,"Jake Bobo","SEA","WR","IR",NA,"Knee"
"2026-09-29T19:51:18Z","sleeper","00-0032775","Demarcus Robinson","SF","WR","IR",NA,"Ankle"
"2026-09-29T19:51:18Z","sleeper",NA,"Grant Calcaterra","PHI","TE","IR",NA,"Back"
"2026-09-29T19:51:18Z","sleeper",NA,"Calvin Austin","NYG","WR","IR",NA,"Knee"
"2026-09-29T19:51:18Z","sleeper",NA,"Jaren Kanak","TEN","TE","IR",NA,"Pectoral"
"2026-09-29T19:51:18Z","sleeper",NA,"Myles Montgomery","NE","RB","IR",NA,"Undisclosed"
"2026-09-29T19:51:18Z","sleeper",NA,"Montorie Foster","SEA","WR","Out",NA,"Coach's Decision"
"2026-09-29T19:51:18Z","sleeper",NA,"Eli Stowers","PHI","TE","IR",NA,"Hamstring"
"2026-09-29T19:51:18Z","sleeper",NA,"Jalen McMillan","TB","WR","Out",NA,"Knee - PCL"
"2026-09-29T19:51:18Z","sleeper","00-0033955","Jeremy McNichols","WAS","RB","IR",NA,"Quadriceps"
"2026-09-29T19:51:18Z","sleeper","00-0034855","Baker Mayfield","TB","QB","Out",NA,"Thumb"
"2026-09-29T19:51:18Z","sleeper","00-0033553","James Conner","ARI","RB","IR",NA,"Foot"
"2026-09-29T19:51:18Z","sleeper",NA,"Michael Carter","TEN","RB","Out",NA,"Coach's Decision"
"2026-09-29T19:51:18Z","sleeper",NA,"Isaac Guerendo","SF","RB","PUP",NA,"Pectoral"
"2026-09-29T19:51:18Z","sleeper",NA,"Carson Beck","ARI","QB","Out",NA,"Coach's Decision"
"2026-09-29T19:51:18Z","sleeper",NA,"Ricky Pearsall","SF","WR","IR",NA,"Knee - PCL"
"2026-09-29T19:51:18Z","sleeper",NA,"Nico Collins","HOU","WR","Out",NA,"Hamstring"
"2026-09-29T19:51:18Z","sleeper",NA,"Terrance Ferguson","LA","TE","Questionable",NA,"Ankle"
"2026-09-29T19:51:18Z","sleeper","00-0035249","Josh Oliver","MIN","TE","Out",NA,"Biceps"
"2026-09-29T19:51:18Z","sleeper",NA,"Jordan Mason","MIN","RB","IR",NA,"Thumb"
"2026-09-29T19:51:18Z","sleeper",NA,"Caleb Douglas","MIA","WR","Out",NA,"Ankle"
"2026-09-29T19:51:18Z","sleeper",NA,"Rico Dowdle","PIT","RB","Out",NA,"Toe"
"2026-09-29T19:51:18Z","sleeper",NA,"Mason Tipton","NO","WR","PUP",NA,"Groin"
"2026-09-29T19:51:18Z","sleeper",NA,"Caleb Lohner","DEN","TE","IR",NA,"Lower Body"
"2026-09-29T19:51:18Z","sleeper","00-0035406","Lil'Jordan Humphrey","DEN","WR","Out",NA,"Coach's Decision"
"2026-09-29T19:51:18Z","sleeper",NA,"Treyton Welch","NO","TE","Out",NA,"Coach's Decision"
"2026-09-29T19:51:18Z","sleeper",NA,"Skylar Thompson","BAL","QB","IR",NA,"Undisclosed"
"2026-09-29T19:51:18Z","sleeper",NA,"Haynes King","CAR","QB","Out",NA,"Coach's Decision"
"2026-09-29T19:51:18Z","sleeper","00-0031408","Mike Evans","SF","WR","Out",NA,"Ribs"
"2026-09-29T19:51:18Z","sleeper",NA,"Tutu Atwell","LA","WR","Out",NA,"Coach's Decision"
"2026-09-29T19:51:18Z","sleeper","00-0034611","Donnie Ernsberger","TEN","TE","Questionable",NA,NA
"2026-09-29T19:51:18Z","sleeper",NA,"Nikola Kalinic","CHI","TE","IR",NA,"Knee"
"2026-09-29T19:51:18Z","sleeper",NA,"RJ Harvey","DEN","RB","Questionable",NA,"Concussion"
"2026-09-29T19:51:18Z","sleeper",NA,"Savion Williams","GB","WR","IR",NA,"Undisclosed"
"2026-09-29T19:51:18Z","sleeper",NA,"Eli Heidenreich","PIT","RB","Out",NA,"Coach's Decision"
"2026-09-29T19:51:18Z","sleeper",NA,"Irv Charles","SEA","WR","IR",NA,"Undisclosed"
"2026-09-29T19:51:18Z","sleeper","00-0033375","Tim Patrick","NYJ","WR","IR",NA,"Groin"
"2026-09-29T19:51:18Z","sleeper",NA,"Cole Payton","PHI","QB","Out",NA,"Coach's Decision"
"2026-09-29T19:51:18Z","sleeper",NA,"Robbie Ouzts","SEA","RB","IR",NA,"Undisclosed"
"2026-09-29T19:51:18Z","sleeper",NA,"Puka Nacua","LA","WR","Out",NA,"Hip"
"2026-09-29T19:51:18Z","sleeper",NA,"Andrei Iosivas","CIN","WR","IR",NA,"Thumb"
"2026-09-29T19:51:18Z","sleeper",NA,"De'Zhaun Stribling","SF","WR","IR",NA,"Ankle"
"2026-09-29T19:51:18Z","sleeper","00-0035676","A.J. Brown","NE","WR","IR",NA,"Ankle"
"2026-09-29T19:51:18Z","sleeper","00-0035645","Gunner Olszewski","NYG","WR","IR",NA,"Achilles"
"2026-09-29T19:51:18Z","sleeper",NA,"Chris Brazzell","CAR","WR","IR",NA,"Knee"
"2026-09-29T19:51:18Z","sleeper",NA,"Alec Pierce","IND","WR","IR",NA,"Heel"
"2026-09-29T19:51:18Z","sleeper",NA,"Jaxson Dart","NYG","QB","IR",NA,"Knee - Meniscus"
"2026-09-29T19:51:18Z","sleeper",NA,"J.J. McCarthy","NYG","QB","Out",NA,"Coach's Decision"
"2026-09-29T19:51:18Z","sleeper",NA,"Jeff Caldwell","KC","WR","IR",NA,"Knee"
"2026-09-29T19:51:18Z","sleeper",NA,"Riley Leonard","IND","QB","Out",NA,"Coach's Decision"
"2026-09-29T19:51:18Z","sleeper","00-0034351","Dallas Goedert","PHI","TE","Out",NA,"Knee - MCL"
"2026-09-29T19:51:18Z","sleeper",NA,"Ollie Gordon","MIA","RB","Questionable",NA,"Undisclosed"
"2026-09-29T19:51:18Z","sleeper","00-0034439","Tyler Conklin","DET","TE","Out",NA,"Coach's Decision"
"2026-09-29T19:51:18Z","sleeper",NA,"De'Von Achane","MIA","RB","IR",NA,"Knee - ACL"
"2026-09-29T19:51:18Z","sleeper",NA,"Marvin Mims","DEN","WR","Out",NA,"Foot"
"2026-09-29T19:51:18Z","sleeper",NA,"Thomas Yassmin","GB","TE","IR",NA,"Undisclosed"
"2026-09-29T19:51:18Z","sleeper",NA,"Will Howard","PIT","QB","Out",NA,"Coach's Decision"
"2026-09-29T19:51:18Z","sleeper",NA,"DJ Rogers","DAL","TE","IR",NA,"Knee"
"2026-09-29T19:51:18Z","sleeper","00-0035662","Marquise Brown","PHI","WR","Out",NA,"Ankle"
"2026-09-29T19:51:18Z","sleeper",NA,"Julian Hill","NE","TE","IR",NA,"Knee"
"2026-09-29T19:51:18Z","sleeper",NA,"Thomas Fidone","NYG","TE","Out",NA,"Coach's Decision"
"2026-09-29T19:51:18Z","sleeper",NA,"Aidan O'Connell","LV","QB","Out",NA,"Personal"
"2026-09-29T19:51:18Z","sleeper",NA,"Jack Bech","LV","WR","Out",NA,"Forearm"
"2026-09-29T19:51:18Z","sleeper",NA,"Brevin Jordan","HOU","TE","Out",NA,"Coach's Decision"
"2026-09-29T19:51:18Z","sleeper",NA,"Moliki Matavao","NO","TE","IR",NA,"Knee"
"2026-09-29T19:51:18Z","sleeper",NA,"Kurtis Rourke","SF","QB","Out",NA,"Coach's Decision"
"2026-09-29T19:51:18Z","sleeper",NA,"Jared Wiley","KC","TE","Out",NA,"Coach's Decision"
"2026-09-29T19:51:18Z","sleeper",NA,"Trevor Etienne","CAR","RB","IR",NA,"Ankle"
"2026-09-29T19:51:18Z","sleeper",NA,"Arian Smith","NYJ","WR","IR",NA,"Knee"
"2026-09-29T19:51:18Z","sleeper",NA,"Ty Simpson","LA","QB","Out",NA,"Coach's Decision"
"2026-09-29T19:51:18Z","sleeper",NA,"Brittain Brown","CHI","RB","IR",NA,"Undisclosed"
"2026-09-29T19:51:18Z","sleeper",NA,"Dont'e Thornton","LV","WR","IR",NA,"Undisclosed"
"2026-09-29T19:51:18Z","sleeper",NA,"Jeremiah Webb","NE","WR","IR",NA,"Arm"
"2026-09-29T19:51:18Z","sleeper",NA,"DJ Uiagalelei","LAC","QB","Out",NA,"Coach's Decision"
"2026-09-29T19:51:18Z","sleeper",NA,"Luke Musgrave","GB","TE","PUP",NA,"Undisclosed"
"2026-09-29T19:51:18Z","sleeper",NA,"Jordyn Tyson","NO","WR","IR",NA,"Hamstring"
"2026-09-29T19:51:18Z","sleeper",NA,"Brady Cook","MIA","QB","Out",NA,"Coach's Decision"
"2026-09-29T19:51:18Z","sleeper",NA,"Kene Nwangwu","NYJ","RB","Out",NA,"Back"
"2026-09-29T19:51:18Z","sleeper",NA,"Camden Brown","DAL","WR","Out",NA,"Coach's Decision"
"2026-09-29T19:51:18Z","sleeper",NA,"Omar Cooper","NYJ","WR","IR",NA,"Ankle"
"2026-09-29T19:51:18Z","sleeper",NA,"Ben Yurosek","MIN","TE","IR",NA,"Undisclosed"
"2026-09-29T19:51:18Z","sleeper",NA,"Travis Etienne","NO","RB","Out",NA,"Hamstring"
"2026-09-29T19:51:18Z","sleeper",NA,"Tyjae Spears","TEN","RB","Questionable",NA,"Ankle"
"2026-09-29T19:51:18Z","sleeper",NA,"Ronnie Rivers","LA","RB","IR",NA,"Calf"
"2026-09-29T19:51:18Z","sleeper",NA,"Matthew Caldwell","LA","QB","IR",NA,"Undisclosed"
"2026-09-29T19:51:18Z","sleeper",NA,"Barion Brown","NO","WR","Out",NA,"Hamstring"
"2026-09-29T19:51:18Z","sleeper",NA,"Jonathon Brooks","CAR","RB","IR",NA,"Abdomen"
"2026-09-29T19:51:18Z","sleeper",NA,"Dylan Sampson","CLE","RB","IR",NA,"Knee"
"2026-09-29T19:51:18Z","sleeper",NA,"Reggie Virgil","ARI","WR","Out",NA,"Coach's Decision"
"2026-09-29T19:51:18Z","sleeper",NA,"Dallen Bentley","DEN","TE","Out",NA,"Coach's Decision"
"2026-09-29T19:51:18Z","sleeper","00-0034775","Christian Kirk","SF","WR","IR",NA,"Calf"
"2026-09-29T19:51:18Z","sleeper",NA,"Jalen Coker","CAR","WR","Out",NA,"Quadriceps"
"2026-09-29T19:51:18Z","sleeper",NA,"Mason Taylor","NYJ","TE","Out",NA,"Thumb"
"2026-09-29T19:51:18Z","sleeper","00-0035359","David Sills","TB","WR","IR",NA,"Undisclosed"
"2026-09-29T19:51:18Z","sleeper",NA,"Carson Towt","IND","TE","IR",NA,"Undisclosed"
"2026-09-29T19:51:18Z","sleeper",NA,"Graham Mertz","HOU","QB","IR",NA,"Knee - ACL"
"2026-09-29T19:51:18Z","sleeper",NA,"Emari Demercado","DAL","RB","Out",NA,"Coach's Decision"
"2026-09-29T19:51:18Z","sleeper",NA,"Dillon Gabriel","CLE","QB","IR",NA,"Back"
"2026-09-29T19:51:18Z","sleeper",NA,"Ty Chandler","NO","RB","IR",NA,"Knee"
"2026-09-29T19:51:18Z","sleeper",NA,"Xavier Legette","CAR","WR","Out",NA,"Knee"
"2026-09-29T19:51:18Z","sleeper",NA,"Justin Shorter","LV","WR","IR",NA,"Undisclosed"
"2026-09-29T19:51:18Z","sleeper",NA,"Colbie Young","CIN","WR","Out",NA,"Knee"
"2026-09-29T19:51:18Z","sleeper","00-0034753","Mark Andrews","BAL","TE","Questionable",NA,"Hand"
"2026-09-29T19:51:18Z","sleeper",NA,"Jayden Higgins","HOU","WR","IR",NA,"Knee - ACL"
"2026-09-29T19:51:18Z","sleeper",NA,"Tylan Wallace","CLE","WR","Questionable",NA,"Knee"
"2026-09-29T19:51:18Z","sleeper",NA,"Garrett Nussmeier","KC","QB","Out",NA,"Coach's Decision"
"2026-09-29T19:51:18Z","sleeper",NA,"Justin Jefferson","MIN","WR","Out",NA,"Ankle"
"2026-09-29T19:51:18Z","sleeper",NA,"Tyrell Shavers","BUF","WR","PUP",NA,"Knee - ACL"
"2026-09-29T19:51:18Z","sleeper",NA,"Ja'Tavion Sanders","CAR","TE","Out",NA,"Coach's Decision"
"2026-09-29T19:51:18Z","sleeper",NA,"Tanner McKee","PHI","QB","Out",NA,"Coach's Decision"
"2026-09-29T19:51:18Z","sleeper","00-0035045","D.J. Montgomery","IND","WR","IR",NA,"Abdomen"
"2026-09-29T19:51:18Z","sleeper",NA,"Adonai Mitchell","NYJ","WR","Out",NA,"Finger"
"2026-09-29T19:51:18Z","sleeper",NA,"DJ Giddens","IND","RB","Out",NA,"Coach's Decision"
"2026-09-29T19:51:18Z","sleeper","00-0034857","Josh Allen","BUF","QB","Questionable",NA,"Knee"
"2026-09-29T19:51:18Z","sleeper",NA,"Kylen Granson","TEN","TE","Out",NA,"Coach's Decision"
"2026-09-29T19:51:18Z","sleeper",NA,"Brandon Aiyuk","SF","WR","Out",NA,"Knee - ACL + MCL"
"2026-09-29T19:51:18Z","sleeper",NA,"Hayden Large","CHI","TE","IR",NA,"Undisclosed"
"2026-09-29T19:51:18Z","sleeper",NA,"Jonah Coleman","DEN","RB","IR",NA,"Ankle"
"2026-09-29T19:51:18Z","sleeper",NA,"Ja'Kobi Lane","BAL","WR","IR",NA,"Wrist"
"2026-09-29T19:51:18Z","sleeper",NA,"Carter Runyon","LV","TE","IR",NA,"Undisclosed"
"2026-09-29T19:51:18Z","sleeper",NA,"Princeton Fant","DAL","TE","IR",NA,"Knee - ACL + MCL"
"2026-09-29T19:51:18Z","sleeper",NA,"Skyler Bell","BUF","WR","Out",NA,"Coach's Decision"
"2026-09-29T19:51:18Z","sleeper",NA,"Charlie Kolar","LAC","TE","Out",NA,"Forearm"
"2026-09-29T19:51:18Z","sleeper",NA,"Malik Davis","DAL","RB","IR",NA,"Hip"
"2026-09-29T19:51:18Z","sleeper",NA,"Caleb Williams","CHI","QB","Out",NA,"Hamstring"
"2026-09-29T19:51:18Z","sleeper",NA,"Tip Reiman","ARI","TE","PUP",NA,"Ankle"
"2026-09-29T19:51:18Z","sleeper",NA,"Tank Dell","HOU","WR","IR",NA,"Knee - ACL + MCL"
"2026-09-29T19:51:18Z","sleeper","00-0035535","Darius Slayton","IND","WR","Out",NA,"Coach's Decision"
"2026-09-29T19:51:18Z","sleeper",NA,"Cole Turner","MIA","TE","IR",NA,"Undisclosed"
"2026-09-29T19:51:18Z","sleeper",NA,"Jalen Milroe","SEA","QB","Out",NA,"Coach's Decision"
"2026-09-29T19:51:18Z","sleeper",NA,"Chris Collier","LV","RB","IR",NA,"Undisclosed"
"2026-09-29T19:51:18Z","sleeper",NA,"Chig Okonkwo","WAS","TE","Out",NA,"Hamstring"
"2026-09-29T19:51:18Z","sleeper",NA,"KeAndre Lambert-Smith","LAC","WR","IR",NA,"Hamstring"
"2026-09-29T19:51:18Z","sleeper",NA,"Taylen Green","CLE","QB","Out",NA,"Coach's Decision"
"2026-09-29T19:51:18Z","sleeper",NA,"Jeshaun Jones","MIN","WR","Suspended",NA,"Suspension"
"2026-09-29T19:51:18Z","sleeper",NA,"Joe Royer","CLE","TE","PUP",NA,"Personal"
"2026-09-29T19:51:18Z","sleeper",NA,"Zach Charbonnet","SEA","RB","PUP",NA,"Knee - ACL"
"2026-09-29T19:51:18Z","sleeper",NA,"Joe Fagnano","BAL","QB","Out",NA,"Coach's Decision"
"2026-09-29T19:51:18Z","sleeper",NA,"Drew Allar","PIT","QB","Out",NA,"Coach's Decision"
"2026-09-29T19:51:18Z","sleeper",NA,"Jayden Daniels","WAS","QB","Out",NA,"Elbow"
"2026-09-29T19:51:18Z","sleeper",NA,"Jaylen Wright","MIA","RB","Out",NA,"Foot"
"2026-09-29T19:51:18Z","sleeper",NA,"Jack Strand","ATL","QB","Out",NA,"Coach's Decision"
"2026-09-29T19:51:18Z","sleeper","00-0033885","David Njoku","LAC","TE","IR",NA,"Lower Leg"
"2026-09-29T19:51:18Z","sleeper",NA,"Beaux Collins","ATL","WR","IR",NA,"Undisclosed"
"2026-09-29T19:51:18Z","sleeper",NA,"Breece Hall","NYJ","RB","Out",NA,"Thigh"
"2026-09-29T19:51:18Z","sleeper",NA,"Jameson Geers","ARI","TE","IR",NA,"Undisclosed"
"2026-09-29T19:51:18Z","sleeper","00-0035021","Ashton Dulin","IND","WR","Out",NA,"Ankle"
"2026-09-29T19:51:18Z","sleeper",NA,"Colby Parkinson","LA","TE","Questionable",NA,"Shoulder"
"2026-09-29T19:51:18Z","sleeper",NA,"Kendrick Law","DET","WR","IR",NA,"Knee - ACL"
"2026-09-29T20:11:51Z","sleeper",NA,"Adam Randall","BAL","RB","IR",NA,"Undisclosed"
"2026-09-29T20:11:51Z","sleeper",NA,"Behren Morton","NE","QB","Out",NA,"Coach's Decision"
"2026-09-29T20:11:51Z","sleeper",NA,"Jake Tonges","SF","TE","IR",NA,"Knee"
"2026-09-29T20:11:51Z","sleeper",NA,"Pierre Strong","GB","RB","Questionable",NA,"Hamstring"
"2026-09-29T20:11:51Z","sleeper",NA,"Trey Sermon","ATL","RB","IR",NA,"Undisclosed"
"2026-09-29T20:11:51Z","sleeper",NA,"Johnny Wilson","PHI","WR","IR",NA,"Knee"
"2026-09-29T20:11:51Z","sleeper",NA,"Corey Rucker","LV","WR","IR",NA,"Undisclosed"
"2026-09-29T20:11:51Z","sleeper",NA,"Rachaad White","WAS","RB","Questionable",NA,"Shoulder"
"2026-09-29T20:11:51Z","sleeper",NA,"Jayden Reed","GB","WR","Out",NA,"Neck"
"2026-09-29T20:11:51Z","sleeper",NA,"CJ Williams","JAX","WR","Out",NA,"Coach's Decision"
"2026-09-29T20:11:51Z","sleeper",NA,"CJ Daniels","LA","WR","Out",NA,"Coach's Decision"
"2026-09-29T20:11:51Z","sleeper",NA,"Jack Endries","CIN","TE","Out",NA,"Coach's Decision"
"2026-09-29T20:11:51Z","sleeper",NA,"Brenen Thompson","LAC","WR","Out",NA,"Quadriceps"
"2026-09-29T20:11:51Z","sleeper",NA,"Eli Raridon","NE","TE","Out",NA,"Thigh"
"2026-09-29T20:11:51Z","sleeper",NA,"Elijah Sarratt","BAL","WR","Out",NA,"Coach's Decision"
"2026-09-29T20:11:51Z","sleeper","00-0035250","Devin Singletary","NYG","RB","Out",NA,"Coach's Decision"
"2026-09-29T20:11:51Z","sleeper",NA,"Zach Wilson","NO","QB","Out",NA,"Coach's Decision"
"2026-09-29T20:11:51Z","sleeper",NA,"Sam Ehlinger","DEN","QB","Out",NA,"Coach's Decision"
"2026-09-29T20:11:51Z","sleeper",NA,"John Michael Gyllenborg","KC","TE","IR",NA,"Knee"
"2026-09-29T20:11:51Z","sleeper","00-0033662","Cooper Rush","ATL","QB","Out",NA,"Coach's Decision"
"2026-09-29T20:11:51Z","sleeper",NA,"Will Mallory","IND","TE","IR",NA,"Thumb"
"2026-09-29T20:11:51Z","sleeper",NA,"Isiah Pacheco","DET","RB","IR",NA,"Back"
"2026-09-29T20:11:51Z","sleeper",NA,"Trey Benson","ARI","RB","IR",NA,"Knee"
"2026-09-29T20:11:51Z","sleeper",NA,"Jimmy Holiday","KC","WR","IR",NA,"Undisclosed"
"2026-09-29T20:11:51Z","sleeper",NA,"Jake Bobo","SEA","WR","IR",NA,"Knee"
"2026-09-29T20:11:51Z","sleeper","00-0032775","Demarcus Robinson","SF","WR","IR",NA,"Ankle"
"2026-09-29T20:11:51Z","sleeper",NA,"Grant Calcaterra","PHI","TE","IR",NA,"Back"
"2026-09-29T20:11:51Z","sleeper",NA,"Calvin Austin","NYG","WR","IR",NA,"Knee"
"2026-09-29T20:11:51Z","sleeper",NA,"Jaren Kanak","TEN","TE","IR",NA,"Pectoral"
"2026-09-29T20:11:51Z","sleeper",NA,"Myles Montgomery","NE","RB","IR",NA,"Undisclosed"
"2026-09-29T20:11:51Z","sleeper",NA,"Montorie Foster","SEA","WR","Out",NA,"Coach's Decision"
"2026-09-29T20:11:51Z","sleeper",NA,"Eli Stowers","PHI","TE","IR",NA,"Hamstring"
"2026-09-29T20:11:51Z","sleeper",NA,"Jalen McMillan","TB","WR","Out",NA,"Knee - PCL"
"2026-09-29T20:11:51Z","sleeper","00-0033955","Jeremy McNichols","WAS","RB","IR",NA,"Quadriceps"
"2026-09-29T20:11:51Z","sleeper","00-0034855","Baker Mayfield","TB","QB","Out",NA,"Thumb"
"2026-09-29T20:11:51Z","sleeper","00-0033553","James Conner","ARI","RB","IR",NA,"Foot"
"2026-09-29T20:11:51Z","sleeper",NA,"Michael Carter","TEN","RB","Out",NA,"Coach's Decision"
"2026-09-29T20:11:51Z","sleeper",NA,"Isaac Guerendo","SF","RB","PUP",NA,"Pectoral"
"2026-09-29T20:11:51Z","sleeper",NA,"Carson Beck","ARI","QB","Out",NA,"Coach's Decision"
"2026-09-29T20:11:51Z","sleeper",NA,"Ricky Pearsall","SF","WR","IR",NA,"Knee - PCL"
"2026-09-29T20:11:51Z","sleeper",NA,"Nico Collins","HOU","WR","Out",NA,"Hamstring"
"2026-09-29T20:11:51Z","sleeper",NA,"Terrance Ferguson","LA","TE","Questionable",NA,"Ankle"
"2026-09-29T20:11:51Z","sleeper","00-0035249","Josh Oliver","MIN","TE","Out",NA,"Biceps"
"2026-09-29T20:11:51Z","sleeper",NA,"Jordan Mason","MIN","RB","IR",NA,"Thumb"
"2026-09-29T20:11:51Z","sleeper",NA,"Caleb Douglas","MIA","WR","Out",NA,"Ankle"
"2026-09-29T20:11:51Z","sleeper",NA,"Rico Dowdle","PIT","RB","Out",NA,"Toe"
"2026-09-29T20:11:51Z","sleeper",NA,"Mason Tipton","NO","WR","PUP",NA,"Groin"
"2026-09-29T20:11:51Z","sleeper",NA,"Caleb Lohner","DEN","TE","IR",NA,"Lower Body"
"2026-09-29T20:11:51Z","sleeper","00-0035406","Lil'Jordan Humphrey","DEN","WR","Out",NA,"Coach's Decision"
"2026-09-29T20:11:51Z","sleeper",NA,"Treyton Welch","NO","TE","Out",NA,"Coach's Decision"
"2026-09-29T20:11:51Z","sleeper",NA,"Skylar Thompson","BAL","QB","IR",NA,"Undisclosed"
"2026-09-29T20:11:51Z","sleeper",NA,"Haynes King","CAR","QB","Out",NA,"Coach's Decision"
"2026-09-29T20:11:51Z","sleeper","00-0031408","Mike Evans","SF","WR","Out",NA,"Ribs"
"2026-09-29T20:11:51Z","sleeper",NA,"Tutu Atwell","LA","WR","Out",NA,"Coach's Decision"
"2026-09-29T20:11:51Z","sleeper","00-0034611","Donnie Ernsberger","TEN","TE","Questionable",NA,NA
"2026-09-29T20:11:51Z","sleeper",NA,"Nikola Kalinic","CHI","TE","IR",NA,"Knee"
"2026-09-29T20:11:51Z","sleeper",NA,"RJ Harvey","DEN","RB","Questionable",NA,"Concussion"
"2026-09-29T20:11:51Z","sleeper",NA,"Savion Williams","GB","WR","IR",NA,"Undisclosed"
"2026-09-29T20:11:51Z","sleeper",NA,"Eli Heidenreich","PIT","RB","Out",NA,"Coach's Decision"
"2026-09-29T20:11:51Z","sleeper",NA,"Irv Charles","SEA","WR","IR",NA,"Undisclosed"
"2026-09-29T20:11:51Z","sleeper","00-0033375","Tim Patrick","NYJ","WR","IR",NA,"Groin"
"2026-09-29T20:11:51Z","sleeper",NA,"Cole Payton","PHI","QB","Out",NA,"Coach's Decision"
"2026-09-29T20:11:51Z","sleeper",NA,"Robbie Ouzts","SEA","RB","IR",NA,"Undisclosed"
"2026-09-29T20:11:51Z","sleeper",NA,"Puka Nacua","LA","WR","Out",NA,"Hip"
"2026-09-29T20:11:51Z","sleeper",NA,"Andrei Iosivas","CIN","WR","IR",NA,"Thumb"
"2026-09-29T20:11:51Z","sleeper",NA,"De'Zhaun Stribling","SF","WR","IR",NA,"Ankle"
"2026-09-29T20:11:51Z","sleeper","00-0035676","A.J. Brown","NE","WR","IR",NA,"Ankle"
"2026-09-29T20:11:51Z","sleeper","00-0035645","Gunner Olszewski","NYG","WR","IR",NA,"Achilles"
"2026-09-29T20:11:51Z","sleeper",NA,"Chris Brazzell","CAR","WR","IR",NA,"Knee"
"2026-09-29T20:11:51Z","sleeper",NA,"Alec Pierce","IND","WR","IR",NA,"Heel"
"2026-09-29T20:11:51Z","sleeper",NA,"Jaxson Dart","NYG","QB","IR",NA,"Knee - Meniscus"
"2026-09-29T20:11:51Z","sleeper",NA,"J.J. McCarthy","NYG","QB","Out",NA,"Coach's Decision"
"2026-09-29T20:11:51Z","sleeper",NA,"Jeff Caldwell","KC","WR","IR",NA,"Knee"
"2026-09-29T20:11:51Z","sleeper",NA,"Riley Leonard","IND","QB","Out",NA,"Coach's Decision"
"2026-09-29T20:11:51Z","sleeper","00-0034351","Dallas Goedert","PHI","TE","Out",NA,"Knee - MCL"
"2026-09-29T20:11:51Z","sleeper",NA,"Ollie Gordon","MIA","RB","Questionable",NA,"Undisclosed"
"2026-09-29T20:11:51Z","sleeper","00-0034439","Tyler Conklin","DET","TE","Out",NA,"Coach's Decision"
"2026-09-29T20:11:51Z","sleeper",NA,"De'Von Achane","MIA","RB","IR",NA,"Knee - ACL"
"2026-09-29T20:11:51Z","sleeper",NA,"Marvin Mims","DEN","WR","Out",NA,"Foot"
"2026-09-29T20:11:51Z","sleeper",NA,"Thomas Yassmin","GB","TE","IR",NA,"Undisclosed"
"2026-09-29T20:11:51Z","sleeper",NA,"Will Howard","PIT","QB","Out",NA,"Coach's Decision"
"2026-09-29T20:11:51Z","sleeper",NA,"DJ Rogers","DAL","TE","IR",NA,"Knee"
"2026-09-29T20:11:51Z","sleeper","00-0035662","Marquise Brown","PHI","WR","Out",NA,"Ankle"
"2026-09-29T20:11:51Z","sleeper",NA,"Julian Hill","NE","TE","IR",NA,"Knee"
"2026-09-29T20:11:51Z","sleeper",NA,"Thomas Fidone","NYG","TE","Out",NA,"Coach's Decision"
"2026-09-29T20:11:51Z","sleeper",NA,"Aidan O'Connell","LV","QB","Out",NA,"Personal"
"2026-09-29T20:11:51Z","sleeper",NA,"Jack Bech","LV","WR","Out",NA,"Forearm"
"2026-09-29T20:11:51Z","sleeper",NA,"Brevin Jordan","HOU","TE","Out",NA,"Coach's Decision"
"2026-09-29T20:11:51Z","sleeper",NA,"Moliki Matavao","NO","TE","IR",NA,"Knee"
"2026-09-29T20:11:51Z","sleeper",NA,"Kurtis Rourke","SF","QB","Out",NA,"Coach's Decision"
"2026-09-29T20:11:51Z","sleeper",NA,"Jared Wiley","KC","TE","Out",NA,"Coach's Decision"
"2026-09-29T20:11:51Z","sleeper",NA,"Trevor Etienne","CAR","RB","IR",NA,"Ankle"
"2026-09-29T20:11:51Z","sleeper",NA,"Arian Smith","NYJ","WR","IR",NA,"Knee"
"2026-09-29T20:11:51Z","sleeper",NA,"Ty Simpson","LA","QB","Out",NA,"Coach's Decision"
"2026-09-29T20:11:51Z","sleeper",NA,"Brittain Brown","CHI","RB","IR",NA,"Undisclosed"
"2026-09-29T20:11:51Z","sleeper",NA,"Dont'e Thornton","LV","WR","IR",NA,"Undisclosed"
"2026-09-29T20:11:51Z","sleeper",NA,"Jeremiah Webb","NE","WR","IR",NA,"Arm"
"2026-09-29T20:11:51Z","sleeper",NA,"DJ Uiagalelei","LAC","QB","Out",NA,"Coach's Decision"
"2026-09-29T20:11:51Z","sleeper",NA,"Luke Musgrave","GB","TE","PUP",NA,"Undisclosed"
"2026-09-29T20:11:51Z","sleeper",NA,"Jordyn Tyson","NO","WR","IR",NA,"Hamstring"
"2026-09-29T20:11:51Z","sleeper",NA,"Brady Cook","MIA","QB","Out",NA,"Coach's Decision"
"2026-09-29T20:11:51Z","sleeper",NA,"Kene Nwangwu","NYJ","RB","Out",NA,"Back"
"2026-09-29T20:11:51Z","sleeper",NA,"Camden Brown","DAL","WR","Out",NA,"Coach's Decision"
"2026-09-29T20:11:51Z","sleeper",NA,"Omar Cooper","NYJ","WR","IR",NA,"Ankle"
"2026-09-29T20:11:51Z","sleeper",NA,"Ben Yurosek","MIN","TE","IR",NA,"Undisclosed"
"2026-09-29T20:11:51Z","sleeper",NA,"Travis Etienne","NO","RB","Out",NA,"Hamstring"
"2026-09-29T20:11:51Z","sleeper",NA,"Tyjae Spears","TEN","RB","Questionable",NA,"Ankle"
"2026-09-29T20:11:51Z","sleeper",NA,"Ronnie Rivers","LA","RB","IR",NA,"Calf"
"2026-09-29T20:11:51Z","sleeper",NA,"Matthew Caldwell","LA","QB","IR",NA,"Undisclosed"
"2026-09-29T20:11:51Z","sleeper",NA,"Barion Brown","NO","WR","Out",NA,"Hamstring"
"2026-09-29T20:11:51Z","sleeper",NA,"Jonathon Brooks","CAR","RB","IR",NA,"Abdomen"
"2026-09-29T20:11:51Z","sleeper",NA,"Dylan Sampson","CLE","RB","IR",NA,"Knee"
"2026-09-29T20:11:51Z","sleeper",NA,"Reggie Virgil","ARI","WR","Out",NA,"Coach's Decision"
"2026-09-29T20:11:51Z","sleeper",NA,"Dallen Bentley","DEN","TE","Out",NA,"Coach's Decision"
"2026-09-29T20:11:51Z","sleeper","00-0034775","Christian Kirk","SF","WR","IR",NA,"Calf"
"2026-09-29T20:11:51Z","sleeper",NA,"Jalen Coker","CAR","WR","Out",NA,"Quadriceps"
"2026-09-29T20:11:51Z","sleeper",NA,"Mason Taylor","NYJ","TE","Out",NA,"Thumb"
"2026-09-29T20:11:51Z","sleeper","00-0035359","David Sills","TB","WR","IR",NA,"Undisclosed"
"2026-09-29T20:11:51Z","sleeper",NA,"Carson Towt","IND","TE","IR",NA,"Undisclosed"
"2026-09-29T20:11:51Z","sleeper",NA,"Graham Mertz","HOU","QB","IR",NA,"Knee - ACL"
"2026-09-29T20:11:51Z","sleeper",NA,"Emari Demercado","DAL","RB","Out",NA,"Coach's Decision"
"2026-09-29T20:11:51Z","sleeper",NA,"Dillon Gabriel","CLE","QB","IR",NA,"Back"
"2026-09-29T20:11:51Z","sleeper",NA,"Ty Chandler","NO","RB","IR",NA,"Knee"
"2026-09-29T20:11:51Z","sleeper",NA,"Xavier Legette","CAR","WR","Out",NA,"Knee"
"2026-09-29T20:11:51Z","sleeper",NA,"Justin Shorter","LV","WR","IR",NA,"Undisclosed"
"2026-09-29T20:11:51Z","sleeper",NA,"Colbie Young","CIN","WR","Out",NA,"Knee"
"2026-09-29T20:11:51Z","sleeper","00-0034753","Mark Andrews","BAL","TE","Questionable",NA,"Hand"
"2026-09-29T20:11:51Z","sleeper",NA,"Jayden Higgins","HOU","WR","IR",NA,"Knee - ACL"
"2026-09-29T20:11:51Z","sleeper",NA,"Tylan Wallace","CLE","WR","Questionable",NA,"Knee"
"2026-09-29T20:11:51Z","sleeper",NA,"Garrett Nussmeier","KC","QB","Out",NA,"Coach's Decision"
"2026-09-29T20:11:51Z","sleeper",NA,"Justin Jefferson","MIN","WR","Out",NA,"Ankle"
"2026-09-29T20:11:51Z","sleeper",NA,"Tyrell Shavers","BUF","WR","PUP",NA,"Knee - ACL"
"2026-09-29T20:11:51Z","sleeper",NA,"Ja'Tavion Sanders","CAR","TE","Out",NA,"Coach's Decision"
"2026-09-29T20:11:51Z","sleeper",NA,"Tanner McKee","PHI","QB","Out",NA,"Coach's Decision"
"2026-09-29T20:11:51Z","sleeper","00-0035045","D.J. Montgomery","IND","WR","IR",NA,"Abdomen"
"2026-09-29T20:11:51Z","sleeper",NA,"Adonai Mitchell","NYJ","WR","Out",NA,"Finger"
"2026-09-29T20:11:51Z","sleeper",NA,"DJ Giddens","IND","RB","Out",NA,"Coach's Decision"
"2026-09-29T20:11:51Z","sleeper","00-0034857","Josh Allen","BUF","QB","Questionable",NA,"Knee"
"2026-09-29T20:11:51Z","sleeper",NA,"Kylen Granson","TEN","TE","Out",NA,"Coach's Decision"
"2026-09-29T20:11:51Z","sleeper",NA,"Brandon Aiyuk","SF","WR","Out",NA,"Knee - ACL + MCL"
"2026-09-29T20:11:51Z","sleeper",NA,"Hayden Large","CHI","TE","IR",NA,"Undisclosed"
"2026-09-29T20:11:51Z","sleeper",NA,"Jonah Coleman","DEN","RB","IR",NA,"Ankle"
"2026-09-29T20:11:51Z","sleeper",NA,"Ja'Kobi Lane","BAL","WR","IR",NA,"Wrist"
"2026-09-29T20:11:51Z","sleeper",NA,"Carter Runyon","LV","TE","IR",NA,"Undisclosed"
"2026-09-29T20:11:51Z","sleeper",NA,"Princeton Fant","DAL","TE","IR",NA,"Knee - ACL + MCL"
"2026-09-29T20:11:51Z","sleeper",NA,"Skyler Bell","BUF","WR","Out",NA,"Coach's Decision"
"2026-09-29T20:11:51Z","sleeper",NA,"Charlie Kolar","LAC","TE","Out",NA,"Forearm"
"2026-09-29T20:11:51Z","sleeper",NA,"Malik Davis","DAL","RB","IR",NA,"Hip"
"2026-09-29T20:11:51Z","sleeper",NA,"Caleb Williams","CHI","QB","Out",NA,"Hamstring"
"2026-09-29T20:11:51Z","sleeper",NA,"Tip Reiman","ARI","TE","PUP",NA,"Ankle"
"2026-09-29T20:11:51Z","sleeper",NA,"Tank Dell","HOU","WR","IR",NA,"Knee - ACL + MCL"
"2026-09-29T20:11:51Z","sleeper","00-0035535","Darius Slayton","IND","WR","Out",NA,"Coach's Decision"
"2026-09-29T20:11:51Z","sleeper",NA,"Cole Turner","MIA","TE","IR",NA,"Undisclosed"
"2026-09-29T20:11:51Z","sleeper",NA,"Jalen Milroe","SEA","QB","Out",NA,"Coach's Decision"
"2026-09-29T20:11:51Z","sleeper",NA,"Chris Collier","LV","RB","IR",NA,"Undisclosed"
"2026-09-29T20:11:51Z","sleeper",NA,"Chig Okonkwo","WAS","TE","Out",NA,"Hamstring"
"2026-09-29T20:11:51Z","sleeper",NA,"KeAndre Lambert-Smith","LAC","WR","IR",NA,"Hamstring"
"2026-09-29T20:11:51Z","sleeper",NA,"Taylen Green","CLE","QB","Out",NA,"Coach's Decision"
"2026-09-29T20:11:51Z","sleeper",NA,"Jeshaun Jones","MIN","WR","Suspended",NA,"Suspension"
"2026-09-29T20:11:51Z","sleeper",NA,"Joe Royer","CLE","TE","PUP",NA,"Personal"
"2026-09-29T20:11:51Z","sleeper",NA,"Zach Charbonnet","SEA","RB","PUP",NA,"Knee - ACL"
"2026-09-29T20:11:51Z","sleeper",NA,"Joe Fagnano","BAL","QB","Out",NA,"Coach's Decision"
"2026-09-29T20:11:51Z","sleeper",NA,"Drew Allar","PIT","QB","Out",NA,"Coach's Decision"
"2026-09-29T20:11:51Z","sleeper",NA,"Jayden Daniels","WAS","QB","Out",NA,"Elbow"
"2026-09-29T20:11:51Z","sleeper",NA,"Jaylen Wright","MIA","RB","Out",NA,"Foot"
"2026-09-29T20:11:51Z","sleeper",NA,"Jack Strand","ATL","QB","Out",NA,"Coach's Decision"
"2026-09-29T20:11:51Z","sleeper","00-0033885","David Njoku","LAC","TE","IR",NA,"Lower Leg"
"2026-09-29T20:11:51Z","sleeper",NA,"Beaux Collins","ATL","WR","IR",NA,"Undisclosed"
"2026-09-29T20:11:51Z","sleeper",NA,"Breece Hall","NYJ","RB","Out",NA,"Thigh"
"2026-09-29T20:11:51Z","sleeper",NA,"Jameson Geers","ARI","TE","IR",NA,"Undisclosed"
"2026-09-29T20:11:51Z","sleeper","00-0035021","Ashton Dulin","IND","WR","Out",NA,"Ankle"
"2026-09-29T20:11:51Z","sleeper",NA,"Colby Parkinson","LA","TE","Questionable",NA,"Shoulder"
"2026-09-29T20:11:51Z","sleeper",NA,"Kendrick Law","DET","WR","IR",NA,"Knee - ACL"
"2026-09-29T20:40:11Z","sleeper",NA,"Adam Randall","BAL","RB","IR",NA,"Undisclosed"
"2026-09-29T20:40:11Z","sleeper",NA,"Behren Morton","NE","QB","Out",NA,"Coach's Decision"
"2026-09-29T20:40:11Z","sleeper",NA,"Jake Tonges","SF","TE","IR",NA,"Knee"
"2026-09-29T20:40:11Z","sleeper",NA,"Pierre Strong","GB","RB","Questionable",NA,"Hamstring"
"2026-09-29T20:40:11Z","sleeper",NA,"Trey Sermon","ATL","RB","IR",NA,"Undisclosed"
"2026-09-29T20:40:11Z","sleeper",NA,"Johnny Wilson","PHI","WR","IR",NA,"Knee"
"2026-09-29T20:40:11Z","sleeper",NA,"Corey Rucker","LV","WR","IR",NA,"Undisclosed"
"2026-09-29T20:40:11Z","sleeper",NA,"Rachaad White","WAS","RB","Questionable",NA,"Shoulder"
"2026-09-29T20:40:11Z","sleeper",NA,"Jayden Reed","GB","WR","Out",NA,"Neck"
"2026-09-29T20:40:11Z","sleeper",NA,"CJ Williams","JAX","WR","Out",NA,"Coach's Decision"
"2026-09-29T20:40:11Z","sleeper",NA,"CJ Daniels","LA","WR","Out",NA,"Coach's Decision"
"2026-09-29T20:40:11Z","sleeper",NA,"Jack Endries","CIN","TE","Out",NA,"Coach's Decision"
"2026-09-29T20:40:11Z","sleeper",NA,"Brenen Thompson","LAC","WR","Out",NA,"Quadriceps"
"2026-09-29T20:40:11Z","sleeper",NA,"Eli Raridon","NE","TE","Out",NA,"Thigh"
"2026-09-29T20:40:11Z","sleeper",NA,"Elijah Sarratt","BAL","WR","Out",NA,"Coach's Decision"
"2026-09-29T20:40:11Z","sleeper","00-0035250","Devin Singletary","NYG","RB","Out",NA,"Coach's Decision"
"2026-09-29T20:40:11Z","sleeper",NA,"Zach Wilson","NO","QB","Out",NA,"Coach's Decision"
"2026-09-29T20:40:11Z","sleeper",NA,"Sam Ehlinger","DEN","QB","Out",NA,"Coach's Decision"
"2026-09-29T20:40:11Z","sleeper",NA,"John Michael Gyllenborg","KC","TE","IR",NA,"Knee"
"2026-09-29T20:40:11Z","sleeper","00-0033662","Cooper Rush","ATL","QB","Out",NA,"Coach's Decision"
"2026-09-29T20:40:11Z","sleeper",NA,"Will Mallory","IND","TE","IR",NA,"Thumb"
"2026-09-29T20:40:11Z","sleeper",NA,"Isiah Pacheco","DET","RB","IR",NA,"Back"
"2026-09-29T20:40:11Z","sleeper",NA,"Trey Benson","ARI","RB","IR",NA,"Knee"
"2026-09-29T20:40:11Z","sleeper",NA,"Jimmy Holiday","KC","WR","IR",NA,"Undisclosed"
"2026-09-29T20:40:11Z","sleeper",NA,"Jake Bobo","SEA","WR","IR",NA,"Knee"
"2026-09-29T20:40:11Z","sleeper","00-0032775","Demarcus Robinson","SF","WR","IR",NA,"Ankle"
"2026-09-29T20:40:11Z","sleeper",NA,"Grant Calcaterra","PHI","TE","IR",NA,"Back"
"2026-09-29T20:40:11Z","sleeper",NA,"Calvin Austin","NYG","WR","IR",NA,"Knee"
"2026-09-29T20:40:11Z","sleeper",NA,"Jaren Kanak","TEN","TE","IR",NA,"Pectoral"
"2026-09-29T20:40:11Z","sleeper",NA,"Myles Montgomery","NE","RB","IR",NA,"Undisclosed"
"2026-09-29T20:40:11Z","sleeper",NA,"Montorie Foster","SEA","WR","Out",NA,"Coach's Decision"
"2026-09-29T20:40:11Z","sleeper",NA,"Eli Stowers","PHI","TE","IR",NA,"Hamstring"
"2026-09-29T20:40:11Z","sleeper",NA,"Jalen McMillan","TB","WR","Out",NA,"Knee - PCL"
"2026-09-29T20:40:11Z","sleeper","00-0033955","Jeremy McNichols","WAS","RB","IR",NA,"Quadriceps"
"2026-09-29T20:40:11Z","sleeper","00-0034855","Baker Mayfield","TB","QB","Out",NA,"Thumb"
"2026-09-29T20:40:11Z","sleeper","00-0033553","James Conner","ARI","RB","IR",NA,"Foot"
"2026-09-29T20:40:11Z","sleeper",NA,"Michael Carter","TEN","RB","Out",NA,"Coach's Decision"
"2026-09-29T20:40:11Z","sleeper",NA,"Isaac Guerendo","SF","RB","PUP",NA,"Pectoral"
"2026-09-29T20:40:11Z","sleeper",NA,"Carson Beck","ARI","QB","Out",NA,"Coach's Decision"
"2026-09-29T20:40:11Z","sleeper",NA,"Ricky Pearsall","SF","WR","IR",NA,"Knee - PCL"
"2026-09-29T20:40:11Z","sleeper",NA,"Nico Collins","HOU","WR","Out",NA,"Hamstring"
"2026-09-29T20:40:11Z","sleeper",NA,"Terrance Ferguson","LA","TE","Questionable",NA,"Ankle"
"2026-09-29T20:40:11Z","sleeper","00-0035249","Josh Oliver","MIN","TE","Out",NA,"Biceps"
"2026-09-29T20:40:11Z","sleeper",NA,"Jordan Mason","MIN","RB","IR",NA,"Thumb"
"2026-09-29T20:40:11Z","sleeper",NA,"Caleb Douglas","MIA","WR","Out",NA,"Ankle"
"2026-09-29T20:40:11Z","sleeper",NA,"Rico Dowdle","PIT","RB","Out",NA,"Toe"
"2026-09-29T20:40:11Z","sleeper",NA,"Mason Tipton","NO","WR","PUP",NA,"Groin"
"2026-09-29T20:40:11Z","sleeper",NA,"Caleb Lohner","DEN","TE","IR",NA,"Lower Body"
"2026-09-29T20:40:11Z","sleeper","00-0035406","Lil'Jordan Humphrey","DEN","WR","Out",NA,"Coach's Decision"
"2026-09-29T20:40:11Z","sleeper",NA,"Treyton Welch","NO","TE","Out",NA,"Coach's Decision"
"2026-09-29T20:40:11Z","sleeper",NA,"Skylar Thompson","BAL","QB","IR",NA,"Undisclosed"
"2026-09-29T20:40:11Z","sleeper",NA,"Haynes King","CAR","QB","Out",NA,"Coach's Decision"
"2026-09-29T20:40:11Z","sleeper","00-0031408","Mike Evans","SF","WR","Out",NA,"Ribs"
"2026-09-29T20:40:11Z","sleeper",NA,"Tutu Atwell","LA","WR","Out",NA,"Coach's Decision"
"2026-09-29T20:40:11Z","sleeper","00-0034611","Donnie Ernsberger","TEN","TE","Questionable",NA,NA
"2026-09-29T20:40:11Z","sleeper",NA,"Nikola Kalinic","CHI","TE","IR",NA,"Knee"
"2026-09-29T20:40:11Z","sleeper",NA,"RJ Harvey","DEN","RB","Questionable",NA,"Concussion"
"2026-09-29T20:40:11Z","sleeper",NA,"Savion Williams","GB","WR","IR",NA,"Undisclosed"
"2026-09-29T20:40:11Z","sleeper",NA,"Eli Heidenreich","PIT","RB","Out",NA,"Coach's Decision"
"2026-09-29T20:40:11Z","sleeper",NA,"Irv Charles","SEA","WR","IR",NA,"Undisclosed"
"2026-09-29T20:40:11Z","sleeper","00-0033375","Tim Patrick","NYJ","WR","IR",NA,"Groin"
"2026-09-29T20:40:11Z","sleeper",NA,"Cole Payton","PHI","QB","Out",NA,"Coach's Decision"
"2026-09-29T20:40:11Z","sleeper",NA,"Robbie Ouzts","SEA","RB","IR",NA,"Undisclosed"
"2026-09-29T20:40:11Z","sleeper",NA,"Puka Nacua","LA","WR","Out",NA,"Hip"
"2026-09-29T20:40:11Z","sleeper",NA,"Andrei Iosivas","CIN","WR","IR",NA,"Thumb"
"2026-09-29T20:40:11Z","sleeper",NA,"De'Zhaun Stribling","SF","WR","IR",NA,"Ankle"
"2026-09-29T20:40:11Z","sleeper","00-0035676","A.J. Brown","NE","WR","IR",NA,"Ankle"
"2026-09-29T20:40:11Z","sleeper","00-0035645","Gunner Olszewski","NYG","WR","IR",NA,"Achilles"
"2026-09-29T20:40:11Z","sleeper",NA,"Chris Brazzell","CAR","WR","IR",NA,"Knee"
"2026-09-29T20:40:11Z","sleeper",NA,"Alec Pierce","IND","WR","IR",NA,"Heel"
"2026-09-29T20:40:11Z","sleeper",NA,"Jaxson Dart","NYG","QB","IR",NA,"Knee - Meniscus"
"2026-09-29T20:40:11Z","sleeper",NA,"J.J. McCarthy","NYG","QB","Out",NA,"Coach's Decision"
"2026-09-29T20:40:11Z","sleeper",NA,"Jeff Caldwell","KC","WR","IR",NA,"Knee"
"2026-09-29T20:40:11Z","sleeper",NA,"Riley Leonard","IND","QB","Out",NA,"Coach's Decision"
"2026-09-29T20:40:11Z","sleeper","00-0034351","Dallas Goedert","PHI","TE","Out",NA,"Knee - MCL"
"2026-09-29T20:40:11Z","sleeper",NA,"Ollie Gordon","MIA","RB","Questionable",NA,"Undisclosed"
"2026-09-29T20:40:11Z","sleeper","00-0034439","Tyler Conklin","DET","TE","Out",NA,"Coach's Decision"
"2026-09-29T20:40:11Z","sleeper",NA,"De'Von Achane","MIA","RB","IR",NA,"Knee - ACL"
"2026-09-29T20:40:11Z","sleeper",NA,"Marvin Mims","DEN","WR","Out",NA,"Foot"
"2026-09-29T20:40:11Z","sleeper",NA,"Thomas Yassmin","GB","TE","IR",NA,"Undisclosed"
"2026-09-29T20:40:11Z","sleeper",NA,"Devin Neal","MIN","RB","Questionable",NA,"Hamstring"
"2026-09-29T20:40:11Z","sleeper",NA,"Will Howard","PIT","QB","Out",NA,"Coach's Decision"
"2026-09-29T20:40:11Z","sleeper",NA,"DJ Rogers","DAL","TE","IR",NA,"Knee"
"2026-09-29T20:40:11Z","sleeper","00-0035662","Marquise Brown","PHI","WR","Out",NA,"Ankle"
"2026-09-29T20:40:11Z","sleeper",NA,"Julian Hill","NE","TE","IR",NA,"Knee"
"2026-09-29T20:40:11Z","sleeper",NA,"Thomas Fidone","NYG","TE","Out",NA,"Coach's Decision"
"2026-09-29T20:40:11Z","sleeper",NA,"Aidan O'Connell","LV","QB","Out",NA,"Personal"
"2026-09-29T20:40:11Z","sleeper",NA,"Jack Bech","LV","WR","IR",NA,"Forearm"
"2026-09-29T20:40:11Z","sleeper",NA,"Brevin Jordan","HOU","TE","Out",NA,"Coach's Decision"
"2026-09-29T20:40:11Z","sleeper",NA,"Moliki Matavao","NO","TE","IR",NA,"Knee"
"2026-09-29T20:40:11Z","sleeper",NA,"Kurtis Rourke","SF","QB","Out",NA,"Coach's Decision"
"2026-09-29T20:40:11Z","sleeper",NA,"Jared Wiley","KC","TE","Out",NA,"Coach's Decision"
"2026-09-29T20:40:11Z","sleeper",NA,"Trevor Etienne","CAR","RB","IR",NA,"Ankle"
"2026-09-29T20:40:11Z","sleeper",NA,"Arian Smith","NYJ","WR","IR",NA,"Knee"
"2026-09-29T20:40:11Z","sleeper",NA,"Ty Simpson","LA","QB","Out",NA,"Coach's Decision"
"2026-09-29T20:40:11Z","sleeper",NA,"Brittain Brown","CHI","RB","IR",NA,"Undisclosed"
"2026-09-29T20:40:11Z","sleeper",NA,"Dont'e Thornton","LV","WR","IR",NA,"Undisclosed"
"2026-09-29T20:40:11Z","sleeper",NA,"Jeremiah Webb","NE","WR","IR",NA,"Arm"
"2026-09-29T20:40:11Z","sleeper",NA,"DJ Uiagalelei","LAC","QB","Out",NA,"Coach's Decision"
"2026-09-29T20:40:11Z","sleeper",NA,"Luke Musgrave","GB","TE","PUP",NA,"Undisclosed"
"2026-09-29T20:40:11Z","sleeper",NA,"Jordyn Tyson","NO","WR","IR",NA,"Hamstring"
"2026-09-29T20:40:11Z","sleeper",NA,"Brady Cook","MIA","QB","Out",NA,"Coach's Decision"
"2026-09-29T20:40:11Z","sleeper",NA,"Kene Nwangwu","NYJ","RB","Out",NA,"Back"
"2026-09-29T20:40:11Z","sleeper",NA,"Camden Brown","DAL","WR","Out",NA,"Coach's Decision"
"2026-09-29T20:40:11Z","sleeper",NA,"Omar Cooper","NYJ","WR","IR",NA,"Ankle"
"2026-09-29T20:40:11Z","sleeper",NA,"Ben Yurosek","MIN","TE","IR",NA,"Undisclosed"
"2026-09-29T20:40:11Z","sleeper",NA,"Travis Etienne","NO","RB","Out",NA,"Hamstring"
"2026-09-29T20:40:11Z","sleeper",NA,"Tyjae Spears","TEN","RB","Questionable",NA,"Ankle"
"2026-09-29T20:40:11Z","sleeper",NA,"Ronnie Rivers","LA","RB","IR",NA,"Calf"
"2026-09-29T20:40:11Z","sleeper",NA,"Matthew Caldwell","LA","QB","IR",NA,"Undisclosed"
"2026-09-29T20:40:11Z","sleeper",NA,"Barion Brown","NO","WR","Out",NA,"Hamstring"
"2026-09-29T20:40:11Z","sleeper",NA,"Jonathon Brooks","CAR","RB","IR",NA,"Abdomen"
"2026-09-29T20:40:11Z","sleeper",NA,"Dylan Sampson","CLE","RB","IR",NA,"Knee"
"2026-09-29T20:40:11Z","sleeper",NA,"Reggie Virgil","ARI","WR","Out",NA,"Coach's Decision"
"2026-09-29T20:40:11Z","sleeper",NA,"Dallen Bentley","DEN","TE","Out",NA,"Coach's Decision"
"2026-09-29T20:40:11Z","sleeper","00-0034775","Christian Kirk","SF","WR","IR",NA,"Calf"
"2026-09-29T20:40:11Z","sleeper",NA,"Jalen Coker","CAR","WR","Out",NA,"Quadriceps"
"2026-09-29T20:40:11Z","sleeper",NA,"Mason Taylor","NYJ","TE","Out",NA,"Thumb"
"2026-09-29T20:40:11Z","sleeper","00-0035359","David Sills","TB","WR","IR",NA,"Undisclosed"
"2026-09-29T20:40:11Z","sleeper",NA,"Carson Towt","IND","TE","IR",NA,"Undisclosed"
"2026-09-29T20:40:11Z","sleeper",NA,"Graham Mertz","HOU","QB","IR",NA,"Knee - ACL"
"2026-09-29T20:40:11Z","sleeper",NA,"Emari Demercado","DAL","RB","Out",NA,"Coach's Decision"
"2026-09-29T20:40:11Z","sleeper",NA,"Dillon Gabriel","CLE","QB","IR",NA,"Back"
"2026-09-29T20:40:11Z","sleeper",NA,"Ty Chandler","NO","RB","IR",NA,"Knee"
"2026-09-29T20:40:11Z","sleeper",NA,"Xavier Legette","CAR","WR","Out",NA,"Knee"
"2026-09-29T20:40:11Z","sleeper",NA,"Justin Shorter","LV","WR","IR",NA,"Undisclosed"
"2026-09-29T20:40:11Z","sleeper",NA,"Colbie Young","CIN","WR","Out",NA,"Knee"
"2026-09-29T20:40:11Z","sleeper","00-0034753","Mark Andrews","BAL","TE","Questionable",NA,"Hand"
"2026-09-29T20:40:11Z","sleeper",NA,"Jayden Higgins","HOU","WR","IR",NA,"Knee - ACL"
"2026-09-29T20:40:11Z","sleeper",NA,"Tylan Wallace","CLE","WR","Questionable",NA,"Knee"
"2026-09-29T20:40:11Z","sleeper",NA,"Garrett Nussmeier","KC","QB","Out",NA,"Coach's Decision"
"2026-09-29T20:40:11Z","sleeper",NA,"Justin Jefferson","MIN","WR","Out",NA,"Ankle"
"2026-09-29T20:40:11Z","sleeper",NA,"Tyrell Shavers","BUF","WR","PUP",NA,"Knee - ACL"
"2026-09-29T20:40:11Z","sleeper",NA,"Ja'Tavion Sanders","CAR","TE","Out",NA,"Coach's Decision"
"2026-09-29T20:40:11Z","sleeper",NA,"Tanner McKee","PHI","QB","Out",NA,"Coach's Decision"
"2026-09-29T20:40:11Z","sleeper","00-0035045","D.J. Montgomery","IND","WR","IR",NA,"Abdomen"
"2026-09-29T20:40:11Z","sleeper",NA,"Adonai Mitchell","NYJ","WR","Out",NA,"Finger"
"2026-09-29T20:40:11Z","sleeper",NA,"DJ Giddens","IND","RB","Out",NA,"Coach's Decision"
"2026-09-29T20:40:11Z","sleeper","00-0034857","Josh Allen","BUF","QB","Questionable",NA,"Knee"
"2026-09-29T20:40:11Z","sleeper",NA,"Kylen Granson","TEN","TE","Out",NA,"Coach's Decision"
"2026-09-29T20:40:11Z","sleeper",NA,"Brandon Aiyuk","SF","WR","Out",NA,"Knee - ACL + MCL"
"2026-09-29T20:40:11Z","sleeper",NA,"Hayden Large","CHI","TE","IR",NA,"Undisclosed"
"2026-09-29T20:40:11Z","sleeper",NA,"Jonah Coleman","DEN","RB","IR",NA,"Ankle"
"2026-09-29T20:40:11Z","sleeper",NA,"Ja'Kobi Lane","BAL","WR","IR",NA,"Wrist"
"2026-09-29T20:40:11Z","sleeper",NA,"Carter Runyon","LV","TE","IR",NA,"Undisclosed"
"2026-09-29T20:40:11Z","sleeper",NA,"Princeton Fant","DAL","TE","IR",NA,"Knee - ACL + MCL"
"2026-09-29T20:40:11Z","sleeper",NA,"Skyler Bell","BUF","WR","Out",NA,"Coach's Decision"
"2026-09-29T20:40:11Z","sleeper",NA,"Charlie Kolar","LAC","TE","Out",NA,"Forearm"
"2026-09-29T20:40:11Z","sleeper",NA,"Malik Davis","DAL","RB","IR",NA,"Hip"
"2026-09-29T20:40:11Z","sleeper",NA,"Caleb Williams","CHI","QB","Out",NA,"Hamstring"
"2026-09-29T20:40:11Z","sleeper",NA,"Tip Reiman","ARI","TE","PUP",NA,"Ankle"
"2026-09-29T20:40:11Z","sleeper",NA,"Tank Dell","HOU","WR","IR",NA,"Knee - ACL + MCL"
"2026-09-29T20:40:11Z","sleeper","00-0035535","Darius Slayton","IND","WR","Out",NA,"Coach's Decision"
"2026-09-29T20:40:11Z","sleeper",NA,"Cole Turner","MIA","TE","IR",NA,"Undisclosed"
"2026-09-29T20:40:11Z","sleeper",NA,"Jalen Milroe","SEA","QB","Out",NA,"Coach's Decision"
"2026-09-29T20:40:11Z","sleeper",NA,"Chris Collier","LV","RB","IR",NA,"Undisclosed"
"2026-09-29T20:40:11Z","sleeper",NA,"Chig Okonkwo","WAS","TE","Out",NA,"Hamstring"
"2026-09-29T20:40:11Z","sleeper",NA,"KeAndre Lambert-Smith","LAC","WR","IR",NA,"Hamstring"
"2026-09-29T20:40:11Z","sleeper",NA,"Taylen Green","CLE","QB","Out",NA,"Coach's Decision"
"2026-09-29T20:40:11Z","sleeper",NA,"Jeshaun Jones","MIN","WR","Suspended",NA,"Suspension"
"2026-09-29T20:40:11Z","sleeper",NA,"Joe Royer","CLE","TE","PUP",NA,"Personal"
"2026-09-29T20:40:11Z","sleeper",NA,"Zach Charbonnet","SEA","RB","PUP",NA,"Knee - ACL"
"2026-09-29T20:40:11Z","sleeper",NA,"Joe Fagnano","BAL","QB","Out",NA,"Coach's Decision"
"2026-09-29T20:40:11Z","sleeper",NA,"Drew Allar","PIT","QB","Out",NA,"Coach's Decision"
"2026-09-29T20:40:11Z","sleeper",NA,"Jayden Daniels","WAS","QB","Out",NA,"Elbow"
"2026-09-29T20:40:11Z","sleeper",NA,"Jaylen Wright","MIA","RB","Out",NA,"Foot"
"2026-09-29T20:40:11Z","sleeper",NA,"Jack Strand","ATL","QB","Out",NA,"Coach's Decision"
"2026-09-29T20:40:11Z","sleeper","00-0033885","David Njoku","LAC","TE","IR",NA,"Lower Leg"
"2026-09-29T20:40:11Z","sleeper",NA,"Beaux Collins","ATL","WR","IR",NA,"Undisclosed"
"2026-09-29T20:40:11Z","sleeper",NA,"Breece Hall","NYJ","RB","Out",NA,"Thigh"
"2026-09-29T20:40:11Z","sleeper",NA,"Jameson Geers","ARI","TE","IR",NA,"Undisclosed"
"2026-09-29T20:40:11Z","sleeper","00-0035021","Ashton Dulin","IND","WR","Out",NA,"Ankle"
"2026-09-29T20:40:11Z","sleeper",NA,"Colby Parkinson","LA","TE","Questionable",NA,"Shoulder"
"2026-09-29T20:40:11Z","sleeper",NA,"Kendrick Law","DET","WR","IR",NA,"Knee - ACL"
"2026-09-29T20:49:03Z","sleeper",NA,"Adam Randall","BAL","RB","IR",NA,"Undisclosed"
"2026-09-29T20:49:03Z","sleeper",NA,"Behren Morton","NE","QB","Out",NA,"Coach's Decision"
"2026-09-29T20:49:03Z","sleeper",NA,"Jake Tonges","SF","TE","IR",NA,"Knee"
"2026-09-29T20:49:03Z","sleeper",NA,"Pierre Strong","GB","RB","Questionable",NA,"Hamstring"
"2026-09-29T20:49:03Z","sleeper",NA,"Trey Sermon","ATL","RB","IR",NA,"Undisclosed"
"2026-09-29T20:49:03Z","sleeper",NA,"Johnny Wilson","PHI","WR","IR",NA,"Knee"
"2026-09-29T20:49:03Z","sleeper",NA,"Corey Rucker","LV","WR","IR",NA,"Undisclosed"
"2026-09-29T20:49:03Z","sleeper",NA,"Rachaad White","WAS","RB","Questionable",NA,"Shoulder"
"2026-09-29T20:49:03Z","sleeper",NA,"Jayden Reed","GB","WR","Out",NA,"Neck"
"2026-09-29T20:49:03Z","sleeper",NA,"CJ Williams","JAX","WR","Out",NA,"Coach's Decision"
"2026-09-29T20:49:03Z","sleeper",NA,"CJ Daniels","LA","WR","Out",NA,"Coach's Decision"
"2026-09-29T20:49:03Z","sleeper",NA,"Jack Endries","CIN","TE","Out",NA,"Coach's Decision"
"2026-09-29T20:49:03Z","sleeper",NA,"Brenen Thompson","LAC","WR","Out",NA,"Quadriceps"
"2026-09-29T20:49:03Z","sleeper",NA,"Eli Raridon","NE","TE","Out",NA,"Thigh"
"2026-09-29T20:49:03Z","sleeper",NA,"Elijah Sarratt","BAL","WR","Out",NA,"Coach's Decision"
"2026-09-29T20:49:03Z","sleeper","00-0035250","Devin Singletary","NYG","RB","Out",NA,"Coach's Decision"
"2026-09-29T20:49:03Z","sleeper",NA,"Zach Wilson","NO","QB","Out",NA,"Coach's Decision"
"2026-09-29T20:49:03Z","sleeper",NA,"Sam Ehlinger","DEN","QB","Out",NA,"Coach's Decision"
"2026-09-29T20:49:03Z","sleeper",NA,"John Michael Gyllenborg","KC","TE","IR",NA,"Knee"
"2026-09-29T20:49:03Z","sleeper","00-0033662","Cooper Rush","ATL","QB","Out",NA,"Coach's Decision"
"2026-09-29T20:49:03Z","sleeper",NA,"Will Mallory","IND","TE","IR",NA,"Thumb"
"2026-09-29T20:49:03Z","sleeper",NA,"Isiah Pacheco","DET","RB","IR",NA,"Back"
"2026-09-29T20:49:03Z","sleeper",NA,"Trey Benson","ARI","RB","IR",NA,"Knee"
"2026-09-29T20:49:03Z","sleeper",NA,"Jimmy Holiday","KC","WR","IR",NA,"Undisclosed"
"2026-09-29T20:49:03Z","sleeper",NA,"Jake Bobo","SEA","WR","IR",NA,"Knee"
"2026-09-29T20:49:03Z","sleeper","00-0032775","Demarcus Robinson","SF","WR","IR",NA,"Ankle"
"2026-09-29T20:49:03Z","sleeper",NA,"Grant Calcaterra","PHI","TE","IR",NA,"Back"
"2026-09-29T20:49:03Z","sleeper",NA,"Calvin Austin","NYG","WR","IR",NA,"Knee"
"2026-09-29T20:49:03Z","sleeper",NA,"Jaren Kanak","TEN","TE","IR",NA,"Pectoral"
"2026-09-29T20:49:03Z","sleeper",NA,"Myles Montgomery","NE","RB","IR",NA,"Undisclosed"
"2026-09-29T20:49:03Z","sleeper",NA,"Montorie Foster","SEA","WR","Out",NA,"Coach's Decision"
"2026-09-29T20:49:03Z","sleeper",NA,"Eli Stowers","PHI","TE","IR",NA,"Hamstring"
"2026-09-29T20:49:03Z","sleeper",NA,"Jalen McMillan","TB","WR","Out",NA,"Knee - PCL"
"2026-09-29T20:49:03Z","sleeper","00-0033955","Jeremy McNichols","WAS","RB","IR",NA,"Quadriceps"
"2026-09-29T20:49:03Z","sleeper","00-0034855","Baker Mayfield","TB","QB","Out",NA,"Thumb"
"2026-09-29T20:49:03Z","sleeper","00-0033553","James Conner","ARI","RB","IR",NA,"Foot"
"2026-09-29T20:49:03Z","sleeper",NA,"Michael Carter","TEN","RB","Out",NA,"Coach's Decision"
"2026-09-29T20:49:03Z","sleeper",NA,"Isaac Guerendo","SF","RB","PUP",NA,"Pectoral"
"2026-09-29T20:49:03Z","sleeper",NA,"Carson Beck","ARI","QB","Out",NA,"Coach's Decision"
"2026-09-29T20:49:03Z","sleeper",NA,"Ricky Pearsall","SF","WR","IR",NA,"Knee - PCL"
"2026-09-29T20:49:03Z","sleeper",NA,"Nico Collins","HOU","WR","Out",NA,"Hamstring"
"2026-09-29T20:49:03Z","sleeper",NA,"Terrance Ferguson","LA","TE","Questionable",NA,"Ankle"
"2026-09-29T20:49:03Z","sleeper","00-0035249","Josh Oliver","MIN","TE","Out",NA,"Biceps"
"2026-09-29T20:49:03Z","sleeper",NA,"Jordan Mason","MIN","RB","IR",NA,"Thumb"
"2026-09-29T20:49:03Z","sleeper",NA,"Caleb Douglas","MIA","WR","Out",NA,"Ankle"
"2026-09-29T20:49:03Z","sleeper",NA,"Rico Dowdle","PIT","RB","Out",NA,"Toe"
"2026-09-29T20:49:03Z","sleeper",NA,"Mason Tipton","NO","WR","PUP",NA,"Groin"
"2026-09-29T20:49:03Z","sleeper",NA,"Caleb Lohner","DEN","TE","IR",NA,"Lower Body"
"2026-09-29T20:49:03Z","sleeper","00-0035406","Lil'Jordan Humphrey","DEN","WR","Out",NA,"Coach's Decision"
"2026-09-29T20:49:03Z","sleeper",NA,"Treyton Welch","NO","TE","Out",NA,"Coach's Decision"
"2026-09-29T20:49:03Z","sleeper",NA,"Skylar Thompson","BAL","QB","IR",NA,"Undisclosed"
"2026-09-29T20:49:03Z","sleeper",NA,"Haynes King","CAR","QB","Out",NA,"Coach's Decision"
"2026-09-29T20:49:03Z","sleeper","00-0031408","Mike Evans","SF","WR","Out",NA,"Ribs"
"2026-09-29T20:49:03Z","sleeper",NA,"Tutu Atwell","LA","WR","Out",NA,"Coach's Decision"
"2026-09-29T20:49:03Z","sleeper","00-0034611","Donnie Ernsberger","TEN","TE","Questionable",NA,NA
"2026-09-29T20:49:03Z","sleeper",NA,"Nikola Kalinic","CHI","TE","IR",NA,"Knee"
"2026-09-29T20:49:03Z","sleeper",NA,"RJ Harvey","DEN","RB","Questionable",NA,"Concussion"
"2026-09-29T20:49:03Z","sleeper",NA,"Savion Williams","GB","WR","IR",NA,"Undisclosed"
"2026-09-29T20:49:03Z","sleeper",NA,"Eli Heidenreich","PIT","RB","Out",NA,"Coach's Decision"
"2026-09-29T20:49:03Z","sleeper",NA,"Irv Charles","SEA","WR","IR",NA,"Undisclosed"
"2026-09-29T20:49:03Z","sleeper","00-0033375","Tim Patrick","NYJ","WR","IR",NA,"Groin"
"2026-09-29T20:49:03Z","sleeper",NA,"Cole Payton","PHI","QB","Out",NA,"Coach's Decision"
"2026-09-29T20:49:03Z","sleeper",NA,"Robbie Ouzts","SEA","RB","IR",NA,"Undisclosed"
"2026-09-29T20:49:03Z","sleeper",NA,"Puka Nacua","LA","WR","Out",NA,"Hip"
"2026-09-29T20:49:03Z","sleeper",NA,"Andrei Iosivas","CIN","WR","IR",NA,"Thumb"
"2026-09-29T20:49:03Z","sleeper",NA,"De'Zhaun Stribling","SF","WR","IR",NA,"Ankle"
"2026-09-29T20:49:03Z","sleeper","00-0035676","A.J. Brown","NE","WR","IR",NA,"Ankle"
"2026-09-29T20:49:03Z","sleeper","00-0035645","Gunner Olszewski","NYG","WR","IR",NA,"Achilles"
"2026-09-29T20:49:03Z","sleeper",NA,"Chris Brazzell","CAR","WR","IR",NA,"Knee"
"2026-09-29T20:49:03Z","sleeper",NA,"Alec Pierce","IND","WR","IR",NA,"Heel"
"2026-09-29T20:49:03Z","sleeper",NA,"Jaxson Dart","NYG","QB","IR",NA,"Knee - Meniscus"
"2026-09-29T20:49:03Z","sleeper",NA,"J.J. McCarthy","NYG","QB","Out",NA,"Coach's Decision"
"2026-09-29T20:49:03Z","sleeper",NA,"Jeff Caldwell","KC","WR","IR",NA,"Knee"
"2026-09-29T20:49:03Z","sleeper",NA,"Riley Leonard","IND","QB","Out",NA,"Coach's Decision"
"2026-09-29T20:49:03Z","sleeper","00-0034351","Dallas Goedert","PHI","TE","Out",NA,"Knee - MCL"
"2026-09-29T20:49:03Z","sleeper",NA,"Ollie Gordon","MIA","RB","Questionable",NA,"Undisclosed"
"2026-09-29T20:49:03Z","sleeper","00-0034439","Tyler Conklin","DET","TE","Out",NA,"Coach's Decision"
"2026-09-29T20:49:03Z","sleeper",NA,"De'Von Achane","MIA","RB","IR",NA,"Knee - ACL"
"2026-09-29T20:49:03Z","sleeper",NA,"Marvin Mims","DEN","WR","Out",NA,"Foot"
"2026-09-29T20:49:03Z","sleeper",NA,"Thomas Yassmin","GB","TE","IR",NA,"Undisclosed"
"2026-09-29T20:49:03Z","sleeper",NA,"Devin Neal","MIN","RB","Questionable",NA,"Hamstring"
"2026-09-29T20:49:03Z","sleeper",NA,"Will Howard","PIT","QB","Out",NA,"Coach's Decision"
"2026-09-29T20:49:03Z","sleeper",NA,"DJ Rogers","DAL","TE","IR",NA,"Knee"
"2026-09-29T20:49:03Z","sleeper","00-0035662","Marquise Brown","PHI","WR","Out",NA,"Ankle"
"2026-09-29T20:49:03Z","sleeper",NA,"Julian Hill","NE","TE","IR",NA,"Knee"
"2026-09-29T20:49:03Z","sleeper",NA,"Thomas Fidone","NYG","TE","Out",NA,"Coach's Decision"
"2026-09-29T20:49:03Z","sleeper",NA,"Aidan O'Connell","LV","QB","Out",NA,"Personal"
"2026-09-29T20:49:03Z","sleeper",NA,"Jack Bech","LV","WR","IR",NA,"Forearm"
"2026-09-29T20:49:03Z","sleeper",NA,"Brevin Jordan","HOU","TE","Out",NA,"Coach's Decision"
"2026-09-29T20:49:03Z","sleeper",NA,"Moliki Matavao","NO","TE","IR",NA,"Knee"
"2026-09-29T20:49:03Z","sleeper",NA,"Kurtis Rourke","SF","QB","Out",NA,"Coach's Decision"
"2026-09-29T20:49:03Z","sleeper",NA,"Jared Wiley","KC","TE","Out",NA,"Coach's Decision"
"2026-09-29T20:49:03Z","sleeper",NA,"Trevor Etienne","CAR","RB","IR",NA,"Ankle"
"2026-09-29T20:49:03Z","sleeper",NA,"Arian Smith","NYJ","WR","IR",NA,"Knee"
"2026-09-29T20:49:03Z","sleeper",NA,"Ty Simpson","LA","QB","Out",NA,"Coach's Decision"
"2026-09-29T20:49:03Z","sleeper",NA,"Brittain Brown","CHI","RB","IR",NA,"Undisclosed"
"2026-09-29T20:49:03Z","sleeper",NA,"Dont'e Thornton","LV","WR","IR",NA,"Undisclosed"
"2026-09-29T20:49:03Z","sleeper",NA,"Jeremiah Webb","NE","WR","IR",NA,"Arm"
"2026-09-29T20:49:03Z","sleeper",NA,"DJ Uiagalelei","LAC","QB","Out",NA,"Coach's Decision"
"2026-09-29T20:49:03Z","sleeper",NA,"Luke Musgrave","GB","TE","PUP",NA,"Undisclosed"
"2026-09-29T20:49:03Z","sleeper",NA,"Jordyn Tyson","NO","WR","IR",NA,"Hamstring"
"2026-09-29T20:49:03Z","sleeper",NA,"Brady Cook","MIA","QB","Out",NA,"Coach's Decision"
"2026-09-29T20:49:03Z","sleeper",NA,"Kene Nwangwu","NYJ","RB","Out",NA,"Back"
"2026-09-29T20:49:03Z","sleeper",NA,"Camden Brown","DAL","WR","Out",NA,"Coach's Decision"
"2026-09-29T20:49:03Z","sleeper",NA,"Omar Cooper","NYJ","WR","IR",NA,"Ankle"
"2026-09-29T20:49:03Z","sleeper",NA,"Ben Yurosek","MIN","TE","IR",NA,"Undisclosed"
"2026-09-29T20:49:03Z","sleeper",NA,"Travis Etienne","NO","RB","Out",NA,"Hamstring"
"2026-09-29T20:49:03Z","sleeper",NA,"Tyjae Spears","TEN","RB","Questionable",NA,"Ankle"
"2026-09-29T20:49:03Z","sleeper",NA,"Ronnie Rivers","LA","RB","IR",NA,"Calf"
"2026-09-29T20:49:03Z","sleeper",NA,"Matthew Caldwell","LA","QB","IR",NA,"Undisclosed"
"2026-09-29T20:49:03Z","sleeper",NA,"Barion Brown","NO","WR","Out",NA,"Hamstring"
"2026-09-29T20:49:03Z","sleeper",NA,"Jonathon Brooks","CAR","RB","IR",NA,"Abdomen"
"2026-09-29T20:49:03Z","sleeper",NA,"Dylan Sampson","CLE","RB","IR",NA,"Knee"
"2026-09-29T20:49:03Z","sleeper",NA,"Reggie Virgil","ARI","WR","Out",NA,"Coach's Decision"
"2026-09-29T20:49:03Z","sleeper",NA,"Dallen Bentley","DEN","TE","Out",NA,"Coach's Decision"
"2026-09-29T20:49:03Z","sleeper","00-0034775","Christian Kirk","SF","WR","IR",NA,"Calf"
"2026-09-29T20:49:03Z","sleeper",NA,"Jalen Coker","CAR","WR","Out",NA,"Quadriceps"
"2026-09-29T20:49:03Z","sleeper",NA,"Mason Taylor","NYJ","TE","Out",NA,"Thumb"
"2026-09-29T20:49:03Z","sleeper","00-0035359","David Sills","TB","WR","IR",NA,"Undisclosed"
"2026-09-29T20:49:03Z","sleeper",NA,"Carson Towt","IND","TE","IR",NA,"Undisclosed"
"2026-09-29T20:49:03Z","sleeper",NA,"Graham Mertz","HOU","QB","IR",NA,"Knee - ACL"
"2026-09-29T20:49:03Z","sleeper",NA,"Emari Demercado","DAL","RB","Out",NA,"Coach's Decision"
"2026-09-29T20:49:03Z","sleeper",NA,"Dillon Gabriel","CLE","QB","IR",NA,"Back"
"2026-09-29T20:49:03Z","sleeper",NA,"Ty Chandler","NO","RB","IR",NA,"Knee"
"2026-09-29T20:49:03Z","sleeper",NA,"Xavier Legette","CAR","WR","Out",NA,"Knee"
"2026-09-29T20:49:03Z","sleeper",NA,"Justin Shorter","LV","WR","IR",NA,"Undisclosed"
"2026-09-29T20:49:03Z","sleeper",NA,"Colbie Young","CIN","WR","Out",NA,"Knee"
"2026-09-29T20:49:03Z","sleeper","00-0034753","Mark Andrews","BAL","TE","Questionable",NA,"Hand"
"2026-09-29T20:49:03Z","sleeper",NA,"Jayden Higgins","HOU","WR","IR",NA,"Knee - ACL"
"2026-09-29T20:49:03Z","sleeper",NA,"Tylan Wallace","CLE","WR","Questionable",NA,"Knee"
"2026-09-29T20:49:03Z","sleeper",NA,"Garrett Nussmeier","KC","QB","Out",NA,"Coach's Decision"
"2026-09-29T20:49:03Z","sleeper",NA,"Justin Jefferson","MIN","WR","Out",NA,"Ankle"
"2026-09-29T20:49:03Z","sleeper",NA,"Tyrell Shavers","BUF","WR","PUP",NA,"Knee - ACL"
"2026-09-29T20:49:03Z","sleeper",NA,"Ja'Tavion Sanders","CAR","TE","Out",NA,"Coach's Decision"
"2026-09-29T20:49:03Z","sleeper",NA,"Tanner McKee","PHI","QB","Out",NA,"Coach's Decision"
"2026-09-29T20:49:03Z","sleeper","00-0035045","D.J. Montgomery","IND","WR","IR",NA,"Abdomen"
"2026-09-29T20:49:03Z","sleeper",NA,"Adonai Mitchell","NYJ","WR","Out",NA,"Finger"
"2026-09-29T20:49:03Z","sleeper",NA,"DJ Giddens","IND","RB","Out",NA,"Coach's Decision"
"2026-09-29T20:49:03Z","sleeper","00-0034857","Josh Allen","BUF","QB","Questionable",NA,"Knee"
"2026-09-29T20:49:03Z","sleeper",NA,"Kylen Granson","TEN","TE","Out",NA,"Coach's Decision"
"2026-09-29T20:49:03Z","sleeper",NA,"Brandon Aiyuk","SF","WR","Out",NA,"Knee - ACL + MCL"
"2026-09-29T20:49:03Z","sleeper",NA,"Hayden Large","CHI","TE","IR",NA,"Undisclosed"
"2026-09-29T20:49:03Z","sleeper",NA,"Jonah Coleman","DEN","RB","IR",NA,"Ankle"
"2026-09-29T20:49:03Z","sleeper",NA,"Ja'Kobi Lane","BAL","WR","IR",NA,"Wrist"
"2026-09-29T20:49:03Z","sleeper",NA,"Carter Runyon","LV","TE","IR",NA,"Undisclosed"
"2026-09-29T20:49:03Z","sleeper",NA,"Princeton Fant","DAL","TE","IR",NA,"Knee - ACL + MCL"
"2026-09-29T20:49:03Z","sleeper",NA,"Skyler Bell","BUF","WR","Out",NA,"Coach's Decision"
"2026-09-29T20:49:03Z","sleeper",NA,"Charlie Kolar","LAC","TE","Out",NA,"Forearm"
"2026-09-29T20:49:03Z","sleeper",NA,"Malik Davis","DAL","RB","IR",NA,"Hip"
"2026-09-29T20:49:03Z","sleeper",NA,"Caleb Williams","CHI","QB","Out",NA,"Hamstring"
"2026-09-29T20:49:03Z","sleeper",NA,"Tip Reiman","ARI","TE","PUP",NA,"Ankle"
"2026-09-29T20:49:03Z","sleeper",NA,"Tank Dell","HOU","WR","IR",NA,"Knee - ACL + MCL"
"2026-09-29T20:49:03Z","sleeper","00-0035535","Darius Slayton","IND","WR","Out",NA,"Coach's Decision"
"2026-09-29T20:49:03Z","sleeper",NA,"Cole Turner","MIA","TE","IR",NA,"Undisclosed"
"2026-09-29T20:49:03Z","sleeper",NA,"Jalen Milroe","SEA","QB","Out",NA,"Coach's Decision"
"2026-09-29T20:49:03Z","sleeper",NA,"Chris Collier","LV","RB","IR",NA,"Undisclosed"
"2026-09-29T20:49:03Z","sleeper",NA,"Chig Okonkwo","WAS","TE","Out",NA,"Hamstring"
"2026-09-29T20:49:03Z","sleeper",NA,"KeAndre Lambert-Smith","LAC","WR","IR",NA,"Hamstring"
"2026-09-29T20:49:03Z","sleeper",NA,"Taylen Green","CLE","QB","Out",NA,"Coach's Decision"
"2026-09-29T20:49:03Z","sleeper",NA,"Jeshaun Jones","MIN","WR","Suspended",NA,"Suspension"
"2026-09-29T20:49:03Z","sleeper",NA,"Joe Royer","CLE","TE","PUP",NA,"Personal"
"2026-09-29T20:49:03Z","sleeper",NA,"Zach Charbonnet","SEA","RB","PUP",NA,"Knee - ACL"
"2026-09-29T20:49:03Z","sleeper",NA,"Joe Fagnano","BAL","QB","Out",NA,"Coach's Decision"
"2026-09-29T20:49:03Z","sleeper",NA,"Drew Allar","PIT","QB","Out",NA,"Coach's Decision"
"2026-09-29T20:49:03Z","sleeper",NA,"Jayden Daniels","WAS","QB","Out",NA,"Elbow"
"2026-09-29T20:49:03Z","sleeper",NA,"Jaylen Wright","MIA","RB","Out",NA,"Foot"
"2026-09-29T20:49:03Z","sleeper",NA,"Jack Strand","ATL","QB","Out",NA,"Coach's Decision"
"2026-09-29T20:49:03Z","sleeper","00-0033885","David Njoku","LAC","TE","IR",NA,"Lower Leg"
"2026-09-29T20:49:03Z","sleeper",NA,"Beaux Collins","ATL","WR","IR",NA,"Undisclosed"
"2026-09-29T20:49:03Z","sleeper",NA,"Breece Hall","NYJ","RB","Out",NA,"Thigh"
"2026-09-29T20:49:03Z","sleeper",NA,"Jameson Geers","ARI","TE","IR",NA,"Undisclosed"
"2026-09-29T20:49:03Z","sleeper","00-0035021","Ashton Dulin","IND","WR","Out",NA,"Ankle"
"2026-09-29T20:49:03Z","sleeper",NA,"Colby Parkinson","LA","TE","Questionable",NA,"Shoulder"
"2026-09-29T20:49:03Z","sleeper",NA,"Kendrick Law","DET","WR","IR",NA,"Knee - ACL"
"2026-09-29T21:05:34Z","sleeper",NA,"Adam Randall","BAL","RB","IR",NA,"Undisclosed"
"2026-09-29T21:05:34Z","sleeper",NA,"Behren Morton","NE","QB","Out",NA,"Coach's Decision"
"2026-09-29T21:05:34Z","sleeper",NA,"Jake Tonges","SF","TE","IR",NA,"Knee"
"2026-09-29T21:05:34Z","sleeper",NA,"Pierre Strong","GB","RB","Questionable",NA,"Hamstring"
"2026-09-29T21:05:34Z","sleeper",NA,"Trey Sermon","ATL","RB","IR",NA,"Undisclosed"
"2026-09-29T21:05:34Z","sleeper",NA,"Johnny Wilson","PHI","WR","IR",NA,"Knee"
"2026-09-29T21:05:34Z","sleeper",NA,"Corey Rucker","LV","WR","IR",NA,"Undisclosed"
"2026-09-29T21:05:34Z","sleeper",NA,"Rachaad White","WAS","RB","Questionable",NA,"Shoulder"
"2026-09-29T21:05:34Z","sleeper",NA,"Jayden Reed","GB","WR","Out",NA,"Neck"
"2026-09-29T21:05:34Z","sleeper",NA,"CJ Williams","JAX","WR","Out",NA,"Coach's Decision"
"2026-09-29T21:05:34Z","sleeper",NA,"CJ Daniels","LA","WR","Out",NA,"Coach's Decision"
"2026-09-29T21:05:34Z","sleeper",NA,"Jack Endries","CIN","TE","Out",NA,"Coach's Decision"
"2026-09-29T21:05:34Z","sleeper",NA,"Brenen Thompson","LAC","WR","Out",NA,"Quadriceps"
"2026-09-29T21:05:34Z","sleeper",NA,"Eli Raridon","NE","TE","Out",NA,"Thigh"
"2026-09-29T21:05:34Z","sleeper",NA,"Elijah Sarratt","BAL","WR","Out",NA,"Coach's Decision"
"2026-09-29T21:05:34Z","sleeper","00-0035250","Devin Singletary","NYG","RB","Out",NA,"Coach's Decision"
"2026-09-29T21:05:34Z","sleeper",NA,"Zach Wilson","NO","QB","Out",NA,"Coach's Decision"
"2026-09-29T21:05:34Z","sleeper",NA,"Sam Ehlinger","DEN","QB","Out",NA,"Coach's Decision"
"2026-09-29T21:05:34Z","sleeper",NA,"John Michael Gyllenborg","KC","TE","IR",NA,"Knee"
"2026-09-29T21:05:34Z","sleeper","00-0033662","Cooper Rush","ATL","QB","Out",NA,"Coach's Decision"
"2026-09-29T21:05:34Z","sleeper",NA,"Will Mallory","IND","TE","IR",NA,"Thumb"
"2026-09-29T21:05:34Z","sleeper",NA,"Isiah Pacheco","DET","RB","IR",NA,"Back"
"2026-09-29T21:05:34Z","sleeper",NA,"Trey Benson","ARI","RB","IR",NA,"Knee"
"2026-09-29T21:05:34Z","sleeper",NA,"Jimmy Holiday","KC","WR","IR",NA,"Undisclosed"
"2026-09-29T21:05:34Z","sleeper",NA,"Jake Bobo","SEA","WR","IR",NA,"Knee"
"2026-09-29T21:05:34Z","sleeper","00-0032775","Demarcus Robinson","SF","WR","IR",NA,"Ankle"
"2026-09-29T21:05:34Z","sleeper",NA,"Grant Calcaterra","PHI","TE","IR",NA,"Back"
"2026-09-29T21:05:34Z","sleeper",NA,"Calvin Austin","NYG","WR","IR",NA,"Knee"
"2026-09-29T21:05:34Z","sleeper",NA,"Jaren Kanak","TEN","TE","IR",NA,"Pectoral"
"2026-09-29T21:05:34Z","sleeper",NA,"Myles Montgomery","NE","RB","IR",NA,"Undisclosed"
"2026-09-29T21:05:34Z","sleeper",NA,"Montorie Foster","SEA","WR","Out",NA,"Coach's Decision"
"2026-09-29T21:05:34Z","sleeper",NA,"Eli Stowers","PHI","TE","IR",NA,"Hamstring"
"2026-09-29T21:05:34Z","sleeper",NA,"Jalen McMillan","TB","WR","Out",NA,"Knee - PCL"
"2026-09-29T21:05:34Z","sleeper","00-0033955","Jeremy McNichols","WAS","RB","IR",NA,"Quadriceps"
"2026-09-29T21:05:34Z","sleeper","00-0034855","Baker Mayfield","TB","QB","Out",NA,"Thumb"
"2026-09-29T21:05:34Z","sleeper","00-0033553","James Conner","ARI","RB","IR",NA,"Foot"
"2026-09-29T21:05:34Z","sleeper",NA,"Michael Carter","TEN","RB","Out",NA,"Coach's Decision"
"2026-09-29T21:05:34Z","sleeper",NA,"Isaac Guerendo","SF","RB","PUP",NA,"Pectoral"
"2026-09-29T21:05:34Z","sleeper",NA,"Carson Beck","ARI","QB","Out",NA,"Coach's Decision"
"2026-09-29T21:05:34Z","sleeper",NA,"Ricky Pearsall","SF","WR","IR",NA,"Knee - PCL"
"2026-09-29T21:05:34Z","sleeper",NA,"Nico Collins","HOU","WR","Out",NA,"Hamstring"
"2026-09-29T21:05:34Z","sleeper",NA,"Terrance Ferguson","LA","TE","Questionable",NA,"Ankle"
"2026-09-29T21:05:34Z","sleeper","00-0035249","Josh Oliver","MIN","TE","Out",NA,"Biceps"
"2026-09-29T21:05:34Z","sleeper",NA,"Jordan Mason","MIN","RB","IR",NA,"Thumb"
"2026-09-29T21:05:34Z","sleeper",NA,"Caleb Douglas","MIA","WR","Out",NA,"Ankle"
"2026-09-29T21:05:34Z","sleeper",NA,"Rico Dowdle","PIT","RB","Out",NA,"Toe"
"2026-09-29T21:05:34Z","sleeper",NA,"Mason Tipton","NO","WR","PUP",NA,"Groin"
"2026-09-29T21:05:34Z","sleeper",NA,"Caleb Lohner","DEN","TE","IR",NA,"Lower Body"
"2026-09-29T21:05:34Z","sleeper","00-0035406","Lil'Jordan Humphrey","DEN","WR","Out",NA,"Coach's Decision"
"2026-09-29T21:05:34Z","sleeper",NA,"Treyton Welch","NO","TE","Out",NA,"Coach's Decision"
"2026-09-29T21:05:34Z","sleeper",NA,"Skylar Thompson","BAL","QB","IR",NA,"Undisclosed"
"2026-09-29T21:05:34Z","sleeper",NA,"Haynes King","CAR","QB","Out",NA,"Coach's Decision"
"2026-09-29T21:05:34Z","sleeper","00-0031408","Mike Evans","SF","WR","Out",NA,"Ribs"
"2026-09-29T21:05:34Z","sleeper",NA,"Tutu Atwell","LA","WR","Out",NA,"Coach's Decision"
"2026-09-29T21:05:34Z","sleeper","00-0034611","Donnie Ernsberger","TEN","TE","Questionable",NA,NA
"2026-09-29T21:05:34Z","sleeper",NA,"Nikola Kalinic","CHI","TE","IR",NA,"Knee"
"2026-09-29T21:05:34Z","sleeper",NA,"RJ Harvey","DEN","RB","Questionable",NA,"Concussion"
"2026-09-29T21:05:34Z","sleeper",NA,"Savion Williams","GB","WR","IR",NA,"Undisclosed"
"2026-09-29T21:05:34Z","sleeper",NA,"Eli Heidenreich","PIT","RB","Out",NA,"Coach's Decision"
"2026-09-29T21:05:34Z","sleeper",NA,"Irv Charles","SEA","WR","IR",NA,"Undisclosed"
"2026-09-29T21:05:34Z","sleeper","00-0033375","Tim Patrick","NYJ","WR","IR",NA,"Groin"
"2026-09-29T21:05:34Z","sleeper",NA,"Cole Payton","PHI","QB","Out",NA,"Coach's Decision"
"2026-09-29T21:05:34Z","sleeper",NA,"Robbie Ouzts","SEA","RB","IR",NA,"Undisclosed"
"2026-09-29T21:05:34Z","sleeper",NA,"Puka Nacua","LA","WR","Out",NA,"Hip"
"2026-09-29T21:05:34Z","sleeper",NA,"Andrei Iosivas","CIN","WR","IR",NA,"Thumb"
"2026-09-29T21:05:34Z","sleeper",NA,"De'Zhaun Stribling","SF","WR","IR",NA,"Ankle"
"2026-09-29T21:05:34Z","sleeper","00-0035676","A.J. Brown","NE","WR","IR",NA,"Ankle"
"2026-09-29T21:05:34Z","sleeper","00-0035645","Gunner Olszewski","NYG","WR","IR",NA,"Achilles"
"2026-09-29T21:05:34Z","sleeper",NA,"Chris Brazzell","CAR","WR","IR",NA,"Knee"
"2026-09-29T21:05:34Z","sleeper",NA,"Alec Pierce","IND","WR","IR",NA,"Heel"
"2026-09-29T21:05:34Z","sleeper",NA,"Jaxson Dart","NYG","QB","IR",NA,"Knee - Meniscus"
"2026-09-29T21:05:34Z","sleeper",NA,"J.J. McCarthy","NYG","QB","Out",NA,"Coach's Decision"
"2026-09-29T21:05:34Z","sleeper",NA,"Jeff Caldwell","KC","WR","IR",NA,"Knee"
"2026-09-29T21:05:34Z","sleeper",NA,"Riley Leonard","IND","QB","Out",NA,"Coach's Decision"
"2026-09-29T21:05:34Z","sleeper","00-0034351","Dallas Goedert","PHI","TE","Out",NA,"Knee - MCL"
"2026-09-29T21:05:34Z","sleeper",NA,"Ollie Gordon","MIA","RB","Questionable",NA,"Undisclosed"
"2026-09-29T21:05:34Z","sleeper","00-0034439","Tyler Conklin","DET","TE","Out",NA,"Coach's Decision"
"2026-09-29T21:05:34Z","sleeper",NA,"De'Von Achane","MIA","RB","IR",NA,"Knee - ACL"
"2026-09-29T21:05:34Z","sleeper",NA,"Marvin Mims","DEN","WR","Out",NA,"Foot"
"2026-09-29T21:05:34Z","sleeper",NA,"Thomas Yassmin","GB","TE","IR",NA,"Undisclosed"
"2026-09-29T21:05:34Z","sleeper",NA,"Devin Neal","MIN","RB","Questionable",NA,"Hamstring"
"2026-09-29T21:05:34Z","sleeper",NA,"Will Howard","PIT","QB","Out",NA,"Coach's Decision"
"2026-09-29T21:05:34Z","sleeper",NA,"DJ Rogers","DAL","TE","IR",NA,"Knee"
"2026-09-29T21:05:34Z","sleeper","00-0035662","Marquise Brown","PHI","WR","Out",NA,"Ankle"
"2026-09-29T21:05:34Z","sleeper",NA,"Julian Hill","NE","TE","IR",NA,"Knee"
"2026-09-29T21:05:34Z","sleeper",NA,"Thomas Fidone","NYG","TE","Out",NA,"Coach's Decision"
"2026-09-29T21:05:34Z","sleeper",NA,"Aidan O'Connell","LV","QB","Out",NA,"Personal"
"2026-09-29T21:05:34Z","sleeper",NA,"Jack Bech","LV","WR","IR",NA,"Forearm"
"2026-09-29T21:05:34Z","sleeper",NA,"Brevin Jordan","HOU","TE","Out",NA,"Coach's Decision"
"2026-09-29T21:05:34Z","sleeper",NA,"Moliki Matavao","NO","TE","IR",NA,"Knee"
"2026-09-29T21:05:34Z","sleeper",NA,"Kurtis Rourke","SF","QB","Out",NA,"Coach's Decision"
"2026-09-29T21:05:34Z","sleeper",NA,"Jared Wiley","KC","TE","Out",NA,"Coach's Decision"
"2026-09-29T21:05:34Z","sleeper",NA,"Trevor Etienne","CAR","RB","IR",NA,"Ankle"
"2026-09-29T21:05:34Z","sleeper",NA,"Arian Smith","NYJ","WR","IR",NA,"Knee"
"2026-09-29T21:05:34Z","sleeper",NA,"Ty Simpson","LA","QB","Out",NA,"Coach's Decision"
"2026-09-29T21:05:34Z","sleeper",NA,"Brittain Brown","CHI","RB","IR",NA,"Undisclosed"
"2026-09-29T21:05:34Z","sleeper",NA,"Dont'e Thornton","LV","WR","IR",NA,"Undisclosed"
"2026-09-29T21:05:34Z","sleeper",NA,"Jeremiah Webb","NE","WR","IR",NA,"Arm"
"2026-09-29T21:05:34Z","sleeper",NA,"DJ Uiagalelei","LAC","QB","Out",NA,"Coach's Decision"
"2026-09-29T21:05:34Z","sleeper",NA,"Luke Musgrave","GB","TE","PUP",NA,"Undisclosed"
"2026-09-29T21:05:34Z","sleeper",NA,"Jordyn Tyson","NO","WR","IR",NA,"Hamstring"
"2026-09-29T21:05:34Z","sleeper",NA,"Brady Cook","MIA","QB","Out",NA,"Coach's Decision"
"2026-09-29T21:05:34Z","sleeper",NA,"Kene Nwangwu","NYJ","RB","Out",NA,"Back"
"2026-09-29T21:05:34Z","sleeper",NA,"Camden Brown","DAL","WR","Out",NA,"Coach's Decision"
"2026-09-29T21:05:34Z","sleeper",NA,"Omar Cooper","NYJ","WR","IR",NA,"Ankle"
"2026-09-29T21:05:34Z","sleeper",NA,"Ben Yurosek","MIN","TE","IR",NA,"Undisclosed"
"2026-09-29T21:05:34Z","sleeper",NA,"Travis Etienne","NO","RB","Out",NA,"Hamstring"
"2026-09-29T21:05:34Z","sleeper",NA,"Tyjae Spears","TEN","RB","Questionable",NA,"Ankle"
"2026-09-29T21:05:34Z","sleeper",NA,"Ronnie Rivers","LA","RB","IR",NA,"Calf"
"2026-09-29T21:05:34Z","sleeper",NA,"Matthew Caldwell","LA","QB","IR",NA,"Undisclosed"
"2026-09-29T21:05:34Z","sleeper",NA,"Barion Brown","NO","WR","Out",NA,"Hamstring"
"2026-09-29T21:05:34Z","sleeper",NA,"Jonathon Brooks","CAR","RB","IR",NA,"Abdomen"
"2026-09-29T21:05:34Z","sleeper",NA,"Dylan Sampson","CLE","RB","IR",NA,"Knee"
"2026-09-29T21:05:34Z","sleeper",NA,"Reggie Virgil","ARI","WR","Out",NA,"Coach's Decision"
"2026-09-29T21:05:34Z","sleeper",NA,"Dallen Bentley","DEN","TE","Out",NA,"Coach's Decision"
"2026-09-29T21:05:34Z","sleeper","00-0034775","Christian Kirk","SF","WR","IR",NA,"Calf"
"2026-09-29T21:05:34Z","sleeper",NA,"Jalen Coker","CAR","WR","Out",NA,"Quadriceps"
"2026-09-29T21:05:34Z","sleeper",NA,"Mason Taylor","NYJ","TE","Out",NA,"Thumb"
"2026-09-29T21:05:34Z","sleeper","00-0035359","David Sills","TB","WR","IR",NA,"Undisclosed"
"2026-09-29T21:05:34Z","sleeper",NA,"Carson Towt","IND","TE","IR",NA,"Undisclosed"
"2026-09-29T21:05:34Z","sleeper",NA,"Graham Mertz","HOU","QB","IR",NA,"Knee - ACL"
"2026-09-29T21:05:34Z","sleeper",NA,"Emari Demercado","DAL","RB","Out",NA,"Coach's Decision"
"2026-09-29T21:05:34Z","sleeper",NA,"Dillon Gabriel","CLE","QB","IR",NA,"Back"
"2026-09-29T21:05:34Z","sleeper",NA,"Ty Chandler","NO","RB","IR",NA,"Knee"
"2026-09-29T21:05:34Z","sleeper",NA,"Xavier Legette","CAR","WR","Out",NA,"Knee"
"2026-09-29T21:05:34Z","sleeper",NA,"Justin Shorter","LV","WR","IR",NA,"Undisclosed"
"2026-09-29T21:05:34Z","sleeper",NA,"Colbie Young","CIN","WR","Out",NA,"Knee"
"2026-09-29T21:05:34Z","sleeper","00-0034753","Mark Andrews","BAL","TE","Questionable",NA,"Hand"
"2026-09-29T21:05:34Z","sleeper",NA,"Jayden Higgins","HOU","WR","IR",NA,"Knee - ACL"
"2026-09-29T21:05:34Z","sleeper",NA,"Tylan Wallace","CLE","WR","Questionable",NA,"Knee"
"2026-09-29T21:05:34Z","sleeper",NA,"Garrett Nussmeier","KC","QB","Out",NA,"Coach's Decision"
"2026-09-29T21:05:34Z","sleeper",NA,"Justin Jefferson","MIN","WR","Out",NA,"Ankle"
"2026-09-29T21:05:34Z","sleeper",NA,"Tyrell Shavers","BUF","WR","PUP",NA,"Knee - ACL"
"2026-09-29T21:05:34Z","sleeper",NA,"Ja'Tavion Sanders","CAR","TE","Out",NA,"Coach's Decision"
"2026-09-29T21:05:34Z","sleeper",NA,"Tanner McKee","PHI","QB","Out",NA,"Coach's Decision"
"2026-09-29T21:05:34Z","sleeper","00-0035045","D.J. Montgomery","IND","WR","IR",NA,"Abdomen"
"2026-09-29T21:05:34Z","sleeper",NA,"Adonai Mitchell","NYJ","WR","Out",NA,"Finger"
"2026-09-29T21:05:34Z","sleeper",NA,"DJ Giddens","IND","RB","Out",NA,"Coach's Decision"
"2026-09-29T21:05:34Z","sleeper","00-0034857","Josh Allen","BUF","QB","Questionable",NA,"Knee"
"2026-09-29T21:05:34Z","sleeper",NA,"Kylen Granson","TEN","TE","Out",NA,"Coach's Decision"
"2026-09-29T21:05:34Z","sleeper",NA,"Brandon Aiyuk","SF","WR","Out",NA,"Knee - ACL + MCL"
"2026-09-29T21:05:34Z","sleeper",NA,"Hayden Large","CHI","TE","IR",NA,"Undisclosed"
"2026-09-29T21:05:34Z","sleeper",NA,"Jonah Coleman","DEN","RB","IR",NA,"Ankle"
"2026-09-29T21:05:34Z","sleeper",NA,"Ja'Kobi Lane","BAL","WR","IR",NA,"Wrist"
"2026-09-29T21:05:34Z","sleeper",NA,"Carter Runyon","LV","TE","IR",NA,"Undisclosed"
"2026-09-29T21:05:34Z","sleeper",NA,"Princeton Fant","DAL","TE","IR",NA,"Knee - ACL + MCL"
"2026-09-29T21:05:34Z","sleeper",NA,"Skyler Bell","BUF","WR","Out",NA,"Coach's Decision"
"2026-09-29T21:05:34Z","sleeper",NA,"Charlie Kolar","LAC","TE","Out",NA,"Forearm"
"2026-09-29T21:05:34Z","sleeper",NA,"Malik Davis","DAL","RB","IR",NA,"Hip"
"2026-09-29T21:05:34Z","sleeper",NA,"Caleb Williams","CHI","QB","Out",NA,"Hamstring"
"2026-09-29T21:05:34Z","sleeper",NA,"Tip Reiman","ARI","TE","PUP",NA,"Ankle"
"2026-09-29T21:05:34Z","sleeper",NA,"Tank Dell","HOU","WR","IR",NA,"Knee - ACL + MCL"
"2026-09-29T21:05:34Z","sleeper","00-0035535","Darius Slayton","IND","WR","Out",NA,"Coach's Decision"
"2026-09-29T21:05:34Z","sleeper",NA,"Cole Turner","MIA","TE","IR",NA,"Undisclosed"
"2026-09-29T21:05:34Z","sleeper",NA,"Jalen Milroe","SEA","QB","Out",NA,"Coach's Decision"
"2026-09-29T21:05:34Z","sleeper",NA,"Chris Collier","LV","RB","IR",NA,"Undisclosed"
"2026-09-29T21:05:34Z","sleeper",NA,"Chig Okonkwo","WAS","TE","Out",NA,"Hamstring"
"2026-09-29T21:05:34Z","sleeper",NA,"KeAndre Lambert-Smith","LAC","WR","IR",NA,"Hamstring"
"2026-09-29T21:05:34Z","sleeper",NA,"Taylen Green","CLE","QB","Out",NA,"Coach's Decision"
"2026-09-29T21:05:34Z","sleeper",NA,"Jeshaun Jones","MIN","WR","Suspended",NA,"Suspension"
"2026-09-29T21:05:34Z","sleeper",NA,"Joe Royer","CLE","TE","PUP",NA,"Personal"
"2026-09-29T21:05:34Z","sleeper",NA,"Zach Charbonnet","SEA","RB","PUP",NA,"Knee - ACL"
"2026-09-29T21:05:34Z","sleeper",NA,"Joe Fagnano","BAL","QB","Out",NA,"Coach's Decision"
"2026-09-29T21:05:34Z","sleeper",NA,"Drew Allar","PIT","QB","Out",NA,"Coach's Decision"
"2026-09-29T21:05:34Z","sleeper",NA,"Jayden Daniels","WAS","QB","Out",NA,"Elbow"
"2026-09-29T21:05:34Z","sleeper",NA,"Jaylen Wright","MIA","RB","Out",NA,"Foot"
"2026-09-29T21:05:34Z","sleeper",NA,"Jack Strand","ATL","QB","Out",NA,"Coach's Decision"
"2026-09-29T21:05:34Z","sleeper","00-0033885","David Njoku","LAC","TE","IR",NA,"Lower Leg"
"2026-09-29T21:05:34Z","sleeper",NA,"Beaux Collins","ATL","WR","IR",NA,"Undisclosed"
"2026-09-29T21:05:34Z","sleeper",NA,"Breece Hall","NYJ","RB","Out",NA,"Thigh"
"2026-09-29T21:05:34Z","sleeper",NA,"Jameson Geers","ARI","TE","IR",NA,"Undisclosed"
"2026-09-29T21:05:34Z","sleeper","00-0035021","Ashton Dulin","IND","WR","Out",NA,"Ankle"
"2026-09-29T21:05:34Z","sleeper",NA,"Colby Parkinson","LA","TE","Questionable",NA,"Shoulder"
"2026-09-29T21:05:34Z","sleeper",NA,"Kendrick Law","DET","WR","IR",NA,"Knee - ACL"
"2026-09-29T21:39:45Z","sleeper",NA,"Adam Randall","BAL","RB","IR",NA,"Undisclosed"
"2026-09-29T21:39:45Z","sleeper",NA,"Behren Morton","NE","QB","Out",NA,"Coach's Decision"
"2026-09-29T21:39:45Z","sleeper",NA,"Jake Tonges","SF","TE","IR",NA,"Knee"
"2026-09-29T21:39:45Z","sleeper",NA,"Pierre Strong","GB","RB","Questionable",NA,"Hamstring"
"2026-09-29T21:39:45Z","sleeper",NA,"Trey Sermon","ATL","RB","IR",NA,"Undisclosed"
"2026-09-29T21:39:45Z","sleeper",NA,"Johnny Wilson","PHI","WR","IR",NA,"Knee"
"2026-09-29T21:39:45Z","sleeper",NA,"Corey Rucker","LV","WR","IR",NA,"Undisclosed"
"2026-09-29T21:39:45Z","sleeper",NA,"Rachaad White","WAS","RB","Questionable",NA,"Shoulder"
"2026-09-29T21:39:45Z","sleeper",NA,"Jayden Reed","GB","WR","Out",NA,"Neck"
"2026-09-29T21:39:45Z","sleeper",NA,"CJ Williams","JAX","WR","Out",NA,"Coach's Decision"
"2026-09-29T21:39:45Z","sleeper",NA,"CJ Daniels","LA","WR","Out",NA,"Coach's Decision"
"2026-09-29T21:39:45Z","sleeper",NA,"Jack Endries","CIN","TE","Out",NA,"Coach's Decision"
"2026-09-29T21:39:45Z","sleeper",NA,"Brenen Thompson","LAC","WR","Out",NA,"Quadriceps"
"2026-09-29T21:39:45Z","sleeper",NA,"Eli Raridon","NE","TE","Out",NA,"Thigh"
"2026-09-29T21:39:45Z","sleeper",NA,"Elijah Sarratt","BAL","WR","Out",NA,"Coach's Decision"
"2026-09-29T21:39:45Z","sleeper","00-0035250","Devin Singletary","NYG","RB","Out",NA,"Coach's Decision"
"2026-09-29T21:39:45Z","sleeper",NA,"Zach Wilson","NO","QB","Out",NA,"Coach's Decision"
"2026-09-29T21:39:45Z","sleeper",NA,"Sam Ehlinger","DEN","QB","Out",NA,"Coach's Decision"
"2026-09-29T21:39:45Z","sleeper",NA,"John Michael Gyllenborg","KC","TE","IR",NA,"Knee"
"2026-09-29T21:39:45Z","sleeper","00-0033662","Cooper Rush","ATL","QB","Out",NA,"Coach's Decision"
"2026-09-29T21:39:45Z","sleeper",NA,"Will Mallory","IND","TE","IR",NA,"Thumb"
"2026-09-29T21:39:45Z","sleeper",NA,"Isiah Pacheco","DET","RB","IR",NA,"Back"
"2026-09-29T21:39:45Z","sleeper",NA,"Trey Benson","ARI","RB","IR",NA,"Knee"
"2026-09-29T21:39:45Z","sleeper",NA,"Jimmy Holiday","KC","WR","IR",NA,"Undisclosed"
"2026-09-29T21:39:45Z","sleeper",NA,"Jake Bobo","SEA","WR","IR",NA,"Knee"
"2026-09-29T21:39:45Z","sleeper","00-0032775","Demarcus Robinson","SF","WR","IR",NA,"Ankle"
"2026-09-29T21:39:45Z","sleeper",NA,"Grant Calcaterra","PHI","TE","IR",NA,"Back"
"2026-09-29T21:39:45Z","sleeper",NA,"Calvin Austin","NYG","WR","IR",NA,"Knee"
"2026-09-29T21:39:45Z","sleeper",NA,"Jaren Kanak","TEN","TE","IR",NA,"Pectoral"
"2026-09-29T21:39:45Z","sleeper",NA,"Myles Montgomery","NE","RB","IR",NA,"Undisclosed"
"2026-09-29T21:39:45Z","sleeper",NA,"Montorie Foster","SEA","WR","Out",NA,"Coach's Decision"
"2026-09-29T21:39:45Z","sleeper",NA,"Eli Stowers","PHI","TE","IR",NA,"Hamstring"
"2026-09-29T21:39:45Z","sleeper",NA,"Jalen McMillan","TB","WR","Out",NA,"Knee - PCL"
"2026-09-29T21:39:45Z","sleeper","00-0033955","Jeremy McNichols","WAS","RB","IR",NA,"Quadriceps"
"2026-09-29T21:39:45Z","sleeper","00-0034855","Baker Mayfield","TB","QB","Out",NA,"Thumb"
"2026-09-29T21:39:45Z","sleeper","00-0033553","James Conner","ARI","RB","IR",NA,"Foot"
"2026-09-29T21:39:45Z","sleeper",NA,"Michael Carter","TEN","RB","Out",NA,"Coach's Decision"
"2026-09-29T21:39:45Z","sleeper",NA,"Isaac Guerendo","SF","RB","PUP",NA,"Pectoral"
"2026-09-29T21:39:45Z","sleeper",NA,"Carson Beck","ARI","QB","Out",NA,"Coach's Decision"
"2026-09-29T21:39:45Z","sleeper",NA,"Ricky Pearsall","SF","WR","IR",NA,"Knee - PCL"
"2026-09-29T21:39:45Z","sleeper",NA,"Nico Collins","HOU","WR","Out",NA,"Hamstring"
"2026-09-29T21:39:45Z","sleeper",NA,"Terrance Ferguson","LA","TE","Questionable",NA,"Ankle"
"2026-09-29T21:39:45Z","sleeper","00-0035249","Josh Oliver","MIN","TE","Out",NA,"Biceps"
"2026-09-29T21:39:45Z","sleeper",NA,"Jordan Mason","MIN","RB","IR",NA,"Thumb"
"2026-09-29T21:39:45Z","sleeper",NA,"Caleb Douglas","MIA","WR","Out",NA,"Ankle"
"2026-09-29T21:39:45Z","sleeper",NA,"Rico Dowdle","PIT","RB","Out",NA,"Toe"
"2026-09-29T21:39:45Z","sleeper",NA,"Mason Tipton","NO","WR","PUP",NA,"Groin"
"2026-09-29T21:39:45Z","sleeper",NA,"Caleb Lohner","DEN","TE","IR",NA,"Lower Body"
"2026-09-29T21:39:45Z","sleeper","00-0035406","Lil'Jordan Humphrey","DEN","WR","Out",NA,"Coach's Decision"
"2026-09-29T21:39:45Z","sleeper",NA,"Treyton Welch","NO","TE","Out",NA,"Coach's Decision"
"2026-09-29T21:39:45Z","sleeper",NA,"Skylar Thompson","BAL","QB","IR",NA,"Undisclosed"
"2026-09-29T21:39:45Z","sleeper",NA,"Haynes King","CAR","QB","Out",NA,"Coach's Decision"
"2026-09-29T21:39:45Z","sleeper","00-0031408","Mike Evans","SF","WR","Out",NA,"Ribs"
"2026-09-29T21:39:45Z","sleeper",NA,"Tutu Atwell","LA","WR","Out",NA,"Coach's Decision"
"2026-09-29T21:39:45Z","sleeper","00-0034611","Donnie Ernsberger","TEN","TE","Questionable",NA,NA
"2026-09-29T21:39:45Z","sleeper",NA,"Nikola Kalinic","CHI","TE","IR",NA,"Knee"
"2026-09-29T21:39:45Z","sleeper",NA,"RJ Harvey","DEN","RB","Questionable",NA,"Concussion"
"2026-09-29T21:39:45Z","sleeper",NA,"Savion Williams","GB","WR","IR",NA,"Undisclosed"
"2026-09-29T21:39:45Z","sleeper",NA,"Eli Heidenreich","PIT","RB","Out",NA,"Coach's Decision"
"2026-09-29T21:39:45Z","sleeper",NA,"Irv Charles","SEA","WR","IR",NA,"Undisclosed"
"2026-09-29T21:39:45Z","sleeper","00-0033375","Tim Patrick","NYJ","WR","IR",NA,"Groin"
"2026-09-29T21:39:45Z","sleeper",NA,"Cole Payton","PHI","QB","Out",NA,"Coach's Decision"
"2026-09-29T21:39:45Z","sleeper",NA,"Robbie Ouzts","SEA","RB","IR",NA,"Undisclosed"
"2026-09-29T21:39:45Z","sleeper",NA,"Puka Nacua","LA","WR","Out",NA,"Hip"
"2026-09-29T21:39:45Z","sleeper",NA,"Andrei Iosivas","CIN","WR","IR",NA,"Thumb"
"2026-09-29T21:39:45Z","sleeper",NA,"De'Zhaun Stribling","SF","WR","IR",NA,"Ankle"
"2026-09-29T21:39:45Z","sleeper","00-0035676","A.J. Brown","NE","WR","IR",NA,"Ankle"
"2026-09-29T21:39:45Z","sleeper","00-0035645","Gunner Olszewski","NYG","WR","IR",NA,"Achilles"
"2026-09-29T21:39:45Z","sleeper",NA,"Chris Brazzell","CAR","WR","IR",NA,"Knee"
"2026-09-29T21:39:45Z","sleeper",NA,"Alec Pierce","IND","WR","IR",NA,"Heel"
"2026-09-29T21:39:45Z","sleeper",NA,"Jaxson Dart","NYG","QB","IR",NA,"Knee - Meniscus"
"2026-09-29T21:39:45Z","sleeper",NA,"J.J. McCarthy","NYG","QB","Out",NA,"Coach's Decision"
"2026-09-29T21:39:45Z","sleeper",NA,"Jeff Caldwell","KC","WR","IR",NA,"Knee"
"2026-09-29T21:39:45Z","sleeper",NA,"Riley Leonard","IND","QB","Out",NA,"Coach's Decision"
"2026-09-29T21:39:45Z","sleeper","00-0034351","Dallas Goedert","PHI","TE","Out",NA,"Knee - MCL"
"2026-09-29T21:39:45Z","sleeper",NA,"Ollie Gordon","MIA","RB","Questionable",NA,"Undisclosed"
"2026-09-29T21:39:45Z","sleeper","00-0034439","Tyler Conklin","DET","TE","Out",NA,"Coach's Decision"
"2026-09-29T21:39:45Z","sleeper",NA,"De'Von Achane","MIA","RB","IR",NA,"Knee - ACL"
"2026-09-29T21:39:45Z","sleeper",NA,"Marvin Mims","DEN","WR","Out",NA,"Foot"
"2026-09-29T21:39:45Z","sleeper",NA,"Thomas Yassmin","GB","TE","IR",NA,"Undisclosed"
"2026-09-29T21:39:45Z","sleeper",NA,"Devin Neal","MIN","RB","Questionable",NA,"Hamstring"
"2026-09-29T21:39:45Z","sleeper",NA,"Will Howard","PIT","QB","Out",NA,"Coach's Decision"
"2026-09-29T21:39:45Z","sleeper",NA,"DJ Rogers","DAL","TE","IR",NA,"Knee"
"2026-09-29T21:39:45Z","sleeper","00-0035662","Marquise Brown","PHI","WR","Out",NA,"Ankle"
"2026-09-29T21:39:45Z","sleeper",NA,"Julian Hill","NE","TE","IR",NA,"Knee"
"2026-09-29T21:39:45Z","sleeper",NA,"Thomas Fidone","NYG","TE","Out",NA,"Coach's Decision"
"2026-09-29T21:39:45Z","sleeper",NA,"Aidan O'Connell","LV","QB","Out",NA,"Personal"
"2026-09-29T21:39:45Z","sleeper",NA,"Jack Bech","LV","WR","IR",NA,"Forearm"
"2026-09-29T21:39:45Z","sleeper",NA,"Brevin Jordan","HOU","TE","Out",NA,"Coach's Decision"
"2026-09-29T21:39:45Z","sleeper",NA,"Moliki Matavao","NO","TE","IR",NA,"Knee"
"2026-09-29T21:39:45Z","sleeper",NA,"Kurtis Rourke","SF","QB","Out",NA,"Coach's Decision"
"2026-09-29T21:39:45Z","sleeper",NA,"Jared Wiley","KC","TE","Out",NA,"Coach's Decision"
"2026-09-29T21:39:45Z","sleeper",NA,"Trevor Etienne","CAR","RB","IR",NA,"Ankle"
"2026-09-29T21:39:45Z","sleeper",NA,"Arian Smith","NYJ","WR","IR",NA,"Knee"
"2026-09-29T21:39:45Z","sleeper",NA,"Ty Simpson","LA","QB","Out",NA,"Coach's Decision"
"2026-09-29T21:39:45Z","sleeper",NA,"Brittain Brown","CHI","RB","IR",NA,"Undisclosed"
"2026-09-29T21:39:45Z","sleeper",NA,"Dont'e Thornton","LV","WR","IR",NA,"Undisclosed"
"2026-09-29T21:39:45Z","sleeper",NA,"Jeremiah Webb","NE","WR","IR",NA,"Arm"
"2026-09-29T21:39:45Z","sleeper",NA,"DJ Uiagalelei","LAC","QB","Out",NA,"Coach's Decision"
"2026-09-29T21:39:45Z","sleeper",NA,"Luke Musgrave","GB","TE","PUP",NA,"Undisclosed"
"2026-09-29T21:39:45Z","sleeper",NA,"Jordyn Tyson","NO","WR","IR",NA,"Hamstring"
"2026-09-29T21:39:45Z","sleeper",NA,"Brady Cook","MIA","QB","Out",NA,"Coach's Decision"
"2026-09-29T21:39:45Z","sleeper",NA,"Kene Nwangwu","NYJ","RB","Out",NA,"Back"
"2026-09-29T21:39:45Z","sleeper",NA,"Camden Brown","DAL","WR","Out",NA,"Coach's Decision"
"2026-09-29T21:39:45Z","sleeper",NA,"Omar Cooper","NYJ","WR","IR",NA,"Ankle"
"2026-09-29T21:39:45Z","sleeper",NA,"Ben Yurosek","MIN","TE","IR",NA,"Undisclosed"
"2026-09-29T21:39:45Z","sleeper",NA,"Travis Etienne","NO","RB","Out",NA,"Hamstring"
"2026-09-29T21:39:45Z","sleeper",NA,"Tyjae Spears","TEN","RB","Questionable",NA,"Ankle"
"2026-09-29T21:39:45Z","sleeper",NA,"Ronnie Rivers","LA","RB","IR",NA,"Calf"
"2026-09-29T21:39:45Z","sleeper",NA,"Matthew Caldwell","LA","QB","IR",NA,"Undisclosed"
"2026-09-29T21:39:45Z","sleeper",NA,"Barion Brown","NO","WR","Out",NA,"Hamstring"
"2026-09-29T21:39:45Z","sleeper",NA,"Jonathon Brooks","CAR","RB","IR",NA,"Abdomen"
"2026-09-29T21:39:45Z","sleeper",NA,"Dylan Sampson","CLE","RB","IR",NA,"Knee"
"2026-09-29T21:39:45Z","sleeper",NA,"Reggie Virgil","ARI","WR","Out",NA,"Coach's Decision"
"2026-09-29T21:39:45Z","sleeper",NA,"Dallen Bentley","DEN","TE","Out",NA,"Coach's Decision"
"2026-09-29T21:39:45Z","sleeper","00-0034775","Christian Kirk","SF","WR","IR",NA,"Calf"
"2026-09-29T21:39:45Z","sleeper",NA,"Jalen Coker","CAR","WR","Out",NA,"Quadriceps"
"2026-09-29T21:39:45Z","sleeper",NA,"Mason Taylor","NYJ","TE","Out",NA,"Thumb"
"2026-09-29T21:39:45Z","sleeper","00-0035359","David Sills","TB","WR","IR",NA,"Undisclosed"
"2026-09-29T21:39:45Z","sleeper",NA,"Carson Towt","IND","TE","IR",NA,"Undisclosed"
"2026-09-29T21:39:45Z","sleeper",NA,"Graham Mertz","HOU","QB","IR",NA,"Knee - ACL"
"2026-09-29T21:39:45Z","sleeper",NA,"Emari Demercado","DAL","RB","Out",NA,"Coach's Decision"
"2026-09-29T21:39:45Z","sleeper",NA,"Dillon Gabriel","CLE","QB","IR",NA,"Back"
"2026-09-29T21:39:45Z","sleeper",NA,"Ty Chandler","NO","RB","IR",NA,"Knee"
"2026-09-29T21:39:45Z","sleeper",NA,"Xavier Legette","CAR","WR","Out",NA,"Knee"
"2026-09-29T21:39:45Z","sleeper",NA,"Justin Shorter","LV","WR","IR",NA,"Undisclosed"
"2026-09-29T21:39:45Z","sleeper",NA,"Colbie Young","CIN","WR","Out",NA,"Knee"
"2026-09-29T21:39:45Z","sleeper","00-0034753","Mark Andrews","BAL","TE","Questionable",NA,"Hand"
"2026-09-29T21:39:45Z","sleeper",NA,"Jayden Higgins","HOU","WR","IR",NA,"Knee - ACL"
"2026-09-29T21:39:45Z","sleeper",NA,"Tylan Wallace","CLE","WR","Questionable",NA,"Knee"
"2026-09-29T21:39:45Z","sleeper",NA,"Garrett Nussmeier","KC","QB","Out",NA,"Coach's Decision"
"2026-09-29T21:39:45Z","sleeper",NA,"Justin Jefferson","MIN","WR","Out",NA,"Ankle"
"2026-09-29T21:39:45Z","sleeper",NA,"Tyrell Shavers","BUF","WR","PUP",NA,"Knee - ACL"
"2026-09-29T21:39:45Z","sleeper",NA,"Ja'Tavion Sanders","CAR","TE","Out",NA,"Coach's Decision"
"2026-09-29T21:39:45Z","sleeper",NA,"Tanner McKee","PHI","QB","Out",NA,"Coach's Decision"
"2026-09-29T21:39:45Z","sleeper","00-0035045","D.J. Montgomery","IND","WR","IR",NA,"Abdomen"
"2026-09-29T21:39:45Z","sleeper",NA,"Adonai Mitchell","NYJ","WR","Out",NA,"Finger"
"2026-09-29T21:39:45Z","sleeper",NA,"DJ Giddens","IND","RB","Out",NA,"Coach's Decision"
"2026-09-29T21:39:45Z","sleeper","00-0034857","Josh Allen","BUF","QB","Questionable",NA,"Knee"
"2026-09-29T21:39:45Z","sleeper",NA,"Kylen Granson","TEN","TE","Out",NA,"Coach's Decision"
"2026-09-29T21:39:45Z","sleeper",NA,"Brandon Aiyuk","SF","WR","Out",NA,"Knee - ACL + MCL"
"2026-09-29T21:39:45Z","sleeper",NA,"Hayden Large","CHI","TE","IR",NA,"Undisclosed"
"2026-09-29T21:39:45Z","sleeper",NA,"Jonah Coleman","DEN","RB","IR",NA,"Ankle"
"2026-09-29T21:39:45Z","sleeper",NA,"Ja'Kobi Lane","BAL","WR","IR",NA,"Wrist"
"2026-09-29T21:39:45Z","sleeper",NA,"Carter Runyon","LV","TE","IR",NA,"Undisclosed"
"2026-09-29T21:39:45Z","sleeper",NA,"Princeton Fant","DAL","TE","IR",NA,"Knee - ACL + MCL"
"2026-09-29T21:39:45Z","sleeper",NA,"Skyler Bell","BUF","WR","Out",NA,"Coach's Decision"
"2026-09-29T21:39:45Z","sleeper",NA,"Charlie Kolar","LAC","TE","Out",NA,"Forearm"
"2026-09-29T21:39:45Z","sleeper",NA,"Malik Davis","DAL","RB","IR",NA,"Hip"
"2026-09-29T21:39:45Z","sleeper",NA,"Caleb Williams","CHI","QB","Out",NA,"Hamstring"
"2026-09-29T21:39:45Z","sleeper",NA,"Tip Reiman","ARI","TE","PUP",NA,"Ankle"
"2026-09-29T21:39:45Z","sleeper",NA,"Tank Dell","HOU","WR","IR",NA,"Knee - ACL + MCL"
"2026-09-29T21:39:45Z","sleeper","00-0035535","Darius Slayton","IND","WR","Out",NA,"Coach's Decision"
"2026-09-29T21:39:45Z","sleeper",NA,"Cole Turner","MIA","TE","IR",NA,"Undisclosed"
"2026-09-29T21:39:45Z","sleeper",NA,"Jalen Milroe","SEA","QB","Out",NA,"Coach's Decision"
"2026-09-29T21:39:45Z","sleeper",NA,"Chris Collier","LV","RB","IR",NA,"Undisclosed"
"2026-09-29T21:39:45Z","sleeper",NA,"Chig Okonkwo","WAS","TE","Out",NA,"Hamstring"
"2026-09-29T21:39:45Z","sleeper",NA,"KeAndre Lambert-Smith","LAC","WR","IR",NA,"Hamstring"
"2026-09-29T21:39:45Z","sleeper",NA,"Taylen Green","CLE","QB","Out",NA,"Coach's Decision"
"2026-09-29T21:39:45Z","sleeper",NA,"Jeshaun Jones","MIN","WR","Suspended",NA,"Suspension"
"2026-09-29T21:39:45Z","sleeper",NA,"Joe Royer","CLE","TE","PUP",NA,"Personal"
"2026-09-29T21:39:45Z","sleeper",NA,"Zach Charbonnet","SEA","RB","PUP",NA,"Knee - ACL"
"2026-09-29T21:39:45Z","sleeper",NA,"Joe Fagnano","BAL","QB","Out",NA,"Coach's Decision"
"2026-09-29T21:39:45Z","sleeper",NA,"Drew Allar","PIT","QB","Out",NA,"Coach's Decision"
"2026-09-29T21:39:45Z","sleeper",NA,"Jayden Daniels","WAS","QB","Out",NA,"Elbow"
"2026-09-29T21:39:45Z","sleeper",NA,"Jaylen Wright","MIA","RB","Out",NA,"Foot"
"2026-09-29T21:39:45Z","sleeper",NA,"Jack Strand","ATL","QB","Out",NA,"Coach's Decision"
"2026-09-29T21:39:45Z","sleeper","00-0033885","David Njoku","LAC","TE","IR",NA,"Lower Leg"
"2026-09-29T21:39:45Z","sleeper",NA,"Beaux Collins","ATL","WR","IR",NA,"Undisclosed"
"2026-09-29T21:39:45Z","sleeper",NA,"Breece Hall","NYJ","RB","Out",NA,"Thigh"
"2026-09-29T21:39:45Z","sleeper",NA,"Jameson Geers","ARI","TE","IR",NA,"Undisclosed"
"2026-09-29T21:39:45Z","sleeper","00-0035021","Ashton Dulin","IND","WR","Out",NA,"Ankle"
"2026-09-29T21:39:45Z","sleeper",NA,"Colby Parkinson","LA","TE","Questionable",NA,"Shoulder"
"2026-09-29T21:39:45Z","sleeper",NA,"Kendrick Law","DET","WR","IR",NA,"Knee - ACL"
"2026-09-29T22:47:44Z","sleeper",NA,"Adam Randall","BAL","RB","IR",NA,"Undisclosed"
"2026-09-29T22:47:44Z","sleeper",NA,"Behren Morton","NE","QB","Out",NA,"Coach's Decision"
"2026-09-29T22:47:44Z","sleeper",NA,"Jake Tonges","SF","TE","IR",NA,"Knee"
"2026-09-29T22:47:44Z","sleeper",NA,"Pierre Strong","GB","RB","Questionable",NA,"Hamstring"
"2026-09-29T22:47:44Z","sleeper",NA,"Trey Sermon","ATL","RB","IR",NA,"Undisclosed"
"2026-09-29T22:47:44Z","sleeper",NA,"Johnny Wilson","PHI","WR","IR",NA,"Knee"
"2026-09-29T22:47:44Z","sleeper",NA,"Corey Rucker","LV","WR","IR",NA,"Undisclosed"
"2026-09-29T22:47:44Z","sleeper",NA,"Rachaad White","WAS","RB","Questionable",NA,"Shoulder"
"2026-09-29T22:47:44Z","sleeper",NA,"Jayden Reed","GB","WR","Out",NA,"Neck"
"2026-09-29T22:47:44Z","sleeper",NA,"CJ Williams","JAX","WR","Out",NA,"Coach's Decision"
"2026-09-29T22:47:44Z","sleeper",NA,"CJ Daniels","LA","WR","Out",NA,"Coach's Decision"
"2026-09-29T22:47:44Z","sleeper",NA,"Jack Endries","CIN","TE","Out",NA,"Coach's Decision"
"2026-09-29T22:47:44Z","sleeper",NA,"Brenen Thompson","LAC","WR","Out",NA,"Quadriceps"
"2026-09-29T22:47:44Z","sleeper",NA,"Eli Raridon","NE","TE","Out",NA,"Thigh"
"2026-09-29T22:47:44Z","sleeper",NA,"Elijah Sarratt","BAL","WR","Out",NA,"Coach's Decision"
"2026-09-29T22:47:44Z","sleeper","00-0035250","Devin Singletary","NYG","RB","Out",NA,"Coach's Decision"
"2026-09-29T22:47:44Z","sleeper",NA,"Zach Wilson","NO","QB","Out",NA,"Coach's Decision"
"2026-09-29T22:47:44Z","sleeper",NA,"Sam Ehlinger","DEN","QB","Out",NA,"Coach's Decision"
"2026-09-29T22:47:44Z","sleeper",NA,"John Michael Gyllenborg","KC","TE","IR",NA,"Knee"
"2026-09-29T22:47:44Z","sleeper","00-0033662","Cooper Rush","ATL","QB","Out",NA,"Coach's Decision"
"2026-09-29T22:47:44Z","sleeper",NA,"Will Mallory","IND","TE","IR",NA,"Thumb"
"2026-09-29T22:47:44Z","sleeper",NA,"Isiah Pacheco","DET","RB","IR",NA,"Back"
"2026-09-29T22:47:44Z","sleeper",NA,"Trey Benson","ARI","RB","IR",NA,"Knee"
"2026-09-29T22:47:44Z","sleeper",NA,"Jimmy Holiday","KC","WR","IR",NA,"Undisclosed"
"2026-09-29T22:47:44Z","sleeper",NA,"Jake Bobo","SEA","WR","IR",NA,"Knee"
"2026-09-29T22:47:44Z","sleeper","00-0032775","Demarcus Robinson","SF","WR","IR",NA,"Ankle"
"2026-09-29T22:47:44Z","sleeper",NA,"Grant Calcaterra","PHI","TE","IR",NA,"Back"
"2026-09-29T22:47:44Z","sleeper",NA,"Calvin Austin","NYG","WR","IR",NA,"Knee"
"2026-09-29T22:47:44Z","sleeper",NA,"Jaren Kanak","TEN","TE","IR",NA,"Pectoral"
"2026-09-29T22:47:44Z","sleeper",NA,"Myles Montgomery","NE","RB","IR",NA,"Undisclosed"
"2026-09-29T22:47:44Z","sleeper",NA,"Montorie Foster","SEA","WR","Out",NA,"Coach's Decision"
"2026-09-29T22:47:44Z","sleeper",NA,"Eli Stowers","PHI","TE","IR",NA,"Hamstring"
"2026-09-29T22:47:44Z","sleeper",NA,"Jalen McMillan","TB","WR","Out",NA,"Knee - PCL"
"2026-09-29T22:47:44Z","sleeper","00-0033955","Jeremy McNichols","WAS","RB","IR",NA,"Quadriceps"
"2026-09-29T22:47:44Z","sleeper","00-0034855","Baker Mayfield","TB","QB","Out",NA,"Thumb"
"2026-09-29T22:47:44Z","sleeper","00-0033553","James Conner","ARI","RB","IR",NA,"Foot"
"2026-09-29T22:47:44Z","sleeper",NA,"Michael Carter","TEN","RB","Out",NA,"Coach's Decision"
"2026-09-29T22:47:44Z","sleeper",NA,"Isaac Guerendo","SF","RB","PUP",NA,"Pectoral"
"2026-09-29T22:47:44Z","sleeper",NA,"Carson Beck","ARI","QB","Out",NA,"Coach's Decision"
"2026-09-29T22:47:44Z","sleeper",NA,"Ricky Pearsall","SF","WR","IR",NA,"Knee - PCL"
"2026-09-29T22:47:44Z","sleeper",NA,"Nico Collins","HOU","WR","Out",NA,"Hamstring"
"2026-09-29T22:47:44Z","sleeper",NA,"Terrance Ferguson","LA","TE","Questionable",NA,"Ankle"
"2026-09-29T22:47:44Z","sleeper","00-0035249","Josh Oliver","MIN","TE","IR",NA,"Biceps"
"2026-09-29T22:47:44Z","sleeper",NA,"Jordan Mason","MIN","RB","IR",NA,"Thumb"
"2026-09-29T22:47:44Z","sleeper",NA,"Caleb Douglas","MIA","WR","Out",NA,"Ankle"
"2026-09-29T22:47:44Z","sleeper",NA,"Rico Dowdle","PIT","RB","Out",NA,"Toe"
"2026-09-29T22:47:44Z","sleeper",NA,"Mason Tipton","NO","WR","PUP",NA,"Groin"
"2026-09-29T22:47:44Z","sleeper",NA,"Caleb Lohner","DEN","TE","IR",NA,"Lower Body"
"2026-09-29T22:47:44Z","sleeper","00-0035406","Lil'Jordan Humphrey","DEN","WR","Out",NA,"Coach's Decision"
"2026-09-29T22:47:44Z","sleeper",NA,"Treyton Welch","NO","TE","Out",NA,"Coach's Decision"
"2026-09-29T22:47:44Z","sleeper",NA,"Skylar Thompson","BAL","QB","IR",NA,"Undisclosed"
"2026-09-29T22:47:44Z","sleeper",NA,"Haynes King","CAR","QB","Out",NA,"Coach's Decision"
"2026-09-29T22:47:44Z","sleeper","00-0031408","Mike Evans","SF","WR","Out",NA,"Ribs"
"2026-09-29T22:47:44Z","sleeper",NA,"Tutu Atwell","LA","WR","Out",NA,"Coach's Decision"
"2026-09-29T22:47:44Z","sleeper","00-0034611","Donnie Ernsberger","TEN","TE","Questionable",NA,NA
"2026-09-29T22:47:44Z","sleeper",NA,"Nikola Kalinic","CHI","TE","IR",NA,"Knee"
"2026-09-29T22:47:44Z","sleeper",NA,"RJ Harvey","DEN","RB","Questionable",NA,"Concussion"
"2026-09-29T22:47:44Z","sleeper",NA,"Savion Williams","GB","WR","IR",NA,"Undisclosed"
"2026-09-29T22:47:44Z","sleeper",NA,"Eli Heidenreich","PIT","RB","Out",NA,"Coach's Decision"
"2026-09-29T22:47:44Z","sleeper",NA,"Irv Charles","SEA","WR","IR",NA,"Undisclosed"
"2026-09-29T22:47:44Z","sleeper","00-0033375","Tim Patrick","NYJ","WR","IR",NA,"Groin"
"2026-09-29T22:47:44Z","sleeper",NA,"Cole Payton","PHI","QB","Out",NA,"Coach's Decision"
"2026-09-29T22:47:44Z","sleeper",NA,"Robbie Ouzts","SEA","RB","IR",NA,"Undisclosed"
"2026-09-29T22:47:44Z","sleeper",NA,"Puka Nacua","LA","WR","Out",NA,"Hip"
"2026-09-29T22:47:44Z","sleeper",NA,"Andrei Iosivas","CIN","WR","IR",NA,"Thumb"
"2026-09-29T22:47:44Z","sleeper",NA,"De'Zhaun Stribling","SF","WR","IR",NA,"Ankle"
"2026-09-29T22:47:44Z","sleeper","00-0035676","A.J. Brown","NE","WR","IR",NA,"Ankle"
"2026-09-29T22:47:44Z","sleeper","00-0035645","Gunner Olszewski","NYG","WR","IR",NA,"Achilles"
"2026-09-29T22:47:44Z","sleeper",NA,"Chris Brazzell","CAR","WR","IR",NA,"Knee"
"2026-09-29T22:47:44Z","sleeper",NA,"Alec Pierce","IND","WR","IR",NA,"Heel"
"2026-09-29T22:47:44Z","sleeper",NA,"Jaxson Dart","NYG","QB","IR",NA,"Knee - Meniscus"
"2026-09-29T22:47:44Z","sleeper",NA,"J.J. McCarthy","NYG","QB","Out",NA,"Coach's Decision"
"2026-09-29T22:47:44Z","sleeper",NA,"Jeff Caldwell","KC","WR","IR",NA,"Knee"
"2026-09-29T22:47:44Z","sleeper",NA,"Riley Leonard","IND","QB","Out",NA,"Coach's Decision"
"2026-09-29T22:47:44Z","sleeper","00-0034351","Dallas Goedert","PHI","TE","Out",NA,"Knee - MCL"
"2026-09-29T22:47:44Z","sleeper",NA,"Ollie Gordon","MIA","RB","Questionable",NA,"Undisclosed"
"2026-09-29T22:47:44Z","sleeper","00-0034439","Tyler Conklin","DET","TE","Out",NA,"Coach's Decision"
"2026-09-29T22:47:44Z","sleeper",NA,"De'Von Achane","MIA","RB","IR",NA,"Knee - ACL"
"2026-09-29T22:47:44Z","sleeper",NA,"Marvin Mims","DEN","WR","Out",NA,"Foot"
"2026-09-29T22:47:44Z","sleeper",NA,"Thomas Yassmin","GB","TE","IR",NA,"Undisclosed"
"2026-09-29T22:47:44Z","sleeper",NA,"Devin Neal","MIN","RB","Questionable",NA,"Hamstring"
"2026-09-29T22:47:44Z","sleeper",NA,"Will Howard","PIT","QB","Out",NA,"Coach's Decision"
"2026-09-29T22:47:44Z","sleeper",NA,"DJ Rogers","DAL","TE","IR",NA,"Knee"
"2026-09-29T22:47:44Z","sleeper","00-0035662","Marquise Brown","PHI","WR","Out",NA,"Ankle"
"2026-09-29T22:47:44Z","sleeper",NA,"Julian Hill","NE","TE","IR",NA,"Knee"
"2026-09-29T22:47:44Z","sleeper",NA,"Thomas Fidone","NYG","TE","Out",NA,"Coach's Decision"
"2026-09-29T22:47:44Z","sleeper",NA,"Aidan O'Connell","LV","QB","Out",NA,"Personal"
"2026-09-29T22:47:44Z","sleeper",NA,"Jack Bech","LV","WR","IR",NA,"Forearm"
"2026-09-29T22:47:44Z","sleeper",NA,"Brevin Jordan","HOU","TE","Out",NA,"Coach's Decision"
"2026-09-29T22:47:44Z","sleeper",NA,"Moliki Matavao","NO","TE","IR",NA,"Knee"
"2026-09-29T22:47:44Z","sleeper",NA,"Kurtis Rourke","SF","QB","Out",NA,"Coach's Decision"
"2026-09-29T22:47:44Z","sleeper",NA,"Jared Wiley","KC","TE","Out",NA,"Coach's Decision"
"2026-09-29T22:47:44Z","sleeper",NA,"Trevor Etienne","CAR","RB","IR",NA,"Ankle"
"2026-09-29T22:47:44Z","sleeper",NA,"Arian Smith","NYJ","WR","IR",NA,"Knee"
"2026-09-29T22:47:44Z","sleeper",NA,"Ty Simpson","LA","QB","Out",NA,"Coach's Decision"
"2026-09-29T22:47:44Z","sleeper",NA,"Brittain Brown","CHI","RB","IR",NA,"Undisclosed"
"2026-09-29T22:47:44Z","sleeper",NA,"Dont'e Thornton","LV","WR","IR",NA,"Undisclosed"
"2026-09-29T22:47:44Z","sleeper",NA,"Jeremiah Webb","NE","WR","IR",NA,"Arm"
"2026-09-29T22:47:44Z","sleeper",NA,"DJ Uiagalelei","LAC","QB","Out",NA,"Coach's Decision"
"2026-09-29T22:47:44Z","sleeper",NA,"Luke Musgrave","GB","TE","PUP",NA,"Undisclosed"
"2026-09-29T22:47:44Z","sleeper",NA,"Jordyn Tyson","NO","WR","IR",NA,"Hamstring"
"2026-09-29T22:47:44Z","sleeper",NA,"Brady Cook","MIA","QB","Out",NA,"Coach's Decision"
"2026-09-29T22:47:44Z","sleeper",NA,"Kene Nwangwu","NYJ","RB","Out",NA,"Back"
"2026-09-29T22:47:44Z","sleeper",NA,"Camden Brown","DAL","WR","Out",NA,"Coach's Decision"
"2026-09-29T22:47:44Z","sleeper",NA,"Omar Cooper","NYJ","WR","IR",NA,"Ankle"
"2026-09-29T22:47:44Z","sleeper",NA,"Ben Yurosek","MIN","TE","IR",NA,"Undisclosed"
"2026-09-29T22:47:44Z","sleeper",NA,"Travis Etienne","NO","RB","Out",NA,"Hamstring"
"2026-09-29T22:47:44Z","sleeper",NA,"Tyjae Spears","TEN","RB","Questionable",NA,"Ankle"
"2026-09-29T22:47:44Z","sleeper",NA,"Ronnie Rivers","LA","RB","IR",NA,"Calf"
"2026-09-29T22:47:44Z","sleeper",NA,"Matthew Caldwell","LA","QB","IR",NA,"Undisclosed"
"2026-09-29T22:47:44Z","sleeper",NA,"Barion Brown","NO","WR","Out",NA,"Hamstring"
"2026-09-29T22:47:44Z","sleeper",NA,"Jonathon Brooks","CAR","RB","IR",NA,"Abdomen"
"2026-09-29T22:47:44Z","sleeper",NA,"Dylan Sampson","CLE","RB","IR",NA,"Knee"
"2026-09-29T22:47:44Z","sleeper",NA,"Reggie Virgil","ARI","WR","Out",NA,"Coach's Decision"
"2026-09-29T22:47:44Z","sleeper",NA,"Dallen Bentley","DEN","TE","Out",NA,"Coach's Decision"
"2026-09-29T22:47:44Z","sleeper","00-0034775","Christian Kirk","SF","WR","IR",NA,"Calf"
"2026-09-29T22:47:44Z","sleeper",NA,"Jalen Coker","CAR","WR","Out",NA,"Quadriceps"
"2026-09-29T22:47:44Z","sleeper",NA,"Mason Taylor","NYJ","TE","Out",NA,"Thumb"
"2026-09-29T22:47:44Z","sleeper","00-0035359","David Sills","TB","WR","IR",NA,"Undisclosed"
"2026-09-29T22:47:44Z","sleeper",NA,"Carson Towt","IND","TE","IR",NA,"Undisclosed"
"2026-09-29T22:47:44Z","sleeper",NA,"Graham Mertz","HOU","QB","IR",NA,"Knee - ACL"
"2026-09-29T22:47:44Z","sleeper",NA,"Emari Demercado","DAL","RB","Out",NA,"Coach's Decision"
"2026-09-29T22:47:44Z","sleeper",NA,"Dillon Gabriel","CLE","QB","IR",NA,"Back"
"2026-09-29T22:47:44Z","sleeper",NA,"Ty Chandler","NO","RB","IR",NA,"Knee"
"2026-09-29T22:47:44Z","sleeper",NA,"Xavier Legette","CAR","WR","Out",NA,"Knee"
"2026-09-29T22:47:44Z","sleeper",NA,"Justin Shorter","LV","WR","IR",NA,"Undisclosed"
"2026-09-29T22:47:44Z","sleeper",NA,"Colbie Young","CIN","WR","Out",NA,"Knee"
"2026-09-29T22:47:44Z","sleeper","00-0034753","Mark Andrews","BAL","TE","Questionable",NA,"Hand"
"2026-09-29T22:47:44Z","sleeper",NA,"Jayden Higgins","HOU","WR","IR",NA,"Knee - ACL"
"2026-09-29T22:47:44Z","sleeper",NA,"Tylan Wallace","CLE","WR","Questionable",NA,"Knee"
"2026-09-29T22:47:44Z","sleeper",NA,"Garrett Nussmeier","KC","QB","Out",NA,"Coach's Decision"
"2026-09-29T22:47:44Z","sleeper",NA,"Justin Jefferson","MIN","WR","Out",NA,"Ankle"
"2026-09-29T22:47:44Z","sleeper",NA,"Tyrell Shavers","BUF","WR","PUP",NA,"Knee - ACL"
"2026-09-29T22:47:44Z","sleeper",NA,"Ja'Tavion Sanders","CAR","TE","Out",NA,"Coach's Decision"
"2026-09-29T22:47:44Z","sleeper",NA,"Tanner McKee","PHI","QB","Out",NA,"Coach's Decision"
"2026-09-29T22:47:44Z","sleeper","00-0035045","D.J. Montgomery","IND","WR","IR",NA,"Abdomen"
"2026-09-29T22:47:44Z","sleeper",NA,"Adonai Mitchell","NYJ","WR","Out",NA,"Finger"
"2026-09-29T22:47:44Z","sleeper",NA,"DJ Giddens","IND","RB","Out",NA,"Coach's Decision"
"2026-09-29T22:47:44Z","sleeper","00-0034857","Josh Allen","BUF","QB","Questionable",NA,"Knee"
"2026-09-29T22:47:44Z","sleeper",NA,"Kylen Granson","TEN","TE","Out",NA,"Coach's Decision"
"2026-09-29T22:47:44Z","sleeper",NA,"Brandon Aiyuk","SF","WR","Out",NA,"Knee - ACL + MCL"
"2026-09-29T22:47:44Z","sleeper",NA,"Hayden Large","CHI","TE","IR",NA,"Undisclosed"
"2026-09-29T22:47:44Z","sleeper",NA,"Jonah Coleman","DEN","RB","IR",NA,"Ankle"
"2026-09-29T22:47:44Z","sleeper",NA,"Ja'Kobi Lane","BAL","WR","IR",NA,"Wrist"
"2026-09-29T22:47:44Z","sleeper",NA,"Carter Runyon","LV","TE","IR",NA,"Undisclosed"
"2026-09-29T22:47:44Z","sleeper",NA,"Princeton Fant","DAL","TE","IR",NA,"Knee - ACL + MCL"
"2026-09-29T22:47:44Z","sleeper",NA,"Skyler Bell","BUF","WR","Out",NA,"Coach's Decision"
"2026-09-29T22:47:44Z","sleeper",NA,"Charlie Kolar","LAC","TE","Out",NA,"Forearm"
"2026-09-29T22:47:44Z","sleeper",NA,"Malik Davis","DAL","RB","IR",NA,"Hip"
"2026-09-29T22:47:44Z","sleeper",NA,"Caleb Williams","CHI","QB","Out",NA,"Hamstring"
"2026-09-29T22:47:44Z","sleeper",NA,"Tip Reiman","ARI","TE","PUP",NA,"Ankle"
"2026-09-29T22:47:44Z","sleeper",NA,"Tank Dell","HOU","WR","IR",NA,"Knee - ACL + MCL"
"2026-09-29T22:47:44Z","sleeper","00-0035535","Darius Slayton","IND","WR","Out",NA,"Coach's Decision"
"2026-09-29T22:47:44Z","sleeper",NA,"Cole Turner","MIA","TE","IR",NA,"Undisclosed"
"2026-09-29T22:47:44Z","sleeper",NA,"Jalen Milroe","SEA","QB","Out",NA,"Coach's Decision"
"2026-09-29T22:47:44Z","sleeper",NA,"Chris Collier","LV","RB","IR",NA,"Undisclosed"
"2026-09-29T22:47:44Z","sleeper",NA,"Chig Okonkwo","WAS","TE","Out",NA,"Hamstring"
"2026-09-29T22:47:44Z","sleeper",NA,"KeAndre Lambert-Smith","LAC","WR","IR",NA,"Hamstring"
"2026-09-29T22:47:44Z","sleeper",NA,"Taylen Green","CLE","QB","Out",NA,"Coach's Decision"
"2026-09-29T22:47:44Z","sleeper",NA,"Jeshaun Jones","MIN","WR","Suspended",NA,"Suspension"
"2026-09-29T22:47:44Z","sleeper",NA,"Joe Royer","CLE","TE","PUP",NA,"Personal"
"2026-09-29T22:47:44Z","sleeper",NA,"Zach Charbonnet","SEA","RB","PUP",NA,"Knee - ACL"
"2026-09-29T22:47:44Z","sleeper",NA,"Joe Fagnano","BAL","QB","Out",NA,"Coach's Decision"
"2026-09-29T22:47:44Z","sleeper",NA,"Drew Allar","PIT","QB","Out",NA,"Coach's Decision"
"2026-09-29T22:47:44Z","sleeper",NA,"Jayden Daniels","WAS","QB","Out",NA,"Elbow"
"2026-09-29T22:47:44Z","sleeper",NA,"Jaylen Wright","MIA","RB","Out",NA,"Foot"
"2026-09-29T22:47:44Z","sleeper",NA,"Jack Strand","ATL","QB","Out",NA,"Coach's Decision"
"2026-09-29T22:47:44Z","sleeper","00-0033885","David Njoku","LAC","TE","IR",NA,"Lower Leg"
"2026-09-29T22:47:44Z","sleeper",NA,"Beaux Collins","ATL","WR","IR",NA,"Undisclosed"
"2026-09-29T22:47:44Z","sleeper",NA,"Breece Hall","NYJ","RB","Out",NA,"Thigh"
"2026-09-29T22:47:44Z","sleeper",NA,"Jameson Geers","ARI","TE","IR",NA,"Undisclosed"
"2026-09-29T22:47:44Z","sleeper","00-0035021","Ashton Dulin","IND","WR","Out",NA,"Ankle"
"2026-09-29T22:47:44Z","sleeper",NA,"Colby Parkinson","LA","TE","Questionable",NA,"Shoulder"
"2026-09-29T22:47:44Z","sleeper",NA,"Kendrick Law","DET","WR","IR",NA,"Knee - ACL"
"2026-09-29T23:36:04Z","sleeper",NA,"Adam Randall","BAL","RB","IR",NA,"Undisclosed"
"2026-09-29T23:36:04Z","sleeper",NA,"Behren Morton","NE","QB","Out",NA,"Coach's Decision"
"2026-09-29T23:36:04Z","sleeper",NA,"Jake Tonges","SF","TE","IR",NA,"Knee"
"2026-09-29T23:36:04Z","sleeper",NA,"Pierre Strong","GB","RB","Questionable",NA,"Hamstring"
"2026-09-29T23:36:04Z","sleeper",NA,"Trey Sermon","ATL","RB","IR",NA,"Undisclosed"
"2026-09-29T23:36:04Z","sleeper",NA,"Johnny Wilson","PHI","WR","IR",NA,"Knee"
"2026-09-29T23:36:04Z","sleeper",NA,"Corey Rucker","LV","WR","IR",NA,"Undisclosed"
"2026-09-29T23:36:04Z","sleeper",NA,"Rachaad White","WAS","RB","Questionable",NA,"Shoulder"
"2026-09-29T23:36:04Z","sleeper",NA,"Jayden Reed","GB","WR","Out",NA,"Neck"
"2026-09-29T23:36:04Z","sleeper",NA,"CJ Williams","JAX","WR","Out",NA,"Coach's Decision"
"2026-09-29T23:36:04Z","sleeper",NA,"CJ Daniels","LA","WR","Out",NA,"Coach's Decision"
"2026-09-29T23:36:04Z","sleeper",NA,"Jack Endries","CIN","TE","Out",NA,"Coach's Decision"
"2026-09-29T23:36:04Z","sleeper",NA,"Jaylen Waddle","DEN","WR","Questionable",NA,"Leg"
"2026-09-29T23:36:04Z","sleeper",NA,"Brenen Thompson","LAC","WR","Out",NA,"Quadriceps"
"2026-09-29T23:36:04Z","sleeper",NA,"Eli Raridon","NE","TE","Out",NA,"Thigh"
"2026-09-29T23:36:04Z","sleeper",NA,"Elijah Sarratt","BAL","WR","Out",NA,"Coach's Decision"
"2026-09-29T23:36:04Z","sleeper","00-0035250","Devin Singletary","NYG","RB","Out",NA,"Coach's Decision"
"2026-09-29T23:36:04Z","sleeper",NA,"Zach Wilson","NO","QB","Out",NA,"Coach's Decision"
"2026-09-29T23:36:04Z","sleeper",NA,"Sam Ehlinger","DEN","QB","Out",NA,"Coach's Decision"
"2026-09-29T23:36:04Z","sleeper",NA,"John Michael Gyllenborg","KC","TE","IR",NA,"Knee"
"2026-09-29T23:36:04Z","sleeper","00-0033662","Cooper Rush","ATL","QB","Out",NA,"Coach's Decision"
"2026-09-29T23:36:04Z","sleeper",NA,"Will Mallory","IND","TE","IR",NA,"Thumb"
"2026-09-29T23:36:04Z","sleeper",NA,"Isiah Pacheco","DET","RB","IR",NA,"Back"
"2026-09-29T23:36:04Z","sleeper",NA,"Trey Benson","ARI","RB","IR",NA,"Knee"
"2026-09-29T23:36:04Z","sleeper",NA,"Jimmy Holiday","KC","WR","IR",NA,"Undisclosed"
"2026-09-29T23:36:04Z","sleeper",NA,"Jake Bobo","SEA","WR","IR",NA,"Knee"
"2026-09-29T23:36:04Z","sleeper","00-0032775","Demarcus Robinson","SF","WR","IR",NA,"Ankle"
"2026-09-29T23:36:04Z","sleeper",NA,"Grant Calcaterra","PHI","TE","IR",NA,"Back"
"2026-09-29T23:36:04Z","sleeper",NA,"Calvin Austin","NYG","WR","IR",NA,"Knee"
"2026-09-29T23:36:04Z","sleeper",NA,"Jaren Kanak","TEN","TE","IR",NA,"Pectoral"
"2026-09-29T23:36:04Z","sleeper",NA,"Myles Montgomery","NE","RB","IR",NA,"Undisclosed"
"2026-09-29T23:36:04Z","sleeper",NA,"Montorie Foster","SEA","WR","Out",NA,"Coach's Decision"
"2026-09-29T23:36:04Z","sleeper",NA,"Eli Stowers","PHI","TE","IR",NA,"Hamstring"
"2026-09-29T23:36:04Z","sleeper",NA,"Jalen McMillan","TB","WR","Out",NA,"Knee - PCL"
"2026-09-29T23:36:04Z","sleeper","00-0033955","Jeremy McNichols","WAS","RB","IR",NA,"Quadriceps"
"2026-09-29T23:36:04Z","sleeper","00-0034855","Baker Mayfield","TB","QB","Out",NA,"Thumb"
"2026-09-29T23:36:04Z","sleeper","00-0033553","James Conner","ARI","RB","IR",NA,"Foot"
"2026-09-29T23:36:04Z","sleeper",NA,"Michael Carter","TEN","RB","Out",NA,"Coach's Decision"
"2026-09-29T23:36:04Z","sleeper",NA,"Isaac Guerendo","SF","RB","PUP",NA,"Pectoral"
"2026-09-29T23:36:04Z","sleeper",NA,"Carson Beck","ARI","QB","Out",NA,"Coach's Decision"
"2026-09-29T23:36:04Z","sleeper",NA,"Ricky Pearsall","SF","WR","IR",NA,"Knee - PCL"
"2026-09-29T23:36:04Z","sleeper",NA,"Nico Collins","HOU","WR","Out",NA,"Hamstring"
"2026-09-29T23:36:04Z","sleeper",NA,"Terrance Ferguson","LA","TE","Questionable",NA,"Ankle"
"2026-09-29T23:36:04Z","sleeper","00-0035249","Josh Oliver","MIN","TE","IR",NA,"Biceps"
"2026-09-29T23:36:04Z","sleeper",NA,"Jordan Mason","MIN","RB","IR",NA,"Thumb"
"2026-09-29T23:36:04Z","sleeper",NA,"Caleb Douglas","MIA","WR","Out",NA,"Ankle"
"2026-09-29T23:36:04Z","sleeper",NA,"Rico Dowdle","PIT","RB","Out",NA,"Toe"
"2026-09-29T23:36:04Z","sleeper",NA,"Mason Tipton","NO","WR","PUP",NA,"Groin"
"2026-09-29T23:36:04Z","sleeper",NA,"Caleb Lohner","DEN","TE","IR",NA,"Lower Body"
"2026-09-29T23:36:04Z","sleeper","00-0035406","Lil'Jordan Humphrey","DEN","WR","Out",NA,"Coach's Decision"
"2026-09-29T23:36:04Z","sleeper",NA,"Treyton Welch","NO","TE","Out",NA,"Coach's Decision"
"2026-09-29T23:36:04Z","sleeper",NA,"Skylar Thompson","BAL","QB","IR",NA,"Undisclosed"
"2026-09-29T23:36:04Z","sleeper",NA,"Haynes King","CAR","QB","Out",NA,"Coach's Decision"
"2026-09-29T23:36:04Z","sleeper","00-0031408","Mike Evans","SF","WR","Out",NA,"Ribs"
"2026-09-29T23:36:04Z","sleeper",NA,"Tutu Atwell","LA","WR","Out",NA,"Coach's Decision"
"2026-09-29T23:36:04Z","sleeper","00-0034611","Donnie Ernsberger","TEN","TE","Questionable",NA,NA
"2026-09-29T23:36:04Z","sleeper",NA,"Nikola Kalinic","CHI","TE","IR",NA,"Knee"
"2026-09-29T23:36:04Z","sleeper",NA,"RJ Harvey","DEN","RB","Questionable",NA,"Concussion"
"2026-09-29T23:36:04Z","sleeper",NA,"Savion Williams","GB","WR","IR",NA,"Undisclosed"
"2026-09-29T23:36:04Z","sleeper",NA,"Eli Heidenreich","PIT","RB","Out",NA,"Coach's Decision"
"2026-09-29T23:36:04Z","sleeper",NA,"Irv Charles","SEA","WR","IR",NA,"Undisclosed"
"2026-09-29T23:36:04Z","sleeper","00-0033375","Tim Patrick","NYJ","WR","IR",NA,"Groin"
"2026-09-29T23:36:04Z","sleeper",NA,"Cole Payton","PHI","QB","Out",NA,"Coach's Decision"
"2026-09-29T23:36:04Z","sleeper",NA,"Robbie Ouzts","SEA","RB","IR",NA,"Undisclosed"
"2026-09-29T23:36:04Z","sleeper",NA,"Puka Nacua","LA","WR","Out",NA,"Hip"
"2026-09-29T23:36:04Z","sleeper",NA,"Andrei Iosivas","CIN","WR","IR",NA,"Thumb"
"2026-09-29T23:36:04Z","sleeper",NA,"De'Zhaun Stribling","SF","WR","IR",NA,"Ankle"
"2026-09-29T23:36:04Z","sleeper","00-0035676","A.J. Brown","NE","WR","IR",NA,"Ankle"
"2026-09-29T23:36:04Z","sleeper","00-0035645","Gunner Olszewski","NYG","WR","IR",NA,"Achilles"
"2026-09-29T23:36:04Z","sleeper",NA,"Chris Brazzell","CAR","WR","IR",NA,"Knee"
"2026-09-29T23:36:04Z","sleeper",NA,"Alec Pierce","IND","WR","IR",NA,"Heel"
"2026-09-29T23:36:04Z","sleeper",NA,"Jaxson Dart","NYG","QB","IR",NA,"Knee - Meniscus"
"2026-09-29T23:36:04Z","sleeper",NA,"J.J. McCarthy","NYG","QB","Out",NA,"Coach's Decision"
"2026-09-29T23:36:04Z","sleeper",NA,"Jeff Caldwell","KC","WR","IR",NA,"Knee"
"2026-09-29T23:36:04Z","sleeper",NA,"Riley Leonard","IND","QB","Out",NA,"Coach's Decision"
"2026-09-29T23:36:04Z","sleeper","00-0034351","Dallas Goedert","PHI","TE","Out",NA,"Knee - MCL"
"2026-09-29T23:36:04Z","sleeper",NA,"Ollie Gordon","MIA","RB","Questionable",NA,"Undisclosed"
"2026-09-29T23:36:04Z","sleeper","00-0034439","Tyler Conklin","DET","TE","Out",NA,"Coach's Decision"
"2026-09-29T23:36:04Z","sleeper",NA,"De'Von Achane","MIA","RB","IR",NA,"Knee - ACL"
"2026-09-29T23:36:04Z","sleeper",NA,"Marvin Mims","DEN","WR","Out",NA,"Foot"
"2026-09-29T23:36:04Z","sleeper",NA,"Thomas Yassmin","GB","TE","IR",NA,"Undisclosed"
"2026-09-29T23:36:04Z","sleeper",NA,"Devin Neal","MIN","RB","Questionable",NA,"Hamstring"
"2026-09-29T23:36:04Z","sleeper",NA,"Will Howard","PIT","QB","Out",NA,"Coach's Decision"
"2026-09-29T23:36:04Z","sleeper",NA,"DJ Rogers","DAL","TE","IR",NA,"Knee"
"2026-09-29T23:36:04Z","sleeper","00-0035662","Marquise Brown","PHI","WR","Out",NA,"Ankle"
"2026-09-29T23:36:04Z","sleeper",NA,"Julian Hill","NE","TE","IR",NA,"Knee"
"2026-09-29T23:36:04Z","sleeper",NA,"Thomas Fidone","NYG","TE","Out",NA,"Coach's Decision"
"2026-09-29T23:36:04Z","sleeper",NA,"Aidan O'Connell","LV","QB","Out",NA,"Personal"
"2026-09-29T23:36:04Z","sleeper",NA,"Jack Bech","LV","WR","IR",NA,"Forearm"
"2026-09-29T23:36:04Z","sleeper",NA,"Brevin Jordan","HOU","TE","Out",NA,"Coach's Decision"
"2026-09-29T23:36:04Z","sleeper",NA,"Moliki Matavao","NO","TE","IR",NA,"Knee"
"2026-09-29T23:36:04Z","sleeper",NA,"Kurtis Rourke","SF","QB","Out",NA,"Coach's Decision"
"2026-09-29T23:36:04Z","sleeper",NA,"Jared Wiley","KC","TE","Out",NA,"Coach's Decision"
"2026-09-29T23:36:04Z","sleeper",NA,"Trevor Etienne","CAR","RB","IR",NA,"Ankle"
"2026-09-29T23:36:04Z","sleeper",NA,"Arian Smith","NYJ","WR","IR",NA,"Knee"
"2026-09-29T23:36:04Z","sleeper",NA,"Ty Simpson","LA","QB","Out",NA,"Coach's Decision"
"2026-09-29T23:36:04Z","sleeper",NA,"Brittain Brown","CHI","RB","IR",NA,"Undisclosed"
"2026-09-29T23:36:04Z","sleeper",NA,"Dont'e Thornton","LV","WR","IR",NA,"Undisclosed"
"2026-09-29T23:36:04Z","sleeper",NA,"Jeremiah Webb","NE","WR","IR",NA,"Arm"
"2026-09-29T23:36:04Z","sleeper",NA,"DJ Uiagalelei","LAC","QB","Out",NA,"Coach's Decision"
"2026-09-29T23:36:04Z","sleeper",NA,"Luke Musgrave","GB","TE","PUP",NA,"Undisclosed"
"2026-09-29T23:36:04Z","sleeper",NA,"Jordyn Tyson","NO","WR","IR",NA,"Hamstring"
"2026-09-29T23:36:04Z","sleeper",NA,"Brady Cook","MIA","QB","Out",NA,"Coach's Decision"
"2026-09-29T23:36:04Z","sleeper",NA,"Kene Nwangwu","NYJ","RB","Out",NA,"Back"
"2026-09-29T23:36:04Z","sleeper",NA,"Camden Brown","DAL","WR","Out",NA,"Coach's Decision"
"2026-09-29T23:36:04Z","sleeper",NA,"Omar Cooper","NYJ","WR","IR",NA,"Ankle"
"2026-09-29T23:36:04Z","sleeper",NA,"Ben Yurosek","MIN","TE","IR",NA,"Undisclosed"
"2026-09-29T23:36:04Z","sleeper",NA,"Travis Etienne","NO","RB","Out",NA,"Hamstring"
"2026-09-29T23:36:04Z","sleeper",NA,"Tyjae Spears","TEN","RB","Questionable",NA,"Ankle"
"2026-09-29T23:36:04Z","sleeper",NA,"Ronnie Rivers","LA","RB","IR",NA,"Calf"
"2026-09-29T23:36:04Z","sleeper",NA,"Matthew Caldwell","LA","QB","IR",NA,"Undisclosed"
"2026-09-29T23:36:04Z","sleeper",NA,"Barion Brown","NO","WR","Out",NA,"Hamstring"
"2026-09-29T23:36:04Z","sleeper",NA,"Jonathon Brooks","CAR","RB","IR",NA,"Abdomen"
"2026-09-29T23:36:04Z","sleeper",NA,"Dylan Sampson","CLE","RB","IR",NA,"Knee"
"2026-09-29T23:36:04Z","sleeper",NA,"Reggie Virgil","ARI","WR","Out",NA,"Coach's Decision"
"2026-09-29T23:36:04Z","sleeper",NA,"Dallen Bentley","DEN","TE","Out",NA,"Coach's Decision"
"2026-09-29T23:36:04Z","sleeper","00-0034775","Christian Kirk","SF","WR","IR",NA,"Calf"
"2026-09-29T23:36:04Z","sleeper",NA,"Jalen Coker","CAR","WR","Out",NA,"Quadriceps"
"2026-09-29T23:36:04Z","sleeper",NA,"Mason Taylor","NYJ","TE","Out",NA,"Thumb"
"2026-09-29T23:36:04Z","sleeper","00-0035359","David Sills","TB","WR","IR",NA,"Undisclosed"
"2026-09-29T23:36:04Z","sleeper",NA,"Carson Towt","IND","TE","IR",NA,"Undisclosed"
"2026-09-29T23:36:04Z","sleeper",NA,"Graham Mertz","HOU","QB","IR",NA,"Knee - ACL"
"2026-09-29T23:36:04Z","sleeper",NA,"Emari Demercado","DAL","RB","Out",NA,"Coach's Decision"
"2026-09-29T23:36:04Z","sleeper",NA,"Dillon Gabriel","CLE","QB","IR",NA,"Back"
"2026-09-29T23:36:04Z","sleeper",NA,"Ty Chandler","NO","RB","IR",NA,"Knee"
"2026-09-29T23:36:04Z","sleeper",NA,"Xavier Legette","CAR","WR","Out",NA,"Knee"
"2026-09-29T23:36:04Z","sleeper",NA,"Justin Shorter","LV","WR","IR",NA,"Undisclosed"
"2026-09-29T23:36:04Z","sleeper",NA,"Colbie Young","CIN","WR","Out",NA,"Knee"
"2026-09-29T23:36:04Z","sleeper","00-0034753","Mark Andrews","BAL","TE","Questionable",NA,"Hand"
"2026-09-29T23:36:04Z","sleeper",NA,"Jayden Higgins","HOU","WR","IR",NA,"Knee - ACL"
"2026-09-29T23:36:04Z","sleeper",NA,"Tylan Wallace","CLE","WR","Questionable",NA,"Knee"
"2026-09-29T23:36:04Z","sleeper",NA,"Garrett Nussmeier","KC","QB","Out",NA,"Coach's Decision"
"2026-09-29T23:36:04Z","sleeper",NA,"Justin Jefferson","MIN","WR","Out",NA,"Ankle"
"2026-09-29T23:36:04Z","sleeper",NA,"Tyrell Shavers","BUF","WR","PUP",NA,"Knee - ACL"
"2026-09-29T23:36:04Z","sleeper",NA,"Ja'Tavion Sanders","CAR","TE","Out",NA,"Coach's Decision"
"2026-09-29T23:36:04Z","sleeper",NA,"Tanner McKee","PHI","QB","Out",NA,"Coach's Decision"
"2026-09-29T23:36:04Z","sleeper","00-0035045","D.J. Montgomery","IND","WR","IR",NA,"Abdomen"
"2026-09-29T23:36:04Z","sleeper",NA,"Adonai Mitchell","NYJ","WR","Out",NA,"Finger"
"2026-09-29T23:36:04Z","sleeper",NA,"DJ Giddens","IND","RB","Out",NA,"Coach's Decision"
"2026-09-29T23:36:04Z","sleeper","00-0034857","Josh Allen","BUF","QB","Questionable",NA,"Knee"
"2026-09-29T23:36:04Z","sleeper",NA,"Kylen Granson","TEN","TE","Out",NA,"Coach's Decision"
"2026-09-29T23:36:04Z","sleeper",NA,"Brandon Aiyuk","SF","WR","Out",NA,"Knee - ACL + MCL"
"2026-09-29T23:36:04Z","sleeper",NA,"Hayden Large","CHI","TE","IR",NA,"Undisclosed"
"2026-09-29T23:36:04Z","sleeper",NA,"Jonah Coleman","DEN","RB","IR",NA,"Ankle"
"2026-09-29T23:36:04Z","sleeper",NA,"Ja'Kobi Lane","BAL","WR","IR",NA,"Wrist"
"2026-09-29T23:36:04Z","sleeper",NA,"Carter Runyon","LV","TE","IR",NA,"Undisclosed"
"2026-09-29T23:36:04Z","sleeper",NA,"Princeton Fant","DAL","TE","IR",NA,"Knee - ACL + MCL"
"2026-09-29T23:36:04Z","sleeper",NA,"Skyler Bell","BUF","WR","Out",NA,"Coach's Decision"
"2026-09-29T23:36:04Z","sleeper",NA,"Charlie Kolar","LAC","TE","Out",NA,"Forearm"
"2026-09-29T23:36:04Z","sleeper",NA,"Malik Davis","DAL","RB","IR",NA,"Hip"
"2026-09-29T23:36:04Z","sleeper",NA,"Caleb Williams","CHI","QB","Out",NA,"Hamstring"
"2026-09-29T23:36:04Z","sleeper",NA,"Tip Reiman","ARI","TE","PUP",NA,"Ankle"
"2026-09-29T23:36:04Z","sleeper",NA,"Tank Dell","HOU","WR","IR",NA,"Knee - ACL + MCL"
"2026-09-29T23:36:04Z","sleeper","00-0035535","Darius Slayton","IND","WR","Out",NA,"Coach's Decision"
"2026-09-29T23:36:04Z","sleeper",NA,"Cole Turner","MIA","TE","IR",NA,"Undisclosed"
"2026-09-29T23:36:04Z","sleeper",NA,"Jalen Milroe","SEA","QB","Out",NA,"Coach's Decision"
"2026-09-29T23:36:04Z","sleeper",NA,"Chris Collier","LV","RB","IR",NA,"Undisclosed"
"2026-09-29T23:36:04Z","sleeper",NA,"Chig Okonkwo","WAS","TE","Out",NA,"Hamstring"
"2026-09-29T23:36:04Z","sleeper",NA,"KeAndre Lambert-Smith","LAC","WR","IR",NA,"Hamstring"
"2026-09-29T23:36:04Z","sleeper",NA,"Taylen Green","CLE","QB","Out",NA,"Coach's Decision"
"2026-09-29T23:36:04Z","sleeper",NA,"Jeshaun Jones","MIN","WR","Suspended",NA,"Suspension"
"2026-09-29T23:36:04Z","sleeper",NA,"Joe Royer","CLE","TE","PUP",NA,"Personal"
"2026-09-29T23:36:04Z","sleeper",NA,"Zach Charbonnet","SEA","RB","PUP",NA,"Knee - ACL"
"2026-09-29T23:36:04Z","sleeper",NA,"Joe Fagnano","BAL","QB","Out",NA,"Coach's Decision"
"2026-09-29T23:36:04Z","sleeper",NA,"Drew Allar","PIT","QB","Out",NA,"Coach's Decision"
"2026-09-29T23:36:04Z","sleeper",NA,"Jayden Daniels","WAS","QB","Out",NA,"Elbow"
"2026-09-29T23:36:04Z","sleeper",NA,"Jaylen Wright","MIA","RB","Out",NA,"Foot"
"2026-09-29T23:36:04Z","sleeper",NA,"Jack Strand","ATL","QB","Out",NA,"Coach's Decision"
"2026-09-29T23:36:04Z","sleeper","00-0033885","David Njoku","LAC","TE","IR",NA,"Lower Leg"
"2026-09-29T23:36:04Z","sleeper",NA,"Beaux Collins","ATL","WR","IR",NA,"Undisclosed"
"2026-09-29T23:36:04Z","sleeper",NA,"Breece Hall","NYJ","RB","Out",NA,"Thigh"
"2026-09-29T23:36:04Z","sleeper",NA,"Jameson Geers","ARI","TE","IR",NA,"Undisclosed"
"2026-09-29T23:36:04Z","sleeper","00-0035021","Ashton Dulin","IND","WR","Out",NA,"Ankle"
"2026-09-29T23:36:04Z","sleeper",NA,"Colby Parkinson","LA","TE","Questionable",NA,"Shoulder"
"2026-09-29T23:36:04Z","sleeper",NA,"Kendrick Law","DET","WR","IR",NA,"Knee - ACL"
"2026-09-30T05:01:42Z","sleeper",NA,"Adam Randall","BAL","RB","IR",NA,"Undisclosed"
"2026-09-30T05:01:42Z","sleeper",NA,"Behren Morton","NE","QB","Out",NA,"Coach's Decision"
"2026-09-30T05:01:42Z","sleeper",NA,"Jake Tonges","SF","TE","IR",NA,"Knee"
"2026-09-30T05:01:42Z","sleeper",NA,"Pierre Strong","GB","RB","Questionable",NA,"Hamstring"
"2026-09-30T05:01:42Z","sleeper",NA,"Trey Sermon","ATL","RB","IR",NA,"Undisclosed"
"2026-09-30T05:01:42Z","sleeper",NA,"Johnny Wilson","PHI","WR","IR",NA,"Knee"
"2026-09-30T05:01:42Z","sleeper",NA,"Corey Rucker","LV","WR","IR",NA,"Undisclosed"
"2026-09-30T05:01:42Z","sleeper",NA,"Rachaad White","WAS","RB","Questionable",NA,"Shoulder"
"2026-09-30T05:01:42Z","sleeper",NA,"Jayden Reed","GB","WR","Out",NA,"Neck"
"2026-09-30T05:01:42Z","sleeper",NA,"CJ Williams","JAX","WR","Out",NA,"Coach's Decision"
"2026-09-30T05:01:42Z","sleeper",NA,"CJ Daniels","LA","WR","Out",NA,"Coach's Decision"
"2026-09-30T05:01:42Z","sleeper",NA,"Jack Endries","CIN","TE","Out",NA,"Coach's Decision"
"2026-09-30T05:01:42Z","sleeper",NA,"Jaylen Waddle","DEN","WR","Questionable",NA,"Leg"
"2026-09-30T05:01:42Z","sleeper",NA,"Brenen Thompson","LAC","WR","Out",NA,"Quadriceps"
"2026-09-30T05:01:42Z","sleeper",NA,"Eli Raridon","NE","TE","Out",NA,"Thigh"
"2026-09-30T05:01:42Z","sleeper",NA,"Elijah Sarratt","BAL","WR","Out",NA,"Coach's Decision"
"2026-09-30T05:01:42Z","sleeper","00-0035250","Devin Singletary","NYG","RB","Out",NA,"Coach's Decision"
"2026-09-30T05:01:42Z","sleeper",NA,"Zach Wilson","NO","QB","Out",NA,"Coach's Decision"
"2026-09-30T05:01:42Z","sleeper",NA,"Sam Ehlinger","DEN","QB","Out",NA,"Coach's Decision"
"2026-09-30T05:01:42Z","sleeper",NA,"John Michael Gyllenborg","KC","TE","IR",NA,"Knee"
"2026-09-30T05:01:42Z","sleeper","00-0033662","Cooper Rush","ATL","QB","Out",NA,"Coach's Decision"
"2026-09-30T05:01:42Z","sleeper",NA,"Will Mallory","IND","TE","IR",NA,"Thumb"
"2026-09-30T05:01:42Z","sleeper",NA,"Isiah Pacheco","DET","RB","IR",NA,"Back"
"2026-09-30T05:01:42Z","sleeper",NA,"Trey Benson","ARI","RB","IR",NA,"Knee"
"2026-09-30T05:01:42Z","sleeper",NA,"Jimmy Holiday","KC","WR","IR",NA,"Undisclosed"
"2026-09-30T05:01:42Z","sleeper",NA,"Jake Bobo","SEA","WR","IR",NA,"Knee"
"2026-09-30T05:01:42Z","sleeper","00-0032775","Demarcus Robinson","SF","WR","IR",NA,"Ankle"
"2026-09-30T05:01:42Z","sleeper",NA,"Grant Calcaterra","PHI","TE","IR",NA,"Back"
"2026-09-30T05:01:42Z","sleeper",NA,"Calvin Austin","NYG","WR","IR",NA,"Knee"
"2026-09-30T05:01:42Z","sleeper",NA,"Jaren Kanak","TEN","TE","IR",NA,"Pectoral"
"2026-09-30T05:01:42Z","sleeper",NA,"Myles Montgomery","NE","RB","IR",NA,"Undisclosed"
"2026-09-30T05:01:42Z","sleeper",NA,"Montorie Foster","SEA","WR","Out",NA,"Coach's Decision"
"2026-09-30T05:01:42Z","sleeper",NA,"Eli Stowers","PHI","TE","IR",NA,"Hamstring"
"2026-09-30T05:01:42Z","sleeper",NA,"Jalen McMillan","TB","WR","Out",NA,"Knee - PCL"
"2026-09-30T05:01:42Z","sleeper","00-0033955","Jeremy McNichols","WAS","RB","IR",NA,"Quadriceps"
"2026-09-30T05:01:42Z","sleeper","00-0034855","Baker Mayfield","TB","QB","Out",NA,"Thumb"
"2026-09-30T05:01:42Z","sleeper","00-0033553","James Conner","ARI","RB","IR",NA,"Foot"
"2026-09-30T05:01:42Z","sleeper",NA,"Michael Carter","TEN","RB","Out",NA,"Coach's Decision"
"2026-09-30T05:01:42Z","sleeper",NA,"Isaac Guerendo","SF","RB","PUP",NA,"Pectoral"
"2026-09-30T05:01:42Z","sleeper",NA,"Carson Beck","ARI","QB","Out",NA,"Coach's Decision"
"2026-09-30T05:01:42Z","sleeper",NA,"Ricky Pearsall","SF","WR","IR",NA,"Knee - PCL"
"2026-09-30T05:01:42Z","sleeper",NA,"Nico Collins","HOU","WR","Out",NA,"Hamstring"
"2026-09-30T05:01:42Z","sleeper",NA,"Terrance Ferguson","LA","TE","Questionable",NA,"Ankle"
"2026-09-30T05:01:42Z","sleeper","00-0035249","Josh Oliver","MIN","TE","IR",NA,"Biceps"
"2026-09-30T05:01:42Z","sleeper",NA,"Jordan Mason","MIN","RB","IR",NA,"Thumb"
"2026-09-30T05:01:42Z","sleeper",NA,"Caleb Douglas","MIA","WR","Out",NA,"Ankle"
"2026-09-30T05:01:42Z","sleeper",NA,"Rico Dowdle","PIT","RB","Out",NA,"Toe"
"2026-09-30T05:01:42Z","sleeper",NA,"Mason Tipton","NO","WR","PUP",NA,"Groin"
"2026-09-30T05:01:42Z","sleeper",NA,"Caleb Lohner","DEN","TE","IR",NA,"Lower Body"
"2026-09-30T05:01:42Z","sleeper","00-0035406","Lil'Jordan Humphrey","DEN","WR","Out",NA,"Coach's Decision"
"2026-09-30T05:01:42Z","sleeper",NA,"Treyton Welch","NO","TE","Out",NA,"Coach's Decision"
"2026-09-30T05:01:42Z","sleeper",NA,"Skylar Thompson","BAL","QB","IR",NA,"Undisclosed"
"2026-09-30T05:01:42Z","sleeper",NA,"Haynes King","CAR","QB","Out",NA,"Coach's Decision"
"2026-09-30T05:01:42Z","sleeper","00-0031408","Mike Evans","SF","WR","Out",NA,"Ribs"
"2026-09-30T05:01:42Z","sleeper",NA,"Tutu Atwell","LA","WR","Out",NA,"Coach's Decision"
"2026-09-30T05:01:42Z","sleeper","00-0034611","Donnie Ernsberger","TEN","TE","Questionable",NA,NA
"2026-09-30T05:01:42Z","sleeper",NA,"Nikola Kalinic","CHI","TE","IR",NA,"Knee"
"2026-09-30T05:01:42Z","sleeper",NA,"RJ Harvey","DEN","RB","Questionable",NA,"Concussion"
"2026-09-30T05:01:42Z","sleeper",NA,"Savion Williams","GB","WR","IR",NA,"Undisclosed"
"2026-09-30T05:01:42Z","sleeper",NA,"Eli Heidenreich","PIT","RB","Out",NA,"Coach's Decision"
"2026-09-30T05:01:42Z","sleeper",NA,"Irv Charles","SEA","WR","IR",NA,"Undisclosed"
"2026-09-30T05:01:42Z","sleeper","00-0033375","Tim Patrick","NYJ","WR","IR",NA,"Groin"
"2026-09-30T05:01:42Z","sleeper",NA,"Cole Payton","PHI","QB","Out",NA,"Coach's Decision"
"2026-09-30T05:01:42Z","sleeper",NA,"Robbie Ouzts","SEA","RB","IR",NA,"Undisclosed"
"2026-09-30T05:01:42Z","sleeper",NA,"Puka Nacua","LA","WR","Out",NA,"Hip"
"2026-09-30T05:01:42Z","sleeper",NA,"Andrei Iosivas","CIN","WR","IR",NA,"Thumb"
"2026-09-30T05:01:42Z","sleeper",NA,"De'Zhaun Stribling","SF","WR","IR",NA,"Ankle"
"2026-09-30T05:01:42Z","sleeper","00-0035676","A.J. Brown","NE","WR","IR",NA,"Ankle"
"2026-09-30T05:01:42Z","sleeper","00-0035645","Gunner Olszewski","NYG","WR","IR",NA,"Achilles"
"2026-09-30T05:01:42Z","sleeper",NA,"Chris Brazzell","CAR","WR","IR",NA,"Knee"
"2026-09-30T05:01:42Z","sleeper",NA,"Alec Pierce","IND","WR","IR",NA,"Heel"
"2026-09-30T05:01:42Z","sleeper",NA,"Jaxson Dart","NYG","QB","IR",NA,"Knee - Meniscus"
"2026-09-30T05:01:42Z","sleeper",NA,"J.J. McCarthy","NYG","QB","Out",NA,"Coach's Decision"
"2026-09-30T05:01:42Z","sleeper",NA,"Jeff Caldwell","KC","WR","IR",NA,"Knee"
"2026-09-30T05:01:42Z","sleeper",NA,"Riley Leonard","IND","QB","Out",NA,"Coach's Decision"
"2026-09-30T05:01:42Z","sleeper","00-0034351","Dallas Goedert","PHI","TE","Out",NA,"Knee - MCL"
"2026-09-30T05:01:42Z","sleeper",NA,"Ollie Gordon","MIA","RB","Questionable",NA,"Undisclosed"
"2026-09-30T05:01:42Z","sleeper","00-0034439","Tyler Conklin","DET","TE","Out",NA,"Coach's Decision"
"2026-09-30T05:01:42Z","sleeper",NA,"De'Von Achane","MIA","RB","IR",NA,"Knee - ACL"
"2026-09-30T05:01:42Z","sleeper",NA,"Marvin Mims","DEN","WR","Out",NA,"Foot"
"2026-09-30T05:01:42Z","sleeper",NA,"Thomas Yassmin","GB","TE","IR",NA,"Undisclosed"
"2026-09-30T05:01:42Z","sleeper",NA,"Devin Neal","MIN","RB","Questionable",NA,"Hamstring"
"2026-09-30T05:01:42Z","sleeper",NA,"Will Howard","PIT","QB","Out",NA,"Coach's Decision"
"2026-09-30T05:01:42Z","sleeper",NA,"DJ Rogers","DAL","TE","IR",NA,"Knee"
"2026-09-30T05:01:42Z","sleeper","00-0035662","Marquise Brown","PHI","WR","Out",NA,"Ankle"
"2026-09-30T05:01:42Z","sleeper",NA,"Julian Hill","NE","TE","IR",NA,"Knee"
"2026-09-30T05:01:42Z","sleeper",NA,"Thomas Fidone","NYG","TE","Out",NA,"Coach's Decision"
"2026-09-30T05:01:42Z","sleeper",NA,"Aidan O'Connell","LV","QB","Out",NA,"Personal"
"2026-09-30T05:01:42Z","sleeper",NA,"Jack Bech","LV","WR","IR",NA,"Forearm"
"2026-09-30T05:01:42Z","sleeper",NA,"Brevin Jordan","HOU","TE","Out",NA,"Coach's Decision"
"2026-09-30T05:01:42Z","sleeper",NA,"Moliki Matavao","NO","TE","IR",NA,"Knee"
"2026-09-30T05:01:42Z","sleeper",NA,"Kurtis Rourke","SF","QB","Out",NA,"Coach's Decision"
"2026-09-30T05:01:42Z","sleeper",NA,"Jared Wiley","KC","TE","Out",NA,"Coach's Decision"
"2026-09-30T05:01:42Z","sleeper",NA,"Trevor Etienne","CAR","RB","IR",NA,"Ankle"
"2026-09-30T05:01:42Z","sleeper",NA,"Arian Smith","NYJ","WR","IR",NA,"Knee"
"2026-09-30T05:01:42Z","sleeper",NA,"Ty Simpson","LA","QB","Out",NA,"Coach's Decision"
"2026-09-30T05:01:42Z","sleeper",NA,"Brittain Brown","CHI","RB","IR",NA,"Undisclosed"
"2026-09-30T05:01:42Z","sleeper",NA,"Dont'e Thornton","LV","WR","IR",NA,"Undisclosed"
"2026-09-30T05:01:42Z","sleeper",NA,"Jeremiah Webb","NE","WR","IR",NA,"Arm"
"2026-09-30T05:01:42Z","sleeper",NA,"DJ Uiagalelei","LAC","QB","Out",NA,"Coach's Decision"
"2026-09-30T05:01:42Z","sleeper",NA,"Luke Musgrave","GB","TE","PUP",NA,"Undisclosed"
"2026-09-30T05:01:42Z","sleeper",NA,"Jordyn Tyson","NO","WR","IR",NA,"Hamstring"
"2026-09-30T05:01:42Z","sleeper",NA,"Brady Cook","MIA","QB","Out",NA,"Coach's Decision"
"2026-09-30T05:01:42Z","sleeper",NA,"Kene Nwangwu","NYJ","RB","Out",NA,"Back"
"2026-09-30T05:01:42Z","sleeper",NA,"Camden Brown","DAL","WR","Out",NA,"Coach's Decision"
"2026-09-30T05:01:42Z","sleeper",NA,"Omar Cooper","NYJ","WR","IR",NA,"Ankle"
"2026-09-30T05:01:42Z","sleeper",NA,"Ben Yurosek","MIN","TE","IR",NA,"Undisclosed"
"2026-09-30T05:01:42Z","sleeper",NA,"Travis Etienne","NO","RB","Out",NA,"Hamstring"
"2026-09-30T05:01:42Z","sleeper",NA,"Tyjae Spears","TEN","RB","Questionable",NA,"Ankle"
"2026-09-30T05:01:42Z","sleeper",NA,"Ronnie Rivers","LA","RB","IR",NA,"Calf"
"2026-09-30T05:01:42Z","sleeper",NA,"Matthew Caldwell","LA","QB","IR",NA,"Undisclosed"
"2026-09-30T05:01:42Z","sleeper",NA,"Barion Brown","NO","WR","Out",NA,"Hamstring"
"2026-09-30T05:01:42Z","sleeper",NA,"Jonathon Brooks","CAR","RB","IR",NA,"Abdomen"
"2026-09-30T05:01:42Z","sleeper",NA,"Dylan Sampson","CLE","RB","IR",NA,"Knee"
"2026-09-30T05:01:42Z","sleeper",NA,"Reggie Virgil","ARI","WR","Out",NA,"Coach's Decision"
"2026-09-30T05:01:42Z","sleeper",NA,"Dallen Bentley","DEN","TE","Out",NA,"Coach's Decision"
"2026-09-30T05:01:42Z","sleeper","00-0034775","Christian Kirk","SF","WR","IR",NA,"Calf"
"2026-09-30T05:01:42Z","sleeper",NA,"Jalen Coker","CAR","WR","Out",NA,"Quadriceps"
"2026-09-30T05:01:42Z","sleeper",NA,"Mason Taylor","NYJ","TE","Out",NA,"Thumb"
"2026-09-30T05:01:42Z","sleeper","00-0035359","David Sills","TB","WR","IR",NA,"Undisclosed"
"2026-09-30T05:01:42Z","sleeper",NA,"Carson Towt","IND","TE","IR",NA,"Undisclosed"
"2026-09-30T05:01:42Z","sleeper",NA,"Graham Mertz","HOU","QB","IR",NA,"Knee - ACL"
"2026-09-30T05:01:42Z","sleeper",NA,"Emari Demercado","DAL","RB","Out",NA,"Coach's Decision"
"2026-09-30T05:01:42Z","sleeper",NA,"Dillon Gabriel","CLE","QB","IR",NA,"Back"
"2026-09-30T05:01:42Z","sleeper",NA,"Ty Chandler","NO","RB","IR",NA,"Knee"
"2026-09-30T05:01:42Z","sleeper",NA,"Xavier Legette","CAR","WR","Out",NA,"Knee"
"2026-09-30T05:01:42Z","sleeper",NA,"Justin Shorter","LV","WR","IR",NA,"Undisclosed"
"2026-09-30T05:01:42Z","sleeper",NA,"Colbie Young","CIN","WR","Out",NA,"Knee"
"2026-09-30T05:01:42Z","sleeper","00-0034753","Mark Andrews","BAL","TE","Questionable",NA,"Hand"
"2026-09-30T05:01:42Z","sleeper",NA,"Jayden Higgins","HOU","WR","IR",NA,"Knee - ACL"
"2026-09-30T05:01:42Z","sleeper",NA,"Tylan Wallace","CLE","WR","Questionable",NA,"Knee"
"2026-09-30T05:01:42Z","sleeper",NA,"Garrett Nussmeier","KC","QB","Out",NA,"Coach's Decision"
"2026-09-30T05:01:42Z","sleeper",NA,"Justin Jefferson","MIN","WR","Out",NA,"Ankle"
"2026-09-30T05:01:42Z","sleeper",NA,"Tyrell Shavers","BUF","WR","PUP",NA,"Knee - ACL"
"2026-09-30T05:01:42Z","sleeper",NA,"Ja'Tavion Sanders","CAR","TE","Out",NA,"Coach's Decision"
"2026-09-30T05:01:42Z","sleeper",NA,"Tanner McKee","PHI","QB","Out",NA,"Coach's Decision"
"2026-09-30T05:01:42Z","sleeper","00-0035045","D.J. Montgomery","IND","WR","IR",NA,"Abdomen"
"2026-09-30T05:01:42Z","sleeper",NA,"Adonai Mitchell","NYJ","WR","Out",NA,"Finger"
"2026-09-30T05:01:42Z","sleeper",NA,"DJ Giddens","IND","RB","Out",NA,"Coach's Decision"
"2026-09-30T05:01:42Z","sleeper","00-0034857","Josh Allen","BUF","QB","Questionable",NA,"Knee"
"2026-09-30T05:01:42Z","sleeper",NA,"Kylen Granson","TEN","TE","Out",NA,"Coach's Decision"
"2026-09-30T05:01:42Z","sleeper",NA,"Brandon Aiyuk","SF","WR","Out",NA,"Knee - ACL + MCL"
"2026-09-30T05:01:42Z","sleeper",NA,"Hayden Large","CHI","TE","IR",NA,"Undisclosed"
"2026-09-30T05:01:42Z","sleeper",NA,"Jonah Coleman","DEN","RB","IR",NA,"Ankle"
"2026-09-30T05:01:42Z","sleeper",NA,"Ja'Kobi Lane","BAL","WR","IR",NA,"Wrist"
"2026-09-30T05:01:42Z","sleeper",NA,"Carter Runyon","LV","TE","IR",NA,"Undisclosed"
"2026-09-30T05:01:42Z","sleeper",NA,"Princeton Fant","DAL","TE","IR",NA,"Knee - ACL + MCL"
"2026-09-30T05:01:42Z","sleeper",NA,"Skyler Bell","BUF","WR","Out",NA,"Coach's Decision"
"2026-09-30T05:01:42Z","sleeper",NA,"Charlie Kolar","LAC","TE","Out",NA,"Forearm"
"2026-09-30T05:01:42Z","sleeper",NA,"Malik Davis","DAL","RB","IR",NA,"Hip"
"2026-09-30T05:01:42Z","sleeper",NA,"Caleb Williams","CHI","QB","Out",NA,"Hamstring"
"2026-09-30T05:01:42Z","sleeper",NA,"Tip Reiman","ARI","TE","PUP",NA,"Ankle"
"2026-09-30T05:01:42Z","sleeper",NA,"Tank Dell","HOU","WR","IR",NA,"Knee - ACL + MCL"
"2026-09-30T05:01:42Z","sleeper","00-0035535","Darius Slayton","IND","WR","Out",NA,"Coach's Decision"
"2026-09-30T05:01:42Z","sleeper",NA,"Cole Turner","MIA","TE","IR",NA,"Undisclosed"
"2026-09-30T05:01:42Z","sleeper",NA,"Jalen Milroe","SEA","QB","Out",NA,"Coach's Decision"
"2026-09-30T05:01:42Z","sleeper",NA,"Chris Collier","LV","RB","IR",NA,"Undisclosed"
"2026-09-30T05:01:42Z","sleeper",NA,"Chig Okonkwo","WAS","TE","Out",NA,"Hamstring"
"2026-09-30T05:01:42Z","sleeper",NA,"KeAndre Lambert-Smith","LAC","WR","IR",NA,"Hamstring"
"2026-09-30T05:01:42Z","sleeper",NA,"Taylen Green","CLE","QB","Out",NA,"Coach's Decision"
"2026-09-30T05:01:42Z","sleeper",NA,"Jeshaun Jones","MIN","WR","Suspended",NA,"Suspension"
"2026-09-30T05:01:42Z","sleeper",NA,"Joe Royer","CLE","TE","PUP",NA,"Personal"
"2026-09-30T05:01:42Z","sleeper",NA,"Zach Charbonnet","SEA","RB","PUP",NA,"Knee - ACL"
"2026-09-30T05:01:42Z","sleeper",NA,"Joe Fagnano","BAL","QB","Out",NA,"Coach's Decision"
"2026-09-30T05:01:42Z","sleeper",NA,"Drew Allar","PIT","QB","Out",NA,"Coach's Decision"
"2026-09-30T05:01:42Z","sleeper",NA,"Jayden Daniels","WAS","QB","Out",NA,"Elbow"
"2026-09-30T05:01:42Z","sleeper",NA,"Jaylen Wright","MIA","RB","Out",NA,"Foot"
"2026-09-30T05:01:42Z","sleeper",NA,"Jack Strand","ATL","QB","Out",NA,"Coach's Decision"
"2026-09-30T05:01:42Z","sleeper","00-0033885","David Njoku","LAC","TE","IR",NA,"Lower Leg"
"2026-09-30T05:01:42Z","sleeper",NA,"Beaux Collins","ATL","WR","IR",NA,"Undisclosed"
"2026-09-30T05:01:42Z","sleeper",NA,"Breece Hall","NYJ","RB","Out",NA,"Thigh"
"2026-09-30T05:01:42Z","sleeper",NA,"Jameson Geers","ARI","TE","IR",NA,"Undisclosed"
"2026-09-30T05:01:42Z","sleeper","00-0035021","Ashton Dulin","IND","WR","Out",NA,"Ankle"
"2026-09-30T05:01:42Z","sleeper",NA,"Colby Parkinson","LA","TE","Questionable",NA,"Shoulder"
"2026-09-30T05:01:42Z","sleeper",NA,"Kendrick Law","DET","WR","IR",NA,"Knee - ACL"
"2026-09-30T16:46:36Z","report","00-0036630","Tylan Wallace","CLE","WR",NA,"Did Not Participate In Practice","Knee"
"2026-09-30T16:46:36Z","report","00-0036139","Rico Dowdle","PIT","RB",NA,"Did Not Participate In Practice","Toe"
"2026-09-30T16:46:36Z","sleeper",NA,"Adam Randall","BAL","RB","IR",NA,"Undisclosed"
"2026-09-30T16:46:36Z","sleeper",NA,"Jake Tonges","SF","TE","IR",NA,"Knee"
"2026-09-30T16:46:36Z","sleeper",NA,"Pierre Strong","GB","RB","Questionable",NA,"Hamstring"
"2026-09-30T16:46:36Z","sleeper",NA,"Trey Sermon","ATL","RB","IR",NA,"Undisclosed"
"2026-09-30T16:46:36Z","sleeper",NA,"Johnny Wilson","PHI","WR","IR",NA,"Knee"
"2026-09-30T16:46:36Z","sleeper",NA,"Corey Rucker","LV","WR","IR",NA,"Undisclosed"
"2026-09-30T16:46:36Z","sleeper",NA,"Rachaad White","WAS","RB","Questionable",NA,"Shoulder"
"2026-09-30T16:46:36Z","sleeper",NA,"Jayden Reed","GB","WR","Out",NA,"Neck"
"2026-09-30T16:46:36Z","sleeper",NA,"Jaylen Waddle","DEN","WR","Questionable",NA,"Leg"
"2026-09-30T16:46:36Z","sleeper",NA,"Brenen Thompson","LAC","WR","Questionable",NA,"Quadriceps"
"2026-09-30T16:46:36Z","sleeper",NA,"Eli Raridon","NE","TE","Questionable",NA,"Thigh"
"2026-09-30T16:46:36Z","sleeper",NA,"John Michael Gyllenborg","KC","TE","IR",NA,"Knee"
"2026-09-30T16:46:36Z","sleeper",NA,"Will Mallory","IND","TE","IR",NA,"Thumb"
"2026-09-30T16:46:36Z","sleeper",NA,"Isiah Pacheco","DET","RB","IR",NA,"Back"
"2026-09-30T16:46:36Z","sleeper",NA,"Trey Benson","ARI","RB","IR",NA,"Knee"
"2026-09-30T16:46:36Z","sleeper",NA,"Jimmy Holiday","KC","WR","IR",NA,"Undisclosed"
"2026-09-30T16:46:36Z","sleeper",NA,"Jake Bobo","SEA","WR","IR",NA,"Knee"
"2026-09-30T16:46:36Z","sleeper","00-0032775","Demarcus Robinson","SF","WR","IR",NA,"Ankle"
"2026-09-30T16:46:36Z","sleeper",NA,"Grant Calcaterra","PHI","TE","IR",NA,"Back"
"2026-09-30T16:46:36Z","sleeper",NA,"Calvin Austin","NYG","WR","IR",NA,"Knee"
"2026-09-30T16:46:36Z","sleeper",NA,"Jaren Kanak","TEN","TE","IR",NA,"Pectoral"
"2026-09-30T16:46:36Z","sleeper",NA,"Myles Montgomery","NE","RB","IR",NA,"Undisclosed"
"2026-09-30T16:46:36Z","sleeper",NA,"Eli Stowers","PHI","TE","IR",NA,"Hamstring"
"2026-09-30T16:46:36Z","sleeper",NA,"Jalen McMillan","TB","WR","IR",NA,"Knee - PCL"
"2026-09-30T16:46:36Z","sleeper","00-0033955","Jeremy McNichols","WAS","RB","IR",NA,"Quadriceps"
"2026-09-30T16:46:36Z","sleeper","00-0034855","Baker Mayfield","TB","QB","Out",NA,"Thumb"
"2026-09-30T16:46:36Z","sleeper","00-0033553","James Conner","ARI","RB","IR",NA,"Foot"
"2026-09-30T16:46:36Z","sleeper",NA,"Isaac Guerendo","SF","RB","PUP",NA,"Pectoral"
"2026-09-30T16:46:36Z","sleeper",NA,"Ricky Pearsall","SF","WR","IR",NA,"Knee - PCL"
"2026-09-30T16:46:36Z","sleeper",NA,"Nico Collins","HOU","WR","Questionable",NA,"Hamstring"
"2026-09-30T16:46:36Z","sleeper",NA,"Terrance Ferguson","LA","TE","Doubtful",NA,"Ankle"
"2026-09-30T16:46:36Z","sleeper","00-0035249","Josh Oliver","MIN","TE","IR",NA,"Biceps"
"2026-09-30T16:46:36Z","sleeper",NA,"Jordan Mason","MIN","RB","IR",NA,"Thumb"
"2026-09-30T16:46:36Z","sleeper",NA,"Caleb Douglas","MIA","WR","Questionable",NA,"Ankle"
"2026-09-30T16:46:36Z","sleeper",NA,"Rico Dowdle","PIT","RB","Questionable",NA,"Toe"
"2026-09-30T16:46:36Z","sleeper",NA,"Mason Tipton","NO","WR","PUP",NA,"Groin"
"2026-09-30T16:46:36Z","sleeper",NA,"Caleb Lohner","DEN","TE","IR",NA,"Lower Body"
"2026-09-30T16:46:36Z","sleeper",NA,"Skylar Thompson","BAL","QB","IR",NA,"Undisclosed"
"2026-09-30T16:46:36Z","sleeper","00-0031408","Mike Evans","SF","WR","Questionable",NA,"Ribs"
"2026-09-30T16:46:36Z","sleeper","00-0034611","Donnie Ernsberger","TEN","TE","Questionable",NA,NA
"2026-09-30T16:46:36Z","sleeper",NA,"Nikola Kalinic","CHI","TE","IR",NA,"Knee"
"2026-09-30T16:46:36Z","sleeper",NA,"Savion Williams","GB","WR","IR",NA,"Undisclosed"
"2026-09-30T16:46:36Z","sleeper",NA,"Irv Charles","SEA","WR","IR",NA,"Undisclosed"
"2026-09-30T16:46:36Z","sleeper","00-0033375","Tim Patrick","NYJ","WR","IR",NA,"Groin"
"2026-09-30T16:46:36Z","sleeper",NA,"Cole Payton","PHI","QB","Out",NA,"Coach's Decision"
"2026-09-30T16:46:36Z","sleeper",NA,"Robbie Ouzts","SEA","RB","IR",NA,"Undisclosed"
"2026-09-30T16:46:36Z","sleeper",NA,"Puka Nacua","LA","WR","Questionable",NA,"Hip"
"2026-09-30T16:46:36Z","sleeper",NA,"Andrei Iosivas","CIN","WR","IR",NA,"Thumb"
"2026-09-30T16:46:36Z","sleeper",NA,"De'Zhaun Stribling","SF","WR","IR",NA,"Ankle"
"2026-09-30T16:46:36Z","sleeper","00-0035676","A.J. Brown","NE","WR","IR",NA,"Ankle"
"2026-09-30T16:46:36Z","sleeper","00-0035645","Gunner Olszewski","NYG","WR","IR",NA,"Achilles"
"2026-09-30T16:46:36Z","sleeper",NA,"Chris Brazzell","CAR","WR","IR",NA,"Knee"
"2026-09-30T16:46:36Z","sleeper",NA,"Alec Pierce","IND","WR","IR",NA,"Heel"
"2026-09-30T16:46:36Z","sleeper",NA,"Jaxson Dart","NYG","QB","IR",NA,"Knee - Meniscus"
"2026-09-30T16:46:36Z","sleeper",NA,"Jeff Caldwell","KC","WR","IR",NA,"Knee"
"2026-09-30T16:46:36Z","sleeper","00-0034351","Dallas Goedert","PHI","TE","Doubtful",NA,"Knee - MCL"
"2026-09-30T16:46:36Z","sleeper",NA,"De'Von Achane","MIA","RB","IR",NA,"Knee - ACL"
"2026-09-30T16:46:36Z","sleeper",NA,"Marvin Mims","DEN","WR","Questionable",NA,"Foot"
"2026-09-30T16:46:36Z","sleeper",NA,"Thomas Yassmin","GB","TE","IR",NA,"Undisclosed"
"2026-09-30T16:46:36Z","sleeper",NA,"DJ Rogers","DAL","TE","IR",NA,"Knee"
"2026-09-30T16:46:36Z","sleeper","00-0035662","Marquise Brown","PHI","WR","Questionable",NA,"Ankle"
"2026-09-30T16:46:36Z","sleeper",NA,"Julian Hill","NE","TE","IR",NA,"Knee"
"2026-09-30T16:46:36Z","sleeper",NA,"Aidan O'Connell","LV","QB","Questionable",NA,"Personal"
"2026-09-30T16:46:36Z","sleeper",NA,"Jack Bech","LV","WR","IR",NA,"Forearm"
"2026-09-30T16:46:36Z","sleeper",NA,"Moliki Matavao","NO","TE","IR",NA,"Knee"
"2026-09-30T16:46:36Z","sleeper",NA,"Trevor Etienne","CAR","RB","IR",NA,"Ankle"
"2026-09-30T16:46:36Z","sleeper",NA,"Arian Smith","NYJ","WR","IR",NA,"Knee"
"2026-09-30T16:46:36Z","sleeper",NA,"Brittain Brown","CHI","RB","IR",NA,"Undisclosed"
"2026-09-30T16:46:36Z","sleeper",NA,"Dont'e Thornton","LV","WR","IR",NA,"Undisclosed"
"2026-09-30T16:46:36Z","sleeper",NA,"Jeremiah Webb","NE","WR","IR",NA,"Arm"
"2026-09-30T16:46:36Z","sleeper",NA,"Luke Musgrave","GB","TE","PUP",NA,"Undisclosed"
"2026-09-30T16:46:36Z","sleeper",NA,"Jordyn Tyson","NO","WR","IR",NA,"Hamstring"
"2026-09-30T16:46:36Z","sleeper",NA,"Kene Nwangwu","NYJ","RB","Questionable",NA,"Back"
"2026-09-30T16:46:36Z","sleeper",NA,"Omar Cooper","NYJ","WR","IR",NA,"Ankle"
"2026-09-30T16:46:36Z","sleeper",NA,"Ben Yurosek","MIN","TE","IR",NA,"Undisclosed"
"2026-09-30T16:46:36Z","sleeper",NA,"Travis Etienne","NO","RB","Out",NA,"Hamstring"
"2026-09-30T16:46:36Z","sleeper",NA,"Ronnie Rivers","LA","RB","IR",NA,"Calf"
"2026-09-30T16:46:36Z","sleeper",NA,"Matthew Caldwell","LA","QB","IR",NA,"Undisclosed"
"2026-09-30T16:46:36Z","sleeper",NA,"Barion Brown","NO","WR","Questionable",NA,"Hamstring"
"2026-09-30T16:46:36Z","sleeper",NA,"Jonathon Brooks","CAR","RB","IR",NA,"Abdomen"
"2026-09-30T16:46:36Z","sleeper",NA,"Dylan Sampson","CLE","RB","IR",NA,"Knee"
"2026-09-30T16:46:36Z","sleeper","00-0034775","Christian Kirk","SF","WR","IR",NA,"Calf"
"2026-09-30T16:46:36Z","sleeper",NA,"Jalen Coker","CAR","WR","Questionable",NA,"Quadriceps"
"2026-09-30T16:46:36Z","sleeper",NA,"Mason Taylor","NYJ","TE","Doubtful",NA,"Thumb"
"2026-09-30T16:46:36Z","sleeper","00-0035359","David Sills","TB","WR","IR",NA,"Undisclosed"
"2026-09-30T16:46:36Z","sleeper",NA,"Carson Towt","IND","TE","IR",NA,"Undisclosed"
"2026-09-30T16:46:36Z","sleeper",NA,"Graham Mertz","HOU","QB","IR",NA,"Knee - ACL"
"2026-09-30T16:46:36Z","sleeper",NA,"Dillon Gabriel","CLE","QB","IR",NA,"Back"
"2026-09-30T16:46:36Z","sleeper",NA,"Ty Chandler","NO","RB","IR",NA,"Knee"
"2026-09-30T16:46:36Z","sleeper",NA,"Xavier Legette","CAR","WR","Questionable",NA,"Knee"
"2026-09-30T16:46:36Z","sleeper",NA,"Colbie Young","CIN","WR","Out",NA,"Knee"
"2026-09-30T16:46:36Z","sleeper",NA,"Jayden Higgins","HOU","WR","IR",NA,"Knee - ACL"
"2026-09-30T16:46:36Z","sleeper",NA,"Tylan Wallace","CLE","WR","Questionable",NA,"Knee"
"2026-09-30T16:46:36Z","sleeper",NA,"Justin Jefferson","MIN","WR","Questionable",NA,"Ankle"
"2026-09-30T16:46:36Z","sleeper",NA,"Tyrell Shavers","BUF","WR","PUP",NA,"Knee - ACL"
"2026-09-30T16:46:36Z","sleeper",NA,"Tanner McKee","PHI","QB","Out",NA,"Coach's Decision"
"2026-09-30T16:46:36Z","sleeper","00-0035045","D.J. Montgomery","IND","WR","IR",NA,"Abdomen"
"2026-09-30T16:46:36Z","sleeper",NA,"Adonai Mitchell","NYJ","WR","Doubtful",NA,"Finger"
"2026-09-30T16:46:36Z","sleeper","00-0034857","Josh Allen","BUF","QB","Questionable",NA,"Knee"
"2026-09-30T16:46:36Z","sleeper",NA,"Brandon Aiyuk","SF","WR","Out",NA,"Knee - ACL + MCL"
"2026-09-30T16:46:36Z","sleeper",NA,"Hayden Large","CHI","TE","IR",NA,"Undisclosed"
"2026-09-30T16:46:36Z","sleeper",NA,"Jonah Coleman","DEN","RB","IR",NA,"Ankle"
"2026-09-30T16:46:36Z","sleeper",NA,"Ja'Kobi Lane","BAL","WR","IR",NA,"Wrist"
"2026-09-30T16:46:36Z","sleeper",NA,"Carter Runyon","LV","TE","IR",NA,"Undisclosed"
"2026-09-30T16:46:36Z","sleeper",NA,"Princeton Fant","DAL","TE","IR",NA,"Knee - ACL + MCL"
"2026-09-30T16:46:36Z","sleeper",NA,"Charlie Kolar","LAC","TE","Doubtful",NA,"Forearm"
"2026-09-30T16:46:36Z","sleeper",NA,"Malik Davis","DAL","RB","IR",NA,"Hip"
"2026-09-30T16:46:36Z","sleeper",NA,"Caleb Williams","CHI","QB","Doubtful",NA,"Hamstring"
"2026-09-30T16:46:36Z","sleeper",NA,"Tip Reiman","ARI","TE","PUP",NA,"Ankle"
"2026-09-30T16:46:36Z","sleeper",NA,"Tank Dell","HOU","WR","IR",NA,"Knee - ACL + MCL"
"2026-09-30T16:46:36Z","sleeper",NA,"Cole Turner","MIA","TE","IR",NA,"Undisclosed"
"2026-09-30T16:46:36Z","sleeper",NA,"Chris Collier","LV","RB","IR",NA,"Undisclosed"
"2026-09-30T16:46:36Z","sleeper",NA,"Chig Okonkwo","WAS","TE","Questionable",NA,"Hamstring"
"2026-09-30T16:46:36Z","sleeper",NA,"KeAndre Lambert-Smith","LAC","WR","IR",NA,"Hamstring"
"2026-09-30T16:46:36Z","sleeper",NA,"Joe Royer","CLE","TE","PUP",NA,"Personal"
"2026-09-30T16:46:36Z","sleeper",NA,"Zach Charbonnet","SEA","RB","PUP",NA,"Knee - ACL"
"2026-09-30T16:46:36Z","sleeper",NA,"Jayden Daniels","WAS","QB","Questionable",NA,"Elbow"
"2026-09-30T16:46:36Z","sleeper",NA,"Jaylen Wright","MIA","RB","Questionable",NA,"Foot"
"2026-09-30T16:46:36Z","sleeper","00-0033885","David Njoku","LAC","TE","IR",NA,"Lower Leg"
"2026-09-30T16:46:36Z","sleeper",NA,"Beaux Collins","ATL","WR","IR",NA,"Undisclosed"
"2026-09-30T16:46:36Z","sleeper",NA,"Breece Hall","NYJ","RB","Doubtful",NA,"Thigh"
"2026-09-30T16:46:36Z","sleeper",NA,"Jameson Geers","ARI","TE","IR",NA,"Undisclosed"
"2026-09-30T16:46:36Z","sleeper","00-0035021","Ashton Dulin","IND","WR","Questionable",NA,"Ankle"
"2026-09-30T16:46:36Z","sleeper",NA,"Colby Parkinson","LA","TE","Questionable",NA,"Shoulder"
"2026-09-30T16:46:36Z","sleeper",NA,"Kendrick Law","DET","WR","IR",NA,"Knee - ACL"
"2026-09-30T19:17:51Z","report","00-0036630","Tylan Wallace","CLE","WR",NA,"Did Not Participate In Practice","Knee"
"2026-09-30T19:17:51Z","report","00-0036139","Rico Dowdle","PIT","RB",NA,"Did Not Participate In Practice","Toe"
"2026-09-30T19:17:51Z","sleeper",NA,"Adam Randall","BAL","RB","IR",NA,"Undisclosed"
"2026-09-30T19:17:51Z","sleeper",NA,"Jake Tonges","SF","TE","IR",NA,"Knee"
"2026-09-30T19:17:51Z","sleeper",NA,"Pierre Strong","GB","RB","Questionable",NA,"Hamstring"
"2026-09-30T19:17:51Z","sleeper",NA,"Trey Sermon","ATL","RB","IR",NA,"Undisclosed"
"2026-09-30T19:17:51Z","sleeper",NA,"Johnny Wilson","PHI","WR","IR",NA,"Knee"
"2026-09-30T19:17:51Z","sleeper",NA,"Corey Rucker","LV","WR","IR",NA,"Undisclosed"
"2026-09-30T19:17:51Z","sleeper",NA,"Rachaad White","WAS","RB","Questionable",NA,"Shoulder"
"2026-09-30T19:17:51Z","sleeper",NA,"Jayden Reed","GB","WR","Out",NA,"Neck"
"2026-09-30T19:17:51Z","sleeper",NA,"Jaylen Waddle","DEN","WR","Questionable",NA,"Leg"
"2026-09-30T19:17:51Z","sleeper",NA,"Brenen Thompson","LAC","WR","Questionable",NA,"Quadriceps"
"2026-09-30T19:17:51Z","sleeper",NA,"Eli Raridon","NE","TE","Questionable",NA,"Thigh"
"2026-09-30T19:17:51Z","sleeper",NA,"John Michael Gyllenborg","KC","TE","IR",NA,"Knee"
"2026-09-30T19:17:51Z","sleeper",NA,"Will Mallory","IND","TE","IR",NA,"Thumb"
"2026-09-30T19:17:51Z","sleeper",NA,"Isiah Pacheco","DET","RB","IR",NA,"Back"
"2026-09-30T19:17:51Z","sleeper",NA,"Trey Benson","ARI","RB","IR",NA,"Knee"
"2026-09-30T19:17:51Z","sleeper",NA,"Jimmy Holiday","KC","WR","IR",NA,"Undisclosed"
"2026-09-30T19:17:51Z","sleeper",NA,"Jake Bobo","SEA","WR","IR",NA,"Knee"
"2026-09-30T19:17:51Z","sleeper","00-0032775","Demarcus Robinson","SF","WR","IR",NA,"Ankle"
"2026-09-30T19:17:51Z","sleeper",NA,"Grant Calcaterra","PHI","TE","IR",NA,"Back"
"2026-09-30T19:17:51Z","sleeper",NA,"Calvin Austin","NYG","WR","IR",NA,"Knee"
"2026-09-30T19:17:51Z","sleeper",NA,"Jaren Kanak","TEN","TE","IR",NA,"Pectoral"
"2026-09-30T19:17:51Z","sleeper",NA,"Myles Montgomery","NE","RB","IR",NA,"Undisclosed"
"2026-09-30T19:17:51Z","sleeper",NA,"Eli Stowers","PHI","TE","IR",NA,"Hamstring"
"2026-09-30T19:17:51Z","sleeper",NA,"Jalen McMillan","TB","WR","IR",NA,"Knee - PCL"
"2026-09-30T19:17:51Z","sleeper","00-0033955","Jeremy McNichols","WAS","RB","IR",NA,"Quadriceps"
"2026-09-30T19:17:51Z","sleeper","00-0034855","Baker Mayfield","TB","QB","Out",NA,"Thumb"
"2026-09-30T19:17:51Z","sleeper","00-0033553","James Conner","ARI","RB","IR",NA,"Foot"
"2026-09-30T19:17:51Z","sleeper",NA,"Kenyon Sadiq","NYJ","TE","Questionable",NA,"Undisclosed"
"2026-09-30T19:17:51Z","sleeper",NA,"Isaac Guerendo","SF","RB","PUP",NA,"Pectoral"
"2026-09-30T19:17:51Z","sleeper",NA,"Ricky Pearsall","SF","WR","IR",NA,"Knee - PCL"
"2026-09-30T19:17:51Z","sleeper",NA,"Nico Collins","HOU","WR","Questionable",NA,"Hamstring"
"2026-09-30T19:17:51Z","sleeper",NA,"Terrance Ferguson","LA","TE","Doubtful",NA,"Ankle"
"2026-09-30T19:17:51Z","sleeper","00-0035249","Josh Oliver","MIN","TE","IR",NA,"Biceps"
"2026-09-30T19:17:51Z","sleeper",NA,"Jordan Mason","MIN","RB","IR",NA,"Thumb"
"2026-09-30T19:17:51Z","sleeper",NA,"Caleb Douglas","MIA","WR","Questionable",NA,"Ankle"
"2026-09-30T19:17:51Z","sleeper",NA,"Rico Dowdle","PIT","RB","Questionable",NA,"Toe"
"2026-09-30T19:17:51Z","sleeper",NA,"Mason Tipton","NO","WR","PUP",NA,"Groin"
"2026-09-30T19:17:51Z","sleeper",NA,"Caleb Lohner","DEN","TE","IR",NA,"Lower Body"
"2026-09-30T19:17:51Z","sleeper",NA,"Skylar Thompson","BAL","QB","IR",NA,"Undisclosed"
"2026-09-30T19:17:51Z","sleeper","00-0031408","Mike Evans","SF","WR","Questionable",NA,"Ribs"
"2026-09-30T19:17:51Z","sleeper","00-0034611","Donnie Ernsberger","TEN","TE","Questionable",NA,NA
"2026-09-30T19:17:51Z","sleeper",NA,"Nikola Kalinic","CHI","TE","IR",NA,"Knee"
"2026-09-30T19:17:51Z","sleeper",NA,"Savion Williams","GB","WR","IR",NA,"Undisclosed"
"2026-09-30T19:17:51Z","sleeper",NA,"Irv Charles","SEA","WR","IR",NA,"Undisclosed"
"2026-09-30T19:17:51Z","sleeper","00-0033375","Tim Patrick","NYJ","WR","IR",NA,"Groin"
"2026-09-30T19:17:51Z","sleeper",NA,"Cole Payton","PHI","QB","Out",NA,"Coach's Decision"
"2026-09-30T19:17:51Z","sleeper",NA,"Robbie Ouzts","SEA","RB","IR",NA,"Undisclosed"
"2026-09-30T19:17:51Z","sleeper",NA,"Puka Nacua","LA","WR","Questionable",NA,"Hip"
"2026-09-30T19:17:51Z","sleeper",NA,"Andrei Iosivas","CIN","WR","IR",NA,"Thumb"
"2026-09-30T19:17:51Z","sleeper",NA,"De'Zhaun Stribling","SF","WR","IR",NA,"Ankle"
"2026-09-30T19:17:51Z","sleeper","00-0035676","A.J. Brown","NE","WR","IR",NA,"Ankle"
"2026-09-30T19:17:51Z","sleeper","00-0035645","Gunner Olszewski","NYG","WR","IR",NA,"Achilles"
"2026-09-30T19:17:51Z","sleeper","00-0035261","Tony Pollard","TEN","RB","Questionable",NA,"Ankle"
"2026-09-30T19:17:51Z","sleeper",NA,"Chris Brazzell","CAR","WR","IR",NA,"Knee"
"2026-09-30T19:17:51Z","sleeper",NA,"Alec Pierce","IND","WR","IR",NA,"Heel"
"2026-09-30T19:17:51Z","sleeper",NA,"Jaxson Dart","NYG","QB","IR",NA,"Knee - Meniscus"
"2026-09-30T19:17:51Z","sleeper",NA,"Jeff Caldwell","KC","WR","IR",NA,"Knee"
"2026-09-30T19:17:51Z","sleeper","00-0034351","Dallas Goedert","PHI","TE","Doubtful",NA,"Knee - MCL"
"2026-09-30T19:17:51Z","sleeper",NA,"De'Von Achane","MIA","RB","IR",NA,"Knee - ACL"
"2026-09-30T19:17:51Z","sleeper",NA,"Marvin Mims","DEN","WR","Questionable",NA,"Foot"
"2026-09-30T19:17:51Z","sleeper",NA,"Thomas Yassmin","GB","TE","IR",NA,"Undisclosed"
"2026-09-30T19:17:51Z","sleeper",NA,"DJ Rogers","DAL","TE","IR",NA,"Knee"
"2026-09-30T19:17:51Z","sleeper","00-0035662","Marquise Brown","PHI","WR","Questionable",NA,"Ankle"
"2026-09-30T19:17:51Z","sleeper",NA,"Julian Hill","NE","TE","IR",NA,"Knee"
"2026-09-30T19:17:51Z","sleeper",NA,"Aidan O'Connell","LV","QB","Questionable",NA,"Personal"
"2026-09-30T19:17:51Z","sleeper",NA,"Jack Bech","LV","WR","IR",NA,"Forearm"
"2026-09-30T19:17:51Z","sleeper",NA,"Moliki Matavao","NO","TE","IR",NA,"Knee"
"2026-09-30T19:17:51Z","sleeper",NA,"Trevor Etienne","CAR","RB","IR",NA,"Ankle"
"2026-09-30T19:17:51Z","sleeper",NA,"Arian Smith","NYJ","WR","IR",NA,"Knee"
"2026-09-30T19:17:51Z","sleeper",NA,"Brittain Brown","CHI","RB","IR",NA,"Undisclosed"
"2026-09-30T19:17:51Z","sleeper",NA,"Dont'e Thornton","LV","WR","IR",NA,"Undisclosed"
"2026-09-30T19:17:51Z","sleeper",NA,"Jeremiah Webb","NE","WR","IR",NA,"Arm"
"2026-09-30T19:17:51Z","sleeper",NA,"Luke Musgrave","GB","TE","PUP",NA,"Undisclosed"
"2026-09-30T19:17:51Z","sleeper",NA,"Jordyn Tyson","NO","WR","IR",NA,"Hamstring"
"2026-09-30T19:17:51Z","sleeper",NA,"Kene Nwangwu","NYJ","RB","Questionable",NA,"Back"
"2026-09-30T19:17:51Z","sleeper",NA,"Omar Cooper","NYJ","WR","IR",NA,"Ankle"
"2026-09-30T19:17:51Z","sleeper",NA,"Ben Yurosek","MIN","TE","IR",NA,"Undisclosed"
"2026-09-30T19:17:51Z","sleeper",NA,"Travis Etienne","NO","RB","Out",NA,"Hamstring"
"2026-09-30T19:17:51Z","sleeper",NA,"Tyjae Spears","TEN","RB","Questionable",NA,"Ankle"
"2026-09-30T19:17:51Z","sleeper",NA,"Ronnie Rivers","LA","RB","IR",NA,"Calf"
"2026-09-30T19:17:51Z","sleeper",NA,"Matthew Caldwell","LA","QB","IR",NA,"Undisclosed"
"2026-09-30T19:17:51Z","sleeper",NA,"Barion Brown","NO","WR","Questionable",NA,"Hamstring"
"2026-09-30T19:17:51Z","sleeper",NA,"Jonathon Brooks","CAR","RB","IR",NA,"Abdomen"
"2026-09-30T19:17:51Z","sleeper",NA,"Dylan Sampson","CLE","RB","IR",NA,"Knee"
"2026-09-30T19:17:51Z","sleeper","00-0034775","Christian Kirk","SF","WR","IR",NA,"Calf"
"2026-09-30T19:17:51Z","sleeper",NA,"Jalen Coker","CAR","WR","Questionable",NA,"Quadriceps"
"2026-09-30T19:17:51Z","sleeper",NA,"Mason Taylor","NYJ","TE","Doubtful",NA,"Thumb"
"2026-09-30T19:17:51Z","sleeper","00-0035359","David Sills","TB","WR","IR",NA,"Undisclosed"
"2026-09-30T19:17:51Z","sleeper",NA,"Carson Towt","IND","TE","IR",NA,"Undisclosed"
"2026-09-30T19:17:51Z","sleeper",NA,"Graham Mertz","HOU","QB","IR",NA,"Knee - ACL"
"2026-09-30T19:17:51Z","sleeper",NA,"Dillon Gabriel","CLE","QB","IR",NA,"Back"
"2026-09-30T19:17:51Z","sleeper",NA,"Ty Chandler","NO","RB","IR",NA,"Knee"
"2026-09-30T19:17:51Z","sleeper",NA,"Xavier Legette","CAR","WR","Questionable",NA,"Knee"
"2026-09-30T19:17:51Z","sleeper",NA,"Colbie Young","CIN","WR","Out",NA,"Knee"
"2026-09-30T19:17:51Z","sleeper",NA,"Jayden Higgins","HOU","WR","IR",NA,"Knee - ACL"
"2026-09-30T19:17:51Z","sleeper",NA,"Tylan Wallace","CLE","WR","Questionable",NA,"Knee"
"2026-09-30T19:17:51Z","sleeper",NA,"Justin Jefferson","MIN","WR","Questionable",NA,"Ankle"
"2026-09-30T19:17:51Z","sleeper",NA,"Tyrell Shavers","BUF","WR","PUP",NA,"Knee - ACL"
"2026-09-30T19:17:51Z","sleeper",NA,"Tanner McKee","PHI","QB","Out",NA,"Coach's Decision"
"2026-09-30T19:17:51Z","sleeper","00-0035045","D.J. Montgomery","IND","WR","IR",NA,"Abdomen"
"2026-09-30T19:17:51Z","sleeper",NA,"Adonai Mitchell","NYJ","WR","Doubtful",NA,"Finger"
"2026-09-30T19:17:51Z","sleeper","00-0034857","Josh Allen","BUF","QB","Questionable",NA,"Knee"
"2026-09-30T19:17:51Z","sleeper",NA,"Brandon Aiyuk","SF","WR","Out",NA,"Knee - ACL + MCL"
"2026-09-30T19:17:51Z","sleeper",NA,"Hayden Large","CHI","TE","IR",NA,"Undisclosed"
"2026-09-30T19:17:51Z","sleeper",NA,"Jonah Coleman","DEN","RB","IR",NA,"Ankle"
"2026-09-30T19:17:51Z","sleeper",NA,"Ja'Kobi Lane","BAL","WR","IR",NA,"Wrist"
"2026-09-30T19:17:51Z","sleeper",NA,"Carter Runyon","LV","TE","IR",NA,"Undisclosed"
"2026-09-30T19:17:51Z","sleeper",NA,"Princeton Fant","DAL","TE","IR",NA,"Knee - ACL + MCL"
"2026-09-30T19:17:51Z","sleeper",NA,"Charlie Kolar","LAC","TE","Doubtful",NA,"Forearm"
"2026-09-30T19:17:51Z","sleeper",NA,"Malik Davis","DAL","RB","IR",NA,"Hip"
"2026-09-30T19:17:51Z","sleeper",NA,"Caleb Williams","CHI","QB","Doubtful",NA,"Hamstring"
"2026-09-30T19:17:51Z","sleeper",NA,"Tip Reiman","ARI","TE","PUP",NA,"Ankle"
"2026-09-30T19:17:51Z","sleeper",NA,"Tank Dell","HOU","WR","IR",NA,"Knee - ACL + MCL"
"2026-09-30T19:17:51Z","sleeper",NA,"Cole Turner","MIA","TE","IR",NA,"Undisclosed"
"2026-09-30T19:17:51Z","sleeper",NA,"Chris Collier","LV","RB","IR",NA,"Undisclosed"
"2026-09-30T19:17:51Z","sleeper",NA,"Chig Okonkwo","WAS","TE","Questionable",NA,"Hamstring"
"2026-09-30T19:17:51Z","sleeper",NA,"KeAndre Lambert-Smith","LAC","WR","IR",NA,"Hamstring"
"2026-09-30T19:17:51Z","sleeper",NA,"Joe Royer","CLE","TE","PUP",NA,"Personal"
"2026-09-30T19:17:51Z","sleeper",NA,"Zach Charbonnet","SEA","RB","PUP",NA,"Knee - ACL"
"2026-09-30T19:17:51Z","sleeper",NA,"Jayden Daniels","WAS","QB","Questionable",NA,"Elbow"
"2026-09-30T19:17:51Z","sleeper",NA,"Jaylen Wright","MIA","RB","Questionable",NA,"Foot"
"2026-09-30T19:17:51Z","sleeper","00-0033885","David Njoku","LAC","TE","IR",NA,"Lower Leg"
"2026-09-30T19:17:51Z","sleeper",NA,"Beaux Collins","ATL","WR","IR",NA,"Undisclosed"
"2026-09-30T19:17:51Z","sleeper",NA,"Breece Hall","NYJ","RB","Doubtful",NA,"Thigh"
"2026-09-30T19:17:51Z","sleeper",NA,"Jameson Geers","ARI","TE","IR",NA,"Undisclosed"
"2026-09-30T19:17:51Z","sleeper","00-0035021","Ashton Dulin","IND","WR","Questionable",NA,"Ankle"
"2026-09-30T19:17:51Z","sleeper",NA,"Colby Parkinson","LA","TE","Questionable",NA,"Shoulder"
"2026-09-30T19:17:51Z","sleeper",NA,"Kendrick Law","DET","WR","IR",NA,"Knee - ACL"
