"pulled_at","game_id","event_id","commence_time","market","player","n_books","line","p_over","med_est","line_min","line_max","p_td_raw"
"2026-09-29T20:49:03Z","2026_04_DEN_SF","a7e7efb75a9792ac63480ae6328dca18","2026-10-04T20:25:00Z","player_pass_tds","Bo Nix",1,1.5,0.436529933481153,1.5,1.5,1.5,NA
"2026-09-29T20:49:03Z","2026_04_DEN_SF","a7e7efb75a9792ac63480ae6328dca18","2026-10-04T20:25:00Z","player_pass_tds","Brock Purdy",1,1.5,0.475915221579961,1.5,1.5,1.5,NA
"2026-09-29T20:49:03Z","2026_04_DEN_SF","a7e7efb75a9792ac63480ae6328dca18","2026-10-04T20:25:00Z","player_pass_yds","Bo Nix",1,221.5,0.5,221.5,221.5,221.5,NA
"2026-09-29T20:49:03Z","2026_04_DEN_SF","a7e7efb75a9792ac63480ae6328dca18","2026-10-04T20:25:00Z","player_pass_yds","Brock Purdy",1,229.5,0.5,229.5,229.5,229.5,NA
"2026-09-29T20:49:03Z","2026_04_DEN_SF","a7e7efb75a9792ac63480ae6328dca18","2026-10-04T20:25:00Z","player_reception_yds","Christian McCaffrey",4,39.5,0.500289207556623,39.5,38.5,39.5,NA
"2026-09-29T20:49:03Z","2026_04_DEN_SF","a7e7efb75a9792ac63480ae6328dca18","2026-10-04T20:25:00Z","player_reception_yds","Courtland Sutton",1,38.5,0.5,38.5,38.5,38.5,NA
"2026-09-29T20:49:03Z","2026_04_DEN_SF","a7e7efb75a9792ac63480ae6328dca18","2026-10-04T20:25:00Z","player_reception_yds","George Kittle",4,64.5,0.5,64.5,60.5,69.5,NA
"2026-09-29T20:49:03Z","2026_04_DEN_SF","a7e7efb75a9792ac63480ae6328dca18","2026-10-04T20:25:00Z","player_reception_yds","Jaylen Waddle",1,56.5,0.5,56.5,56.5,56.5,NA
"2026-09-29T20:49:03Z","2026_04_DEN_SF","a7e7efb75a9792ac63480ae6328dca18","2026-10-04T20:25:00Z","player_reception_yds","Pat Bryant",1,20.5,0.5,20.5,20.5,20.5,NA
"2026-09-29T20:49:03Z","2026_04_DEN_SF","a7e7efb75a9792ac63480ae6328dca18","2026-10-04T20:25:00Z","player_reception_yds","RJ Harvey",1,21.5,0.5,21.5,21.5,21.5,NA
"2026-09-29T20:49:03Z","2026_04_DEN_SF","a7e7efb75a9792ac63480ae6328dca18","2026-10-04T20:25:00Z","player_receptions","Christian McCaffrey",3,4.5,0.514183822337494,4.5,4.5,4.5,NA
"2026-09-29T20:49:03Z","2026_04_DEN_SF","a7e7efb75a9792ac63480ae6328dca18","2026-10-04T20:25:00Z","player_receptions","Courtland Sutton",1,3.5,0.436529933481153,3.5,3.5,3.5,NA
"2026-09-29T20:49:03Z","2026_04_DEN_SF","a7e7efb75a9792ac63480ae6328dca18","2026-10-04T20:25:00Z","player_receptions","George Kittle",1,4.5,0.558530333238394,4.5,4.5,4.5,NA
"2026-09-29T20:49:03Z","2026_04_DEN_SF","a7e7efb75a9792ac63480ae6328dca18","2026-10-04T20:25:00Z","player_receptions","Jaylen Waddle",1,4.5,0.458115183246073,4.5,4.5,4.5,NA
"2026-09-29T20:49:03Z","2026_04_DEN_SF","a7e7efb75a9792ac63480ae6328dca18","2026-10-04T20:25:00Z","player_receptions","Pat Bryant",1,2.5,0.428258415775845,2.5,2.5,2.5,NA
"2026-09-29T20:49:03Z","2026_04_DEN_SF","a7e7efb75a9792ac63480ae6328dca18","2026-10-04T20:25:00Z","player_receptions","RJ Harvey",1,3.5,0.462092731829574,3.5,3.5,3.5,NA
"2026-09-29T20:49:03Z","2026_04_DEN_SF","a7e7efb75a9792ac63480ae6328dca18","2026-10-04T20:25:00Z","player_rush_yds","Bo Nix",1,19.5,0.5,19.5,19.5,19.5,NA
"2026-09-29T20:49:03Z","2026_04_DEN_SF","a7e7efb75a9792ac63480ae6328dca18","2026-10-04T20:25:00Z","player_rush_yds","Brock Purdy",1,16.5,0.5,16.5,16.5,16.5,NA
"2026-09-29T20:49:03Z","2026_04_DEN_SF","a7e7efb75a9792ac63480ae6328dca18","2026-10-04T20:25:00Z","player_rush_yds","Christian McCaffrey",1,65.5,0.5,65.5,65.5,65.5,NA
"2026-09-29T20:49:03Z","2026_04_DEN_SF","a7e7efb75a9792ac63480ae6328dca18","2026-10-04T20:25:00Z","player_rush_yds","J.K. Dobbins",1,65.5,0.5,65.5,65.5,65.5,NA
"2026-09-29T20:49:03Z","2026_04_DEN_SF","a7e7efb75a9792ac63480ae6328dca18","2026-10-04T20:25:00Z","player_rush_yds","Kaelon Black",1,23.5,0.5,23.5,23.5,23.5,NA
"2026-09-29T20:49:03Z","2026_04_DET_CAR","a73a76599a4f3422803e57bd8f61b626","2026-10-05T00:20:00Z","player_pass_attempts","Jared Goff",2,34.5,0.509879265763779,34.5,34.5,34.5,NA
"2026-09-29T20:49:03Z","2026_04_DET_CAR","a73a76599a4f3422803e57bd8f61b626","2026-10-05T00:20:00Z","player_pass_interceptions","Bryce Young",1,0.5,0.538677151866703,0.5,0.5,0.5,NA
"2026-09-29T20:49:03Z","2026_04_DET_CAR","a73a76599a4f3422803e57bd8f61b626","2026-10-05T00:20:00Z","player_pass_interceptions","Jared Goff",1,0.5,0.425427069645204,0.5,0.5,0.5,NA
"2026-09-29T20:49:03Z","2026_04_DET_CAR","a73a76599a4f3422803e57bd8f61b626","2026-10-05T00:20:00Z","player_pass_tds","Bryce Young",5,1.5,0.498544370354557,1.5,1.5,1.5,NA
"2026-09-29T20:49:03Z","2026_04_DET_CAR","a73a76599a4f3422803e57bd8f61b626","2026-10-05T00:20:00Z","player_pass_tds","Jared Goff",5,1.5,0.602649006622517,1.5,1.5,1.5,NA
"2026-09-29T20:49:03Z","2026_04_DET_CAR","a73a76599a4f3422803e57bd8f61b626","2026-10-05T00:20:00Z","player_pass_yds","Bryce Young",5,244.5,0.50301350048216,244.5,240.5,250.5,NA
"2026-09-29T20:49:03Z","2026_04_DET_CAR","a73a76599a4f3422803e57bd8f61b626","2026-10-05T00:20:00Z","player_pass_yds","Jared Goff",6,260,0.5,260,249.5,264.5,NA
"2026-09-29T20:49:03Z","2026_04_DET_CAR","a73a76599a4f3422803e57bd8f61b626","2026-10-05T00:20:00Z","player_reception_yds","Amon-Ra St. Brown",6,77,0.498947058080276,77,75.5,79.5,NA
"2026-09-29T20:49:03Z","2026_04_DET_CAR","a73a76599a4f3422803e57bd8f61b626","2026-10-05T00:20:00Z","player_reception_yds","Chuba Hubbard",6,18.5,0.5,18.5,18.5,19.5,NA
"2026-09-29T20:49:03Z","2026_04_DET_CAR","a73a76599a4f3422803e57bd8f61b626","2026-10-05T00:20:00Z","player_reception_yds","Isaac TeSlaa",6,17.5,0.49849324975892,17.5,16.5,19.5,NA
"2026-09-29T20:49:03Z","2026_04_DET_CAR","a73a76599a4f3422803e57bd8f61b626","2026-10-05T00:20:00Z","player_reception_yds","Jahmyr Gibbs",6,35.5,0.5,35.5,34.5,39.5,NA
"2026-09-29T20:49:03Z","2026_04_DET_CAR","a73a76599a4f3422803e57bd8f61b626","2026-10-05T00:20:00Z","player_reception_yds","Jameson Williams",6,49.5,0.497765434936198,49.5,49.5,49.5,NA
"2026-09-29T20:49:03Z","2026_04_DET_CAR","a73a76599a4f3422803e57bd8f61b626","2026-10-05T00:20:00Z","player_reception_yds","Sam LaPorta",6,49,0.501052941919724,49,48.5,49.5,NA
"2026-09-29T20:49:03Z","2026_04_DET_CAR","a73a76599a4f3422803e57bd8f61b626","2026-10-05T00:20:00Z","player_reception_yds","Tetairoa McMillan",6,69,0.500289207556623,69,68.5,69.5,NA
"2026-09-29T20:49:03Z","2026_04_DET_CAR","a73a76599a4f3422803e57bd8f61b626","2026-10-05T00:20:00Z","player_receptions","Amon-Ra St. Brown",4,6.5,0.560024364660973,6.5,6.5,6.5,NA
"2026-09-29T20:49:03Z","2026_04_DET_CAR","a73a76599a4f3422803e57bd8f61b626","2026-10-05T00:20:00Z","player_receptions","Chuba Hubbard",4,2.5,0.564454218558976,2.5,2.5,2.5,NA
"2026-09-29T20:49:03Z","2026_04_DET_CAR","a73a76599a4f3422803e57bd8f61b626","2026-10-05T00:20:00Z","player_receptions","Isaac TeSlaa",4,1.5,0.489883603654229,1.5,1.5,1.5,NA
"2026-09-29T20:49:03Z","2026_04_DET_CAR","a73a76599a4f3422803e57bd8f61b626","2026-10-05T00:20:00Z","player_receptions","Jahmyr Gibbs",4,4.5,0.524961023752748,4.5,4.5,4.5,NA
"2026-09-29T20:49:03Z","2026_04_DET_CAR","a73a76599a4f3422803e57bd8f61b626","2026-10-05T00:20:00Z","player_receptions","Jameson Williams",4,3.5,0.472438043487639,3.5,3.5,3.5,NA
"2026-09-29T20:49:03Z","2026_04_DET_CAR","a73a76599a4f3422803e57bd8f61b626","2026-10-05T00:20:00Z","player_receptions","Sam LaPorta",4,4.5,0.485872779444329,4.5,4.5,4.5,NA
"2026-09-29T20:49:03Z","2026_04_DET_CAR","a73a76599a4f3422803e57bd8f61b626","2026-10-05T00:20:00Z","player_receptions","Tetairoa McMillan",4,4.5,0.546607378882566,4.5,4.5,4.5,NA
"2026-09-29T20:49:03Z","2026_04_DET_CAR","a73a76599a4f3422803e57bd8f61b626","2026-10-05T00:20:00Z","player_rush_attempts","Bryce Young",1,2.5,0.528925619834711,2.5,2.5,2.5,NA
"2026-09-29T20:49:03Z","2026_04_DET_CAR","a73a76599a4f3422803e57bd8f61b626","2026-10-05T00:20:00Z","player_rush_attempts","Chuba Hubbard",1,16.5,0.510397604391948,16.5,16.5,16.5,NA
"2026-09-29T20:49:03Z","2026_04_DET_CAR","a73a76599a4f3422803e57bd8f61b626","2026-10-05T00:20:00Z","player_rush_attempts","Jahmyr Gibbs",2,19.5,0.517585144776927,19.5,19.5,19.5,NA
"2026-09-29T20:49:03Z","2026_04_DET_CAR","a73a76599a4f3422803e57bd8f61b626","2026-10-05T00:20:00Z","player_rush_yds","Bryce Young",6,12.5,0.503993610223642,12.5,9.5,13.5,NA
"2026-09-29T20:49:03Z","2026_04_DET_CAR","a73a76599a4f3422803e57bd8f61b626","2026-10-05T00:20:00Z","player_rush_yds","Chuba Hubbard",6,67,0.502106149957877,67,65.5,69.5,NA
"2026-09-29T20:49:03Z","2026_04_DET_CAR","a73a76599a4f3422803e57bd8f61b626","2026-10-05T00:20:00Z","player_rush_yds","Jahmyr Gibbs",6,97.5,0.496435404005369,97.5,93.5,99.5,NA
"2026-09-29T20:49:03Z","2026_04_IND_WAS","c9d8ed8aa4889486eaf10a630138ede0","2026-10-04T13:30:00Z","player_pass_attempts","Daniel Jones",3,31.5,0.489878542510122,31.5,31.5,31.5,NA
"2026-09-29T20:49:03Z","2026_04_IND_WAS","c9d8ed8aa4889486eaf10a630138ede0","2026-10-04T13:30:00Z","player_pass_attempts","Marcus Mariota",3,30.5,0.515511250827267,30.5,30.5,30.5,NA
"2026-09-29T20:49:03Z","2026_04_IND_WAS","c9d8ed8aa4889486eaf10a630138ede0","2026-10-04T13:30:00Z","player_pass_interceptions","Daniel Jones",4,0.5,0.480010088364655,0.5,0.5,0.5,NA
"2026-09-29T20:49:03Z","2026_04_IND_WAS","c9d8ed8aa4889486eaf10a630138ede0","2026-10-04T13:30:00Z","player_pass_interceptions","Marcus Mariota",4,0.5,0.539391576660409,0.5,0.5,0.5,NA
"2026-09-29T20:49:03Z","2026_04_IND_WAS","c9d8ed8aa4889486eaf10a630138ede0","2026-10-04T13:30:00Z","player_pass_tds","Daniel Jones",6,1.5,0.477642798154708,1.5,1.5,1.5,NA
"2026-09-29T20:49:03Z","2026_04_IND_WAS","c9d8ed8aa4889486eaf10a630138ede0","2026-10-04T13:30:00Z","player_pass_tds","Marcus Mariota",6,1.5,0.385100416305074,1.5,1.5,1.5,NA
"2026-09-29T20:49:03Z","2026_04_IND_WAS","c9d8ed8aa4889486eaf10a630138ede0","2026-10-04T13:30:00Z","player_pass_yds","Daniel Jones",7,224.5,0.5,224.5,219.5,224.5,NA
"2026-09-29T20:49:03Z","2026_04_IND_WAS","c9d8ed8aa4889486eaf10a630138ede0","2026-10-04T13:30:00Z","player_pass_yds","Marcus Mariota",7,212.5,0.5,212.5,208.5,212.5,NA
"2026-09-29T20:49:03Z","2026_04_IND_WAS","c9d8ed8aa4889486eaf10a630138ede0","2026-10-04T13:30:00Z","player_reception_yds","Jonathan Taylor",7,19.5,0.494840254272269,19.5,19.5,19.5,NA
"2026-09-29T20:49:03Z","2026_04_IND_WAS","c9d8ed8aa4889486eaf10a630138ede0","2026-10-04T13:30:00Z","player_reception_yds","Josh Downs",7,63.5,0.5,63.5,63.5,69.5,NA
"2026-09-29T20:49:03Z","2026_04_IND_WAS","c9d8ed8aa4889486eaf10a630138ede0","2026-10-04T13:30:00Z","player_reception_yds","Keenan Allen",7,34.5,0.493680219085738,34.5,30.5,39.5,NA
"2026-09-29T20:49:03Z","2026_04_IND_WAS","c9d8ed8aa4889486eaf10a630138ede0","2026-10-04T13:30:00Z","player_reception_yds","Stefon Diggs",6,41,0.503612900198957,41,39.5,41.5,NA
"2026-09-29T20:49:03Z","2026_04_IND_WAS","c9d8ed8aa4889486eaf10a630138ede0","2026-10-04T13:30:00Z","player_reception_yds","Terry McLaurin",7,55.5,0.5,55.5,53.5,59.5,NA
"2026-09-29T20:49:03Z","2026_04_IND_WAS","c9d8ed8aa4889486eaf10a630138ede0","2026-10-04T13:30:00Z","player_reception_yds","Tyler Warren",7,47.5,0.5,47.5,46.5,49.5,NA
"2026-09-29T20:49:03Z","2026_04_IND_WAS","c9d8ed8aa4889486eaf10a630138ede0","2026-10-04T13:30:00Z","player_receptions","Jonathan Taylor",5,2.5,0.540791402051783,2.5,2.5,2.5,NA
"2026-09-29T20:49:03Z","2026_04_IND_WAS","c9d8ed8aa4889486eaf10a630138ede0","2026-10-04T13:30:00Z","player_receptions","Josh Downs",5,5.5,0.424836601307189,5.5,5.5,5.5,NA
"2026-09-29T20:49:03Z","2026_04_IND_WAS","c9d8ed8aa4889486eaf10a630138ede0","2026-10-04T13:30:00Z","player_receptions","Keenan Allen",5,3.5,0.489878542510122,3.5,3.5,3.5,NA
"2026-09-29T20:49:03Z","2026_04_IND_WAS","c9d8ed8aa4889486eaf10a630138ede0","2026-10-04T13:30:00Z","player_receptions","Stefon Diggs",4,4.5,0.433041492261373,4.5,4.5,4.5,NA
"2026-09-29T20:49:03Z","2026_04_IND_WAS","c9d8ed8aa4889486eaf10a630138ede0","2026-10-04T13:30:00Z","player_receptions","Terry McLaurin",5,4.5,0.49792255276716,4.5,4.5,4.5,NA
"2026-09-29T20:49:03Z","2026_04_IND_WAS","c9d8ed8aa4889486eaf10a630138ede0","2026-10-04T13:30:00Z","player_receptions","Tyler Warren",5,5.5,0.47184231697506,5.5,5.5,5.5,NA
"2026-09-29T20:49:03Z","2026_04_IND_WAS","c9d8ed8aa4889486eaf10a630138ede0","2026-10-04T13:30:00Z","player_rush_attempts","Jacory Croskey-Merritt",2,13.5,0.50109707947243,13.5,13.5,13.5,NA
"2026-09-29T20:49:03Z","2026_04_IND_WAS","c9d8ed8aa4889486eaf10a630138ede0","2026-10-04T13:30:00Z","player_rush_attempts","Jonathan Taylor",2,20.5,0.482400681682284,20.5,20.5,20.5,NA
"2026-09-29T20:49:03Z","2026_04_IND_WAS","c9d8ed8aa4889486eaf10a630138ede0","2026-10-04T13:30:00Z","player_rush_yds","Daniel Jones",7,11.5,0.503095336359884,11.5,9.5,11.5,NA
"2026-09-29T20:49:03Z","2026_04_IND_WAS","c9d8ed8aa4889486eaf10a630138ede0","2026-10-04T13:30:00Z","player_rush_yds","Jacory Croskey-Merritt",7,54.5,0.5,54.5,49.5,59.5,NA
"2026-09-29T20:49:03Z","2026_04_IND_WAS","c9d8ed8aa4889486eaf10a630138ede0","2026-10-04T13:30:00Z","player_rush_yds","Jonathan Taylor",7,90.5,0.5,90.5,89.5,92.5,NA
"2026-09-29T20:49:03Z","2026_04_IND_WAS","c9d8ed8aa4889486eaf10a630138ede0","2026-10-04T13:30:00Z","player_rush_yds","Marcus Mariota",7,28.5,0.5,28.5,26.5,29.5,NA
"2026-09-29T20:49:03Z","2026_04_JAX_CIN","2ea94ddf20f66432b9024fe2e2eaba5f","2026-10-04T17:00:00Z","player_pass_tds","Joe Burrow",5,1.5,0.627791563275434,1.5,1.5,1.5,NA
"2026-09-29T20:49:03Z","2026_04_JAX_CIN","2ea94ddf20f66432b9024fe2e2eaba5f","2026-10-04T17:00:00Z","player_pass_tds","Trevor Lawrence",5,1.5,0.55011293845321,1.5,1.5,1.5,NA
"2026-09-29T20:49:03Z","2026_04_JAX_CIN","2ea94ddf20f66432b9024fe2e2eaba5f","2026-10-04T17:00:00Z","player_pass_yds","Joe Burrow",6,267,0.5,267,265.5,274.5,NA
"2026-09-29T20:49:03Z","2026_04_JAX_CIN","2ea94ddf20f66432b9024fe2e2eaba5f","2026-10-04T17:00:00Z","player_pass_yds","Trevor Lawrence",6,263.5,0.5,263.5,260.5,269.5,NA
"2026-09-29T20:49:03Z","2026_04_JAX_CIN","2ea94ddf20f66432b9024fe2e2eaba5f","2026-10-04T17:00:00Z","player_reception_yds","Ja'Marr Chase",6,78.5,0.5,78.5,76.5,79.5,NA
"2026-09-29T20:49:03Z","2026_04_JAX_CIN","2ea94ddf20f66432b9024fe2e2eaba5f","2026-10-04T17:00:00Z","player_reception_yds","Jakobi Meyers",6,40.5,0.500289207556623,40.5,39.5,40.5,NA
"2026-09-29T20:49:03Z","2026_04_JAX_CIN","2ea94ddf20f66432b9024fe2e2eaba5f","2026-10-04T17:00:00Z","player_reception_yds","Parker Washington",6,72,0.5,72,70.5,79.5,NA
"2026-09-29T20:49:03Z","2026_04_JAX_CIN","2ea94ddf20f66432b9024fe2e2eaba5f","2026-10-04T17:00:00Z","player_reception_yds","Tee Higgins",6,60.5,0.5,60.5,59.5,60.5,NA
"2026-09-29T20:49:03Z","2026_04_JAX_CIN","2ea94ddf20f66432b9024fe2e2eaba5f","2026-10-04T17:00:00Z","player_receptions","Ja'Marr Chase",5,6.5,0.530612244897959,6.5,6.5,6.5,NA
"2026-09-29T20:49:03Z","2026_04_JAX_CIN","2ea94ddf20f66432b9024fe2e2eaba5f","2026-10-04T17:00:00Z","player_receptions","Jakobi Meyers",5,3.5,0.558530333238394,3.5,3.5,3.5,NA
"2026-09-29T20:49:03Z","2026_04_JAX_CIN","2ea94ddf20f66432b9024fe2e2eaba5f","2026-10-04T17:00:00Z","player_receptions","Parker Washington",5,5.5,0.458756859545387,5.5,5.5,5.5,NA
"2026-09-29T20:49:03Z","2026_04_JAX_CIN","2ea94ddf20f66432b9024fe2e2eaba5f","2026-10-04T17:00:00Z","player_receptions","Tee Higgins",5,4.5,0.443519188993483,4.5,4.5,4.5,NA
"2026-09-29T20:49:03Z","2026_04_JAX_CIN","2ea94ddf20f66432b9024fe2e2eaba5f","2026-10-04T17:00:00Z","player_rush_attempts","Bhayshul Tuten",2,12.5,0.525361791324716,12.5,12.5,12.5,NA
"2026-09-29T20:49:03Z","2026_04_JAX_CIN","2ea94ddf20f66432b9024fe2e2eaba5f","2026-10-04T17:00:00Z","player_rush_attempts","Chase Brown",2,16.5,0.509303293593576,16.5,16.5,16.5,NA
"2026-09-29T20:49:03Z","2026_04_JAX_CIN","2ea94ddf20f66432b9024fe2e2eaba5f","2026-10-04T17:00:00Z","player_rush_yds","Bhayshul Tuten",6,54,0.497893850042123,54,53.5,59.5,NA
"2026-09-29T20:49:03Z","2026_04_JAX_CIN","2ea94ddf20f66432b9024fe2e2eaba5f","2026-10-04T17:00:00Z","player_rush_yds","Chase Brown",6,65,0.503159890457131,65,64.5,69.5,NA
"2026-09-29T20:49:03Z","2026_04_KC_LV","e0cbd266dcf997089203a1b33ba0333d","2026-10-04T20:25:00Z","player_pass_tds","Kirk Cousins",4,1.5,0.409270467112951,1.5,1.5,1.5,NA
"2026-09-29T20:49:03Z","2026_04_KC_LV","e0cbd266dcf997089203a1b33ba0333d","2026-10-04T20:25:00Z","player_pass_tds","Patrick Mahomes",4,1.5,0.518830160096317,1.5,1.5,1.5,NA
"2026-09-29T20:49:03Z","2026_04_KC_LV","e0cbd266dcf997089203a1b33ba0333d","2026-10-04T20:25:00Z","player_pass_yds","Kirk Cousins",5,225.5,0.5,225.5,219.5,227.5,NA
"2026-09-29T20:49:03Z","2026_04_KC_LV","e0cbd266dcf997089203a1b33ba0333d","2026-10-04T20:25:00Z","player_pass_yds","Patrick Mahomes",5,236.5,0.497894116160553,236.5,235.5,241.5,NA
"2026-09-29T20:49:03Z","2026_04_KC_LV","e0cbd266dcf997089203a1b33ba0333d","2026-10-04T20:25:00Z","player_rush_yds","Ashton Jeanty",5,59.5,0.508203445447088,59.5,59.5,60.5,NA
"2026-09-29T20:49:03Z","2026_04_KC_LV","e0cbd266dcf997089203a1b33ba0333d","2026-10-04T20:25:00Z","player_rush_yds","Kenneth Walker III",5,89.5,0.5,89.5,87.5,91.5,NA
"2026-09-29T20:49:03Z","2026_04_LA_PHI","1b4f2e60ce83fa1d63a5dff83769d27c","2026-10-04T17:00:00Z","player_pass_attempts","Jalen Hurts",1,29.5,0.523858921161826,29.5,29.5,29.5,NA
"2026-09-29T20:49:03Z","2026_04_LA_PHI","1b4f2e60ce83fa1d63a5dff83769d27c","2026-10-04T17:00:00Z","player_pass_attempts","Matthew Stafford",1,34.5,0.508314971105475,34.5,34.5,34.5,NA
"2026-09-29T20:49:03Z","2026_04_LA_PHI","1b4f2e60ce83fa1d63a5dff83769d27c","2026-10-04T17:00:00Z","player_pass_interceptions","Jalen Hurts",2,0.5,0.478672165545961,0.5,0.5,0.5,NA
"2026-09-29T20:49:03Z","2026_04_LA_PHI","1b4f2e60ce83fa1d63a5dff83769d27c","2026-10-04T17:00:00Z","player_pass_interceptions","Matthew Stafford",2,0.5,0.483042237541811,0.5,0.5,0.5,NA
"2026-09-29T20:49:03Z","2026_04_LA_PHI","1b4f2e60ce83fa1d63a5dff83769d27c","2026-10-04T17:00:00Z","player_pass_tds","Jalen Hurts",4,1.5,0.338478157788342,1.5,1.5,1.5,NA
"2026-09-29T20:49:03Z","2026_04_LA_PHI","1b4f2e60ce83fa1d63a5dff83769d27c","2026-10-04T17:00:00Z","player_pass_tds","Matthew Stafford",4,1.5,0.50444669310936,1.5,1.5,1.5,NA
"2026-09-29T20:49:03Z","2026_04_LA_PHI","1b4f2e60ce83fa1d63a5dff83769d27c","2026-10-04T17:00:00Z","player_pass_yds","Jalen Hurts",5,202.5,0.5,202.5,199.5,204.5,NA
"2026-09-29T20:49:03Z","2026_04_LA_PHI","1b4f2e60ce83fa1d63a5dff83769d27c","2026-10-04T17:00:00Z","player_pass_yds","Matthew Stafford",5,250.5,0.5,250.5,249.5,252.5,NA
"2026-09-29T20:49:03Z","2026_04_LA_PHI","1b4f2e60ce83fa1d63a5dff83769d27c","2026-10-04T17:00:00Z","player_reception_yds","Davante Adams",5,73.5,0.5,73.5,69.5,79.5,NA
"2026-09-29T20:49:03Z","2026_04_LA_PHI","1b4f2e60ce83fa1d63a5dff83769d27c","2026-10-04T17:00:00Z","player_reception_yds","DeVonta Smith",5,69.5,0.497894116160553,69.5,68.5,69.5,NA
"2026-09-29T20:49:03Z","2026_04_LA_PHI","1b4f2e60ce83fa1d63a5dff83769d27c","2026-10-04T17:00:00Z","player_reception_yds","Dontayvion Wicks",5,40.5,0.5,40.5,39.5,40.5,NA
"2026-09-29T20:49:03Z","2026_04_LA_PHI","1b4f2e60ce83fa1d63a5dff83769d27c","2026-10-04T17:00:00Z","player_reception_yds","Makai Lemon",5,26.5,0.5,26.5,25.5,29.5,NA
"2026-09-29T20:49:03Z","2026_04_LA_PHI","1b4f2e60ce83fa1d63a5dff83769d27c","2026-10-04T17:00:00Z","player_receptions","Davante Adams",3,5.5,0.435285578359344,5.5,5.5,5.5,NA
"2026-09-29T20:49:03Z","2026_04_LA_PHI","1b4f2e60ce83fa1d63a5dff83769d27c","2026-10-04T17:00:00Z","player_receptions","DeVonta Smith",3,5.5,0.567025773898814,5.5,5.5,5.5,NA
"2026-09-29T20:49:03Z","2026_04_LA_PHI","1b4f2e60ce83fa1d63a5dff83769d27c","2026-10-04T17:00:00Z","player_receptions","Dontayvion Wicks",3,3.5,0.406407594185702,3.5,2.5,3.5,NA
"2026-09-29T20:49:03Z","2026_04_LA_PHI","1b4f2e60ce83fa1d63a5dff83769d27c","2026-10-04T17:00:00Z","player_receptions","Makai Lemon",3,2.5,0.600428870364134,2.5,2.5,2.5,NA
"2026-09-29T20:49:03Z","2026_04_LA_PHI","1b4f2e60ce83fa1d63a5dff83769d27c","2026-10-04T17:00:00Z","player_rush_attempts","Blake Corum",1,9.5,0.493765586034913,9.5,9.5,9.5,NA
"2026-09-29T20:49:03Z","2026_04_LA_PHI","1b4f2e60ce83fa1d63a5dff83769d27c","2026-10-04T17:00:00Z","player_rush_attempts","Jalen Hurts",1,5.5,0.544747305941336,5.5,5.5,5.5,NA
"2026-09-29T20:49:03Z","2026_04_LA_PHI","1b4f2e60ce83fa1d63a5dff83769d27c","2026-10-04T17:00:00Z","player_rush_attempts","Kyren Williams",1,13.5,0.503137550200803,13.5,13.5,13.5,NA
"2026-09-29T20:49:03Z","2026_04_LA_PHI","1b4f2e60ce83fa1d63a5dff83769d27c","2026-10-04T17:00:00Z","player_rush_attempts","Saquon Barkley",1,18.5,0.473170429685888,18.5,18.5,18.5,NA
"2026-09-29T20:49:03Z","2026_04_LA_PHI","1b4f2e60ce83fa1d63a5dff83769d27c","2026-10-04T17:00:00Z","player_rush_yds","Blake Corum",5,40.5,0.505023308149815,40.5,39.5,41.5,NA
"2026-09-29T20:49:03Z","2026_04_LA_PHI","1b4f2e60ce83fa1d63a5dff83769d27c","2026-10-04T17:00:00Z","player_rush_yds","Jalen Hurts",5,25.5,0.5,25.5,23.5,29.5,NA
"2026-09-29T20:49:03Z","2026_04_LA_PHI","1b4f2e60ce83fa1d63a5dff83769d27c","2026-10-04T17:00:00Z","player_rush_yds","Kyren Williams",5,57.5,0.5,57.5,55.5,59.5,NA
"2026-09-29T20:49:03Z","2026_04_LA_PHI","1b4f2e60ce83fa1d63a5dff83769d27c","2026-10-04T17:00:00Z","player_rush_yds","Saquon Barkley",5,79.5,0.500578415113245,79.5,78.5,79.5,NA
"2026-09-29T20:49:03Z","2026_04_NE_BUF","573cc0ef39631a4f6673ec843a8bedd4","2026-10-04T17:00:00Z","player_pass_attempts","Josh Allen",1,29.5,0.514571190674438,29.5,29.5,29.5,NA
"2026-09-29T20:49:03Z","2026_04_NE_BUF","573cc0ef39631a4f6673ec843a8bedd4","2026-10-04T17:00:00Z","player_pass_tds","Drake Maye",4,1.5,0.411097963543523,1.5,1.5,1.5,NA
"2026-09-29T20:49:03Z","2026_04_NE_BUF","573cc0ef39631a4f6673ec843a8bedd4","2026-10-04T17:00:00Z","player_pass_tds","Josh Allen",4,1.5,0.570933999059907,1.5,1.5,1.5,NA
"2026-09-29T20:49:03Z","2026_04_NE_BUF","573cc0ef39631a4f6673ec843a8bedd4","2026-10-04T17:00:00Z","player_pass_yds","Drake Maye",5,228.5,0.5,228.5,223.5,231.5,NA
"2026-09-29T20:49:03Z","2026_04_NE_BUF","573cc0ef39631a4f6673ec843a8bedd4","2026-10-04T17:00:00Z","player_pass_yds","Josh Allen",5,239.5,0.5,239.5,233.5,246.5,NA
"2026-09-29T20:49:03Z","2026_04_NE_BUF","573cc0ef39631a4f6673ec843a8bedd4","2026-10-04T17:00:00Z","player_reception_yds","DJ Moore",4,49,0.499272185177278,49,45.5,49.5,NA
"2026-09-29T20:49:03Z","2026_04_NE_BUF","573cc0ef39631a4f6673ec843a8bedd4","2026-10-04T17:00:00Z","player_reception_yds","Dalton Kincaid",4,58,0.489672486133224,58,52.5,59.5,NA
"2026-09-29T20:49:03Z","2026_04_NE_BUF","573cc0ef39631a4f6673ec843a8bedd4","2026-10-04T17:00:00Z","player_reception_yds","DeMario Douglas",1,27.5,0.5,27.5,27.5,27.5,NA
"2026-09-29T20:49:03Z","2026_04_NE_BUF","573cc0ef39631a4f6673ec843a8bedd4","2026-10-04T17:00:00Z","player_reception_yds","Hunter Henry",1,35.5,0.5,35.5,35.5,35.5,NA
"2026-09-29T20:49:03Z","2026_04_NE_BUF","573cc0ef39631a4f6673ec843a8bedd4","2026-10-04T17:00:00Z","player_reception_yds","James Cook",4,9.5,0.49191863505683,9.5,6.5,10.5,NA
"2026-09-29T20:49:03Z","2026_04_NE_BUF","573cc0ef39631a4f6673ec843a8bedd4","2026-10-04T17:00:00Z","player_reception_yds","Keon Coleman",1,12.5,0.5,12.5,12.5,12.5,NA
"2026-09-29T20:49:03Z","2026_04_NE_BUF","573cc0ef39631a4f6673ec843a8bedd4","2026-10-04T17:00:00Z","player_reception_yds","Khalil Shakir",4,39.5,0.498245613292025,39.5,39.5,39.5,NA
"2026-09-29T20:49:03Z","2026_04_NE_BUF","573cc0ef39631a4f6673ec843a8bedd4","2026-10-04T17:00:00Z","player_reception_yds","Mack Hollins",1,43.5,0.5,43.5,43.5,43.5,NA
"2026-09-29T20:49:03Z","2026_04_NE_BUF","573cc0ef39631a4f6673ec843a8bedd4","2026-10-04T17:00:00Z","player_reception_yds","Rhamondre Stevenson",1,18.5,0.5,18.5,18.5,18.5,NA
"2026-09-29T20:49:03Z","2026_04_NE_BUF","573cc0ef39631a4f6673ec843a8bedd4","2026-10-04T17:00:00Z","player_reception_yds","Romeo Doubs",1,39.5,0.5,39.5,39.5,39.5,NA
"2026-09-29T20:49:03Z","2026_04_NE_BUF","573cc0ef39631a4f6673ec843a8bedd4","2026-10-04T17:00:00Z","player_reception_yds","TreVeyon Henderson",1,5.5,0.5,5.5,5.5,5.5,NA
"2026-09-29T20:49:03Z","2026_04_NE_BUF","573cc0ef39631a4f6673ec843a8bedd4","2026-10-04T17:00:00Z","player_reception_yds","Ty Johnson",1,13.5,0.5,13.5,13.5,13.5,NA
"2026-09-29T20:49:03Z","2026_04_NE_BUF","573cc0ef39631a4f6673ec843a8bedd4","2026-10-04T17:00:00Z","player_receptions","DJ Moore",3,3.5,0.53931145386556,3.5,3.5,3.5,NA
"2026-09-29T20:49:03Z","2026_04_NE_BUF","573cc0ef39631a4f6673ec843a8bedd4","2026-10-04T17:00:00Z","player_receptions","Dalton Kincaid",3,4.5,0.506568583622778,4.5,4.5,4.5,NA
"2026-09-29T20:49:03Z","2026_04_NE_BUF","573cc0ef39631a4f6673ec843a8bedd4","2026-10-04T17:00:00Z","player_receptions","DeMario Douglas",1,2.5,0.537907268170426,2.5,2.5,2.5,NA
"2026-09-29T20:49:03Z","2026_04_NE_BUF","573cc0ef39631a4f6673ec843a8bedd4","2026-10-04T17:00:00Z","player_receptions","Hunter Henry",1,3.5,0.551074477480129,3.5,3.5,3.5,NA
"2026-09-29T20:49:03Z","2026_04_NE_BUF","573cc0ef39631a4f6673ec843a8bedd4","2026-10-04T17:00:00Z","player_receptions","James Cook",3,1.5,0.47256498680299,1.5,1.5,1.5,NA
"2026-09-29T20:49:03Z","2026_04_NE_BUF","573cc0ef39631a4f6673ec843a8bedd4","2026-10-04T17:00:00Z","player_receptions","Keon Coleman",1,1.5,0.47184231697506,1.5,1.5,1.5,NA
"2026-09-29T20:49:03Z","2026_04_NE_BUF","573cc0ef39631a4f6673ec843a8bedd4","2026-10-04T17:00:00Z","player_receptions","Khalil Shakir",3,3.5,0.535922115920201,3.5,3.5,3.5,NA
"2026-09-29T20:49:03Z","2026_04_NE_BUF","573cc0ef39631a4f6673ec843a8bedd4","2026-10-04T17:00:00Z","player_receptions","Mack Hollins",1,3.5,0.52815768302494,3.5,3.5,3.5,NA
"2026-09-29T20:49:03Z","2026_04_NE_BUF","573cc0ef39631a4f6673ec843a8bedd4","2026-10-04T17:00:00Z","player_receptions","Rhamondre Stevenson",1,2.5,0.541884816753927,2.5,2.5,2.5,NA
"2026-09-29T20:49:03Z","2026_04_NE_BUF","573cc0ef39631a4f6673ec843a8bedd4","2026-10-04T17:00:00Z","player_receptions","Romeo Doubs",1,3.5,0.44892552251987,3.5,3.5,3.5,NA
"2026-09-29T20:49:03Z","2026_04_NE_BUF","573cc0ef39631a4f6673ec843a8bedd4","2026-10-04T17:00:00Z","player_receptions","TreVeyon Henderson",1,0.5,0.620420848830692,0.5,0.5,0.5,NA
"2026-09-29T20:49:03Z","2026_04_NE_BUF","573cc0ef39631a4f6673ec843a8bedd4","2026-10-04T17:00:00Z","player_receptions","Ty Johnson",1,1.5,0.571741584224155,1.5,1.5,1.5,NA
"2026-09-29T20:49:03Z","2026_04_NE_BUF","573cc0ef39631a4f6673ec843a8bedd4","2026-10-04T17:00:00Z","player_rush_attempts","James Cook",1,17.5,0.535962877030162,17.5,17.5,17.5,NA
"2026-09-29T20:49:03Z","2026_04_NE_BUF","573cc0ef39631a4f6673ec843a8bedd4","2026-10-04T17:00:00Z","player_rush_yds","Drake Maye",1,26.5,0.5,26.5,26.5,26.5,NA
"2026-09-29T20:49:03Z","2026_04_NE_BUF","573cc0ef39631a4f6673ec843a8bedd4","2026-10-04T17:00:00Z","player_rush_yds","James Cook",4,88.5,0.488553566963601,88.5,85.5,89.5,NA
"2026-09-29T20:49:03Z","2026_04_NE_BUF","573cc0ef39631a4f6673ec843a8bedd4","2026-10-04T17:00:00Z","player_rush_yds","Josh Allen",4,31,0.505060728744939,31,29.5,31.5,NA
"2026-09-29T20:49:03Z","2026_04_NE_BUF","573cc0ef39631a4f6673ec843a8bedd4","2026-10-04T17:00:00Z","player_rush_yds","Rhamondre Stevenson",1,30.5,0.5,30.5,30.5,30.5,NA
"2026-09-29T20:49:03Z","2026_04_NE_BUF","573cc0ef39631a4f6673ec843a8bedd4","2026-10-04T17:00:00Z","player_rush_yds","TreVeyon Henderson",1,42.5,0.5,42.5,42.5,42.5,NA
"2026-09-29T20:49:03Z","2026_04_PIT_CLE","d55cb69fed50a09170560b5b75d8de86","2026-10-02T00:15:00Z","player_pass_attempts","Aaron Rodgers",4,34.5,0.512732157127825,34.5,34.5,34.5,NA
"2026-09-29T20:49:03Z","2026_04_PIT_CLE","d55cb69fed50a09170560b5b75d8de86","2026-10-02T00:15:00Z","player_pass_attempts","Deshaun Watson",3,28.5,0.503095336359884,28.5,28.5,28.5,NA
"2026-09-29T20:49:03Z","2026_04_PIT_CLE","d55cb69fed50a09170560b5b75d8de86","2026-10-02T00:15:00Z","player_pass_interceptions","Aaron Rodgers",4,0.5,0.476432930578984,0.5,0.5,0.5,NA
"2026-09-29T20:49:03Z","2026_04_PIT_CLE","d55cb69fed50a09170560b5b75d8de86","2026-10-02T00:15:00Z","player_pass_interceptions","Deshaun Watson",4,0.5,0.500508957654723,0.5,0.5,0.5,NA
"2026-09-29T20:49:03Z","2026_04_PIT_CLE","d55cb69fed50a09170560b5b75d8de86","2026-10-02T00:15:00Z","player_pass_tds","Aaron Rodgers",8,1.5,0.358087747896732,1.5,1.5,1.5,NA
"2026-09-29T20:49:03Z","2026_04_PIT_CLE","d55cb69fed50a09170560b5b75d8de86","2026-10-02T00:15:00Z","player_pass_tds","Deshaun Watson",7,0.5,0.651052820384603,0.5,0.5,0.5,NA
"2026-09-29T20:49:03Z","2026_04_PIT_CLE","d55cb69fed50a09170560b5b75d8de86","2026-10-02T00:15:00Z","player_pass_yds","Aaron Rodgers",8,212.5,0.5,212.5,205.5,212.5,NA
"2026-09-29T20:49:03Z","2026_04_PIT_CLE","d55cb69fed50a09170560b5b75d8de86","2026-10-02T00:15:00Z","player_pass_yds","Deshaun Watson",7,187.5,0.498982084690554,187.5,174.5,199.5,NA
"2026-09-29T20:49:03Z","2026_04_PIT_CLE","d55cb69fed50a09170560b5b75d8de86","2026-10-02T00:15:00Z","player_reception_yds","DK Metcalf",8,42.5,0.5,42.5,39.5,44.5,NA
"2026-09-29T20:49:03Z","2026_04_PIT_CLE","d55cb69fed50a09170560b5b75d8de86","2026-10-02T00:15:00Z","player_reception_yds","Darnell Washington",8,16.5,0.501052941919724,16.5,15.5,19.5,NA
"2026-09-29T20:49:03Z","2026_04_PIT_CLE","d55cb69fed50a09170560b5b75d8de86","2026-10-02T00:15:00Z","player_reception_yds","Denzel Boston",8,36,0.498947058080276,36,35.5,39.5,NA
"2026-09-29T20:49:03Z","2026_04_PIT_CLE","d55cb69fed50a09170560b5b75d8de86","2026-10-02T00:15:00Z","player_reception_yds","Harold Fannin Jr.",8,40.5,0.5,40.5,39.5,41.5,NA
"2026-09-29T20:49:03Z","2026_04_PIT_CLE","d55cb69fed50a09170560b5b75d8de86","2026-10-02T00:15:00Z","player_reception_yds","Jaylen Warren",8,22.5,0.50150675024108,22.5,19.5,22.5,NA
"2026-09-29T20:49:03Z","2026_04_PIT_CLE","d55cb69fed50a09170560b5b75d8de86","2026-10-02T00:15:00Z","player_reception_yds","Jerry Jeudy",8,14.5,0.494260236679004,14.5,9.5,19.5,NA
"2026-09-29T20:49:03Z","2026_04_PIT_CLE","d55cb69fed50a09170560b5b75d8de86","2026-10-02T00:15:00Z","player_reception_yds","KC Concepcion",8,34.5,0.50150675024108,34.5,29.5,39.5,NA
"2026-09-29T20:49:03Z","2026_04_PIT_CLE","d55cb69fed50a09170560b5b75d8de86","2026-10-02T00:15:00Z","player_reception_yds","Michael Pittman Jr.",8,33.5,0.5,33.5,29.5,39.5,NA
"2026-09-29T20:49:03Z","2026_04_PIT_CLE","d55cb69fed50a09170560b5b75d8de86","2026-10-02T00:15:00Z","player_reception_yds","Pat Freiermuth",8,28.5,0.5,28.5,28.5,29.5,NA
"2026-09-29T20:49:03Z","2026_04_PIT_CLE","d55cb69fed50a09170560b5b75d8de86","2026-10-02T00:15:00Z","player_reception_yds","Quinshon Judkins",8,12.5,0.5,12.5,9.5,12.5,NA
"2026-09-29T20:49:03Z","2026_04_PIT_CLE","d55cb69fed50a09170560b5b75d8de86","2026-10-02T00:15:00Z","player_reception_yds","Raheim Sanders",8,10.5,0.5,10.5,9.5,12.5,NA
"2026-09-29T20:49:03Z","2026_04_PIT_CLE","d55cb69fed50a09170560b5b75d8de86","2026-10-02T00:15:00Z","player_reception_yds","Roman Wilson",8,22.5,0.501052941919724,22.5,19.5,23.5,NA
"2026-09-29T20:49:03Z","2026_04_PIT_CLE","d55cb69fed50a09170560b5b75d8de86","2026-10-02T00:15:00Z","player_receptions","DK Metcalf",7,3.5,0.534653465346535,3.5,3.5,3.5,NA
"2026-09-29T20:49:03Z","2026_04_PIT_CLE","d55cb69fed50a09170560b5b75d8de86","2026-10-02T00:15:00Z","player_receptions","Darnell Washington",7,1.5,0.61038961038961,1.5,1.5,1.5,NA
"2026-09-29T20:49:03Z","2026_04_PIT_CLE","d55cb69fed50a09170560b5b75d8de86","2026-10-02T00:15:00Z","player_receptions","Denzel Boston",7,2.5,0.561518396083553,2.5,2.5,2.5,NA
"2026-09-29T20:49:03Z","2026_04_PIT_CLE","d55cb69fed50a09170560b5b75d8de86","2026-10-02T00:15:00Z","player_receptions","Harold Fannin Jr.",7,4.5,0.492871109662702,4.5,4.5,4.5,NA
"2026-09-29T20:49:03Z","2026_04_PIT_CLE","d55cb69fed50a09170560b5b75d8de86","2026-10-02T00:15:00Z","player_receptions","Jaylen Warren",7,3.5,0.433489162770931,3.5,3.5,3.5,NA
"2026-09-29T20:49:03Z","2026_04_PIT_CLE","d55cb69fed50a09170560b5b75d8de86","2026-10-02T00:15:00Z","player_receptions","Jerry Jeudy",6,1.5,0.439909351682675,1.5,1.5,1.5,NA
"2026-09-29T20:49:03Z","2026_04_PIT_CLE","d55cb69fed50a09170560b5b75d8de86","2026-10-02T00:15:00Z","player_receptions","KC Concepcion",7,3.5,0.557522123893805,3.5,3.5,3.5,NA
"2026-09-29T20:49:03Z","2026_04_PIT_CLE","d55cb69fed50a09170560b5b75d8de86","2026-10-02T00:15:00Z","player_receptions","Michael Pittman Jr.",7,3.5,0.459208597948217,3.5,3.5,3.5,NA
"2026-09-29T20:49:03Z","2026_04_PIT_CLE","d55cb69fed50a09170560b5b75d8de86","2026-10-02T00:15:00Z","player_receptions","Pat Freiermuth",7,3.5,0.46485420481758,3.5,3.5,3.5,NA
"2026-09-29T20:49:03Z","2026_04_PIT_CLE","d55cb69fed50a09170560b5b75d8de86","2026-10-02T00:15:00Z","player_receptions","Quinshon Judkins",7,2.5,0.393220165324617,2.5,2.5,2.5,NA
"2026-09-29T20:49:03Z","2026_04_PIT_CLE","d55cb69fed50a09170560b5b75d8de86","2026-10-02T00:15:00Z","player_receptions","Raheim Sanders",7,1.5,0.616456487167951,1.5,1.5,2.5,NA
"2026-09-29T20:49:03Z","2026_04_PIT_CLE","d55cb69fed50a09170560b5b75d8de86","2026-10-02T00:15:00Z","player_receptions","Roman Wilson",7,2.5,0.459996068409672,2.5,2.5,2.5,NA
"2026-09-29T20:49:03Z","2026_04_PIT_CLE","d55cb69fed50a09170560b5b75d8de86","2026-10-02T00:15:00Z","player_rush_attempts","Deshaun Watson",3,5.5,0.540791402051783,5.5,5.5,5.5,NA
"2026-09-29T20:49:03Z","2026_04_PIT_CLE","d55cb69fed50a09170560b5b75d8de86","2026-10-02T00:15:00Z","player_rush_attempts","Jaylen Warren",2,15.5,0.503618596480285,15.5,15.5,15.5,NA
"2026-09-29T20:49:03Z","2026_04_PIT_CLE","d55cb69fed50a09170560b5b75d8de86","2026-10-02T00:15:00Z","player_rush_attempts","Quinshon Judkins",3,16.5,0.496904663640116,16.5,16.5,16.5,NA
"2026-09-29T20:49:03Z","2026_04_PIT_CLE","d55cb69fed50a09170560b5b75d8de86","2026-10-02T00:15:00Z","player_rush_yds","Aaron Rodgers",3,1.5,0.51265395647039,1.5,0.5,9.5,NA
"2026-09-29T20:49:03Z","2026_04_PIT_CLE","d55cb69fed50a09170560b5b75d8de86","2026-10-02T00:15:00Z","player_rush_yds","Deshaun Watson",7,29.5,0.5,29.5,28.5,31.5,NA
"2026-09-29T20:49:03Z","2026_04_PIT_CLE","d55cb69fed50a09170560b5b75d8de86","2026-10-02T00:15:00Z","player_rush_yds","Jaylen Warren",8,65.5,0.5,65.5,64.5,69.5,NA
"2026-09-29T20:49:03Z","2026_04_PIT_CLE","d55cb69fed50a09170560b5b75d8de86","2026-10-02T00:15:00Z","player_rush_yds","Quinshon Judkins",8,55.5,0.5,55.5,55.5,59.5,NA
"2026-09-29T20:49:03Z","2026_04_PIT_CLE","d55cb69fed50a09170560b5b75d8de86","2026-10-02T00:15:00Z","player_rush_yds","Raheim Sanders",1,6.5,0.489878542510122,6.5,6.5,6.5,NA
"2026-09-29T20:49:03Z","2026_04_ARI_NYG","664e6bda5721dc63be16bcf7d962a436","2026-10-04T17:00:00Z","player_anytime_td","Bam Knight",1,NA,NA,NA,NA,NA,0.105263157894737
"2026-09-29T20:49:03Z","2026_04_ARI_NYG","664e6bda5721dc63be16bcf7d962a436","2026-10-04T17:00:00Z","player_anytime_td","Cam Skattebo",5,NA,NA,NA,NA,NA,0.574468085106383
"2026-09-29T20:49:03Z","2026_04_ARI_NYG","664e6bda5721dc63be16bcf7d962a436","2026-10-04T17:00:00Z","player_anytime_td","Chris Manhertz",2,NA,NA,NA,NA,NA,0.0392307692307692
"2026-09-29T20:49:03Z","2026_04_ARI_NYG","664e6bda5721dc63be16bcf7d962a436","2026-10-04T17:00:00Z","player_anytime_td","Darnell Mooney",2,NA,NA,NA,NA,NA,0.189716312056738
"2026-09-29T20:49:03Z","2026_04_ARI_NYG","664e6bda5721dc63be16bcf7d962a436","2026-10-04T17:00:00Z","player_anytime_td","Devin Duvernay",2,NA,NA,NA,NA,NA,0.0584615384615385
"2026-09-29T20:49:03Z","2026_04_ARI_NYG","664e6bda5721dc63be16bcf7d962a436","2026-10-04T17:00:00Z","player_anytime_td","Devin Singletary",2,NA,NA,NA,NA,NA,0.158823529411765
"2026-09-29T20:49:03Z","2026_04_ARI_NYG","664e6bda5721dc63be16bcf7d962a436","2026-10-04T17:00:00Z","player_anytime_td","Elijah Higgins",2,NA,NA,NA,NA,NA,0.108333333333333
"2026-09-29T20:49:03Z","2026_04_ARI_NYG","664e6bda5721dc63be16bcf7d962a436","2026-10-04T17:00:00Z","player_anytime_td","Hunter Long",2,NA,NA,NA,NA,NA,0.0704545454545455
"2026-09-29T20:49:03Z","2026_04_ARI_NYG","664e6bda5721dc63be16bcf7d962a436","2026-10-04T17:00:00Z","player_anytime_td","Isaiah Likely",5,NA,NA,NA,NA,NA,0.294117647058824
"2026-09-29T20:49:03Z","2026_04_ARI_NYG","664e6bda5721dc63be16bcf7d962a436","2026-10-04T17:00:00Z","player_anytime_td","Jacoby Brissett",2,NA,NA,NA,NA,NA,0.177777777777778
"2026-09-29T20:49:03Z","2026_04_ARI_NYG","664e6bda5721dc63be16bcf7d962a436","2026-10-04T17:00:00Z","player_anytime_td","Jalen Brooks",2,NA,NA,NA,NA,NA,0.0463157894736842
"2026-09-29T20:49:03Z","2026_04_ARI_NYG","664e6bda5721dc63be16bcf7d962a436","2026-10-04T17:00:00Z","player_anytime_td","Jameis Winston",2,NA,NA,NA,NA,NA,0.169934640522876
"2026-09-29T20:49:03Z","2026_04_ARI_NYG","664e6bda5721dc63be16bcf7d962a436","2026-10-04T17:00:00Z","player_anytime_td","Jeremiyah Love",5,NA,NA,NA,NA,NA,0.534883720930233
"2026-09-29T20:49:03Z","2026_04_ARI_NYG","664e6bda5721dc63be16bcf7d962a436","2026-10-04T17:00:00Z","player_anytime_td","Kendrick Bourne",2,NA,NA,NA,NA,NA,0.191111111111111
"2026-09-29T20:49:03Z","2026_04_ARI_NYG","664e6bda5721dc63be16bcf7d962a436","2026-10-04T17:00:00Z","player_anytime_td","Malachi Fields",2,NA,NA,NA,NA,NA,0.20855614973262
"2026-09-29T20:49:03Z","2026_04_ARI_NYG","664e6bda5721dc63be16bcf7d962a436","2026-10-04T17:00:00Z","player_anytime_td","Malik Nabers",5,NA,NA,NA,NA,NA,0.392156862745098
"2026-09-29T20:49:03Z","2026_04_ARI_NYG","664e6bda5721dc63be16bcf7d962a436","2026-10-04T17:00:00Z","player_anytime_td","Marvin Harrison Jr.",2,NA,NA,NA,NA,NA,0.227040816326531
"2026-09-29T20:49:03Z","2026_04_ARI_NYG","664e6bda5721dc63be16bcf7d962a436","2026-10-04T17:00:00Z","player_anytime_td","Michael Wilson",2,NA,NA,NA,NA,NA,0.303571428571429
"2026-09-29T20:49:03Z","2026_04_ARI_NYG","664e6bda5721dc63be16bcf7d962a436","2026-10-04T17:00:00Z","player_anytime_td","Najee Harris",2,NA,NA,NA,NA,NA,0.239316239316239
"2026-09-29T20:49:03Z","2026_04_ARI_NYG","664e6bda5721dc63be16bcf7d962a436","2026-10-04T17:00:00Z","player_anytime_td","Odell Beckham Jr.",1,NA,NA,NA,NA,NA,0.0555555555555556
"2026-09-29T20:49:03Z","2026_04_ARI_NYG","664e6bda5721dc63be16bcf7d962a436","2026-10-04T17:00:00Z","player_anytime_td","Patrick Ricard",2,NA,NA,NA,NA,NA,0.0417391304347826
"2026-09-29T20:49:03Z","2026_04_ARI_NYG","664e6bda5721dc63be16bcf7d962a436","2026-10-04T17:00:00Z","player_anytime_td","Reggie Virgil",1,NA,NA,NA,NA,NA,0.0476190476190476
"2026-09-29T20:49:03Z","2026_04_ARI_NYG","664e6bda5721dc63be16bcf7d962a436","2026-10-04T17:00:00Z","player_anytime_td","Simi Fehoko",2,NA,NA,NA,NA,NA,0.0438095238095238
"2026-09-29T20:49:03Z","2026_04_ARI_NYG","664e6bda5721dc63be16bcf7d962a436","2026-10-04T17:00:00Z","player_anytime_td","Theo Johnson",2,NA,NA,NA,NA,NA,0.142156862745098
"2026-09-29T20:49:03Z","2026_04_ARI_NYG","664e6bda5721dc63be16bcf7d962a436","2026-10-04T17:00:00Z","player_anytime_td","Thomas Fidone",1,NA,NA,NA,NA,NA,0.032258064516129
"2026-09-29T20:49:03Z","2026_04_ARI_NYG","664e6bda5721dc63be16bcf7d962a436","2026-10-04T17:00:00Z","player_anytime_td","Trey McBride",5,NA,NA,NA,NA,NA,0.465116279069767
"2026-09-29T20:49:03Z","2026_04_ARI_NYG","664e6bda5721dc63be16bcf7d962a436","2026-10-04T17:00:00Z","player_anytime_td","Tyler Allgeier",2,NA,NA,NA,NA,NA,0.384615384615385
"2026-09-29T20:49:03Z","2026_04_ARI_NYG","664e6bda5721dc63be16bcf7d962a436","2026-10-04T17:00:00Z","player_anytime_td","Tyrone Tracy Jr.",2,NA,NA,NA,NA,NA,0.143589743589744
"2026-09-29T20:49:03Z","2026_04_ARI_NYG","664e6bda5721dc63be16bcf7d962a436","2026-10-04T17:00:00Z","player_anytime_td","Zonovan Knight",1,NA,NA,NA,NA,NA,0.04
"2026-09-29T20:49:03Z","2026_04_ATL_NO","8bd90781e17e6d97df3941063cedae1e","2026-10-06T00:15:00Z","player_anytime_td","Alvin Kamara",1,NA,NA,NA,NA,NA,0.555555555555556
"2026-09-29T20:49:03Z","2026_04_ATL_NO","8bd90781e17e6d97df3941063cedae1e","2026-10-06T00:15:00Z","player_anytime_td","Austin Hooper",1,NA,NA,NA,NA,NA,0.133333333333333
"2026-09-29T20:49:03Z","2026_04_ATL_NO","8bd90781e17e6d97df3941063cedae1e","2026-10-06T00:15:00Z","player_anytime_td","Barion Brown",1,NA,NA,NA,NA,NA,0.111111111111111
"2026-09-29T20:49:03Z","2026_04_ATL_NO","8bd90781e17e6d97df3941063cedae1e","2026-10-06T00:15:00Z","player_anytime_td","Bijan Robinson",1,NA,NA,NA,NA,NA,0.666666666666667
"2026-09-29T20:49:03Z","2026_04_ATL_NO","8bd90781e17e6d97df3941063cedae1e","2026-10-06T00:15:00Z","player_anytime_td","Brian Robinson Jr.",1,NA,NA,NA,NA,NA,0.32258064516129
"2026-09-29T20:49:03Z","2026_04_ATL_NO","8bd90781e17e6d97df3941063cedae1e","2026-10-06T00:15:00Z","player_anytime_td","Bryce Lance",1,NA,NA,NA,NA,NA,0.222222222222222
"2026-09-29T20:49:03Z","2026_04_ATL_NO","8bd90781e17e6d97df3941063cedae1e","2026-10-06T00:15:00Z","player_anytime_td","Charlie Woerner",1,NA,NA,NA,NA,NA,0.0555555555555556
"2026-09-29T20:49:03Z","2026_04_ATL_NO","8bd90781e17e6d97df3941063cedae1e","2026-10-06T00:15:00Z","player_anytime_td","Chris Blair",1,NA,NA,NA,NA,NA,0.0666666666666667
"2026-09-29T20:49:03Z","2026_04_ATL_NO","8bd90781e17e6d97df3941063cedae1e","2026-10-06T00:15:00Z","player_anytime_td","Chris Olave",1,NA,NA,NA,NA,NA,0.454545454545455
"2026-09-29T20:49:03Z","2026_04_ATL_NO","8bd90781e17e6d97df3941063cedae1e","2026-10-06T00:15:00Z","player_anytime_td","Devaughn Vele",1,NA,NA,NA,NA,NA,0.3125
"2026-09-29T20:49:03Z","2026_04_ATL_NO","8bd90781e17e6d97df3941063cedae1e","2026-10-06T00:15:00Z","player_anytime_td","Drake London",1,NA,NA,NA,NA,NA,0.37037037037037
"2026-09-29T20:49:03Z","2026_04_ATL_NO","8bd90781e17e6d97df3941063cedae1e","2026-10-06T00:15:00Z","player_anytime_td","Jahan Dotson",1,NA,NA,NA,NA,NA,0.2
"2026-09-29T20:49:03Z","2026_04_ATL_NO","8bd90781e17e6d97df3941063cedae1e","2026-10-06T00:15:00Z","player_anytime_td","Juwan Johnson",1,NA,NA,NA,NA,NA,0.344827586206897
"2026-09-29T20:49:03Z","2026_04_ATL_NO","8bd90781e17e6d97df3941063cedae1e","2026-10-06T00:15:00Z","player_anytime_td","Kendre Miller",1,NA,NA,NA,NA,NA,0.277777777777778
"2026-09-29T20:49:03Z","2026_04_ATL_NO","8bd90781e17e6d97df3941063cedae1e","2026-10-06T00:15:00Z","player_anytime_td","Kyle Pitts",1,NA,NA,NA,NA,NA,0.222222222222222
"2026-09-29T20:49:03Z","2026_04_ATL_NO","8bd90781e17e6d97df3941063cedae1e","2026-10-06T00:15:00Z","player_anytime_td","Michael Penix Jr.",1,NA,NA,NA,NA,NA,0.153846153846154
"2026-09-29T20:49:03Z","2026_04_ATL_NO","8bd90781e17e6d97df3941063cedae1e","2026-10-06T00:15:00Z","player_anytime_td","Nick Muse",1,NA,NA,NA,NA,NA,0.04
"2026-09-29T20:49:03Z","2026_04_ATL_NO","8bd90781e17e6d97df3941063cedae1e","2026-10-06T00:15:00Z","player_anytime_td","Noah Fant",1,NA,NA,NA,NA,NA,0.181818181818182
"2026-09-29T20:49:03Z","2026_04_ATL_NO","8bd90781e17e6d97df3941063cedae1e","2026-10-06T00:15:00Z","player_anytime_td","Olamide Zaccheaus",1,NA,NA,NA,NA,NA,0.133333333333333
"2026-09-29T20:49:03Z","2026_04_ATL_NO","8bd90781e17e6d97df3941063cedae1e","2026-10-06T00:15:00Z","player_anytime_td","Oscar Delp",1,NA,NA,NA,NA,NA,0.0833333333333333
"2026-09-29T20:49:03Z","2026_04_ATL_NO","8bd90781e17e6d97df3941063cedae1e","2026-10-06T00:15:00Z","player_anytime_td","Tyler Shough",1,NA,NA,NA,NA,NA,0.344827586206897
"2026-09-29T20:49:03Z","2026_04_ATL_NO","8bd90781e17e6d97df3941063cedae1e","2026-10-06T00:15:00Z","player_anytime_td","Zachariah Branch",1,NA,NA,NA,NA,NA,0.133333333333333
"2026-09-29T20:49:03Z","2026_04_DAL_HOU","daf55e2df5341c007fee5a0fc5bbc2d4","2026-10-04T17:00:00Z","player_anytime_td","Brevin Jordan",1,NA,NA,NA,NA,NA,0.0277777777777778
"2026-09-29T20:49:03Z","2026_04_DAL_HOU","daf55e2df5341c007fee5a0fc5bbc2d4","2026-10-04T17:00:00Z","player_anytime_td","Brevyn Spann-Ford",4,NA,NA,NA,NA,NA,0.0741758241758242
"2026-09-29T20:49:03Z","2026_04_DAL_HOU","daf55e2df5341c007fee5a0fc5bbc2d4","2026-10-04T17:00:00Z","player_anytime_td","British Brooks",2,NA,NA,NA,NA,NA,0.0627450980392157
"2026-09-29T20:49:03Z","2026_04_DAL_HOU","daf55e2df5341c007fee5a0fc5bbc2d4","2026-10-04T17:00:00Z","player_anytime_td","C.J. Stroud",4,NA,NA,NA,NA,NA,0.150997150997151
"2026-09-29T20:49:03Z","2026_04_DAL_HOU","daf55e2df5341c007fee5a0fc5bbc2d4","2026-10-04T17:00:00Z","player_anytime_td","Cade Stover",4,NA,NA,NA,NA,NA,0.0769230769230769
"2026-09-29T20:49:03Z","2026_04_DAL_HOU","daf55e2df5341c007fee5a0fc5bbc2d4","2026-10-04T17:00:00Z","player_anytime_td","Camden Brown",1,NA,NA,NA,NA,NA,0.0434782608695652
"2026-09-29T20:49:03Z","2026_04_DAL_HOU","daf55e2df5341c007fee5a0fc5bbc2d4","2026-10-04T17:00:00Z","player_anytime_td","CeeDee Lamb",6,NA,NA,NA,NA,NA,0.444444444444444
"2026-09-29T20:49:03Z","2026_04_DAL_HOU","daf55e2df5341c007fee5a0fc5bbc2d4","2026-10-04T17:00:00Z","player_anytime_td","Dak Prescott",3,NA,NA,NA,NA,NA,0.133333333333333
"2026-09-29T20:49:03Z","2026_04_DAL_HOU","daf55e2df5341c007fee5a0fc5bbc2d4","2026-10-04T17:00:00Z","player_anytime_td","Dalton Schultz",4,NA,NA,NA,NA,NA,0.377492877492878
"2026-09-29T20:49:03Z","2026_04_DAL_HOU","daf55e2df5341c007fee5a0fc5bbc2d4","2026-10-04T17:00:00Z","player_anytime_td","David Montgomery",6,NA,NA,NA,NA,NA,0.586769803459522
"2026-09-29T20:49:03Z","2026_04_DAL_HOU","daf55e2df5341c007fee5a0fc5bbc2d4","2026-10-04T17:00:00Z","player_anytime_td","Emari Demercado",2,NA,NA,NA,NA,NA,0.0976190476190476
"2026-09-29T20:49:03Z","2026_04_DAL_HOU","daf55e2df5341c007fee5a0fc5bbc2d4","2026-10-04T17:00:00Z","player_anytime_td","Foster Moreau",4,NA,NA,NA,NA,NA,0.127789046653144
"2026-09-29T20:49:03Z","2026_04_DAL_HOU","daf55e2df5341c007fee5a0fc5bbc2d4","2026-10-04T17:00:00Z","player_anytime_td","George Pickens",6,NA,NA,NA,NA,NA,0.363636363636364
"2026-09-29T20:49:03Z","2026_04_DAL_HOU","daf55e2df5341c007fee5a0fc5bbc2d4","2026-10-04T17:00:00Z","player_anytime_td","Hunter Luepke",4,NA,NA,NA,NA,NA,0.0645833333333333
"2026-09-29T20:49:03Z","2026_04_DAL_HOU","daf55e2df5341c007fee5a0fc5bbc2d4","2026-10-04T17:00:00Z","player_anytime_td","Jake Ferguson",6,NA,NA,NA,NA,NA,0.261538461538461
"2026-09-29T20:49:03Z","2026_04_DAL_HOU","daf55e2df5341c007fee5a0fc5bbc2d4","2026-10-04T17:00:00Z","player_anytime_td","Jared Wayne",2,NA,NA,NA,NA,NA,0.16025641025641
"2026-09-29T20:49:03Z","2026_04_DAL_HOU","daf55e2df5341c007fee5a0fc5bbc2d4","2026-10-04T17:00:00Z","player_anytime_td","Javonte Williams",6,NA,NA,NA,NA,NA,0.632333062989997
"2026-09-29T20:49:03Z","2026_04_DAL_HOU","daf55e2df5341c007fee5a0fc5bbc2d4","2026-10-04T17:00:00Z","player_anytime_td","Jaylin Noel",3,NA,NA,NA,NA,NA,0.222222222222222
"2026-09-29T20:49:03Z","2026_04_DAL_HOU","daf55e2df5341c007fee5a0fc5bbc2d4","2026-10-04T17:00:00Z","player_anytime_td","Jonathan Mingo",2,NA,NA,NA,NA,NA,0.0527777777777778
"2026-09-29T20:49:03Z","2026_04_DAL_HOU","daf55e2df5341c007fee5a0fc5bbc2d4","2026-10-04T17:00:00Z","player_anytime_td","KaVontae Turpin",4,NA,NA,NA,NA,NA,0.108187134502924
"2026-09-29T20:49:03Z","2026_04_DAL_HOU","daf55e2df5341c007fee5a0fc5bbc2d4","2026-10-04T17:00:00Z","player_anytime_td","Kayshon Boutte",4,NA,NA,NA,NA,NA,0.294691224268689
"2026-09-29T20:49:03Z","2026_04_DAL_HOU","daf55e2df5341c007fee5a0fc5bbc2d4","2026-10-04T17:00:00Z","player_anytime_td","Luke Schoonmaker",4,NA,NA,NA,NA,NA,0.0714285714285714
"2026-09-29T20:49:03Z","2026_04_DAL_HOU","daf55e2df5341c007fee5a0fc5bbc2d4","2026-10-04T17:00:00Z","player_anytime_td","Marlin Klein",2,NA,NA,NA,NA,NA,0.0525641025641026
"2026-09-29T20:49:03Z","2026_04_DAL_HOU","daf55e2df5341c007fee5a0fc5bbc2d4","2026-10-04T17:00:00Z","player_anytime_td","Nico Collins",6,NA,NA,NA,NA,NA,0.465116279069767
"2026-09-29T20:49:03Z","2026_04_DAL_HOU","daf55e2df5341c007fee5a0fc5bbc2d4","2026-10-04T17:00:00Z","player_anytime_td","Ryan Flournoy",4,NA,NA,NA,NA,NA,0.195238095238095
"2026-09-29T20:49:03Z","2026_04_DAL_HOU","daf55e2df5341c007fee5a0fc5bbc2d4","2026-10-04T17:00:00Z","player_anytime_td","Tyler Goodson",4,NA,NA,NA,NA,NA,0.0871212121212121
"2026-09-29T20:49:03Z","2026_04_DAL_HOU","daf55e2df5341c007fee5a0fc5bbc2d4","2026-10-04T17:00:00Z","player_anytime_td","Woody Marks",6,NA,NA,NA,NA,NA,0.380986937590711
"2026-09-29T20:49:03Z","2026_04_DAL_HOU","daf55e2df5341c007fee5a0fc5bbc2d4","2026-10-04T17:00:00Z","player_anytime_td","Xavier Hutchinson",2,NA,NA,NA,NA,NA,0.27526395173454
"2026-09-29T20:49:03Z","2026_04_DEN_SF","a7e7efb75a9792ac63480ae6328dca18","2026-10-04T20:25:00Z","player_anytime_td","Adam Prentice",1,NA,NA,NA,NA,NA,0.0434782608695652
"2026-09-29T20:49:03Z","2026_04_DEN_SF","a7e7efb75a9792ac63480ae6328dca18","2026-10-04T20:25:00Z","player_anytime_td","Adam Trautman",4,NA,NA,NA,NA,NA,0.108187134502924
"2026-09-29T20:49:03Z","2026_04_DEN_SF","a7e7efb75a9792ac63480ae6328dca18","2026-10-04T20:25:00Z","player_anytime_td","Bo Nix",4,NA,NA,NA,NA,NA,0.220445736434109
"2026-09-29T20:49:03Z","2026_04_DEN_SF","a7e7efb75a9792ac63480ae6328dca18","2026-10-04T20:25:00Z","player_anytime_td","Brayden Willis",4,NA,NA,NA,NA,NA,0.0488095238095238
"2026-09-29T20:49:03Z","2026_04_DEN_SF","a7e7efb75a9792ac63480ae6328dca18","2026-10-04T20:25:00Z","player_anytime_td","Brock Purdy",4,NA,NA,NA,NA,NA,0.233926128590971
"2026-09-29T20:49:03Z","2026_04_DEN_SF","a7e7efb75a9792ac63480ae6328dca18","2026-10-04T20:25:00Z","player_anytime_td","Christian McCaffrey",6,NA,NA,NA,NA,NA,0.703687445127305
"2026-09-29T20:49:03Z","2026_04_DEN_SF","a7e7efb75a9792ac63480ae6328dca18","2026-10-04T20:25:00Z","player_anytime_td","Courtland Sutton",4,NA,NA,NA,NA,NA,0.305503731343284
"2026-09-29T20:49:03Z","2026_04_DEN_SF","a7e7efb75a9792ac63480ae6328dca18","2026-10-04T20:25:00Z","player_anytime_td","Dallen Bentley",3,NA,NA,NA,NA,NA,0.0714285714285714
"2026-09-29T20:49:03Z","2026_04_DEN_SF","a7e7efb75a9792ac63480ae6328dca18","2026-10-04T20:25:00Z","player_anytime_td","Deebo Samuel",4,NA,NA,NA,NA,NA,0.417391304347826
"2026-09-29T20:49:03Z","2026_04_DEN_SF","a7e7efb75a9792ac63480ae6328dca18","2026-10-04T20:25:00Z","player_anytime_td","Demarcus Robinson",1,NA,NA,NA,NA,NA,0.181818181818182
"2026-09-29T20:49:03Z","2026_04_DEN_SF","a7e7efb75a9792ac63480ae6328dca18","2026-10-04T20:25:00Z","player_anytime_td","Evan Engram",4,NA,NA,NA,NA,NA,0.186147186147186
"2026-09-29T20:49:03Z","2026_04_DEN_SF","a7e7efb75a9792ac63480ae6328dca18","2026-10-04T20:25:00Z","player_anytime_td","George Kittle",4,NA,NA,NA,NA,NA,0.392928825073336
"2026-09-29T20:49:03Z","2026_04_DEN_SF","a7e7efb75a9792ac63480ae6328dca18","2026-10-04T20:25:00Z","player_anytime_td","J.K. Dobbins",6,NA,NA,NA,NA,NA,0.476190476190476
"2026-09-29T20:49:03Z","2026_04_DEN_SF","a7e7efb75a9792ac63480ae6328dca18","2026-10-04T20:25:00Z","player_anytime_td","Jacob Cowing",4,NA,NA,NA,NA,NA,0.117647058823529
"2026-09-29T20:49:03Z","2026_04_DEN_SF","a7e7efb75a9792ac63480ae6328dca18","2026-10-04T20:25:00Z","player_anytime_td","James Jordan",4,NA,NA,NA,NA,NA,0.0788690476190476
"2026-09-29T20:49:03Z","2026_04_DEN_SF","a7e7efb75a9792ac63480ae6328dca18","2026-10-04T20:25:00Z","player_anytime_td","Jaylen Waddle",6,NA,NA,NA,NA,NA,0.327868852459016
"2026-09-29T20:49:03Z","2026_04_DEN_SF","a7e7efb75a9792ac63480ae6328dca18","2026-10-04T20:25:00Z","player_anytime_td","Jordan Watkins",4,NA,NA,NA,NA,NA,0.253265371137305
"2026-09-29T20:49:03Z","2026_04_DEN_SF","a7e7efb75a9792ac63480ae6328dca18","2026-10-04T20:25:00Z","player_anytime_td","Kaelon Black",4,NA,NA,NA,NA,NA,0.258937520882058
"2026-09-29T20:49:03Z","2026_04_DEN_SF","a7e7efb75a9792ac63480ae6328dca18","2026-10-04T20:25:00Z","player_anytime_td","KhaDarel Hodge",4,NA,NA,NA,NA,NA,0.135632183908046
"2026-09-29T20:49:03Z","2026_04_DEN_SF","a7e7efb75a9792ac63480ae6328dca18","2026-10-04T20:25:00Z","player_anytime_td","Kyle Juszczyk",4,NA,NA,NA,NA,NA,0.142857142857143
"2026-09-29T20:49:03Z","2026_04_DEN_SF","a7e7efb75a9792ac63480ae6328dca18","2026-10-04T20:25:00Z","player_anytime_td","Lil'Jordan Humphrey",3,NA,NA,NA,NA,NA,0.0909090909090909
"2026-09-29T20:49:03Z","2026_04_DEN_SF","a7e7efb75a9792ac63480ae6328dca18","2026-10-04T20:25:00Z","player_anytime_td","Luke Farrell",4,NA,NA,NA,NA,NA,0.0909090909090909
"2026-09-29T20:49:03Z","2026_04_DEN_SF","a7e7efb75a9792ac63480ae6328dca18","2026-10-04T20:25:00Z","player_anytime_td","Marvin Mims Jr.",4,NA,NA,NA,NA,NA,0.111111111111111
"2026-09-29T20:49:03Z","2026_04_DEN_SF","a7e7efb75a9792ac63480ae6328dca18","2026-10-04T20:25:00Z","player_anytime_td","Mike Evans",4,NA,NA,NA,NA,NA,0.373864430468204
"2026-09-29T20:49:03Z","2026_04_DEN_SF","a7e7efb75a9792ac63480ae6328dca18","2026-10-04T20:25:00Z","player_anytime_td","Nate Adkins",4,NA,NA,NA,NA,NA,0.0839160839160839
"2026-09-29T20:49:03Z","2026_04_DEN_SF","a7e7efb75a9792ac63480ae6328dca18","2026-10-04T20:25:00Z","player_anytime_td","Pat Bryant",4,NA,NA,NA,NA,NA,0.208423795049935
"2026-09-29T20:49:03Z","2026_04_DEN_SF","a7e7efb75a9792ac63480ae6328dca18","2026-10-04T20:25:00Z","player_anytime_td","RJ Harvey",6,NA,NA,NA,NA,NA,0.322916666666667
"2026-09-29T20:49:03Z","2026_04_DEN_SF","a7e7efb75a9792ac63480ae6328dca18","2026-10-04T20:25:00Z","player_anytime_td","Troy Franklin",4,NA,NA,NA,NA,NA,0.0930735930735931
"2026-09-29T20:49:03Z","2026_04_DEN_SF","a7e7efb75a9792ac63480ae6328dca18","2026-10-04T20:25:00Z","player_anytime_td","Tyler Badie",4,NA,NA,NA,NA,NA,0.0833333333333333
"2026-09-29T20:49:03Z","2026_04_DET_CAR","a73a76599a4f3422803e57bd8f61b626","2026-10-05T00:20:00Z","player_anytime_td","AJ Dillon",8,NA,NA,NA,NA,NA,0.125
"2026-09-29T20:49:03Z","2026_04_DET_CAR","a73a76599a4f3422803e57bd8f61b626","2026-10-05T00:20:00Z","player_anytime_td","Amon-Ra St. Brown",8,NA,NA,NA,NA,NA,0.545454545454545
"2026-09-29T20:49:03Z","2026_04_DET_CAR","a73a76599a4f3422803e57bd8f61b626","2026-10-05T00:20:00Z","player_anytime_td","Anthony Tyus III",1,NA,NA,NA,NA,NA,0.0476190476190476
"2026-09-29T20:49:03Z","2026_04_DET_CAR","a73a76599a4f3422803e57bd8f61b626","2026-10-05T00:20:00Z","player_anytime_td","Brock Wright",8,NA,NA,NA,NA,NA,0.135632183908046
"2026-09-29T20:49:03Z","2026_04_DET_CAR","a73a76599a4f3422803e57bd8f61b626","2026-10-05T00:20:00Z","player_anytime_td","Bryce Young",8,NA,NA,NA,NA,NA,0.174675819984744
"2026-09-29T20:49:03Z","2026_04_DET_CAR","a73a76599a4f3422803e57bd8f61b626","2026-10-05T00:20:00Z","player_anytime_td","Brycen Tremayne",5,NA,NA,NA,NA,NA,0.133333333333333
"2026-09-29T20:49:03Z","2026_04_DET_CAR","a73a76599a4f3422803e57bd8f61b626","2026-10-05T00:20:00Z","player_anytime_td","Chuba Hubbard",8,NA,NA,NA,NA,NA,0.575369635773531
"2026-09-29T20:49:03Z","2026_04_DET_CAR","a73a76599a4f3422803e57bd8f61b626","2026-10-05T00:20:00Z","player_anytime_td","Darren Waller",8,NA,NA,NA,NA,NA,0.263203463203463
"2026-09-29T20:49:03Z","2026_04_DET_CAR","a73a76599a4f3422803e57bd8f61b626","2026-10-05T00:20:00Z","player_anytime_td","David Moore",1,NA,NA,NA,NA,NA,0.0540540540540541
"2026-09-29T20:49:03Z","2026_04_DET_CAR","a73a76599a4f3422803e57bd8f61b626","2026-10-05T00:20:00Z","player_anytime_td","Feleipe Franks",3,NA,NA,NA,NA,NA,0.0285714285714286
"2026-09-29T20:49:03Z","2026_04_DET_CAR","a73a76599a4f3422803e57bd8f61b626","2026-10-05T00:20:00Z","player_anytime_td","Isaac TeSlaa",8,NA,NA,NA,NA,NA,0.178628389154705
"2026-09-29T20:49:03Z","2026_04_DET_CAR","a73a76599a4f3422803e57bd8f61b626","2026-10-05T00:20:00Z","player_anytime_td","Ja'Tavion Sanders",1,NA,NA,NA,NA,NA,0.0434782608695652
"2026-09-29T20:49:03Z","2026_04_DET_CAR","a73a76599a4f3422803e57bd8f61b626","2026-10-05T00:20:00Z","player_anytime_td","Jackson Meeks",5,NA,NA,NA,NA,NA,0.05
"2026-09-29T20:49:03Z","2026_04_DET_CAR","a73a76599a4f3422803e57bd8f61b626","2026-10-05T00:20:00Z","player_anytime_td","Jacob Saylors",5,NA,NA,NA,NA,NA,0.0714285714285714
"2026-09-29T20:49:03Z","2026_04_DET_CAR","a73a76599a4f3422803e57bd8f61b626","2026-10-05T00:20:00Z","player_anytime_td","Jahmyr Gibbs",8,NA,NA,NA,NA,NA,0.768716577540107
"2026-09-29T20:49:03Z","2026_04_DET_CAR","a73a76599a4f3422803e57bd8f61b626","2026-10-05T00:20:00Z","player_anytime_td","Jalen Coker",8,NA,NA,NA,NA,NA,0.343788764841396
"2026-09-29T20:49:03Z","2026_04_DET_CAR","a73a76599a4f3422803e57bd8f61b626","2026-10-05T00:20:00Z","player_anytime_td","Jameson Williams",8,NA,NA,NA,NA,NA,0.317540322580645
"2026-09-29T20:49:03Z","2026_04_DET_CAR","a73a76599a4f3422803e57bd8f61b626","2026-10-05T00:20:00Z","player_anytime_td","Jared Goff",8,NA,NA,NA,NA,NA,0.0976190476190476
"2026-09-29T20:49:03Z","2026_04_DET_CAR","a73a76599a4f3422803e57bd8f61b626","2026-10-05T00:20:00Z","player_anytime_td","John Metchie III",5,NA,NA,NA,NA,NA,0.166666666666667
"2026-09-29T20:49:03Z","2026_04_DET_CAR","a73a76599a4f3422803e57bd8f61b626","2026-10-05T00:20:00Z","player_anytime_td","Mitchell Evans",5,NA,NA,NA,NA,NA,0.114285714285714
"2026-09-29T20:49:03Z","2026_04_DET_CAR","a73a76599a4f3422803e57bd8f61b626","2026-10-05T00:20:00Z","player_anytime_td","Sam LaPorta",8,NA,NA,NA,NA,NA,0.349654624365793
"2026-09-29T20:49:03Z","2026_04_DET_CAR","a73a76599a4f3422803e57bd8f61b626","2026-10-05T00:20:00Z","player_anytime_td","Sione Vaki",8,NA,NA,NA,NA,NA,0.143589743589744
"2026-09-29T20:49:03Z","2026_04_DET_CAR","a73a76599a4f3422803e57bd8f61b626","2026-10-05T00:20:00Z","player_anytime_td","Tay Martin",8,NA,NA,NA,NA,NA,0.0344827586206897
"2026-09-29T20:49:03Z","2026_04_DET_CAR","a73a76599a4f3422803e57bd8f61b626","2026-10-05T00:20:00Z","player_anytime_td","Tetairoa McMillan",8,NA,NA,NA,NA,NA,0.454545454545455
"2026-09-29T20:49:03Z","2026_04_DET_CAR","a73a76599a4f3422803e57bd8f61b626","2026-10-05T00:20:00Z","player_anytime_td","Tom Kennedy",8,NA,NA,NA,NA,NA,0.0625
"2026-09-29T20:49:03Z","2026_04_DET_CAR","a73a76599a4f3422803e57bd8f61b626","2026-10-05T00:20:00Z","player_anytime_td","Tommy Tremble",8,NA,NA,NA,NA,NA,0.194633408919123
"2026-09-29T20:49:03Z","2026_04_DET_CAR","a73a76599a4f3422803e57bd8f61b626","2026-10-05T00:20:00Z","player_anytime_td","Tyler Conklin",4,NA,NA,NA,NA,NA,0.0575657894736842
"2026-09-29T20:49:03Z","2026_04_DET_CAR","a73a76599a4f3422803e57bd8f61b626","2026-10-05T00:20:00Z","player_anytime_td","Xavier Legette",5,NA,NA,NA,NA,NA,0.153846153846154
"2026-09-29T20:49:03Z","2026_04_GB_TB","99a9bae4dc0dc2590496bd3102b211f2","2026-10-04T17:00:00Z","player_anytime_td","Bauer Sharp",2,NA,NA,NA,NA,NA,0.0442307692307692
"2026-09-29T20:49:03Z","2026_04_GB_TB","99a9bae4dc0dc2590496bd3102b211f2","2026-10-04T17:00:00Z","player_anytime_td","Bo Melton",2,NA,NA,NA,NA,NA,0.0801282051282051
"2026-09-29T20:49:03Z","2026_04_GB_TB","99a9bae4dc0dc2590496bd3102b211f2","2026-10-04T17:00:00Z","player_anytime_td","Bucky Irving",2,NA,NA,NA,NA,NA,0.459830866807611
"2026-09-29T20:49:03Z","2026_04_GB_TB","99a9bae4dc0dc2590496bd3102b211f2","2026-10-04T17:00:00Z","player_anytime_td","Cade Otton",2,NA,NA,NA,NA,NA,0.225
"2026-09-29T20:49:03Z","2026_04_GB_TB","99a9bae4dc0dc2590496bd3102b211f2","2026-10-04T17:00:00Z","player_anytime_td","Chris Brooks",1,NA,NA,NA,NA,NA,0.181818181818182
"2026-09-29T20:49:03Z","2026_04_GB_TB","99a9bae4dc0dc2590496bd3102b211f2","2026-10-04T17:00:00Z","player_anytime_td","Chris Godwin",2,NA,NA,NA,NA,NA,0.202040816326531
"2026-09-29T20:49:03Z","2026_04_GB_TB","99a9bae4dc0dc2590496bd3102b211f2","2026-10-04T17:00:00Z","player_anytime_td","Christian Watson",2,NA,NA,NA,NA,NA,0.392307692307692
"2026-09-29T20:49:03Z","2026_04_GB_TB","99a9bae4dc0dc2590496bd3102b211f2","2026-10-04T17:00:00Z","player_anytime_td","Emeka Egbuka",2,NA,NA,NA,NA,NA,0.272121436504998
"2026-09-29T20:49:03Z","2026_04_GB_TB","99a9bae4dc0dc2590496bd3102b211f2","2026-10-04T17:00:00Z","player_anytime_td","J. Michael Sturdivant",1,NA,NA,NA,NA,NA,0.0833333333333333
"2026-09-29T20:49:03Z","2026_04_GB_TB","99a9bae4dc0dc2590496bd3102b211f2","2026-10-04T17:00:00Z","player_anytime_td","Jalon Daniels",2,NA,NA,NA,NA,NA,0.213151927437642
"2026-09-29T20:49:03Z","2026_04_GB_TB","99a9bae4dc0dc2590496bd3102b211f2","2026-10-04T17:00:00Z","player_anytime_td","Jonnu Smith",2,NA,NA,NA,NA,NA,0.117647058823529
"2026-09-29T20:49:03Z","2026_04_GB_TB","99a9bae4dc0dc2590496bd3102b211f2","2026-10-04T17:00:00Z","player_anytime_td","Jordan Love",2,NA,NA,NA,NA,NA,0.143589743589744
"2026-09-29T20:49:03Z","2026_04_GB_TB","99a9bae4dc0dc2590496bd3102b211f2","2026-10-04T17:00:00Z","player_anytime_td","Josh Whyle",1,NA,NA,NA,NA,NA,0.0285714285714286
"2026-09-29T20:49:03Z","2026_04_GB_TB","99a9bae4dc0dc2590496bd3102b211f2","2026-10-04T17:00:00Z","player_anytime_td","Kaleb Johnson",2,NA,NA,NA,NA,NA,0.374125874125874
"2026-09-29T20:49:03Z","2026_04_GB_TB","99a9bae4dc0dc2590496bd3102b211f2","2026-10-04T17:00:00Z","player_anytime_td","Kameron Johnson",2,NA,NA,NA,NA,NA,0.0690476190476191
"2026-09-29T20:49:03Z","2026_04_GB_TB","99a9bae4dc0dc2590496bd3102b211f2","2026-10-04T17:00:00Z","player_anytime_td","Kenny Gainwell",2,NA,NA,NA,NA,NA,0.217647058823529
"2026-09-29T20:49:03Z","2026_04_GB_TB","99a9bae4dc0dc2590496bd3102b211f2","2026-10-04T17:00:00Z","player_anytime_td","Ko Kieft",2,NA,NA,NA,NA,NA,0.0372413793103448
"2026-09-29T20:49:03Z","2026_04_GB_TB","99a9bae4dc0dc2590496bd3102b211f2","2026-10-04T17:00:00Z","player_anytime_td","MarShawn Lloyd",2,NA,NA,NA,NA,NA,0.339080459770115
"2026-09-29T20:49:03Z","2026_04_GB_TB","99a9bae4dc0dc2590496bd3102b211f2","2026-10-04T17:00:00Z","player_anytime_td","Mark Redman",2,NA,NA,NA,NA,NA,0.045
"2026-09-29T20:49:03Z","2026_04_GB_TB","99a9bae4dc0dc2590496bd3102b211f2","2026-10-04T17:00:00Z","player_anytime_td","Matthew Golden",2,NA,NA,NA,NA,NA,0.35625
"2026-09-29T20:49:03Z","2026_04_GB_TB","99a9bae4dc0dc2590496bd3102b211f2","2026-10-04T17:00:00Z","player_anytime_td","Payne Durham",2,NA,NA,NA,NA,NA,0.0714285714285714
"2026-09-29T20:49:03Z","2026_04_GB_TB","99a9bae4dc0dc2590496bd3102b211f2","2026-10-04T17:00:00Z","player_anytime_td","Sean Tucker",2,NA,NA,NA,NA,NA,0.105555555555556
"2026-09-29T20:49:03Z","2026_04_GB_TB","99a9bae4dc0dc2590496bd3102b211f2","2026-10-04T17:00:00Z","player_anytime_td","Skyy Moore",2,NA,NA,NA,NA,NA,0.174074074074074
"2026-09-29T20:49:03Z","2026_04_GB_TB","99a9bae4dc0dc2590496bd3102b211f2","2026-10-04T17:00:00Z","player_anytime_td","Ted Hurst III",2,NA,NA,NA,NA,NA,0.188948306595365
"2026-09-29T20:49:03Z","2026_04_GB_TB","99a9bae4dc0dc2590496bd3102b211f2","2026-10-04T17:00:00Z","player_anytime_td","Tez Johnson",2,NA,NA,NA,NA,NA,0.11437908496732
"2026-09-29T20:49:03Z","2026_04_GB_TB","99a9bae4dc0dc2590496bd3102b211f2","2026-10-04T17:00:00Z","player_anytime_td","Tucker Kraft",2,NA,NA,NA,NA,NA,0.282193958664547
"2026-09-29T20:49:03Z","2026_04_IND_WAS","c9d8ed8aa4889486eaf10a630138ede0","2026-10-04T13:30:00Z","player_anytime_td","Anthony Gould",7,NA,NA,NA,NA,NA,0.0625
"2026-09-29T20:49:03Z","2026_04_IND_WAS","c9d8ed8aa4889486eaf10a630138ede0","2026-10-04T13:30:00Z","player_anytime_td","Antonio Williams",8,NA,NA,NA,NA,NA,0.153846153846154
"2026-09-29T20:49:03Z","2026_04_IND_WAS","c9d8ed8aa4889486eaf10a630138ede0","2026-10-04T13:30:00Z","player_anytime_td","Ashton Dulin",2,NA,NA,NA,NA,NA,0.100250626566416
"2026-09-29T20:49:03Z","2026_04_IND_WAS","c9d8ed8aa4889486eaf10a630138ede0","2026-10-04T13:30:00Z","player_anytime_td","Ben Sinnott",7,NA,NA,NA,NA,NA,0.133333333333333
"2026-09-29T20:49:03Z","2026_04_IND_WAS","c9d8ed8aa4889486eaf10a630138ede0","2026-10-04T13:30:00Z","player_anytime_td","Chig Okonkwo",8,NA,NA,NA,NA,NA,0.2
"2026-09-29T20:49:03Z","2026_04_IND_WAS","c9d8ed8aa4889486eaf10a630138ede0","2026-10-04T13:30:00Z","player_anytime_td","Colson Yankoff",3,NA,NA,NA,NA,NA,0.0625
"2026-09-29T20:49:03Z","2026_04_IND_WAS","c9d8ed8aa4889486eaf10a630138ede0","2026-10-04T13:30:00Z","player_anytime_td","DJ Giddens",2,NA,NA,NA,NA,NA,0.0773809523809524
"2026-09-29T20:49:03Z","2026_04_IND_WAS","c9d8ed8aa4889486eaf10a630138ede0","2026-10-04T13:30:00Z","player_anytime_td","Daniel Jones",8,NA,NA,NA,NA,NA,0.198039215686275
"2026-09-29T20:49:03Z","2026_04_IND_WAS","c9d8ed8aa4889486eaf10a630138ede0","2026-10-04T13:30:00Z","player_anytime_td","Darius Slayton",7,NA,NA,NA,NA,NA,0.153846153846154
"2026-09-29T20:49:03Z","2026_04_IND_WAS","c9d8ed8aa4889486eaf10a630138ede0","2026-10-04T13:30:00Z","player_anytime_td","Deion Burks",4,NA,NA,NA,NA,NA,0.0769230769230769
"2026-09-29T20:49:03Z","2026_04_IND_WAS","c9d8ed8aa4889486eaf10a630138ede0","2026-10-04T13:30:00Z","player_anytime_td","Drew Ogletree",4,NA,NA,NA,NA,NA,0.0669642857142857
"2026-09-29T20:49:03Z","2026_04_IND_WAS","c9d8ed8aa4889486eaf10a630138ede0","2026-10-04T13:30:00Z","player_anytime_td","Dyami Brown",8,NA,NA,NA,NA,NA,0.120071684587814
"2026-09-29T20:49:03Z","2026_04_IND_WAS","c9d8ed8aa4889486eaf10a630138ede0","2026-10-04T13:30:00Z","player_anytime_td","Jacory Croskey-Merritt",8,NA,NA,NA,NA,NA,0.481997677119628
"2026-09-29T20:49:03Z","2026_04_IND_WAS","c9d8ed8aa4889486eaf10a630138ede0","2026-10-04T13:30:00Z","player_anytime_td","Jaylin Lane",8,NA,NA,NA,NA,NA,0.0645833333333333
"2026-09-29T20:49:03Z","2026_04_IND_WAS","c9d8ed8aa4889486eaf10a630138ede0","2026-10-04T13:30:00Z","player_anytime_td","John Bates",8,NA,NA,NA,NA,NA,0.123106060606061
"2026-09-29T20:49:03Z","2026_04_IND_WAS","c9d8ed8aa4889486eaf10a630138ede0","2026-10-04T13:30:00Z","player_anytime_td","Jonathan Taylor",8,NA,NA,NA,NA,NA,0.735087719298246
"2026-09-29T20:49:03Z","2026_04_IND_WAS","c9d8ed8aa4889486eaf10a630138ede0","2026-10-04T13:30:00Z","player_anytime_td","Josh Downs",8,NA,NA,NA,NA,NA,0.353374539551726
"2026-09-29T20:49:03Z","2026_04_IND_WAS","c9d8ed8aa4889486eaf10a630138ede0","2026-10-04T13:30:00Z","player_anytime_td","Kaytron Allen",8,NA,NA,NA,NA,NA,0.0833333333333333
"2026-09-29T20:49:03Z","2026_04_IND_WAS","c9d8ed8aa4889486eaf10a630138ede0","2026-10-04T13:30:00Z","player_anytime_td","Keenan Allen",8,NA,NA,NA,NA,NA,0.277831371792398
"2026-09-29T20:49:03Z","2026_04_IND_WAS","c9d8ed8aa4889486eaf10a630138ede0","2026-10-04T13:30:00Z","player_anytime_td","Laquon Treadwell",7,NA,NA,NA,NA,NA,0.172413793103448
"2026-09-29T20:49:03Z","2026_04_IND_WAS","c9d8ed8aa4889486eaf10a630138ede0","2026-10-04T13:30:00Z","player_anytime_td","Luke McCaffrey",3,NA,NA,NA,NA,NA,0.0666666666666667
"2026-09-29T20:49:03Z","2026_04_IND_WAS","c9d8ed8aa4889486eaf10a630138ede0","2026-10-04T13:30:00Z","player_anytime_td","Marcus Mariota",8,NA,NA,NA,NA,NA,0.206207482993197
"2026-09-29T20:49:03Z","2026_04_IND_WAS","c9d8ed8aa4889486eaf10a630138ede0","2026-10-04T13:30:00Z","player_anytime_td","Mo Alie-Cox",8,NA,NA,NA,NA,NA,0.0833333333333333
"2026-09-29T20:49:03Z","2026_04_IND_WAS","c9d8ed8aa4889486eaf10a630138ede0","2026-10-04T13:30:00Z","player_anytime_td","Rachaad White",8,NA,NA,NA,NA,NA,0.283816425120773
"2026-09-29T20:49:03Z","2026_04_IND_WAS","c9d8ed8aa4889486eaf10a630138ede0","2026-10-04T13:30:00Z","player_anytime_td","Seth McGowan",8,NA,NA,NA,NA,NA,0.117647058823529
"2026-09-29T20:49:03Z","2026_04_IND_WAS","c9d8ed8aa4889486eaf10a630138ede0","2026-10-04T13:30:00Z","player_anytime_td","Stefon Diggs",8,NA,NA,NA,NA,NA,0.281746031746032
"2026-09-29T20:49:03Z","2026_04_IND_WAS","c9d8ed8aa4889486eaf10a630138ede0","2026-10-04T13:30:00Z","player_anytime_td","Terry McLaurin",8,NA,NA,NA,NA,NA,0.303030303030303
"2026-09-29T20:49:03Z","2026_04_IND_WAS","c9d8ed8aa4889486eaf10a630138ede0","2026-10-04T13:30:00Z","player_anytime_td","Treylon Burks",8,NA,NA,NA,NA,NA,0.1
"2026-09-29T20:49:03Z","2026_04_IND_WAS","c9d8ed8aa4889486eaf10a630138ede0","2026-10-04T13:30:00Z","player_anytime_td","Tyler Warren",8,NA,NA,NA,NA,NA,0.387620192307692
"2026-09-29T20:49:03Z","2026_04_JAX_CIN","2ea94ddf20f66432b9024fe2e2eaba5f","2026-10-04T17:00:00Z","player_anytime_td","Ameer Abdullah",7,NA,NA,NA,NA,NA,0.1
"2026-09-29T20:49:03Z","2026_04_JAX_CIN","2ea94ddf20f66432b9024fe2e2eaba5f","2026-10-04T17:00:00Z","player_anytime_td","Bhayshul Tuten",7,NA,NA,NA,NA,NA,0.516908212560386
"2026-09-29T20:49:03Z","2026_04_JAX_CIN","2ea94ddf20f66432b9024fe2e2eaba5f","2026-10-04T17:00:00Z","player_anytime_td","Brenton Strange",7,NA,NA,NA,NA,NA,0.285714285714286
"2026-09-29T20:49:03Z","2026_04_JAX_CIN","2ea94ddf20f66432b9024fe2e2eaba5f","2026-10-04T17:00:00Z","player_anytime_td","Brian Thomas Jr",7,NA,NA,NA,NA,NA,0.227272727272727
"2026-09-29T20:49:03Z","2026_04_JAX_CIN","2ea94ddf20f66432b9024fe2e2eaba5f","2026-10-04T17:00:00Z","player_anytime_td","CJ Williams",2,NA,NA,NA,NA,NA,0.0634057971014493
"2026-09-29T20:49:03Z","2026_04_JAX_CIN","2ea94ddf20f66432b9024fe2e2eaba5f","2026-10-04T17:00:00Z","player_anytime_td","Chase Brown",7,NA,NA,NA,NA,NA,0.622641509433962
"2026-09-29T20:49:03Z","2026_04_JAX_CIN","2ea94ddf20f66432b9024fe2e2eaba5f","2026-10-04T17:00:00Z","player_anytime_td","Chris Rodriguez Jr.",7,NA,NA,NA,NA,NA,0.27027027027027
"2026-09-29T20:49:03Z","2026_04_JAX_CIN","2ea94ddf20f66432b9024fe2e2eaba5f","2026-10-04T17:00:00Z","player_anytime_td","Colbie Young",6,NA,NA,NA,NA,NA,0.0801282051282051
"2026-09-29T20:49:03Z","2026_04_JAX_CIN","2ea94ddf20f66432b9024fe2e2eaba5f","2026-10-04T17:00:00Z","player_anytime_td","Dohnte Meyers",7,NA,NA,NA,NA,NA,0.181818181818182
"2026-09-29T20:49:03Z","2026_04_JAX_CIN","2ea94ddf20f66432b9024fe2e2eaba5f","2026-10-04T17:00:00Z","player_anytime_td","Drew Sample",7,NA,NA,NA,NA,NA,0.117647058823529
"2026-09-29T20:49:03Z","2026_04_JAX_CIN","2ea94ddf20f66432b9024fe2e2eaba5f","2026-10-04T17:00:00Z","player_anytime_td","Erick All",7,NA,NA,NA,NA,NA,0.105263157894737
"2026-09-29T20:49:03Z","2026_04_JAX_CIN","2ea94ddf20f66432b9024fe2e2eaba5f","2026-10-04T17:00:00Z","player_anytime_td","Ja'Marr Chase",7,NA,NA,NA,NA,NA,0.523809523809524
"2026-09-29T20:49:03Z","2026_04_JAX_CIN","2ea94ddf20f66432b9024fe2e2eaba5f","2026-10-04T17:00:00Z","player_anytime_td","Jack Endries",4,NA,NA,NA,NA,NA,0.0833333333333333
"2026-09-29T20:49:03Z","2026_04_JAX_CIN","2ea94ddf20f66432b9024fe2e2eaba5f","2026-10-04T17:00:00Z","player_anytime_td","Jakobi Meyers",7,NA,NA,NA,NA,NA,0.289855072463768
"2026-09-29T20:49:03Z","2026_04_JAX_CIN","2ea94ddf20f66432b9024fe2e2eaba5f","2026-10-04T17:00:00Z","player_anytime_td","Joe Burrow",7,NA,NA,NA,NA,NA,0.105263157894737
"2026-09-29T20:49:03Z","2026_04_JAX_CIN","2ea94ddf20f66432b9024fe2e2eaba5f","2026-10-04T17:00:00Z","player_anytime_td","Josh Cameron",7,NA,NA,NA,NA,NA,0.125
"2026-09-29T20:49:03Z","2026_04_JAX_CIN","2ea94ddf20f66432b9024fe2e2eaba5f","2026-10-04T17:00:00Z","player_anytime_td","Ke'Shawn Williams",4,NA,NA,NA,NA,NA,0.0690476190476191
"2026-09-29T20:49:03Z","2026_04_JAX_CIN","2ea94ddf20f66432b9024fe2e2eaba5f","2026-10-04T17:00:00Z","player_anytime_td","LeQuint Allen Jr.",7,NA,NA,NA,NA,NA,0.0952380952380952
"2026-09-29T20:49:03Z","2026_04_JAX_CIN","2ea94ddf20f66432b9024fe2e2eaba5f","2026-10-04T17:00:00Z","player_anytime_td","Mike Gesicki",7,NA,NA,NA,NA,NA,0.25
"2026-09-29T20:49:03Z","2026_04_JAX_CIN","2ea94ddf20f66432b9024fe2e2eaba5f","2026-10-04T17:00:00Z","player_anytime_td","Nate Boerkircher",7,NA,NA,NA,NA,NA,0.0869565217391304
"2026-09-29T20:49:03Z","2026_04_JAX_CIN","2ea94ddf20f66432b9024fe2e2eaba5f","2026-10-04T17:00:00Z","player_anytime_td","Parker Washington",7,NA,NA,NA,NA,NA,0.408163265306122
"2026-09-29T20:49:03Z","2026_04_JAX_CIN","2ea94ddf20f66432b9024fe2e2eaba5f","2026-10-04T17:00:00Z","player_anytime_td","Quintin Morris",7,NA,NA,NA,NA,NA,0.0666666666666667
"2026-09-29T20:49:03Z","2026_04_JAX_CIN","2ea94ddf20f66432b9024fe2e2eaba5f","2026-10-04T17:00:00Z","player_anytime_td","Samaje Perine",7,NA,NA,NA,NA,NA,0.185185185185185
"2026-09-29T20:49:03Z","2026_04_JAX_CIN","2ea94ddf20f66432b9024fe2e2eaba5f","2026-10-04T17:00:00Z","player_anytime_td","Tahj Brooks",5,NA,NA,NA,NA,NA,0.0476190476190476
"2026-09-29T20:49:03Z","2026_04_JAX_CIN","2ea94ddf20f66432b9024fe2e2eaba5f","2026-10-04T17:00:00Z","player_anytime_td","Tanner Hudson",1,NA,NA,NA,NA,NA,0.0952380952380952
"2026-09-29T20:49:03Z","2026_04_JAX_CIN","2ea94ddf20f66432b9024fe2e2eaba5f","2026-10-04T17:00:00Z","player_anytime_td","Tanner Koziol",7,NA,NA,NA,NA,NA,0.0384615384615385
"2026-09-29T20:49:03Z","2026_04_JAX_CIN","2ea94ddf20f66432b9024fe2e2eaba5f","2026-10-04T17:00:00Z","player_anytime_td","Tee Higgins",7,NA,NA,NA,NA,NA,0.408163265306122
"2026-09-29T20:49:03Z","2026_04_JAX_CIN","2ea94ddf20f66432b9024fe2e2eaba5f","2026-10-04T17:00:00Z","player_anytime_td","Travis Hunter",7,NA,NA,NA,NA,NA,0.0714285714285714
"2026-09-29T20:49:03Z","2026_04_JAX_CIN","2ea94ddf20f66432b9024fe2e2eaba5f","2026-10-04T17:00:00Z","player_anytime_td","Trevor Lawrence",7,NA,NA,NA,NA,NA,0.24390243902439
"2026-09-29T20:49:03Z","2026_04_KC_LV","e0cbd266dcf997089203a1b33ba0333d","2026-10-04T20:25:00Z","player_anytime_td","Ashton Jeanty",7,NA,NA,NA,NA,NA,0.574468085106383
"2026-09-29T20:49:03Z","2026_04_KC_LV","e0cbd266dcf997089203a1b33ba0333d","2026-10-04T20:25:00Z","player_anytime_td","Ben VanSumeren",2,NA,NA,NA,NA,NA,0.0360248447204969
"2026-09-29T20:49:03Z","2026_04_KC_LV","e0cbd266dcf997089203a1b33ba0333d","2026-10-04T20:25:00Z","player_anytime_td","Brashard Smith",6,NA,NA,NA,NA,NA,0.133928571428571
"2026-09-29T20:49:03Z","2026_04_KC_LV","e0cbd266dcf997089203a1b33ba0333d","2026-10-04T20:25:00Z","player_anytime_td","Brock Bowers",7,NA,NA,NA,NA,NA,0.357142857142857
"2026-09-29T20:49:03Z","2026_04_KC_LV","e0cbd266dcf997089203a1b33ba0333d","2026-10-04T20:25:00Z","player_anytime_td","Cody White",5,NA,NA,NA,NA,NA,0.142857142857143
"2026-09-29T20:49:03Z","2026_04_KC_LV","e0cbd266dcf997089203a1b33ba0333d","2026-10-04T20:25:00Z","player_anytime_td","Connor Heyward",7,NA,NA,NA,NA,NA,0.0555555555555556
"2026-09-29T20:49:03Z","2026_04_KC_LV","e0cbd266dcf997089203a1b33ba0333d","2026-10-04T20:25:00Z","player_anytime_td","Cyrus Allen",2,NA,NA,NA,NA,NA,0.0654545454545455
"2026-09-29T20:49:03Z","2026_04_KC_LV","e0cbd266dcf997089203a1b33ba0333d","2026-10-04T20:25:00Z","player_anytime_td","Dareke Young",6,NA,NA,NA,NA,NA,0.0717948717948718
"2026-09-29T20:49:03Z","2026_04_KC_LV","e0cbd266dcf997089203a1b33ba0333d","2026-10-04T20:25:00Z","player_anytime_td","Dylan Laube",4,NA,NA,NA,NA,NA,0.0801282051282051
"2026-09-29T20:49:03Z","2026_04_KC_LV","e0cbd266dcf997089203a1b33ba0333d","2026-10-04T20:25:00Z","player_anytime_td","Emmett Johnson",7,NA,NA,NA,NA,NA,0.204081632653061
"2026-09-29T20:49:03Z","2026_04_KC_LV","e0cbd266dcf997089203a1b33ba0333d","2026-10-04T20:25:00Z","player_anytime_td","Ian Thomas",2,NA,NA,NA,NA,NA,0.0611111111111111
"2026-09-29T20:49:03Z","2026_04_KC_LV","e0cbd266dcf997089203a1b33ba0333d","2026-10-04T20:25:00Z","player_anytime_td","Jack Bech",1,NA,NA,NA,NA,NA,0.133333333333333
"2026-09-29T20:49:03Z","2026_04_KC_LV","e0cbd266dcf997089203a1b33ba0333d","2026-10-04T20:25:00Z","player_anytime_td","Jake Briningstool",2,NA,NA,NA,NA,NA,0.0611111111111111
"2026-09-29T20:49:03Z","2026_04_KC_LV","e0cbd266dcf997089203a1b33ba0333d","2026-10-04T20:25:00Z","player_anytime_td","Jalen Nailor",7,NA,NA,NA,NA,NA,0.185185185185185
"2026-09-29T20:49:03Z","2026_04_KC_LV","e0cbd266dcf997089203a1b33ba0333d","2026-10-04T20:25:00Z","player_anytime_td","Jalen Royals",6,NA,NA,NA,NA,NA,0.105263157894737
"2026-09-29T20:49:03Z","2026_04_KC_LV","e0cbd266dcf997089203a1b33ba0333d","2026-10-04T20:25:00Z","player_anytime_td","Jared Wiley",2,NA,NA,NA,NA,NA,0.0571428571428571
"2026-09-29T20:49:03Z","2026_04_KC_LV","e0cbd266dcf997089203a1b33ba0333d","2026-10-04T20:25:00Z","player_anytime_td","Kenneth Walker III",7,NA,NA,NA,NA,NA,0.63768115942029
"2026-09-29T20:49:03Z","2026_04_KC_LV","e0cbd266dcf997089203a1b33ba0333d","2026-10-04T20:25:00Z","player_anytime_td","Kirk Cousins",7,NA,NA,NA,NA,NA,0.0714285714285714
"2026-09-29T20:49:03Z","2026_04_KC_LV","e0cbd266dcf997089203a1b33ba0333d","2026-10-04T20:25:00Z","player_anytime_td","Malik Benson",7,NA,NA,NA,NA,NA,0.0833333333333333
"2026-09-29T20:49:03Z","2026_04_KC_LV","e0cbd266dcf997089203a1b33ba0333d","2026-10-04T20:25:00Z","player_anytime_td","Michael Mayer",7,NA,NA,NA,NA,NA,0.222222222222222
"2026-09-29T20:49:03Z","2026_04_KC_LV","e0cbd266dcf997089203a1b33ba0333d","2026-10-04T20:25:00Z","player_anytime_td","Mike Washington Jr.",7,NA,NA,NA,NA,NA,0.2
"2026-09-29T20:49:03Z","2026_04_KC_LV","e0cbd266dcf997089203a1b33ba0333d","2026-10-04T20:25:00Z","player_anytime_td","Nikko Remigio",6,NA,NA,NA,NA,NA,0.0444664031620553
"2026-09-29T20:49:03Z","2026_04_KC_LV","e0cbd266dcf997089203a1b33ba0333d","2026-10-04T20:25:00Z","player_anytime_td","Noah Gray",7,NA,NA,NA,NA,NA,0.137931034482759
"2026-09-29T20:49:03Z","2026_04_KC_LV","e0cbd266dcf997089203a1b33ba0333d","2026-10-04T20:25:00Z","player_anytime_td","Patrick Mahomes",7,NA,NA,NA,NA,NA,0.2
"2026-09-29T20:49:03Z","2026_04_KC_LV","e0cbd266dcf997089203a1b33ba0333d","2026-10-04T20:25:00Z","player_anytime_td","Rashee Rice",7,NA,NA,NA,NA,NA,0.363636363636364
"2026-09-29T20:49:03Z","2026_04_KC_LV","e0cbd266dcf997089203a1b33ba0333d","2026-10-04T20:25:00Z","player_anytime_td","Travis Kelce",7,NA,NA,NA,NA,NA,0.390625
"2026-09-29T20:49:03Z","2026_04_KC_LV","e0cbd266dcf997089203a1b33ba0333d","2026-10-04T20:25:00Z","player_anytime_td","Tre Tucker",7,NA,NA,NA,NA,NA,0.25974025974026
"2026-09-29T20:49:03Z","2026_04_KC_LV","e0cbd266dcf997089203a1b33ba0333d","2026-10-04T20:25:00Z","player_anytime_td","Tyquan Thornton",7,NA,NA,NA,NA,NA,0.188679245283019
"2026-09-29T20:49:03Z","2026_04_KC_LV","e0cbd266dcf997089203a1b33ba0333d","2026-10-04T20:25:00Z","player_anytime_td","Xavier Worthy",7,NA,NA,NA,NA,NA,0.294117647058824
"2026-09-29T20:49:03Z","2026_04_LAC_SEA","96d2373cda647873b971f268482bced0","2026-10-04T20:25:00Z","player_anytime_td","AJ Barner",2,NA,NA,NA,NA,NA,0.305555555555556
"2026-09-29T20:49:03Z","2026_04_LAC_SEA","96d2373cda647873b971f268482bced0","2026-10-04T20:25:00Z","player_anytime_td","Alec Ingold",2,NA,NA,NA,NA,NA,0.0513157894736842
"2026-09-29T20:49:03Z","2026_04_LAC_SEA","96d2373cda647873b971f268482bced0","2026-10-04T20:25:00Z","player_anytime_td","Brady Russell",2,NA,NA,NA,NA,NA,0.0694444444444444
"2026-09-29T20:49:03Z","2026_04_LAC_SEA","96d2373cda647873b971f268482bced0","2026-10-04T20:25:00Z","player_anytime_td","Brenen Thompson",1,NA,NA,NA,NA,NA,0.0833333333333333
"2026-09-29T20:49:03Z","2026_04_LAC_SEA","96d2373cda647873b971f268482bced0","2026-10-04T20:25:00Z","player_anytime_td","Cooper Kupp",2,NA,NA,NA,NA,NA,0.239316239316239
"2026-09-29T20:49:03Z","2026_04_LAC_SEA","96d2373cda647873b971f268482bced0","2026-10-04T20:25:00Z","player_anytime_td","Derius Davis",2,NA,NA,NA,NA,NA,0.075
"2026-09-29T20:49:03Z","2026_04_LAC_SEA","96d2373cda647873b971f268482bced0","2026-10-04T20:25:00Z","player_anytime_td","Elijah Arroyo",2,NA,NA,NA,NA,NA,0.100490196078431
"2026-09-29T20:49:03Z","2026_04_LAC_SEA","96d2373cda647873b971f268482bced0","2026-10-04T20:25:00Z","player_anytime_td","Emanuel Wilson",2,NA,NA,NA,NA,NA,0.436210131332083
"2026-09-29T20:49:03Z","2026_04_LAC_SEA","96d2373cda647873b971f268482bced0","2026-10-04T20:25:00Z","player_anytime_td","Eric Saubert",2,NA,NA,NA,NA,NA,0.108333333333333
"2026-09-29T20:49:03Z","2026_04_LAC_SEA","96d2373cda647873b971f268482bced0","2026-10-04T20:25:00Z","player_anytime_td","George Holani",2,NA,NA,NA,NA,NA,0.38515406162465
"2026-09-29T20:49:03Z","2026_04_LAC_SEA","96d2373cda647873b971f268482bced0","2026-10-04T20:25:00Z","player_anytime_td","Hayden Rucci",2,NA,NA,NA,NA,NA,0.0450191570881226
"2026-09-29T20:49:03Z","2026_04_LAC_SEA","96d2373cda647873b971f268482bced0","2026-10-04T20:25:00Z","player_anytime_td","Jadarian Price",2,NA,NA,NA,NA,NA,0.451712420638469
"2026-09-29T20:49:03Z","2026_04_LAC_SEA","96d2373cda647873b971f268482bced0","2026-10-04T20:25:00Z","player_anytime_td","Jaxon Smith-Njigba",5,NA,NA,NA,NA,NA,0.555555555555556
"2026-09-29T20:49:03Z","2026_04_LAC_SEA","96d2373cda647873b971f268482bced0","2026-10-04T20:25:00Z","player_anytime_td","Justin Herbert",2,NA,NA,NA,NA,NA,0.174074074074074
"2026-09-29T20:49:03Z","2026_04_LAC_SEA","96d2373cda647873b971f268482bced0","2026-10-04T20:25:00Z","player_anytime_td","Keaton Mitchell",2,NA,NA,NA,NA,NA,0.212860310421286
"2026-09-29T20:49:03Z","2026_04_LAC_SEA","96d2373cda647873b971f268482bced0","2026-10-04T20:25:00Z","player_anytime_td","Kimani Vidal",2,NA,NA,NA,NA,NA,0.130252100840336
"2026-09-29T20:49:03Z","2026_04_LAC_SEA","96d2373cda647873b971f268482bced0","2026-10-04T20:25:00Z","player_anytime_td","Ladd McConkey",2,NA,NA,NA,NA,NA,0.291385135135135
"2026-09-29T20:49:03Z","2026_04_LAC_SEA","96d2373cda647873b971f268482bced0","2026-10-04T20:25:00Z","player_anytime_td","Marquez Valdes-Scantling",2,NA,NA,NA,NA,NA,0.0634057971014493
"2026-09-29T20:49:03Z","2026_04_LAC_SEA","96d2373cda647873b971f268482bced0","2026-10-04T20:25:00Z","player_anytime_td","Montorie Foster Jr.",2,NA,NA,NA,NA,NA,0.0666666666666667
"2026-09-29T20:49:03Z","2026_04_LAC_SEA","96d2373cda647873b971f268482bced0","2026-10-04T20:25:00Z","player_anytime_td","Nick Kallerup",2,NA,NA,NA,NA,NA,0.0607142857142857
"2026-09-29T20:49:03Z","2026_04_LAC_SEA","96d2373cda647873b971f268482bced0","2026-10-04T20:25:00Z","player_anytime_td","Omarion Hampton",5,NA,NA,NA,NA,NA,0.555555555555556
"2026-09-29T20:49:03Z","2026_04_LAC_SEA","96d2373cda647873b971f268482bced0","2026-10-04T20:25:00Z","player_anytime_td","Oronde Gadsden II",2,NA,NA,NA,NA,NA,0.21968787515006
"2026-09-29T20:49:03Z","2026_04_LAC_SEA","96d2373cda647873b971f268482bced0","2026-10-04T20:25:00Z","player_anytime_td","Patrick Herbert",1,NA,NA,NA,NA,NA,0.0434782608695652
"2026-09-29T20:49:03Z","2026_04_LAC_SEA","96d2373cda647873b971f268482bced0","2026-10-04T20:25:00Z","player_anytime_td","Quentin Johnston",2,NA,NA,NA,NA,NA,0.254633360193392
"2026-09-29T20:49:03Z","2026_04_LAC_SEA","96d2373cda647873b971f268482bced0","2026-10-04T20:25:00Z","player_anytime_td","Rashid Shaheed",2,NA,NA,NA,NA,NA,0.25
"2026-09-29T20:49:03Z","2026_04_LAC_SEA","96d2373cda647873b971f268482bced0","2026-10-04T20:25:00Z","player_anytime_td","Sam Darnold",2,NA,NA,NA,NA,NA,0.12406015037594
"2026-09-29T20:49:03Z","2026_04_LAC_SEA","96d2373cda647873b971f268482bced0","2026-10-04T20:25:00Z","player_anytime_td","Tory Horton",2,NA,NA,NA,NA,NA,0.136574074074074
"2026-09-29T20:49:03Z","2026_04_LAC_SEA","96d2373cda647873b971f268482bced0","2026-10-04T20:25:00Z","player_anytime_td","Tre Harris",2,NA,NA,NA,NA,NA,0.194444444444444
"2026-09-29T20:49:03Z","2026_04_LA_PHI","1b4f2e60ce83fa1d63a5dff83769d27c","2026-10-04T17:00:00Z","player_anytime_td","Blake Corum",5,NA,NA,NA,NA,NA,0.277777777777778
"2026-09-29T20:49:03Z","2026_04_LA_PHI","1b4f2e60ce83fa1d63a5dff83769d27c","2026-10-04T17:00:00Z","player_anytime_td","Britain Covey",1,NA,NA,NA,NA,NA,0.0555555555555556
"2026-09-29T20:49:03Z","2026_04_LA_PHI","1b4f2e60ce83fa1d63a5dff83769d27c","2026-10-04T17:00:00Z","player_anytime_td","CJ Daniels",1,NA,NA,NA,NA,NA,0.0769230769230769
"2026-09-29T20:49:03Z","2026_04_LA_PHI","1b4f2e60ce83fa1d63a5dff83769d27c","2026-10-04T17:00:00Z","player_anytime_td","Colby Parkinson",4,NA,NA,NA,NA,NA,0.227272727272727
"2026-09-29T20:49:03Z","2026_04_LA_PHI","1b4f2e60ce83fa1d63a5dff83769d27c","2026-10-04T17:00:00Z","player_anytime_td","Darius Cooper",1,NA,NA,NA,NA,NA,0.0588235294117647
"2026-09-29T20:49:03Z","2026_04_LA_PHI","1b4f2e60ce83fa1d63a5dff83769d27c","2026-10-04T17:00:00Z","player_anytime_td","Davante Adams",5,NA,NA,NA,NA,NA,0.514563106796116
"2026-09-29T20:49:03Z","2026_04_LA_PHI","1b4f2e60ce83fa1d63a5dff83769d27c","2026-10-04T17:00:00Z","player_anytime_td","Davis Allen",4,NA,NA,NA,NA,NA,0.125
"2026-09-29T20:49:03Z","2026_04_LA_PHI","1b4f2e60ce83fa1d63a5dff83769d27c","2026-10-04T17:00:00Z","player_anytime_td","DeVonta Smith",5,NA,NA,NA,NA,NA,0.350877192982456
"2026-09-29T20:49:03Z","2026_04_LA_PHI","1b4f2e60ce83fa1d63a5dff83769d27c","2026-10-04T17:00:00Z","player_anytime_td","Dontayvion Wicks",5,NA,NA,NA,NA,NA,0.227272727272727
"2026-09-29T20:49:03Z","2026_04_LA_PHI","1b4f2e60ce83fa1d63a5dff83769d27c","2026-10-04T17:00:00Z","player_anytime_td","E.J. Jenkins",1,NA,NA,NA,NA,NA,0.0714285714285714
"2026-09-29T20:49:03Z","2026_04_LA_PHI","1b4f2e60ce83fa1d63a5dff83769d27c","2026-10-04T17:00:00Z","player_anytime_td","Elijah Moore",1,NA,NA,NA,NA,NA,0.0344827586206897
"2026-09-29T20:49:03Z","2026_04_LA_PHI","1b4f2e60ce83fa1d63a5dff83769d27c","2026-10-04T17:00:00Z","player_anytime_td","Jalen Hurts",5,NA,NA,NA,NA,NA,0.37037037037037
"2026-09-29T20:49:03Z","2026_04_LA_PHI","1b4f2e60ce83fa1d63a5dff83769d27c","2026-10-04T17:00:00Z","player_anytime_td","Johnny Mundt",5,NA,NA,NA,NA,NA,0.111111111111111
"2026-09-29T20:49:03Z","2026_04_LA_PHI","1b4f2e60ce83fa1d63a5dff83769d27c","2026-10-04T17:00:00Z","player_anytime_td","Jordan Whittington",1,NA,NA,NA,NA,NA,0.148148148148148
"2026-09-29T20:49:03Z","2026_04_LA_PHI","1b4f2e60ce83fa1d63a5dff83769d27c","2026-10-04T17:00:00Z","player_anytime_td","Konata Mumpfield",5,NA,NA,NA,NA,NA,0.217391304347826
"2026-09-29T20:49:03Z","2026_04_LA_PHI","1b4f2e60ce83fa1d63a5dff83769d27c","2026-10-04T17:00:00Z","player_anytime_td","Kyren Williams",5,NA,NA,NA,NA,NA,0.534883720930233
"2026-09-29T20:49:03Z","2026_04_LA_PHI","1b4f2e60ce83fa1d63a5dff83769d27c","2026-10-04T17:00:00Z","player_anytime_td","Makai Lemon",5,NA,NA,NA,NA,NA,0.173913043478261
"2026-09-29T20:49:03Z","2026_04_LA_PHI","1b4f2e60ce83fa1d63a5dff83769d27c","2026-10-04T17:00:00Z","player_anytime_td","Matthew Stafford",4,NA,NA,NA,NA,NA,0.05
"2026-09-29T20:49:03Z","2026_04_LA_PHI","1b4f2e60ce83fa1d63a5dff83769d27c","2026-10-04T17:00:00Z","player_anytime_td","Max Klare",1,NA,NA,NA,NA,NA,0.1
"2026-09-29T20:49:03Z","2026_04_LA_PHI","1b4f2e60ce83fa1d63a5dff83769d27c","2026-10-04T17:00:00Z","player_anytime_td","Puka Nacua",1,NA,NA,NA,NA,NA,0.48780487804878
"2026-09-29T20:49:03Z","2026_04_LA_PHI","1b4f2e60ce83fa1d63a5dff83769d27c","2026-10-04T17:00:00Z","player_anytime_td","Saquon Barkley",5,NA,NA,NA,NA,NA,0.490196078431373
"2026-09-29T20:49:03Z","2026_04_LA_PHI","1b4f2e60ce83fa1d63a5dff83769d27c","2026-10-04T17:00:00Z","player_anytime_td","Tank Bigsby",4,NA,NA,NA,NA,NA,0.125
"2026-09-29T20:49:03Z","2026_04_LA_PHI","1b4f2e60ce83fa1d63a5dff83769d27c","2026-10-04T17:00:00Z","player_anytime_td","Tutu Atwell",1,NA,NA,NA,NA,NA,0.0909090909090909
"2026-09-29T20:49:03Z","2026_04_LA_PHI","1b4f2e60ce83fa1d63a5dff83769d27c","2026-10-04T17:00:00Z","player_anytime_td","Tyler Higbee",5,NA,NA,NA,NA,NA,0.24390243902439
"2026-09-29T20:49:03Z","2026_04_LA_PHI","1b4f2e60ce83fa1d63a5dff83769d27c","2026-10-04T17:00:00Z","player_anytime_td","Will Shipley",5,NA,NA,NA,NA,NA,0.0869565217391304
"2026-09-29T20:49:03Z","2026_04_LA_PHI","1b4f2e60ce83fa1d63a5dff83769d27c","2026-10-04T17:00:00Z","player_anytime_td","Xavier Smith",1,NA,NA,NA,NA,NA,0.1
"2026-09-29T20:49:03Z","2026_04_LA_PHI","1b4f2e60ce83fa1d63a5dff83769d27c","2026-10-04T17:00:00Z","player_anytime_td","Zach Ertz",5,NA,NA,NA,NA,NA,0.153846153846154
"2026-09-29T20:49:03Z","2026_04_MIA_MIN","c327223d76a3b7b0db8c6c104442f44b","2026-10-04T20:05:00Z","player_anytime_td","Aaron Jones",4,NA,NA,NA,NA,NA,0.560386473429952
"2026-09-29T20:49:03Z","2026_04_MIA_MIN","c327223d76a3b7b0db8c6c104442f44b","2026-10-04T20:05:00Z","player_anytime_td","Caleb Douglas",1,NA,NA,NA,NA,NA,0.181818181818182
"2026-09-29T20:49:03Z","2026_04_MIA_MIN","c327223d76a3b7b0db8c6c104442f44b","2026-10-04T20:05:00Z","player_anytime_td","Chris Bell",1,NA,NA,NA,NA,NA,0.256410256410256
"2026-09-29T20:49:03Z","2026_04_MIA_MIN","c327223d76a3b7b0db8c6c104442f44b","2026-10-04T20:05:00Z","player_anytime_td","DJ Herman",1,NA,NA,NA,NA,NA,0.0714285714285714
"2026-09-29T20:49:03Z","2026_04_MIA_MIN","c327223d76a3b7b0db8c6c104442f44b","2026-10-04T20:05:00Z","player_anytime_td","Demond Claiborne",1,NA,NA,NA,NA,NA,0.173913043478261
"2026-09-29T20:49:03Z","2026_04_MIA_MIN","c327223d76a3b7b0db8c6c104442f44b","2026-10-04T20:05:00Z","player_anytime_td","Gavin Bartholomew",1,NA,NA,NA,NA,NA,0.1
"2026-09-29T20:49:03Z","2026_04_MIA_MIN","c327223d76a3b7b0db8c6c104442f44b","2026-10-04T20:05:00Z","player_anytime_td","Greg Dulcich",1,NA,NA,NA,NA,NA,0.235294117647059
"2026-09-29T20:49:03Z","2026_04_MIA_MIN","c327223d76a3b7b0db8c6c104442f44b","2026-10-04T20:05:00Z","player_anytime_td","Jalen Tolbert",1,NA,NA,NA,NA,NA,0.117647058823529
"2026-09-29T20:49:03Z","2026_04_MIA_MIN","c327223d76a3b7b0db8c6c104442f44b","2026-10-04T20:05:00Z","player_anytime_td","Jarquez Hunter",1,NA,NA,NA,NA,NA,0.133333333333333
"2026-09-29T20:49:03Z","2026_04_MIA_MIN","c327223d76a3b7b0db8c6c104442f44b","2026-10-04T20:05:00Z","player_anytime_td","Jauan Jennings",1,NA,NA,NA,NA,NA,0.317460317460317
"2026-09-29T20:49:03Z","2026_04_MIA_MIN","c327223d76a3b7b0db8c6c104442f44b","2026-10-04T20:05:00Z","player_anytime_td","Jaylen Wright",1,NA,NA,NA,NA,NA,0.32258064516129
"2026-09-29T20:49:03Z","2026_04_MIA_MIN","c327223d76a3b7b0db8c6c104442f44b","2026-10-04T20:05:00Z","player_anytime_td","Jordan Addison",1,NA,NA,NA,NA,NA,0.622641509433962
"2026-09-29T20:49:03Z","2026_04_MIA_MIN","c327223d76a3b7b0db8c6c104442f44b","2026-10-04T20:05:00Z","player_anytime_td","Justin Jefferson",1,NA,NA,NA,NA,NA,0.425531914893617
"2026-09-29T20:49:03Z","2026_04_MIA_MIN","c327223d76a3b7b0db8c6c104442f44b","2026-10-04T20:05:00Z","player_anytime_td","Justin Joly",1,NA,NA,NA,NA,NA,0.0384615384615385
"2026-09-29T20:49:03Z","2026_04_MIA_MIN","c327223d76a3b7b0db8c6c104442f44b","2026-10-04T20:05:00Z","player_anytime_td","Kevin Coleman Jr.",1,NA,NA,NA,NA,NA,0.1
"2026-09-29T20:49:03Z","2026_04_MIA_MIN","c327223d76a3b7b0db8c6c104442f44b","2026-10-04T20:05:00Z","player_anytime_td","Kyler Murray",1,NA,NA,NA,NA,NA,0.256410256410256
"2026-09-29T20:49:03Z","2026_04_MIA_MIN","c327223d76a3b7b0db8c6c104442f44b","2026-10-04T20:05:00Z","player_anytime_td","Malik Washington",1,NA,NA,NA,NA,NA,0.294117647058824
"2026-09-29T20:49:03Z","2026_04_MIA_MIN","c327223d76a3b7b0db8c6c104442f44b","2026-10-04T20:05:00Z","player_anytime_td","Malik Willis",1,NA,NA,NA,NA,NA,0.227272727272727
"2026-09-29T20:49:03Z","2026_04_MIA_MIN","c327223d76a3b7b0db8c6c104442f44b","2026-10-04T20:05:00Z","player_anytime_td","Max Bredeson",1,NA,NA,NA,NA,NA,0.0625
"2026-09-29T20:49:03Z","2026_04_MIA_MIN","c327223d76a3b7b0db8c6c104442f44b","2026-10-04T20:05:00Z","player_anytime_td","Myles Price",1,NA,NA,NA,NA,NA,0.133333333333333
"2026-09-29T20:49:03Z","2026_04_MIA_MIN","c327223d76a3b7b0db8c6c104442f44b","2026-10-04T20:05:00Z","player_anytime_td","Ollie Gordon II",1,NA,NA,NA,NA,NA,0.344827586206897
"2026-09-29T20:49:03Z","2026_04_MIA_MIN","c327223d76a3b7b0db8c6c104442f44b","2026-10-04T20:05:00Z","player_anytime_td","Ryan Miller",1,NA,NA,NA,NA,NA,0.1
"2026-09-29T20:49:03Z","2026_04_MIA_MIN","c327223d76a3b7b0db8c6c104442f44b","2026-10-04T20:05:00Z","player_anytime_td","Seydou Traore",1,NA,NA,NA,NA,NA,0.05
"2026-09-29T20:49:03Z","2026_04_MIA_MIN","c327223d76a3b7b0db8c6c104442f44b","2026-10-04T20:05:00Z","player_anytime_td","T.J. Hockenson",1,NA,NA,NA,NA,NA,0.392156862745098
"2026-09-29T20:49:03Z","2026_04_MIA_MIN","c327223d76a3b7b0db8c6c104442f44b","2026-10-04T20:05:00Z","player_anytime_td","Tai Felton",1,NA,NA,NA,NA,NA,0.111111111111111
"2026-09-29T20:49:03Z","2026_04_MIA_MIN","c327223d76a3b7b0db8c6c104442f44b","2026-10-04T20:05:00Z","player_anytime_td","Will Kacmarek",1,NA,NA,NA,NA,NA,0.1
"2026-09-29T20:49:03Z","2026_04_NE_BUF","573cc0ef39631a4f6673ec843a8bedd4","2026-10-04T17:00:00Z","player_anytime_td","Cameron Latu",5,NA,NA,NA,NA,NA,0.0606060606060606
"2026-09-29T20:49:03Z","2026_04_NE_BUF","573cc0ef39631a4f6673ec843a8bedd4","2026-10-04T17:00:00Z","player_anytime_td","Corey Kiner",7,NA,NA,NA,NA,NA,0.05
"2026-09-29T20:49:03Z","2026_04_NE_BUF","573cc0ef39631a4f6673ec843a8bedd4","2026-10-04T17:00:00Z","player_anytime_td","DJ Moore",7,NA,NA,NA,NA,NA,0.37037037037037
"2026-09-29T20:49:03Z","2026_04_NE_BUF","573cc0ef39631a4f6673ec843a8bedd4","2026-10-04T17:00:00Z","player_anytime_td","Dalton Kincaid",7,NA,NA,NA,NA,NA,0.392156862745098
"2026-09-29T20:49:03Z","2026_04_NE_BUF","573cc0ef39631a4f6673ec843a8bedd4","2026-10-04T17:00:00Z","player_anytime_td","Dawson Knox",7,NA,NA,NA,NA,NA,0.16
"2026-09-29T20:49:03Z","2026_04_NE_BUF","573cc0ef39631a4f6673ec843a8bedd4","2026-10-04T17:00:00Z","player_anytime_td","DeMario Douglas",7,NA,NA,NA,NA,NA,0.208333333333333
"2026-09-29T20:49:03Z","2026_04_NE_BUF","573cc0ef39631a4f6673ec843a8bedd4","2026-10-04T17:00:00Z","player_anytime_td","Drake Maye",7,NA,NA,NA,NA,NA,0.185185185185185
"2026-09-29T20:49:03Z","2026_04_NE_BUF","573cc0ef39631a4f6673ec843a8bedd4","2026-10-04T17:00:00Z","player_anytime_td","Efton Chism III",7,NA,NA,NA,NA,NA,0.0625
"2026-09-29T20:49:03Z","2026_04_NE_BUF","573cc0ef39631a4f6673ec843a8bedd4","2026-10-04T17:00:00Z","player_anytime_td","Eli Raridon",4,NA,NA,NA,NA,NA,0.11437908496732
"2026-09-29T20:49:03Z","2026_04_NE_BUF","573cc0ef39631a4f6673ec843a8bedd4","2026-10-04T17:00:00Z","player_anytime_td","Greg Dortch",7,NA,NA,NA,NA,NA,0.0555555555555556
"2026-09-29T20:49:03Z","2026_04_NE_BUF","573cc0ef39631a4f6673ec843a8bedd4","2026-10-04T17:00:00Z","player_anytime_td","Hunter Henry",7,NA,NA,NA,NA,NA,0.28169014084507
"2026-09-29T20:49:03Z","2026_04_NE_BUF","573cc0ef39631a4f6673ec843a8bedd4","2026-10-04T17:00:00Z","player_anytime_td","Jackson Hawes",7,NA,NA,NA,NA,NA,0.0833333333333333
"2026-09-29T20:49:03Z","2026_04_NE_BUF","573cc0ef39631a4f6673ec843a8bedd4","2026-10-04T17:00:00Z","player_anytime_td","James Cook",7,NA,NA,NA,NA,NA,0.555555555555556
"2026-09-29T20:49:03Z","2026_04_NE_BUF","573cc0ef39631a4f6673ec843a8bedd4","2026-10-04T17:00:00Z","player_anytime_td","Josh Allen",7,NA,NA,NA,NA,NA,0.523809523809524
"2026-09-29T20:49:03Z","2026_04_NE_BUF","573cc0ef39631a4f6673ec843a8bedd4","2026-10-04T17:00:00Z","player_anytime_td","Joshua Palmer",7,NA,NA,NA,NA,NA,0.153846153846154
"2026-09-29T20:49:03Z","2026_04_NE_BUF","573cc0ef39631a4f6673ec843a8bedd4","2026-10-04T17:00:00Z","player_anytime_td","Keleki Latu",5,NA,NA,NA,NA,NA,0.0416666666666667
"2026-09-29T20:49:03Z","2026_04_NE_BUF","573cc0ef39631a4f6673ec843a8bedd4","2026-10-04T17:00:00Z","player_anytime_td","Keon Coleman",7,NA,NA,NA,NA,NA,0.208333333333333
"2026-09-29T20:49:03Z","2026_04_NE_BUF","573cc0ef39631a4f6673ec843a8bedd4","2026-10-04T17:00:00Z","player_anytime_td","Khalil Shakir",7,NA,NA,NA,NA,NA,0.317460317460317
"2026-09-29T20:49:03Z","2026_04_NE_BUF","573cc0ef39631a4f6673ec843a8bedd4","2026-10-04T17:00:00Z","player_anytime_td","Kyle Williams",7,NA,NA,NA,NA,NA,0.129032258064516
"2026-09-29T20:49:03Z","2026_04_NE_BUF","573cc0ef39631a4f6673ec843a8bedd4","2026-10-04T17:00:00Z","player_anytime_td","Mack Hollins",7,NA,NA,NA,NA,NA,0.256410256410256
"2026-09-29T20:49:03Z","2026_04_NE_BUF","573cc0ef39631a4f6673ec843a8bedd4","2026-10-04T17:00:00Z","player_anytime_td","Ray Davis",5,NA,NA,NA,NA,NA,0.0869565217391304
"2026-09-29T20:49:03Z","2026_04_NE_BUF","573cc0ef39631a4f6673ec843a8bedd4","2026-10-04T17:00:00Z","player_anytime_td","Reggie Gilliam",4,NA,NA,NA,NA,NA,0.0476190476190476
"2026-09-29T20:49:03Z","2026_04_NE_BUF","573cc0ef39631a4f6673ec843a8bedd4","2026-10-04T17:00:00Z","player_anytime_td","Rhamondre Stevenson",7,NA,NA,NA,NA,NA,0.408163265306122
"2026-09-29T20:49:03Z","2026_04_NE_BUF","573cc0ef39631a4f6673ec843a8bedd4","2026-10-04T17:00:00Z","player_anytime_td","Romeo Doubs",7,NA,NA,NA,NA,NA,0.28169014084507
"2026-09-29T20:49:03Z","2026_04_NE_BUF","573cc0ef39631a4f6673ec843a8bedd4","2026-10-04T17:00:00Z","player_anytime_td","Skyler Bell",5,NA,NA,NA,NA,NA,0.0833333333333333
"2026-09-29T20:49:03Z","2026_04_NE_BUF","573cc0ef39631a4f6673ec843a8bedd4","2026-10-04T17:00:00Z","player_anytime_td","Tanner Arkin",4,NA,NA,NA,NA,NA,0.0526315789473684
"2026-09-29T20:49:03Z","2026_04_NE_BUF","573cc0ef39631a4f6673ec843a8bedd4","2026-10-04T17:00:00Z","player_anytime_td","TreVeyon Henderson",7,NA,NA,NA,NA,NA,0.355871886120996
"2026-09-29T20:49:03Z","2026_04_NE_BUF","573cc0ef39631a4f6673ec843a8bedd4","2026-10-04T17:00:00Z","player_anytime_td","Ty Johnson",7,NA,NA,NA,NA,NA,0.166666666666667
"2026-09-29T20:49:03Z","2026_04_NYJ_CHI","164e6eb68f31bac190381903c3cccd31","2026-10-04T17:00:00Z","player_anytime_td","Adonai Mitchell",1,NA,NA,NA,NA,NA,0.273972602739726
"2026-09-29T20:49:03Z","2026_04_NYJ_CHI","164e6eb68f31bac190381903c3cccd31","2026-10-04T17:00:00Z","player_anytime_td","Andrew Beck",1,NA,NA,NA,NA,NA,0.0434782608695652
"2026-09-29T20:49:03Z","2026_04_NYJ_CHI","164e6eb68f31bac190381903c3cccd31","2026-10-04T17:00:00Z","player_anytime_td","Braelon Allen",1,NA,NA,NA,NA,NA,0.51219512195122
"2026-09-29T20:49:03Z","2026_04_NYJ_CHI","164e6eb68f31bac190381903c3cccd31","2026-10-04T17:00:00Z","player_anytime_td","Breece Hall",1,NA,NA,NA,NA,NA,0.534883720930233
"2026-09-29T20:49:03Z","2026_04_NYJ_CHI","164e6eb68f31bac190381903c3cccd31","2026-10-04T17:00:00Z","player_anytime_td","Cole Kmet",1,NA,NA,NA,NA,NA,0.16
"2026-09-29T20:49:03Z","2026_04_NYJ_CHI","164e6eb68f31bac190381903c3cccd31","2026-10-04T17:00:00Z","player_anytime_td","Colston Loveland",1,NA,NA,NA,NA,NA,0.25
"2026-09-29T20:49:03Z","2026_04_NYJ_CHI","164e6eb68f31bac190381903c3cccd31","2026-10-04T17:00:00Z","player_anytime_td","D'Andre Swift",1,NA,NA,NA,NA,NA,0.607843137254902
"2026-09-29T20:49:03Z","2026_04_NYJ_CHI","164e6eb68f31bac190381903c3cccd31","2026-10-04T17:00:00Z","player_anytime_td","Garrett Wilson",1,NA,NA,NA,NA,NA,0.465116279069767
"2026-09-29T20:49:03Z","2026_04_NYJ_CHI","164e6eb68f31bac190381903c3cccd31","2026-10-04T17:00:00Z","player_anytime_td","Geno Smith",1,NA,NA,NA,NA,NA,0.1
"2026-09-29T20:49:03Z","2026_04_NYJ_CHI","164e6eb68f31bac190381903c3cccd31","2026-10-04T17:00:00Z","player_anytime_td","Hayden Large",1,NA,NA,NA,NA,NA,0.0833333333333333
"2026-09-29T20:49:03Z","2026_04_NYJ_CHI","164e6eb68f31bac190381903c3cccd31","2026-10-04T17:00:00Z","player_anytime_td","Isaiah Davis",1,NA,NA,NA,NA,NA,0.266666666666667
"2026-09-29T20:49:03Z","2026_04_NYJ_CHI","164e6eb68f31bac190381903c3cccd31","2026-10-04T17:00:00Z","player_anytime_td","Isaiah Williams",1,NA,NA,NA,NA,NA,0.222222222222222
"2026-09-29T20:49:03Z","2026_04_NYJ_CHI","164e6eb68f31bac190381903c3cccd31","2026-10-04T17:00:00Z","player_anytime_td","Jahdae Walker",1,NA,NA,NA,NA,NA,0.105263157894737
"2026-09-29T20:49:03Z","2026_04_NYJ_CHI","164e6eb68f31bac190381903c3cccd31","2026-10-04T17:00:00Z","player_anytime_td","Jamaal Pritchett",1,NA,NA,NA,NA,NA,0.0769230769230769
"2026-09-29T20:49:03Z","2026_04_NYJ_CHI","164e6eb68f31bac190381903c3cccd31","2026-10-04T17:00:00Z","player_anytime_td","Jelani Woods",1,NA,NA,NA,NA,NA,0.0625
"2026-09-29T20:49:03Z","2026_04_NYJ_CHI","164e6eb68f31bac190381903c3cccd31","2026-10-04T17:00:00Z","player_anytime_td","Jeremy Ruckert",1,NA,NA,NA,NA,NA,0.142857142857143
"2026-09-29T20:49:03Z","2026_04_NYJ_CHI","164e6eb68f31bac190381903c3cccd31","2026-10-04T17:00:00Z","player_anytime_td","Kalif Raymond",1,NA,NA,NA,NA,NA,0.307692307692308
"2026-09-29T20:49:03Z","2026_04_NYJ_CHI","164e6eb68f31bac190381903c3cccd31","2026-10-04T17:00:00Z","player_anytime_td","Kene Nwangwu",1,NA,NA,NA,NA,NA,0.032258064516129
"2026-09-29T20:49:03Z","2026_04_NYJ_CHI","164e6eb68f31bac190381903c3cccd31","2026-10-04T17:00:00Z","player_anytime_td","Kenyon Sadiq",1,NA,NA,NA,NA,NA,0.344827586206897
"2026-09-29T20:49:03Z","2026_04_NYJ_CHI","164e6eb68f31bac190381903c3cccd31","2026-10-04T17:00:00Z","player_anytime_td","Kyle Monangai",1,NA,NA,NA,NA,NA,0.363636363636364
"2026-09-29T20:49:03Z","2026_04_NYJ_CHI","164e6eb68f31bac190381903c3cccd31","2026-10-04T17:00:00Z","player_anytime_td","Luther Burden III",1,NA,NA,NA,NA,NA,0.307692307692308
"2026-09-29T20:49:03Z","2026_04_NYJ_CHI","164e6eb68f31bac190381903c3cccd31","2026-10-04T17:00:00Z","player_anytime_td","Malik McClain",1,NA,NA,NA,NA,NA,0.0833333333333333
"2026-09-29T20:49:03Z","2026_04_NYJ_CHI","164e6eb68f31bac190381903c3cccd31","2026-10-04T17:00:00Z","player_anytime_td","Mason Taylor",1,NA,NA,NA,NA,NA,0.133333333333333
"2026-09-29T20:49:03Z","2026_04_NYJ_CHI","164e6eb68f31bac190381903c3cccd31","2026-10-04T17:00:00Z","player_anytime_td","Rome Odunze",1,NA,NA,NA,NA,NA,0.25
"2026-09-29T20:49:03Z","2026_04_NYJ_CHI","164e6eb68f31bac190381903c3cccd31","2026-10-04T17:00:00Z","player_anytime_td","Roschon Johnson",1,NA,NA,NA,NA,NA,0.117647058823529
"2026-09-29T20:49:03Z","2026_04_NYJ_CHI","164e6eb68f31bac190381903c3cccd31","2026-10-04T17:00:00Z","player_anytime_td","Sam Roush",1,NA,NA,NA,NA,NA,0.105263157894737
"2026-09-29T20:49:03Z","2026_04_NYJ_CHI","164e6eb68f31bac190381903c3cccd31","2026-10-04T17:00:00Z","player_anytime_td","Zavion Thomas",1,NA,NA,NA,NA,NA,0.142857142857143
"2026-09-29T20:49:03Z","2026_04_PIT_CLE","d55cb69fed50a09170560b5b75d8de86","2026-10-02T00:15:00Z","player_anytime_td","Aaron Rodgers",8,NA,NA,NA,NA,NA,0.0669642857142857
"2026-09-29T20:49:03Z","2026_04_PIT_CLE","d55cb69fed50a09170560b5b75d8de86","2026-10-02T00:15:00Z","player_anytime_td","Ben Skowronek",8,NA,NA,NA,NA,NA,0.0606617647058824
"2026-09-29T20:49:03Z","2026_04_PIT_CLE","d55cb69fed50a09170560b5b75d8de86","2026-10-02T00:15:00Z","player_anytime_td","Blake Whiteheart",8,NA,NA,NA,NA,NA,0.0871212121212121
"2026-09-29T20:49:03Z","2026_04_PIT_CLE","d55cb69fed50a09170560b5b75d8de86","2026-10-02T00:15:00Z","player_anytime_td","Carsen Ryan",8,NA,NA,NA,NA,NA,0.0260840108401084
"2026-09-29T20:49:03Z","2026_04_PIT_CLE","d55cb69fed50a09170560b5b75d8de86","2026-10-02T00:15:00Z","player_anytime_td","DK Metcalf",8,NA,NA,NA,NA,NA,0.305361305361305
"2026-09-29T20:49:03Z","2026_04_PIT_CLE","d55cb69fed50a09170560b5b75d8de86","2026-10-02T00:15:00Z","player_anytime_td","Darnell Washington",8,NA,NA,NA,NA,NA,0.148351648351648
"2026-09-29T20:49:03Z","2026_04_PIT_CLE","d55cb69fed50a09170560b5b75d8de86","2026-10-02T00:15:00Z","player_anytime_td","Denzel Boston",8,NA,NA,NA,NA,NA,0.238230289279637
"2026-09-29T20:49:03Z","2026_04_PIT_CLE","d55cb69fed50a09170560b5b75d8de86","2026-10-02T00:15:00Z","player_anytime_td","Deshaun Watson",8,NA,NA,NA,NA,NA,0.196153846153846
"2026-09-29T20:49:03Z","2026_04_PIT_CLE","d55cb69fed50a09170560b5b75d8de86","2026-10-02T00:15:00Z","player_anytime_td","Eli Heidenreich",1,NA,NA,NA,NA,NA,0.24390243902439
"2026-09-29T20:49:03Z","2026_04_PIT_CLE","d55cb69fed50a09170560b5b75d8de86","2026-10-02T00:15:00Z","player_anytime_td","Germie Bernard",8,NA,NA,NA,NA,NA,0.0833333333333333
"2026-09-29T20:49:03Z","2026_04_PIT_CLE","d55cb69fed50a09170560b5b75d8de86","2026-10-02T00:15:00Z","player_anytime_td","Harold Fannin Jr.",8,NA,NA,NA,NA,NA,0.263157894736842
"2026-09-29T20:49:03Z","2026_04_PIT_CLE","d55cb69fed50a09170560b5b75d8de86","2026-10-02T00:15:00Z","player_anytime_td","Isaiah Bond",8,NA,NA,NA,NA,NA,0.05
"2026-09-29T20:49:03Z","2026_04_PIT_CLE","d55cb69fed50a09170560b5b75d8de86","2026-10-02T00:15:00Z","player_anytime_td","Jaleel McLaughlin",8,NA,NA,NA,NA,NA,0.0455486542443064
"2026-09-29T20:49:03Z","2026_04_PIT_CLE","d55cb69fed50a09170560b5b75d8de86","2026-10-02T00:15:00Z","player_anytime_td","Jaylen Warren",8,NA,NA,NA,NA,NA,0.529346622369878
"2026-09-29T20:49:03Z","2026_04_PIT_CLE","d55cb69fed50a09170560b5b75d8de86","2026-10-02T00:15:00Z","player_anytime_td","Jerry Jeudy",8,NA,NA,NA,NA,NA,0.102631578947368
"2026-09-29T20:49:03Z","2026_04_PIT_CLE","d55cb69fed50a09170560b5b75d8de86","2026-10-02T00:15:00Z","player_anytime_td","KC Concepcion",8,NA,NA,NA,NA,NA,0.236694677871148
"2026-09-29T20:49:03Z","2026_04_PIT_CLE","d55cb69fed50a09170560b5b75d8de86","2026-10-02T00:15:00Z","player_anytime_td","Kaden Wetjen",8,NA,NA,NA,NA,NA,0.05
"2026-09-29T20:49:03Z","2026_04_PIT_CLE","d55cb69fed50a09170560b5b75d8de86","2026-10-02T00:15:00Z","player_anytime_td","Lew Nichols",2,NA,NA,NA,NA,NA,0.102678571428571
"2026-09-29T20:49:03Z","2026_04_PIT_CLE","d55cb69fed50a09170560b5b75d8de86","2026-10-02T00:15:00Z","player_anytime_td","Malachi Corley",8,NA,NA,NA,NA,NA,0.0370879120879121
"2026-09-29T20:49:03Z","2026_04_PIT_CLE","d55cb69fed50a09170560b5b75d8de86","2026-10-02T00:15:00Z","player_anytime_td","Michael Burton",6,NA,NA,NA,NA,NA,0.0255754475703325
"2026-09-29T20:49:03Z","2026_04_PIT_CLE","d55cb69fed50a09170560b5b75d8de86","2026-10-02T00:15:00Z","player_anytime_td","Michael Pittman Jr.",8,NA,NA,NA,NA,NA,0.219806763285024
"2026-09-29T20:49:03Z","2026_04_PIT_CLE","d55cb69fed50a09170560b5b75d8de86","2026-10-02T00:15:00Z","player_anytime_td","Pat Freiermuth",8,NA,NA,NA,NA,NA,0.208423795049935
"2026-09-29T20:49:03Z","2026_04_PIT_CLE","d55cb69fed50a09170560b5b75d8de86","2026-10-02T00:15:00Z","player_anytime_td","Quinshon Judkins",8,NA,NA,NA,NA,NA,0.476190476190476
"2026-09-29T20:49:03Z","2026_04_PIT_CLE","d55cb69fed50a09170560b5b75d8de86","2026-10-02T00:15:00Z","player_anytime_td","Raheim Sanders",8,NA,NA,NA,NA,NA,0.142857142857143
"2026-09-29T20:49:03Z","2026_04_PIT_CLE","d55cb69fed50a09170560b5b75d8de86","2026-10-02T00:15:00Z","player_anytime_td","Rico Dowdle",3,NA,NA,NA,NA,NA,0.416666666666667
"2026-09-29T20:49:03Z","2026_04_PIT_CLE","d55cb69fed50a09170560b5b75d8de86","2026-10-02T00:15:00Z","player_anytime_td","Riley Nowakowski",8,NA,NA,NA,NA,NA,0.0333704115684093
"2026-09-29T20:49:03Z","2026_04_PIT_CLE","d55cb69fed50a09170560b5b75d8de86","2026-10-02T00:15:00Z","player_anytime_td","Robert Tonyan",8,NA,NA,NA,NA,NA,0.0344827586206897
"2026-09-29T20:49:03Z","2026_04_PIT_CLE","d55cb69fed50a09170560b5b75d8de86","2026-10-02T00:15:00Z","player_anytime_td","Roman Wilson",8,NA,NA,NA,NA,NA,0.178571428571429
"2026-09-29T20:49:03Z","2026_04_PIT_CLE","d55cb69fed50a09170560b5b75d8de86","2026-10-02T00:15:00Z","player_anytime_td","Travis Homer",8,NA,NA,NA,NA,NA,0.0784615384615385
"2026-09-29T20:49:03Z","2026_04_PIT_CLE","d55cb69fed50a09170560b5b75d8de86","2026-10-02T00:15:00Z","player_anytime_td","Tylan Wallace",8,NA,NA,NA,NA,NA,0.0476190476190476
"2026-09-29T20:49:03Z","2026_04_TEN_BAL","f01589b0e7e6dd4f4ac1220a1db81f53","2026-10-04T17:00:00Z","player_anytime_td","Calvin Ridley",2,NA,NA,NA,NA,NA,0.108823529411765
"2026-09-29T20:49:03Z","2026_04_TEN_BAL","f01589b0e7e6dd4f4ac1220a1db81f53","2026-10-04T17:00:00Z","player_anytime_td","Cam Ward",2,NA,NA,NA,NA,NA,0.142156862745098
"2026-09-29T20:49:03Z","2026_04_TEN_BAL","f01589b0e7e6dd4f4ac1220a1db81f53","2026-10-04T17:00:00Z","player_anytime_td","Carnell Tate",1,NA,NA,NA,NA,NA,0.222222222222222
"2026-09-29T20:49:03Z","2026_04_TEN_BAL","f01589b0e7e6dd4f4ac1220a1db81f53","2026-10-04T17:00:00Z","player_anytime_td","Chimere Dike",1,NA,NA,NA,NA,NA,0.0909090909090909
"2026-09-29T20:49:03Z","2026_04_TEN_BAL","f01589b0e7e6dd4f4ac1220a1db81f53","2026-10-04T17:00:00Z","player_anytime_td","Chris Moore",2,NA,NA,NA,NA,NA,0.182539682539683
"2026-09-29T20:49:03Z","2026_04_TEN_BAL","f01589b0e7e6dd4f4ac1220a1db81f53","2026-10-04T17:00:00Z","player_anytime_td","Daniel Bellinger",2,NA,NA,NA,NA,NA,0.0954545454545455
"2026-09-29T20:49:03Z","2026_04_TEN_BAL","f01589b0e7e6dd4f4ac1220a1db81f53","2026-10-04T17:00:00Z","player_anytime_td","David Martin-Robinson",2,NA,NA,NA,NA,NA,0.0335164835164835
"2026-09-29T20:49:03Z","2026_04_TEN_BAL","f01589b0e7e6dd4f4ac1220a1db81f53","2026-10-04T17:00:00Z","player_anytime_td","Derrick Henry",5,NA,NA,NA,NA,NA,0.714285714285714
"2026-09-29T20:49:03Z","2026_04_TEN_BAL","f01589b0e7e6dd4f4ac1220a1db81f53","2026-10-04T17:00:00Z","player_anytime_td","Devontez Walker",1,NA,NA,NA,NA,NA,0.0909090909090909
"2026-09-29T20:49:03Z","2026_04_TEN_BAL","f01589b0e7e6dd4f4ac1220a1db81f53","2026-10-04T17:00:00Z","player_anytime_td","Durham Smythe",2,NA,NA,NA,NA,NA,0.0909090909090909
"2026-09-29T20:49:03Z","2026_04_TEN_BAL","f01589b0e7e6dd4f4ac1220a1db81f53","2026-10-04T17:00:00Z","player_anytime_td","Elic Ayomanor",1,NA,NA,NA,NA,NA,0.117647058823529
"2026-09-29T20:49:03Z","2026_04_TEN_BAL","f01589b0e7e6dd4f4ac1220a1db81f53","2026-10-04T17:00:00Z","player_anytime_td","Elijah Sarratt",1,NA,NA,NA,NA,NA,0.0588235294117647
"2026-09-29T20:49:03Z","2026_04_TEN_BAL","f01589b0e7e6dd4f4ac1220a1db81f53","2026-10-04T17:00:00Z","player_anytime_td","Gunnar Helm",2,NA,NA,NA,NA,NA,0.163879598662207
"2026-09-29T20:49:03Z","2026_04_TEN_BAL","f01589b0e7e6dd4f4ac1220a1db81f53","2026-10-04T17:00:00Z","player_anytime_td","Josh Cuevas",2,NA,NA,NA,NA,NA,0.0732323232323232
"2026-09-29T20:49:03Z","2026_04_TEN_BAL","f01589b0e7e6dd4f4ac1220a1db81f53","2026-10-04T17:00:00Z","player_anytime_td","Julius Chestnut",2,NA,NA,NA,NA,NA,0.0442307692307692
"2026-09-29T20:49:03Z","2026_04_TEN_BAL","f01589b0e7e6dd4f4ac1220a1db81f53","2026-10-04T17:00:00Z","player_anytime_td","Justice Hill",2,NA,NA,NA,NA,NA,0.163333333333333
"2026-09-29T20:49:03Z","2026_04_TEN_BAL","f01589b0e7e6dd4f4ac1220a1db81f53","2026-10-04T17:00:00Z","player_anytime_td","Kylen Granson",1,NA,NA,NA,NA,NA,0.0434782608695652
"2026-09-29T20:49:03Z","2026_04_TEN_BAL","f01589b0e7e6dd4f4ac1220a1db81f53","2026-10-04T17:00:00Z","player_anytime_td","LaJohntay Wester",1,NA,NA,NA,NA,NA,0.166666666666667
"2026-09-29T20:49:03Z","2026_04_TEN_BAL","f01589b0e7e6dd4f4ac1220a1db81f53","2026-10-04T17:00:00Z","player_anytime_td","Lamar Jackson",5,NA,NA,NA,NA,NA,0.350877192982456
"2026-09-29T20:49:03Z","2026_04_TEN_BAL","f01589b0e7e6dd4f4ac1220a1db81f53","2026-10-04T17:00:00Z","player_anytime_td","Mark Andrews",2,NA,NA,NA,NA,NA,0.375
"2026-09-29T20:49:03Z","2026_04_TEN_BAL","f01589b0e7e6dd4f4ac1220a1db81f53","2026-10-04T17:00:00Z","player_anytime_td","Matthew Hibner",1,NA,NA,NA,NA,NA,0.166666666666667
"2026-09-29T20:49:03Z","2026_04_TEN_BAL","f01589b0e7e6dd4f4ac1220a1db81f53","2026-10-04T17:00:00Z","player_anytime_td","Nicholas Singleton",2,NA,NA,NA,NA,NA,0.0760649087221095
"2026-09-29T20:49:03Z","2026_04_TEN_BAL","f01589b0e7e6dd4f4ac1220a1db81f53","2026-10-04T17:00:00Z","player_anytime_td","Rasheen Ali",2,NA,NA,NA,NA,NA,0.0544117647058824
"2026-09-29T20:49:03Z","2026_04_TEN_BAL","f01589b0e7e6dd4f4ac1220a1db81f53","2026-10-04T17:00:00Z","player_anytime_td","Rashod Bateman",1,NA,NA,NA,NA,NA,0.32258064516129
"2026-09-29T20:49:03Z","2026_04_TEN_BAL","f01589b0e7e6dd4f4ac1220a1db81f53","2026-10-04T17:00:00Z","player_anytime_td","Tony Pollard",5,NA,NA,NA,NA,NA,0.416666666666667
"2026-09-29T20:49:03Z","2026_04_TEN_BAL","f01589b0e7e6dd4f4ac1220a1db81f53","2026-10-04T17:00:00Z","player_anytime_td","Tyjae Spears",2,NA,NA,NA,NA,NA,0.18695652173913
"2026-09-29T20:49:03Z","2026_04_TEN_BAL","f01589b0e7e6dd4f4ac1220a1db81f53","2026-10-04T17:00:00Z","player_anytime_td","Wan'Dale Robinson",2,NA,NA,NA,NA,NA,0.250980392156863
"2026-09-29T20:49:03Z","2026_04_TEN_BAL","f01589b0e7e6dd4f4ac1220a1db81f53","2026-10-04T17:00:00Z","player_anytime_td","Zay Flowers",5,NA,NA,NA,NA,NA,0.380228136882129
"2026-09-29T21:05:34Z","2026_04_DEN_SF","a7e7efb75a9792ac63480ae6328dca18","2026-10-04T20:25:00Z","player_pass_tds","Bo Nix",1,1.5,0.436529933481153,1.5,1.5,1.5,NA
"2026-09-29T21:05:34Z","2026_04_DEN_SF","a7e7efb75a9792ac63480ae6328dca18","2026-10-04T20:25:00Z","player_pass_tds","Brock Purdy",1,1.5,0.475915221579961,1.5,1.5,1.5,NA
"2026-09-29T21:05:34Z","2026_04_DEN_SF","a7e7efb75a9792ac63480ae6328dca18","2026-10-04T20:25:00Z","player_pass_yds","Bo Nix",2,223,0.484461582867649,223,221.5,224.5,NA
"2026-09-29T21:05:34Z","2026_04_DEN_SF","a7e7efb75a9792ac63480ae6328dca18","2026-10-04T20:25:00Z","player_pass_yds","Brock Purdy",3,229.5,0.5,229.5,225.5,229.5,NA
"2026-09-29T21:05:34Z","2026_04_DEN_SF","a7e7efb75a9792ac63480ae6328dca18","2026-10-04T20:25:00Z","player_reception_yds","Christian McCaffrey",4,40,0.498947058080276,40,38.5,41.5,NA
"2026-09-29T21:05:34Z","2026_04_DEN_SF","a7e7efb75a9792ac63480ae6328dca18","2026-10-04T20:25:00Z","player_reception_yds","Courtland Sutton",3,39.5,0.5,39.5,38.5,39.5,NA
"2026-09-29T21:05:34Z","2026_04_DEN_SF","a7e7efb75a9792ac63480ae6328dca18","2026-10-04T20:25:00Z","player_reception_yds","George Kittle",4,68.5,0.488005926886507,68.5,64.5,69.5,NA
"2026-09-29T21:05:34Z","2026_04_DEN_SF","a7e7efb75a9792ac63480ae6328dca18","2026-10-04T20:25:00Z","player_reception_yds","Jaylen Waddle",3,56.5,0.5,56.5,49.5,59.5,NA
"2026-09-29T21:05:34Z","2026_04_DEN_SF","a7e7efb75a9792ac63480ae6328dca18","2026-10-04T20:25:00Z","player_reception_yds","Pat Bryant",2,20,0.505776272219254,20,19.5,20.5,NA
"2026-09-29T21:05:34Z","2026_04_DEN_SF","a7e7efb75a9792ac63480ae6328dca18","2026-10-04T20:25:00Z","player_reception_yds","RJ Harvey",2,20.5,0.51938139308198,20.5,19.5,21.5,NA
"2026-09-29T21:05:34Z","2026_04_DEN_SF","a7e7efb75a9792ac63480ae6328dca18","2026-10-04T20:25:00Z","player_receptions","Christian McCaffrey",3,4.5,0.514183822337494,4.5,4.5,4.5,NA
"2026-09-29T21:05:34Z","2026_04_DEN_SF","a7e7efb75a9792ac63480ae6328dca18","2026-10-04T20:25:00Z","player_receptions","Courtland Sutton",1,3.5,0.436529933481153,3.5,3.5,3.5,NA
"2026-09-29T21:05:34Z","2026_04_DEN_SF","a7e7efb75a9792ac63480ae6328dca18","2026-10-04T20:25:00Z","player_receptions","George Kittle",1,4.5,0.558530333238394,4.5,4.5,4.5,NA
"2026-09-29T21:05:34Z","2026_04_DEN_SF","a7e7efb75a9792ac63480ae6328dca18","2026-10-04T20:25:00Z","player_receptions","Jaylen Waddle",1,4.5,0.458115183246073,4.5,4.5,4.5,NA
"2026-09-29T21:05:34Z","2026_04_DEN_SF","a7e7efb75a9792ac63480ae6328dca18","2026-10-04T20:25:00Z","player_receptions","Pat Bryant",1,2.5,0.428258415775845,2.5,2.5,2.5,NA
"2026-09-29T21:05:34Z","2026_04_DEN_SF","a7e7efb75a9792ac63480ae6328dca18","2026-10-04T20:25:00Z","player_receptions","RJ Harvey",1,3.5,0.462092731829574,3.5,3.5,3.5,NA
"2026-09-29T21:05:34Z","2026_04_DEN_SF","a7e7efb75a9792ac63480ae6328dca18","2026-10-04T20:25:00Z","player_rush_yds","Bo Nix",3,19.5,0.5,19.5,19.5,19.5,NA
"2026-09-29T21:05:34Z","2026_04_DEN_SF","a7e7efb75a9792ac63480ae6328dca18","2026-10-04T20:25:00Z","player_rush_yds","Brock Purdy",4,18,0.475443829680432,18,15.5,19.5,NA
"2026-09-29T21:05:34Z","2026_04_DEN_SF","a7e7efb75a9792ac63480ae6328dca18","2026-10-04T20:25:00Z","player_rush_yds","Christian McCaffrey",4,66,0.497893850042123,66,65.5,69.5,NA
"2026-09-29T21:05:34Z","2026_04_DEN_SF","a7e7efb75a9792ac63480ae6328dca18","2026-10-04T20:25:00Z","player_rush_yds","J.K. Dobbins",3,69.5,0.478117737612461,69.5,65.5,69.5,NA
"2026-09-29T21:05:34Z","2026_04_DEN_SF","a7e7efb75a9792ac63480ae6328dca18","2026-10-04T20:25:00Z","player_rush_yds","Kaelon Black",4,23.5,0.501052941919724,23.5,19.5,29.5,NA
"2026-09-29T21:05:34Z","2026_04_DET_CAR","a73a76599a4f3422803e57bd8f61b626","2026-10-05T00:20:00Z","player_pass_attempts","Jared Goff",2,34.5,0.509879265763779,34.5,34.5,34.5,NA
"2026-09-29T21:05:34Z","2026_04_DET_CAR","a73a76599a4f3422803e57bd8f61b626","2026-10-05T00:20:00Z","player_pass_interceptions","Bryce Young",1,0.5,0.538677151866703,0.5,0.5,0.5,NA
"2026-09-29T21:05:34Z","2026_04_DET_CAR","a73a76599a4f3422803e57bd8f61b626","2026-10-05T00:20:00Z","player_pass_interceptions","Jared Goff",1,0.5,0.425427069645204,0.5,0.5,0.5,NA
"2026-09-29T21:05:34Z","2026_04_DET_CAR","a73a76599a4f3422803e57bd8f61b626","2026-10-05T00:20:00Z","player_pass_tds","Bryce Young",5,1.5,0.498954237429934,1.5,1.5,1.5,NA
"2026-09-29T21:05:34Z","2026_04_DET_CAR","a73a76599a4f3422803e57bd8f61b626","2026-10-05T00:20:00Z","player_pass_tds","Jared Goff",5,1.5,0.602649006622517,1.5,1.5,1.5,NA
"2026-09-29T21:05:34Z","2026_04_DET_CAR","a73a76599a4f3422803e57bd8f61b626","2026-10-05T00:20:00Z","player_pass_yds","Bryce Young",5,244.5,0.50301350048216,244.5,240.5,250.5,NA
"2026-09-29T21:05:34Z","2026_04_DET_CAR","a73a76599a4f3422803e57bd8f61b626","2026-10-05T00:20:00Z","player_pass_yds","Jared Goff",6,260,0.5,260,249.5,264.5,NA
"2026-09-29T21:05:34Z","2026_04_DET_CAR","a73a76599a4f3422803e57bd8f61b626","2026-10-05T00:20:00Z","player_reception_yds","Amon-Ra St. Brown",6,77,0.498947058080276,77,75.5,79.5,NA
"2026-09-29T21:05:34Z","2026_04_DET_CAR","a73a76599a4f3422803e57bd8f61b626","2026-10-05T00:20:00Z","player_reception_yds","Chuba Hubbard",6,18.5,0.5,18.5,18.5,19.5,NA
"2026-09-29T21:05:34Z","2026_04_DET_CAR","a73a76599a4f3422803e57bd8f61b626","2026-10-05T00:20:00Z","player_reception_yds","Isaac TeSlaa",6,17.5,0.49849324975892,17.5,16.5,19.5,NA
"2026-09-29T21:05:34Z","2026_04_DET_CAR","a73a76599a4f3422803e57bd8f61b626","2026-10-05T00:20:00Z","player_reception_yds","Jahmyr Gibbs",6,35.5,0.5,35.5,34.5,39.5,NA
"2026-09-29T21:05:34Z","2026_04_DET_CAR","a73a76599a4f3422803e57bd8f61b626","2026-10-05T00:20:00Z","player_reception_yds","Jameson Williams",6,49.5,0.498293440851556,49.5,49.5,49.5,NA
"2026-09-29T21:05:34Z","2026_04_DET_CAR","a73a76599a4f3422803e57bd8f61b626","2026-10-05T00:20:00Z","player_reception_yds","Sam LaPorta",6,49,0.501052941919724,49,48.5,49.5,NA
"2026-09-29T21:05:34Z","2026_04_DET_CAR","a73a76599a4f3422803e57bd8f61b626","2026-10-05T00:20:00Z","player_reception_yds","Tetairoa McMillan",6,69,0.500819367718881,69,68.5,69.5,NA
"2026-09-29T21:05:34Z","2026_04_DET_CAR","a73a76599a4f3422803e57bd8f61b626","2026-10-05T00:20:00Z","player_receptions","Amon-Ra St. Brown",4,6.5,0.560619066060376,6.5,6.5,6.5,NA
"2026-09-29T21:05:34Z","2026_04_DET_CAR","a73a76599a4f3422803e57bd8f61b626","2026-10-05T00:20:00Z","player_receptions","Chuba Hubbard",4,2.5,0.565045722639027,2.5,2.5,2.5,NA
"2026-09-29T21:05:34Z","2026_04_DET_CAR","a73a76599a4f3422803e57bd8f61b626","2026-10-05T00:20:00Z","player_receptions","Isaac TeSlaa",4,1.5,0.49040052911304,1.5,1.5,1.5,NA
"2026-09-29T21:05:34Z","2026_04_DET_CAR","a73a76599a4f3422803e57bd8f61b626","2026-10-05T00:20:00Z","player_receptions","Jahmyr Gibbs",4,4.5,0.524961023752748,4.5,4.5,4.5,NA
"2026-09-29T21:05:34Z","2026_04_DET_CAR","a73a76599a4f3422803e57bd8f61b626","2026-10-05T00:20:00Z","player_receptions","Jameson Williams",4,3.5,0.472938534764363,3.5,3.5,3.5,NA
"2026-09-29T21:05:34Z","2026_04_DET_CAR","a73a76599a4f3422803e57bd8f61b626","2026-10-05T00:20:00Z","player_receptions","Sam LaPorta",4,4.5,0.48638742488612,4.5,4.5,4.5,NA
"2026-09-29T21:05:34Z","2026_04_DET_CAR","a73a76599a4f3422803e57bd8f61b626","2026-10-05T00:20:00Z","player_receptions","Tetairoa McMillan",4,4.5,0.547183832819225,4.5,4.5,4.5,NA
"2026-09-29T21:05:34Z","2026_04_DET_CAR","a73a76599a4f3422803e57bd8f61b626","2026-10-05T00:20:00Z","player_rush_attempts","Bryce Young",1,2.5,0.528925619834711,2.5,2.5,2.5,NA
"2026-09-29T21:05:34Z","2026_04_DET_CAR","a73a76599a4f3422803e57bd8f61b626","2026-10-05T00:20:00Z","player_rush_attempts","Chuba Hubbard",1,16.5,0.510397604391948,16.5,16.5,16.5,NA
"2026-09-29T21:05:34Z","2026_04_DET_CAR","a73a76599a4f3422803e57bd8f61b626","2026-10-05T00:20:00Z","player_rush_attempts","Jahmyr Gibbs",2,19.5,0.517585144776927,19.5,19.5,19.5,NA
"2026-09-29T21:05:34Z","2026_04_DET_CAR","a73a76599a4f3422803e57bd8f61b626","2026-10-05T00:20:00Z","player_rush_yds","Bryce Young",6,12.5,0.503993610223642,12.5,9.5,13.5,NA
"2026-09-29T21:05:34Z","2026_04_DET_CAR","a73a76599a4f3422803e57bd8f61b626","2026-10-05T00:20:00Z","player_rush_yds","Chuba Hubbard",6,67,0.502106149957877,67,65.5,69.5,NA
"2026-09-29T21:05:34Z","2026_04_DET_CAR","a73a76599a4f3422803e57bd8f61b626","2026-10-05T00:20:00Z","player_rush_yds","Jahmyr Gibbs",6,97.5,0.496680051298925,97.5,93.5,99.5,NA
"2026-09-29T21:05:34Z","2026_04_IND_WAS","c9d8ed8aa4889486eaf10a630138ede0","2026-10-04T13:30:00Z","player_pass_attempts","Daniel Jones",3,31.5,0.489878542510122,31.5,31.5,31.5,NA
"2026-09-29T21:05:34Z","2026_04_IND_WAS","c9d8ed8aa4889486eaf10a630138ede0","2026-10-04T13:30:00Z","player_pass_attempts","Marcus Mariota",3,30.5,0.515511250827267,30.5,30.5,30.5,NA
"2026-09-29T21:05:34Z","2026_04_IND_WAS","c9d8ed8aa4889486eaf10a630138ede0","2026-10-04T13:30:00Z","player_pass_interceptions","Daniel Jones",4,0.5,0.480010088364655,0.5,0.5,0.5,NA
"2026-09-29T21:05:34Z","2026_04_IND_WAS","c9d8ed8aa4889486eaf10a630138ede0","2026-10-04T13:30:00Z","player_pass_interceptions","Marcus Mariota",4,0.5,0.539391576660409,0.5,0.5,0.5,NA
"2026-09-29T21:05:34Z","2026_04_IND_WAS","c9d8ed8aa4889486eaf10a630138ede0","2026-10-04T13:30:00Z","player_pass_tds","Daniel Jones",6,1.5,0.477642798154708,1.5,1.5,1.5,NA
"2026-09-29T21:05:34Z","2026_04_IND_WAS","c9d8ed8aa4889486eaf10a630138ede0","2026-10-04T13:30:00Z","player_pass_tds","Marcus Mariota",6,1.5,0.385100416305074,1.5,1.5,1.5,NA
"2026-09-29T21:05:34Z","2026_04_IND_WAS","c9d8ed8aa4889486eaf10a630138ede0","2026-10-04T13:30:00Z","player_pass_yds","Daniel Jones",7,224.5,0.5,224.5,219.5,224.5,NA
"2026-09-29T21:05:34Z","2026_04_IND_WAS","c9d8ed8aa4889486eaf10a630138ede0","2026-10-04T13:30:00Z","player_pass_yds","Marcus Mariota",7,212.5,0.5,212.5,208.5,212.5,NA
"2026-09-29T21:05:34Z","2026_04_IND_WAS","c9d8ed8aa4889486eaf10a630138ede0","2026-10-04T13:30:00Z","player_reception_yds","Jonathan Taylor",7,19.5,0.494840254272269,19.5,19.5,19.5,NA
"2026-09-29T21:05:34Z","2026_04_IND_WAS","c9d8ed8aa4889486eaf10a630138ede0","2026-10-04T13:30:00Z","player_reception_yds","Josh Downs",7,63.5,0.5,63.5,63.5,69.5,NA
"2026-09-29T21:05:34Z","2026_04_IND_WAS","c9d8ed8aa4889486eaf10a630138ede0","2026-10-04T13:30:00Z","player_reception_yds","Keenan Allen",7,34.5,0.493680219085738,34.5,30.5,39.5,NA
"2026-09-29T21:05:34Z","2026_04_IND_WAS","c9d8ed8aa4889486eaf10a630138ede0","2026-10-04T13:30:00Z","player_reception_yds","Stefon Diggs",6,41,0.503612900198957,41,39.5,41.5,NA
"2026-09-29T21:05:34Z","2026_04_IND_WAS","c9d8ed8aa4889486eaf10a630138ede0","2026-10-04T13:30:00Z","player_reception_yds","Terry McLaurin",7,55.5,0.5,55.5,53.5,59.5,NA
"2026-09-29T21:05:34Z","2026_04_IND_WAS","c9d8ed8aa4889486eaf10a630138ede0","2026-10-04T13:30:00Z","player_reception_yds","Tyler Warren",7,47.5,0.5,47.5,46.5,49.5,NA
"2026-09-29T21:05:34Z","2026_04_IND_WAS","c9d8ed8aa4889486eaf10a630138ede0","2026-10-04T13:30:00Z","player_receptions","Jonathan Taylor",5,2.5,0.540791402051783,2.5,2.5,2.5,NA
"2026-09-29T21:05:34Z","2026_04_IND_WAS","c9d8ed8aa4889486eaf10a630138ede0","2026-10-04T13:30:00Z","player_receptions","Josh Downs",5,5.5,0.424836601307189,5.5,5.5,5.5,NA
"2026-09-29T21:05:34Z","2026_04_IND_WAS","c9d8ed8aa4889486eaf10a630138ede0","2026-10-04T13:30:00Z","player_receptions","Keenan Allen",5,3.5,0.489878542510122,3.5,3.5,3.5,NA
"2026-09-29T21:05:34Z","2026_04_IND_WAS","c9d8ed8aa4889486eaf10a630138ede0","2026-10-04T13:30:00Z","player_receptions","Stefon Diggs",4,4.5,0.433041492261373,4.5,4.5,4.5,NA
"2026-09-29T21:05:34Z","2026_04_IND_WAS","c9d8ed8aa4889486eaf10a630138ede0","2026-10-04T13:30:00Z","player_receptions","Terry McLaurin",5,4.5,0.49792255276716,4.5,4.5,4.5,NA
"2026-09-29T21:05:34Z","2026_04_IND_WAS","c9d8ed8aa4889486eaf10a630138ede0","2026-10-04T13:30:00Z","player_receptions","Tyler Warren",5,5.5,0.47184231697506,5.5,5.5,5.5,NA
"2026-09-29T21:05:34Z","2026_04_IND_WAS","c9d8ed8aa4889486eaf10a630138ede0","2026-10-04T13:30:00Z","player_rush_attempts","Jacory Croskey-Merritt",2,13.5,0.50109707947243,13.5,13.5,13.5,NA
"2026-09-29T21:05:34Z","2026_04_IND_WAS","c9d8ed8aa4889486eaf10a630138ede0","2026-10-04T13:30:00Z","player_rush_attempts","Jonathan Taylor",2,20.5,0.482400681682284,20.5,20.5,20.5,NA
"2026-09-29T21:05:34Z","2026_04_IND_WAS","c9d8ed8aa4889486eaf10a630138ede0","2026-10-04T13:30:00Z","player_rush_yds","Daniel Jones",7,11.5,0.503095336359884,11.5,9.5,11.5,NA
"2026-09-29T21:05:34Z","2026_04_IND_WAS","c9d8ed8aa4889486eaf10a630138ede0","2026-10-04T13:30:00Z","player_rush_yds","Jacory Croskey-Merritt",7,54.5,0.5,54.5,49.5,59.5,NA
"2026-09-29T21:05:34Z","2026_04_IND_WAS","c9d8ed8aa4889486eaf10a630138ede0","2026-10-04T13:30:00Z","player_rush_yds","Jonathan Taylor",7,90.5,0.5,90.5,89.5,92.5,NA
"2026-09-29T21:05:34Z","2026_04_IND_WAS","c9d8ed8aa4889486eaf10a630138ede0","2026-10-04T13:30:00Z","player_rush_yds","Marcus Mariota",7,28.5,0.5,28.5,26.5,29.5,NA
"2026-09-29T21:05:34Z","2026_04_JAX_CIN","2ea94ddf20f66432b9024fe2e2eaba5f","2026-10-04T17:00:00Z","player_pass_tds","Joe Burrow",5,1.5,0.627791563275434,1.5,1.5,1.5,NA
"2026-09-29T21:05:34Z","2026_04_JAX_CIN","2ea94ddf20f66432b9024fe2e2eaba5f","2026-10-04T17:00:00Z","player_pass_tds","Trevor Lawrence",5,1.5,0.55011293845321,1.5,1.5,1.5,NA
"2026-09-29T21:05:34Z","2026_04_JAX_CIN","2ea94ddf20f66432b9024fe2e2eaba5f","2026-10-04T17:00:00Z","player_pass_yds","Joe Burrow",6,267,0.5,267,265.5,274.5,NA
"2026-09-29T21:05:34Z","2026_04_JAX_CIN","2ea94ddf20f66432b9024fe2e2eaba5f","2026-10-04T17:00:00Z","player_pass_yds","Trevor Lawrence",6,263.5,0.5,263.5,260.5,269.5,NA
"2026-09-29T21:05:34Z","2026_04_JAX_CIN","2ea94ddf20f66432b9024fe2e2eaba5f","2026-10-04T17:00:00Z","player_reception_yds","Ja'Marr Chase",6,78.5,0.5,78.5,76.5,79.5,NA
"2026-09-29T21:05:34Z","2026_04_JAX_CIN","2ea94ddf20f66432b9024fe2e2eaba5f","2026-10-04T17:00:00Z","player_reception_yds","Jakobi Meyers",6,40.5,0.501052941919724,40.5,39.5,40.5,NA
"2026-09-29T21:05:34Z","2026_04_JAX_CIN","2ea94ddf20f66432b9024fe2e2eaba5f","2026-10-04T17:00:00Z","player_reception_yds","Parker Washington",6,72,0.5,72,70.5,79.5,NA
"2026-09-29T21:05:34Z","2026_04_JAX_CIN","2ea94ddf20f66432b9024fe2e2eaba5f","2026-10-04T17:00:00Z","player_reception_yds","Tee Higgins",6,60.5,0.5,60.5,59.5,60.5,NA
"2026-09-29T21:05:34Z","2026_04_JAX_CIN","2ea94ddf20f66432b9024fe2e2eaba5f","2026-10-04T17:00:00Z","player_receptions","Ja'Marr Chase",5,6.5,0.530612244897959,6.5,6.5,6.5,NA
"2026-09-29T21:05:34Z","2026_04_JAX_CIN","2ea94ddf20f66432b9024fe2e2eaba5f","2026-10-04T17:00:00Z","player_receptions","Jakobi Meyers",5,3.5,0.558797046641455,3.5,3.5,3.5,NA
"2026-09-29T21:05:34Z","2026_04_JAX_CIN","2ea94ddf20f66432b9024fe2e2eaba5f","2026-10-04T17:00:00Z","player_receptions","Parker Washington",5,5.5,0.459208597948217,5.5,5.5,5.5,NA
"2026-09-29T21:05:34Z","2026_04_JAX_CIN","2ea94ddf20f66432b9024fe2e2eaba5f","2026-10-04T17:00:00Z","player_receptions","Tee Higgins",5,4.5,0.443519188993483,4.5,4.5,4.5,NA
"2026-09-29T21:05:34Z","2026_04_JAX_CIN","2ea94ddf20f66432b9024fe2e2eaba5f","2026-10-04T17:00:00Z","player_rush_attempts","Bhayshul Tuten",2,12.5,0.525361791324716,12.5,12.5,12.5,NA
"2026-09-29T21:05:34Z","2026_04_JAX_CIN","2ea94ddf20f66432b9024fe2e2eaba5f","2026-10-04T17:00:00Z","player_rush_attempts","Chase Brown",2,16.5,0.509303293593576,16.5,16.5,16.5,NA
"2026-09-29T21:05:34Z","2026_04_JAX_CIN","2ea94ddf20f66432b9024fe2e2eaba5f","2026-10-04T17:00:00Z","player_rush_yds","Bhayshul Tuten",6,54.5,0.498947058080276,54.5,53.5,59.5,NA
"2026-09-29T21:05:34Z","2026_04_JAX_CIN","2ea94ddf20f66432b9024fe2e2eaba5f","2026-10-04T17:00:00Z","player_rush_yds","Chase Brown",6,65,0.50822061920207,65,64.5,69.5,NA
"2026-09-29T21:05:34Z","2026_04_KC_LV","e0cbd266dcf997089203a1b33ba0333d","2026-10-04T20:25:00Z","player_pass_tds","Kirk Cousins",4,1.5,0.409270467112951,1.5,1.5,1.5,NA
"2026-09-29T21:05:34Z","2026_04_KC_LV","e0cbd266dcf997089203a1b33ba0333d","2026-10-04T20:25:00Z","player_pass_tds","Patrick Mahomes",4,1.5,0.518830160096317,1.5,1.5,1.5,NA
"2026-09-29T21:05:34Z","2026_04_KC_LV","e0cbd266dcf997089203a1b33ba0333d","2026-10-04T20:25:00Z","player_pass_yds","Kirk Cousins",5,225.5,0.5,225.5,219.5,227.5,NA
"2026-09-29T21:05:34Z","2026_04_KC_LV","e0cbd266dcf997089203a1b33ba0333d","2026-10-04T20:25:00Z","player_pass_yds","Patrick Mahomes",5,236.5,0.497894116160553,236.5,235.5,241.5,NA
"2026-09-29T21:05:34Z","2026_04_KC_LV","e0cbd266dcf997089203a1b33ba0333d","2026-10-04T20:25:00Z","player_rush_yds","Ashton Jeanty",5,59.5,0.508203445447088,59.5,59.5,60.5,NA
"2026-09-29T21:05:34Z","2026_04_KC_LV","e0cbd266dcf997089203a1b33ba0333d","2026-10-04T20:25:00Z","player_rush_yds","Kenneth Walker III",5,89.5,0.5,89.5,87.5,91.5,NA
"2026-09-29T21:05:34Z","2026_04_LA_PHI","1b4f2e60ce83fa1d63a5dff83769d27c","2026-10-04T17:00:00Z","player_pass_attempts","Jalen Hurts",1,29.5,0.523858921161826,29.5,29.5,29.5,NA
"2026-09-29T21:05:34Z","2026_04_LA_PHI","1b4f2e60ce83fa1d63a5dff83769d27c","2026-10-04T17:00:00Z","player_pass_attempts","Matthew Stafford",1,34.5,0.508314971105475,34.5,34.5,34.5,NA
"2026-09-29T21:05:34Z","2026_04_LA_PHI","1b4f2e60ce83fa1d63a5dff83769d27c","2026-10-04T17:00:00Z","player_pass_interceptions","Jalen Hurts",2,0.5,0.478672165545961,0.5,0.5,0.5,NA
"2026-09-29T21:05:34Z","2026_04_LA_PHI","1b4f2e60ce83fa1d63a5dff83769d27c","2026-10-04T17:00:00Z","player_pass_interceptions","Matthew Stafford",2,0.5,0.483042237541811,0.5,0.5,0.5,NA
"2026-09-29T21:05:34Z","2026_04_LA_PHI","1b4f2e60ce83fa1d63a5dff83769d27c","2026-10-04T17:00:00Z","player_pass_tds","Jalen Hurts",4,1.5,0.333418781780335,1.5,1.5,1.5,NA
"2026-09-29T21:05:34Z","2026_04_LA_PHI","1b4f2e60ce83fa1d63a5dff83769d27c","2026-10-04T17:00:00Z","player_pass_tds","Matthew Stafford",4,1.5,0.500819367718881,1.5,1.5,1.5,NA
"2026-09-29T21:05:34Z","2026_04_LA_PHI","1b4f2e60ce83fa1d63a5dff83769d27c","2026-10-04T17:00:00Z","player_pass_yds","Jalen Hurts",5,202.5,0.502105883839447,202.5,199.5,204.5,NA
"2026-09-29T21:05:34Z","2026_04_LA_PHI","1b4f2e60ce83fa1d63a5dff83769d27c","2026-10-04T17:00:00Z","player_pass_yds","Matthew Stafford",5,250.5,0.5,250.5,249.5,252.5,NA
"2026-09-29T21:05:34Z","2026_04_LA_PHI","1b4f2e60ce83fa1d63a5dff83769d27c","2026-10-04T17:00:00Z","player_reception_yds","Davante Adams",5,74.5,0.5,74.5,73.5,79.5,NA
"2026-09-29T21:05:34Z","2026_04_LA_PHI","1b4f2e60ce83fa1d63a5dff83769d27c","2026-10-04T17:00:00Z","player_reception_yds","DeVonta Smith",5,69.5,0.497894116160553,69.5,68.5,69.5,NA
"2026-09-29T21:05:34Z","2026_04_LA_PHI","1b4f2e60ce83fa1d63a5dff83769d27c","2026-10-04T17:00:00Z","player_reception_yds","Dontayvion Wicks",5,40.5,0.5,40.5,39.5,40.5,NA
"2026-09-29T21:05:34Z","2026_04_LA_PHI","1b4f2e60ce83fa1d63a5dff83769d27c","2026-10-04T17:00:00Z","player_reception_yds","Makai Lemon",5,26.5,0.5,26.5,25.5,29.5,NA
"2026-09-29T21:05:34Z","2026_04_LA_PHI","1b4f2e60ce83fa1d63a5dff83769d27c","2026-10-04T17:00:00Z","player_receptions","Davante Adams",3,5.5,0.436207596032836,5.5,5.5,5.5,NA
"2026-09-29T21:05:34Z","2026_04_LA_PHI","1b4f2e60ce83fa1d63a5dff83769d27c","2026-10-04T17:00:00Z","player_receptions","DeVonta Smith",3,5.5,0.567025773898814,5.5,5.5,5.5,NA
"2026-09-29T21:05:34Z","2026_04_LA_PHI","1b4f2e60ce83fa1d63a5dff83769d27c","2026-10-04T17:00:00Z","player_receptions","Dontayvion Wicks",3,3.5,0.401736443234493,3.5,3.5,3.5,NA
"2026-09-29T21:05:34Z","2026_04_LA_PHI","1b4f2e60ce83fa1d63a5dff83769d27c","2026-10-04T17:00:00Z","player_receptions","Makai Lemon",3,2.5,0.60170069295067,2.5,2.5,2.5,NA
"2026-09-29T21:05:34Z","2026_04_LA_PHI","1b4f2e60ce83fa1d63a5dff83769d27c","2026-10-04T17:00:00Z","player_rush_attempts","Blake Corum",1,9.5,0.493765586034913,9.5,9.5,9.5,NA
"2026-09-29T21:05:34Z","2026_04_LA_PHI","1b4f2e60ce83fa1d63a5dff83769d27c","2026-10-04T17:00:00Z","player_rush_attempts","Jalen Hurts",1,5.5,0.544747305941336,5.5,5.5,5.5,NA
"2026-09-29T21:05:34Z","2026_04_LA_PHI","1b4f2e60ce83fa1d63a5dff83769d27c","2026-10-04T17:00:00Z","player_rush_attempts","Kyren Williams",1,13.5,0.503137550200803,13.5,13.5,13.5,NA
"2026-09-29T21:05:34Z","2026_04_LA_PHI","1b4f2e60ce83fa1d63a5dff83769d27c","2026-10-04T17:00:00Z","player_rush_attempts","Saquon Barkley",1,18.5,0.473170429685888,18.5,18.5,18.5,NA
"2026-09-29T21:05:34Z","2026_04_LA_PHI","1b4f2e60ce83fa1d63a5dff83769d27c","2026-10-04T17:00:00Z","player_rush_yds","Blake Corum",5,40.5,0.505023308149815,40.5,39.5,41.5,NA
"2026-09-29T21:05:34Z","2026_04_LA_PHI","1b4f2e60ce83fa1d63a5dff83769d27c","2026-10-04T17:00:00Z","player_rush_yds","Jalen Hurts",5,25.5,0.5,25.5,23.5,29.5,NA
"2026-09-29T21:05:34Z","2026_04_LA_PHI","1b4f2e60ce83fa1d63a5dff83769d27c","2026-10-04T17:00:00Z","player_rush_yds","Kyren Williams",5,57.5,0.5,57.5,55.5,59.5,NA
"2026-09-29T21:05:34Z","2026_04_LA_PHI","1b4f2e60ce83fa1d63a5dff83769d27c","2026-10-04T17:00:00Z","player_rush_yds","Saquon Barkley",5,79.5,0.501638735437761,79.5,78.5,79.5,NA
"2026-09-29T21:05:34Z","2026_04_NE_BUF","573cc0ef39631a4f6673ec843a8bedd4","2026-10-04T17:00:00Z","player_pass_attempts","Josh Allen",1,29.5,0.514571190674438,29.5,29.5,29.5,NA
"2026-09-29T21:05:34Z","2026_04_NE_BUF","573cc0ef39631a4f6673ec843a8bedd4","2026-10-04T17:00:00Z","player_pass_tds","Drake Maye",3,1.5,0.423216444981862,1.5,1.5,1.5,NA
"2026-09-29T21:05:34Z","2026_04_NE_BUF","573cc0ef39631a4f6673ec843a8bedd4","2026-10-04T17:00:00Z","player_pass_tds","Josh Allen",3,1.5,0.574976756541373,1.5,1.5,1.5,NA
"2026-09-29T21:05:34Z","2026_04_NE_BUF","573cc0ef39631a4f6673ec843a8bedd4","2026-10-04T17:00:00Z","player_pass_yds","Drake Maye",3,228.5,0.5,228.5,225.5,231.5,NA
"2026-09-29T21:05:34Z","2026_04_NE_BUF","573cc0ef39631a4f6673ec843a8bedd4","2026-10-04T17:00:00Z","player_pass_yds","Josh Allen",4,240,0.501052941919724,240,234.5,246.5,NA
"2026-09-29T21:05:34Z","2026_04_NE_BUF","573cc0ef39631a4f6673ec843a8bedd4","2026-10-04T17:00:00Z","player_reception_yds","DJ Moore",2,46,0.502106149957877,46,45.5,46.5,NA
"2026-09-29T21:05:34Z","2026_04_NE_BUF","573cc0ef39631a4f6673ec843a8bedd4","2026-10-04T17:00:00Z","player_reception_yds","Dalton Kincaid",3,52.5,0.504212299915754,52.5,50.5,53.5,NA
"2026-09-29T21:05:34Z","2026_04_NE_BUF","573cc0ef39631a4f6673ec843a8bedd4","2026-10-04T17:00:00Z","player_reception_yds","DeMario Douglas",1,27.5,0.5,27.5,27.5,27.5,NA
"2026-09-29T21:05:34Z","2026_04_NE_BUF","573cc0ef39631a4f6673ec843a8bedd4","2026-10-04T17:00:00Z","player_reception_yds","Hunter Henry",1,35.5,0.5,35.5,35.5,35.5,NA
"2026-09-29T21:05:34Z","2026_04_NE_BUF","573cc0ef39631a4f6673ec843a8bedd4","2026-10-04T17:00:00Z","player_reception_yds","James Cook",2,7,0.501052941919724,7,6.5,7.5,NA
"2026-09-29T21:05:34Z","2026_04_NE_BUF","573cc0ef39631a4f6673ec843a8bedd4","2026-10-04T17:00:00Z","player_reception_yds","Keon Coleman",2,13.5,0.495785569790964,13.5,12.5,14.5,NA
"2026-09-29T21:05:34Z","2026_04_NE_BUF","573cc0ef39631a4f6673ec843a8bedd4","2026-10-04T17:00:00Z","player_reception_yds","Khalil Shakir",2,38.5,0.498947058080276,38.5,37.5,39.5,NA
"2026-09-29T21:05:34Z","2026_04_NE_BUF","573cc0ef39631a4f6673ec843a8bedd4","2026-10-04T17:00:00Z","player_reception_yds","Mack Hollins",1,43.5,0.5,43.5,43.5,43.5,NA
"2026-09-29T21:05:34Z","2026_04_NE_BUF","573cc0ef39631a4f6673ec843a8bedd4","2026-10-04T17:00:00Z","player_reception_yds","Rhamondre Stevenson",1,18.5,0.5,18.5,18.5,18.5,NA
"2026-09-29T21:05:34Z","2026_04_NE_BUF","573cc0ef39631a4f6673ec843a8bedd4","2026-10-04T17:00:00Z","player_reception_yds","Romeo Doubs",1,39.5,0.5,39.5,39.5,39.5,NA
"2026-09-29T21:05:34Z","2026_04_NE_BUF","573cc0ef39631a4f6673ec843a8bedd4","2026-10-04T17:00:00Z","player_reception_yds","TreVeyon Henderson",1,5.5,0.5,5.5,5.5,5.5,NA
"2026-09-29T21:05:34Z","2026_04_NE_BUF","573cc0ef39631a4f6673ec843a8bedd4","2026-10-04T17:00:00Z","player_reception_yds","Ty Johnson",1,13.5,0.5,13.5,13.5,13.5,NA
"2026-09-29T21:05:34Z","2026_04_NE_BUF","573cc0ef39631a4f6673ec843a8bedd4","2026-10-04T17:00:00Z","player_receptions","DJ Moore",2,3.5,0.53165173910368,3.5,3.5,3.5,NA
"2026-09-29T21:05:34Z","2026_04_NE_BUF","573cc0ef39631a4f6673ec843a8bedd4","2026-10-04T17:00:00Z","player_receptions","Dalton Kincaid",2,4.5,0.500112928629106,4.5,4.5,4.5,NA
"2026-09-29T21:05:34Z","2026_04_NE_BUF","573cc0ef39631a4f6673ec843a8bedd4","2026-10-04T17:00:00Z","player_receptions","DeMario Douglas",1,2.5,0.537907268170426,2.5,2.5,2.5,NA
"2026-09-29T21:05:34Z","2026_04_NE_BUF","573cc0ef39631a4f6673ec843a8bedd4","2026-10-04T17:00:00Z","player_receptions","Hunter Henry",1,3.5,0.551074477480129,3.5,3.5,3.5,NA
"2026-09-29T21:05:34Z","2026_04_NE_BUF","573cc0ef39631a4f6673ec843a8bedd4","2026-10-04T17:00:00Z","player_receptions","James Cook",2,1.5,0.45511119297309,1.5,1.5,1.5,NA
"2026-09-29T21:05:34Z","2026_04_NE_BUF","573cc0ef39631a4f6673ec843a8bedd4","2026-10-04T17:00:00Z","player_receptions","Keon Coleman",2,1.5,0.466925282853012,1.5,1.5,1.5,NA
"2026-09-29T21:05:34Z","2026_04_NE_BUF","573cc0ef39631a4f6673ec843a8bedd4","2026-10-04T17:00:00Z","player_receptions","Khalil Shakir",2,3.5,0.533422652171935,3.5,3.5,3.5,NA
"2026-09-29T21:05:34Z","2026_04_NE_BUF","573cc0ef39631a4f6673ec843a8bedd4","2026-10-04T17:00:00Z","player_receptions","Mack Hollins",1,3.5,0.52815768302494,3.5,3.5,3.5,NA
"2026-09-29T21:05:34Z","2026_04_NE_BUF","573cc0ef39631a4f6673ec843a8bedd4","2026-10-04T17:00:00Z","player_receptions","Rhamondre Stevenson",1,2.5,0.541884816753927,2.5,2.5,2.5,NA
"2026-09-29T21:05:34Z","2026_04_NE_BUF","573cc0ef39631a4f6673ec843a8bedd4","2026-10-04T17:00:00Z","player_receptions","Romeo Doubs",1,3.5,0.44892552251987,3.5,3.5,3.5,NA
"2026-09-29T21:05:34Z","2026_04_NE_BUF","573cc0ef39631a4f6673ec843a8bedd4","2026-10-04T17:00:00Z","player_receptions","TreVeyon Henderson",1,0.5,0.620420848830692,0.5,0.5,0.5,NA
"2026-09-29T21:05:34Z","2026_04_NE_BUF","573cc0ef39631a4f6673ec843a8bedd4","2026-10-04T17:00:00Z","player_receptions","Ty Johnson",1,1.5,0.571741584224155,1.5,1.5,1.5,NA
"2026-09-29T21:05:34Z","2026_04_NE_BUF","573cc0ef39631a4f6673ec843a8bedd4","2026-10-04T17:00:00Z","player_rush_attempts","James Cook",1,17.5,0.535962877030162,17.5,17.5,17.5,NA
"2026-09-29T21:05:34Z","2026_04_NE_BUF","573cc0ef39631a4f6673ec843a8bedd4","2026-10-04T17:00:00Z","player_rush_yds","Drake Maye",1,26.5,0.5,26.5,26.5,26.5,NA
"2026-09-29T21:05:34Z","2026_04_NE_BUF","573cc0ef39631a4f6673ec843a8bedd4","2026-10-04T17:00:00Z","player_rush_yds","James Cook",2,86.5,0.502106149957877,86.5,85.5,87.5,NA
"2026-09-29T21:05:34Z","2026_04_NE_BUF","573cc0ef39631a4f6673ec843a8bedd4","2026-10-04T17:00:00Z","player_rush_yds","Josh Allen",3,31.5,0.5,31.5,30.5,31.5,NA
"2026-09-29T21:05:34Z","2026_04_NE_BUF","573cc0ef39631a4f6673ec843a8bedd4","2026-10-04T17:00:00Z","player_rush_yds","Rhamondre Stevenson",1,30.5,0.5,30.5,30.5,30.5,NA
"2026-09-29T21:05:34Z","2026_04_NE_BUF","573cc0ef39631a4f6673ec843a8bedd4","2026-10-04T17:00:00Z","player_rush_yds","TreVeyon Henderson",1,42.5,0.5,42.5,42.5,42.5,NA
"2026-09-29T21:05:34Z","2026_04_PIT_CLE","d55cb69fed50a09170560b5b75d8de86","2026-10-02T00:15:00Z","player_pass_attempts","Aaron Rodgers",4,34.5,0.515281331081899,34.5,34.5,34.5,NA
"2026-09-29T21:05:34Z","2026_04_PIT_CLE","d55cb69fed50a09170560b5b75d8de86","2026-10-02T00:15:00Z","player_pass_attempts","Deshaun Watson",3,28.5,0.503095336359884,28.5,28.5,28.5,NA
"2026-09-29T21:05:34Z","2026_04_PIT_CLE","d55cb69fed50a09170560b5b75d8de86","2026-10-02T00:15:00Z","player_pass_interceptions","Aaron Rodgers",4,0.5,0.476432930578984,0.5,0.5,0.5,NA
"2026-09-29T21:05:34Z","2026_04_PIT_CLE","d55cb69fed50a09170560b5b75d8de86","2026-10-02T00:15:00Z","player_pass_interceptions","Deshaun Watson",4,0.5,0.501547668179942,0.5,0.5,0.5,NA
"2026-09-29T21:05:34Z","2026_04_PIT_CLE","d55cb69fed50a09170560b5b75d8de86","2026-10-02T00:15:00Z","player_pass_tds","Aaron Rodgers",6,1.5,0.357363180882991,1.5,1.5,1.5,NA
"2026-09-29T21:05:34Z","2026_04_PIT_CLE","d55cb69fed50a09170560b5b75d8de86","2026-10-02T00:15:00Z","player_pass_tds","Deshaun Watson",6,0.5,0.64562569213732,0.5,0.5,0.5,NA
"2026-09-29T21:05:34Z","2026_04_PIT_CLE","d55cb69fed50a09170560b5b75d8de86","2026-10-02T00:15:00Z","player_pass_yds","Aaron Rodgers",7,212.5,0.5,212.5,205.5,212.5,NA
"2026-09-29T21:05:34Z","2026_04_PIT_CLE","d55cb69fed50a09170560b5b75d8de86","2026-10-02T00:15:00Z","player_pass_yds","Deshaun Watson",5,187.5,0.498982084690554,187.5,182.5,189.5,NA
"2026-09-29T21:05:34Z","2026_04_PIT_CLE","d55cb69fed50a09170560b5b75d8de86","2026-10-02T00:15:00Z","player_reception_yds","DK Metcalf",6,43.5,0.5,43.5,41.5,44.5,NA
"2026-09-29T21:05:34Z","2026_04_PIT_CLE","d55cb69fed50a09170560b5b75d8de86","2026-10-02T00:15:00Z","player_reception_yds","Darnell Washington",6,15.5,0.502600610099666,15.5,15.5,17.5,NA
"2026-09-29T21:05:34Z","2026_04_PIT_CLE","d55cb69fed50a09170560b5b75d8de86","2026-10-02T00:15:00Z","player_reception_yds","Denzel Boston",7,35.5,0.5,35.5,35.5,36.5,NA
"2026-09-29T21:05:34Z","2026_04_PIT_CLE","d55cb69fed50a09170560b5b75d8de86","2026-10-02T00:15:00Z","player_reception_yds","Harold Fannin Jr.",6,40.5,0.5,40.5,40.5,41.5,NA
"2026-09-29T21:05:34Z","2026_04_PIT_CLE","d55cb69fed50a09170560b5b75d8de86","2026-10-02T00:15:00Z","player_reception_yds","Jaylen Warren",6,22.5,0.5,22.5,21.5,22.5,NA
"2026-09-29T21:05:34Z","2026_04_PIT_CLE","d55cb69fed50a09170560b5b75d8de86","2026-10-02T00:15:00Z","player_reception_yds","Jerry Jeudy",6,14,0.497420127136135,14,13.5,14.5,NA
"2026-09-29T21:05:34Z","2026_04_PIT_CLE","d55cb69fed50a09170560b5b75d8de86","2026-10-02T00:15:00Z","player_reception_yds","KC Concepcion",6,34.5,0.502106149957877,34.5,34.5,35.5,NA
"2026-09-29T21:05:34Z","2026_04_PIT_CLE","d55cb69fed50a09170560b5b75d8de86","2026-10-02T00:15:00Z","player_reception_yds","Michael Pittman Jr.",6,33.5,0.5,33.5,32.5,34.5,NA
"2026-09-29T21:05:34Z","2026_04_PIT_CLE","d55cb69fed50a09170560b5b75d8de86","2026-10-02T00:15:00Z","player_reception_yds","Pat Freiermuth",6,28.5,0.5,28.5,28.5,29.5,NA
"2026-09-29T21:05:34Z","2026_04_PIT_CLE","d55cb69fed50a09170560b5b75d8de86","2026-10-02T00:15:00Z","player_reception_yds","Quinshon Judkins",6,12.5,0.5,12.5,11.5,12.5,NA
"2026-09-29T21:05:34Z","2026_04_PIT_CLE","d55cb69fed50a09170560b5b75d8de86","2026-10-02T00:15:00Z","player_reception_yds","Raheim Sanders",6,11,0.5,11,10.5,12.5,NA
"2026-09-29T21:05:34Z","2026_04_PIT_CLE","d55cb69fed50a09170560b5b75d8de86","2026-10-02T00:15:00Z","player_reception_yds","Roman Wilson",6,22.5,0.501052941919724,22.5,21.5,22.5,NA
"2026-09-29T21:05:34Z","2026_04_PIT_CLE","d55cb69fed50a09170560b5b75d8de86","2026-10-02T00:15:00Z","player_receptions","DK Metcalf",5,3.5,0.534653465346535,3.5,3.5,3.5,NA
"2026-09-29T21:05:34Z","2026_04_PIT_CLE","d55cb69fed50a09170560b5b75d8de86","2026-10-02T00:15:00Z","player_receptions","Darnell Washington",5,1.5,0.609053497942387,1.5,1.5,1.5,NA
"2026-09-29T21:05:34Z","2026_04_PIT_CLE","d55cb69fed50a09170560b5b75d8de86","2026-10-02T00:15:00Z","player_receptions","Denzel Boston",5,2.5,0.57516339869281,2.5,2.5,2.5,NA
"2026-09-29T21:05:34Z","2026_04_PIT_CLE","d55cb69fed50a09170560b5b75d8de86","2026-10-02T00:15:00Z","player_receptions","Harold Fannin Jr.",5,4.5,0.492871109662702,4.5,4.5,4.5,NA
"2026-09-29T21:05:34Z","2026_04_PIT_CLE","d55cb69fed50a09170560b5b75d8de86","2026-10-02T00:15:00Z","player_receptions","Jaylen Warren",6,3.5,0.435085192739177,3.5,3.5,3.5,NA
"2026-09-29T21:05:34Z","2026_04_PIT_CLE","d55cb69fed50a09170560b5b75d8de86","2026-10-02T00:15:00Z","player_receptions","Jerry Jeudy",5,1.5,0.442477876106195,1.5,1.5,1.5,NA
"2026-09-29T21:05:34Z","2026_04_PIT_CLE","d55cb69fed50a09170560b5b75d8de86","2026-10-02T00:15:00Z","player_receptions","KC Concepcion",5,3.5,0.572763684913218,3.5,3.5,3.5,NA
"2026-09-29T21:05:34Z","2026_04_PIT_CLE","d55cb69fed50a09170560b5b75d8de86","2026-10-02T00:15:00Z","player_receptions","Michael Pittman Jr.",5,3.5,0.460423197492163,3.5,3.5,3.5,NA
"2026-09-29T21:05:34Z","2026_04_PIT_CLE","d55cb69fed50a09170560b5b75d8de86","2026-10-02T00:15:00Z","player_receptions","Pat Freiermuth",5,3.5,0.459208597948217,3.5,3.5,3.5,NA
"2026-09-29T21:05:34Z","2026_04_PIT_CLE","d55cb69fed50a09170560b5b75d8de86","2026-10-02T00:15:00Z","player_receptions","Quinshon Judkins",5,2.5,0.391795987228287,2.5,2.5,2.5,NA
"2026-09-29T21:05:34Z","2026_04_PIT_CLE","d55cb69fed50a09170560b5b75d8de86","2026-10-02T00:15:00Z","player_receptions","Raheim Sanders",5,1.5,0.614748853577903,1.5,1.5,2.5,NA
"2026-09-29T21:05:34Z","2026_04_PIT_CLE","d55cb69fed50a09170560b5b75d8de86","2026-10-02T00:15:00Z","player_receptions","Roman Wilson",5,2.5,0.459208597948217,2.5,2.5,2.5,NA
"2026-09-29T21:05:34Z","2026_04_PIT_CLE","d55cb69fed50a09170560b5b75d8de86","2026-10-02T00:15:00Z","player_rush_attempts","Deshaun Watson",3,5.5,0.544592030360531,5.5,5.5,5.5,NA
"2026-09-29T21:05:34Z","2026_04_PIT_CLE","d55cb69fed50a09170560b5b75d8de86","2026-10-02T00:15:00Z","player_rush_attempts","Jaylen Warren",2,15.5,0.503618596480285,15.5,15.5,15.5,NA
"2026-09-29T21:05:34Z","2026_04_PIT_CLE","d55cb69fed50a09170560b5b75d8de86","2026-10-02T00:15:00Z","player_rush_attempts","Quinshon Judkins",3,16.5,0.496904663640116,16.5,16.5,16.5,NA
"2026-09-29T21:05:34Z","2026_04_PIT_CLE","d55cb69fed50a09170560b5b75d8de86","2026-10-02T00:15:00Z","player_rush_yds","Aaron Rodgers",2,1,0.530423363777364,1,0.5,1.5,NA
"2026-09-29T21:05:34Z","2026_04_PIT_CLE","d55cb69fed50a09170560b5b75d8de86","2026-10-02T00:15:00Z","player_rush_yds","Deshaun Watson",5,29.5,0.5,29.5,29.5,31.5,NA
"2026-09-29T21:05:34Z","2026_04_PIT_CLE","d55cb69fed50a09170560b5b75d8de86","2026-10-02T00:15:00Z","player_rush_yds","Jaylen Warren",6,65.5,0.5,65.5,65.5,66.5,NA
"2026-09-29T21:05:34Z","2026_04_PIT_CLE","d55cb69fed50a09170560b5b75d8de86","2026-10-02T00:15:00Z","player_rush_yds","Quinshon Judkins",7,55.5,0.5,55.5,55.5,57.5,NA
"2026-09-29T21:05:34Z","2026_04_PIT_CLE","d55cb69fed50a09170560b5b75d8de86","2026-10-02T00:15:00Z","player_rush_yds","Raheim Sanders",1,6.5,0.489878542510122,6.5,6.5,6.5,NA
"2026-09-29T21:05:34Z","2026_04_ARI_NYG","664e6bda5721dc63be16bcf7d962a436","2026-10-04T17:00:00Z","player_anytime_td","Bam Knight",1,NA,NA,NA,NA,NA,0.0909090909090909
"2026-09-29T21:05:34Z","2026_04_ARI_NYG","664e6bda5721dc63be16bcf7d962a436","2026-10-04T17:00:00Z","player_anytime_td","Cam Skattebo",5,NA,NA,NA,NA,NA,0.574468085106383
"2026-09-29T21:05:34Z","2026_04_ARI_NYG","664e6bda5721dc63be16bcf7d962a436","2026-10-04T17:00:00Z","player_anytime_td","Chris Manhertz",2,NA,NA,NA,NA,NA,0.0372413793103448
"2026-09-29T21:05:34Z","2026_04_ARI_NYG","664e6bda5721dc63be16bcf7d962a436","2026-10-04T17:00:00Z","player_anytime_td","Darnell Mooney",2,NA,NA,NA,NA,NA,0.185374149659864
"2026-09-29T21:05:34Z","2026_04_ARI_NYG","664e6bda5721dc63be16bcf7d962a436","2026-10-04T17:00:00Z","player_anytime_td","Devin Duvernay",2,NA,NA,NA,NA,NA,0.0616666666666667
"2026-09-29T21:05:34Z","2026_04_ARI_NYG","664e6bda5721dc63be16bcf7d962a436","2026-10-04T17:00:00Z","player_anytime_td","Devin Singletary",2,NA,NA,NA,NA,NA,0.166666666666667
"2026-09-29T21:05:34Z","2026_04_ARI_NYG","664e6bda5721dc63be16bcf7d962a436","2026-10-04T17:00:00Z","player_anytime_td","Elijah Higgins",2,NA,NA,NA,NA,NA,0.108333333333333
"2026-09-29T21:05:34Z","2026_04_ARI_NYG","664e6bda5721dc63be16bcf7d962a436","2026-10-04T17:00:00Z","player_anytime_td","Hunter Long",2,NA,NA,NA,NA,NA,0.0671936758893281
"2026-09-29T21:05:34Z","2026_04_ARI_NYG","664e6bda5721dc63be16bcf7d962a436","2026-10-04T17:00:00Z","player_anytime_td","Isaiah Likely",5,NA,NA,NA,NA,NA,0.294117647058824
"2026-09-29T21:05:34Z","2026_04_ARI_NYG","664e6bda5721dc63be16bcf7d962a436","2026-10-04T17:00:00Z","player_anytime_td","Jacoby Brissett",2,NA,NA,NA,NA,NA,0.177777777777778
"2026-09-29T21:05:34Z","2026_04_ARI_NYG","664e6bda5721dc63be16bcf7d962a436","2026-10-04T17:00:00Z","player_anytime_td","Jalen Brooks",2,NA,NA,NA,NA,NA,0.0463157894736842
"2026-09-29T21:05:34Z","2026_04_ARI_NYG","664e6bda5721dc63be16bcf7d962a436","2026-10-04T17:00:00Z","player_anytime_td","Jameis Winston",2,NA,NA,NA,NA,NA,0.166666666666667
"2026-09-29T21:05:34Z","2026_04_ARI_NYG","664e6bda5721dc63be16bcf7d962a436","2026-10-04T17:00:00Z","player_anytime_td","Jeremiyah Love",5,NA,NA,NA,NA,NA,0.534883720930233
"2026-09-29T21:05:34Z","2026_04_ARI_NYG","664e6bda5721dc63be16bcf7d962a436","2026-10-04T17:00:00Z","player_anytime_td","Kendrick Bourne",2,NA,NA,NA,NA,NA,0.185185185185185
"2026-09-29T21:05:34Z","2026_04_ARI_NYG","664e6bda5721dc63be16bcf7d962a436","2026-10-04T17:00:00Z","player_anytime_td","Malachi Fields",2,NA,NA,NA,NA,NA,0.202020202020202
"2026-09-29T21:05:34Z","2026_04_ARI_NYG","664e6bda5721dc63be16bcf7d962a436","2026-10-04T17:00:00Z","player_anytime_td","Malik Nabers",5,NA,NA,NA,NA,NA,0.392156862745098
"2026-09-29T21:05:34Z","2026_04_ARI_NYG","664e6bda5721dc63be16bcf7d962a436","2026-10-04T17:00:00Z","player_anytime_td","Marvin Harrison Jr.",2,NA,NA,NA,NA,NA,0.219339622641509
"2026-09-29T21:05:34Z","2026_04_ARI_NYG","664e6bda5721dc63be16bcf7d962a436","2026-10-04T17:00:00Z","player_anytime_td","Michael Wilson",2,NA,NA,NA,NA,NA,0.300522648083624
"2026-09-29T21:05:34Z","2026_04_ARI_NYG","664e6bda5721dc63be16bcf7d962a436","2026-10-04T17:00:00Z","player_anytime_td","Najee Harris",2,NA,NA,NA,NA,NA,0.239316239316239
"2026-09-29T21:05:34Z","2026_04_ARI_NYG","664e6bda5721dc63be16bcf7d962a436","2026-10-04T17:00:00Z","player_anytime_td","Odell Beckham Jr.",1,NA,NA,NA,NA,NA,0.0555555555555556
"2026-09-29T21:05:34Z","2026_04_ARI_NYG","664e6bda5721dc63be16bcf7d962a436","2026-10-04T17:00:00Z","player_anytime_td","Patrick Ricard",2,NA,NA,NA,NA,NA,0.0417391304347826
"2026-09-29T21:05:34Z","2026_04_ARI_NYG","664e6bda5721dc63be16bcf7d962a436","2026-10-04T17:00:00Z","player_anytime_td","Reggie Virgil",1,NA,NA,NA,NA,NA,0.0526315789473684
"2026-09-29T21:05:34Z","2026_04_ARI_NYG","664e6bda5721dc63be16bcf7d962a436","2026-10-04T17:00:00Z","player_anytime_td","Simi Fehoko",2,NA,NA,NA,NA,NA,0.0417391304347826
"2026-09-29T21:05:34Z","2026_04_ARI_NYG","664e6bda5721dc63be16bcf7d962a436","2026-10-04T17:00:00Z","player_anytime_td","Theo Johnson",2,NA,NA,NA,NA,NA,0.142156862745098
"2026-09-29T21:05:34Z","2026_04_ARI_NYG","664e6bda5721dc63be16bcf7d962a436","2026-10-04T17:00:00Z","player_anytime_td","Thomas Fidone",1,NA,NA,NA,NA,NA,0.032258064516129
"2026-09-29T21:05:34Z","2026_04_ARI_NYG","664e6bda5721dc63be16bcf7d962a436","2026-10-04T17:00:00Z","player_anytime_td","Trey McBride",5,NA,NA,NA,NA,NA,0.465116279069767
"2026-09-29T21:05:34Z","2026_04_ARI_NYG","664e6bda5721dc63be16bcf7d962a436","2026-10-04T17:00:00Z","player_anytime_td","Tyler Allgeier",2,NA,NA,NA,NA,NA,0.384615384615385
"2026-09-29T21:05:34Z","2026_04_ARI_NYG","664e6bda5721dc63be16bcf7d962a436","2026-10-04T17:00:00Z","player_anytime_td","Tyrone Tracy Jr.",2,NA,NA,NA,NA,NA,0.135746606334842
"2026-09-29T21:05:34Z","2026_04_ARI_NYG","664e6bda5721dc63be16bcf7d962a436","2026-10-04T17:00:00Z","player_anytime_td","Zonovan Knight",1,NA,NA,NA,NA,NA,0.04
"2026-09-29T21:05:34Z","2026_04_ATL_NO","8bd90781e17e6d97df3941063cedae1e","2026-10-06T00:15:00Z","player_anytime_td","Alvin Kamara",1,NA,NA,NA,NA,NA,0.555555555555556
"2026-09-29T21:05:34Z","2026_04_ATL_NO","8bd90781e17e6d97df3941063cedae1e","2026-10-06T00:15:00Z","player_anytime_td","Austin Hooper",1,NA,NA,NA,NA,NA,0.133333333333333
"2026-09-29T21:05:34Z","2026_04_ATL_NO","8bd90781e17e6d97df3941063cedae1e","2026-10-06T00:15:00Z","player_anytime_td","Barion Brown",1,NA,NA,NA,NA,NA,0.111111111111111
"2026-09-29T21:05:34Z","2026_04_ATL_NO","8bd90781e17e6d97df3941063cedae1e","2026-10-06T00:15:00Z","player_anytime_td","Bijan Robinson",1,NA,NA,NA,NA,NA,0.666666666666667
"2026-09-29T21:05:34Z","2026_04_ATL_NO","8bd90781e17e6d97df3941063cedae1e","2026-10-06T00:15:00Z","player_anytime_td","Brian Robinson Jr.",1,NA,NA,NA,NA,NA,0.32258064516129
"2026-09-29T21:05:34Z","2026_04_ATL_NO","8bd90781e17e6d97df3941063cedae1e","2026-10-06T00:15:00Z","player_anytime_td","Bryce Lance",1,NA,NA,NA,NA,NA,0.222222222222222
"2026-09-29T21:05:34Z","2026_04_ATL_NO","8bd90781e17e6d97df3941063cedae1e","2026-10-06T00:15:00Z","player_anytime_td","Charlie Woerner",1,NA,NA,NA,NA,NA,0.0555555555555556
"2026-09-29T21:05:34Z","2026_04_ATL_NO","8bd90781e17e6d97df3941063cedae1e","2026-10-06T00:15:00Z","player_anytime_td","Chris Blair",1,NA,NA,NA,NA,NA,0.0666666666666667
"2026-09-29T21:05:34Z","2026_04_ATL_NO","8bd90781e17e6d97df3941063cedae1e","2026-10-06T00:15:00Z","player_anytime_td","Chris Olave",1,NA,NA,NA,NA,NA,0.454545454545455
"2026-09-29T21:05:34Z","2026_04_ATL_NO","8bd90781e17e6d97df3941063cedae1e","2026-10-06T00:15:00Z","player_anytime_td","Devaughn Vele",1,NA,NA,NA,NA,NA,0.3125
"2026-09-29T21:05:34Z","2026_04_ATL_NO","8bd90781e17e6d97df3941063cedae1e","2026-10-06T00:15:00Z","player_anytime_td","Drake London",1,NA,NA,NA,NA,NA,0.37037037037037
"2026-09-29T21:05:34Z","2026_04_ATL_NO","8bd90781e17e6d97df3941063cedae1e","2026-10-06T00:15:00Z","player_anytime_td","Jahan Dotson",1,NA,NA,NA,NA,NA,0.2
"2026-09-29T21:05:34Z","2026_04_ATL_NO","8bd90781e17e6d97df3941063cedae1e","2026-10-06T00:15:00Z","player_anytime_td","Juwan Johnson",1,NA,NA,NA,NA,NA,0.344827586206897
"2026-09-29T21:05:34Z","2026_04_ATL_NO","8bd90781e17e6d97df3941063cedae1e","2026-10-06T00:15:00Z","player_anytime_td","Kendre Miller",1,NA,NA,NA,NA,NA,0.277777777777778
"2026-09-29T21:05:34Z","2026_04_ATL_NO","8bd90781e17e6d97df3941063cedae1e","2026-10-06T00:15:00Z","player_anytime_td","Kyle Pitts",1,NA,NA,NA,NA,NA,0.222222222222222
"2026-09-29T21:05:34Z","2026_04_ATL_NO","8bd90781e17e6d97df3941063cedae1e","2026-10-06T00:15:00Z","player_anytime_td","Michael Penix Jr.",1,NA,NA,NA,NA,NA,0.153846153846154
"2026-09-29T21:05:34Z","2026_04_ATL_NO","8bd90781e17e6d97df3941063cedae1e","2026-10-06T00:15:00Z","player_anytime_td","Nick Muse",1,NA,NA,NA,NA,NA,0.04
"2026-09-29T21:05:34Z","2026_04_ATL_NO","8bd90781e17e6d97df3941063cedae1e","2026-10-06T00:15:00Z","player_anytime_td","Noah Fant",1,NA,NA,NA,NA,NA,0.181818181818182
"2026-09-29T21:05:34Z","2026_04_ATL_NO","8bd90781e17e6d97df3941063cedae1e","2026-10-06T00:15:00Z","player_anytime_td","Olamide Zaccheaus",1,NA,NA,NA,NA,NA,0.133333333333333
"2026-09-29T21:05:34Z","2026_04_ATL_NO","8bd90781e17e6d97df3941063cedae1e","2026-10-06T00:15:00Z","player_anytime_td","Oscar Delp",1,NA,NA,NA,NA,NA,0.0833333333333333
"2026-09-29T21:05:34Z","2026_04_ATL_NO","8bd90781e17e6d97df3941063cedae1e","2026-10-06T00:15:00Z","player_anytime_td","Tyler Shough",1,NA,NA,NA,NA,NA,0.344827586206897
"2026-09-29T21:05:34Z","2026_04_ATL_NO","8bd90781e17e6d97df3941063cedae1e","2026-10-06T00:15:00Z","player_anytime_td","Zachariah Branch",1,NA,NA,NA,NA,NA,0.133333333333333
"2026-09-29T21:05:34Z","2026_04_DAL_HOU","daf55e2df5341c007fee5a0fc5bbc2d4","2026-10-04T17:00:00Z","player_anytime_td","Brevin Jordan",1,NA,NA,NA,NA,NA,0.0277777777777778
"2026-09-29T21:05:34Z","2026_04_DAL_HOU","daf55e2df5341c007fee5a0fc5bbc2d4","2026-10-04T17:00:00Z","player_anytime_td","Brevyn Spann-Ford",4,NA,NA,NA,NA,NA,0.0741758241758242
"2026-09-29T21:05:34Z","2026_04_DAL_HOU","daf55e2df5341c007fee5a0fc5bbc2d4","2026-10-04T17:00:00Z","player_anytime_td","British Brooks",2,NA,NA,NA,NA,NA,0.0627450980392157
"2026-09-29T21:05:34Z","2026_04_DAL_HOU","daf55e2df5341c007fee5a0fc5bbc2d4","2026-10-04T17:00:00Z","player_anytime_td","C.J. Stroud",4,NA,NA,NA,NA,NA,0.150997150997151
"2026-09-29T21:05:34Z","2026_04_DAL_HOU","daf55e2df5341c007fee5a0fc5bbc2d4","2026-10-04T17:00:00Z","player_anytime_td","Cade Stover",4,NA,NA,NA,NA,NA,0.0769230769230769
"2026-09-29T21:05:34Z","2026_04_DAL_HOU","daf55e2df5341c007fee5a0fc5bbc2d4","2026-10-04T17:00:00Z","player_anytime_td","Camden Brown",1,NA,NA,NA,NA,NA,0.0434782608695652
"2026-09-29T21:05:34Z","2026_04_DAL_HOU","daf55e2df5341c007fee5a0fc5bbc2d4","2026-10-04T17:00:00Z","player_anytime_td","CeeDee Lamb",6,NA,NA,NA,NA,NA,0.444444444444444
"2026-09-29T21:05:34Z","2026_04_DAL_HOU","daf55e2df5341c007fee5a0fc5bbc2d4","2026-10-04T17:00:00Z","player_anytime_td","Dak Prescott",3,NA,NA,NA,NA,NA,0.133333333333333
"2026-09-29T21:05:34Z","2026_04_DAL_HOU","daf55e2df5341c007fee5a0fc5bbc2d4","2026-10-04T17:00:00Z","player_anytime_td","Dalton Schultz",4,NA,NA,NA,NA,NA,0.377492877492878
"2026-09-29T21:05:34Z","2026_04_DAL_HOU","daf55e2df5341c007fee5a0fc5bbc2d4","2026-10-04T17:00:00Z","player_anytime_td","David Montgomery",6,NA,NA,NA,NA,NA,0.586769803459522
"2026-09-29T21:05:34Z","2026_04_DAL_HOU","daf55e2df5341c007fee5a0fc5bbc2d4","2026-10-04T17:00:00Z","player_anytime_td","Emari Demercado",2,NA,NA,NA,NA,NA,0.0976190476190476
"2026-09-29T21:05:34Z","2026_04_DAL_HOU","daf55e2df5341c007fee5a0fc5bbc2d4","2026-10-04T17:00:00Z","player_anytime_td","Foster Moreau",4,NA,NA,NA,NA,NA,0.127789046653144
"2026-09-29T21:05:34Z","2026_04_DAL_HOU","daf55e2df5341c007fee5a0fc5bbc2d4","2026-10-04T17:00:00Z","player_anytime_td","George Pickens",6,NA,NA,NA,NA,NA,0.363636363636364
"2026-09-29T21:05:34Z","2026_04_DAL_HOU","daf55e2df5341c007fee5a0fc5bbc2d4","2026-10-04T17:00:00Z","player_anytime_td","Hunter Luepke",4,NA,NA,NA,NA,NA,0.0645833333333333
"2026-09-29T21:05:34Z","2026_04_DAL_HOU","daf55e2df5341c007fee5a0fc5bbc2d4","2026-10-04T17:00:00Z","player_anytime_td","Jake Ferguson",6,NA,NA,NA,NA,NA,0.261538461538461
"2026-09-29T21:05:34Z","2026_04_DAL_HOU","daf55e2df5341c007fee5a0fc5bbc2d4","2026-10-04T17:00:00Z","player_anytime_td","Jared Wayne",2,NA,NA,NA,NA,NA,0.16025641025641
"2026-09-29T21:05:34Z","2026_04_DAL_HOU","daf55e2df5341c007fee5a0fc5bbc2d4","2026-10-04T17:00:00Z","player_anytime_td","Javonte Williams",6,NA,NA,NA,NA,NA,0.632333062989997
"2026-09-29T21:05:34Z","2026_04_DAL_HOU","daf55e2df5341c007fee5a0fc5bbc2d4","2026-10-04T17:00:00Z","player_anytime_td","Jaylin Noel",3,NA,NA,NA,NA,NA,0.222222222222222
"2026-09-29T21:05:34Z","2026_04_DAL_HOU","daf55e2df5341c007fee5a0fc5bbc2d4","2026-10-04T17:00:00Z","player_anytime_td","Jonathan Mingo",2,NA,NA,NA,NA,NA,0.0527777777777778
"2026-09-29T21:05:34Z","2026_04_DAL_HOU","daf55e2df5341c007fee5a0fc5bbc2d4","2026-10-04T17:00:00Z","player_anytime_td","KaVontae Turpin",4,NA,NA,NA,NA,NA,0.108187134502924
"2026-09-29T21:05:34Z","2026_04_DAL_HOU","daf55e2df5341c007fee5a0fc5bbc2d4","2026-10-04T17:00:00Z","player_anytime_td","Kayshon Boutte",4,NA,NA,NA,NA,NA,0.294691224268689
"2026-09-29T21:05:34Z","2026_04_DAL_HOU","daf55e2df5341c007fee5a0fc5bbc2d4","2026-10-04T17:00:00Z","player_anytime_td","Luke Schoonmaker",4,NA,NA,NA,NA,NA,0.0714285714285714
"2026-09-29T21:05:34Z","2026_04_DAL_HOU","daf55e2df5341c007fee5a0fc5bbc2d4","2026-10-04T17:00:00Z","player_anytime_td","Marlin Klein",2,NA,NA,NA,NA,NA,0.0525641025641026
"2026-09-29T21:05:34Z","2026_04_DAL_HOU","daf55e2df5341c007fee5a0fc5bbc2d4","2026-10-04T17:00:00Z","player_anytime_td","Nico Collins",6,NA,NA,NA,NA,NA,0.465116279069767
"2026-09-29T21:05:34Z","2026_04_DAL_HOU","daf55e2df5341c007fee5a0fc5bbc2d4","2026-10-04T17:00:00Z","player_anytime_td","Ryan Flournoy",4,NA,NA,NA,NA,NA,0.195238095238095
"2026-09-29T21:05:34Z","2026_04_DAL_HOU","daf55e2df5341c007fee5a0fc5bbc2d4","2026-10-04T17:00:00Z","player_anytime_td","Tyler Goodson",4,NA,NA,NA,NA,NA,0.0871212121212121
"2026-09-29T21:05:34Z","2026_04_DAL_HOU","daf55e2df5341c007fee5a0fc5bbc2d4","2026-10-04T17:00:00Z","player_anytime_td","Woody Marks",6,NA,NA,NA,NA,NA,0.380986937590711
"2026-09-29T21:05:34Z","2026_04_DAL_HOU","daf55e2df5341c007fee5a0fc5bbc2d4","2026-10-04T17:00:00Z","player_anytime_td","Xavier Hutchinson",2,NA,NA,NA,NA,NA,0.27526395173454
"2026-09-29T21:05:34Z","2026_04_DEN_SF","a7e7efb75a9792ac63480ae6328dca18","2026-10-04T20:25:00Z","player_anytime_td","Adam Prentice",2,NA,NA,NA,NA,NA,0.0455486542443064
"2026-09-29T21:05:34Z","2026_04_DEN_SF","a7e7efb75a9792ac63480ae6328dca18","2026-10-04T20:25:00Z","player_anytime_td","Adam Trautman",4,NA,NA,NA,NA,NA,0.105263157894737
"2026-09-29T21:05:34Z","2026_04_DEN_SF","a7e7efb75a9792ac63480ae6328dca18","2026-10-04T20:25:00Z","player_anytime_td","Bo Nix",4,NA,NA,NA,NA,NA,0.220445736434109
"2026-09-29T21:05:34Z","2026_04_DEN_SF","a7e7efb75a9792ac63480ae6328dca18","2026-10-04T20:25:00Z","player_anytime_td","Brayden Willis",4,NA,NA,NA,NA,NA,0.0488095238095238
"2026-09-29T21:05:34Z","2026_04_DEN_SF","a7e7efb75a9792ac63480ae6328dca18","2026-10-04T20:25:00Z","player_anytime_td","Brock Purdy",4,NA,NA,NA,NA,NA,0.233926128590971
"2026-09-29T21:05:34Z","2026_04_DEN_SF","a7e7efb75a9792ac63480ae6328dca18","2026-10-04T20:25:00Z","player_anytime_td","Christian McCaffrey",6,NA,NA,NA,NA,NA,0.681937702265372
"2026-09-29T21:05:34Z","2026_04_DEN_SF","a7e7efb75a9792ac63480ae6328dca18","2026-10-04T20:25:00Z","player_anytime_td","Courtland Sutton",4,NA,NA,NA,NA,NA,0.305503731343284
"2026-09-29T21:05:34Z","2026_04_DEN_SF","a7e7efb75a9792ac63480ae6328dca18","2026-10-04T20:25:00Z","player_anytime_td","Dallen Bentley",3,NA,NA,NA,NA,NA,0.0714285714285714
"2026-09-29T21:05:34Z","2026_04_DEN_SF","a7e7efb75a9792ac63480ae6328dca18","2026-10-04T20:25:00Z","player_anytime_td","Deebo Samuel",4,NA,NA,NA,NA,NA,0.413469735720375
"2026-09-29T21:05:34Z","2026_04_DEN_SF","a7e7efb75a9792ac63480ae6328dca18","2026-10-04T20:25:00Z","player_anytime_td","Demarcus Robinson",1,NA,NA,NA,NA,NA,0.188679245283019
"2026-09-29T21:05:34Z","2026_04_DEN_SF","a7e7efb75a9792ac63480ae6328dca18","2026-10-04T20:25:00Z","player_anytime_td","Evan Engram",4,NA,NA,NA,NA,NA,0.181818181818182
"2026-09-29T21:05:34Z","2026_04_DEN_SF","a7e7efb75a9792ac63480ae6328dca18","2026-10-04T20:25:00Z","player_anytime_td","George Kittle",4,NA,NA,NA,NA,NA,0.392928825073336
"2026-09-29T21:05:34Z","2026_04_DEN_SF","a7e7efb75a9792ac63480ae6328dca18","2026-10-04T20:25:00Z","player_anytime_td","J.K. Dobbins",6,NA,NA,NA,NA,NA,0.46957671957672
"2026-09-29T21:05:34Z","2026_04_DEN_SF","a7e7efb75a9792ac63480ae6328dca18","2026-10-04T20:25:00Z","player_anytime_td","Jacob Cowing",4,NA,NA,NA,NA,NA,0.117647058823529
"2026-09-29T21:05:34Z","2026_04_DEN_SF","a7e7efb75a9792ac63480ae6328dca18","2026-10-04T20:25:00Z","player_anytime_td","James Jordan",4,NA,NA,NA,NA,NA,0.0729166666666667
"2026-09-29T21:05:34Z","2026_04_DEN_SF","a7e7efb75a9792ac63480ae6328dca18","2026-10-04T20:25:00Z","player_anytime_td","Jaylen Waddle",6,NA,NA,NA,NA,NA,0.330601092896175
"2026-09-29T21:05:34Z","2026_04_DEN_SF","a7e7efb75a9792ac63480ae6328dca18","2026-10-04T20:25:00Z","player_anytime_td","Jordan Watkins",4,NA,NA,NA,NA,NA,0.255167958656331
"2026-09-29T21:05:34Z","2026_04_DEN_SF","a7e7efb75a9792ac63480ae6328dca18","2026-10-04T20:25:00Z","player_anytime_td","Kaelon Black",4,NA,NA,NA,NA,NA,0.258333333333333
"2026-09-29T21:05:34Z","2026_04_DEN_SF","a7e7efb75a9792ac63480ae6328dca18","2026-10-04T20:25:00Z","player_anytime_td","KhaDarel Hodge",4,NA,NA,NA,NA,NA,0.135632183908046
"2026-09-29T21:05:34Z","2026_04_DEN_SF","a7e7efb75a9792ac63480ae6328dca18","2026-10-04T20:25:00Z","player_anytime_td","Kyle Juszczyk",4,NA,NA,NA,NA,NA,0.142857142857143
"2026-09-29T21:05:34Z","2026_04_DEN_SF","a7e7efb75a9792ac63480ae6328dca18","2026-10-04T20:25:00Z","player_anytime_td","Lil'Jordan Humphrey",3,NA,NA,NA,NA,NA,0.0909090909090909
"2026-09-29T21:05:34Z","2026_04_DEN_SF","a7e7efb75a9792ac63480ae6328dca18","2026-10-04T20:25:00Z","player_anytime_td","Luke Farrell",4,NA,NA,NA,NA,NA,0.0909090909090909
"2026-09-29T21:05:34Z","2026_04_DEN_SF","a7e7efb75a9792ac63480ae6328dca18","2026-10-04T20:25:00Z","player_anytime_td","Marvin Mims Jr.",4,NA,NA,NA,NA,NA,0.111111111111111
"2026-09-29T21:05:34Z","2026_04_DEN_SF","a7e7efb75a9792ac63480ae6328dca18","2026-10-04T20:25:00Z","player_anytime_td","Mike Evans",4,NA,NA,NA,NA,NA,0.373864430468204
"2026-09-29T21:05:34Z","2026_04_DEN_SF","a7e7efb75a9792ac63480ae6328dca18","2026-10-04T20:25:00Z","player_anytime_td","Nate Adkins",4,NA,NA,NA,NA,NA,0.0839160839160839
"2026-09-29T21:05:34Z","2026_04_DEN_SF","a7e7efb75a9792ac63480ae6328dca18","2026-10-04T20:25:00Z","player_anytime_td","Pat Bryant",4,NA,NA,NA,NA,NA,0.208423795049935
"2026-09-29T21:05:34Z","2026_04_DEN_SF","a7e7efb75a9792ac63480ae6328dca18","2026-10-04T20:25:00Z","player_anytime_td","RJ Harvey",6,NA,NA,NA,NA,NA,0.333333333333333
"2026-09-29T21:05:34Z","2026_04_DEN_SF","a7e7efb75a9792ac63480ae6328dca18","2026-10-04T20:25:00Z","player_anytime_td","Troy Franklin",4,NA,NA,NA,NA,NA,0.0930735930735931
"2026-09-29T21:05:34Z","2026_04_DEN_SF","a7e7efb75a9792ac63480ae6328dca18","2026-10-04T20:25:00Z","player_anytime_td","Tyler Badie",4,NA,NA,NA,NA,NA,0.0833333333333333
"2026-09-29T21:05:34Z","2026_04_DET_CAR","a73a76599a4f3422803e57bd8f61b626","2026-10-05T00:20:00Z","player_anytime_td","AJ Dillon",8,NA,NA,NA,NA,NA,0.125
"2026-09-29T21:05:34Z","2026_04_DET_CAR","a73a76599a4f3422803e57bd8f61b626","2026-10-05T00:20:00Z","player_anytime_td","Amon-Ra St. Brown",8,NA,NA,NA,NA,NA,0.545454545454545
"2026-09-29T21:05:34Z","2026_04_DET_CAR","a73a76599a4f3422803e57bd8f61b626","2026-10-05T00:20:00Z","player_anytime_td","Anthony Tyus III",1,NA,NA,NA,NA,NA,0.0476190476190476
"2026-09-29T21:05:34Z","2026_04_DET_CAR","a73a76599a4f3422803e57bd8f61b626","2026-10-05T00:20:00Z","player_anytime_td","Brock Wright",8,NA,NA,NA,NA,NA,0.135632183908046
"2026-09-29T21:05:34Z","2026_04_DET_CAR","a73a76599a4f3422803e57bd8f61b626","2026-10-05T00:20:00Z","player_anytime_td","Bryce Young",8,NA,NA,NA,NA,NA,0.174675819984744
"2026-09-29T21:05:34Z","2026_04_DET_CAR","a73a76599a4f3422803e57bd8f61b626","2026-10-05T00:20:00Z","player_anytime_td","Brycen Tremayne",5,NA,NA,NA,NA,NA,0.133333333333333
"2026-09-29T21:05:34Z","2026_04_DET_CAR","a73a76599a4f3422803e57bd8f61b626","2026-10-05T00:20:00Z","player_anytime_td","Chuba Hubbard",8,NA,NA,NA,NA,NA,0.575369635773531
"2026-09-29T21:05:34Z","2026_04_DET_CAR","a73a76599a4f3422803e57bd8f61b626","2026-10-05T00:20:00Z","player_anytime_td","Darren Waller",8,NA,NA,NA,NA,NA,0.263203463203463
"2026-09-29T21:05:34Z","2026_04_DET_CAR","a73a76599a4f3422803e57bd8f61b626","2026-10-05T00:20:00Z","player_anytime_td","David Moore",1,NA,NA,NA,NA,NA,0.0540540540540541
"2026-09-29T21:05:34Z","2026_04_DET_CAR","a73a76599a4f3422803e57bd8f61b626","2026-10-05T00:20:00Z","player_anytime_td","Feleipe Franks",3,NA,NA,NA,NA,NA,0.0285714285714286
"2026-09-29T21:05:34Z","2026_04_DET_CAR","a73a76599a4f3422803e57bd8f61b626","2026-10-05T00:20:00Z","player_anytime_td","Isaac TeSlaa",8,NA,NA,NA,NA,NA,0.178628389154705
"2026-09-29T21:05:34Z","2026_04_DET_CAR","a73a76599a4f3422803e57bd8f61b626","2026-10-05T00:20:00Z","player_anytime_td","Ja'Tavion Sanders",1,NA,NA,NA,NA,NA,0.0434782608695652
"2026-09-29T21:05:34Z","2026_04_DET_CAR","a73a76599a4f3422803e57bd8f61b626","2026-10-05T00:20:00Z","player_anytime_td","Jackson Meeks",5,NA,NA,NA,NA,NA,0.05
"2026-09-29T21:05:34Z","2026_04_DET_CAR","a73a76599a4f3422803e57bd8f61b626","2026-10-05T00:20:00Z","player_anytime_td","Jacob Saylors",5,NA,NA,NA,NA,NA,0.0714285714285714
"2026-09-29T21:05:34Z","2026_04_DET_CAR","a73a76599a4f3422803e57bd8f61b626","2026-10-05T00:20:00Z","player_anytime_td","Jahmyr Gibbs",8,NA,NA,NA,NA,NA,0.768716577540107
"2026-09-29T21:05:34Z","2026_04_DET_CAR","a73a76599a4f3422803e57bd8f61b626","2026-10-05T00:20:00Z","player_anytime_td","Jalen Coker",8,NA,NA,NA,NA,NA,0.343788764841396
"2026-09-29T21:05:34Z","2026_04_DET_CAR","a73a76599a4f3422803e57bd8f61b626","2026-10-05T00:20:00Z","player_anytime_td","Jameson Williams",8,NA,NA,NA,NA,NA,0.317540322580645
"2026-09-29T21:05:34Z","2026_04_DET_CAR","a73a76599a4f3422803e57bd8f61b626","2026-10-05T00:20:00Z","player_anytime_td","Jared Goff",8,NA,NA,NA,NA,NA,0.0976190476190476
"2026-09-29T21:05:34Z","2026_04_DET_CAR","a73a76599a4f3422803e57bd8f61b626","2026-10-05T00:20:00Z","player_anytime_td","John Metchie III",5,NA,NA,NA,NA,NA,0.166666666666667
"2026-09-29T21:05:34Z","2026_04_DET_CAR","a73a76599a4f3422803e57bd8f61b626","2026-10-05T00:20:00Z","player_anytime_td","Mitchell Evans",5,NA,NA,NA,NA,NA,0.114285714285714
"2026-09-29T21:05:34Z","2026_04_DET_CAR","a73a76599a4f3422803e57bd8f61b626","2026-10-05T00:20:00Z","player_anytime_td","Sam LaPorta",8,NA,NA,NA,NA,NA,0.349654624365793
"2026-09-29T21:05:34Z","2026_04_DET_CAR","a73a76599a4f3422803e57bd8f61b626","2026-10-05T00:20:00Z","player_anytime_td","Sione Vaki",8,NA,NA,NA,NA,NA,0.143589743589744
"2026-09-29T21:05:34Z","2026_04_DET_CAR","a73a76599a4f3422803e57bd8f61b626","2026-10-05T00:20:00Z","player_anytime_td","Tay Martin",8,NA,NA,NA,NA,NA,0.0344827586206897
"2026-09-29T21:05:34Z","2026_04_DET_CAR","a73a76599a4f3422803e57bd8f61b626","2026-10-05T00:20:00Z","player_anytime_td","Tetairoa McMillan",8,NA,NA,NA,NA,NA,0.454545454545455
"2026-09-29T21:05:34Z","2026_04_DET_CAR","a73a76599a4f3422803e57bd8f61b626","2026-10-05T00:20:00Z","player_anytime_td","Tom Kennedy",8,NA,NA,NA,NA,NA,0.0625
"2026-09-29T21:05:34Z","2026_04_DET_CAR","a73a76599a4f3422803e57bd8f61b626","2026-10-05T00:20:00Z","player_anytime_td","Tommy Tremble",8,NA,NA,NA,NA,NA,0.194633408919123
"2026-09-29T21:05:34Z","2026_04_DET_CAR","a73a76599a4f3422803e57bd8f61b626","2026-10-05T00:20:00Z","player_anytime_td","Tyler Conklin",4,NA,NA,NA,NA,NA,0.0575657894736842
"2026-09-29T21:05:34Z","2026_04_DET_CAR","a73a76599a4f3422803e57bd8f61b626","2026-10-05T00:20:00Z","player_anytime_td","Xavier Legette",5,NA,NA,NA,NA,NA,0.153846153846154
"2026-09-29T21:05:34Z","2026_04_GB_TB","99a9bae4dc0dc2590496bd3102b211f2","2026-10-04T17:00:00Z","player_anytime_td","Bauer Sharp",2,NA,NA,NA,NA,NA,0.0442307692307692
"2026-09-29T21:05:34Z","2026_04_GB_TB","99a9bae4dc0dc2590496bd3102b211f2","2026-10-04T17:00:00Z","player_anytime_td","Bo Melton",2,NA,NA,NA,NA,NA,0.0801282051282051
"2026-09-29T21:05:34Z","2026_04_GB_TB","99a9bae4dc0dc2590496bd3102b211f2","2026-10-04T17:00:00Z","player_anytime_td","Bucky Irving",2,NA,NA,NA,NA,NA,0.459830866807611
"2026-09-29T21:05:34Z","2026_04_GB_TB","99a9bae4dc0dc2590496bd3102b211f2","2026-10-04T17:00:00Z","player_anytime_td","Cade Otton",2,NA,NA,NA,NA,NA,0.225
"2026-09-29T21:05:34Z","2026_04_GB_TB","99a9bae4dc0dc2590496bd3102b211f2","2026-10-04T17:00:00Z","player_anytime_td","Chris Brooks",1,NA,NA,NA,NA,NA,0.181818181818182
"2026-09-29T21:05:34Z","2026_04_GB_TB","99a9bae4dc0dc2590496bd3102b211f2","2026-10-04T17:00:00Z","player_anytime_td","Chris Godwin",2,NA,NA,NA,NA,NA,0.202040816326531
"2026-09-29T21:05:34Z","2026_04_GB_TB","99a9bae4dc0dc2590496bd3102b211f2","2026-10-04T17:00:00Z","player_anytime_td","Christian Watson",2,NA,NA,NA,NA,NA,0.392307692307692
"2026-09-29T21:05:34Z","2026_04_GB_TB","99a9bae4dc0dc2590496bd3102b211f2","2026-10-04T17:00:00Z","player_anytime_td","Emeka Egbuka",2,NA,NA,NA,NA,NA,0.272121436504998
"2026-09-29T21:05:34Z","2026_04_GB_TB","99a9bae4dc0dc2590496bd3102b211f2","2026-10-04T17:00:00Z","player_anytime_td","J. Michael Sturdivant",1,NA,NA,NA,NA,NA,0.0833333333333333
"2026-09-29T21:05:34Z","2026_04_GB_TB","99a9bae4dc0dc2590496bd3102b211f2","2026-10-04T17:00:00Z","player_anytime_td","Jalon Daniels",2,NA,NA,NA,NA,NA,0.213151927437642
"2026-09-29T21:05:34Z","2026_04_GB_TB","99a9bae4dc0dc2590496bd3102b211f2","2026-10-04T17:00:00Z","player_anytime_td","Jonnu Smith",2,NA,NA,NA,NA,NA,0.117647058823529
"2026-09-29T21:05:34Z","2026_04_GB_TB","99a9bae4dc0dc2590496bd3102b211f2","2026-10-04T17:00:00Z","player_anytime_td","Jordan Love",2,NA,NA,NA,NA,NA,0.143589743589744
"2026-09-29T21:05:34Z","2026_04_GB_TB","99a9bae4dc0dc2590496bd3102b211f2","2026-10-04T17:00:00Z","player_anytime_td","Josh Whyle",1,NA,NA,NA,NA,NA,0.0285714285714286
"2026-09-29T21:05:34Z","2026_04_GB_TB","99a9bae4dc0dc2590496bd3102b211f2","2026-10-04T17:00:00Z","player_anytime_td","Kaleb Johnson",2,NA,NA,NA,NA,NA,0.374125874125874
"2026-09-29T21:05:34Z","2026_04_GB_TB","99a9bae4dc0dc2590496bd3102b211f2","2026-10-04T17:00:00Z","player_anytime_td","Kameron Johnson",2,NA,NA,NA,NA,NA,0.0690476190476191
"2026-09-29T21:05:34Z","2026_04_GB_TB","99a9bae4dc0dc2590496bd3102b211f2","2026-10-04T17:00:00Z","player_anytime_td","Kenny Gainwell",2,NA,NA,NA,NA,NA,0.217647058823529
"2026-09-29T21:05:34Z","2026_04_GB_TB","99a9bae4dc0dc2590496bd3102b211f2","2026-10-04T17:00:00Z","player_anytime_td","Ko Kieft",2,NA,NA,NA,NA,NA,0.0372413793103448
"2026-09-29T21:05:34Z","2026_04_GB_TB","99a9bae4dc0dc2590496bd3102b211f2","2026-10-04T17:00:00Z","player_anytime_td","MarShawn Lloyd",2,NA,NA,NA,NA,NA,0.339080459770115
"2026-09-29T21:05:34Z","2026_04_GB_TB","99a9bae4dc0dc2590496bd3102b211f2","2026-10-04T17:00:00Z","player_anytime_td","Mark Redman",2,NA,NA,NA,NA,NA,0.045
"2026-09-29T21:05:34Z","2026_04_GB_TB","99a9bae4dc0dc2590496bd3102b211f2","2026-10-04T17:00:00Z","player_anytime_td","Matthew Golden",2,NA,NA,NA,NA,NA,0.35625
"2026-09-29T21:05:34Z","2026_04_GB_TB","99a9bae4dc0dc2590496bd3102b211f2","2026-10-04T17:00:00Z","player_anytime_td","Payne Durham",2,NA,NA,NA,NA,NA,0.0714285714285714
"2026-09-29T21:05:34Z","2026_04_GB_TB","99a9bae4dc0dc2590496bd3102b211f2","2026-10-04T17:00:00Z","player_anytime_td","Sean Tucker",2,NA,NA,NA,NA,NA,0.105555555555556
"2026-09-29T21:05:34Z","2026_04_GB_TB","99a9bae4dc0dc2590496bd3102b211f2","2026-10-04T17:00:00Z","player_anytime_td","Skyy Moore",2,NA,NA,NA,NA,NA,0.174074074074074
"2026-09-29T21:05:34Z","2026_04_GB_TB","99a9bae4dc0dc2590496bd3102b211f2","2026-10-04T17:00:00Z","player_anytime_td","Ted Hurst III",2,NA,NA,NA,NA,NA,0.188948306595365
"2026-09-29T21:05:34Z","2026_04_GB_TB","99a9bae4dc0dc2590496bd3102b211f2","2026-10-04T17:00:00Z","player_anytime_td","Tez Johnson",2,NA,NA,NA,NA,NA,0.11437908496732
"2026-09-29T21:05:34Z","2026_04_GB_TB","99a9bae4dc0dc2590496bd3102b211f2","2026-10-04T17:00:00Z","player_anytime_td","Tucker Kraft",2,NA,NA,NA,NA,NA,0.282193958664547
"2026-09-29T21:05:34Z","2026_04_IND_WAS","c9d8ed8aa4889486eaf10a630138ede0","2026-10-04T13:30:00Z","player_anytime_td","Anthony Gould",7,NA,NA,NA,NA,NA,0.0625
"2026-09-29T21:05:34Z","2026_04_IND_WAS","c9d8ed8aa4889486eaf10a630138ede0","2026-10-04T13:30:00Z","player_anytime_td","Antonio Williams",8,NA,NA,NA,NA,NA,0.153846153846154
"2026-09-29T21:05:34Z","2026_04_IND_WAS","c9d8ed8aa4889486eaf10a630138ede0","2026-10-04T13:30:00Z","player_anytime_td","Ashton Dulin",2,NA,NA,NA,NA,NA,0.100250626566416
"2026-09-29T21:05:34Z","2026_04_IND_WAS","c9d8ed8aa4889486eaf10a630138ede0","2026-10-04T13:30:00Z","player_anytime_td","Ben Sinnott",7,NA,NA,NA,NA,NA,0.133333333333333
"2026-09-29T21:05:34Z","2026_04_IND_WAS","c9d8ed8aa4889486eaf10a630138ede0","2026-10-04T13:30:00Z","player_anytime_td","Chig Okonkwo",8,NA,NA,NA,NA,NA,0.2
"2026-09-29T21:05:34Z","2026_04_IND_WAS","c9d8ed8aa4889486eaf10a630138ede0","2026-10-04T13:30:00Z","player_anytime_td","Colson Yankoff",3,NA,NA,NA,NA,NA,0.0625
"2026-09-29T21:05:34Z","2026_04_IND_WAS","c9d8ed8aa4889486eaf10a630138ede0","2026-10-04T13:30:00Z","player_anytime_td","DJ Giddens",2,NA,NA,NA,NA,NA,0.0773809523809524
"2026-09-29T21:05:34Z","2026_04_IND_WAS","c9d8ed8aa4889486eaf10a630138ede0","2026-10-04T13:30:00Z","player_anytime_td","Daniel Jones",8,NA,NA,NA,NA,NA,0.198039215686275
"2026-09-29T21:05:34Z","2026_04_IND_WAS","c9d8ed8aa4889486eaf10a630138ede0","2026-10-04T13:30:00Z","player_anytime_td","Darius Slayton",7,NA,NA,NA,NA,NA,0.153846153846154
"2026-09-29T21:05:34Z","2026_04_IND_WAS","c9d8ed8aa4889486eaf10a630138ede0","2026-10-04T13:30:00Z","player_anytime_td","Deion Burks",4,NA,NA,NA,NA,NA,0.0769230769230769
"2026-09-29T21:05:34Z","2026_04_IND_WAS","c9d8ed8aa4889486eaf10a630138ede0","2026-10-04T13:30:00Z","player_anytime_td","Drew Ogletree",4,NA,NA,NA,NA,NA,0.0669642857142857
"2026-09-29T21:05:34Z","2026_04_IND_WAS","c9d8ed8aa4889486eaf10a630138ede0","2026-10-04T13:30:00Z","player_anytime_td","Dyami Brown",8,NA,NA,NA,NA,NA,0.120071684587814
"2026-09-29T21:05:34Z","2026_04_IND_WAS","c9d8ed8aa4889486eaf10a630138ede0","2026-10-04T13:30:00Z","player_anytime_td","Jacory Croskey-Merritt",8,NA,NA,NA,NA,NA,0.481997677119628
"2026-09-29T21:05:34Z","2026_04_IND_WAS","c9d8ed8aa4889486eaf10a630138ede0","2026-10-04T13:30:00Z","player_anytime_td","Jaylin Lane",8,NA,NA,NA,NA,NA,0.0645833333333333
"2026-09-29T21:05:34Z","2026_04_IND_WAS","c9d8ed8aa4889486eaf10a630138ede0","2026-10-04T13:30:00Z","player_anytime_td","John Bates",8,NA,NA,NA,NA,NA,0.123106060606061
"2026-09-29T21:05:34Z","2026_04_IND_WAS","c9d8ed8aa4889486eaf10a630138ede0","2026-10-04T13:30:00Z","player_anytime_td","Jonathan Taylor",8,NA,NA,NA,NA,NA,0.735087719298246
"2026-09-29T21:05:34Z","2026_04_IND_WAS","c9d8ed8aa4889486eaf10a630138ede0","2026-10-04T13:30:00Z","player_anytime_td","Josh Downs",8,NA,NA,NA,NA,NA,0.353374539551726
"2026-09-29T21:05:34Z","2026_04_IND_WAS","c9d8ed8aa4889486eaf10a630138ede0","2026-10-04T13:30:00Z","player_anytime_td","Kaytron Allen",8,NA,NA,NA,NA,NA,0.0833333333333333
"2026-09-29T21:05:34Z","2026_04_IND_WAS","c9d8ed8aa4889486eaf10a630138ede0","2026-10-04T13:30:00Z","player_anytime_td","Keenan Allen",8,NA,NA,NA,NA,NA,0.277831371792398
"2026-09-29T21:05:34Z","2026_04_IND_WAS","c9d8ed8aa4889486eaf10a630138ede0","2026-10-04T13:30:00Z","player_anytime_td","Laquon Treadwell",7,NA,NA,NA,NA,NA,0.172413793103448
"2026-09-29T21:05:34Z","2026_04_IND_WAS","c9d8ed8aa4889486eaf10a630138ede0","2026-10-04T13:30:00Z","player_anytime_td","Luke McCaffrey",3,NA,NA,NA,NA,NA,0.0666666666666667
"2026-09-29T21:05:34Z","2026_04_IND_WAS","c9d8ed8aa4889486eaf10a630138ede0","2026-10-04T13:30:00Z","player_anytime_td","Marcus Mariota",8,NA,NA,NA,NA,NA,0.206207482993197
"2026-09-29T21:05:34Z","2026_04_IND_WAS","c9d8ed8aa4889486eaf10a630138ede0","2026-10-04T13:30:00Z","player_anytime_td","Mo Alie-Cox",8,NA,NA,NA,NA,NA,0.0833333333333333
"2026-09-29T21:05:34Z","2026_04_IND_WAS","c9d8ed8aa4889486eaf10a630138ede0","2026-10-04T13:30:00Z","player_anytime_td","Rachaad White",8,NA,NA,NA,NA,NA,0.283816425120773
"2026-09-29T21:05:34Z","2026_04_IND_WAS","c9d8ed8aa4889486eaf10a630138ede0","2026-10-04T13:30:00Z","player_anytime_td","Seth McGowan",8,NA,NA,NA,NA,NA,0.117647058823529
"2026-09-29T21:05:34Z","2026_04_IND_WAS","c9d8ed8aa4889486eaf10a630138ede0","2026-10-04T13:30:00Z","player_anytime_td","Stefon Diggs",8,NA,NA,NA,NA,NA,0.281746031746032
"2026-09-29T21:05:34Z","2026_04_IND_WAS","c9d8ed8aa4889486eaf10a630138ede0","2026-10-04T13:30:00Z","player_anytime_td","Terry McLaurin",8,NA,NA,NA,NA,NA,0.303030303030303
"2026-09-29T21:05:34Z","2026_04_IND_WAS","c9d8ed8aa4889486eaf10a630138ede0","2026-10-04T13:30:00Z","player_anytime_td","Treylon Burks",8,NA,NA,NA,NA,NA,0.1
"2026-09-29T21:05:34Z","2026_04_IND_WAS","c9d8ed8aa4889486eaf10a630138ede0","2026-10-04T13:30:00Z","player_anytime_td","Tyler Warren",8,NA,NA,NA,NA,NA,0.387620192307692
"2026-09-29T21:05:34Z","2026_04_JAX_CIN","2ea94ddf20f66432b9024fe2e2eaba5f","2026-10-04T17:00:00Z","player_anytime_td","Ameer Abdullah",7,NA,NA,NA,NA,NA,0.1
"2026-09-29T21:05:34Z","2026_04_JAX_CIN","2ea94ddf20f66432b9024fe2e2eaba5f","2026-10-04T17:00:00Z","player_anytime_td","Bhayshul Tuten",7,NA,NA,NA,NA,NA,0.516908212560386
"2026-09-29T21:05:34Z","2026_04_JAX_CIN","2ea94ddf20f66432b9024fe2e2eaba5f","2026-10-04T17:00:00Z","player_anytime_td","Brenton Strange",7,NA,NA,NA,NA,NA,0.285714285714286
"2026-09-29T21:05:34Z","2026_04_JAX_CIN","2ea94ddf20f66432b9024fe2e2eaba5f","2026-10-04T17:00:00Z","player_anytime_td","Brian Thomas Jr",7,NA,NA,NA,NA,NA,0.227272727272727
"2026-09-29T21:05:34Z","2026_04_JAX_CIN","2ea94ddf20f66432b9024fe2e2eaba5f","2026-10-04T17:00:00Z","player_anytime_td","CJ Williams",2,NA,NA,NA,NA,NA,0.0654761904761905
"2026-09-29T21:05:34Z","2026_04_JAX_CIN","2ea94ddf20f66432b9024fe2e2eaba5f","2026-10-04T17:00:00Z","player_anytime_td","Chase Brown",7,NA,NA,NA,NA,NA,0.622641509433962
"2026-09-29T21:05:34Z","2026_04_JAX_CIN","2ea94ddf20f66432b9024fe2e2eaba5f","2026-10-04T17:00:00Z","player_anytime_td","Chris Rodriguez Jr.",7,NA,NA,NA,NA,NA,0.27027027027027
"2026-09-29T21:05:34Z","2026_04_JAX_CIN","2ea94ddf20f66432b9024fe2e2eaba5f","2026-10-04T17:00:00Z","player_anytime_td","Colbie Young",6,NA,NA,NA,NA,NA,0.0801282051282051
"2026-09-29T21:05:34Z","2026_04_JAX_CIN","2ea94ddf20f66432b9024fe2e2eaba5f","2026-10-04T17:00:00Z","player_anytime_td","Dohnte Meyers",7,NA,NA,NA,NA,NA,0.181818181818182
"2026-09-29T21:05:34Z","2026_04_JAX_CIN","2ea94ddf20f66432b9024fe2e2eaba5f","2026-10-04T17:00:00Z","player_anytime_td","Drew Sample",7,NA,NA,NA,NA,NA,0.111111111111111
"2026-09-29T21:05:34Z","2026_04_JAX_CIN","2ea94ddf20f66432b9024fe2e2eaba5f","2026-10-04T17:00:00Z","player_anytime_td","Erick All",7,NA,NA,NA,NA,NA,0.105263157894737
"2026-09-29T21:05:34Z","2026_04_JAX_CIN","2ea94ddf20f66432b9024fe2e2eaba5f","2026-10-04T17:00:00Z","player_anytime_td","Ja'Marr Chase",7,NA,NA,NA,NA,NA,0.523809523809524
"2026-09-29T21:05:34Z","2026_04_JAX_CIN","2ea94ddf20f66432b9024fe2e2eaba5f","2026-10-04T17:00:00Z","player_anytime_td","Jack Endries",4,NA,NA,NA,NA,NA,0.0871212121212121
"2026-09-29T21:05:34Z","2026_04_JAX_CIN","2ea94ddf20f66432b9024fe2e2eaba5f","2026-10-04T17:00:00Z","player_anytime_td","Jakobi Meyers",7,NA,NA,NA,NA,NA,0.289855072463768
"2026-09-29T21:05:34Z","2026_04_JAX_CIN","2ea94ddf20f66432b9024fe2e2eaba5f","2026-10-04T17:00:00Z","player_anytime_td","Joe Burrow",7,NA,NA,NA,NA,NA,0.1
"2026-09-29T21:05:34Z","2026_04_JAX_CIN","2ea94ddf20f66432b9024fe2e2eaba5f","2026-10-04T17:00:00Z","player_anytime_td","Josh Cameron",7,NA,NA,NA,NA,NA,0.125
"2026-09-29T21:05:34Z","2026_04_JAX_CIN","2ea94ddf20f66432b9024fe2e2eaba5f","2026-10-04T17:00:00Z","player_anytime_td","Ke'Shawn Williams",4,NA,NA,NA,NA,NA,0.0690476190476191
"2026-09-29T21:05:34Z","2026_04_JAX_CIN","2ea94ddf20f66432b9024fe2e2eaba5f","2026-10-04T17:00:00Z","player_anytime_td","LeQuint Allen Jr.",7,NA,NA,NA,NA,NA,0.0952380952380952
"2026-09-29T21:05:34Z","2026_04_JAX_CIN","2ea94ddf20f66432b9024fe2e2eaba5f","2026-10-04T17:00:00Z","player_anytime_td","Mike Gesicki",7,NA,NA,NA,NA,NA,0.25
"2026-09-29T21:05:34Z","2026_04_JAX_CIN","2ea94ddf20f66432b9024fe2e2eaba5f","2026-10-04T17:00:00Z","player_anytime_td","Nate Boerkircher",7,NA,NA,NA,NA,NA,0.0833333333333333
"2026-09-29T21:05:34Z","2026_04_JAX_CIN","2ea94ddf20f66432b9024fe2e2eaba5f","2026-10-04T17:00:00Z","player_anytime_td","Parker Washington",7,NA,NA,NA,NA,NA,0.408163265306122
"2026-09-29T21:05:34Z","2026_04_JAX_CIN","2ea94ddf20f66432b9024fe2e2eaba5f","2026-10-04T17:00:00Z","player_anytime_td","Quintin Morris",7,NA,NA,NA,NA,NA,0.0666666666666667
"2026-09-29T21:05:34Z","2026_04_JAX_CIN","2ea94ddf20f66432b9024fe2e2eaba5f","2026-10-04T17:00:00Z","player_anytime_td","Samaje Perine",7,NA,NA,NA,NA,NA,0.185185185185185
"2026-09-29T21:05:34Z","2026_04_JAX_CIN","2ea94ddf20f66432b9024fe2e2eaba5f","2026-10-04T17:00:00Z","player_anytime_td","Tahj Brooks",5,NA,NA,NA,NA,NA,0.05
"2026-09-29T21:05:34Z","2026_04_JAX_CIN","2ea94ddf20f66432b9024fe2e2eaba5f","2026-10-04T17:00:00Z","player_anytime_td","Tanner Hudson",1,NA,NA,NA,NA,NA,0.0952380952380952
"2026-09-29T21:05:34Z","2026_04_JAX_CIN","2ea94ddf20f66432b9024fe2e2eaba5f","2026-10-04T17:00:00Z","player_anytime_td","Tanner Koziol",7,NA,NA,NA,NA,NA,0.0384615384615385
"2026-09-29T21:05:34Z","2026_04_JAX_CIN","2ea94ddf20f66432b9024fe2e2eaba5f","2026-10-04T17:00:00Z","player_anytime_td","Tee Higgins",7,NA,NA,NA,NA,NA,0.408163265306122
"2026-09-29T21:05:34Z","2026_04_JAX_CIN","2ea94ddf20f66432b9024fe2e2eaba5f","2026-10-04T17:00:00Z","player_anytime_td","Travis Hunter",7,NA,NA,NA,NA,NA,0.0740740740740741
"2026-09-29T21:05:34Z","2026_04_JAX_CIN","2ea94ddf20f66432b9024fe2e2eaba5f","2026-10-04T17:00:00Z","player_anytime_td","Trevor Lawrence",7,NA,NA,NA,NA,NA,0.24390243902439
"2026-09-29T21:05:34Z","2026_04_KC_LV","e0cbd266dcf997089203a1b33ba0333d","2026-10-04T20:25:00Z","player_anytime_td","Ashton Jeanty",7,NA,NA,NA,NA,NA,0.574468085106383
"2026-09-29T21:05:34Z","2026_04_KC_LV","e0cbd266dcf997089203a1b33ba0333d","2026-10-04T20:25:00Z","player_anytime_td","Ben VanSumeren",2,NA,NA,NA,NA,NA,0.0360248447204969
"2026-09-29T21:05:34Z","2026_04_KC_LV","e0cbd266dcf997089203a1b33ba0333d","2026-10-04T20:25:00Z","player_anytime_td","Brashard Smith",6,NA,NA,NA,NA,NA,0.133928571428571
"2026-09-29T21:05:34Z","2026_04_KC_LV","e0cbd266dcf997089203a1b33ba0333d","2026-10-04T20:25:00Z","player_anytime_td","Brock Bowers",7,NA,NA,NA,NA,NA,0.357142857142857
"2026-09-29T21:05:34Z","2026_04_KC_LV","e0cbd266dcf997089203a1b33ba0333d","2026-10-04T20:25:00Z","player_anytime_td","Cody White",5,NA,NA,NA,NA,NA,0.142857142857143
"2026-09-29T21:05:34Z","2026_04_KC_LV","e0cbd266dcf997089203a1b33ba0333d","2026-10-04T20:25:00Z","player_anytime_td","Connor Heyward",7,NA,NA,NA,NA,NA,0.0555555555555556
"2026-09-29T21:05:34Z","2026_04_KC_LV","e0cbd266dcf997089203a1b33ba0333d","2026-10-04T20:25:00Z","player_anytime_td","Cyrus Allen",2,NA,NA,NA,NA,NA,0.0654545454545455
"2026-09-29T21:05:34Z","2026_04_KC_LV","e0cbd266dcf997089203a1b33ba0333d","2026-10-04T20:25:00Z","player_anytime_td","Dareke Young",6,NA,NA,NA,NA,NA,0.0717948717948718
"2026-09-29T21:05:34Z","2026_04_KC_LV","e0cbd266dcf997089203a1b33ba0333d","2026-10-04T20:25:00Z","player_anytime_td","Dylan Laube",4,NA,NA,NA,NA,NA,0.0801282051282051
"2026-09-29T21:05:34Z","2026_04_KC_LV","e0cbd266dcf997089203a1b33ba0333d","2026-10-04T20:25:00Z","player_anytime_td","Emmett Johnson",7,NA,NA,NA,NA,NA,0.204081632653061
"2026-09-29T21:05:34Z","2026_04_KC_LV","e0cbd266dcf997089203a1b33ba0333d","2026-10-04T20:25:00Z","player_anytime_td","Ian Thomas",2,NA,NA,NA,NA,NA,0.0611111111111111
"2026-09-29T21:05:34Z","2026_04_KC_LV","e0cbd266dcf997089203a1b33ba0333d","2026-10-04T20:25:00Z","player_anytime_td","Jack Bech",1,NA,NA,NA,NA,NA,0.133333333333333
"2026-09-29T21:05:34Z","2026_04_KC_LV","e0cbd266dcf997089203a1b33ba0333d","2026-10-04T20:25:00Z","player_anytime_td","Jake Briningstool",2,NA,NA,NA,NA,NA,0.0611111111111111
"2026-09-29T21:05:34Z","2026_04_KC_LV","e0cbd266dcf997089203a1b33ba0333d","2026-10-04T20:25:00Z","player_anytime_td","Jalen Nailor",7,NA,NA,NA,NA,NA,0.185185185185185
"2026-09-29T21:05:34Z","2026_04_KC_LV","e0cbd266dcf997089203a1b33ba0333d","2026-10-04T20:25:00Z","player_anytime_td","Jalen Royals",6,NA,NA,NA,NA,NA,0.105263157894737
"2026-09-29T21:05:34Z","2026_04_KC_LV","e0cbd266dcf997089203a1b33ba0333d","2026-10-04T20:25:00Z","player_anytime_td","Jared Wiley",2,NA,NA,NA,NA,NA,0.0571428571428571
"2026-09-29T21:05:34Z","2026_04_KC_LV","e0cbd266dcf997089203a1b33ba0333d","2026-10-04T20:25:00Z","player_anytime_td","Kenneth Walker III",7,NA,NA,NA,NA,NA,0.63768115942029
"2026-09-29T21:05:34Z","2026_04_KC_LV","e0cbd266dcf997089203a1b33ba0333d","2026-10-04T20:25:00Z","player_anytime_td","Kirk Cousins",7,NA,NA,NA,NA,NA,0.0714285714285714
"2026-09-29T21:05:34Z","2026_04_KC_LV","e0cbd266dcf997089203a1b33ba0333d","2026-10-04T20:25:00Z","player_anytime_td","Malik Benson",7,NA,NA,NA,NA,NA,0.0833333333333333
"2026-09-29T21:05:34Z","2026_04_KC_LV","e0cbd266dcf997089203a1b33ba0333d","2026-10-04T20:25:00Z","player_anytime_td","Michael Mayer",7,NA,NA,NA,NA,NA,0.222222222222222
"2026-09-29T21:05:34Z","2026_04_KC_LV","e0cbd266dcf997089203a1b33ba0333d","2026-10-04T20:25:00Z","player_anytime_td","Mike Washington Jr.",7,NA,NA,NA,NA,NA,0.2
"2026-09-29T21:05:34Z","2026_04_KC_LV","e0cbd266dcf997089203a1b33ba0333d","2026-10-04T20:25:00Z","player_anytime_td","Nikko Remigio",6,NA,NA,NA,NA,NA,0.0444664031620553
"2026-09-29T21:05:34Z","2026_04_KC_LV","e0cbd266dcf997089203a1b33ba0333d","2026-10-04T20:25:00Z","player_anytime_td","Noah Gray",7,NA,NA,NA,NA,NA,0.137931034482759
"2026-09-29T21:05:34Z","2026_04_KC_LV","e0cbd266dcf997089203a1b33ba0333d","2026-10-04T20:25:00Z","player_anytime_td","Patrick Mahomes",7,NA,NA,NA,NA,NA,0.2
"2026-09-29T21:05:34Z","2026_04_KC_LV","e0cbd266dcf997089203a1b33ba0333d","2026-10-04T20:25:00Z","player_anytime_td","Rashee Rice",7,NA,NA,NA,NA,NA,0.363636363636364
"2026-09-29T21:05:34Z","2026_04_KC_LV","e0cbd266dcf997089203a1b33ba0333d","2026-10-04T20:25:00Z","player_anytime_td","Travis Kelce",7,NA,NA,NA,NA,NA,0.390625
"2026-09-29T21:05:34Z","2026_04_KC_LV","e0cbd266dcf997089203a1b33ba0333d","2026-10-04T20:25:00Z","player_anytime_td","Tre Tucker",7,NA,NA,NA,NA,NA,0.25974025974026
"2026-09-29T21:05:34Z","2026_04_KC_LV","e0cbd266dcf997089203a1b33ba0333d","2026-10-04T20:25:00Z","player_anytime_td","Tyquan Thornton",7,NA,NA,NA,NA,NA,0.188679245283019
"2026-09-29T21:05:34Z","2026_04_KC_LV","e0cbd266dcf997089203a1b33ba0333d","2026-10-04T20:25:00Z","player_anytime_td","Xavier Worthy",7,NA,NA,NA,NA,NA,0.294117647058824
"2026-09-29T21:05:34Z","2026_04_LAC_SEA","96d2373cda647873b971f268482bced0","2026-10-04T20:25:00Z","player_anytime_td","AJ Barner",2,NA,NA,NA,NA,NA,0.305555555555556
"2026-09-29T21:05:34Z","2026_04_LAC_SEA","96d2373cda647873b971f268482bced0","2026-10-04T20:25:00Z","player_anytime_td","Alec Ingold",2,NA,NA,NA,NA,NA,0.0513157894736842
"2026-09-29T21:05:34Z","2026_04_LAC_SEA","96d2373cda647873b971f268482bced0","2026-10-04T20:25:00Z","player_anytime_td","Brady Russell",2,NA,NA,NA,NA,NA,0.0694444444444444
"2026-09-29T21:05:34Z","2026_04_LAC_SEA","96d2373cda647873b971f268482bced0","2026-10-04T20:25:00Z","player_anytime_td","Brenen Thompson",1,NA,NA,NA,NA,NA,0.0833333333333333
"2026-09-29T21:05:34Z","2026_04_LAC_SEA","96d2373cda647873b971f268482bced0","2026-10-04T20:25:00Z","player_anytime_td","Cooper Kupp",2,NA,NA,NA,NA,NA,0.239316239316239
"2026-09-29T21:05:34Z","2026_04_LAC_SEA","96d2373cda647873b971f268482bced0","2026-10-04T20:25:00Z","player_anytime_td","Derius Davis",2,NA,NA,NA,NA,NA,0.075
"2026-09-29T21:05:34Z","2026_04_LAC_SEA","96d2373cda647873b971f268482bced0","2026-10-04T20:25:00Z","player_anytime_td","Elijah Arroyo",2,NA,NA,NA,NA,NA,0.100490196078431
"2026-09-29T21:05:34Z","2026_04_LAC_SEA","96d2373cda647873b971f268482bced0","2026-10-04T20:25:00Z","player_anytime_td","Emanuel Wilson",2,NA,NA,NA,NA,NA,0.436210131332083
"2026-09-29T21:05:34Z","2026_04_LAC_SEA","96d2373cda647873b971f268482bced0","2026-10-04T20:25:00Z","player_anytime_td","Eric Saubert",2,NA,NA,NA,NA,NA,0.108333333333333
"2026-09-29T21:05:34Z","2026_04_LAC_SEA","96d2373cda647873b971f268482bced0","2026-10-04T20:25:00Z","player_anytime_td","George Holani",2,NA,NA,NA,NA,NA,0.38515406162465
"2026-09-29T21:05:34Z","2026_04_LAC_SEA","96d2373cda647873b971f268482bced0","2026-10-04T20:25:00Z","player_anytime_td","Hayden Rucci",2,NA,NA,NA,NA,NA,0.0450191570881226
"2026-09-29T21:05:34Z","2026_04_LAC_SEA","96d2373cda647873b971f268482bced0","2026-10-04T20:25:00Z","player_anytime_td","Jadarian Price",2,NA,NA,NA,NA,NA,0.451712420638469
"2026-09-29T21:05:34Z","2026_04_LAC_SEA","96d2373cda647873b971f268482bced0","2026-10-04T20:25:00Z","player_anytime_td","Jaxon Smith-Njigba",5,NA,NA,NA,NA,NA,0.555555555555556
"2026-09-29T21:05:34Z","2026_04_LAC_SEA","96d2373cda647873b971f268482bced0","2026-10-04T20:25:00Z","player_anytime_td","Justin Herbert",2,NA,NA,NA,NA,NA,0.174074074074074
"2026-09-29T21:05:34Z","2026_04_LAC_SEA","96d2373cda647873b971f268482bced0","2026-10-04T20:25:00Z","player_anytime_td","Keaton Mitchell",2,NA,NA,NA,NA,NA,0.212860310421286
"2026-09-29T21:05:34Z","2026_04_LAC_SEA","96d2373cda647873b971f268482bced0","2026-10-04T20:25:00Z","player_anytime_td","Kimani Vidal",2,NA,NA,NA,NA,NA,0.130252100840336
"2026-09-29T21:05:34Z","2026_04_LAC_SEA","96d2373cda647873b971f268482bced0","2026-10-04T20:25:00Z","player_anytime_td","Ladd McConkey",2,NA,NA,NA,NA,NA,0.291385135135135
"2026-09-29T21:05:34Z","2026_04_LAC_SEA","96d2373cda647873b971f268482bced0","2026-10-04T20:25:00Z","player_anytime_td","Marquez Valdes-Scantling",2,NA,NA,NA,NA,NA,0.0634057971014493
"2026-09-29T21:05:34Z","2026_04_LAC_SEA","96d2373cda647873b971f268482bced0","2026-10-04T20:25:00Z","player_anytime_td","Montorie Foster Jr.",2,NA,NA,NA,NA,NA,0.0666666666666667
"2026-09-29T21:05:34Z","2026_04_LAC_SEA","96d2373cda647873b971f268482bced0","2026-10-04T20:25:00Z","player_anytime_td","Nick Kallerup",2,NA,NA,NA,NA,NA,0.0607142857142857
"2026-09-29T21:05:34Z","2026_04_LAC_SEA","96d2373cda647873b971f268482bced0","2026-10-04T20:25:00Z","player_anytime_td","Omarion Hampton",5,NA,NA,NA,NA,NA,0.555555555555556
"2026-09-29T21:05:34Z","2026_04_LAC_SEA","96d2373cda647873b971f268482bced0","2026-10-04T20:25:00Z","player_anytime_td","Oronde Gadsden II",2,NA,NA,NA,NA,NA,0.21968787515006
"2026-09-29T21:05:34Z","2026_04_LAC_SEA","96d2373cda647873b971f268482bced0","2026-10-04T20:25:00Z","player_anytime_td","Patrick Herbert",1,NA,NA,NA,NA,NA,0.0434782608695652
"2026-09-29T21:05:34Z","2026_04_LAC_SEA","96d2373cda647873b971f268482bced0","2026-10-04T20:25:00Z","player_anytime_td","Quentin Johnston",2,NA,NA,NA,NA,NA,0.254633360193392
"2026-09-29T21:05:34Z","2026_04_LAC_SEA","96d2373cda647873b971f268482bced0","2026-10-04T20:25:00Z","player_anytime_td","Rashid Shaheed",2,NA,NA,NA,NA,NA,0.25
"2026-09-29T21:05:34Z","2026_04_LAC_SEA","96d2373cda647873b971f268482bced0","2026-10-04T20:25:00Z","player_anytime_td","Sam Darnold",2,NA,NA,NA,NA,NA,0.12406015037594
"2026-09-29T21:05:34Z","2026_04_LAC_SEA","96d2373cda647873b971f268482bced0","2026-10-04T20:25:00Z","player_anytime_td","Tory Horton",2,NA,NA,NA,NA,NA,0.136574074074074
"2026-09-29T21:05:34Z","2026_04_LAC_SEA","96d2373cda647873b971f268482bced0","2026-10-04T20:25:00Z","player_anytime_td","Tre Harris",2,NA,NA,NA,NA,NA,0.194444444444444
"2026-09-29T21:05:34Z","2026_04_LA_PHI","1b4f2e60ce83fa1d63a5dff83769d27c","2026-10-04T17:00:00Z","player_anytime_td","Blake Corum",5,NA,NA,NA,NA,NA,0.277777777777778
"2026-09-29T21:05:34Z","2026_04_LA_PHI","1b4f2e60ce83fa1d63a5dff83769d27c","2026-10-04T17:00:00Z","player_anytime_td","Britain Covey",1,NA,NA,NA,NA,NA,0.0555555555555556
"2026-09-29T21:05:34Z","2026_04_LA_PHI","1b4f2e60ce83fa1d63a5dff83769d27c","2026-10-04T17:00:00Z","player_anytime_td","CJ Daniels",1,NA,NA,NA,NA,NA,0.0833333333333333
"2026-09-29T21:05:34Z","2026_04_LA_PHI","1b4f2e60ce83fa1d63a5dff83769d27c","2026-10-04T17:00:00Z","player_anytime_td","Colby Parkinson",4,NA,NA,NA,NA,NA,0.227272727272727
"2026-09-29T21:05:34Z","2026_04_LA_PHI","1b4f2e60ce83fa1d63a5dff83769d27c","2026-10-04T17:00:00Z","player_anytime_td","Darius Cooper",1,NA,NA,NA,NA,NA,0.0588235294117647
"2026-09-29T21:05:34Z","2026_04_LA_PHI","1b4f2e60ce83fa1d63a5dff83769d27c","2026-10-04T17:00:00Z","player_anytime_td","Davante Adams",5,NA,NA,NA,NA,NA,0.514563106796116
"2026-09-29T21:05:34Z","2026_04_LA_PHI","1b4f2e60ce83fa1d63a5dff83769d27c","2026-10-04T17:00:00Z","player_anytime_td","Davis Allen",4,NA,NA,NA,NA,NA,0.125
"2026-09-29T21:05:34Z","2026_04_LA_PHI","1b4f2e60ce83fa1d63a5dff83769d27c","2026-10-04T17:00:00Z","player_anytime_td","DeVonta Smith",5,NA,NA,NA,NA,NA,0.344827586206897
"2026-09-29T21:05:34Z","2026_04_LA_PHI","1b4f2e60ce83fa1d63a5dff83769d27c","2026-10-04T17:00:00Z","player_anytime_td","Dontayvion Wicks",5,NA,NA,NA,NA,NA,0.227272727272727
"2026-09-29T21:05:34Z","2026_04_LA_PHI","1b4f2e60ce83fa1d63a5dff83769d27c","2026-10-04T17:00:00Z","player_anytime_td","E.J. Jenkins",1,NA,NA,NA,NA,NA,0.0769230769230769
"2026-09-29T21:05:34Z","2026_04_LA_PHI","1b4f2e60ce83fa1d63a5dff83769d27c","2026-10-04T17:00:00Z","player_anytime_td","Elijah Moore",1,NA,NA,NA,NA,NA,0.0384615384615385
"2026-09-29T21:05:34Z","2026_04_LA_PHI","1b4f2e60ce83fa1d63a5dff83769d27c","2026-10-04T17:00:00Z","player_anytime_td","Jalen Hurts",5,NA,NA,NA,NA,NA,0.363636363636364
"2026-09-29T21:05:34Z","2026_04_LA_PHI","1b4f2e60ce83fa1d63a5dff83769d27c","2026-10-04T17:00:00Z","player_anytime_td","Johnny Mundt",5,NA,NA,NA,NA,NA,0.111111111111111
"2026-09-29T21:05:34Z","2026_04_LA_PHI","1b4f2e60ce83fa1d63a5dff83769d27c","2026-10-04T17:00:00Z","player_anytime_td","Jordan Whittington",1,NA,NA,NA,NA,NA,0.16
"2026-09-29T21:05:34Z","2026_04_LA_PHI","1b4f2e60ce83fa1d63a5dff83769d27c","2026-10-04T17:00:00Z","player_anytime_td","Konata Mumpfield",5,NA,NA,NA,NA,NA,0.208333333333333
"2026-09-29T21:05:34Z","2026_04_LA_PHI","1b4f2e60ce83fa1d63a5dff83769d27c","2026-10-04T17:00:00Z","player_anytime_td","Kyren Williams",5,NA,NA,NA,NA,NA,0.534883720930233
"2026-09-29T21:05:34Z","2026_04_LA_PHI","1b4f2e60ce83fa1d63a5dff83769d27c","2026-10-04T17:00:00Z","player_anytime_td","Makai Lemon",5,NA,NA,NA,NA,NA,0.173913043478261
"2026-09-29T21:05:34Z","2026_04_LA_PHI","1b4f2e60ce83fa1d63a5dff83769d27c","2026-10-04T17:00:00Z","player_anytime_td","Matthew Stafford",4,NA,NA,NA,NA,NA,0.05
"2026-09-29T21:05:34Z","2026_04_LA_PHI","1b4f2e60ce83fa1d63a5dff83769d27c","2026-10-04T17:00:00Z","player_anytime_td","Max Klare",1,NA,NA,NA,NA,NA,0.117647058823529
"2026-09-29T21:05:34Z","2026_04_LA_PHI","1b4f2e60ce83fa1d63a5dff83769d27c","2026-10-04T17:00:00Z","player_anytime_td","Puka Nacua",1,NA,NA,NA,NA,NA,0.48780487804878
"2026-09-29T21:05:34Z","2026_04_LA_PHI","1b4f2e60ce83fa1d63a5dff83769d27c","2026-10-04T17:00:00Z","player_anytime_td","Saquon Barkley",5,NA,NA,NA,NA,NA,0.490196078431373
"2026-09-29T21:05:34Z","2026_04_LA_PHI","1b4f2e60ce83fa1d63a5dff83769d27c","2026-10-04T17:00:00Z","player_anytime_td","Tank Bigsby",4,NA,NA,NA,NA,NA,0.125
"2026-09-29T21:05:34Z","2026_04_LA_PHI","1b4f2e60ce83fa1d63a5dff83769d27c","2026-10-04T17:00:00Z","player_anytime_td","Tutu Atwell",1,NA,NA,NA,NA,NA,0.0909090909090909
"2026-09-29T21:05:34Z","2026_04_LA_PHI","1b4f2e60ce83fa1d63a5dff83769d27c","2026-10-04T17:00:00Z","player_anytime_td","Tyler Higbee",5,NA,NA,NA,NA,NA,0.24390243902439
"2026-09-29T21:05:34Z","2026_04_LA_PHI","1b4f2e60ce83fa1d63a5dff83769d27c","2026-10-04T17:00:00Z","player_anytime_td","Will Shipley",5,NA,NA,NA,NA,NA,0.0869565217391304
"2026-09-29T21:05:34Z","2026_04_LA_PHI","1b4f2e60ce83fa1d63a5dff83769d27c","2026-10-04T17:00:00Z","player_anytime_td","Xavier Smith",1,NA,NA,NA,NA,NA,0.111111111111111
"2026-09-29T21:05:34Z","2026_04_LA_PHI","1b4f2e60ce83fa1d63a5dff83769d27c","2026-10-04T17:00:00Z","player_anytime_td","Zach Ertz",5,NA,NA,NA,NA,NA,0.153846153846154
"2026-09-29T21:05:34Z","2026_04_MIA_MIN","c327223d76a3b7b0db8c6c104442f44b","2026-10-04T20:05:00Z","player_anytime_td","Aaron Jones",4,NA,NA,NA,NA,NA,0.560386473429952
"2026-09-29T21:05:34Z","2026_04_MIA_MIN","c327223d76a3b7b0db8c6c104442f44b","2026-10-04T20:05:00Z","player_anytime_td","Caleb Douglas",1,NA,NA,NA,NA,NA,0.181818181818182
"2026-09-29T21:05:34Z","2026_04_MIA_MIN","c327223d76a3b7b0db8c6c104442f44b","2026-10-04T20:05:00Z","player_anytime_td","Chris Bell",1,NA,NA,NA,NA,NA,0.256410256410256
"2026-09-29T21:05:34Z","2026_04_MIA_MIN","c327223d76a3b7b0db8c6c104442f44b","2026-10-04T20:05:00Z","player_anytime_td","DJ Herman",1,NA,NA,NA,NA,NA,0.0714285714285714
"2026-09-29T21:05:34Z","2026_04_MIA_MIN","c327223d76a3b7b0db8c6c104442f44b","2026-10-04T20:05:00Z","player_anytime_td","Demond Claiborne",1,NA,NA,NA,NA,NA,0.173913043478261
"2026-09-29T21:05:34Z","2026_04_MIA_MIN","c327223d76a3b7b0db8c6c104442f44b","2026-10-04T20:05:00Z","player_anytime_td","Gavin Bartholomew",1,NA,NA,NA,NA,NA,0.1
"2026-09-29T21:05:34Z","2026_04_MIA_MIN","c327223d76a3b7b0db8c6c104442f44b","2026-10-04T20:05:00Z","player_anytime_td","Greg Dulcich",1,NA,NA,NA,NA,NA,0.235294117647059
"2026-09-29T21:05:34Z","2026_04_MIA_MIN","c327223d76a3b7b0db8c6c104442f44b","2026-10-04T20:05:00Z","player_anytime_td","Jalen Tolbert",1,NA,NA,NA,NA,NA,0.117647058823529
"2026-09-29T21:05:34Z","2026_04_MIA_MIN","c327223d76a3b7b0db8c6c104442f44b","2026-10-04T20:05:00Z","player_anytime_td","Jarquez Hunter",1,NA,NA,NA,NA,NA,0.133333333333333
"2026-09-29T21:05:34Z","2026_04_MIA_MIN","c327223d76a3b7b0db8c6c104442f44b","2026-10-04T20:05:00Z","player_anytime_td","Jauan Jennings",1,NA,NA,NA,NA,NA,0.317460317460317
"2026-09-29T21:05:34Z","2026_04_MIA_MIN","c327223d76a3b7b0db8c6c104442f44b","2026-10-04T20:05:00Z","player_anytime_td","Jaylen Wright",1,NA,NA,NA,NA,NA,0.32258064516129
"2026-09-29T21:05:34Z","2026_04_MIA_MIN","c327223d76a3b7b0db8c6c104442f44b","2026-10-04T20:05:00Z","player_anytime_td","Jordan Addison",1,NA,NA,NA,NA,NA,0.622641509433962
"2026-09-29T21:05:34Z","2026_04_MIA_MIN","c327223d76a3b7b0db8c6c104442f44b","2026-10-04T20:05:00Z","player_anytime_td","Justin Jefferson",1,NA,NA,NA,NA,NA,0.425531914893617
"2026-09-29T21:05:34Z","2026_04_MIA_MIN","c327223d76a3b7b0db8c6c104442f44b","2026-10-04T20:05:00Z","player_anytime_td","Justin Joly",1,NA,NA,NA,NA,NA,0.0384615384615385
"2026-09-29T21:05:34Z","2026_04_MIA_MIN","c327223d76a3b7b0db8c6c104442f44b","2026-10-04T20:05:00Z","player_anytime_td","Kevin Coleman Jr.",1,NA,NA,NA,NA,NA,0.1
"2026-09-29T21:05:34Z","2026_04_MIA_MIN","c327223d76a3b7b0db8c6c104442f44b","2026-10-04T20:05:00Z","player_anytime_td","Kyler Murray",1,NA,NA,NA,NA,NA,0.256410256410256
"2026-09-29T21:05:34Z","2026_04_MIA_MIN","c327223d76a3b7b0db8c6c104442f44b","2026-10-04T20:05:00Z","player_anytime_td","Malik Washington",1,NA,NA,NA,NA,NA,0.294117647058824
"2026-09-29T21:05:34Z","2026_04_MIA_MIN","c327223d76a3b7b0db8c6c104442f44b","2026-10-04T20:05:00Z","player_anytime_td","Malik Willis",1,NA,NA,NA,NA,NA,0.227272727272727
"2026-09-29T21:05:34Z","2026_04_MIA_MIN","c327223d76a3b7b0db8c6c104442f44b","2026-10-04T20:05:00Z","player_anytime_td","Max Bredeson",1,NA,NA,NA,NA,NA,0.0625
"2026-09-29T21:05:34Z","2026_04_MIA_MIN","c327223d76a3b7b0db8c6c104442f44b","2026-10-04T20:05:00Z","player_anytime_td","Myles Price",1,NA,NA,NA,NA,NA,0.133333333333333
"2026-09-29T21:05:34Z","2026_04_MIA_MIN","c327223d76a3b7b0db8c6c104442f44b","2026-10-04T20:05:00Z","player_anytime_td","Ollie Gordon II",1,NA,NA,NA,NA,NA,0.344827586206897
"2026-09-29T21:05:34Z","2026_04_MIA_MIN","c327223d76a3b7b0db8c6c104442f44b","2026-10-04T20:05:00Z","player_anytime_td","Ryan Miller",1,NA,NA,NA,NA,NA,0.1
"2026-09-29T21:05:34Z","2026_04_MIA_MIN","c327223d76a3b7b0db8c6c104442f44b","2026-10-04T20:05:00Z","player_anytime_td","Seydou Traore",1,NA,NA,NA,NA,NA,0.05
"2026-09-29T21:05:34Z","2026_04_MIA_MIN","c327223d76a3b7b0db8c6c104442f44b","2026-10-04T20:05:00Z","player_anytime_td","T.J. Hockenson",1,NA,NA,NA,NA,NA,0.392156862745098
"2026-09-29T21:05:34Z","2026_04_MIA_MIN","c327223d76a3b7b0db8c6c104442f44b","2026-10-04T20:05:00Z","player_anytime_td","Tai Felton",1,NA,NA,NA,NA,NA,0.111111111111111
"2026-09-29T21:05:34Z","2026_04_MIA_MIN","c327223d76a3b7b0db8c6c104442f44b","2026-10-04T20:05:00Z","player_anytime_td","Will Kacmarek",1,NA,NA,NA,NA,NA,0.1
"2026-09-29T21:05:34Z","2026_04_NE_BUF","573cc0ef39631a4f6673ec843a8bedd4","2026-10-04T17:00:00Z","player_anytime_td","Cameron Latu",5,NA,NA,NA,NA,NA,0.0476190476190476
"2026-09-29T21:05:34Z","2026_04_NE_BUF","573cc0ef39631a4f6673ec843a8bedd4","2026-10-04T17:00:00Z","player_anytime_td","Corey Kiner",7,NA,NA,NA,NA,NA,0.05
"2026-09-29T21:05:34Z","2026_04_NE_BUF","573cc0ef39631a4f6673ec843a8bedd4","2026-10-04T17:00:00Z","player_anytime_td","DJ Moore",7,NA,NA,NA,NA,NA,0.384615384615385
"2026-09-29T21:05:34Z","2026_04_NE_BUF","573cc0ef39631a4f6673ec843a8bedd4","2026-10-04T17:00:00Z","player_anytime_td","Dalton Kincaid",7,NA,NA,NA,NA,NA,0.392156862745098
"2026-09-29T21:05:34Z","2026_04_NE_BUF","573cc0ef39631a4f6673ec843a8bedd4","2026-10-04T17:00:00Z","player_anytime_td","Dawson Knox",7,NA,NA,NA,NA,NA,0.16
"2026-09-29T21:05:34Z","2026_04_NE_BUF","573cc0ef39631a4f6673ec843a8bedd4","2026-10-04T17:00:00Z","player_anytime_td","DeMario Douglas",7,NA,NA,NA,NA,NA,0.208333333333333
"2026-09-29T21:05:34Z","2026_04_NE_BUF","573cc0ef39631a4f6673ec843a8bedd4","2026-10-04T17:00:00Z","player_anytime_td","Drake Maye",7,NA,NA,NA,NA,NA,0.185185185185185
"2026-09-29T21:05:34Z","2026_04_NE_BUF","573cc0ef39631a4f6673ec843a8bedd4","2026-10-04T17:00:00Z","player_anytime_td","Efton Chism III",7,NA,NA,NA,NA,NA,0.0625
"2026-09-29T21:05:34Z","2026_04_NE_BUF","573cc0ef39631a4f6673ec843a8bedd4","2026-10-04T17:00:00Z","player_anytime_td","Eli Raridon",4,NA,NA,NA,NA,NA,0.111111111111111
"2026-09-29T21:05:34Z","2026_04_NE_BUF","573cc0ef39631a4f6673ec843a8bedd4","2026-10-04T17:00:00Z","player_anytime_td","Greg Dortch",7,NA,NA,NA,NA,NA,0.0526315789473684
"2026-09-29T21:05:34Z","2026_04_NE_BUF","573cc0ef39631a4f6673ec843a8bedd4","2026-10-04T17:00:00Z","player_anytime_td","Hunter Henry",7,NA,NA,NA,NA,NA,0.285714285714286
"2026-09-29T21:05:34Z","2026_04_NE_BUF","573cc0ef39631a4f6673ec843a8bedd4","2026-10-04T17:00:00Z","player_anytime_td","Jackson Hawes",7,NA,NA,NA,NA,NA,0.0909090909090909
"2026-09-29T21:05:34Z","2026_04_NE_BUF","573cc0ef39631a4f6673ec843a8bedd4","2026-10-04T17:00:00Z","player_anytime_td","James Cook",7,NA,NA,NA,NA,NA,0.555555555555556
"2026-09-29T21:05:34Z","2026_04_NE_BUF","573cc0ef39631a4f6673ec843a8bedd4","2026-10-04T17:00:00Z","player_anytime_td","Josh Allen",7,NA,NA,NA,NA,NA,0.523809523809524
"2026-09-29T21:05:34Z","2026_04_NE_BUF","573cc0ef39631a4f6673ec843a8bedd4","2026-10-04T17:00:00Z","player_anytime_td","Joshua Palmer",7,NA,NA,NA,NA,NA,0.153846153846154
"2026-09-29T21:05:34Z","2026_04_NE_BUF","573cc0ef39631a4f6673ec843a8bedd4","2026-10-04T17:00:00Z","player_anytime_td","Keleki Latu",7,NA,NA,NA,NA,NA,0.037037037037037
"2026-09-29T21:05:34Z","2026_04_NE_BUF","573cc0ef39631a4f6673ec843a8bedd4","2026-10-04T17:00:00Z","player_anytime_td","Keon Coleman",7,NA,NA,NA,NA,NA,0.217391304347826
"2026-09-29T21:05:34Z","2026_04_NE_BUF","573cc0ef39631a4f6673ec843a8bedd4","2026-10-04T17:00:00Z","player_anytime_td","Khalil Shakir",7,NA,NA,NA,NA,NA,0.303030303030303
"2026-09-29T21:05:34Z","2026_04_NE_BUF","573cc0ef39631a4f6673ec843a8bedd4","2026-10-04T17:00:00Z","player_anytime_td","Kyle Williams",7,NA,NA,NA,NA,NA,0.133333333333333
"2026-09-29T21:05:34Z","2026_04_NE_BUF","573cc0ef39631a4f6673ec843a8bedd4","2026-10-04T17:00:00Z","player_anytime_td","Mack Hollins",7,NA,NA,NA,NA,NA,0.256410256410256
"2026-09-29T21:05:34Z","2026_04_NE_BUF","573cc0ef39631a4f6673ec843a8bedd4","2026-10-04T17:00:00Z","player_anytime_td","Ray Davis",7,NA,NA,NA,NA,NA,0.0588235294117647
"2026-09-29T21:05:34Z","2026_04_NE_BUF","573cc0ef39631a4f6673ec843a8bedd4","2026-10-04T17:00:00Z","player_anytime_td","Reggie Gilliam",4,NA,NA,NA,NA,NA,0.0476190476190476
"2026-09-29T21:05:34Z","2026_04_NE_BUF","573cc0ef39631a4f6673ec843a8bedd4","2026-10-04T17:00:00Z","player_anytime_td","Rhamondre Stevenson",7,NA,NA,NA,NA,NA,0.408163265306122
"2026-09-29T21:05:34Z","2026_04_NE_BUF","573cc0ef39631a4f6673ec843a8bedd4","2026-10-04T17:00:00Z","player_anytime_td","Romeo Doubs",7,NA,NA,NA,NA,NA,0.28169014084507
"2026-09-29T21:05:34Z","2026_04_NE_BUF","573cc0ef39631a4f6673ec843a8bedd4","2026-10-04T17:00:00Z","player_anytime_td","Skyler Bell",5,NA,NA,NA,NA,NA,0.0909090909090909
"2026-09-29T21:05:34Z","2026_04_NE_BUF","573cc0ef39631a4f6673ec843a8bedd4","2026-10-04T17:00:00Z","player_anytime_td","Tanner Arkin",4,NA,NA,NA,NA,NA,0.054093567251462
"2026-09-29T21:05:34Z","2026_04_NE_BUF","573cc0ef39631a4f6673ec843a8bedd4","2026-10-04T17:00:00Z","player_anytime_td","TreVeyon Henderson",7,NA,NA,NA,NA,NA,0.355871886120996
"2026-09-29T21:05:34Z","2026_04_NE_BUF","573cc0ef39631a4f6673ec843a8bedd4","2026-10-04T17:00:00Z","player_anytime_td","Ty Johnson",7,NA,NA,NA,NA,NA,0.178571428571429
"2026-09-29T21:05:34Z","2026_04_NYJ_CHI","164e6eb68f31bac190381903c3cccd31","2026-10-04T17:00:00Z","player_anytime_td","Adonai Mitchell",1,NA,NA,NA,NA,NA,0.273972602739726
"2026-09-29T21:05:34Z","2026_04_NYJ_CHI","164e6eb68f31bac190381903c3cccd31","2026-10-04T17:00:00Z","player_anytime_td","Andrew Beck",1,NA,NA,NA,NA,NA,0.0434782608695652
"2026-09-29T21:05:34Z","2026_04_NYJ_CHI","164e6eb68f31bac190381903c3cccd31","2026-10-04T17:00:00Z","player_anytime_td","Braelon Allen",1,NA,NA,NA,NA,NA,0.51219512195122
"2026-09-29T21:05:34Z","2026_04_NYJ_CHI","164e6eb68f31bac190381903c3cccd31","2026-10-04T17:00:00Z","player_anytime_td","Breece Hall",1,NA,NA,NA,NA,NA,0.534883720930233
"2026-09-29T21:05:34Z","2026_04_NYJ_CHI","164e6eb68f31bac190381903c3cccd31","2026-10-04T17:00:00Z","player_anytime_td","Cole Kmet",1,NA,NA,NA,NA,NA,0.16
"2026-09-29T21:05:34Z","2026_04_NYJ_CHI","164e6eb68f31bac190381903c3cccd31","2026-10-04T17:00:00Z","player_anytime_td","Colston Loveland",1,NA,NA,NA,NA,NA,0.25
"2026-09-29T21:05:34Z","2026_04_NYJ_CHI","164e6eb68f31bac190381903c3cccd31","2026-10-04T17:00:00Z","player_anytime_td","D'Andre Swift",1,NA,NA,NA,NA,NA,0.607843137254902
"2026-09-29T21:05:34Z","2026_04_NYJ_CHI","164e6eb68f31bac190381903c3cccd31","2026-10-04T17:00:00Z","player_anytime_td","Garrett Wilson",1,NA,NA,NA,NA,NA,0.465116279069767
"2026-09-29T21:05:34Z","2026_04_NYJ_CHI","164e6eb68f31bac190381903c3cccd31","2026-10-04T17:00:00Z","player_anytime_td","Geno Smith",1,NA,NA,NA,NA,NA,0.1
"2026-09-29T21:05:34Z","2026_04_NYJ_CHI","164e6eb68f31bac190381903c3cccd31","2026-10-04T17:00:00Z","player_anytime_td","Hayden Large",1,NA,NA,NA,NA,NA,0.0833333333333333
"2026-09-29T21:05:34Z","2026_04_NYJ_CHI","164e6eb68f31bac190381903c3cccd31","2026-10-04T17:00:00Z","player_anytime_td","Isaiah Davis",1,NA,NA,NA,NA,NA,0.266666666666667
"2026-09-29T21:05:34Z","2026_04_NYJ_CHI","164e6eb68f31bac190381903c3cccd31","2026-10-04T17:00:00Z","player_anytime_td","Isaiah Williams",1,NA,NA,NA,NA,NA,0.222222222222222
"2026-09-29T21:05:34Z","2026_04_NYJ_CHI","164e6eb68f31bac190381903c3cccd31","2026-10-04T17:00:00Z","player_anytime_td","Jahdae Walker",1,NA,NA,NA,NA,NA,0.105263157894737
"2026-09-29T21:05:34Z","2026_04_NYJ_CHI","164e6eb68f31bac190381903c3cccd31","2026-10-04T17:00:00Z","player_anytime_td","Jamaal Pritchett",1,NA,NA,NA,NA,NA,0.0769230769230769
"2026-09-29T21:05:34Z","2026_04_NYJ_CHI","164e6eb68f31bac190381903c3cccd31","2026-10-04T17:00:00Z","player_anytime_td","Jelani Woods",1,NA,NA,NA,NA,NA,0.0625
"2026-09-29T21:05:34Z","2026_04_NYJ_CHI","164e6eb68f31bac190381903c3cccd31","2026-10-04T17:00:00Z","player_anytime_td","Jeremy Ruckert",1,NA,NA,NA,NA,NA,0.142857142857143
"2026-09-29T21:05:34Z","2026_04_NYJ_CHI","164e6eb68f31bac190381903c3cccd31","2026-10-04T17:00:00Z","player_anytime_td","Kalif Raymond",1,NA,NA,NA,NA,NA,0.307692307692308
"2026-09-29T21:05:34Z","2026_04_NYJ_CHI","164e6eb68f31bac190381903c3cccd31","2026-10-04T17:00:00Z","player_anytime_td","Kene Nwangwu",1,NA,NA,NA,NA,NA,0.032258064516129
"2026-09-29T21:05:34Z","2026_04_NYJ_CHI","164e6eb68f31bac190381903c3cccd31","2026-10-04T17:00:00Z","player_anytime_td","Kenyon Sadiq",1,NA,NA,NA,NA,NA,0.344827586206897
"2026-09-29T21:05:34Z","2026_04_NYJ_CHI","164e6eb68f31bac190381903c3cccd31","2026-10-04T17:00:00Z","player_anytime_td","Kyle Monangai",1,NA,NA,NA,NA,NA,0.363636363636364
"2026-09-29T21:05:34Z","2026_04_NYJ_CHI","164e6eb68f31bac190381903c3cccd31","2026-10-04T17:00:00Z","player_anytime_td","Luther Burden III",1,NA,NA,NA,NA,NA,0.307692307692308
"2026-09-29T21:05:34Z","2026_04_NYJ_CHI","164e6eb68f31bac190381903c3cccd31","2026-10-04T17:00:00Z","player_anytime_td","Malik McClain",1,NA,NA,NA,NA,NA,0.0833333333333333
"2026-09-29T21:05:34Z","2026_04_NYJ_CHI","164e6eb68f31bac190381903c3cccd31","2026-10-04T17:00:00Z","player_anytime_td","Mason Taylor",1,NA,NA,NA,NA,NA,0.133333333333333
"2026-09-29T21:05:34Z","2026_04_NYJ_CHI","164e6eb68f31bac190381903c3cccd31","2026-10-04T17:00:00Z","player_anytime_td","Rome Odunze",1,NA,NA,NA,NA,NA,0.25
"2026-09-29T21:05:34Z","2026_04_NYJ_CHI","164e6eb68f31bac190381903c3cccd31","2026-10-04T17:00:00Z","player_anytime_td","Roschon Johnson",1,NA,NA,NA,NA,NA,0.117647058823529
"2026-09-29T21:05:34Z","2026_04_NYJ_CHI","164e6eb68f31bac190381903c3cccd31","2026-10-04T17:00:00Z","player_anytime_td","Sam Roush",1,NA,NA,NA,NA,NA,0.105263157894737
"2026-09-29T21:05:34Z","2026_04_NYJ_CHI","164e6eb68f31bac190381903c3cccd31","2026-10-04T17:00:00Z","player_anytime_td","Zavion Thomas",1,NA,NA,NA,NA,NA,0.142857142857143
"2026-09-29T21:05:34Z","2026_04_PIT_CLE","d55cb69fed50a09170560b5b75d8de86","2026-10-02T00:15:00Z","player_anytime_td","Aaron Rodgers",8,NA,NA,NA,NA,NA,0.0690476190476191
"2026-09-29T21:05:34Z","2026_04_PIT_CLE","d55cb69fed50a09170560b5b75d8de86","2026-10-02T00:15:00Z","player_anytime_td","Ben Skowronek",8,NA,NA,NA,NA,NA,0.0606617647058824
"2026-09-29T21:05:34Z","2026_04_PIT_CLE","d55cb69fed50a09170560b5b75d8de86","2026-10-02T00:15:00Z","player_anytime_td","Blake Whiteheart",8,NA,NA,NA,NA,NA,0.0839160839160839
"2026-09-29T21:05:34Z","2026_04_PIT_CLE","d55cb69fed50a09170560b5b75d8de86","2026-10-02T00:15:00Z","player_anytime_td","Carsen Ryan",8,NA,NA,NA,NA,NA,0.024390243902439
"2026-09-29T21:05:34Z","2026_04_PIT_CLE","d55cb69fed50a09170560b5b75d8de86","2026-10-02T00:15:00Z","player_anytime_td","DK Metcalf",8,NA,NA,NA,NA,NA,0.305361305361305
"2026-09-29T21:05:34Z","2026_04_PIT_CLE","d55cb69fed50a09170560b5b75d8de86","2026-10-02T00:15:00Z","player_anytime_td","Darnell Washington",8,NA,NA,NA,NA,NA,0.150997150997151
"2026-09-29T21:05:34Z","2026_04_PIT_CLE","d55cb69fed50a09170560b5b75d8de86","2026-10-02T00:15:00Z","player_anytime_td","Denzel Boston",8,NA,NA,NA,NA,NA,0.238230289279637
"2026-09-29T21:05:34Z","2026_04_PIT_CLE","d55cb69fed50a09170560b5b75d8de86","2026-10-02T00:15:00Z","player_anytime_td","Deshaun Watson",8,NA,NA,NA,NA,NA,0.196153846153846
"2026-09-29T21:05:34Z","2026_04_PIT_CLE","d55cb69fed50a09170560b5b75d8de86","2026-10-02T00:15:00Z","player_anytime_td","Eli Heidenreich",1,NA,NA,NA,NA,NA,0.24390243902439
"2026-09-29T21:05:34Z","2026_04_PIT_CLE","d55cb69fed50a09170560b5b75d8de86","2026-10-02T00:15:00Z","player_anytime_td","Germie Bernard",8,NA,NA,NA,NA,NA,0.0833333333333333
"2026-09-29T21:05:34Z","2026_04_PIT_CLE","d55cb69fed50a09170560b5b75d8de86","2026-10-02T00:15:00Z","player_anytime_td","Harold Fannin Jr.",8,NA,NA,NA,NA,NA,0.263157894736842
"2026-09-29T21:05:34Z","2026_04_PIT_CLE","d55cb69fed50a09170560b5b75d8de86","2026-10-02T00:15:00Z","player_anytime_td","Isaiah Bond",8,NA,NA,NA,NA,NA,0.05
"2026-09-29T21:05:34Z","2026_04_PIT_CLE","d55cb69fed50a09170560b5b75d8de86","2026-10-02T00:15:00Z","player_anytime_td","Jaleel McLaughlin",8,NA,NA,NA,NA,NA,0.0455486542443064
"2026-09-29T21:05:34Z","2026_04_PIT_CLE","d55cb69fed50a09170560b5b75d8de86","2026-10-02T00:15:00Z","player_anytime_td","Jaylen Warren",8,NA,NA,NA,NA,NA,0.529346622369878
"2026-09-29T21:05:34Z","2026_04_PIT_CLE","d55cb69fed50a09170560b5b75d8de86","2026-10-02T00:15:00Z","player_anytime_td","Jerry Jeudy",8,NA,NA,NA,NA,NA,0.102631578947368
"2026-09-29T21:05:34Z","2026_04_PIT_CLE","d55cb69fed50a09170560b5b75d8de86","2026-10-02T00:15:00Z","player_anytime_td","KC Concepcion",8,NA,NA,NA,NA,NA,0.236694677871148
"2026-09-29T21:05:34Z","2026_04_PIT_CLE","d55cb69fed50a09170560b5b75d8de86","2026-10-02T00:15:00Z","player_anytime_td","Kaden Wetjen",8,NA,NA,NA,NA,NA,0.05
"2026-09-29T21:05:34Z","2026_04_PIT_CLE","d55cb69fed50a09170560b5b75d8de86","2026-10-02T00:15:00Z","player_anytime_td","Lew Nichols",2,NA,NA,NA,NA,NA,0.100840336134454
"2026-09-29T21:05:34Z","2026_04_PIT_CLE","d55cb69fed50a09170560b5b75d8de86","2026-10-02T00:15:00Z","player_anytime_td","Malachi Corley",8,NA,NA,NA,NA,NA,0.0370879120879121
"2026-09-29T21:05:34Z","2026_04_PIT_CLE","d55cb69fed50a09170560b5b75d8de86","2026-10-02T00:15:00Z","player_anytime_td","Michael Burton",6,NA,NA,NA,NA,NA,0.0285947712418301
"2026-09-29T21:05:34Z","2026_04_PIT_CLE","d55cb69fed50a09170560b5b75d8de86","2026-10-02T00:15:00Z","player_anytime_td","Michael Pittman Jr.",8,NA,NA,NA,NA,NA,0.222222222222222
"2026-09-29T21:05:34Z","2026_04_PIT_CLE","d55cb69fed50a09170560b5b75d8de86","2026-10-02T00:15:00Z","player_anytime_td","Pat Freiermuth",8,NA,NA,NA,NA,NA,0.208423795049935
"2026-09-29T21:05:34Z","2026_04_PIT_CLE","d55cb69fed50a09170560b5b75d8de86","2026-10-02T00:15:00Z","player_anytime_td","Quinshon Judkins",8,NA,NA,NA,NA,NA,0.476190476190476
"2026-09-29T21:05:34Z","2026_04_PIT_CLE","d55cb69fed50a09170560b5b75d8de86","2026-10-02T00:15:00Z","player_anytime_td","Raheim Sanders",8,NA,NA,NA,NA,NA,0.142857142857143
"2026-09-29T21:05:34Z","2026_04_PIT_CLE","d55cb69fed50a09170560b5b75d8de86","2026-10-02T00:15:00Z","player_anytime_td","Rico Dowdle",3,NA,NA,NA,NA,NA,0.416666666666667
"2026-09-29T21:05:34Z","2026_04_PIT_CLE","d55cb69fed50a09170560b5b75d8de86","2026-10-02T00:15:00Z","player_anytime_td","Riley Nowakowski",8,NA,NA,NA,NA,NA,0.032258064516129
"2026-09-29T21:05:34Z","2026_04_PIT_CLE","d55cb69fed50a09170560b5b75d8de86","2026-10-02T00:15:00Z","player_anytime_td","Robert Tonyan",8,NA,NA,NA,NA,NA,0.0344827586206897
"2026-09-29T21:05:34Z","2026_04_PIT_CLE","d55cb69fed50a09170560b5b75d8de86","2026-10-02T00:15:00Z","player_anytime_td","Roman Wilson",8,NA,NA,NA,NA,NA,0.178571428571429
"2026-09-29T21:05:34Z","2026_04_PIT_CLE","d55cb69fed50a09170560b5b75d8de86","2026-10-02T00:15:00Z","player_anytime_td","Travis Homer",8,NA,NA,NA,NA,NA,0.0784615384615385
"2026-09-29T21:05:34Z","2026_04_PIT_CLE","d55cb69fed50a09170560b5b75d8de86","2026-10-02T00:15:00Z","player_anytime_td","Tylan Wallace",8,NA,NA,NA,NA,NA,0.0476190476190476
"2026-09-29T21:05:34Z","2026_04_TEN_BAL","f01589b0e7e6dd4f4ac1220a1db81f53","2026-10-04T17:00:00Z","player_anytime_td","Calvin Ridley",2,NA,NA,NA,NA,NA,0.108823529411765
"2026-09-29T21:05:34Z","2026_04_TEN_BAL","f01589b0e7e6dd4f4ac1220a1db81f53","2026-10-04T17:00:00Z","player_anytime_td","Cam Ward",2,NA,NA,NA,NA,NA,0.142156862745098
"2026-09-29T21:05:34Z","2026_04_TEN_BAL","f01589b0e7e6dd4f4ac1220a1db81f53","2026-10-04T17:00:00Z","player_anytime_td","Carnell Tate",1,NA,NA,NA,NA,NA,0.222222222222222
"2026-09-29T21:05:34Z","2026_04_TEN_BAL","f01589b0e7e6dd4f4ac1220a1db81f53","2026-10-04T17:00:00Z","player_anytime_td","Chimere Dike",1,NA,NA,NA,NA,NA,0.0909090909090909
"2026-09-29T21:05:34Z","2026_04_TEN_BAL","f01589b0e7e6dd4f4ac1220a1db81f53","2026-10-04T17:00:00Z","player_anytime_td","Chris Moore",2,NA,NA,NA,NA,NA,0.182539682539683
"2026-09-29T21:05:34Z","2026_04_TEN_BAL","f01589b0e7e6dd4f4ac1220a1db81f53","2026-10-04T17:00:00Z","player_anytime_td","Daniel Bellinger",2,NA,NA,NA,NA,NA,0.0954545454545455
"2026-09-29T21:05:34Z","2026_04_TEN_BAL","f01589b0e7e6dd4f4ac1220a1db81f53","2026-10-04T17:00:00Z","player_anytime_td","David Martin-Robinson",2,NA,NA,NA,NA,NA,0.0335164835164835
"2026-09-29T21:05:34Z","2026_04_TEN_BAL","f01589b0e7e6dd4f4ac1220a1db81f53","2026-10-04T17:00:00Z","player_anytime_td","Derrick Henry",5,NA,NA,NA,NA,NA,0.714285714285714
"2026-09-29T21:05:34Z","2026_04_TEN_BAL","f01589b0e7e6dd4f4ac1220a1db81f53","2026-10-04T17:00:00Z","player_anytime_td","Devontez Walker",1,NA,NA,NA,NA,NA,0.0909090909090909
"2026-09-29T21:05:34Z","2026_04_TEN_BAL","f01589b0e7e6dd4f4ac1220a1db81f53","2026-10-04T17:00:00Z","player_anytime_td","Durham Smythe",2,NA,NA,NA,NA,NA,0.0909090909090909
"2026-09-29T21:05:34Z","2026_04_TEN_BAL","f01589b0e7e6dd4f4ac1220a1db81f53","2026-10-04T17:00:00Z","player_anytime_td","Elic Ayomanor",1,NA,NA,NA,NA,NA,0.117647058823529
"2026-09-29T21:05:34Z","2026_04_TEN_BAL","f01589b0e7e6dd4f4ac1220a1db81f53","2026-10-04T17:00:00Z","player_anytime_td","Elijah Sarratt",1,NA,NA,NA,NA,NA,0.0588235294117647
"2026-09-29T21:05:34Z","2026_04_TEN_BAL","f01589b0e7e6dd4f4ac1220a1db81f53","2026-10-04T17:00:00Z","player_anytime_td","Gunnar Helm",2,NA,NA,NA,NA,NA,0.163879598662207
"2026-09-29T21:05:34Z","2026_04_TEN_BAL","f01589b0e7e6dd4f4ac1220a1db81f53","2026-10-04T17:00:00Z","player_anytime_td","Josh Cuevas",2,NA,NA,NA,NA,NA,0.0732323232323232
"2026-09-29T21:05:34Z","2026_04_TEN_BAL","f01589b0e7e6dd4f4ac1220a1db81f53","2026-10-04T17:00:00Z","player_anytime_td","Julius Chestnut",2,NA,NA,NA,NA,NA,0.0442307692307692
"2026-09-29T21:05:34Z","2026_04_TEN_BAL","f01589b0e7e6dd4f4ac1220a1db81f53","2026-10-04T17:00:00Z","player_anytime_td","Justice Hill",2,NA,NA,NA,NA,NA,0.163333333333333
"2026-09-29T21:05:34Z","2026_04_TEN_BAL","f01589b0e7e6dd4f4ac1220a1db81f53","2026-10-04T17:00:00Z","player_anytime_td","Kylen Granson",1,NA,NA,NA,NA,NA,0.0434782608695652
"2026-09-29T21:05:34Z","2026_04_TEN_BAL","f01589b0e7e6dd4f4ac1220a1db81f53","2026-10-04T17:00:00Z","player_anytime_td","LaJohntay Wester",1,NA,NA,NA,NA,NA,0.166666666666667
"2026-09-29T21:05:34Z","2026_04_TEN_BAL","f01589b0e7e6dd4f4ac1220a1db81f53","2026-10-04T17:00:00Z","player_anytime_td","Lamar Jackson",5,NA,NA,NA,NA,NA,0.350877192982456
"2026-09-29T21:05:34Z","2026_04_TEN_BAL","f01589b0e7e6dd4f4ac1220a1db81f53","2026-10-04T17:00:00Z","player_anytime_td","Mark Andrews",2,NA,NA,NA,NA,NA,0.375
"2026-09-29T21:05:34Z","2026_04_TEN_BAL","f01589b0e7e6dd4f4ac1220a1db81f53","2026-10-04T17:00:00Z","player_anytime_td","Matthew Hibner",1,NA,NA,NA,NA,NA,0.166666666666667
"2026-09-29T21:05:34Z","2026_04_TEN_BAL","f01589b0e7e6dd4f4ac1220a1db81f53","2026-10-04T17:00:00Z","player_anytime_td","Nicholas Singleton",2,NA,NA,NA,NA,NA,0.0760649087221095
"2026-09-29T21:05:34Z","2026_04_TEN_BAL","f01589b0e7e6dd4f4ac1220a1db81f53","2026-10-04T17:00:00Z","player_anytime_td","Rasheen Ali",2,NA,NA,NA,NA,NA,0.0544117647058824
"2026-09-29T21:05:34Z","2026_04_TEN_BAL","f01589b0e7e6dd4f4ac1220a1db81f53","2026-10-04T17:00:00Z","player_anytime_td","Rashod Bateman",1,NA,NA,NA,NA,NA,0.32258064516129
"2026-09-29T21:05:34Z","2026_04_TEN_BAL","f01589b0e7e6dd4f4ac1220a1db81f53","2026-10-04T17:00:00Z","player_anytime_td","Tony Pollard",5,NA,NA,NA,NA,NA,0.416666666666667
"2026-09-29T21:05:34Z","2026_04_TEN_BAL","f01589b0e7e6dd4f4ac1220a1db81f53","2026-10-04T17:00:00Z","player_anytime_td","Tyjae Spears",2,NA,NA,NA,NA,NA,0.18695652173913
"2026-09-29T21:05:34Z","2026_04_TEN_BAL","f01589b0e7e6dd4f4ac1220a1db81f53","2026-10-04T17:00:00Z","player_anytime_td","Wan'Dale Robinson",2,NA,NA,NA,NA,NA,0.250980392156863
"2026-09-29T21:05:34Z","2026_04_TEN_BAL","f01589b0e7e6dd4f4ac1220a1db81f53","2026-10-04T17:00:00Z","player_anytime_td","Zay Flowers",5,NA,NA,NA,NA,NA,0.380228136882129
"2026-09-29T21:39:45Z","2026_04_DEN_SF","a7e7efb75a9792ac63480ae6328dca18","2026-10-04T20:25:00Z","player_pass_tds","Bo Nix",1,1.5,0.432974226101186,1.5,1.5,1.5,NA
"2026-09-29T21:39:45Z","2026_04_DEN_SF","a7e7efb75a9792ac63480ae6328dca18","2026-10-04T20:25:00Z","player_pass_tds","Brock Purdy",1,1.5,0.473529890861704,1.5,1.5,1.5,NA
"2026-09-29T21:39:45Z","2026_04_DEN_SF","a7e7efb75a9792ac63480ae6328dca18","2026-10-04T20:25:00Z","player_pass_yds","Bo Nix",2,223,0.484649122807018,223,221.5,224.5,NA
"2026-09-29T21:39:45Z","2026_04_DEN_SF","a7e7efb75a9792ac63480ae6328dca18","2026-10-04T20:25:00Z","player_pass_yds","Brock Purdy",4,229.5,0.501019991840065,229.5,225.5,231.5,NA
"2026-09-29T21:39:45Z","2026_04_DEN_SF","a7e7efb75a9792ac63480ae6328dca18","2026-10-04T20:25:00Z","player_reception_yds","Christian McCaffrey",4,39.5,0.502106149957877,39.5,38.5,40.5,NA
"2026-09-29T21:39:45Z","2026_04_DEN_SF","a7e7efb75a9792ac63480ae6328dca18","2026-10-04T20:25:00Z","player_reception_yds","Courtland Sutton",4,39,0.497931148626283,39,36.5,39.5,NA
"2026-09-29T21:39:45Z","2026_04_DEN_SF","a7e7efb75a9792ac63480ae6328dca18","2026-10-04T20:25:00Z","player_reception_yds","George Kittle",4,65,0.502106149957877,65,60.5,69.5,NA
"2026-09-29T21:39:45Z","2026_04_DEN_SF","a7e7efb75a9792ac63480ae6328dca18","2026-10-04T20:25:00Z","player_reception_yds","Jaylen Waddle",4,58,0.489250085999312,58,54.5,59.5,NA
"2026-09-29T21:39:45Z","2026_04_DEN_SF","a7e7efb75a9792ac63480ae6328dca18","2026-10-04T20:25:00Z","player_reception_yds","Pat Bryant",4,20,0.514935677772389,20,19.5,22.5,NA
"2026-09-29T21:39:45Z","2026_04_DEN_SF","a7e7efb75a9792ac63480ae6328dca18","2026-10-04T20:25:00Z","player_reception_yds","RJ Harvey",4,20.5,0.535259717922257,20.5,19.5,23.5,NA
"2026-09-29T21:39:45Z","2026_04_DEN_SF","a7e7efb75a9792ac63480ae6328dca18","2026-10-04T20:25:00Z","player_receptions","Christian McCaffrey",3,4.5,0.514183822337494,4.5,4.5,4.5,NA
"2026-09-29T21:39:45Z","2026_04_DEN_SF","a7e7efb75a9792ac63480ae6328dca18","2026-10-04T20:25:00Z","player_receptions","Courtland Sutton",3,3.5,0.436529933481153,3.5,3.5,3.5,NA
"2026-09-29T21:39:45Z","2026_04_DEN_SF","a7e7efb75a9792ac63480ae6328dca18","2026-10-04T20:25:00Z","player_receptions","George Kittle",1,4.5,0.558530333238394,4.5,4.5,4.5,NA
"2026-09-29T21:39:45Z","2026_04_DEN_SF","a7e7efb75a9792ac63480ae6328dca18","2026-10-04T20:25:00Z","player_receptions","Jaylen Waddle",3,4.5,0.466910272025985,4.5,4.5,4.5,NA
"2026-09-29T21:39:45Z","2026_04_DEN_SF","a7e7efb75a9792ac63480ae6328dca18","2026-10-04T20:25:00Z","player_receptions","Pat Bryant",3,2.5,0.428258415775845,2.5,2.5,2.5,NA
"2026-09-29T21:39:45Z","2026_04_DEN_SF","a7e7efb75a9792ac63480ae6328dca18","2026-10-04T20:25:00Z","player_receptions","RJ Harvey",3,3.5,0.466963428471677,3.5,3.5,3.5,NA
"2026-09-29T21:39:45Z","2026_04_DEN_SF","a7e7efb75a9792ac63480ae6328dca18","2026-10-04T20:25:00Z","player_rush_yds","Bo Nix",3,19.5,0.5,19.5,19.5,19.5,NA
"2026-09-29T21:39:45Z","2026_04_DEN_SF","a7e7efb75a9792ac63480ae6328dca18","2026-10-04T20:25:00Z","player_rush_yds","Brock Purdy",4,18,0.471367096987752,18,15.5,19.5,NA
"2026-09-29T21:39:45Z","2026_04_DEN_SF","a7e7efb75a9792ac63480ae6328dca18","2026-10-04T20:25:00Z","player_rush_yds","Christian McCaffrey",4,66,0.492324208493555,66,65.5,69.5,NA
"2026-09-29T21:39:45Z","2026_04_DEN_SF","a7e7efb75a9792ac63480ae6328dca18","2026-10-04T20:25:00Z","player_rush_yds","J.K. Dobbins",3,69.5,0.478500171998624,69.5,65.5,69.5,NA
"2026-09-29T21:39:45Z","2026_04_DEN_SF","a7e7efb75a9792ac63480ae6328dca18","2026-10-04T20:25:00Z","player_rush_yds","Kaelon Black",4,21,0.547590230529677,21,19.5,23.5,NA
"2026-09-29T21:39:45Z","2026_04_DET_CAR","a73a76599a4f3422803e57bd8f61b626","2026-10-05T00:20:00Z","player_pass_attempts","Jared Goff",2,34.5,0.509879265763779,34.5,34.5,34.5,NA
"2026-09-29T21:39:45Z","2026_04_DET_CAR","a73a76599a4f3422803e57bd8f61b626","2026-10-05T00:20:00Z","player_pass_interceptions","Bryce Young",1,0.5,0.538677151866703,0.5,0.5,0.5,NA
"2026-09-29T21:39:45Z","2026_04_DET_CAR","a73a76599a4f3422803e57bd8f61b626","2026-10-05T00:20:00Z","player_pass_interceptions","Jared Goff",1,0.5,0.425427069645204,0.5,0.5,0.5,NA
"2026-09-29T21:39:45Z","2026_04_DET_CAR","a73a76599a4f3422803e57bd8f61b626","2026-10-05T00:20:00Z","player_pass_tds","Bryce Young",5,1.5,0.498954237429934,1.5,1.5,1.5,NA
"2026-09-29T21:39:45Z","2026_04_DET_CAR","a73a76599a4f3422803e57bd8f61b626","2026-10-05T00:20:00Z","player_pass_tds","Jared Goff",5,1.5,0.602649006622517,1.5,1.5,1.5,NA
"2026-09-29T21:39:45Z","2026_04_DET_CAR","a73a76599a4f3422803e57bd8f61b626","2026-10-05T00:20:00Z","player_pass_yds","Bryce Young",5,244.5,0.5,244.5,240.5,250.5,NA
"2026-09-29T21:39:45Z","2026_04_DET_CAR","a73a76599a4f3422803e57bd8f61b626","2026-10-05T00:20:00Z","player_pass_yds","Jared Goff",6,260,0.5,260,249.5,264.5,NA
"2026-09-29T21:39:45Z","2026_04_DET_CAR","a73a76599a4f3422803e57bd8f61b626","2026-10-05T00:20:00Z","player_reception_yds","Amon-Ra St. Brown",6,77,0.498947058080276,77,75.5,79.5,NA
"2026-09-29T21:39:45Z","2026_04_DET_CAR","a73a76599a4f3422803e57bd8f61b626","2026-10-05T00:20:00Z","player_reception_yds","Chuba Hubbard",6,18.5,0.5,18.5,18.5,19.5,NA
"2026-09-29T21:39:45Z","2026_04_DET_CAR","a73a76599a4f3422803e57bd8f61b626","2026-10-05T00:20:00Z","player_reception_yds","Isaac TeSlaa",6,17.5,0.49849324975892,17.5,16.5,19.5,NA
"2026-09-29T21:39:45Z","2026_04_DET_CAR","a73a76599a4f3422803e57bd8f61b626","2026-10-05T00:20:00Z","player_reception_yds","Jahmyr Gibbs",6,35.5,0.498947058080276,35.5,34.5,39.5,NA
"2026-09-29T21:39:45Z","2026_04_DET_CAR","a73a76599a4f3422803e57bd8f61b626","2026-10-05T00:20:00Z","player_reception_yds","Jameson Williams",6,49.5,0.49849324975892,49.5,49.5,49.5,NA
"2026-09-29T21:39:45Z","2026_04_DET_CAR","a73a76599a4f3422803e57bd8f61b626","2026-10-05T00:20:00Z","player_reception_yds","Sam LaPorta",6,49,0.502072933759789,49,48.5,49.5,NA
"2026-09-29T21:39:45Z","2026_04_DET_CAR","a73a76599a4f3422803e57bd8f61b626","2026-10-05T00:20:00Z","player_reception_yds","Tetairoa McMillan",6,69.5,0.503126141797942,69.5,65.5,70.5,NA
"2026-09-29T21:39:45Z","2026_04_DET_CAR","a73a76599a4f3422803e57bd8f61b626","2026-10-05T00:20:00Z","player_receptions","Amon-Ra St. Brown",4,6.5,0.560844113987618,6.5,6.5,6.5,NA
"2026-09-29T21:39:45Z","2026_04_DET_CAR","a73a76599a4f3422803e57bd8f61b626","2026-10-05T00:20:00Z","player_receptions","Chuba Hubbard",4,2.5,0.565269560631176,2.5,2.5,2.5,NA
"2026-09-29T21:39:45Z","2026_04_DET_CAR","a73a76599a4f3422803e57bd8f61b626","2026-10-05T00:20:00Z","player_receptions","Isaac TeSlaa",4,1.5,0.490596144934965,1.5,1.5,1.5,NA
"2026-09-29T21:39:45Z","2026_04_DET_CAR","a73a76599a4f3422803e57bd8f61b626","2026-10-05T00:20:00Z","player_receptions","Jahmyr Gibbs",4,4.5,0.524961023752748,4.5,4.5,4.5,NA
"2026-09-29T21:39:45Z","2026_04_DET_CAR","a73a76599a4f3422803e57bd8f61b626","2026-10-05T00:20:00Z","player_receptions","Jameson Williams",4,3.5,0.473127931534814,3.5,3.5,3.5,NA
"2026-09-29T21:39:45Z","2026_04_DET_CAR","a73a76599a4f3422803e57bd8f61b626","2026-10-05T00:20:00Z","player_receptions","Sam LaPorta",4,4.5,0.486582177900079,4.5,4.5,4.5,NA
"2026-09-29T21:39:45Z","2026_04_DET_CAR","a73a76599a4f3422803e57bd8f61b626","2026-10-05T00:20:00Z","player_receptions","Tetairoa McMillan",4,4.5,0.570249554225518,4.5,4.5,4.5,NA
"2026-09-29T21:39:45Z","2026_04_DET_CAR","a73a76599a4f3422803e57bd8f61b626","2026-10-05T00:20:00Z","player_rush_attempts","Bryce Young",1,2.5,0.528925619834711,2.5,2.5,2.5,NA
"2026-09-29T21:39:45Z","2026_04_DET_CAR","a73a76599a4f3422803e57bd8f61b626","2026-10-05T00:20:00Z","player_rush_attempts","Chuba Hubbard",1,16.5,0.510397604391948,16.5,16.5,16.5,NA
"2026-09-29T21:39:45Z","2026_04_DET_CAR","a73a76599a4f3422803e57bd8f61b626","2026-10-05T00:20:00Z","player_rush_attempts","Jahmyr Gibbs",2,19.5,0.517585144776927,19.5,19.5,19.5,NA
"2026-09-29T21:39:45Z","2026_04_DET_CAR","a73a76599a4f3422803e57bd8f61b626","2026-10-05T00:20:00Z","player_rush_yds","Bryce Young",6,12.5,0.503993610223642,12.5,9.5,13.5,NA
"2026-09-29T21:39:45Z","2026_04_DET_CAR","a73a76599a4f3422803e57bd8f61b626","2026-10-05T00:20:00Z","player_rush_yds","Chuba Hubbard",6,67,0.502106149957877,67,65.5,69.5,NA
"2026-09-29T21:39:45Z","2026_04_DET_CAR","a73a76599a4f3422803e57bd8f61b626","2026-10-05T00:20:00Z","player_rush_yds","Jahmyr Gibbs",6,97.5,0.496878206706559,97.5,93.5,99.5,NA
"2026-09-29T21:39:45Z","2026_04_IND_WAS","c9d8ed8aa4889486eaf10a630138ede0","2026-10-04T13:30:00Z","player_pass_attempts","Daniel Jones",3,31.5,0.489878542510122,31.5,31.5,31.5,NA
"2026-09-29T21:39:45Z","2026_04_IND_WAS","c9d8ed8aa4889486eaf10a630138ede0","2026-10-04T13:30:00Z","player_pass_attempts","Marcus Mariota",3,30.5,0.515511250827267,30.5,30.5,30.5,NA
"2026-09-29T21:39:45Z","2026_04_IND_WAS","c9d8ed8aa4889486eaf10a630138ede0","2026-10-04T13:30:00Z","player_pass_interceptions","Daniel Jones",4,0.5,0.480010088364655,0.5,0.5,0.5,NA
"2026-09-29T21:39:45Z","2026_04_IND_WAS","c9d8ed8aa4889486eaf10a630138ede0","2026-10-04T13:30:00Z","player_pass_interceptions","Marcus Mariota",4,0.5,0.539391576660409,0.5,0.5,0.5,NA
"2026-09-29T21:39:45Z","2026_04_IND_WAS","c9d8ed8aa4889486eaf10a630138ede0","2026-10-04T13:30:00Z","player_pass_tds","Daniel Jones",6,1.5,0.477642798154708,1.5,1.5,1.5,NA
"2026-09-29T21:39:45Z","2026_04_IND_WAS","c9d8ed8aa4889486eaf10a630138ede0","2026-10-04T13:30:00Z","player_pass_tds","Marcus Mariota",6,1.5,0.385100416305074,1.5,1.5,1.5,NA
"2026-09-29T21:39:45Z","2026_04_IND_WAS","c9d8ed8aa4889486eaf10a630138ede0","2026-10-04T13:30:00Z","player_pass_yds","Daniel Jones",7,224.5,0.5,224.5,219.5,224.5,NA
"2026-09-29T21:39:45Z","2026_04_IND_WAS","c9d8ed8aa4889486eaf10a630138ede0","2026-10-04T13:30:00Z","player_pass_yds","Marcus Mariota",7,212.5,0.5,212.5,208.5,212.5,NA
"2026-09-29T21:39:45Z","2026_04_IND_WAS","c9d8ed8aa4889486eaf10a630138ede0","2026-10-04T13:30:00Z","player_reception_yds","Jonathan Taylor",7,19.5,0.494840254272269,19.5,19.5,19.5,NA
"2026-09-29T21:39:45Z","2026_04_IND_WAS","c9d8ed8aa4889486eaf10a630138ede0","2026-10-04T13:30:00Z","player_reception_yds","Josh Downs",7,63.5,0.5,63.5,63.5,69.5,NA
"2026-09-29T21:39:45Z","2026_04_IND_WAS","c9d8ed8aa4889486eaf10a630138ede0","2026-10-04T13:30:00Z","player_reception_yds","Keenan Allen",7,34.5,0.493680219085738,34.5,30.5,39.5,NA
"2026-09-29T21:39:45Z","2026_04_IND_WAS","c9d8ed8aa4889486eaf10a630138ede0","2026-10-04T13:30:00Z","player_reception_yds","Stefon Diggs",6,41,0.503612900198957,41,39.5,41.5,NA
"2026-09-29T21:39:45Z","2026_04_IND_WAS","c9d8ed8aa4889486eaf10a630138ede0","2026-10-04T13:30:00Z","player_reception_yds","Terry McLaurin",7,55.5,0.5,55.5,53.5,59.5,NA
"2026-09-29T21:39:45Z","2026_04_IND_WAS","c9d8ed8aa4889486eaf10a630138ede0","2026-10-04T13:30:00Z","player_reception_yds","Tyler Warren",7,47.5,0.5,47.5,46.5,49.5,NA
"2026-09-29T21:39:45Z","2026_04_IND_WAS","c9d8ed8aa4889486eaf10a630138ede0","2026-10-04T13:30:00Z","player_receptions","Jonathan Taylor",5,2.5,0.540791402051783,2.5,2.5,2.5,NA
"2026-09-29T21:39:45Z","2026_04_IND_WAS","c9d8ed8aa4889486eaf10a630138ede0","2026-10-04T13:30:00Z","player_receptions","Josh Downs",5,5.5,0.424836601307189,5.5,5.5,5.5,NA
"2026-09-29T21:39:45Z","2026_04_IND_WAS","c9d8ed8aa4889486eaf10a630138ede0","2026-10-04T13:30:00Z","player_receptions","Keenan Allen",5,3.5,0.489878542510122,3.5,3.5,3.5,NA
"2026-09-29T21:39:45Z","2026_04_IND_WAS","c9d8ed8aa4889486eaf10a630138ede0","2026-10-04T13:30:00Z","player_receptions","Stefon Diggs",4,4.5,0.433041492261373,4.5,4.5,4.5,NA
"2026-09-29T21:39:45Z","2026_04_IND_WAS","c9d8ed8aa4889486eaf10a630138ede0","2026-10-04T13:30:00Z","player_receptions","Terry McLaurin",5,4.5,0.49792255276716,4.5,4.5,4.5,NA
"2026-09-29T21:39:45Z","2026_04_IND_WAS","c9d8ed8aa4889486eaf10a630138ede0","2026-10-04T13:30:00Z","player_receptions","Tyler Warren",5,5.5,0.47184231697506,5.5,5.5,5.5,NA
"2026-09-29T21:39:45Z","2026_04_IND_WAS","c9d8ed8aa4889486eaf10a630138ede0","2026-10-04T13:30:00Z","player_rush_attempts","Jacory Croskey-Merritt",2,13.5,0.50109707947243,13.5,13.5,13.5,NA
"2026-09-29T21:39:45Z","2026_04_IND_WAS","c9d8ed8aa4889486eaf10a630138ede0","2026-10-04T13:30:00Z","player_rush_attempts","Jonathan Taylor",2,20.5,0.482400681682284,20.5,20.5,20.5,NA
"2026-09-29T21:39:45Z","2026_04_IND_WAS","c9d8ed8aa4889486eaf10a630138ede0","2026-10-04T13:30:00Z","player_rush_yds","Daniel Jones",7,11.5,0.503095336359884,11.5,9.5,11.5,NA
"2026-09-29T21:39:45Z","2026_04_IND_WAS","c9d8ed8aa4889486eaf10a630138ede0","2026-10-04T13:30:00Z","player_rush_yds","Jacory Croskey-Merritt",7,54.5,0.5,54.5,49.5,59.5,NA
"2026-09-29T21:39:45Z","2026_04_IND_WAS","c9d8ed8aa4889486eaf10a630138ede0","2026-10-04T13:30:00Z","player_rush_yds","Jonathan Taylor",7,89.5,0.503095336359884,89.5,89.5,90.5,NA
"2026-09-29T21:39:45Z","2026_04_IND_WAS","c9d8ed8aa4889486eaf10a630138ede0","2026-10-04T13:30:00Z","player_rush_yds","Marcus Mariota",7,28.5,0.5,28.5,26.5,29.5,NA
"2026-09-29T21:39:45Z","2026_04_JAX_CIN","2ea94ddf20f66432b9024fe2e2eaba5f","2026-10-04T17:00:00Z","player_pass_tds","Joe Burrow",5,1.5,0.627791563275434,1.5,1.5,1.5,NA
"2026-09-29T21:39:45Z","2026_04_JAX_CIN","2ea94ddf20f66432b9024fe2e2eaba5f","2026-10-04T17:00:00Z","player_pass_tds","Trevor Lawrence",5,1.5,0.55011293845321,1.5,1.5,1.5,NA
"2026-09-29T21:39:45Z","2026_04_JAX_CIN","2ea94ddf20f66432b9024fe2e2eaba5f","2026-10-04T17:00:00Z","player_pass_yds","Joe Burrow",6,266,0.5,266,265.5,269.5,NA
"2026-09-29T21:39:45Z","2026_04_JAX_CIN","2ea94ddf20f66432b9024fe2e2eaba5f","2026-10-04T17:00:00Z","player_pass_yds","Trevor Lawrence",6,264.5,0.498947058080276,264.5,263.5,274.5,NA
"2026-09-29T21:39:45Z","2026_04_JAX_CIN","2ea94ddf20f66432b9024fe2e2eaba5f","2026-10-04T17:00:00Z","player_reception_yds","Ja'Marr Chase",6,78.5,0.5,78.5,77.5,79.5,NA
"2026-09-29T21:39:45Z","2026_04_JAX_CIN","2ea94ddf20f66432b9024fe2e2eaba5f","2026-10-04T17:00:00Z","player_reception_yds","Jakobi Meyers",6,40.5,0.501019991840065,40.5,39.5,40.5,NA
"2026-09-29T21:39:45Z","2026_04_JAX_CIN","2ea94ddf20f66432b9024fe2e2eaba5f","2026-10-04T17:00:00Z","player_reception_yds","Parker Washington",6,72,0.5,72,70.5,79.5,NA
"2026-09-29T21:39:45Z","2026_04_JAX_CIN","2ea94ddf20f66432b9024fe2e2eaba5f","2026-10-04T17:00:00Z","player_reception_yds","Tee Higgins",6,60.5,0.502106149957877,60.5,59.5,61.5,NA
"2026-09-29T21:39:45Z","2026_04_JAX_CIN","2ea94ddf20f66432b9024fe2e2eaba5f","2026-10-04T17:00:00Z","player_receptions","Ja'Marr Chase",5,6.5,0.531016404186037,6.5,6.5,6.5,NA
"2026-09-29T21:39:45Z","2026_04_JAX_CIN","2ea94ddf20f66432b9024fe2e2eaba5f","2026-10-04T17:00:00Z","player_receptions","Jakobi Meyers",5,3.5,0.558797046641455,3.5,3.5,3.5,NA
"2026-09-29T21:39:45Z","2026_04_JAX_CIN","2ea94ddf20f66432b9024fe2e2eaba5f","2026-10-04T17:00:00Z","player_receptions","Parker Washington",5,5.5,0.459208597948217,5.5,5.5,5.5,NA
"2026-09-29T21:39:45Z","2026_04_JAX_CIN","2ea94ddf20f66432b9024fe2e2eaba5f","2026-10-04T17:00:00Z","player_receptions","Tee Higgins",5,4.5,0.460096319229446,4.5,4.5,4.5,NA
"2026-09-29T21:39:45Z","2026_04_JAX_CIN","2ea94ddf20f66432b9024fe2e2eaba5f","2026-10-04T17:00:00Z","player_rush_attempts","Bhayshul Tuten",2,12.5,0.525361791324716,12.5,12.5,12.5,NA
"2026-09-29T21:39:45Z","2026_04_JAX_CIN","2ea94ddf20f66432b9024fe2e2eaba5f","2026-10-04T17:00:00Z","player_rush_attempts","Chase Brown",2,16.5,0.509303293593576,16.5,16.5,16.5,NA
"2026-09-29T21:39:45Z","2026_04_JAX_CIN","2ea94ddf20f66432b9024fe2e2eaba5f","2026-10-04T17:00:00Z","player_rush_yds","Bhayshul Tuten",6,54.5,0.498947058080276,54.5,53.5,59.5,NA
"2026-09-29T21:39:45Z","2026_04_JAX_CIN","2ea94ddf20f66432b9024fe2e2eaba5f","2026-10-04T17:00:00Z","player_rush_yds","Chase Brown",6,65,0.50822061920207,65,64.5,69.5,NA
"2026-09-29T21:39:45Z","2026_04_KC_LV","e0cbd266dcf997089203a1b33ba0333d","2026-10-04T20:25:00Z","player_pass_tds","Kirk Cousins",4,1.5,0.409270467112951,1.5,1.5,1.5,NA
"2026-09-29T21:39:45Z","2026_04_KC_LV","e0cbd266dcf997089203a1b33ba0333d","2026-10-04T20:25:00Z","player_pass_tds","Patrick Mahomes",4,1.5,0.518830160096317,1.5,1.5,1.5,NA
"2026-09-29T21:39:45Z","2026_04_KC_LV","e0cbd266dcf997089203a1b33ba0333d","2026-10-04T20:25:00Z","player_pass_yds","Kirk Cousins",5,225.5,0.5,225.5,219.5,227.5,NA
"2026-09-29T21:39:45Z","2026_04_KC_LV","e0cbd266dcf997089203a1b33ba0333d","2026-10-04T20:25:00Z","player_pass_yds","Patrick Mahomes",5,236.5,0.497894116160553,236.5,235.5,241.5,NA
"2026-09-29T21:39:45Z","2026_04_KC_LV","e0cbd266dcf997089203a1b33ba0333d","2026-10-04T20:25:00Z","player_rush_yds","Ashton Jeanty",5,59.5,0.508203445447088,59.5,59.5,60.5,NA
"2026-09-29T21:39:45Z","2026_04_KC_LV","e0cbd266dcf997089203a1b33ba0333d","2026-10-04T20:25:00Z","player_rush_yds","Kenneth Walker III",5,89.5,0.5,89.5,87.5,91.5,NA
"2026-09-29T21:39:45Z","2026_04_LA_PHI","1b4f2e60ce83fa1d63a5dff83769d27c","2026-10-04T17:00:00Z","player_pass_attempts","Jalen Hurts",1,29.5,0.523858921161826,29.5,29.5,29.5,NA
"2026-09-29T21:39:45Z","2026_04_LA_PHI","1b4f2e60ce83fa1d63a5dff83769d27c","2026-10-04T17:00:00Z","player_pass_attempts","Matthew Stafford",1,34.5,0.519675254742772,34.5,34.5,34.5,NA
"2026-09-29T21:39:45Z","2026_04_LA_PHI","1b4f2e60ce83fa1d63a5dff83769d27c","2026-10-04T17:00:00Z","player_pass_interceptions","Jalen Hurts",2,0.5,0.480499138307458,0.5,0.5,0.5,NA
"2026-09-29T21:39:45Z","2026_04_LA_PHI","1b4f2e60ce83fa1d63a5dff83769d27c","2026-10-04T17:00:00Z","player_pass_interceptions","Matthew Stafford",2,0.5,0.482578056008273,0.5,0.5,0.5,NA
"2026-09-29T21:39:45Z","2026_04_LA_PHI","1b4f2e60ce83fa1d63a5dff83769d27c","2026-10-04T17:00:00Z","player_pass_tds","Jalen Hurts",4,1.5,0.328039441737097,1.5,1.5,1.5,NA
"2026-09-29T21:39:45Z","2026_04_LA_PHI","1b4f2e60ce83fa1d63a5dff83769d27c","2026-10-04T17:00:00Z","player_pass_tds","Matthew Stafford",4,1.5,0.491665405006995,1.5,1.5,1.5,NA
"2026-09-29T21:39:45Z","2026_04_LA_PHI","1b4f2e60ce83fa1d63a5dff83769d27c","2026-10-04T17:00:00Z","player_pass_yds","Jalen Hurts",5,199.5,0.50301350048216,199.5,198.5,204.5,NA
"2026-09-29T21:39:45Z","2026_04_LA_PHI","1b4f2e60ce83fa1d63a5dff83769d27c","2026-10-04T17:00:00Z","player_pass_yds","Matthew Stafford",5,249.5,0.5,249.5,247.5,252.5,NA
"2026-09-29T21:39:45Z","2026_04_LA_PHI","1b4f2e60ce83fa1d63a5dff83769d27c","2026-10-04T17:00:00Z","player_reception_yds","Davante Adams",5,72.5,0.5,72.5,69.5,79.5,NA
"2026-09-29T21:39:45Z","2026_04_LA_PHI","1b4f2e60ce83fa1d63a5dff83769d27c","2026-10-04T17:00:00Z","player_reception_yds","DeVonta Smith",5,68.5,0.5,68.5,67.5,69.5,NA
"2026-09-29T21:39:45Z","2026_04_LA_PHI","1b4f2e60ce83fa1d63a5dff83769d27c","2026-10-04T17:00:00Z","player_reception_yds","Dontayvion Wicks",5,39.5,0.5,39.5,39.5,40.5,NA
"2026-09-29T21:39:45Z","2026_04_LA_PHI","1b4f2e60ce83fa1d63a5dff83769d27c","2026-10-04T17:00:00Z","player_reception_yds","Makai Lemon",5,26.5,0.495787700084246,26.5,25.5,29.5,NA
"2026-09-29T21:39:45Z","2026_04_LA_PHI","1b4f2e60ce83fa1d63a5dff83769d27c","2026-10-04T17:00:00Z","player_receptions","Davante Adams",3,5.5,0.441469666761606,5.5,4.5,5.5,NA
"2026-09-29T21:39:45Z","2026_04_LA_PHI","1b4f2e60ce83fa1d63a5dff83769d27c","2026-10-04T17:00:00Z","player_receptions","DeVonta Smith",3,5.5,0.567025773898814,5.5,5.5,5.5,NA
"2026-09-29T21:39:45Z","2026_04_LA_PHI","1b4f2e60ce83fa1d63a5dff83769d27c","2026-10-04T17:00:00Z","player_receptions","Dontayvion Wicks",3,3.5,0.406407594185702,3.5,2.5,3.5,NA
"2026-09-29T21:39:45Z","2026_04_LA_PHI","1b4f2e60ce83fa1d63a5dff83769d27c","2026-10-04T17:00:00Z","player_receptions","Makai Lemon",3,2.5,0.5909681611436,2.5,2.5,2.5,NA
"2026-09-29T21:39:45Z","2026_04_LA_PHI","1b4f2e60ce83fa1d63a5dff83769d27c","2026-10-04T17:00:00Z","player_rush_attempts","Blake Corum",1,9.5,0.493765586034913,9.5,9.5,9.5,NA
"2026-09-29T21:39:45Z","2026_04_LA_PHI","1b4f2e60ce83fa1d63a5dff83769d27c","2026-10-04T17:00:00Z","player_rush_attempts","Jalen Hurts",1,5.5,0.544747305941336,5.5,5.5,5.5,NA
"2026-09-29T21:39:45Z","2026_04_LA_PHI","1b4f2e60ce83fa1d63a5dff83769d27c","2026-10-04T17:00:00Z","player_rush_attempts","Kyren Williams",1,13.5,0.510397604391948,13.5,13.5,13.5,NA
"2026-09-29T21:39:45Z","2026_04_LA_PHI","1b4f2e60ce83fa1d63a5dff83769d27c","2026-10-04T17:00:00Z","player_rush_attempts","Saquon Barkley",1,18.5,0.473170429685888,18.5,18.5,18.5,NA
"2026-09-29T21:39:45Z","2026_04_LA_PHI","1b4f2e60ce83fa1d63a5dff83769d27c","2026-10-04T17:00:00Z","player_rush_yds","Blake Corum",5,40.5,0.5,40.5,39.5,41.5,NA
"2026-09-29T21:39:45Z","2026_04_LA_PHI","1b4f2e60ce83fa1d63a5dff83769d27c","2026-10-04T17:00:00Z","player_rush_yds","Jalen Hurts",5,25.5,0.494976691850185,25.5,23.5,29.5,NA
"2026-09-29T21:39:45Z","2026_04_LA_PHI","1b4f2e60ce83fa1d63a5dff83769d27c","2026-10-04T17:00:00Z","player_rush_yds","Kyren Williams",5,58.5,0.5,58.5,57.5,59.5,NA
"2026-09-29T21:39:45Z","2026_04_LA_PHI","1b4f2e60ce83fa1d63a5dff83769d27c","2026-10-04T17:00:00Z","player_rush_yds","Saquon Barkley",5,79.5,0.502039983680131,79.5,77.5,79.5,NA
"2026-09-29T21:39:45Z","2026_04_NE_BUF","573cc0ef39631a4f6673ec843a8bedd4","2026-10-04T17:00:00Z","player_pass_attempts","Josh Allen",1,29.5,0.514571190674438,29.5,29.5,29.5,NA
"2026-09-29T21:39:45Z","2026_04_NE_BUF","573cc0ef39631a4f6673ec843a8bedd4","2026-10-04T17:00:00Z","player_pass_interceptions","Josh Allen",1,0.5,0.458000389787566,0.5,0.5,0.5,NA
"2026-09-29T21:39:45Z","2026_04_NE_BUF","573cc0ef39631a4f6673ec843a8bedd4","2026-10-04T17:00:00Z","player_pass_tds","Drake Maye",3,1.5,0.423216444981862,1.5,1.5,1.5,NA
"2026-09-29T21:39:45Z","2026_04_NE_BUF","573cc0ef39631a4f6673ec843a8bedd4","2026-10-04T17:00:00Z","player_pass_tds","Josh Allen",3,1.5,0.574976756541373,1.5,1.5,1.5,NA
"2026-09-29T21:39:45Z","2026_04_NE_BUF","573cc0ef39631a4f6673ec843a8bedd4","2026-10-04T17:00:00Z","player_pass_yds","Drake Maye",3,228.5,0.5,228.5,226.5,231.5,NA
"2026-09-29T21:39:45Z","2026_04_NE_BUF","573cc0ef39631a4f6673ec843a8bedd4","2026-10-04T17:00:00Z","player_pass_yds","Josh Allen",4,240,0.505154664643268,240,233.5,246.5,NA
"2026-09-29T21:39:45Z","2026_04_NE_BUF","573cc0ef39631a4f6673ec843a8bedd4","2026-10-04T17:00:00Z","player_reception_yds","DJ Moore",2,46,0.502106149957877,46,45.5,46.5,NA
"2026-09-29T21:39:45Z","2026_04_NE_BUF","573cc0ef39631a4f6673ec843a8bedd4","2026-10-04T17:00:00Z","player_reception_yds","Dalton Kincaid",3,52.5,0.5,52.5,50.5,54.5,NA
"2026-09-29T21:39:45Z","2026_04_NE_BUF","573cc0ef39631a4f6673ec843a8bedd4","2026-10-04T17:00:00Z","player_reception_yds","DeMario Douglas",1,27.5,0.5,27.5,27.5,27.5,NA
"2026-09-29T21:39:45Z","2026_04_NE_BUF","573cc0ef39631a4f6673ec843a8bedd4","2026-10-04T17:00:00Z","player_reception_yds","Hunter Henry",1,35.5,0.5,35.5,35.5,35.5,NA
"2026-09-29T21:39:45Z","2026_04_NE_BUF","573cc0ef39631a4f6673ec843a8bedd4","2026-10-04T17:00:00Z","player_reception_yds","James Cook",2,7,0.495785569790964,7,6.5,7.5,NA
"2026-09-29T21:39:45Z","2026_04_NE_BUF","573cc0ef39631a4f6673ec843a8bedd4","2026-10-04T17:00:00Z","player_reception_yds","Keon Coleman",2,13,0.495290128108515,13,12.5,13.5,NA
"2026-09-29T21:39:45Z","2026_04_NE_BUF","573cc0ef39631a4f6673ec843a8bedd4","2026-10-04T17:00:00Z","player_reception_yds","Khalil Shakir",2,39,0.497893850042123,39,38.5,39.5,NA
"2026-09-29T21:39:45Z","2026_04_NE_BUF","573cc0ef39631a4f6673ec843a8bedd4","2026-10-04T17:00:00Z","player_reception_yds","Mack Hollins",1,43.5,0.5,43.5,43.5,43.5,NA
"2026-09-29T21:39:45Z","2026_04_NE_BUF","573cc0ef39631a4f6673ec843a8bedd4","2026-10-04T17:00:00Z","player_reception_yds","Rhamondre Stevenson",1,18.5,0.5,18.5,18.5,18.5,NA
"2026-09-29T21:39:45Z","2026_04_NE_BUF","573cc0ef39631a4f6673ec843a8bedd4","2026-10-04T17:00:00Z","player_reception_yds","Romeo Doubs",1,39.5,0.5,39.5,39.5,39.5,NA
"2026-09-29T21:39:45Z","2026_04_NE_BUF","573cc0ef39631a4f6673ec843a8bedd4","2026-10-04T17:00:00Z","player_reception_yds","TreVeyon Henderson",1,5.5,0.5,5.5,5.5,5.5,NA
"2026-09-29T21:39:45Z","2026_04_NE_BUF","573cc0ef39631a4f6673ec843a8bedd4","2026-10-04T17:00:00Z","player_reception_yds","Ty Johnson",2,13.5,0.496840109542869,13.5,13.5,13.5,NA
"2026-09-29T21:39:45Z","2026_04_NE_BUF","573cc0ef39631a4f6673ec843a8bedd4","2026-10-04T17:00:00Z","player_receptions","DJ Moore",2,3.5,0.527493626669526,3.5,3.5,3.5,NA
"2026-09-29T21:39:45Z","2026_04_NE_BUF","573cc0ef39631a4f6673ec843a8bedd4","2026-10-04T17:00:00Z","player_receptions","Dalton Kincaid",2,4.5,0.509964682997678,4.5,4.5,4.5,NA
"2026-09-29T21:39:45Z","2026_04_NE_BUF","573cc0ef39631a4f6673ec843a8bedd4","2026-10-04T17:00:00Z","player_receptions","DeMario Douglas",1,2.5,0.537907268170426,2.5,2.5,2.5,NA
"2026-09-29T21:39:45Z","2026_04_NE_BUF","573cc0ef39631a4f6673ec843a8bedd4","2026-10-04T17:00:00Z","player_receptions","Hunter Henry",1,3.5,0.551074477480129,3.5,3.5,3.5,NA
"2026-09-29T21:39:45Z","2026_04_NE_BUF","573cc0ef39631a4f6673ec843a8bedd4","2026-10-04T17:00:00Z","player_receptions","James Cook",2,1.5,0.465171220721131,1.5,1.5,1.5,NA
"2026-09-29T21:39:45Z","2026_04_NE_BUF","573cc0ef39631a4f6673ec843a8bedd4","2026-10-04T17:00:00Z","player_receptions","Keon Coleman",2,1.5,0.473991697906617,1.5,1.5,1.5,NA
"2026-09-29T21:39:45Z","2026_04_NE_BUF","573cc0ef39631a4f6673ec843a8bedd4","2026-10-04T17:00:00Z","player_receptions","Khalil Shakir",2,3.5,0.543298430652461,3.5,3.5,3.5,NA
"2026-09-29T21:39:45Z","2026_04_NE_BUF","573cc0ef39631a4f6673ec843a8bedd4","2026-10-04T17:00:00Z","player_receptions","Mack Hollins",1,3.5,0.52815768302494,3.5,3.5,3.5,NA
"2026-09-29T21:39:45Z","2026_04_NE_BUF","573cc0ef39631a4f6673ec843a8bedd4","2026-10-04T17:00:00Z","player_receptions","Rhamondre Stevenson",1,2.5,0.541884816753927,2.5,2.5,2.5,NA
"2026-09-29T21:39:45Z","2026_04_NE_BUF","573cc0ef39631a4f6673ec843a8bedd4","2026-10-04T17:00:00Z","player_receptions","Romeo Doubs",1,3.5,0.44892552251987,3.5,3.5,3.5,NA
"2026-09-29T21:39:45Z","2026_04_NE_BUF","573cc0ef39631a4f6673ec843a8bedd4","2026-10-04T17:00:00Z","player_receptions","TreVeyon Henderson",1,0.5,0.620420848830692,0.5,0.5,0.5,NA
"2026-09-29T21:39:45Z","2026_04_NE_BUF","573cc0ef39631a4f6673ec843a8bedd4","2026-10-04T17:00:00Z","player_receptions","Ty Johnson",2,1.5,0.568338948595225,1.5,1.5,1.5,NA
"2026-09-29T21:39:45Z","2026_04_NE_BUF","573cc0ef39631a4f6673ec843a8bedd4","2026-10-04T17:00:00Z","player_rush_attempts","James Cook",1,17.5,0.535962877030162,17.5,17.5,17.5,NA
"2026-09-29T21:39:45Z","2026_04_NE_BUF","573cc0ef39631a4f6673ec843a8bedd4","2026-10-04T17:00:00Z","player_rush_yds","Drake Maye",1,26.5,0.5,26.5,26.5,26.5,NA
"2026-09-29T21:39:45Z","2026_04_NE_BUF","573cc0ef39631a4f6673ec843a8bedd4","2026-10-04T17:00:00Z","player_rush_yds","James Cook",2,86.5,0.502106149957877,86.5,85.5,87.5,NA
"2026-09-29T21:39:45Z","2026_04_NE_BUF","573cc0ef39631a4f6673ec843a8bedd4","2026-10-04T17:00:00Z","player_rush_yds","Josh Allen",3,31.5,0.5,31.5,30.5,31.5,NA
"2026-09-29T21:39:45Z","2026_04_NE_BUF","573cc0ef39631a4f6673ec843a8bedd4","2026-10-04T17:00:00Z","player_rush_yds","Rhamondre Stevenson",1,30.5,0.5,30.5,30.5,30.5,NA
"2026-09-29T21:39:45Z","2026_04_NE_BUF","573cc0ef39631a4f6673ec843a8bedd4","2026-10-04T17:00:00Z","player_rush_yds","TreVeyon Henderson",1,42.5,0.5,42.5,42.5,42.5,NA
"2026-09-29T21:39:45Z","2026_04_PIT_CLE","d55cb69fed50a09170560b5b75d8de86","2026-10-02T00:15:00Z","player_pass_attempts","Aaron Rodgers",4,34.5,0.514254006987503,34.5,34.5,34.5,NA
"2026-09-29T21:39:45Z","2026_04_PIT_CLE","d55cb69fed50a09170560b5b75d8de86","2026-10-02T00:15:00Z","player_pass_attempts","Deshaun Watson",3,28.5,0.503095336359884,28.5,28.5,28.5,NA
"2026-09-29T21:39:45Z","2026_04_PIT_CLE","d55cb69fed50a09170560b5b75d8de86","2026-10-02T00:15:00Z","player_pass_interceptions","Aaron Rodgers",4,0.5,0.471279092393964,0.5,0.5,0.5,NA
"2026-09-29T21:39:45Z","2026_04_PIT_CLE","d55cb69fed50a09170560b5b75d8de86","2026-10-02T00:15:00Z","player_pass_interceptions","Deshaun Watson",4,0.5,0.501547668179942,0.5,0.5,0.5,NA
"2026-09-29T21:39:45Z","2026_04_PIT_CLE","d55cb69fed50a09170560b5b75d8de86","2026-10-02T00:15:00Z","player_pass_tds","Aaron Rodgers",6,1.5,0.357486100307574,1.5,1.5,1.5,NA
"2026-09-29T21:39:45Z","2026_04_PIT_CLE","d55cb69fed50a09170560b5b75d8de86","2026-10-02T00:15:00Z","player_pass_tds","Deshaun Watson",6,0.5,0.645132222785212,0.5,0.5,0.5,NA
"2026-09-29T21:39:45Z","2026_04_PIT_CLE","d55cb69fed50a09170560b5b75d8de86","2026-10-02T00:15:00Z","player_pass_yds","Aaron Rodgers",6,212.5,0.5,212.5,212.5,215.5,NA
"2026-09-29T21:39:45Z","2026_04_PIT_CLE","d55cb69fed50a09170560b5b75d8de86","2026-10-02T00:15:00Z","player_pass_yds","Deshaun Watson",6,187.5,0.498947058080276,187.5,181.5,188.5,NA
"2026-09-29T21:39:45Z","2026_04_PIT_CLE","d55cb69fed50a09170560b5b75d8de86","2026-10-02T00:15:00Z","player_reception_yds","DK Metcalf",6,43.5,0.5,43.5,41.5,43.5,NA
"2026-09-29T21:39:45Z","2026_04_PIT_CLE","d55cb69fed50a09170560b5b75d8de86","2026-10-02T00:15:00Z","player_reception_yds","Darnell Washington",6,16.5,0.501052941919724,16.5,15.5,17.5,NA
"2026-09-29T21:39:45Z","2026_04_PIT_CLE","d55cb69fed50a09170560b5b75d8de86","2026-10-02T00:15:00Z","player_reception_yds","Denzel Boston",6,36,0.5,36,34.5,36.5,NA
"2026-09-29T21:39:45Z","2026_04_PIT_CLE","d55cb69fed50a09170560b5b75d8de86","2026-10-02T00:15:00Z","player_reception_yds","Harold Fannin Jr.",6,40.5,0.5,40.5,40.5,41.5,NA
"2026-09-29T21:39:45Z","2026_04_PIT_CLE","d55cb69fed50a09170560b5b75d8de86","2026-10-02T00:15:00Z","player_reception_yds","Jaylen Warren",6,22.5,0.501547668179942,22.5,21.5,22.5,NA
"2026-09-29T21:39:45Z","2026_04_PIT_CLE","d55cb69fed50a09170560b5b75d8de86","2026-10-02T00:15:00Z","player_reception_yds","Jerry Jeudy",6,14,0.495913376895055,14,13.5,14.5,NA
"2026-09-29T21:39:45Z","2026_04_PIT_CLE","d55cb69fed50a09170560b5b75d8de86","2026-10-02T00:15:00Z","player_reception_yds","KC Concepcion",6,34.5,0.501547668179942,34.5,34.5,34.5,NA
"2026-09-29T21:39:45Z","2026_04_PIT_CLE","d55cb69fed50a09170560b5b75d8de86","2026-10-02T00:15:00Z","player_reception_yds","Michael Pittman Jr.",7,34.5,0.5,34.5,32.5,35.5,NA
"2026-09-29T21:39:45Z","2026_04_PIT_CLE","d55cb69fed50a09170560b5b75d8de86","2026-10-02T00:15:00Z","player_reception_yds","Pat Freiermuth",6,28.5,0.50150675024108,28.5,28.5,30.5,NA
"2026-09-29T21:39:45Z","2026_04_PIT_CLE","d55cb69fed50a09170560b5b75d8de86","2026-10-02T00:15:00Z","player_reception_yds","Quinshon Judkins",6,12.5,0.497420127136135,12.5,11.5,12.5,NA
"2026-09-29T21:39:45Z","2026_04_PIT_CLE","d55cb69fed50a09170560b5b75d8de86","2026-10-02T00:15:00Z","player_reception_yds","Raheim Sanders",6,11,0.5,11,10.5,12.5,NA
"2026-09-29T21:39:45Z","2026_04_PIT_CLE","d55cb69fed50a09170560b5b75d8de86","2026-10-02T00:15:00Z","player_reception_yds","Roman Wilson",6,22.5,0.5,22.5,22.5,23.5,NA
"2026-09-29T21:39:45Z","2026_04_PIT_CLE","d55cb69fed50a09170560b5b75d8de86","2026-10-02T00:15:00Z","player_receptions","DK Metcalf",5,3.5,0.534653465346535,3.5,3.5,3.5,NA
"2026-09-29T21:39:45Z","2026_04_PIT_CLE","d55cb69fed50a09170560b5b75d8de86","2026-10-02T00:15:00Z","player_receptions","Darnell Washington",5,1.5,0.61038961038961,1.5,1.5,1.5,NA
"2026-09-29T21:39:45Z","2026_04_PIT_CLE","d55cb69fed50a09170560b5b75d8de86","2026-10-02T00:15:00Z","player_receptions","Denzel Boston",5,2.5,0.566510837229069,2.5,2.5,2.5,NA
"2026-09-29T21:39:45Z","2026_04_PIT_CLE","d55cb69fed50a09170560b5b75d8de86","2026-10-02T00:15:00Z","player_receptions","Harold Fannin Jr.",5,4.5,0.489878542510122,4.5,4.5,4.5,NA
"2026-09-29T21:39:45Z","2026_04_PIT_CLE","d55cb69fed50a09170560b5b75d8de86","2026-10-02T00:15:00Z","player_receptions","Jaylen Warren",6,3.5,0.435085192739177,3.5,3.5,3.5,NA
"2026-09-29T21:39:45Z","2026_04_PIT_CLE","d55cb69fed50a09170560b5b75d8de86","2026-10-02T00:15:00Z","player_receptions","Jerry Jeudy",5,1.5,0.437340827259155,1.5,1.5,1.5,NA
"2026-09-29T21:39:45Z","2026_04_PIT_CLE","d55cb69fed50a09170560b5b75d8de86","2026-10-02T00:15:00Z","player_receptions","KC Concepcion",5,3.5,0.572763684913218,3.5,3.5,3.5,NA
"2026-09-29T21:39:45Z","2026_04_PIT_CLE","d55cb69fed50a09170560b5b75d8de86","2026-10-02T00:15:00Z","player_receptions","Michael Pittman Jr.",5,3.5,0.462008248730964,3.5,3.5,3.5,NA
"2026-09-29T21:39:45Z","2026_04_PIT_CLE","d55cb69fed50a09170560b5b75d8de86","2026-10-02T00:15:00Z","player_receptions","Pat Freiermuth",5,3.5,0.459208597948217,3.5,3.5,3.5,NA
"2026-09-29T21:39:45Z","2026_04_PIT_CLE","d55cb69fed50a09170560b5b75d8de86","2026-10-02T00:15:00Z","player_receptions","Quinshon Judkins",5,2.5,0.391795987228287,2.5,2.5,2.5,NA
"2026-09-29T21:39:45Z","2026_04_PIT_CLE","d55cb69fed50a09170560b5b75d8de86","2026-10-02T00:15:00Z","player_receptions","Raheim Sanders",5,1.5,0.616148246194573,1.5,1.5,1.5,NA
"2026-09-29T21:39:45Z","2026_04_PIT_CLE","d55cb69fed50a09170560b5b75d8de86","2026-10-02T00:15:00Z","player_receptions","Roman Wilson",5,2.5,0.459208597948217,2.5,2.5,2.5,NA
"2026-09-29T21:39:45Z","2026_04_PIT_CLE","d55cb69fed50a09170560b5b75d8de86","2026-10-02T00:15:00Z","player_rush_attempts","Deshaun Watson",3,5.5,0.548639308039508,5.5,5.5,5.5,NA
"2026-09-29T21:39:45Z","2026_04_PIT_CLE","d55cb69fed50a09170560b5b75d8de86","2026-10-02T00:15:00Z","player_rush_attempts","Jaylen Warren",2,15.5,0.505140446339964,15.5,15.5,15.5,NA
"2026-09-29T21:39:45Z","2026_04_PIT_CLE","d55cb69fed50a09170560b5b75d8de86","2026-10-02T00:15:00Z","player_rush_attempts","Quinshon Judkins",3,16.5,0.50515974572773,16.5,16.5,16.5,NA
"2026-09-29T21:39:45Z","2026_04_PIT_CLE","d55cb69fed50a09170560b5b75d8de86","2026-10-02T00:15:00Z","player_rush_yds","Aaron Rodgers",2,1,0.530423363777364,1,0.5,1.5,NA
"2026-09-29T21:39:45Z","2026_04_PIT_CLE","d55cb69fed50a09170560b5b75d8de86","2026-10-02T00:15:00Z","player_rush_yds","Deshaun Watson",5,29.5,0.5,29.5,29.5,29.5,NA
"2026-09-29T21:39:45Z","2026_04_PIT_CLE","d55cb69fed50a09170560b5b75d8de86","2026-10-02T00:15:00Z","player_rush_yds","Jaylen Warren",6,65.5,0.5,65.5,65.5,66.5,NA
"2026-09-29T21:39:45Z","2026_04_PIT_CLE","d55cb69fed50a09170560b5b75d8de86","2026-10-02T00:15:00Z","player_rush_yds","Quinshon Judkins",7,56.5,0.501017915309446,56.5,55.5,57.5,NA
"2026-09-29T21:39:45Z","2026_04_PIT_CLE","d55cb69fed50a09170560b5b75d8de86","2026-10-02T00:15:00Z","player_rush_yds","Raheim Sanders",1,5.5,0.5,5.5,5.5,5.5,NA
"2026-09-29T21:39:45Z","2026_04_ARI_NYG","664e6bda5721dc63be16bcf7d962a436","2026-10-04T17:00:00Z","player_anytime_td","Bam Knight",1,NA,NA,NA,NA,NA,0.0909090909090909
"2026-09-29T21:39:45Z","2026_04_ARI_NYG","664e6bda5721dc63be16bcf7d962a436","2026-10-04T17:00:00Z","player_anytime_td","Cam Skattebo",5,NA,NA,NA,NA,NA,0.574468085106383
"2026-09-29T21:39:45Z","2026_04_ARI_NYG","664e6bda5721dc63be16bcf7d962a436","2026-10-04T17:00:00Z","player_anytime_td","Chris Manhertz",2,NA,NA,NA,NA,NA,0.0372413793103448
"2026-09-29T21:39:45Z","2026_04_ARI_NYG","664e6bda5721dc63be16bcf7d962a436","2026-10-04T17:00:00Z","player_anytime_td","Darnell Mooney",2,NA,NA,NA,NA,NA,0.185374149659864
"2026-09-29T21:39:45Z","2026_04_ARI_NYG","664e6bda5721dc63be16bcf7d962a436","2026-10-04T17:00:00Z","player_anytime_td","Devin Duvernay",2,NA,NA,NA,NA,NA,0.0616666666666667
"2026-09-29T21:39:45Z","2026_04_ARI_NYG","664e6bda5721dc63be16bcf7d962a436","2026-10-04T17:00:00Z","player_anytime_td","Devin Singletary",2,NA,NA,NA,NA,NA,0.166666666666667
"2026-09-29T21:39:45Z","2026_04_ARI_NYG","664e6bda5721dc63be16bcf7d962a436","2026-10-04T17:00:00Z","player_anytime_td","Elijah Higgins",2,NA,NA,NA,NA,NA,0.108333333333333
"2026-09-29T21:39:45Z","2026_04_ARI_NYG","664e6bda5721dc63be16bcf7d962a436","2026-10-04T17:00:00Z","player_anytime_td","Hunter Long",2,NA,NA,NA,NA,NA,0.0671936758893281
"2026-09-29T21:39:45Z","2026_04_ARI_NYG","664e6bda5721dc63be16bcf7d962a436","2026-10-04T17:00:00Z","player_anytime_td","Isaiah Likely",5,NA,NA,NA,NA,NA,0.294117647058824
"2026-09-29T21:39:45Z","2026_04_ARI_NYG","664e6bda5721dc63be16bcf7d962a436","2026-10-04T17:00:00Z","player_anytime_td","Jacoby Brissett",2,NA,NA,NA,NA,NA,0.177777777777778
"2026-09-29T21:39:45Z","2026_04_ARI_NYG","664e6bda5721dc63be16bcf7d962a436","2026-10-04T17:00:00Z","player_anytime_td","Jalen Brooks",2,NA,NA,NA,NA,NA,0.0463157894736842
"2026-09-29T21:39:45Z","2026_04_ARI_NYG","664e6bda5721dc63be16bcf7d962a436","2026-10-04T17:00:00Z","player_anytime_td","Jameis Winston",2,NA,NA,NA,NA,NA,0.166666666666667
"2026-09-29T21:39:45Z","2026_04_ARI_NYG","664e6bda5721dc63be16bcf7d962a436","2026-10-04T17:00:00Z","player_anytime_td","Jeremiyah Love",5,NA,NA,NA,NA,NA,0.534883720930233
"2026-09-29T21:39:45Z","2026_04_ARI_NYG","664e6bda5721dc63be16bcf7d962a436","2026-10-04T17:00:00Z","player_anytime_td","Kendrick Bourne",2,NA,NA,NA,NA,NA,0.185185185185185
"2026-09-29T21:39:45Z","2026_04_ARI_NYG","664e6bda5721dc63be16bcf7d962a436","2026-10-04T17:00:00Z","player_anytime_td","Malachi Fields",2,NA,NA,NA,NA,NA,0.202020202020202
"2026-09-29T21:39:45Z","2026_04_ARI_NYG","664e6bda5721dc63be16bcf7d962a436","2026-10-04T17:00:00Z","player_anytime_td","Malik Nabers",5,NA,NA,NA,NA,NA,0.392156862745098
"2026-09-29T21:39:45Z","2026_04_ARI_NYG","664e6bda5721dc63be16bcf7d962a436","2026-10-04T17:00:00Z","player_anytime_td","Marvin Harrison Jr.",2,NA,NA,NA,NA,NA,0.219339622641509
"2026-09-29T21:39:45Z","2026_04_ARI_NYG","664e6bda5721dc63be16bcf7d962a436","2026-10-04T17:00:00Z","player_anytime_td","Michael Wilson",2,NA,NA,NA,NA,NA,0.300522648083624
"2026-09-29T21:39:45Z","2026_04_ARI_NYG","664e6bda5721dc63be16bcf7d962a436","2026-10-04T17:00:00Z","player_anytime_td","Najee Harris",2,NA,NA,NA,NA,NA,0.239316239316239
"2026-09-29T21:39:45Z","2026_04_ARI_NYG","664e6bda5721dc63be16bcf7d962a436","2026-10-04T17:00:00Z","player_anytime_td","Odell Beckham Jr.",1,NA,NA,NA,NA,NA,0.0555555555555556
"2026-09-29T21:39:45Z","2026_04_ARI_NYG","664e6bda5721dc63be16bcf7d962a436","2026-10-04T17:00:00Z","player_anytime_td","Patrick Ricard",2,NA,NA,NA,NA,NA,0.0417391304347826
"2026-09-29T21:39:45Z","2026_04_ARI_NYG","664e6bda5721dc63be16bcf7d962a436","2026-10-04T17:00:00Z","player_anytime_td","Reggie Virgil",1,NA,NA,NA,NA,NA,0.0526315789473684
"2026-09-29T21:39:45Z","2026_04_ARI_NYG","664e6bda5721dc63be16bcf7d962a436","2026-10-04T17:00:00Z","player_anytime_td","Simi Fehoko",2,NA,NA,NA,NA,NA,0.0417391304347826
"2026-09-29T21:39:45Z","2026_04_ARI_NYG","664e6bda5721dc63be16bcf7d962a436","2026-10-04T17:00:00Z","player_anytime_td","Theo Johnson",2,NA,NA,NA,NA,NA,0.142156862745098
"2026-09-29T21:39:45Z","2026_04_ARI_NYG","664e6bda5721dc63be16bcf7d962a436","2026-10-04T17:00:00Z","player_anytime_td","Thomas Fidone",1,NA,NA,NA,NA,NA,0.032258064516129
"2026-09-29T21:39:45Z","2026_04_ARI_NYG","664e6bda5721dc63be16bcf7d962a436","2026-10-04T17:00:00Z","player_anytime_td","Trey McBride",5,NA,NA,NA,NA,NA,0.465116279069767
"2026-09-29T21:39:45Z","2026_04_ARI_NYG","664e6bda5721dc63be16bcf7d962a436","2026-10-04T17:00:00Z","player_anytime_td","Tyler Allgeier",2,NA,NA,NA,NA,NA,0.384615384615385
"2026-09-29T21:39:45Z","2026_04_ARI_NYG","664e6bda5721dc63be16bcf7d962a436","2026-10-04T17:00:00Z","player_anytime_td","Tyrone Tracy Jr.",2,NA,NA,NA,NA,NA,0.135746606334842
"2026-09-29T21:39:45Z","2026_04_ARI_NYG","664e6bda5721dc63be16bcf7d962a436","2026-10-04T17:00:00Z","player_anytime_td","Zonovan Knight",1,NA,NA,NA,NA,NA,0.04
"2026-09-29T21:39:45Z","2026_04_ATL_NO","8bd90781e17e6d97df3941063cedae1e","2026-10-06T00:15:00Z","player_anytime_td","Alvin Kamara",1,NA,NA,NA,NA,NA,0.555555555555556
"2026-09-29T21:39:45Z","2026_04_ATL_NO","8bd90781e17e6d97df3941063cedae1e","2026-10-06T00:15:00Z","player_anytime_td","Austin Hooper",1,NA,NA,NA,NA,NA,0.133333333333333
"2026-09-29T21:39:45Z","2026_04_ATL_NO","8bd90781e17e6d97df3941063cedae1e","2026-10-06T00:15:00Z","player_anytime_td","Barion Brown",1,NA,NA,NA,NA,NA,0.111111111111111
"2026-09-29T21:39:45Z","2026_04_ATL_NO","8bd90781e17e6d97df3941063cedae1e","2026-10-06T00:15:00Z","player_anytime_td","Bijan Robinson",1,NA,NA,NA,NA,NA,0.666666666666667
"2026-09-29T21:39:45Z","2026_04_ATL_NO","8bd90781e17e6d97df3941063cedae1e","2026-10-06T00:15:00Z","player_anytime_td","Brian Robinson Jr.",1,NA,NA,NA,NA,NA,0.32258064516129
"2026-09-29T21:39:45Z","2026_04_ATL_NO","8bd90781e17e6d97df3941063cedae1e","2026-10-06T00:15:00Z","player_anytime_td","Bryce Lance",1,NA,NA,NA,NA,NA,0.222222222222222
"2026-09-29T21:39:45Z","2026_04_ATL_NO","8bd90781e17e6d97df3941063cedae1e","2026-10-06T00:15:00Z","player_anytime_td","Charlie Woerner",1,NA,NA,NA,NA,NA,0.0555555555555556
"2026-09-29T21:39:45Z","2026_04_ATL_NO","8bd90781e17e6d97df3941063cedae1e","2026-10-06T00:15:00Z","player_anytime_td","Chris Blair",1,NA,NA,NA,NA,NA,0.0666666666666667
"2026-09-29T21:39:45Z","2026_04_ATL_NO","8bd90781e17e6d97df3941063cedae1e","2026-10-06T00:15:00Z","player_anytime_td","Chris Olave",1,NA,NA,NA,NA,NA,0.454545454545455
"2026-09-29T21:39:45Z","2026_04_ATL_NO","8bd90781e17e6d97df3941063cedae1e","2026-10-06T00:15:00Z","player_anytime_td","Devaughn Vele",1,NA,NA,NA,NA,NA,0.3125
"2026-09-29T21:39:45Z","2026_04_ATL_NO","8bd90781e17e6d97df3941063cedae1e","2026-10-06T00:15:00Z","player_anytime_td","Drake London",1,NA,NA,NA,NA,NA,0.37037037037037
"2026-09-29T21:39:45Z","2026_04_ATL_NO","8bd90781e17e6d97df3941063cedae1e","2026-10-06T00:15:00Z","player_anytime_td","Jahan Dotson",1,NA,NA,NA,NA,NA,0.2
"2026-09-29T21:39:45Z","2026_04_ATL_NO","8bd90781e17e6d97df3941063cedae1e","2026-10-06T00:15:00Z","player_anytime_td","Juwan Johnson",1,NA,NA,NA,NA,NA,0.344827586206897
"2026-09-29T21:39:45Z","2026_04_ATL_NO","8bd90781e17e6d97df3941063cedae1e","2026-10-06T00:15:00Z","player_anytime_td","Kendre Miller",1,NA,NA,NA,NA,NA,0.277777777777778
"2026-09-29T21:39:45Z","2026_04_ATL_NO","8bd90781e17e6d97df3941063cedae1e","2026-10-06T00:15:00Z","player_anytime_td","Kyle Pitts",1,NA,NA,NA,NA,NA,0.222222222222222
"2026-09-29T21:39:45Z","2026_04_ATL_NO","8bd90781e17e6d97df3941063cedae1e","2026-10-06T00:15:00Z","player_anytime_td","Michael Penix Jr.",1,NA,NA,NA,NA,NA,0.153846153846154
"2026-09-29T21:39:45Z","2026_04_ATL_NO","8bd90781e17e6d97df3941063cedae1e","2026-10-06T00:15:00Z","player_anytime_td","Nick Muse",1,NA,NA,NA,NA,NA,0.04
"2026-09-29T21:39:45Z","2026_04_ATL_NO","8bd90781e17e6d97df3941063cedae1e","2026-10-06T00:15:00Z","player_anytime_td","Noah Fant",1,NA,NA,NA,NA,NA,0.181818181818182
"2026-09-29T21:39:45Z","2026_04_ATL_NO","8bd90781e17e6d97df3941063cedae1e","2026-10-06T00:15:00Z","player_anytime_td","Olamide Zaccheaus",1,NA,NA,NA,NA,NA,0.133333333333333
"2026-09-29T21:39:45Z","2026_04_ATL_NO","8bd90781e17e6d97df3941063cedae1e","2026-10-06T00:15:00Z","player_anytime_td","Oscar Delp",1,NA,NA,NA,NA,NA,0.0833333333333333
"2026-09-29T21:39:45Z","2026_04_ATL_NO","8bd90781e17e6d97df3941063cedae1e","2026-10-06T00:15:00Z","player_anytime_td","Tyler Shough",1,NA,NA,NA,NA,NA,0.344827586206897
"2026-09-29T21:39:45Z","2026_04_ATL_NO","8bd90781e17e6d97df3941063cedae1e","2026-10-06T00:15:00Z","player_anytime_td","Zachariah Branch",1,NA,NA,NA,NA,NA,0.133333333333333
"2026-09-29T21:39:45Z","2026_04_DAL_HOU","daf55e2df5341c007fee5a0fc5bbc2d4","2026-10-04T17:00:00Z","player_anytime_td","Brevin Jordan",1,NA,NA,NA,NA,NA,0.0277777777777778
"2026-09-29T21:39:45Z","2026_04_DAL_HOU","daf55e2df5341c007fee5a0fc5bbc2d4","2026-10-04T17:00:00Z","player_anytime_td","Brevyn Spann-Ford",4,NA,NA,NA,NA,NA,0.0741758241758242
"2026-09-29T21:39:45Z","2026_04_DAL_HOU","daf55e2df5341c007fee5a0fc5bbc2d4","2026-10-04T17:00:00Z","player_anytime_td","British Brooks",2,NA,NA,NA,NA,NA,0.0627450980392157
"2026-09-29T21:39:45Z","2026_04_DAL_HOU","daf55e2df5341c007fee5a0fc5bbc2d4","2026-10-04T17:00:00Z","player_anytime_td","C.J. Stroud",4,NA,NA,NA,NA,NA,0.150997150997151
"2026-09-29T21:39:45Z","2026_04_DAL_HOU","daf55e2df5341c007fee5a0fc5bbc2d4","2026-10-04T17:00:00Z","player_anytime_td","Cade Stover",4,NA,NA,NA,NA,NA,0.0769230769230769
"2026-09-29T21:39:45Z","2026_04_DAL_HOU","daf55e2df5341c007fee5a0fc5bbc2d4","2026-10-04T17:00:00Z","player_anytime_td","Camden Brown",1,NA,NA,NA,NA,NA,0.0434782608695652
"2026-09-29T21:39:45Z","2026_04_DAL_HOU","daf55e2df5341c007fee5a0fc5bbc2d4","2026-10-04T17:00:00Z","player_anytime_td","CeeDee Lamb",6,NA,NA,NA,NA,NA,0.444444444444444
"2026-09-29T21:39:45Z","2026_04_DAL_HOU","daf55e2df5341c007fee5a0fc5bbc2d4","2026-10-04T17:00:00Z","player_anytime_td","Dak Prescott",3,NA,NA,NA,NA,NA,0.133333333333333
"2026-09-29T21:39:45Z","2026_04_DAL_HOU","daf55e2df5341c007fee5a0fc5bbc2d4","2026-10-04T17:00:00Z","player_anytime_td","Dalton Schultz",4,NA,NA,NA,NA,NA,0.377492877492878
"2026-09-29T21:39:45Z","2026_04_DAL_HOU","daf55e2df5341c007fee5a0fc5bbc2d4","2026-10-04T17:00:00Z","player_anytime_td","David Montgomery",6,NA,NA,NA,NA,NA,0.586769803459522
"2026-09-29T21:39:45Z","2026_04_DAL_HOU","daf55e2df5341c007fee5a0fc5bbc2d4","2026-10-04T17:00:00Z","player_anytime_td","Emari Demercado",2,NA,NA,NA,NA,NA,0.0976190476190476
"2026-09-29T21:39:45Z","2026_04_DAL_HOU","daf55e2df5341c007fee5a0fc5bbc2d4","2026-10-04T17:00:00Z","player_anytime_td","Foster Moreau",4,NA,NA,NA,NA,NA,0.127789046653144
"2026-09-29T21:39:45Z","2026_04_DAL_HOU","daf55e2df5341c007fee5a0fc5bbc2d4","2026-10-04T17:00:00Z","player_anytime_td","George Pickens",6,NA,NA,NA,NA,NA,0.363636363636364
"2026-09-29T21:39:45Z","2026_04_DAL_HOU","daf55e2df5341c007fee5a0fc5bbc2d4","2026-10-04T17:00:00Z","player_anytime_td","Hunter Luepke",4,NA,NA,NA,NA,NA,0.0645833333333333
"2026-09-29T21:39:45Z","2026_04_DAL_HOU","daf55e2df5341c007fee5a0fc5bbc2d4","2026-10-04T17:00:00Z","player_anytime_td","Jake Ferguson",6,NA,NA,NA,NA,NA,0.261538461538461
"2026-09-29T21:39:45Z","2026_04_DAL_HOU","daf55e2df5341c007fee5a0fc5bbc2d4","2026-10-04T17:00:00Z","player_anytime_td","Jared Wayne",2,NA,NA,NA,NA,NA,0.16025641025641
"2026-09-29T21:39:45Z","2026_04_DAL_HOU","daf55e2df5341c007fee5a0fc5bbc2d4","2026-10-04T17:00:00Z","player_anytime_td","Javonte Williams",6,NA,NA,NA,NA,NA,0.632333062989997
"2026-09-29T21:39:45Z","2026_04_DAL_HOU","daf55e2df5341c007fee5a0fc5bbc2d4","2026-10-04T17:00:00Z","player_anytime_td","Jaylin Noel",3,NA,NA,NA,NA,NA,0.222222222222222
"2026-09-29T21:39:45Z","2026_04_DAL_HOU","daf55e2df5341c007fee5a0fc5bbc2d4","2026-10-04T17:00:00Z","player_anytime_td","Jonathan Mingo",2,NA,NA,NA,NA,NA,0.0527777777777778
"2026-09-29T21:39:45Z","2026_04_DAL_HOU","daf55e2df5341c007fee5a0fc5bbc2d4","2026-10-04T17:00:00Z","player_anytime_td","KaVontae Turpin",4,NA,NA,NA,NA,NA,0.108187134502924
"2026-09-29T21:39:45Z","2026_04_DAL_HOU","daf55e2df5341c007fee5a0fc5bbc2d4","2026-10-04T17:00:00Z","player_anytime_td","Kayshon Boutte",4,NA,NA,NA,NA,NA,0.294691224268689
"2026-09-29T21:39:45Z","2026_04_DAL_HOU","daf55e2df5341c007fee5a0fc5bbc2d4","2026-10-04T17:00:00Z","player_anytime_td","Luke Schoonmaker",4,NA,NA,NA,NA,NA,0.0714285714285714
"2026-09-29T21:39:45Z","2026_04_DAL_HOU","daf55e2df5341c007fee5a0fc5bbc2d4","2026-10-04T17:00:00Z","player_anytime_td","Marlin Klein",2,NA,NA,NA,NA,NA,0.0525641025641026
"2026-09-29T21:39:45Z","2026_04_DAL_HOU","daf55e2df5341c007fee5a0fc5bbc2d4","2026-10-04T17:00:00Z","player_anytime_td","Nico Collins",6,NA,NA,NA,NA,NA,0.465116279069767
"2026-09-29T21:39:45Z","2026_04_DAL_HOU","daf55e2df5341c007fee5a0fc5bbc2d4","2026-10-04T17:00:00Z","player_anytime_td","Ryan Flournoy",4,NA,NA,NA,NA,NA,0.195238095238095
"2026-09-29T21:39:45Z","2026_04_DAL_HOU","daf55e2df5341c007fee5a0fc5bbc2d4","2026-10-04T17:00:00Z","player_anytime_td","Tyler Goodson",4,NA,NA,NA,NA,NA,0.0871212121212121
"2026-09-29T21:39:45Z","2026_04_DAL_HOU","daf55e2df5341c007fee5a0fc5bbc2d4","2026-10-04T17:00:00Z","player_anytime_td","Woody Marks",6,NA,NA,NA,NA,NA,0.380986937590711
"2026-09-29T21:39:45Z","2026_04_DAL_HOU","daf55e2df5341c007fee5a0fc5bbc2d4","2026-10-04T17:00:00Z","player_anytime_td","Xavier Hutchinson",2,NA,NA,NA,NA,NA,0.27526395173454
"2026-09-29T21:39:45Z","2026_04_DEN_SF","a7e7efb75a9792ac63480ae6328dca18","2026-10-04T20:25:00Z","player_anytime_td","Adam Prentice",2,NA,NA,NA,NA,NA,0.0434782608695652
"2026-09-29T21:39:45Z","2026_04_DEN_SF","a7e7efb75a9792ac63480ae6328dca18","2026-10-04T20:25:00Z","player_anytime_td","Adam Trautman",4,NA,NA,NA,NA,NA,0.105263157894737
"2026-09-29T21:39:45Z","2026_04_DEN_SF","a7e7efb75a9792ac63480ae6328dca18","2026-10-04T20:25:00Z","player_anytime_td","Bo Nix",4,NA,NA,NA,NA,NA,0.220445736434109
"2026-09-29T21:39:45Z","2026_04_DEN_SF","a7e7efb75a9792ac63480ae6328dca18","2026-10-04T20:25:00Z","player_anytime_td","Brayden Willis",4,NA,NA,NA,NA,NA,0.0488095238095238
"2026-09-29T21:39:45Z","2026_04_DEN_SF","a7e7efb75a9792ac63480ae6328dca18","2026-10-04T20:25:00Z","player_anytime_td","Brock Purdy",4,NA,NA,NA,NA,NA,0.236694677871148
"2026-09-29T21:39:45Z","2026_04_DEN_SF","a7e7efb75a9792ac63480ae6328dca18","2026-10-04T20:25:00Z","player_anytime_td","Christian McCaffrey",6,NA,NA,NA,NA,NA,0.676897379684727
"2026-09-29T21:39:45Z","2026_04_DEN_SF","a7e7efb75a9792ac63480ae6328dca18","2026-10-04T20:25:00Z","player_anytime_td","Courtland Sutton",4,NA,NA,NA,NA,NA,0.303308823529412
"2026-09-29T21:39:45Z","2026_04_DEN_SF","a7e7efb75a9792ac63480ae6328dca18","2026-10-04T20:25:00Z","player_anytime_td","Dallen Bentley",3,NA,NA,NA,NA,NA,0.0714285714285714
"2026-09-29T21:39:45Z","2026_04_DEN_SF","a7e7efb75a9792ac63480ae6328dca18","2026-10-04T20:25:00Z","player_anytime_td","Deebo Samuel",4,NA,NA,NA,NA,NA,0.413469735720375
"2026-09-29T21:39:45Z","2026_04_DEN_SF","a7e7efb75a9792ac63480ae6328dca18","2026-10-04T20:25:00Z","player_anytime_td","Demarcus Robinson",1,NA,NA,NA,NA,NA,0.181818181818182
"2026-09-29T21:39:45Z","2026_04_DEN_SF","a7e7efb75a9792ac63480ae6328dca18","2026-10-04T20:25:00Z","player_anytime_td","Evan Engram",4,NA,NA,NA,NA,NA,0.19327731092437
"2026-09-29T21:39:45Z","2026_04_DEN_SF","a7e7efb75a9792ac63480ae6328dca18","2026-10-04T20:25:00Z","player_anytime_td","George Kittle",4,NA,NA,NA,NA,NA,0.392928825073336
"2026-09-29T21:39:45Z","2026_04_DEN_SF","a7e7efb75a9792ac63480ae6328dca18","2026-10-04T20:25:00Z","player_anytime_td","J.K. Dobbins",6,NA,NA,NA,NA,NA,0.46957671957672
"2026-09-29T21:39:45Z","2026_04_DEN_SF","a7e7efb75a9792ac63480ae6328dca18","2026-10-04T20:25:00Z","player_anytime_td","Jacob Cowing",4,NA,NA,NA,NA,NA,0.121323529411765
"2026-09-29T21:39:45Z","2026_04_DEN_SF","a7e7efb75a9792ac63480ae6328dca18","2026-10-04T20:25:00Z","player_anytime_td","James Jordan",4,NA,NA,NA,NA,NA,0.0787878787878788
"2026-09-29T21:39:45Z","2026_04_DEN_SF","a7e7efb75a9792ac63480ae6328dca18","2026-10-04T20:25:00Z","player_anytime_td","Jaylen Waddle",6,NA,NA,NA,NA,NA,0.32258064516129
"2026-09-29T21:39:45Z","2026_04_DEN_SF","a7e7efb75a9792ac63480ae6328dca18","2026-10-04T20:25:00Z","player_anytime_td","Jordan Watkins",4,NA,NA,NA,NA,NA,0.252525252525253
"2026-09-29T21:39:45Z","2026_04_DEN_SF","a7e7efb75a9792ac63480ae6328dca18","2026-10-04T20:25:00Z","player_anytime_td","Kaelon Black",4,NA,NA,NA,NA,NA,0.255284552845528
"2026-09-29T21:39:45Z","2026_04_DEN_SF","a7e7efb75a9792ac63480ae6328dca18","2026-10-04T20:25:00Z","player_anytime_td","KhaDarel Hodge",4,NA,NA,NA,NA,NA,0.131182795698925
"2026-09-29T21:39:45Z","2026_04_DEN_SF","a7e7efb75a9792ac63480ae6328dca18","2026-10-04T20:25:00Z","player_anytime_td","Kyle Juszczyk",4,NA,NA,NA,NA,NA,0.133333333333333
"2026-09-29T21:39:45Z","2026_04_DEN_SF","a7e7efb75a9792ac63480ae6328dca18","2026-10-04T20:25:00Z","player_anytime_td","Lil'Jordan Humphrey",3,NA,NA,NA,NA,NA,0.0909090909090909
"2026-09-29T21:39:45Z","2026_04_DEN_SF","a7e7efb75a9792ac63480ae6328dca18","2026-10-04T20:25:00Z","player_anytime_td","Luke Farrell",4,NA,NA,NA,NA,NA,0.0909090909090909
"2026-09-29T21:39:45Z","2026_04_DEN_SF","a7e7efb75a9792ac63480ae6328dca18","2026-10-04T20:25:00Z","player_anytime_td","Marvin Mims Jr.",4,NA,NA,NA,NA,NA,0.108187134502924
"2026-09-29T21:39:45Z","2026_04_DEN_SF","a7e7efb75a9792ac63480ae6328dca18","2026-10-04T20:25:00Z","player_anytime_td","Mike Evans",4,NA,NA,NA,NA,NA,0.373864430468204
"2026-09-29T21:39:45Z","2026_04_DEN_SF","a7e7efb75a9792ac63480ae6328dca18","2026-10-04T20:25:00Z","player_anytime_td","Nate Adkins",4,NA,NA,NA,NA,NA,0.0839160839160839
"2026-09-29T21:39:45Z","2026_04_DEN_SF","a7e7efb75a9792ac63480ae6328dca18","2026-10-04T20:25:00Z","player_anytime_td","Pat Bryant",4,NA,NA,NA,NA,NA,0.208423795049935
"2026-09-29T21:39:45Z","2026_04_DEN_SF","a7e7efb75a9792ac63480ae6328dca18","2026-10-04T20:25:00Z","player_anytime_td","RJ Harvey",6,NA,NA,NA,NA,NA,0.346024904214559
"2026-09-29T21:39:45Z","2026_04_DEN_SF","a7e7efb75a9792ac63480ae6328dca18","2026-10-04T20:25:00Z","player_anytime_td","Troy Franklin",4,NA,NA,NA,NA,NA,0.0909090909090909
"2026-09-29T21:39:45Z","2026_04_DEN_SF","a7e7efb75a9792ac63480ae6328dca18","2026-10-04T20:25:00Z","player_anytime_td","Tyler Badie",4,NA,NA,NA,NA,NA,0.0833333333333333
"2026-09-29T21:39:45Z","2026_04_DET_CAR","a73a76599a4f3422803e57bd8f61b626","2026-10-05T00:20:00Z","player_anytime_td","AJ Dillon",8,NA,NA,NA,NA,NA,0.125
"2026-09-29T21:39:45Z","2026_04_DET_CAR","a73a76599a4f3422803e57bd8f61b626","2026-10-05T00:20:00Z","player_anytime_td","Amon-Ra St. Brown",8,NA,NA,NA,NA,NA,0.545454545454545
"2026-09-29T21:39:45Z","2026_04_DET_CAR","a73a76599a4f3422803e57bd8f61b626","2026-10-05T00:20:00Z","player_anytime_td","Anthony Tyus III",1,NA,NA,NA,NA,NA,0.0476190476190476
"2026-09-29T21:39:45Z","2026_04_DET_CAR","a73a76599a4f3422803e57bd8f61b626","2026-10-05T00:20:00Z","player_anytime_td","Brock Wright",8,NA,NA,NA,NA,NA,0.135632183908046
"2026-09-29T21:39:45Z","2026_04_DET_CAR","a73a76599a4f3422803e57bd8f61b626","2026-10-05T00:20:00Z","player_anytime_td","Bryce Young",8,NA,NA,NA,NA,NA,0.174675819984744
"2026-09-29T21:39:45Z","2026_04_DET_CAR","a73a76599a4f3422803e57bd8f61b626","2026-10-05T00:20:00Z","player_anytime_td","Brycen Tremayne",5,NA,NA,NA,NA,NA,0.133333333333333
"2026-09-29T21:39:45Z","2026_04_DET_CAR","a73a76599a4f3422803e57bd8f61b626","2026-10-05T00:20:00Z","player_anytime_td","Chuba Hubbard",8,NA,NA,NA,NA,NA,0.575369635773531
"2026-09-29T21:39:45Z","2026_04_DET_CAR","a73a76599a4f3422803e57bd8f61b626","2026-10-05T00:20:00Z","player_anytime_td","Darren Waller",8,NA,NA,NA,NA,NA,0.263203463203463
"2026-09-29T21:39:45Z","2026_04_DET_CAR","a73a76599a4f3422803e57bd8f61b626","2026-10-05T00:20:00Z","player_anytime_td","David Moore",1,NA,NA,NA,NA,NA,0.0540540540540541
"2026-09-29T21:39:45Z","2026_04_DET_CAR","a73a76599a4f3422803e57bd8f61b626","2026-10-05T00:20:00Z","player_anytime_td","Feleipe Franks",3,NA,NA,NA,NA,NA,0.0285714285714286
"2026-09-29T21:39:45Z","2026_04_DET_CAR","a73a76599a4f3422803e57bd8f61b626","2026-10-05T00:20:00Z","player_anytime_td","Isaac TeSlaa",8,NA,NA,NA,NA,NA,0.178628389154705
"2026-09-29T21:39:45Z","2026_04_DET_CAR","a73a76599a4f3422803e57bd8f61b626","2026-10-05T00:20:00Z","player_anytime_td","Ja'Tavion Sanders",1,NA,NA,NA,NA,NA,0.0476190476190476
"2026-09-29T21:39:45Z","2026_04_DET_CAR","a73a76599a4f3422803e57bd8f61b626","2026-10-05T00:20:00Z","player_anytime_td","Jackson Meeks",5,NA,NA,NA,NA,NA,0.0476190476190476
"2026-09-29T21:39:45Z","2026_04_DET_CAR","a73a76599a4f3422803e57bd8f61b626","2026-10-05T00:20:00Z","player_anytime_td","Jacob Saylors",5,NA,NA,NA,NA,NA,0.0714285714285714
"2026-09-29T21:39:45Z","2026_04_DET_CAR","a73a76599a4f3422803e57bd8f61b626","2026-10-05T00:20:00Z","player_anytime_td","Jahmyr Gibbs",8,NA,NA,NA,NA,NA,0.768716577540107
"2026-09-29T21:39:45Z","2026_04_DET_CAR","a73a76599a4f3422803e57bd8f61b626","2026-10-05T00:20:00Z","player_anytime_td","Jalen Coker",8,NA,NA,NA,NA,NA,0.343788764841396
"2026-09-29T21:39:45Z","2026_04_DET_CAR","a73a76599a4f3422803e57bd8f61b626","2026-10-05T00:20:00Z","player_anytime_td","Jameson Williams",8,NA,NA,NA,NA,NA,0.317540322580645
"2026-09-29T21:39:45Z","2026_04_DET_CAR","a73a76599a4f3422803e57bd8f61b626","2026-10-05T00:20:00Z","player_anytime_td","Jared Goff",8,NA,NA,NA,NA,NA,0.0976190476190476
"2026-09-29T21:39:45Z","2026_04_DET_CAR","a73a76599a4f3422803e57bd8f61b626","2026-10-05T00:20:00Z","player_anytime_td","John Metchie III",5,NA,NA,NA,NA,NA,0.166666666666667
"2026-09-29T21:39:45Z","2026_04_DET_CAR","a73a76599a4f3422803e57bd8f61b626","2026-10-05T00:20:00Z","player_anytime_td","Mitchell Evans",5,NA,NA,NA,NA,NA,0.114285714285714
"2026-09-29T21:39:45Z","2026_04_DET_CAR","a73a76599a4f3422803e57bd8f61b626","2026-10-05T00:20:00Z","player_anytime_td","Sam LaPorta",8,NA,NA,NA,NA,NA,0.349654624365793
"2026-09-29T21:39:45Z","2026_04_DET_CAR","a73a76599a4f3422803e57bd8f61b626","2026-10-05T00:20:00Z","player_anytime_td","Sione Vaki",8,NA,NA,NA,NA,NA,0.143589743589744
"2026-09-29T21:39:45Z","2026_04_DET_CAR","a73a76599a4f3422803e57bd8f61b626","2026-10-05T00:20:00Z","player_anytime_td","Tay Martin",8,NA,NA,NA,NA,NA,0.0344827586206897
"2026-09-29T21:39:45Z","2026_04_DET_CAR","a73a76599a4f3422803e57bd8f61b626","2026-10-05T00:20:00Z","player_anytime_td","Tetairoa McMillan",8,NA,NA,NA,NA,NA,0.454545454545455
"2026-09-29T21:39:45Z","2026_04_DET_CAR","a73a76599a4f3422803e57bd8f61b626","2026-10-05T00:20:00Z","player_anytime_td","Tom Kennedy",8,NA,NA,NA,NA,NA,0.0625
"2026-09-29T21:39:45Z","2026_04_DET_CAR","a73a76599a4f3422803e57bd8f61b626","2026-10-05T00:20:00Z","player_anytime_td","Tommy Tremble",8,NA,NA,NA,NA,NA,0.194633408919123
"2026-09-29T21:39:45Z","2026_04_DET_CAR","a73a76599a4f3422803e57bd8f61b626","2026-10-05T00:20:00Z","player_anytime_td","Tyler Conklin",4,NA,NA,NA,NA,NA,0.0575657894736842
"2026-09-29T21:39:45Z","2026_04_DET_CAR","a73a76599a4f3422803e57bd8f61b626","2026-10-05T00:20:00Z","player_anytime_td","Xavier Legette",5,NA,NA,NA,NA,NA,0.153846153846154
"2026-09-29T21:39:45Z","2026_04_GB_TB","99a9bae4dc0dc2590496bd3102b211f2","2026-10-04T17:00:00Z","player_anytime_td","Bauer Sharp",2,NA,NA,NA,NA,NA,0.0442307692307692
"2026-09-29T21:39:45Z","2026_04_GB_TB","99a9bae4dc0dc2590496bd3102b211f2","2026-10-04T17:00:00Z","player_anytime_td","Bo Melton",2,NA,NA,NA,NA,NA,0.0801282051282051
"2026-09-29T21:39:45Z","2026_04_GB_TB","99a9bae4dc0dc2590496bd3102b211f2","2026-10-04T17:00:00Z","player_anytime_td","Bucky Irving",2,NA,NA,NA,NA,NA,0.459830866807611
"2026-09-29T21:39:45Z","2026_04_GB_TB","99a9bae4dc0dc2590496bd3102b211f2","2026-10-04T17:00:00Z","player_anytime_td","Cade Otton",2,NA,NA,NA,NA,NA,0.225
"2026-09-29T21:39:45Z","2026_04_GB_TB","99a9bae4dc0dc2590496bd3102b211f2","2026-10-04T17:00:00Z","player_anytime_td","Chris Brooks",1,NA,NA,NA,NA,NA,0.181818181818182
"2026-09-29T21:39:45Z","2026_04_GB_TB","99a9bae4dc0dc2590496bd3102b211f2","2026-10-04T17:00:00Z","player_anytime_td","Chris Godwin",2,NA,NA,NA,NA,NA,0.202040816326531
"2026-09-29T21:39:45Z","2026_04_GB_TB","99a9bae4dc0dc2590496bd3102b211f2","2026-10-04T17:00:00Z","player_anytime_td","Christian Watson",2,NA,NA,NA,NA,NA,0.392307692307692
"2026-09-29T21:39:45Z","2026_04_GB_TB","99a9bae4dc0dc2590496bd3102b211f2","2026-10-04T17:00:00Z","player_anytime_td","Emeka Egbuka",2,NA,NA,NA,NA,NA,0.272121436504998
"2026-09-29T21:39:45Z","2026_04_GB_TB","99a9bae4dc0dc2590496bd3102b211f2","2026-10-04T17:00:00Z","player_anytime_td","J. Michael Sturdivant",1,NA,NA,NA,NA,NA,0.0833333333333333
"2026-09-29T21:39:45Z","2026_04_GB_TB","99a9bae4dc0dc2590496bd3102b211f2","2026-10-04T17:00:00Z","player_anytime_td","Jalon Daniels",2,NA,NA,NA,NA,NA,0.213151927437642
"2026-09-29T21:39:45Z","2026_04_GB_TB","99a9bae4dc0dc2590496bd3102b211f2","2026-10-04T17:00:00Z","player_anytime_td","Jonnu Smith",2,NA,NA,NA,NA,NA,0.117647058823529
"2026-09-29T21:39:45Z","2026_04_GB_TB","99a9bae4dc0dc2590496bd3102b211f2","2026-10-04T17:00:00Z","player_anytime_td","Jordan Love",2,NA,NA,NA,NA,NA,0.143589743589744
"2026-09-29T21:39:45Z","2026_04_GB_TB","99a9bae4dc0dc2590496bd3102b211f2","2026-10-04T17:00:00Z","player_anytime_td","Josh Whyle",1,NA,NA,NA,NA,NA,0.0285714285714286
"2026-09-29T21:39:45Z","2026_04_GB_TB","99a9bae4dc0dc2590496bd3102b211f2","2026-10-04T17:00:00Z","player_anytime_td","Kaleb Johnson",2,NA,NA,NA,NA,NA,0.374125874125874
"2026-09-29T21:39:45Z","2026_04_GB_TB","99a9bae4dc0dc2590496bd3102b211f2","2026-10-04T17:00:00Z","player_anytime_td","Kameron Johnson",2,NA,NA,NA,NA,NA,0.0690476190476191
"2026-09-29T21:39:45Z","2026_04_GB_TB","99a9bae4dc0dc2590496bd3102b211f2","2026-10-04T17:00:00Z","player_anytime_td","Kenny Gainwell",2,NA,NA,NA,NA,NA,0.217647058823529
"2026-09-29T21:39:45Z","2026_04_GB_TB","99a9bae4dc0dc2590496bd3102b211f2","2026-10-04T17:00:00Z","player_anytime_td","Ko Kieft",2,NA,NA,NA,NA,NA,0.0372413793103448
"2026-09-29T21:39:45Z","2026_04_GB_TB","99a9bae4dc0dc2590496bd3102b211f2","2026-10-04T17:00:00Z","player_anytime_td","MarShawn Lloyd",2,NA,NA,NA,NA,NA,0.339080459770115
"2026-09-29T21:39:45Z","2026_04_GB_TB","99a9bae4dc0dc2590496bd3102b211f2","2026-10-04T17:00:00Z","player_anytime_td","Mark Redman",2,NA,NA,NA,NA,NA,0.045
"2026-09-29T21:39:45Z","2026_04_GB_TB","99a9bae4dc0dc2590496bd3102b211f2","2026-10-04T17:00:00Z","player_anytime_td","Matthew Golden",2,NA,NA,NA,NA,NA,0.35625
"2026-09-29T21:39:45Z","2026_04_GB_TB","99a9bae4dc0dc2590496bd3102b211f2","2026-10-04T17:00:00Z","player_anytime_td","Payne Durham",2,NA,NA,NA,NA,NA,0.0714285714285714
"2026-09-29T21:39:45Z","2026_04_GB_TB","99a9bae4dc0dc2590496bd3102b211f2","2026-10-04T17:00:00Z","player_anytime_td","Sean Tucker",2,NA,NA,NA,NA,NA,0.105555555555556
"2026-09-29T21:39:45Z","2026_04_GB_TB","99a9bae4dc0dc2590496bd3102b211f2","2026-10-04T17:00:00Z","player_anytime_td","Skyy Moore",2,NA,NA,NA,NA,NA,0.174074074074074
"2026-09-29T21:39:45Z","2026_04_GB_TB","99a9bae4dc0dc2590496bd3102b211f2","2026-10-04T17:00:00Z","player_anytime_td","Ted Hurst III",2,NA,NA,NA,NA,NA,0.188948306595365
"2026-09-29T21:39:45Z","2026_04_GB_TB","99a9bae4dc0dc2590496bd3102b211f2","2026-10-04T17:00:00Z","player_anytime_td","Tez Johnson",2,NA,NA,NA,NA,NA,0.11437908496732
"2026-09-29T21:39:45Z","2026_04_GB_TB","99a9bae4dc0dc2590496bd3102b211f2","2026-10-04T17:00:00Z","player_anytime_td","Tucker Kraft",2,NA,NA,NA,NA,NA,0.282193958664547
"2026-09-29T21:39:45Z","2026_04_IND_WAS","c9d8ed8aa4889486eaf10a630138ede0","2026-10-04T13:30:00Z","player_anytime_td","Anthony Gould",7,NA,NA,NA,NA,NA,0.0625
"2026-09-29T21:39:45Z","2026_04_IND_WAS","c9d8ed8aa4889486eaf10a630138ede0","2026-10-04T13:30:00Z","player_anytime_td","Antonio Williams",8,NA,NA,NA,NA,NA,0.153846153846154
"2026-09-29T21:39:45Z","2026_04_IND_WAS","c9d8ed8aa4889486eaf10a630138ede0","2026-10-04T13:30:00Z","player_anytime_td","Ashton Dulin",2,NA,NA,NA,NA,NA,0.100250626566416
"2026-09-29T21:39:45Z","2026_04_IND_WAS","c9d8ed8aa4889486eaf10a630138ede0","2026-10-04T13:30:00Z","player_anytime_td","Ben Sinnott",7,NA,NA,NA,NA,NA,0.133333333333333
"2026-09-29T21:39:45Z","2026_04_IND_WAS","c9d8ed8aa4889486eaf10a630138ede0","2026-10-04T13:30:00Z","player_anytime_td","Chig Okonkwo",8,NA,NA,NA,NA,NA,0.2
"2026-09-29T21:39:45Z","2026_04_IND_WAS","c9d8ed8aa4889486eaf10a630138ede0","2026-10-04T13:30:00Z","player_anytime_td","Colson Yankoff",3,NA,NA,NA,NA,NA,0.0625
"2026-09-29T21:39:45Z","2026_04_IND_WAS","c9d8ed8aa4889486eaf10a630138ede0","2026-10-04T13:30:00Z","player_anytime_td","DJ Giddens",2,NA,NA,NA,NA,NA,0.0773809523809524
"2026-09-29T21:39:45Z","2026_04_IND_WAS","c9d8ed8aa4889486eaf10a630138ede0","2026-10-04T13:30:00Z","player_anytime_td","Daniel Jones",8,NA,NA,NA,NA,NA,0.198039215686275
"2026-09-29T21:39:45Z","2026_04_IND_WAS","c9d8ed8aa4889486eaf10a630138ede0","2026-10-04T13:30:00Z","player_anytime_td","Darius Slayton",7,NA,NA,NA,NA,NA,0.153846153846154
"2026-09-29T21:39:45Z","2026_04_IND_WAS","c9d8ed8aa4889486eaf10a630138ede0","2026-10-04T13:30:00Z","player_anytime_td","Deion Burks",4,NA,NA,NA,NA,NA,0.0769230769230769
"2026-09-29T21:39:45Z","2026_04_IND_WAS","c9d8ed8aa4889486eaf10a630138ede0","2026-10-04T13:30:00Z","player_anytime_td","Drew Ogletree",4,NA,NA,NA,NA,NA,0.0669642857142857
"2026-09-29T21:39:45Z","2026_04_IND_WAS","c9d8ed8aa4889486eaf10a630138ede0","2026-10-04T13:30:00Z","player_anytime_td","Dyami Brown",8,NA,NA,NA,NA,NA,0.120071684587814
"2026-09-29T21:39:45Z","2026_04_IND_WAS","c9d8ed8aa4889486eaf10a630138ede0","2026-10-04T13:30:00Z","player_anytime_td","Jacory Croskey-Merritt",8,NA,NA,NA,NA,NA,0.481997677119628
"2026-09-29T21:39:45Z","2026_04_IND_WAS","c9d8ed8aa4889486eaf10a630138ede0","2026-10-04T13:30:00Z","player_anytime_td","Jaylin Lane",8,NA,NA,NA,NA,NA,0.0645833333333333
"2026-09-29T21:39:45Z","2026_04_IND_WAS","c9d8ed8aa4889486eaf10a630138ede0","2026-10-04T13:30:00Z","player_anytime_td","John Bates",8,NA,NA,NA,NA,NA,0.123106060606061
"2026-09-29T21:39:45Z","2026_04_IND_WAS","c9d8ed8aa4889486eaf10a630138ede0","2026-10-04T13:30:00Z","player_anytime_td","Jonathan Taylor",8,NA,NA,NA,NA,NA,0.735087719298246
"2026-09-29T21:39:45Z","2026_04_IND_WAS","c9d8ed8aa4889486eaf10a630138ede0","2026-10-04T13:30:00Z","player_anytime_td","Josh Downs",8,NA,NA,NA,NA,NA,0.353374539551726
"2026-09-29T21:39:45Z","2026_04_IND_WAS","c9d8ed8aa4889486eaf10a630138ede0","2026-10-04T13:30:00Z","player_anytime_td","Kaytron Allen",8,NA,NA,NA,NA,NA,0.0833333333333333
"2026-09-29T21:39:45Z","2026_04_IND_WAS","c9d8ed8aa4889486eaf10a630138ede0","2026-10-04T13:30:00Z","player_anytime_td","Keenan Allen",8,NA,NA,NA,NA,NA,0.277831371792398
"2026-09-29T21:39:45Z","2026_04_IND_WAS","c9d8ed8aa4889486eaf10a630138ede0","2026-10-04T13:30:00Z","player_anytime_td","Laquon Treadwell",7,NA,NA,NA,NA,NA,0.172413793103448
"2026-09-29T21:39:45Z","2026_04_IND_WAS","c9d8ed8aa4889486eaf10a630138ede0","2026-10-04T13:30:00Z","player_anytime_td","Luke McCaffrey",3,NA,NA,NA,NA,NA,0.0666666666666667
"2026-09-29T21:39:45Z","2026_04_IND_WAS","c9d8ed8aa4889486eaf10a630138ede0","2026-10-04T13:30:00Z","player_anytime_td","Marcus Mariota",8,NA,NA,NA,NA,NA,0.206207482993197
"2026-09-29T21:39:45Z","2026_04_IND_WAS","c9d8ed8aa4889486eaf10a630138ede0","2026-10-04T13:30:00Z","player_anytime_td","Mo Alie-Cox",8,NA,NA,NA,NA,NA,0.0833333333333333
"2026-09-29T21:39:45Z","2026_04_IND_WAS","c9d8ed8aa4889486eaf10a630138ede0","2026-10-04T13:30:00Z","player_anytime_td","Rachaad White",8,NA,NA,NA,NA,NA,0.283816425120773
"2026-09-29T21:39:45Z","2026_04_IND_WAS","c9d8ed8aa4889486eaf10a630138ede0","2026-10-04T13:30:00Z","player_anytime_td","Seth McGowan",8,NA,NA,NA,NA,NA,0.117647058823529
"2026-09-29T21:39:45Z","2026_04_IND_WAS","c9d8ed8aa4889486eaf10a630138ede0","2026-10-04T13:30:00Z","player_anytime_td","Stefon Diggs",8,NA,NA,NA,NA,NA,0.281746031746032
"2026-09-29T21:39:45Z","2026_04_IND_WAS","c9d8ed8aa4889486eaf10a630138ede0","2026-10-04T13:30:00Z","player_anytime_td","Terry McLaurin",8,NA,NA,NA,NA,NA,0.303030303030303
"2026-09-29T21:39:45Z","2026_04_IND_WAS","c9d8ed8aa4889486eaf10a630138ede0","2026-10-04T13:30:00Z","player_anytime_td","Treylon Burks",8,NA,NA,NA,NA,NA,0.1
"2026-09-29T21:39:45Z","2026_04_IND_WAS","c9d8ed8aa4889486eaf10a630138ede0","2026-10-04T13:30:00Z","player_anytime_td","Tyler Warren",8,NA,NA,NA,NA,NA,0.387620192307692
"2026-09-29T21:39:45Z","2026_04_JAX_CIN","2ea94ddf20f66432b9024fe2e2eaba5f","2026-10-04T17:00:00Z","player_anytime_td","Ameer Abdullah",7,NA,NA,NA,NA,NA,0.1
"2026-09-29T21:39:45Z","2026_04_JAX_CIN","2ea94ddf20f66432b9024fe2e2eaba5f","2026-10-04T17:00:00Z","player_anytime_td","Bhayshul Tuten",7,NA,NA,NA,NA,NA,0.516908212560386
"2026-09-29T21:39:45Z","2026_04_JAX_CIN","2ea94ddf20f66432b9024fe2e2eaba5f","2026-10-04T17:00:00Z","player_anytime_td","Brenton Strange",7,NA,NA,NA,NA,NA,0.285714285714286
"2026-09-29T21:39:45Z","2026_04_JAX_CIN","2ea94ddf20f66432b9024fe2e2eaba5f","2026-10-04T17:00:00Z","player_anytime_td","Brian Thomas Jr",7,NA,NA,NA,NA,NA,0.227272727272727
"2026-09-29T21:39:45Z","2026_04_JAX_CIN","2ea94ddf20f66432b9024fe2e2eaba5f","2026-10-04T17:00:00Z","player_anytime_td","CJ Williams",2,NA,NA,NA,NA,NA,0.0654761904761905
"2026-09-29T21:39:45Z","2026_04_JAX_CIN","2ea94ddf20f66432b9024fe2e2eaba5f","2026-10-04T17:00:00Z","player_anytime_td","Chase Brown",7,NA,NA,NA,NA,NA,0.622641509433962
"2026-09-29T21:39:45Z","2026_04_JAX_CIN","2ea94ddf20f66432b9024fe2e2eaba5f","2026-10-04T17:00:00Z","player_anytime_td","Chris Rodriguez Jr.",7,NA,NA,NA,NA,NA,0.27027027027027
"2026-09-29T21:39:45Z","2026_04_JAX_CIN","2ea94ddf20f66432b9024fe2e2eaba5f","2026-10-04T17:00:00Z","player_anytime_td","Colbie Young",6,NA,NA,NA,NA,NA,0.0833333333333333
"2026-09-29T21:39:45Z","2026_04_JAX_CIN","2ea94ddf20f66432b9024fe2e2eaba5f","2026-10-04T17:00:00Z","player_anytime_td","Dohnte Meyers",7,NA,NA,NA,NA,NA,0.181818181818182
"2026-09-29T21:39:45Z","2026_04_JAX_CIN","2ea94ddf20f66432b9024fe2e2eaba5f","2026-10-04T17:00:00Z","player_anytime_td","Drew Sample",7,NA,NA,NA,NA,NA,0.111111111111111
"2026-09-29T21:39:45Z","2026_04_JAX_CIN","2ea94ddf20f66432b9024fe2e2eaba5f","2026-10-04T17:00:00Z","player_anytime_td","Erick All",7,NA,NA,NA,NA,NA,0.105263157894737
"2026-09-29T21:39:45Z","2026_04_JAX_CIN","2ea94ddf20f66432b9024fe2e2eaba5f","2026-10-04T17:00:00Z","player_anytime_td","Ja'Marr Chase",7,NA,NA,NA,NA,NA,0.523809523809524
"2026-09-29T21:39:45Z","2026_04_JAX_CIN","2ea94ddf20f66432b9024fe2e2eaba5f","2026-10-04T17:00:00Z","player_anytime_td","Jack Endries",4,NA,NA,NA,NA,NA,0.0871212121212121
"2026-09-29T21:39:45Z","2026_04_JAX_CIN","2ea94ddf20f66432b9024fe2e2eaba5f","2026-10-04T17:00:00Z","player_anytime_td","Jakobi Meyers",7,NA,NA,NA,NA,NA,0.289855072463768
"2026-09-29T21:39:45Z","2026_04_JAX_CIN","2ea94ddf20f66432b9024fe2e2eaba5f","2026-10-04T17:00:00Z","player_anytime_td","Joe Burrow",7,NA,NA,NA,NA,NA,0.1
"2026-09-29T21:39:45Z","2026_04_JAX_CIN","2ea94ddf20f66432b9024fe2e2eaba5f","2026-10-04T17:00:00Z","player_anytime_td","Josh Cameron",7,NA,NA,NA,NA,NA,0.125
"2026-09-29T21:39:45Z","2026_04_JAX_CIN","2ea94ddf20f66432b9024fe2e2eaba5f","2026-10-04T17:00:00Z","player_anytime_td","Ke'Shawn Williams",4,NA,NA,NA,NA,NA,0.0690476190476191
"2026-09-29T21:39:45Z","2026_04_JAX_CIN","2ea94ddf20f66432b9024fe2e2eaba5f","2026-10-04T17:00:00Z","player_anytime_td","LeQuint Allen Jr.",7,NA,NA,NA,NA,NA,0.0952380952380952
"2026-09-29T21:39:45Z","2026_04_JAX_CIN","2ea94ddf20f66432b9024fe2e2eaba5f","2026-10-04T17:00:00Z","player_anytime_td","Mike Gesicki",7,NA,NA,NA,NA,NA,0.25
"2026-09-29T21:39:45Z","2026_04_JAX_CIN","2ea94ddf20f66432b9024fe2e2eaba5f","2026-10-04T17:00:00Z","player_anytime_td","Nate Boerkircher",7,NA,NA,NA,NA,NA,0.0833333333333333
"2026-09-29T21:39:45Z","2026_04_JAX_CIN","2ea94ddf20f66432b9024fe2e2eaba5f","2026-10-04T17:00:00Z","player_anytime_td","Parker Washington",7,NA,NA,NA,NA,NA,0.408163265306122
"2026-09-29T21:39:45Z","2026_04_JAX_CIN","2ea94ddf20f66432b9024fe2e2eaba5f","2026-10-04T17:00:00Z","player_anytime_td","Quintin Morris",7,NA,NA,NA,NA,NA,0.0666666666666667
"2026-09-29T21:39:45Z","2026_04_JAX_CIN","2ea94ddf20f66432b9024fe2e2eaba5f","2026-10-04T17:00:00Z","player_anytime_td","Samaje Perine",7,NA,NA,NA,NA,NA,0.185185185185185
"2026-09-29T21:39:45Z","2026_04_JAX_CIN","2ea94ddf20f66432b9024fe2e2eaba5f","2026-10-04T17:00:00Z","player_anytime_td","Tahj Brooks",5,NA,NA,NA,NA,NA,0.05
"2026-09-29T21:39:45Z","2026_04_JAX_CIN","2ea94ddf20f66432b9024fe2e2eaba5f","2026-10-04T17:00:00Z","player_anytime_td","Tanner Hudson",1,NA,NA,NA,NA,NA,0.0952380952380952
"2026-09-29T21:39:45Z","2026_04_JAX_CIN","2ea94ddf20f66432b9024fe2e2eaba5f","2026-10-04T17:00:00Z","player_anytime_td","Tanner Koziol",7,NA,NA,NA,NA,NA,0.0384615384615385
"2026-09-29T21:39:45Z","2026_04_JAX_CIN","2ea94ddf20f66432b9024fe2e2eaba5f","2026-10-04T17:00:00Z","player_anytime_td","Tee Higgins",7,NA,NA,NA,NA,NA,0.416666666666667
"2026-09-29T21:39:45Z","2026_04_JAX_CIN","2ea94ddf20f66432b9024fe2e2eaba5f","2026-10-04T17:00:00Z","player_anytime_td","Travis Hunter",7,NA,NA,NA,NA,NA,0.0740740740740741
"2026-09-29T21:39:45Z","2026_04_JAX_CIN","2ea94ddf20f66432b9024fe2e2eaba5f","2026-10-04T17:00:00Z","player_anytime_td","Trevor Lawrence",7,NA,NA,NA,NA,NA,0.24390243902439
"2026-09-29T21:39:45Z","2026_04_KC_LV","e0cbd266dcf997089203a1b33ba0333d","2026-10-04T20:25:00Z","player_anytime_td","Ashton Jeanty",7,NA,NA,NA,NA,NA,0.574468085106383
"2026-09-29T21:39:45Z","2026_04_KC_LV","e0cbd266dcf997089203a1b33ba0333d","2026-10-04T20:25:00Z","player_anytime_td","Ben VanSumeren",2,NA,NA,NA,NA,NA,0.0360248447204969
"2026-09-29T21:39:45Z","2026_04_KC_LV","e0cbd266dcf997089203a1b33ba0333d","2026-10-04T20:25:00Z","player_anytime_td","Brashard Smith",6,NA,NA,NA,NA,NA,0.133928571428571
"2026-09-29T21:39:45Z","2026_04_KC_LV","e0cbd266dcf997089203a1b33ba0333d","2026-10-04T20:25:00Z","player_anytime_td","Brock Bowers",7,NA,NA,NA,NA,NA,0.357142857142857
"2026-09-29T21:39:45Z","2026_04_KC_LV","e0cbd266dcf997089203a1b33ba0333d","2026-10-04T20:25:00Z","player_anytime_td","Cody White",5,NA,NA,NA,NA,NA,0.142857142857143
"2026-09-29T21:39:45Z","2026_04_KC_LV","e0cbd266dcf997089203a1b33ba0333d","2026-10-04T20:25:00Z","player_anytime_td","Connor Heyward",7,NA,NA,NA,NA,NA,0.0555555555555556
"2026-09-29T21:39:45Z","2026_04_KC_LV","e0cbd266dcf997089203a1b33ba0333d","2026-10-04T20:25:00Z","player_anytime_td","Cyrus Allen",2,NA,NA,NA,NA,NA,0.0654545454545455
"2026-09-29T21:39:45Z","2026_04_KC_LV","e0cbd266dcf997089203a1b33ba0333d","2026-10-04T20:25:00Z","player_anytime_td","Dareke Young",6,NA,NA,NA,NA,NA,0.0717948717948718
"2026-09-29T21:39:45Z","2026_04_KC_LV","e0cbd266dcf997089203a1b33ba0333d","2026-10-04T20:25:00Z","player_anytime_td","Dylan Laube",4,NA,NA,NA,NA,NA,0.0801282051282051
"2026-09-29T21:39:45Z","2026_04_KC_LV","e0cbd266dcf997089203a1b33ba0333d","2026-10-04T20:25:00Z","player_anytime_td","Emmett Johnson",7,NA,NA,NA,NA,NA,0.204081632653061
"2026-09-29T21:39:45Z","2026_04_KC_LV","e0cbd266dcf997089203a1b33ba0333d","2026-10-04T20:25:00Z","player_anytime_td","Ian Thomas",2,NA,NA,NA,NA,NA,0.0611111111111111
"2026-09-29T21:39:45Z","2026_04_KC_LV","e0cbd266dcf997089203a1b33ba0333d","2026-10-04T20:25:00Z","player_anytime_td","Jack Bech",1,NA,NA,NA,NA,NA,0.133333333333333
"2026-09-29T21:39:45Z","2026_04_KC_LV","e0cbd266dcf997089203a1b33ba0333d","2026-10-04T20:25:00Z","player_anytime_td","Jake Briningstool",2,NA,NA,NA,NA,NA,0.0611111111111111
"2026-09-29T21:39:45Z","2026_04_KC_LV","e0cbd266dcf997089203a1b33ba0333d","2026-10-04T20:25:00Z","player_anytime_td","Jalen Nailor",7,NA,NA,NA,NA,NA,0.185185185185185
"2026-09-29T21:39:45Z","2026_04_KC_LV","e0cbd266dcf997089203a1b33ba0333d","2026-10-04T20:25:00Z","player_anytime_td","Jalen Royals",6,NA,NA,NA,NA,NA,0.105263157894737
"2026-09-29T21:39:45Z","2026_04_KC_LV","e0cbd266dcf997089203a1b33ba0333d","2026-10-04T20:25:00Z","player_anytime_td","Jared Wiley",2,NA,NA,NA,NA,NA,0.0571428571428571
"2026-09-29T21:39:45Z","2026_04_KC_LV","e0cbd266dcf997089203a1b33ba0333d","2026-10-04T20:25:00Z","player_anytime_td","Kenneth Walker III",7,NA,NA,NA,NA,NA,0.63768115942029
"2026-09-29T21:39:45Z","2026_04_KC_LV","e0cbd266dcf997089203a1b33ba0333d","2026-10-04T20:25:00Z","player_anytime_td","Kirk Cousins",7,NA,NA,NA,NA,NA,0.0714285714285714
"2026-09-29T21:39:45Z","2026_04_KC_LV","e0cbd266dcf997089203a1b33ba0333d","2026-10-04T20:25:00Z","player_anytime_td","Malik Benson",7,NA,NA,NA,NA,NA,0.0833333333333333
"2026-09-29T21:39:45Z","2026_04_KC_LV","e0cbd266dcf997089203a1b33ba0333d","2026-10-04T20:25:00Z","player_anytime_td","Michael Mayer",7,NA,NA,NA,NA,NA,0.222222222222222
"2026-09-29T21:39:45Z","2026_04_KC_LV","e0cbd266dcf997089203a1b33ba0333d","2026-10-04T20:25:00Z","player_anytime_td","Mike Washington Jr.",7,NA,NA,NA,NA,NA,0.2
"2026-09-29T21:39:45Z","2026_04_KC_LV","e0cbd266dcf997089203a1b33ba0333d","2026-10-04T20:25:00Z","player_anytime_td","Nikko Remigio",6,NA,NA,NA,NA,NA,0.0444664031620553
"2026-09-29T21:39:45Z","2026_04_KC_LV","e0cbd266dcf997089203a1b33ba0333d","2026-10-04T20:25:00Z","player_anytime_td","Noah Gray",7,NA,NA,NA,NA,NA,0.137931034482759
"2026-09-29T21:39:45Z","2026_04_KC_LV","e0cbd266dcf997089203a1b33ba0333d","2026-10-04T20:25:00Z","player_anytime_td","Patrick Mahomes",7,NA,NA,NA,NA,NA,0.2
"2026-09-29T21:39:45Z","2026_04_KC_LV","e0cbd266dcf997089203a1b33ba0333d","2026-10-04T20:25:00Z","player_anytime_td","Rashee Rice",7,NA,NA,NA,NA,NA,0.363636363636364
"2026-09-29T21:39:45Z","2026_04_KC_LV","e0cbd266dcf997089203a1b33ba0333d","2026-10-04T20:25:00Z","player_anytime_td","Travis Kelce",7,NA,NA,NA,NA,NA,0.390625
"2026-09-29T21:39:45Z","2026_04_KC_LV","e0cbd266dcf997089203a1b33ba0333d","2026-10-04T20:25:00Z","player_anytime_td","Tre Tucker",7,NA,NA,NA,NA,NA,0.25974025974026
"2026-09-29T21:39:45Z","2026_04_KC_LV","e0cbd266dcf997089203a1b33ba0333d","2026-10-04T20:25:00Z","player_anytime_td","Tyquan Thornton",7,NA,NA,NA,NA,NA,0.188679245283019
"2026-09-29T21:39:45Z","2026_04_KC_LV","e0cbd266dcf997089203a1b33ba0333d","2026-10-04T20:25:00Z","player_anytime_td","Xavier Worthy",7,NA,NA,NA,NA,NA,0.294117647058824
"2026-09-29T21:39:45Z","2026_04_LAC_SEA","96d2373cda647873b971f268482bced0","2026-10-04T20:25:00Z","player_anytime_td","AJ Barner",2,NA,NA,NA,NA,NA,0.305555555555556
"2026-09-29T21:39:45Z","2026_04_LAC_SEA","96d2373cda647873b971f268482bced0","2026-10-04T20:25:00Z","player_anytime_td","Alec Ingold",2,NA,NA,NA,NA,NA,0.0513157894736842
"2026-09-29T21:39:45Z","2026_04_LAC_SEA","96d2373cda647873b971f268482bced0","2026-10-04T20:25:00Z","player_anytime_td","Brady Russell",2,NA,NA,NA,NA,NA,0.0694444444444444
"2026-09-29T21:39:45Z","2026_04_LAC_SEA","96d2373cda647873b971f268482bced0","2026-10-04T20:25:00Z","player_anytime_td","Brenen Thompson",1,NA,NA,NA,NA,NA,0.0833333333333333
"2026-09-29T21:39:45Z","2026_04_LAC_SEA","96d2373cda647873b971f268482bced0","2026-10-04T20:25:00Z","player_anytime_td","Cooper Kupp",2,NA,NA,NA,NA,NA,0.239316239316239
"2026-09-29T21:39:45Z","2026_04_LAC_SEA","96d2373cda647873b971f268482bced0","2026-10-04T20:25:00Z","player_anytime_td","Derius Davis",2,NA,NA,NA,NA,NA,0.075
"2026-09-29T21:39:45Z","2026_04_LAC_SEA","96d2373cda647873b971f268482bced0","2026-10-04T20:25:00Z","player_anytime_td","Elijah Arroyo",2,NA,NA,NA,NA,NA,0.100490196078431
"2026-09-29T21:39:45Z","2026_04_LAC_SEA","96d2373cda647873b971f268482bced0","2026-10-04T20:25:00Z","player_anytime_td","Emanuel Wilson",2,NA,NA,NA,NA,NA,0.436210131332083
"2026-09-29T21:39:45Z","2026_04_LAC_SEA","96d2373cda647873b971f268482bced0","2026-10-04T20:25:00Z","player_anytime_td","Eric Saubert",2,NA,NA,NA,NA,NA,0.108333333333333
"2026-09-29T21:39:45Z","2026_04_LAC_SEA","96d2373cda647873b971f268482bced0","2026-10-04T20:25:00Z","player_anytime_td","George Holani",2,NA,NA,NA,NA,NA,0.38515406162465
"2026-09-29T21:39:45Z","2026_04_LAC_SEA","96d2373cda647873b971f268482bced0","2026-10-04T20:25:00Z","player_anytime_td","Hayden Rucci",2,NA,NA,NA,NA,NA,0.0450191570881226
"2026-09-29T21:39:45Z","2026_04_LAC_SEA","96d2373cda647873b971f268482bced0","2026-10-04T20:25:00Z","player_anytime_td","Jadarian Price",2,NA,NA,NA,NA,NA,0.451712420638469
"2026-09-29T21:39:45Z","2026_04_LAC_SEA","96d2373cda647873b971f268482bced0","2026-10-04T20:25:00Z","player_anytime_td","Jaxon Smith-Njigba",5,NA,NA,NA,NA,NA,0.555555555555556
"2026-09-29T21:39:45Z","2026_04_LAC_SEA","96d2373cda647873b971f268482bced0","2026-10-04T20:25:00Z","player_anytime_td","Justin Herbert",2,NA,NA,NA,NA,NA,0.174074074074074
"2026-09-29T21:39:45Z","2026_04_LAC_SEA","96d2373cda647873b971f268482bced0","2026-10-04T20:25:00Z","player_anytime_td","Keaton Mitchell",2,NA,NA,NA,NA,NA,0.212860310421286
"2026-09-29T21:39:45Z","2026_04_LAC_SEA","96d2373cda647873b971f268482bced0","2026-10-04T20:25:00Z","player_anytime_td","Kimani Vidal",2,NA,NA,NA,NA,NA,0.130252100840336
"2026-09-29T21:39:45Z","2026_04_LAC_SEA","96d2373cda647873b971f268482bced0","2026-10-04T20:25:00Z","player_anytime_td","Ladd McConkey",2,NA,NA,NA,NA,NA,0.291385135135135
"2026-09-29T21:39:45Z","2026_04_LAC_SEA","96d2373cda647873b971f268482bced0","2026-10-04T20:25:00Z","player_anytime_td","Marquez Valdes-Scantling",2,NA,NA,NA,NA,NA,0.0634057971014493
"2026-09-29T21:39:45Z","2026_04_LAC_SEA","96d2373cda647873b971f268482bced0","2026-10-04T20:25:00Z","player_anytime_td","Montorie Foster Jr.",2,NA,NA,NA,NA,NA,0.0666666666666667
"2026-09-29T21:39:45Z","2026_04_LAC_SEA","96d2373cda647873b971f268482bced0","2026-10-04T20:25:00Z","player_anytime_td","Nick Kallerup",2,NA,NA,NA,NA,NA,0.0607142857142857
"2026-09-29T21:39:45Z","2026_04_LAC_SEA","96d2373cda647873b971f268482bced0","2026-10-04T20:25:00Z","player_anytime_td","Omarion Hampton",5,NA,NA,NA,NA,NA,0.555555555555556
"2026-09-29T21:39:45Z","2026_04_LAC_SEA","96d2373cda647873b971f268482bced0","2026-10-04T20:25:00Z","player_anytime_td","Oronde Gadsden II",2,NA,NA,NA,NA,NA,0.21968787515006
"2026-09-29T21:39:45Z","2026_04_LAC_SEA","96d2373cda647873b971f268482bced0","2026-10-04T20:25:00Z","player_anytime_td","Patrick Herbert",1,NA,NA,NA,NA,NA,0.0434782608695652
"2026-09-29T21:39:45Z","2026_04_LAC_SEA","96d2373cda647873b971f268482bced0","2026-10-04T20:25:00Z","player_anytime_td","Quentin Johnston",2,NA,NA,NA,NA,NA,0.254633360193392
"2026-09-29T21:39:45Z","2026_04_LAC_SEA","96d2373cda647873b971f268482bced0","2026-10-04T20:25:00Z","player_anytime_td","Rashid Shaheed",2,NA,NA,NA,NA,NA,0.25
"2026-09-29T21:39:45Z","2026_04_LAC_SEA","96d2373cda647873b971f268482bced0","2026-10-04T20:25:00Z","player_anytime_td","Sam Darnold",2,NA,NA,NA,NA,NA,0.12406015037594
"2026-09-29T21:39:45Z","2026_04_LAC_SEA","96d2373cda647873b971f268482bced0","2026-10-04T20:25:00Z","player_anytime_td","Tory Horton",2,NA,NA,NA,NA,NA,0.136574074074074
"2026-09-29T21:39:45Z","2026_04_LAC_SEA","96d2373cda647873b971f268482bced0","2026-10-04T20:25:00Z","player_anytime_td","Tre Harris",2,NA,NA,NA,NA,NA,0.194444444444444
"2026-09-29T21:39:45Z","2026_04_LA_PHI","1b4f2e60ce83fa1d63a5dff83769d27c","2026-10-04T17:00:00Z","player_anytime_td","Blake Corum",5,NA,NA,NA,NA,NA,0.277777777777778
"2026-09-29T21:39:45Z","2026_04_LA_PHI","1b4f2e60ce83fa1d63a5dff83769d27c","2026-10-04T17:00:00Z","player_anytime_td","Britain Covey",1,NA,NA,NA,NA,NA,0.0526315789473684
"2026-09-29T21:39:45Z","2026_04_LA_PHI","1b4f2e60ce83fa1d63a5dff83769d27c","2026-10-04T17:00:00Z","player_anytime_td","CJ Daniels",1,NA,NA,NA,NA,NA,0.0833333333333333
"2026-09-29T21:39:45Z","2026_04_LA_PHI","1b4f2e60ce83fa1d63a5dff83769d27c","2026-10-04T17:00:00Z","player_anytime_td","Colby Parkinson",4,NA,NA,NA,NA,NA,0.227272727272727
"2026-09-29T21:39:45Z","2026_04_LA_PHI","1b4f2e60ce83fa1d63a5dff83769d27c","2026-10-04T17:00:00Z","player_anytime_td","Darius Cooper",1,NA,NA,NA,NA,NA,0.0555555555555556
"2026-09-29T21:39:45Z","2026_04_LA_PHI","1b4f2e60ce83fa1d63a5dff83769d27c","2026-10-04T17:00:00Z","player_anytime_td","Davante Adams",5,NA,NA,NA,NA,NA,0.514563106796116
"2026-09-29T21:39:45Z","2026_04_LA_PHI","1b4f2e60ce83fa1d63a5dff83769d27c","2026-10-04T17:00:00Z","player_anytime_td","Davis Allen",4,NA,NA,NA,NA,NA,0.125
"2026-09-29T21:39:45Z","2026_04_LA_PHI","1b4f2e60ce83fa1d63a5dff83769d27c","2026-10-04T17:00:00Z","player_anytime_td","DeVonta Smith",5,NA,NA,NA,NA,NA,0.344827586206897
"2026-09-29T21:39:45Z","2026_04_LA_PHI","1b4f2e60ce83fa1d63a5dff83769d27c","2026-10-04T17:00:00Z","player_anytime_td","Dontayvion Wicks",5,NA,NA,NA,NA,NA,0.227272727272727
"2026-09-29T21:39:45Z","2026_04_LA_PHI","1b4f2e60ce83fa1d63a5dff83769d27c","2026-10-04T17:00:00Z","player_anytime_td","E.J. Jenkins",1,NA,NA,NA,NA,NA,0.0714285714285714
"2026-09-29T21:39:45Z","2026_04_LA_PHI","1b4f2e60ce83fa1d63a5dff83769d27c","2026-10-04T17:00:00Z","player_anytime_td","Elijah Moore",1,NA,NA,NA,NA,NA,0.0277777777777778
"2026-09-29T21:39:45Z","2026_04_LA_PHI","1b4f2e60ce83fa1d63a5dff83769d27c","2026-10-04T17:00:00Z","player_anytime_td","Jalen Hurts",5,NA,NA,NA,NA,NA,0.363636363636364
"2026-09-29T21:39:45Z","2026_04_LA_PHI","1b4f2e60ce83fa1d63a5dff83769d27c","2026-10-04T17:00:00Z","player_anytime_td","Johnny Mundt",5,NA,NA,NA,NA,NA,0.111111111111111
"2026-09-29T21:39:45Z","2026_04_LA_PHI","1b4f2e60ce83fa1d63a5dff83769d27c","2026-10-04T17:00:00Z","player_anytime_td","Jordan Whittington",1,NA,NA,NA,NA,NA,0.148148148148148
"2026-09-29T21:39:45Z","2026_04_LA_PHI","1b4f2e60ce83fa1d63a5dff83769d27c","2026-10-04T17:00:00Z","player_anytime_td","Konata Mumpfield",5,NA,NA,NA,NA,NA,0.208333333333333
"2026-09-29T21:39:45Z","2026_04_LA_PHI","1b4f2e60ce83fa1d63a5dff83769d27c","2026-10-04T17:00:00Z","player_anytime_td","Kyren Williams",5,NA,NA,NA,NA,NA,0.534883720930233
"2026-09-29T21:39:45Z","2026_04_LA_PHI","1b4f2e60ce83fa1d63a5dff83769d27c","2026-10-04T17:00:00Z","player_anytime_td","Makai Lemon",5,NA,NA,NA,NA,NA,0.173913043478261
"2026-09-29T21:39:45Z","2026_04_LA_PHI","1b4f2e60ce83fa1d63a5dff83769d27c","2026-10-04T17:00:00Z","player_anytime_td","Matthew Stafford",4,NA,NA,NA,NA,NA,0.0513157894736842
"2026-09-29T21:39:45Z","2026_04_LA_PHI","1b4f2e60ce83fa1d63a5dff83769d27c","2026-10-04T17:00:00Z","player_anytime_td","Max Klare",1,NA,NA,NA,NA,NA,0.105263157894737
"2026-09-29T21:39:45Z","2026_04_LA_PHI","1b4f2e60ce83fa1d63a5dff83769d27c","2026-10-04T17:00:00Z","player_anytime_td","Puka Nacua",1,NA,NA,NA,NA,NA,0.5
"2026-09-29T21:39:45Z","2026_04_LA_PHI","1b4f2e60ce83fa1d63a5dff83769d27c","2026-10-04T17:00:00Z","player_anytime_td","Saquon Barkley",5,NA,NA,NA,NA,NA,0.490196078431373
"2026-09-29T21:39:45Z","2026_04_LA_PHI","1b4f2e60ce83fa1d63a5dff83769d27c","2026-10-04T17:00:00Z","player_anytime_td","Tank Bigsby",4,NA,NA,NA,NA,NA,0.125
"2026-09-29T21:39:45Z","2026_04_LA_PHI","1b4f2e60ce83fa1d63a5dff83769d27c","2026-10-04T17:00:00Z","player_anytime_td","Tutu Atwell",1,NA,NA,NA,NA,NA,0.0833333333333333
"2026-09-29T21:39:45Z","2026_04_LA_PHI","1b4f2e60ce83fa1d63a5dff83769d27c","2026-10-04T17:00:00Z","player_anytime_td","Tyler Higbee",5,NA,NA,NA,NA,NA,0.24390243902439
"2026-09-29T21:39:45Z","2026_04_LA_PHI","1b4f2e60ce83fa1d63a5dff83769d27c","2026-10-04T17:00:00Z","player_anytime_td","Will Shipley",5,NA,NA,NA,NA,NA,0.0869565217391304
"2026-09-29T21:39:45Z","2026_04_LA_PHI","1b4f2e60ce83fa1d63a5dff83769d27c","2026-10-04T17:00:00Z","player_anytime_td","Xavier Smith",1,NA,NA,NA,NA,NA,0.0952380952380952
"2026-09-29T21:39:45Z","2026_04_LA_PHI","1b4f2e60ce83fa1d63a5dff83769d27c","2026-10-04T17:00:00Z","player_anytime_td","Zach Ertz",5,NA,NA,NA,NA,NA,0.153846153846154
"2026-09-29T21:39:45Z","2026_04_MIA_MIN","c327223d76a3b7b0db8c6c104442f44b","2026-10-04T20:05:00Z","player_anytime_td","Aaron Jones",3,NA,NA,NA,NA,NA,0.565217391304348
"2026-09-29T21:39:45Z","2026_04_MIA_MIN","c327223d76a3b7b0db8c6c104442f44b","2026-10-04T20:05:00Z","player_anytime_td","Caleb Douglas",1,NA,NA,NA,NA,NA,0.188679245283019
"2026-09-29T21:39:45Z","2026_04_MIA_MIN","c327223d76a3b7b0db8c6c104442f44b","2026-10-04T20:05:00Z","player_anytime_td","Chris Bell",1,NA,NA,NA,NA,NA,0.285714285714286
"2026-09-29T21:39:45Z","2026_04_MIA_MIN","c327223d76a3b7b0db8c6c104442f44b","2026-10-04T20:05:00Z","player_anytime_td","DJ Herman",1,NA,NA,NA,NA,NA,0.0625
"2026-09-29T21:39:45Z","2026_04_MIA_MIN","c327223d76a3b7b0db8c6c104442f44b","2026-10-04T20:05:00Z","player_anytime_td","Demond Claiborne",1,NA,NA,NA,NA,NA,0.166666666666667
"2026-09-29T21:39:45Z","2026_04_MIA_MIN","c327223d76a3b7b0db8c6c104442f44b","2026-10-04T20:05:00Z","player_anytime_td","Gavin Bartholomew",1,NA,NA,NA,NA,NA,0.105263157894737
"2026-09-29T21:39:45Z","2026_04_MIA_MIN","c327223d76a3b7b0db8c6c104442f44b","2026-10-04T20:05:00Z","player_anytime_td","Greg Dulcich",1,NA,NA,NA,NA,NA,0.235294117647059
"2026-09-29T21:39:45Z","2026_04_MIA_MIN","c327223d76a3b7b0db8c6c104442f44b","2026-10-04T20:05:00Z","player_anytime_td","Jalen Tolbert",1,NA,NA,NA,NA,NA,0.117647058823529
"2026-09-29T21:39:45Z","2026_04_MIA_MIN","c327223d76a3b7b0db8c6c104442f44b","2026-10-04T20:05:00Z","player_anytime_td","Jarquez Hunter",1,NA,NA,NA,NA,NA,0.133333333333333
"2026-09-29T21:39:45Z","2026_04_MIA_MIN","c327223d76a3b7b0db8c6c104442f44b","2026-10-04T20:05:00Z","player_anytime_td","Jauan Jennings",1,NA,NA,NA,NA,NA,0.333333333333333
"2026-09-29T21:39:45Z","2026_04_MIA_MIN","c327223d76a3b7b0db8c6c104442f44b","2026-10-04T20:05:00Z","player_anytime_td","Jaylen Wright",1,NA,NA,NA,NA,NA,0.350877192982456
"2026-09-29T21:39:45Z","2026_04_MIA_MIN","c327223d76a3b7b0db8c6c104442f44b","2026-10-04T20:05:00Z","player_anytime_td","Jordan Addison",1,NA,NA,NA,NA,NA,0.62962962962963
"2026-09-29T21:39:45Z","2026_04_MIA_MIN","c327223d76a3b7b0db8c6c104442f44b","2026-10-04T20:05:00Z","player_anytime_td","Justin Jefferson",1,NA,NA,NA,NA,NA,0.425531914893617
"2026-09-29T21:39:45Z","2026_04_MIA_MIN","c327223d76a3b7b0db8c6c104442f44b","2026-10-04T20:05:00Z","player_anytime_td","Justin Joly",1,NA,NA,NA,NA,NA,0.05
"2026-09-29T21:39:45Z","2026_04_MIA_MIN","c327223d76a3b7b0db8c6c104442f44b","2026-10-04T20:05:00Z","player_anytime_td","Kevin Coleman Jr.",1,NA,NA,NA,NA,NA,0.0952380952380952
"2026-09-29T21:39:45Z","2026_04_MIA_MIN","c327223d76a3b7b0db8c6c104442f44b","2026-10-04T20:05:00Z","player_anytime_td","Kyler Murray",1,NA,NA,NA,NA,NA,0.235294117647059
"2026-09-29T21:39:45Z","2026_04_MIA_MIN","c327223d76a3b7b0db8c6c104442f44b","2026-10-04T20:05:00Z","player_anytime_td","Malik Washington",1,NA,NA,NA,NA,NA,0.307692307692308
"2026-09-29T21:39:45Z","2026_04_MIA_MIN","c327223d76a3b7b0db8c6c104442f44b","2026-10-04T20:05:00Z","player_anytime_td","Malik Willis",1,NA,NA,NA,NA,NA,0.222222222222222
"2026-09-29T21:39:45Z","2026_04_MIA_MIN","c327223d76a3b7b0db8c6c104442f44b","2026-10-04T20:05:00Z","player_anytime_td","Max Bredeson",1,NA,NA,NA,NA,NA,0.0555555555555556
"2026-09-29T21:39:45Z","2026_04_MIA_MIN","c327223d76a3b7b0db8c6c104442f44b","2026-10-04T20:05:00Z","player_anytime_td","Myles Price",1,NA,NA,NA,NA,NA,0.117647058823529
"2026-09-29T21:39:45Z","2026_04_MIA_MIN","c327223d76a3b7b0db8c6c104442f44b","2026-10-04T20:05:00Z","player_anytime_td","Ollie Gordon II",1,NA,NA,NA,NA,NA,0.363636363636364
"2026-09-29T21:39:45Z","2026_04_MIA_MIN","c327223d76a3b7b0db8c6c104442f44b","2026-10-04T20:05:00Z","player_anytime_td","Ryan Miller",1,NA,NA,NA,NA,NA,0.0833333333333333
"2026-09-29T21:39:45Z","2026_04_MIA_MIN","c327223d76a3b7b0db8c6c104442f44b","2026-10-04T20:05:00Z","player_anytime_td","Seydou Traore",1,NA,NA,NA,NA,NA,0.05
"2026-09-29T21:39:45Z","2026_04_MIA_MIN","c327223d76a3b7b0db8c6c104442f44b","2026-10-04T20:05:00Z","player_anytime_td","T.J. Hockenson",1,NA,NA,NA,NA,NA,0.4
"2026-09-29T21:39:45Z","2026_04_MIA_MIN","c327223d76a3b7b0db8c6c104442f44b","2026-10-04T20:05:00Z","player_anytime_td","Tai Felton",1,NA,NA,NA,NA,NA,0.117647058823529
"2026-09-29T21:39:45Z","2026_04_MIA_MIN","c327223d76a3b7b0db8c6c104442f44b","2026-10-04T20:05:00Z","player_anytime_td","Will Kacmarek",1,NA,NA,NA,NA,NA,0.1
"2026-09-29T21:39:45Z","2026_04_NE_BUF","573cc0ef39631a4f6673ec843a8bedd4","2026-10-04T17:00:00Z","player_anytime_td","Cameron Latu",5,NA,NA,NA,NA,NA,0.0476190476190476
"2026-09-29T21:39:45Z","2026_04_NE_BUF","573cc0ef39631a4f6673ec843a8bedd4","2026-10-04T17:00:00Z","player_anytime_td","Corey Kiner",7,NA,NA,NA,NA,NA,0.05
"2026-09-29T21:39:45Z","2026_04_NE_BUF","573cc0ef39631a4f6673ec843a8bedd4","2026-10-04T17:00:00Z","player_anytime_td","DJ Moore",7,NA,NA,NA,NA,NA,0.384615384615385
"2026-09-29T21:39:45Z","2026_04_NE_BUF","573cc0ef39631a4f6673ec843a8bedd4","2026-10-04T17:00:00Z","player_anytime_td","Dalton Kincaid",7,NA,NA,NA,NA,NA,0.377358490566038
"2026-09-29T21:39:45Z","2026_04_NE_BUF","573cc0ef39631a4f6673ec843a8bedd4","2026-10-04T17:00:00Z","player_anytime_td","Dawson Knox",7,NA,NA,NA,NA,NA,0.16
"2026-09-29T21:39:45Z","2026_04_NE_BUF","573cc0ef39631a4f6673ec843a8bedd4","2026-10-04T17:00:00Z","player_anytime_td","DeMario Douglas",7,NA,NA,NA,NA,NA,0.208333333333333
"2026-09-29T21:39:45Z","2026_04_NE_BUF","573cc0ef39631a4f6673ec843a8bedd4","2026-10-04T17:00:00Z","player_anytime_td","Drake Maye",7,NA,NA,NA,NA,NA,0.185185185185185
"2026-09-29T21:39:45Z","2026_04_NE_BUF","573cc0ef39631a4f6673ec843a8bedd4","2026-10-04T17:00:00Z","player_anytime_td","Efton Chism III",7,NA,NA,NA,NA,NA,0.0625
"2026-09-29T21:39:45Z","2026_04_NE_BUF","573cc0ef39631a4f6673ec843a8bedd4","2026-10-04T17:00:00Z","player_anytime_td","Eli Raridon",4,NA,NA,NA,NA,NA,0.111111111111111
"2026-09-29T21:39:45Z","2026_04_NE_BUF","573cc0ef39631a4f6673ec843a8bedd4","2026-10-04T17:00:00Z","player_anytime_td","Greg Dortch",7,NA,NA,NA,NA,NA,0.05
"2026-09-29T21:39:45Z","2026_04_NE_BUF","573cc0ef39631a4f6673ec843a8bedd4","2026-10-04T17:00:00Z","player_anytime_td","Hunter Henry",7,NA,NA,NA,NA,NA,0.28169014084507
"2026-09-29T21:39:45Z","2026_04_NE_BUF","573cc0ef39631a4f6673ec843a8bedd4","2026-10-04T17:00:00Z","player_anytime_td","Jackson Hawes",7,NA,NA,NA,NA,NA,0.0909090909090909
"2026-09-29T21:39:45Z","2026_04_NE_BUF","573cc0ef39631a4f6673ec843a8bedd4","2026-10-04T17:00:00Z","player_anytime_td","James Cook",7,NA,NA,NA,NA,NA,0.555555555555556
"2026-09-29T21:39:45Z","2026_04_NE_BUF","573cc0ef39631a4f6673ec843a8bedd4","2026-10-04T17:00:00Z","player_anytime_td","Josh Allen",7,NA,NA,NA,NA,NA,0.532710280373832
"2026-09-29T21:39:45Z","2026_04_NE_BUF","573cc0ef39631a4f6673ec843a8bedd4","2026-10-04T17:00:00Z","player_anytime_td","Joshua Palmer",7,NA,NA,NA,NA,NA,0.16
"2026-09-29T21:39:45Z","2026_04_NE_BUF","573cc0ef39631a4f6673ec843a8bedd4","2026-10-04T17:00:00Z","player_anytime_td","Keleki Latu",7,NA,NA,NA,NA,NA,0.037037037037037
"2026-09-29T21:39:45Z","2026_04_NE_BUF","573cc0ef39631a4f6673ec843a8bedd4","2026-10-04T17:00:00Z","player_anytime_td","Keon Coleman",7,NA,NA,NA,NA,NA,0.217391304347826
"2026-09-29T21:39:45Z","2026_04_NE_BUF","573cc0ef39631a4f6673ec843a8bedd4","2026-10-04T17:00:00Z","player_anytime_td","Khalil Shakir",7,NA,NA,NA,NA,NA,0.303030303030303
"2026-09-29T21:39:45Z","2026_04_NE_BUF","573cc0ef39631a4f6673ec843a8bedd4","2026-10-04T17:00:00Z","player_anytime_td","Kyle Williams",7,NA,NA,NA,NA,NA,0.133333333333333
"2026-09-29T21:39:45Z","2026_04_NE_BUF","573cc0ef39631a4f6673ec843a8bedd4","2026-10-04T17:00:00Z","player_anytime_td","Mack Hollins",7,NA,NA,NA,NA,NA,0.263157894736842
"2026-09-29T21:39:45Z","2026_04_NE_BUF","573cc0ef39631a4f6673ec843a8bedd4","2026-10-04T17:00:00Z","player_anytime_td","Ray Davis",7,NA,NA,NA,NA,NA,0.0588235294117647
"2026-09-29T21:39:45Z","2026_04_NE_BUF","573cc0ef39631a4f6673ec843a8bedd4","2026-10-04T17:00:00Z","player_anytime_td","Reggie Gilliam",4,NA,NA,NA,NA,NA,0.0488095238095238
"2026-09-29T21:39:45Z","2026_04_NE_BUF","573cc0ef39631a4f6673ec843a8bedd4","2026-10-04T17:00:00Z","player_anytime_td","Rhamondre Stevenson",7,NA,NA,NA,NA,NA,0.408163265306122
"2026-09-29T21:39:45Z","2026_04_NE_BUF","573cc0ef39631a4f6673ec843a8bedd4","2026-10-04T17:00:00Z","player_anytime_td","Romeo Doubs",7,NA,NA,NA,NA,NA,0.28169014084507
"2026-09-29T21:39:45Z","2026_04_NE_BUF","573cc0ef39631a4f6673ec843a8bedd4","2026-10-04T17:00:00Z","player_anytime_td","Skyler Bell",5,NA,NA,NA,NA,NA,0.0909090909090909
"2026-09-29T21:39:45Z","2026_04_NE_BUF","573cc0ef39631a4f6673ec843a8bedd4","2026-10-04T17:00:00Z","player_anytime_td","Tanner Arkin",4,NA,NA,NA,NA,NA,0.054093567251462
"2026-09-29T21:39:45Z","2026_04_NE_BUF","573cc0ef39631a4f6673ec843a8bedd4","2026-10-04T17:00:00Z","player_anytime_td","TreVeyon Henderson",7,NA,NA,NA,NA,NA,0.355871886120996
"2026-09-29T21:39:45Z","2026_04_NE_BUF","573cc0ef39631a4f6673ec843a8bedd4","2026-10-04T17:00:00Z","player_anytime_td","Ty Johnson",7,NA,NA,NA,NA,NA,0.181818181818182
"2026-09-29T21:39:45Z","2026_04_NYJ_CHI","164e6eb68f31bac190381903c3cccd31","2026-10-04T17:00:00Z","player_anytime_td","Adonai Mitchell",1,NA,NA,NA,NA,NA,0.273972602739726
"2026-09-29T21:39:45Z","2026_04_NYJ_CHI","164e6eb68f31bac190381903c3cccd31","2026-10-04T17:00:00Z","player_anytime_td","Andrew Beck",1,NA,NA,NA,NA,NA,0.0434782608695652
"2026-09-29T21:39:45Z","2026_04_NYJ_CHI","164e6eb68f31bac190381903c3cccd31","2026-10-04T17:00:00Z","player_anytime_td","Braelon Allen",1,NA,NA,NA,NA,NA,0.51219512195122
"2026-09-29T21:39:45Z","2026_04_NYJ_CHI","164e6eb68f31bac190381903c3cccd31","2026-10-04T17:00:00Z","player_anytime_td","Breece Hall",1,NA,NA,NA,NA,NA,0.534883720930233
"2026-09-29T21:39:45Z","2026_04_NYJ_CHI","164e6eb68f31bac190381903c3cccd31","2026-10-04T17:00:00Z","player_anytime_td","Cole Kmet",1,NA,NA,NA,NA,NA,0.16
"2026-09-29T21:39:45Z","2026_04_NYJ_CHI","164e6eb68f31bac190381903c3cccd31","2026-10-04T17:00:00Z","player_anytime_td","Colston Loveland",1,NA,NA,NA,NA,NA,0.25
"2026-09-29T21:39:45Z","2026_04_NYJ_CHI","164e6eb68f31bac190381903c3cccd31","2026-10-04T17:00:00Z","player_anytime_td","D'Andre Swift",1,NA,NA,NA,NA,NA,0.607843137254902
"2026-09-29T21:39:45Z","2026_04_NYJ_CHI","164e6eb68f31bac190381903c3cccd31","2026-10-04T17:00:00Z","player_anytime_td","Garrett Wilson",1,NA,NA,NA,NA,NA,0.465116279069767
"2026-09-29T21:39:45Z","2026_04_NYJ_CHI","164e6eb68f31bac190381903c3cccd31","2026-10-04T17:00:00Z","player_anytime_td","Geno Smith",1,NA,NA,NA,NA,NA,0.1
"2026-09-29T21:39:45Z","2026_04_NYJ_CHI","164e6eb68f31bac190381903c3cccd31","2026-10-04T17:00:00Z","player_anytime_td","Hayden Large",1,NA,NA,NA,NA,NA,0.0833333333333333
"2026-09-29T21:39:45Z","2026_04_NYJ_CHI","164e6eb68f31bac190381903c3cccd31","2026-10-04T17:00:00Z","player_anytime_td","Isaiah Davis",1,NA,NA,NA,NA,NA,0.266666666666667
"2026-09-29T21:39:45Z","2026_04_NYJ_CHI","164e6eb68f31bac190381903c3cccd31","2026-10-04T17:00:00Z","player_anytime_td","Isaiah Williams",1,NA,NA,NA,NA,NA,0.222222222222222
"2026-09-29T21:39:45Z","2026_04_NYJ_CHI","164e6eb68f31bac190381903c3cccd31","2026-10-04T17:00:00Z","player_anytime_td","Jahdae Walker",1,NA,NA,NA,NA,NA,0.105263157894737
"2026-09-29T21:39:45Z","2026_04_NYJ_CHI","164e6eb68f31bac190381903c3cccd31","2026-10-04T17:00:00Z","player_anytime_td","Jamaal Pritchett",1,NA,NA,NA,NA,NA,0.0769230769230769
"2026-09-29T21:39:45Z","2026_04_NYJ_CHI","164e6eb68f31bac190381903c3cccd31","2026-10-04T17:00:00Z","player_anytime_td","Jelani Woods",1,NA,NA,NA,NA,NA,0.0625
"2026-09-29T21:39:45Z","2026_04_NYJ_CHI","164e6eb68f31bac190381903c3cccd31","2026-10-04T17:00:00Z","player_anytime_td","Jeremy Ruckert",1,NA,NA,NA,NA,NA,0.142857142857143
"2026-09-29T21:39:45Z","2026_04_NYJ_CHI","164e6eb68f31bac190381903c3cccd31","2026-10-04T17:00:00Z","player_anytime_td","Kalif Raymond",1,NA,NA,NA,NA,NA,0.307692307692308
"2026-09-29T21:39:45Z","2026_04_NYJ_CHI","164e6eb68f31bac190381903c3cccd31","2026-10-04T17:00:00Z","player_anytime_td","Kene Nwangwu",1,NA,NA,NA,NA,NA,0.032258064516129
"2026-09-29T21:39:45Z","2026_04_NYJ_CHI","164e6eb68f31bac190381903c3cccd31","2026-10-04T17:00:00Z","player_anytime_td","Kenyon Sadiq",1,NA,NA,NA,NA,NA,0.344827586206897
"2026-09-29T21:39:45Z","2026_04_NYJ_CHI","164e6eb68f31bac190381903c3cccd31","2026-10-04T17:00:00Z","player_anytime_td","Kyle Monangai",1,NA,NA,NA,NA,NA,0.363636363636364
"2026-09-29T21:39:45Z","2026_04_NYJ_CHI","164e6eb68f31bac190381903c3cccd31","2026-10-04T17:00:00Z","player_anytime_td","Luther Burden III",1,NA,NA,NA,NA,NA,0.307692307692308
"2026-09-29T21:39:45Z","2026_04_NYJ_CHI","164e6eb68f31bac190381903c3cccd31","2026-10-04T17:00:00Z","player_anytime_td","Malik McClain",1,NA,NA,NA,NA,NA,0.0833333333333333
"2026-09-29T21:39:45Z","2026_04_NYJ_CHI","164e6eb68f31bac190381903c3cccd31","2026-10-04T17:00:00Z","player_anytime_td","Mason Taylor",1,NA,NA,NA,NA,NA,0.133333333333333
"2026-09-29T21:39:45Z","2026_04_NYJ_CHI","164e6eb68f31bac190381903c3cccd31","2026-10-04T17:00:00Z","player_anytime_td","Rome Odunze",1,NA,NA,NA,NA,NA,0.25
"2026-09-29T21:39:45Z","2026_04_NYJ_CHI","164e6eb68f31bac190381903c3cccd31","2026-10-04T17:00:00Z","player_anytime_td","Roschon Johnson",1,NA,NA,NA,NA,NA,0.117647058823529
"2026-09-29T21:39:45Z","2026_04_NYJ_CHI","164e6eb68f31bac190381903c3cccd31","2026-10-04T17:00:00Z","player_anytime_td","Sam Roush",1,NA,NA,NA,NA,NA,0.105263157894737
"2026-09-29T21:39:45Z","2026_04_NYJ_CHI","164e6eb68f31bac190381903c3cccd31","2026-10-04T17:00:00Z","player_anytime_td","Zavion Thomas",1,NA,NA,NA,NA,NA,0.142857142857143
"2026-09-29T21:39:45Z","2026_04_PIT_CLE","d55cb69fed50a09170560b5b75d8de86","2026-10-02T00:15:00Z","player_anytime_td","Aaron Rodgers",8,NA,NA,NA,NA,NA,0.0669642857142857
"2026-09-29T21:39:45Z","2026_04_PIT_CLE","d55cb69fed50a09170560b5b75d8de86","2026-10-02T00:15:00Z","player_anytime_td","Ben Skowronek",7,NA,NA,NA,NA,NA,0.0588235294117647
"2026-09-29T21:39:45Z","2026_04_PIT_CLE","d55cb69fed50a09170560b5b75d8de86","2026-10-02T00:15:00Z","player_anytime_td","Blake Whiteheart",8,NA,NA,NA,NA,NA,0.0871212121212121
"2026-09-29T21:39:45Z","2026_04_PIT_CLE","d55cb69fed50a09170560b5b75d8de86","2026-10-02T00:15:00Z","player_anytime_td","Carsen Ryan",8,NA,NA,NA,NA,NA,0.0260840108401084
"2026-09-29T21:39:45Z","2026_04_PIT_CLE","d55cb69fed50a09170560b5b75d8de86","2026-10-02T00:15:00Z","player_anytime_td","DK Metcalf",8,NA,NA,NA,NA,NA,0.305361305361305
"2026-09-29T21:39:45Z","2026_04_PIT_CLE","d55cb69fed50a09170560b5b75d8de86","2026-10-02T00:15:00Z","player_anytime_td","Darnell Washington",8,NA,NA,NA,NA,NA,0.142857142857143
"2026-09-29T21:39:45Z","2026_04_PIT_CLE","d55cb69fed50a09170560b5b75d8de86","2026-10-02T00:15:00Z","player_anytime_td","Denzel Boston",8,NA,NA,NA,NA,NA,0.235587583148559
"2026-09-29T21:39:45Z","2026_04_PIT_CLE","d55cb69fed50a09170560b5b75d8de86","2026-10-02T00:15:00Z","player_anytime_td","Deshaun Watson",8,NA,NA,NA,NA,NA,0.196153846153846
"2026-09-29T21:39:45Z","2026_04_PIT_CLE","d55cb69fed50a09170560b5b75d8de86","2026-10-02T00:15:00Z","player_anytime_td","Eli Heidenreich",1,NA,NA,NA,NA,NA,0.24390243902439
"2026-09-29T21:39:45Z","2026_04_PIT_CLE","d55cb69fed50a09170560b5b75d8de86","2026-10-02T00:15:00Z","player_anytime_td","Germie Bernard",8,NA,NA,NA,NA,NA,0.0889328063241107
"2026-09-29T21:39:45Z","2026_04_PIT_CLE","d55cb69fed50a09170560b5b75d8de86","2026-10-02T00:15:00Z","player_anytime_td","Harold Fannin Jr.",8,NA,NA,NA,NA,NA,0.263157894736842
"2026-09-29T21:39:45Z","2026_04_PIT_CLE","d55cb69fed50a09170560b5b75d8de86","2026-10-02T00:15:00Z","player_anytime_td","Isaiah Bond",8,NA,NA,NA,NA,NA,0.0476190476190476
"2026-09-29T21:39:45Z","2026_04_PIT_CLE","d55cb69fed50a09170560b5b75d8de86","2026-10-02T00:15:00Z","player_anytime_td","Jaleel McLaughlin",8,NA,NA,NA,NA,NA,0.0508365508365508
"2026-09-29T21:39:45Z","2026_04_PIT_CLE","d55cb69fed50a09170560b5b75d8de86","2026-10-02T00:15:00Z","player_anytime_td","Jaylen Warren",8,NA,NA,NA,NA,NA,0.523809523809524
"2026-09-29T21:39:45Z","2026_04_PIT_CLE","d55cb69fed50a09170560b5b75d8de86","2026-10-02T00:15:00Z","player_anytime_td","Jerry Jeudy",8,NA,NA,NA,NA,NA,0.100250626566416
"2026-09-29T21:39:45Z","2026_04_PIT_CLE","d55cb69fed50a09170560b5b75d8de86","2026-10-02T00:15:00Z","player_anytime_td","KC Concepcion",8,NA,NA,NA,NA,NA,0.236694677871148
"2026-09-29T21:39:45Z","2026_04_PIT_CLE","d55cb69fed50a09170560b5b75d8de86","2026-10-02T00:15:00Z","player_anytime_td","Kaden Wetjen",8,NA,NA,NA,NA,NA,0.05
"2026-09-29T21:39:45Z","2026_04_PIT_CLE","d55cb69fed50a09170560b5b75d8de86","2026-10-02T00:15:00Z","player_anytime_td","Lew Nichols",2,NA,NA,NA,NA,NA,0.102678571428571
"2026-09-29T21:39:45Z","2026_04_PIT_CLE","d55cb69fed50a09170560b5b75d8de86","2026-10-02T00:15:00Z","player_anytime_td","Malachi Corley",8,NA,NA,NA,NA,NA,0.0370879120879121
"2026-09-29T21:39:45Z","2026_04_PIT_CLE","d55cb69fed50a09170560b5b75d8de86","2026-10-02T00:15:00Z","player_anytime_td","Michael Burton",6,NA,NA,NA,NA,NA,0.0269010043041607
"2026-09-29T21:39:45Z","2026_04_PIT_CLE","d55cb69fed50a09170560b5b75d8de86","2026-10-02T00:15:00Z","player_anytime_td","Michael Pittman Jr.",8,NA,NA,NA,NA,NA,0.219806763285024
"2026-09-29T21:39:45Z","2026_04_PIT_CLE","d55cb69fed50a09170560b5b75d8de86","2026-10-02T00:15:00Z","player_anytime_td","Pat Freiermuth",8,NA,NA,NA,NA,NA,0.215078630897317
"2026-09-29T21:39:45Z","2026_04_PIT_CLE","d55cb69fed50a09170560b5b75d8de86","2026-10-02T00:15:00Z","player_anytime_td","Quinshon Judkins",8,NA,NA,NA,NA,NA,0.481997677119628
"2026-09-29T21:39:45Z","2026_04_PIT_CLE","d55cb69fed50a09170560b5b75d8de86","2026-10-02T00:15:00Z","player_anytime_td","Raheim Sanders",8,NA,NA,NA,NA,NA,0.142857142857143
"2026-09-29T21:39:45Z","2026_04_PIT_CLE","d55cb69fed50a09170560b5b75d8de86","2026-10-02T00:15:00Z","player_anytime_td","Rico Dowdle",3,NA,NA,NA,NA,NA,0.408163265306122
"2026-09-29T21:39:45Z","2026_04_PIT_CLE","d55cb69fed50a09170560b5b75d8de86","2026-10-02T00:15:00Z","player_anytime_td","Riley Nowakowski",8,NA,NA,NA,NA,NA,0.0333704115684093
"2026-09-29T21:39:45Z","2026_04_PIT_CLE","d55cb69fed50a09170560b5b75d8de86","2026-10-02T00:15:00Z","player_anytime_td","Robert Tonyan",8,NA,NA,NA,NA,NA,0.0344827586206897
"2026-09-29T21:39:45Z","2026_04_PIT_CLE","d55cb69fed50a09170560b5b75d8de86","2026-10-02T00:15:00Z","player_anytime_td","Roman Wilson",8,NA,NA,NA,NA,NA,0.178571428571429
"2026-09-29T21:39:45Z","2026_04_PIT_CLE","d55cb69fed50a09170560b5b75d8de86","2026-10-02T00:15:00Z","player_anytime_td","Travis Homer",8,NA,NA,NA,NA,NA,0.0784615384615385
"2026-09-29T21:39:45Z","2026_04_PIT_CLE","d55cb69fed50a09170560b5b75d8de86","2026-10-02T00:15:00Z","player_anytime_td","Tylan Wallace",8,NA,NA,NA,NA,NA,0.0476190476190476
"2026-09-29T21:39:45Z","2026_04_TEN_BAL","f01589b0e7e6dd4f4ac1220a1db81f53","2026-10-04T17:00:00Z","player_anytime_td","Calvin Ridley",2,NA,NA,NA,NA,NA,0.108823529411765
"2026-09-29T21:39:45Z","2026_04_TEN_BAL","f01589b0e7e6dd4f4ac1220a1db81f53","2026-10-04T17:00:00Z","player_anytime_td","Cam Ward",2,NA,NA,NA,NA,NA,0.142156862745098
"2026-09-29T21:39:45Z","2026_04_TEN_BAL","f01589b0e7e6dd4f4ac1220a1db81f53","2026-10-04T17:00:00Z","player_anytime_td","Carnell Tate",1,NA,NA,NA,NA,NA,0.222222222222222
"2026-09-29T21:39:45Z","2026_04_TEN_BAL","f01589b0e7e6dd4f4ac1220a1db81f53","2026-10-04T17:00:00Z","player_anytime_td","Chimere Dike",1,NA,NA,NA,NA,NA,0.0909090909090909
"2026-09-29T21:39:45Z","2026_04_TEN_BAL","f01589b0e7e6dd4f4ac1220a1db81f53","2026-10-04T17:00:00Z","player_anytime_td","Chris Moore",2,NA,NA,NA,NA,NA,0.182539682539683
"2026-09-29T21:39:45Z","2026_04_TEN_BAL","f01589b0e7e6dd4f4ac1220a1db81f53","2026-10-04T17:00:00Z","player_anytime_td","Daniel Bellinger",2,NA,NA,NA,NA,NA,0.0954545454545455
"2026-09-29T21:39:45Z","2026_04_TEN_BAL","f01589b0e7e6dd4f4ac1220a1db81f53","2026-10-04T17:00:00Z","player_anytime_td","David Martin-Robinson",2,NA,NA,NA,NA,NA,0.0335164835164835
"2026-09-29T21:39:45Z","2026_04_TEN_BAL","f01589b0e7e6dd4f4ac1220a1db81f53","2026-10-04T17:00:00Z","player_anytime_td","Derrick Henry",5,NA,NA,NA,NA,NA,0.714285714285714
"2026-09-29T21:39:45Z","2026_04_TEN_BAL","f01589b0e7e6dd4f4ac1220a1db81f53","2026-10-04T17:00:00Z","player_anytime_td","Devontez Walker",1,NA,NA,NA,NA,NA,0.0909090909090909
"2026-09-29T21:39:45Z","2026_04_TEN_BAL","f01589b0e7e6dd4f4ac1220a1db81f53","2026-10-04T17:00:00Z","player_anytime_td","Durham Smythe",2,NA,NA,NA,NA,NA,0.0909090909090909
"2026-09-29T21:39:45Z","2026_04_TEN_BAL","f01589b0e7e6dd4f4ac1220a1db81f53","2026-10-04T17:00:00Z","player_anytime_td","Elic Ayomanor",1,NA,NA,NA,NA,NA,0.117647058823529
"2026-09-29T21:39:45Z","2026_04_TEN_BAL","f01589b0e7e6dd4f4ac1220a1db81f53","2026-10-04T17:00:00Z","player_anytime_td","Elijah Sarratt",1,NA,NA,NA,NA,NA,0.0588235294117647
"2026-09-29T21:39:45Z","2026_04_TEN_BAL","f01589b0e7e6dd4f4ac1220a1db81f53","2026-10-04T17:00:00Z","player_anytime_td","Gunnar Helm",2,NA,NA,NA,NA,NA,0.163879598662207
"2026-09-29T21:39:45Z","2026_04_TEN_BAL","f01589b0e7e6dd4f4ac1220a1db81f53","2026-10-04T17:00:00Z","player_anytime_td","Josh Cuevas",2,NA,NA,NA,NA,NA,0.0732323232323232
"2026-09-29T21:39:45Z","2026_04_TEN_BAL","f01589b0e7e6dd4f4ac1220a1db81f53","2026-10-04T17:00:00Z","player_anytime_td","Julius Chestnut",2,NA,NA,NA,NA,NA,0.0442307692307692
"2026-09-29T21:39:45Z","2026_04_TEN_BAL","f01589b0e7e6dd4f4ac1220a1db81f53","2026-10-04T17:00:00Z","player_anytime_td","Justice Hill",2,NA,NA,NA,NA,NA,0.163333333333333
"2026-09-29T21:39:45Z","2026_04_TEN_BAL","f01589b0e7e6dd4f4ac1220a1db81f53","2026-10-04T17:00:00Z","player_anytime_td","Kylen Granson",1,NA,NA,NA,NA,NA,0.0434782608695652
"2026-09-29T21:39:45Z","2026_04_TEN_BAL","f01589b0e7e6dd4f4ac1220a1db81f53","2026-10-04T17:00:00Z","player_anytime_td","LaJohntay Wester",1,NA,NA,NA,NA,NA,0.166666666666667
"2026-09-29T21:39:45Z","2026_04_TEN_BAL","f01589b0e7e6dd4f4ac1220a1db81f53","2026-10-04T17:00:00Z","player_anytime_td","Lamar Jackson",5,NA,NA,NA,NA,NA,0.350877192982456
"2026-09-29T21:39:45Z","2026_04_TEN_BAL","f01589b0e7e6dd4f4ac1220a1db81f53","2026-10-04T17:00:00Z","player_anytime_td","Mark Andrews",2,NA,NA,NA,NA,NA,0.375
"2026-09-29T21:39:45Z","2026_04_TEN_BAL","f01589b0e7e6dd4f4ac1220a1db81f53","2026-10-04T17:00:00Z","player_anytime_td","Matthew Hibner",1,NA,NA,NA,NA,NA,0.166666666666667
"2026-09-29T21:39:45Z","2026_04_TEN_BAL","f01589b0e7e6dd4f4ac1220a1db81f53","2026-10-04T17:00:00Z","player_anytime_td","Nicholas Singleton",2,NA,NA,NA,NA,NA,0.0760649087221095
"2026-09-29T21:39:45Z","2026_04_TEN_BAL","f01589b0e7e6dd4f4ac1220a1db81f53","2026-10-04T17:00:00Z","player_anytime_td","Rasheen Ali",2,NA,NA,NA,NA,NA,0.0544117647058824
"2026-09-29T21:39:45Z","2026_04_TEN_BAL","f01589b0e7e6dd4f4ac1220a1db81f53","2026-10-04T17:00:00Z","player_anytime_td","Rashod Bateman",1,NA,NA,NA,NA,NA,0.32258064516129
"2026-09-29T21:39:45Z","2026_04_TEN_BAL","f01589b0e7e6dd4f4ac1220a1db81f53","2026-10-04T17:00:00Z","player_anytime_td","Tony Pollard",5,NA,NA,NA,NA,NA,0.416666666666667
"2026-09-29T21:39:45Z","2026_04_TEN_BAL","f01589b0e7e6dd4f4ac1220a1db81f53","2026-10-04T17:00:00Z","player_anytime_td","Tyjae Spears",2,NA,NA,NA,NA,NA,0.18695652173913
"2026-09-29T21:39:45Z","2026_04_TEN_BAL","f01589b0e7e6dd4f4ac1220a1db81f53","2026-10-04T17:00:00Z","player_anytime_td","Wan'Dale Robinson",2,NA,NA,NA,NA,NA,0.250980392156863
"2026-09-29T21:39:45Z","2026_04_TEN_BAL","f01589b0e7e6dd4f4ac1220a1db81f53","2026-10-04T17:00:00Z","player_anytime_td","Zay Flowers",5,NA,NA,NA,NA,NA,0.380228136882129
