"pulled_at","game_id","event_id","commence_time","market","player","n_books","line","p_over","med_est","line_min","line_max","p_td_raw"
"2026-10-06T18:11:29Z","2026_05_BAL_ATL","86457f91112732f21ad4bb7d37bd291c","2026-10-12T00:20:00Z","player_pass_tds","Michael Penix Jr.",3,1.5,0.432974226101186,1.5,1.5,1.5,NA
"2026-10-06T18:11:29Z","2026_05_BAL_ATL","86457f91112732f21ad4bb7d37bd291c","2026-10-12T00:20:00Z","player_pass_tds","Tyler Huntley",3,1.5,0.333307495542981,1.5,1.5,1.5,NA
"2026-10-06T18:11:29Z","2026_05_BAL_ATL","86457f91112732f21ad4bb7d37bd291c","2026-10-12T00:20:00Z","player_pass_yds","Michael Penix Jr.",4,217.5,0.507640601608805,217.5,214.5,221.5,NA
"2026-10-06T18:11:29Z","2026_05_BAL_ATL","86457f91112732f21ad4bb7d37bd291c","2026-10-12T00:20:00Z","player_pass_yds","Tyler Huntley",3,173.5,0.5,173.5,173.5,199.5,NA
"2026-10-06T18:11:29Z","2026_05_BAL_ATL","86457f91112732f21ad4bb7d37bd291c","2026-10-12T00:20:00Z","player_reception_yds","Bijan Robinson",3,26.5,0.5,26.5,24.5,29.5,NA
"2026-10-06T18:11:29Z","2026_05_BAL_ATL","86457f91112732f21ad4bb7d37bd291c","2026-10-12T00:20:00Z","player_reception_yds","Drake London",3,80.5,0.508203445447088,80.5,77.5,82.5,NA
"2026-10-06T18:11:29Z","2026_05_BAL_ATL","86457f91112732f21ad4bb7d37bd291c","2026-10-12T00:20:00Z","player_reception_yds","Jahan Dotson",4,19.5,0.501019991840065,19.5,19.5,19.5,NA
"2026-10-06T18:11:29Z","2026_05_BAL_ATL","86457f91112732f21ad4bb7d37bd291c","2026-10-12T00:20:00Z","player_reception_yds","Kyle Pitts",4,24,0.504101722723544,24,19.5,29.5,NA
"2026-10-06T18:11:29Z","2026_05_BAL_ATL","86457f91112732f21ad4bb7d37bd291c","2026-10-12T00:20:00Z","player_reception_yds","Mark Andrews",4,29.5,0.507177627308046,29.5,28.5,30.5,NA
"2026-10-06T18:11:29Z","2026_05_BAL_ATL","86457f91112732f21ad4bb7d37bd291c","2026-10-12T00:20:00Z","player_reception_yds","Zay Flowers",4,68,0.494753630487702,68,59.5,69.5,NA
"2026-10-06T18:11:29Z","2026_05_BAL_ATL","86457f91112732f21ad4bb7d37bd291c","2026-10-12T00:20:00Z","player_receptions","Bijan Robinson",3,3.5,0.534029038112523,3.5,3.5,3.5,NA
"2026-10-06T18:11:29Z","2026_05_BAL_ATL","86457f91112732f21ad4bb7d37bd291c","2026-10-12T00:20:00Z","player_receptions","Drake London",3,5.5,0.530612244897959,5.5,5.5,6.5,NA
"2026-10-06T18:11:29Z","2026_05_BAL_ATL","86457f91112732f21ad4bb7d37bd291c","2026-10-12T00:20:00Z","player_receptions","Jahan Dotson",3,1.5,0.560130164119977,1.5,1.5,1.5,NA
"2026-10-06T18:11:29Z","2026_05_BAL_ATL","86457f91112732f21ad4bb7d37bd291c","2026-10-12T00:20:00Z","player_receptions","Kyle Pitts",3,2.5,0.455629364673821,2.5,2.5,2.5,NA
"2026-10-06T18:11:29Z","2026_05_BAL_ATL","86457f91112732f21ad4bb7d37bd291c","2026-10-12T00:20:00Z","player_receptions","Mark Andrews",3,3.5,0.582967515364355,3.5,3.5,3.5,NA
"2026-10-06T18:11:29Z","2026_05_BAL_ATL","86457f91112732f21ad4bb7d37bd291c","2026-10-12T00:20:00Z","player_receptions","Zay Flowers",3,5.5,0.467741935483871,5.5,4.5,5.5,NA
"2026-10-06T18:11:29Z","2026_05_BAL_ATL","86457f91112732f21ad4bb7d37bd291c","2026-10-12T00:20:00Z","player_rush_yds","Bijan Robinson",2,89,0.501019991840065,89,88.5,89.5,NA
"2026-10-06T18:11:29Z","2026_05_BAL_ATL","86457f91112732f21ad4bb7d37bd291c","2026-10-12T00:20:00Z","player_rush_yds","Brian Robinson Jr.",4,37.5,0.481181401780313,37.5,34.5,39.5,NA
"2026-10-06T18:11:29Z","2026_05_BAL_ATL","86457f91112732f21ad4bb7d37bd291c","2026-10-12T00:20:00Z","player_rush_yds","Derrick Henry",4,89.5,0.513301120427218,89.5,84.5,91.5,NA
"2026-10-06T18:11:29Z","2026_05_BAL_ATL","86457f91112732f21ad4bb7d37bd291c","2026-10-12T00:20:00Z","player_rush_yds","Justice Hill",4,11,0.517326732673267,11,9.5,11.5,NA
"2026-10-06T18:11:29Z","2026_05_BUF_LA","e6d00eedd87d367e510314bd8cab8f6f","2026-10-13T00:15:00Z","player_pass_interceptions","Josh Allen",1,0.5,0.483994878361076,0.5,0.5,0.5,NA
"2026-10-06T18:11:29Z","2026_05_BUF_LA","e6d00eedd87d367e510314bd8cab8f6f","2026-10-13T00:15:00Z","player_pass_interceptions","Matthew Stafford",1,0.5,0.498982084690554,0.5,0.5,0.5,NA
"2026-10-06T18:11:29Z","2026_05_BUF_LA","e6d00eedd87d367e510314bd8cab8f6f","2026-10-13T00:15:00Z","player_pass_tds","Josh Allen",5,1.5,0.480846774193548,1.5,1.5,1.5,NA
"2026-10-06T18:11:29Z","2026_05_BUF_LA","e6d00eedd87d367e510314bd8cab8f6f","2026-10-13T00:15:00Z","player_pass_tds","Matthew Stafford",5,2.5,0.373134328358209,2.5,1.5,2.5,NA
"2026-10-06T18:11:29Z","2026_05_BUF_LA","e6d00eedd87d367e510314bd8cab8f6f","2026-10-13T00:15:00Z","player_pass_yds","Josh Allen",5,245.5,0.5,245.5,244.5,249.5,NA
"2026-10-06T18:11:29Z","2026_05_BUF_LA","e6d00eedd87d367e510314bd8cab8f6f","2026-10-13T00:15:00Z","player_pass_yds","Matthew Stafford",5,280.5,0.5,280.5,279.5,280.5,NA
"2026-10-06T18:11:29Z","2026_05_BUF_LA","e6d00eedd87d367e510314bd8cab8f6f","2026-10-13T00:15:00Z","player_reception_yds","Dalton Kincaid",4,47.5,0.5,47.5,47.5,49.5,NA
"2026-10-06T18:11:29Z","2026_05_BUF_LA","e6d00eedd87d367e510314bd8cab8f6f","2026-10-13T00:15:00Z","player_reception_yds","Davante Adams",5,62.5,0.5,62.5,59.5,63.5,NA
"2026-10-06T18:11:29Z","2026_05_BUF_LA","e6d00eedd87d367e510314bd8cab8f6f","2026-10-13T00:15:00Z","player_reception_yds","Kyren Williams",5,19.5,0.5,19.5,19.5,20.5,NA
"2026-10-06T18:11:29Z","2026_05_BUF_LA","e6d00eedd87d367e510314bd8cab8f6f","2026-10-13T00:15:00Z","player_reception_yds","Puka Nacua",5,92.5,0.50301350048216,92.5,89.5,92.5,NA
"2026-10-06T18:11:29Z","2026_05_BUF_LA","e6d00eedd87d367e510314bd8cab8f6f","2026-10-13T00:15:00Z","player_receptions","Dalton Kincaid",3,3.5,0.543546088363314,3.5,3.5,3.5,NA
"2026-10-06T18:11:29Z","2026_05_BUF_LA","e6d00eedd87d367e510314bd8cab8f6f","2026-10-13T00:15:00Z","player_receptions","Davante Adams",4,4.5,0.458052853947457,4.5,4.5,4.5,NA
"2026-10-06T18:11:29Z","2026_05_BUF_LA","e6d00eedd87d367e510314bd8cab8f6f","2026-10-13T00:15:00Z","player_receptions","Kyren Williams",4,2.5,0.590729532887049,2.5,2.5,3.5,NA
"2026-10-06T18:11:29Z","2026_05_BUF_LA","e6d00eedd87d367e510314bd8cab8f6f","2026-10-13T00:15:00Z","player_receptions","Puka Nacua",4,6.5,0.56796078982503,6.5,6.5,7.5,NA
"2026-10-06T18:11:29Z","2026_05_BUF_LA","e6d00eedd87d367e510314bd8cab8f6f","2026-10-13T00:15:00Z","player_rush_yds","Blake Corum",5,31.5,0.5,31.5,29.5,31.5,NA
"2026-10-06T18:11:29Z","2026_05_BUF_LA","e6d00eedd87d367e510314bd8cab8f6f","2026-10-13T00:15:00Z","player_rush_yds","James Cook",5,75.5,0.5,75.5,74.5,79.5,NA
"2026-10-06T18:11:29Z","2026_05_BUF_LA","e6d00eedd87d367e510314bd8cab8f6f","2026-10-13T00:15:00Z","player_rush_yds","Josh Allen",5,36.5,0.5,36.5,36.5,39.5,NA
"2026-10-06T18:11:29Z","2026_05_BUF_LA","e6d00eedd87d367e510314bd8cab8f6f","2026-10-13T00:15:00Z","player_rush_yds","Kyren Williams",5,69.5,0.5,69.5,69.5,72.5,NA
"2026-10-06T18:11:29Z","2026_05_CHI_GB","2caea57b1e5cfbba1334cfbfd46f6771","2026-10-11T17:00:00Z","player_pass_tds","Jordan Love",5,1.5,0.423216444981862,1.5,1.5,1.5,NA
"2026-10-06T18:11:29Z","2026_05_CHI_GB","2caea57b1e5cfbba1334cfbfd46f6771","2026-10-11T17:00:00Z","player_pass_tds","Tyson Bagent",5,1.5,0.44988706154679,1.5,1.5,1.5,NA
"2026-10-06T18:11:29Z","2026_05_CHI_GB","2caea57b1e5cfbba1334cfbfd46f6771","2026-10-11T17:00:00Z","player_pass_yds","Jordan Love",6,231.5,0.50150675024108,231.5,224.5,235.5,NA
"2026-10-06T18:11:29Z","2026_05_CHI_GB","2caea57b1e5cfbba1334cfbfd46f6771","2026-10-11T17:00:00Z","player_pass_yds","Tyson Bagent",6,219.5,0.5,219.5,215.5,219.5,NA
"2026-10-06T18:11:29Z","2026_05_CLE_NYJ","9db4ed15fe34fca1fb62f040cd244591","2026-10-11T17:00:00Z","player_pass_interceptions","Deshaun Watson",1,0.5,0.47794265089232,0.5,0.5,0.5,NA
"2026-10-06T18:11:29Z","2026_05_CLE_NYJ","9db4ed15fe34fca1fb62f040cd244591","2026-10-11T17:00:00Z","player_pass_interceptions","Geno Smith",1,0.5,0.542636252296387,0.5,0.5,0.5,NA
"2026-10-06T18:11:29Z","2026_05_CLE_NYJ","9db4ed15fe34fca1fb62f040cd244591","2026-10-11T17:00:00Z","player_pass_tds","Deshaun Watson",5,1.5,0.373134328358209,1.5,1.5,1.5,NA
"2026-10-06T18:11:29Z","2026_05_CLE_NYJ","9db4ed15fe34fca1fb62f040cd244591","2026-10-11T17:00:00Z","player_pass_tds","Geno Smith",5,1.5,0.364652396287176,1.5,1.5,1.5,NA
"2026-10-06T18:11:29Z","2026_05_CLE_NYJ","9db4ed15fe34fca1fb62f040cd244591","2026-10-11T17:00:00Z","player_pass_yds","Deshaun Watson",6,202,0.502072933759789,202,199.5,203.5,NA
"2026-10-06T18:11:29Z","2026_05_CLE_NYJ","9db4ed15fe34fca1fb62f040cd244591","2026-10-11T17:00:00Z","player_pass_yds","Geno Smith",6,206.5,0.498947058080276,206.5,205.5,209.5,NA
"2026-10-06T18:11:29Z","2026_05_CLE_NYJ","9db4ed15fe34fca1fb62f040cd244591","2026-10-11T17:00:00Z","player_reception_yds","Denzel Boston",6,48.5,0.50150675024108,48.5,47.5,49.5,NA
"2026-10-06T18:11:29Z","2026_05_CLE_NYJ","9db4ed15fe34fca1fb62f040cd244591","2026-10-11T17:00:00Z","player_reception_yds","Garrett Wilson",6,68,0.5,68,65.5,70.5,NA
"2026-10-06T18:11:29Z","2026_05_CLE_NYJ","9db4ed15fe34fca1fb62f040cd244591","2026-10-11T17:00:00Z","player_reception_yds","Harold Fannin Jr.",6,38,0.49849324975892,38,35.5,39.5,NA
"2026-10-06T18:11:29Z","2026_05_CLE_NYJ","9db4ed15fe34fca1fb62f040cd244591","2026-10-11T17:00:00Z","player_reception_yds","KC Concepcion",6,37.5,0.49849324975892,37.5,36.5,39.5,NA
"2026-10-06T18:11:29Z","2026_05_CLE_NYJ","9db4ed15fe34fca1fb62f040cd244591","2026-10-11T17:00:00Z","player_receptions","Denzel Boston",4,3.5,0.462537462911445,3.5,3.5,3.5,NA
"2026-10-06T18:11:29Z","2026_05_CLE_NYJ","9db4ed15fe34fca1fb62f040cd244591","2026-10-11T17:00:00Z","player_receptions","Garrett Wilson",4,6.5,0.479043744852322,6.5,6.5,6.5,NA
"2026-10-06T18:11:29Z","2026_05_CLE_NYJ","9db4ed15fe34fca1fb62f040cd244591","2026-10-11T17:00:00Z","player_receptions","Harold Fannin Jr.",4,4.5,0.423960369827599,4.5,4.5,4.5,NA
"2026-10-06T18:11:29Z","2026_05_CLE_NYJ","9db4ed15fe34fca1fb62f040cd244591","2026-10-11T17:00:00Z","player_receptions","KC Concepcion",4,4,0.494833838306651,4,3.5,4.5,NA
"2026-10-06T18:11:29Z","2026_05_CLE_NYJ","9db4ed15fe34fca1fb62f040cd244591","2026-10-11T17:00:00Z","player_rush_yds","Braelon Allen",6,69.5,0.5,69.5,69.5,70.5,NA
"2026-10-06T18:11:29Z","2026_05_CLE_NYJ","9db4ed15fe34fca1fb62f040cd244591","2026-10-11T17:00:00Z","player_rush_yds","Deshaun Watson",6,26,0.5,26,24.5,29.5,NA
"2026-10-06T18:11:29Z","2026_05_CLE_NYJ","9db4ed15fe34fca1fb62f040cd244591","2026-10-11T17:00:00Z","player_rush_yds","Geno Smith",6,11,0.503993610223642,11,9.5,11.5,NA
"2026-10-06T18:11:29Z","2026_05_CLE_NYJ","9db4ed15fe34fca1fb62f040cd244591","2026-10-11T17:00:00Z","player_rush_yds","Isaiah Davis",5,11.5,0.5,11.5,9.5,12.5,NA
"2026-10-06T18:11:29Z","2026_05_CLE_NYJ","9db4ed15fe34fca1fb62f040cd244591","2026-10-11T17:00:00Z","player_rush_yds","Quinshon Judkins",6,59.5,0.501019991840065,59.5,57.5,59.5,NA
"2026-10-06T18:11:29Z","2026_05_LV_NE","6b024bad1abb54f597225e4ab9b39d89","2026-10-11T17:00:00Z","player_pass_interceptions","Drake Maye",1,0.5,0.574572930354796,0.5,0.5,0.5,NA
"2026-10-06T18:11:29Z","2026_05_LV_NE","6b024bad1abb54f597225e4ab9b39d89","2026-10-11T17:00:00Z","player_pass_interceptions","Kirk Cousins",1,0.5,0.563470066518847,0.5,0.5,0.5,NA
"2026-10-06T18:11:29Z","2026_05_LV_NE","6b024bad1abb54f597225e4ab9b39d89","2026-10-11T17:00:00Z","player_pass_tds","Drake Maye",5,1.5,0.493931056805308,1.5,1.5,1.5,NA
"2026-10-06T18:11:29Z","2026_05_LV_NE","6b024bad1abb54f597225e4ab9b39d89","2026-10-11T17:00:00Z","player_pass_tds","Kirk Cousins",5,1.5,0.408085430968726,1.5,1.5,1.5,NA
"2026-10-06T18:11:29Z","2026_05_LV_NE","6b024bad1abb54f597225e4ab9b39d89","2026-10-11T17:00:00Z","player_pass_yds","Drake Maye",6,226.5,0.5,226.5,224.5,229.5,NA
"2026-10-06T18:11:29Z","2026_05_LV_NE","6b024bad1abb54f597225e4ab9b39d89","2026-10-11T17:00:00Z","player_pass_yds","Kirk Cousins",6,225.5,0.5,225.5,220.5,229.5,NA
"2026-10-06T18:11:29Z","2026_05_PHI_JAX","21b26266f3d78af02eb672e606275d95","2026-10-11T13:30:00Z","player_pass_attempts","Jalen Hurts",2,31.5,0.488612681939237,31.5,31.5,31.5,NA
"2026-10-06T18:11:29Z","2026_05_PHI_JAX","21b26266f3d78af02eb672e606275d95","2026-10-11T13:30:00Z","player_pass_attempts","Trevor Lawrence",2,30.5,0.517042682781221,30.5,30.5,30.5,NA
"2026-10-06T18:11:29Z","2026_05_PHI_JAX","21b26266f3d78af02eb672e606275d95","2026-10-11T13:30:00Z","player_pass_interceptions","Jalen Hurts",3,0.5,0.527688899827713,0.5,0.5,0.5,NA
"2026-10-06T18:11:29Z","2026_05_PHI_JAX","21b26266f3d78af02eb672e606275d95","2026-10-11T13:30:00Z","player_pass_interceptions","Trevor Lawrence",3,0.5,0.514571190674438,0.5,0.5,0.5,NA
"2026-10-06T18:11:29Z","2026_05_PHI_JAX","21b26266f3d78af02eb672e606275d95","2026-10-11T13:30:00Z","player_pass_tds","Jalen Hurts",5,0.5,0.656378664520323,0.5,0.5,0.5,NA
"2026-10-06T18:11:29Z","2026_05_PHI_JAX","21b26266f3d78af02eb672e606275d95","2026-10-11T13:30:00Z","player_pass_tds","Trevor Lawrence",5,1.5,0.485816177662506,1.5,1.5,1.5,NA
"2026-10-06T18:11:29Z","2026_05_PHI_JAX","21b26266f3d78af02eb672e606275d95","2026-10-11T13:30:00Z","player_pass_yds","Jalen Hurts",6,195.5,0.497440307839196,195.5,187.5,199.5,NA
"2026-10-06T18:11:29Z","2026_05_PHI_JAX","21b26266f3d78af02eb672e606275d95","2026-10-11T13:30:00Z","player_pass_yds","Trevor Lawrence",6,230,0.498947058080276,230,229.5,231.5,NA
"2026-10-06T18:11:29Z","2026_05_PHI_JAX","21b26266f3d78af02eb672e606275d95","2026-10-11T13:30:00Z","player_reception_yds","Bhayshul Tuten",6,9.5,0.501547668179942,9.5,9.5,10.5,NA
"2026-10-06T18:11:29Z","2026_05_PHI_JAX","21b26266f3d78af02eb672e606275d95","2026-10-11T13:30:00Z","player_reception_yds","Brenton Strange",6,38,0.497488345925092,38,35.5,39.5,NA
"2026-10-06T18:11:29Z","2026_05_PHI_JAX","21b26266f3d78af02eb672e606275d95","2026-10-11T13:30:00Z","player_reception_yds","Brian Thomas Jr",6,24.5,0.49849324975892,24.5,19.5,29.5,NA
"2026-10-06T18:11:29Z","2026_05_PHI_JAX","21b26266f3d78af02eb672e606275d95","2026-10-11T13:30:00Z","player_reception_yds","Jakobi Meyers",6,43,0.502106149957877,43,39.5,49.5,NA
"2026-10-06T18:11:29Z","2026_05_PHI_JAX","21b26266f3d78af02eb672e606275d95","2026-10-11T13:30:00Z","player_reception_yds","Josh Cameron",6,12,0.501052941919724,12,9.5,12.5,NA
"2026-10-06T18:11:29Z","2026_05_PHI_JAX","21b26266f3d78af02eb672e606275d95","2026-10-11T13:30:00Z","player_reception_yds","Parker Washington",6,60.5,0.50150675024108,60.5,59.5,61.5,NA
"2026-10-06T18:11:29Z","2026_05_PHI_JAX","21b26266f3d78af02eb672e606275d95","2026-10-11T13:30:00Z","player_receptions","Bhayshul Tuten",4,1.5,0.506149038658005,1.5,1.5,1.5,NA
"2026-10-06T18:11:29Z","2026_05_PHI_JAX","21b26266f3d78af02eb672e606275d95","2026-10-11T13:30:00Z","player_receptions","Brenton Strange",4,3.5,0.481385877371329,3.5,3.5,3.5,NA
"2026-10-06T18:11:29Z","2026_05_PHI_JAX","21b26266f3d78af02eb672e606275d95","2026-10-11T13:30:00Z","player_receptions","Brian Thomas Jr",4,2.5,0.392791575941868,2.5,2.5,2.5,NA
"2026-10-06T18:11:29Z","2026_05_PHI_JAX","21b26266f3d78af02eb672e606275d95","2026-10-11T13:30:00Z","player_receptions","Jakobi Meyers",4,3.5,0.539938284011481,3.5,3.5,3.5,NA
"2026-10-06T18:11:29Z","2026_05_PHI_JAX","21b26266f3d78af02eb672e606275d95","2026-10-11T13:30:00Z","player_receptions","Josh Cameron",4,1.5,0.453814809618003,1.5,1.5,1.5,NA
"2026-10-06T18:11:29Z","2026_05_PHI_JAX","21b26266f3d78af02eb672e606275d95","2026-10-11T13:30:00Z","player_receptions","Parker Washington",4,4.5,0.527923291426327,4.5,4.5,4.5,NA
"2026-10-06T18:11:29Z","2026_05_PHI_JAX","21b26266f3d78af02eb672e606275d95","2026-10-11T13:30:00Z","player_rush_attempts","Bhayshul Tuten",2,14.5,0.50615763546798,14.5,14.5,14.5,NA
"2026-10-06T18:11:29Z","2026_05_PHI_JAX","21b26266f3d78af02eb672e606275d95","2026-10-11T13:30:00Z","player_rush_yds","Bhayshul Tuten",6,59,0.5,59,55.5,59.5,NA
"2026-10-06T18:11:29Z","2026_05_PHI_JAX","21b26266f3d78af02eb672e606275d95","2026-10-11T13:30:00Z","player_rush_yds","Jalen Hurts",6,28,0.496840109542869,28,26.5,29.5,NA
"2026-10-06T18:11:29Z","2026_05_PHI_JAX","21b26266f3d78af02eb672e606275d95","2026-10-11T13:30:00Z","player_rush_yds","Trevor Lawrence",6,13,0.506794303072901,13,9.5,13.5,NA
"2026-10-06T18:11:29Z","2026_05_SF_SEA","8e5d515b10d8a5ffb324640ed60bcc55","2026-10-11T20:25:00Z","player_pass_attempts","Brock Purdy",1,31.5,0.512482836100362,31.5,31.5,31.5,NA
"2026-10-06T18:11:29Z","2026_05_SF_SEA","8e5d515b10d8a5ffb324640ed60bcc55","2026-10-11T20:25:00Z","player_pass_attempts","Sam Darnold",1,30.5,0.481240620310155,30.5,30.5,30.5,NA
"2026-10-06T18:11:29Z","2026_05_SF_SEA","8e5d515b10d8a5ffb324640ed60bcc55","2026-10-11T20:25:00Z","player_pass_interceptions","Brock Purdy",2,0.5,0.581173063917384,0.5,0.5,0.5,NA
"2026-10-06T18:11:29Z","2026_05_SF_SEA","8e5d515b10d8a5ffb324640ed60bcc55","2026-10-11T20:25:00Z","player_pass_interceptions","Sam Darnold",2,0.5,0.434106099383648,0.5,0.5,0.5,NA
"2026-10-06T18:11:29Z","2026_05_SF_SEA","8e5d515b10d8a5ffb324640ed60bcc55","2026-10-11T20:25:00Z","player_pass_tds","Brock Purdy",5,1.5,0.481492905613819,1.5,1.5,1.5,NA
"2026-10-06T18:11:29Z","2026_05_SF_SEA","8e5d515b10d8a5ffb324640ed60bcc55","2026-10-11T20:25:00Z","player_pass_tds","Sam Darnold",5,1.5,0.495844587575317,1.5,1.5,1.5,NA
"2026-10-06T18:11:29Z","2026_05_SF_SEA","8e5d515b10d8a5ffb324640ed60bcc55","2026-10-11T20:25:00Z","player_pass_yds","Brock Purdy",6,225.5,0.5,225.5,224.5,229.5,NA
"2026-10-06T18:11:29Z","2026_05_SF_SEA","8e5d515b10d8a5ffb324640ed60bcc55","2026-10-11T20:25:00Z","player_pass_yds","Sam Darnold",6,227.5,0.5,227.5,225.5,229.5,NA
"2026-10-06T18:11:29Z","2026_05_SF_SEA","8e5d515b10d8a5ffb324640ed60bcc55","2026-10-11T20:25:00Z","player_reception_yds","AJ Barner",6,24.5,0.5,24.5,19.5,29.5,NA
"2026-10-06T18:11:29Z","2026_05_SF_SEA","8e5d515b10d8a5ffb324640ed60bcc55","2026-10-11T20:25:00Z","player_reception_yds","Christian McCaffrey",6,35.5,0.493273915716057,35.5,35.5,39.5,NA
"2026-10-06T18:11:29Z","2026_05_SF_SEA","8e5d515b10d8a5ffb324640ed60bcc55","2026-10-11T20:25:00Z","player_reception_yds","Cooper Kupp",6,25.5,0.494790324621598,25.5,25.5,29.5,NA
"2026-10-06T18:11:29Z","2026_05_SF_SEA","8e5d515b10d8a5ffb324640ed60bcc55","2026-10-11T20:25:00Z","player_reception_yds","Deebo Samuel",6,31.5,0.504707558637073,31.5,29.5,33.5,NA
"2026-10-06T18:11:29Z","2026_05_SF_SEA","8e5d515b10d8a5ffb324640ed60bcc55","2026-10-11T20:25:00Z","player_reception_yds","George Kittle",6,57.5,0.5,57.5,56.5,59.5,NA
"2026-10-06T18:11:29Z","2026_05_SF_SEA","8e5d515b10d8a5ffb324640ed60bcc55","2026-10-11T20:25:00Z","player_reception_yds","Jaxon Smith-Njigba",6,94.5,0.5,94.5,93.5,99.5,NA
"2026-10-06T18:11:29Z","2026_05_SF_SEA","8e5d515b10d8a5ffb324640ed60bcc55","2026-10-11T20:25:00Z","player_reception_yds","Mike Evans",6,49,0.498947058080276,49,48.5,49.5,NA
"2026-10-06T18:11:29Z","2026_05_SF_SEA","8e5d515b10d8a5ffb324640ed60bcc55","2026-10-11T20:25:00Z","player_reception_yds","Rashid Shaheed",6,18,0.501052941919724,18,17.5,19.5,NA
"2026-10-06T18:11:29Z","2026_05_SF_SEA","8e5d515b10d8a5ffb324640ed60bcc55","2026-10-11T20:25:00Z","player_receptions","AJ Barner",4,2.5,0.559819352871679,2.5,2.5,2.5,NA
"2026-10-06T18:11:29Z","2026_05_SF_SEA","8e5d515b10d8a5ffb324640ed60bcc55","2026-10-11T20:25:00Z","player_receptions","Christian McCaffrey",4,4.5,0.527169791728157,4.5,4.5,4.5,NA
"2026-10-06T18:11:29Z","2026_05_SF_SEA","8e5d515b10d8a5ffb324640ed60bcc55","2026-10-11T20:25:00Z","player_receptions","Cooper Kupp",4,2.5,0.488595995019722,2.5,2.5,2.5,NA
"2026-10-06T18:11:29Z","2026_05_SF_SEA","8e5d515b10d8a5ffb324640ed60bcc55","2026-10-11T20:25:00Z","player_receptions","Deebo Samuel",4,3.5,0.472740764929087,3.5,3.5,3.5,NA
"2026-10-06T18:11:29Z","2026_05_SF_SEA","8e5d515b10d8a5ffb324640ed60bcc55","2026-10-11T20:25:00Z","player_receptions","George Kittle",4,4.5,0.534670571894585,4.5,4.5,4.5,NA
"2026-10-06T18:11:29Z","2026_05_SF_SEA","8e5d515b10d8a5ffb324640ed60bcc55","2026-10-11T20:25:00Z","player_receptions","Jaxon Smith-Njigba",4,6.5,0.526220062980364,6.5,6.5,6.5,NA
"2026-10-06T18:11:29Z","2026_05_SF_SEA","8e5d515b10d8a5ffb324640ed60bcc55","2026-10-11T20:25:00Z","player_receptions","Mike Evans",4,3.5,0.579862191576896,3.5,3.5,4.5,NA
"2026-10-06T18:11:29Z","2026_05_SF_SEA","8e5d515b10d8a5ffb324640ed60bcc55","2026-10-11T20:25:00Z","player_receptions","Rashid Shaheed",4,1.5,0.597110321652469,1.5,1.5,1.5,NA
"2026-10-06T18:11:29Z","2026_05_SF_SEA","8e5d515b10d8a5ffb324640ed60bcc55","2026-10-11T20:25:00Z","player_rush_attempts","Christian McCaffrey",1,14.5,0.516663195167673,14.5,14.5,14.5,NA
"2026-10-06T18:11:29Z","2026_05_SF_SEA","8e5d515b10d8a5ffb324640ed60bcc55","2026-10-11T20:25:00Z","player_rush_yds","Brock Purdy",6,18.5,0.5,18.5,18.5,19.5,NA
"2026-10-06T18:11:29Z","2026_05_SF_SEA","8e5d515b10d8a5ffb324640ed60bcc55","2026-10-11T20:25:00Z","player_rush_yds","Christian McCaffrey",6,53.5,0.501547668179942,53.5,49.5,59.5,NA
"2026-10-06T18:11:29Z","2026_05_SF_SEA","8e5d515b10d8a5ffb324640ed60bcc55","2026-10-11T20:25:00Z","player_rush_yds","Kaelon Black",6,14.5,0.501547668179942,14.5,14.5,19.5,NA
"2026-10-06T18:11:29Z","2026_05_SF_SEA","8e5d515b10d8a5ffb324640ed60bcc55","2026-10-11T20:25:00Z","player_rush_yds","Sam Darnold",4,5.5,0.498296000247855,5.5,4.5,9.5,NA
"2026-10-06T18:11:29Z","2026_05_TB_DAL","259b5df9aa0d10257f56de78523495e0","2026-10-09T00:15:00Z","player_pass_attempts","Dak Prescott",3,33.5,0.523858921161826,33.5,33.5,33.5,NA
"2026-10-06T18:11:29Z","2026_05_TB_DAL","259b5df9aa0d10257f56de78523495e0","2026-10-09T00:15:00Z","player_pass_attempts","Jalon Daniels",4,28.5,0.490781785702323,28.5,28.5,28.5,NA
"2026-10-06T18:11:29Z","2026_05_TB_DAL","259b5df9aa0d10257f56de78523495e0","2026-10-09T00:15:00Z","player_pass_interceptions","Dak Prescott",4,0.5,0.469329416505803,0.5,0.5,0.5,NA
"2026-10-06T18:11:29Z","2026_05_TB_DAL","259b5df9aa0d10257f56de78523495e0","2026-10-09T00:15:00Z","player_pass_interceptions","Jalon Daniels",4,0.5,0.614574103207989,0.5,0.5,0.5,NA
"2026-10-06T18:11:29Z","2026_05_TB_DAL","259b5df9aa0d10257f56de78523495e0","2026-10-09T00:15:00Z","player_pass_tds","Dak Prescott",8,2,0.51594457315743,2,1.5,2.5,NA
"2026-10-06T18:11:29Z","2026_05_TB_DAL","259b5df9aa0d10257f56de78523495e0","2026-10-09T00:15:00Z","player_pass_tds","Jalon Daniels",8,0.5,0.665241229064121,0.5,0.5,0.5,NA
"2026-10-06T18:11:29Z","2026_05_TB_DAL","259b5df9aa0d10257f56de78523495e0","2026-10-09T00:15:00Z","player_pass_yds","Dak Prescott",8,264.5,0.5,264.5,260.5,269.5,NA
"2026-10-06T18:11:29Z","2026_05_TB_DAL","259b5df9aa0d10257f56de78523495e0","2026-10-09T00:15:00Z","player_pass_yds","Jalon Daniels",8,179.5,0.5,179.5,174.5,199.5,NA
"2026-10-06T18:11:29Z","2026_05_TB_DAL","259b5df9aa0d10257f56de78523495e0","2026-10-09T00:15:00Z","player_reception_yds","Bucky Irving",8,12.5,0.502579872863865,12.5,9.5,19.5,NA
"2026-10-06T18:11:29Z","2026_05_TB_DAL","259b5df9aa0d10257f56de78523495e0","2026-10-09T00:15:00Z","player_reception_yds","Cade Otton",8,30,0.496840109542869,30,27.5,30.5,NA
"2026-10-06T18:11:29Z","2026_05_TB_DAL","259b5df9aa0d10257f56de78523495e0","2026-10-09T00:15:00Z","player_reception_yds","CeeDee Lamb",8,80.5,0.501019991840065,80.5,79.5,80.5,NA
"2026-10-06T18:11:29Z","2026_05_TB_DAL","259b5df9aa0d10257f56de78523495e0","2026-10-09T00:15:00Z","player_reception_yds","Chris Godwin",8,28.5,0.495292441362927,28.5,27.5,29.5,NA
"2026-10-06T18:11:29Z","2026_05_TB_DAL","259b5df9aa0d10257f56de78523495e0","2026-10-09T00:15:00Z","player_reception_yds","Emeka Egbuka",8,31.5,0.5,31.5,29.5,34.5,NA
"2026-10-06T18:11:29Z","2026_05_TB_DAL","259b5df9aa0d10257f56de78523495e0","2026-10-09T00:15:00Z","player_reception_yds","George Pickens",8,62,0.5,62,59.5,63.5,NA
"2026-10-06T18:11:29Z","2026_05_TB_DAL","259b5df9aa0d10257f56de78523495e0","2026-10-09T00:15:00Z","player_reception_yds","Jake Ferguson",8,28.5,0.5,28.5,26.5,29.5,NA
"2026-10-06T18:11:29Z","2026_05_TB_DAL","259b5df9aa0d10257f56de78523495e0","2026-10-09T00:15:00Z","player_reception_yds","Javonte Williams",8,15.5,0.498947058080276,15.5,14.5,19.5,NA
"2026-10-06T18:11:29Z","2026_05_TB_DAL","259b5df9aa0d10257f56de78523495e0","2026-10-09T00:15:00Z","player_reception_yds","Kenny Gainwell",6,10.5,0.5,10.5,9.5,10.5,NA
"2026-10-06T18:11:29Z","2026_05_TB_DAL","259b5df9aa0d10257f56de78523495e0","2026-10-09T00:15:00Z","player_reception_yds","Ryan Flournoy",8,31.5,0.5,31.5,29.5,34.5,NA
"2026-10-06T18:11:29Z","2026_05_TB_DAL","259b5df9aa0d10257f56de78523495e0","2026-10-09T00:15:00Z","player_reception_yds","Ted Hurst III",7,20.5,0.508428860418071,20.5,19.5,23.5,NA
"2026-10-06T18:11:29Z","2026_05_TB_DAL","259b5df9aa0d10257f56de78523495e0","2026-10-09T00:15:00Z","player_reception_yds","Tez Johnson",7,11.5,0.5,11.5,9.5,12.5,NA
"2026-10-06T18:11:29Z","2026_05_TB_DAL","259b5df9aa0d10257f56de78523495e0","2026-10-09T00:15:00Z","player_receptions","Bucky Irving",7,2.5,0.430548849187188,2.5,2.5,2.5,NA
"2026-10-06T18:11:29Z","2026_05_TB_DAL","259b5df9aa0d10257f56de78523495e0","2026-10-09T00:15:00Z","player_receptions","Cade Otton",7,3.5,0.456453911636686,3.5,3.5,3.5,NA
"2026-10-06T18:11:29Z","2026_05_TB_DAL","259b5df9aa0d10257f56de78523495e0","2026-10-09T00:15:00Z","player_receptions","CeeDee Lamb",7,6.5,0.443519188993483,6.5,5.5,6.5,NA
"2026-10-06T18:11:29Z","2026_05_TB_DAL","259b5df9aa0d10257f56de78523495e0","2026-10-09T00:15:00Z","player_receptions","Chris Godwin",7,3.5,0.446950710108605,3.5,2.5,3.5,NA
"2026-10-06T18:11:29Z","2026_05_TB_DAL","259b5df9aa0d10257f56de78523495e0","2026-10-09T00:15:00Z","player_receptions","Emeka Egbuka",7,2.5,0.590460130089135,2.5,2.5,2.5,NA
"2026-10-06T18:11:29Z","2026_05_TB_DAL","259b5df9aa0d10257f56de78523495e0","2026-10-09T00:15:00Z","player_receptions","George Pickens",7,4.5,0.5,4.5,4.5,4.5,NA
"2026-10-06T18:11:29Z","2026_05_TB_DAL","259b5df9aa0d10257f56de78523495e0","2026-10-09T00:15:00Z","player_receptions","Jake Ferguson",7,3.5,0.487348178137652,3.5,3.5,3.5,NA
"2026-10-06T18:11:29Z","2026_05_TB_DAL","259b5df9aa0d10257f56de78523495e0","2026-10-09T00:15:00Z","player_receptions","Javonte Williams",7,2.5,0.516439256945586,2.5,2.5,2.5,NA
"2026-10-06T18:11:29Z","2026_05_TB_DAL","259b5df9aa0d10257f56de78523495e0","2026-10-09T00:15:00Z","player_receptions","Kenny Gainwell",6,1.5,0.592624191386062,1.5,1.5,1.5,NA
"2026-10-06T18:11:29Z","2026_05_TB_DAL","259b5df9aa0d10257f56de78523495e0","2026-10-09T00:15:00Z","player_receptions","Ryan Flournoy",6,3.5,0.420344079770803,3.5,3.5,3.5,NA
"2026-10-06T18:11:29Z","2026_05_TB_DAL","259b5df9aa0d10257f56de78523495e0","2026-10-09T00:15:00Z","player_receptions","Ted Hurst III",7,1.5,0.584524731046903,1.5,1.5,1.5,NA
"2026-10-06T18:11:29Z","2026_05_TB_DAL","259b5df9aa0d10257f56de78523495e0","2026-10-09T00:15:00Z","player_receptions","Tez Johnson",6,1.5,0.374294674697981,1.5,1.5,1.5,NA
"2026-10-06T18:11:29Z","2026_05_TB_DAL","259b5df9aa0d10257f56de78523495e0","2026-10-09T00:15:00Z","player_rush_attempts","Bucky Irving",2,13.5,0.475373524592814,13.5,13.5,13.5,NA
"2026-10-06T18:11:29Z","2026_05_TB_DAL","259b5df9aa0d10257f56de78523495e0","2026-10-09T00:15:00Z","player_rush_attempts","Jalon Daniels",2,7.5,0.500530038032399,7.5,7.5,7.5,NA
"2026-10-06T18:11:29Z","2026_05_TB_DAL","259b5df9aa0d10257f56de78523495e0","2026-10-09T00:15:00Z","player_rush_attempts","Javonte Williams",3,17.5,0.514571190674438,17.5,17.5,17.5,NA
"2026-10-06T18:11:29Z","2026_05_TB_DAL","259b5df9aa0d10257f56de78523495e0","2026-10-09T00:15:00Z","player_rush_yds","Bucky Irving",8,52.5,0.5,52.5,49.5,53.5,NA
"2026-10-06T18:11:29Z","2026_05_TB_DAL","259b5df9aa0d10257f56de78523495e0","2026-10-09T00:15:00Z","player_rush_yds","Dak Prescott",7,9.5,0.5,9.5,9.5,10.5,NA
"2026-10-06T18:11:29Z","2026_05_TB_DAL","259b5df9aa0d10257f56de78523495e0","2026-10-09T00:15:00Z","player_rush_yds","Jalon Daniels",7,45.5,0.5,45.5,43.5,49.5,NA
"2026-10-06T18:11:29Z","2026_05_TB_DAL","259b5df9aa0d10257f56de78523495e0","2026-10-09T00:15:00Z","player_rush_yds","Javonte Williams",8,73,0.498947058080276,73,69.5,79.5,NA
"2026-10-06T18:11:29Z","2026_05_TB_DAL","259b5df9aa0d10257f56de78523495e0","2026-10-09T00:15:00Z","player_rush_yds","Kenny Gainwell",7,12.5,0.5,12.5,9.5,12.5,NA
"2026-10-06T18:11:29Z","2026_05_TB_DAL","259b5df9aa0d10257f56de78523495e0","2026-10-09T00:15:00Z","player_rush_yds","Tyler Goodson",6,16.5,0.497893850042123,16.5,16.5,19.5,NA
"2026-10-06T18:11:29Z","2026_05_BAL_ATL","86457f91112732f21ad4bb7d37bd291c","2026-10-12T00:20:00Z","player_anytime_td","Austin Hooper",4,NA,NA,NA,NA,NA,0.121323529411765
"2026-10-06T18:11:29Z","2026_05_BAL_ATL","86457f91112732f21ad4bb7d37bd291c","2026-10-12T00:20:00Z","player_anytime_td","Bijan Robinson",5,NA,NA,NA,NA,NA,0.705882352941177
"2026-10-06T18:11:29Z","2026_05_BAL_ATL","86457f91112732f21ad4bb7d37bd291c","2026-10-12T00:20:00Z","player_anytime_td","Brian Robinson Jr.",4,NA,NA,NA,NA,NA,0.298573975044563
"2026-10-06T18:11:29Z","2026_05_BAL_ATL","86457f91112732f21ad4bb7d37bd291c","2026-10-12T00:20:00Z","player_anytime_td","Charlie Woerner",4,NA,NA,NA,NA,NA,0.0409698996655518
"2026-10-06T18:11:29Z","2026_05_BAL_ATL","86457f91112732f21ad4bb7d37bd291c","2026-10-12T00:20:00Z","player_anytime_td","Chris Blair",4,NA,NA,NA,NA,NA,0.0476190476190476
"2026-10-06T18:11:29Z","2026_05_BAL_ATL","86457f91112732f21ad4bb7d37bd291c","2026-10-12T00:20:00Z","player_anytime_td","Chris Moore",4,NA,NA,NA,NA,NA,0.0773809523809524
"2026-10-06T18:11:29Z","2026_05_BAL_ATL","86457f91112732f21ad4bb7d37bd291c","2026-10-12T00:20:00Z","player_anytime_td","Derrick Henry",5,NA,NA,NA,NA,NA,0.610894941634241
"2026-10-06T18:11:29Z","2026_05_BAL_ATL","86457f91112732f21ad4bb7d37bd291c","2026-10-12T00:20:00Z","player_anytime_td","Devontez Walker",4,NA,NA,NA,NA,NA,0.108187134502924
"2026-10-06T18:11:29Z","2026_05_BAL_ATL","86457f91112732f21ad4bb7d37bd291c","2026-10-12T00:20:00Z","player_anytime_td","Drake London",5,NA,NA,NA,NA,NA,0.436681222707424
"2026-10-06T18:11:29Z","2026_05_BAL_ATL","86457f91112732f21ad4bb7d37bd291c","2026-10-12T00:20:00Z","player_anytime_td","Durham Smythe",3,NA,NA,NA,NA,NA,0.0909090909090909
"2026-10-06T18:11:29Z","2026_05_BAL_ATL","86457f91112732f21ad4bb7d37bd291c","2026-10-12T00:20:00Z","player_anytime_td","Elijah Sarratt",4,NA,NA,NA,NA,NA,0.0476190476190476
"2026-10-06T18:11:29Z","2026_05_BAL_ATL","86457f91112732f21ad4bb7d37bd291c","2026-10-12T00:20:00Z","player_anytime_td","Jahan Dotson",4,NA,NA,NA,NA,NA,0.177865612648221
"2026-10-06T18:11:29Z","2026_05_BAL_ATL","86457f91112732f21ad4bb7d37bd291c","2026-10-12T00:20:00Z","player_anytime_td","Josh Cuevas",4,NA,NA,NA,NA,NA,0.0627450980392157
"2026-10-06T18:11:29Z","2026_05_BAL_ATL","86457f91112732f21ad4bb7d37bd291c","2026-10-12T00:20:00Z","player_anytime_td","Justice Hill",4,NA,NA,NA,NA,NA,0.138095238095238
"2026-10-06T18:11:29Z","2026_05_BAL_ATL","86457f91112732f21ad4bb7d37bd291c","2026-10-12T00:20:00Z","player_anytime_td","Kyle Pitts",4,NA,NA,NA,NA,NA,0.227390180878553
"2026-10-06T18:11:29Z","2026_05_BAL_ATL","86457f91112732f21ad4bb7d37bd291c","2026-10-12T00:20:00Z","player_anytime_td","LaJohntay Wester",4,NA,NA,NA,NA,NA,0.0839160839160839
"2026-10-06T18:11:29Z","2026_05_BAL_ATL","86457f91112732f21ad4bb7d37bd291c","2026-10-12T00:20:00Z","player_anytime_td","Lamar Jackson",1,NA,NA,NA,NA,NA,0.294117647058824
"2026-10-06T18:11:29Z","2026_05_BAL_ATL","86457f91112732f21ad4bb7d37bd291c","2026-10-12T00:20:00Z","player_anytime_td","Mark Andrews",4,NA,NA,NA,NA,NA,0.27027027027027
"2026-10-06T18:11:29Z","2026_05_BAL_ATL","86457f91112732f21ad4bb7d37bd291c","2026-10-12T00:20:00Z","player_anytime_td","Matthew Hibner",4,NA,NA,NA,NA,NA,0.0892857142857143
"2026-10-06T18:11:29Z","2026_05_BAL_ATL","86457f91112732f21ad4bb7d37bd291c","2026-10-12T00:20:00Z","player_anytime_td","Michael Penix Jr.",4,NA,NA,NA,NA,NA,0.0833333333333333
"2026-10-06T18:11:29Z","2026_05_BAL_ATL","86457f91112732f21ad4bb7d37bd291c","2026-10-12T00:20:00Z","player_anytime_td","Nick Muse",4,NA,NA,NA,NA,NA,0.0384615384615385
"2026-10-06T18:11:29Z","2026_05_BAL_ATL","86457f91112732f21ad4bb7d37bd291c","2026-10-12T00:20:00Z","player_anytime_td","Olamide Zaccheaus",4,NA,NA,NA,NA,NA,0.117647058823529
"2026-10-06T18:11:29Z","2026_05_BAL_ATL","86457f91112732f21ad4bb7d37bd291c","2026-10-12T00:20:00Z","player_anytime_td","Rasheen Ali",4,NA,NA,NA,NA,NA,0.0327956989247312
"2026-10-06T18:11:29Z","2026_05_BAL_ATL","86457f91112732f21ad4bb7d37bd291c","2026-10-12T00:20:00Z","player_anytime_td","Rashod Bateman",4,NA,NA,NA,NA,NA,0.194339622641509
"2026-10-06T18:11:29Z","2026_05_BAL_ATL","86457f91112732f21ad4bb7d37bd291c","2026-10-12T00:20:00Z","player_anytime_td","Tyler Huntley",3,NA,NA,NA,NA,NA,0.2
"2026-10-06T18:11:29Z","2026_05_BAL_ATL","86457f91112732f21ad4bb7d37bd291c","2026-10-12T00:20:00Z","player_anytime_td","Zachariah Branch",4,NA,NA,NA,NA,NA,0.0801282051282051
"2026-10-06T18:11:29Z","2026_05_BAL_ATL","86457f91112732f21ad4bb7d37bd291c","2026-10-12T00:20:00Z","player_anytime_td","Zay Flowers",4,NA,NA,NA,NA,NA,0.333333333333333
"2026-10-06T18:11:29Z","2026_05_BUF_LA","e6d00eedd87d367e510314bd8cab8f6f","2026-10-13T00:15:00Z","player_anytime_td","Blake Corum",5,NA,NA,NA,NA,NA,0.285714285714286
"2026-10-06T18:11:29Z","2026_05_BUF_LA","e6d00eedd87d367e510314bd8cab8f6f","2026-10-13T00:15:00Z","player_anytime_td","CJ Daniels",1,NA,NA,NA,NA,NA,0.04
"2026-10-06T18:11:29Z","2026_05_BUF_LA","e6d00eedd87d367e510314bd8cab8f6f","2026-10-13T00:15:00Z","player_anytime_td","Colby Parkinson",1,NA,NA,NA,NA,NA,0.350877192982456
"2026-10-06T18:11:29Z","2026_05_BUF_LA","e6d00eedd87d367e510314bd8cab8f6f","2026-10-13T00:15:00Z","player_anytime_td","DJ Moore",1,NA,NA,NA,NA,NA,0.333333333333333
"2026-10-06T18:11:29Z","2026_05_BUF_LA","e6d00eedd87d367e510314bd8cab8f6f","2026-10-13T00:15:00Z","player_anytime_td","Dalton Kincaid",5,NA,NA,NA,NA,NA,0.317460317460317
"2026-10-06T18:11:29Z","2026_05_BUF_LA","e6d00eedd87d367e510314bd8cab8f6f","2026-10-13T00:15:00Z","player_anytime_td","Davante Adams",5,NA,NA,NA,NA,NA,0.51219512195122
"2026-10-06T18:11:29Z","2026_05_BUF_LA","e6d00eedd87d367e510314bd8cab8f6f","2026-10-13T00:15:00Z","player_anytime_td","Davis Allen",5,NA,NA,NA,NA,NA,0.142857142857143
"2026-10-06T18:11:29Z","2026_05_BUF_LA","e6d00eedd87d367e510314bd8cab8f6f","2026-10-13T00:15:00Z","player_anytime_td","Dawson Knox",5,NA,NA,NA,NA,NA,0.153846153846154
"2026-10-06T18:11:29Z","2026_05_BUF_LA","e6d00eedd87d367e510314bd8cab8f6f","2026-10-13T00:15:00Z","player_anytime_td","Dean Connors",5,NA,NA,NA,NA,NA,0.0384615384615385
"2026-10-06T18:11:29Z","2026_05_BUF_LA","e6d00eedd87d367e510314bd8cab8f6f","2026-10-13T00:15:00Z","player_anytime_td","Greg Dortch",1,NA,NA,NA,NA,NA,0.166666666666667
"2026-10-06T18:11:29Z","2026_05_BUF_LA","e6d00eedd87d367e510314bd8cab8f6f","2026-10-13T00:15:00Z","player_anytime_td","Jackson Hawes",5,NA,NA,NA,NA,NA,0.0909090909090909
"2026-10-06T18:11:29Z","2026_05_BUF_LA","e6d00eedd87d367e510314bd8cab8f6f","2026-10-13T00:15:00Z","player_anytime_td","James Cook",5,NA,NA,NA,NA,NA,0.555555555555556
"2026-10-06T18:11:29Z","2026_05_BUF_LA","e6d00eedd87d367e510314bd8cab8f6f","2026-10-13T00:15:00Z","player_anytime_td","Jordan Whittington",5,NA,NA,NA,NA,NA,0.105263157894737
"2026-10-06T18:11:29Z","2026_05_BUF_LA","e6d00eedd87d367e510314bd8cab8f6f","2026-10-13T00:15:00Z","player_anytime_td","Josh Allen",5,NA,NA,NA,NA,NA,0.555555555555556
"2026-10-06T18:11:29Z","2026_05_BUF_LA","e6d00eedd87d367e510314bd8cab8f6f","2026-10-13T00:15:00Z","player_anytime_td","Joshua Palmer",5,NA,NA,NA,NA,NA,0.181818181818182
"2026-10-06T18:11:29Z","2026_05_BUF_LA","e6d00eedd87d367e510314bd8cab8f6f","2026-10-13T00:15:00Z","player_anytime_td","Keleki Latu",5,NA,NA,NA,NA,NA,0.0434782608695652
"2026-10-06T18:11:29Z","2026_05_BUF_LA","e6d00eedd87d367e510314bd8cab8f6f","2026-10-13T00:15:00Z","player_anytime_td","Keon Coleman",5,NA,NA,NA,NA,NA,0.289855072463768
"2026-10-06T18:11:29Z","2026_05_BUF_LA","e6d00eedd87d367e510314bd8cab8f6f","2026-10-13T00:15:00Z","player_anytime_td","Khalil Shakir",5,NA,NA,NA,NA,NA,0.285714285714286
"2026-10-06T18:11:29Z","2026_05_BUF_LA","e6d00eedd87d367e510314bd8cab8f6f","2026-10-13T00:15:00Z","player_anytime_td","Konata Mumpfield",5,NA,NA,NA,NA,NA,0.133333333333333
"2026-10-06T18:11:29Z","2026_05_BUF_LA","e6d00eedd87d367e510314bd8cab8f6f","2026-10-13T00:15:00Z","player_anytime_td","Kyren Williams",5,NA,NA,NA,NA,NA,0.642857142857143
"2026-10-06T18:11:29Z","2026_05_BUF_LA","e6d00eedd87d367e510314bd8cab8f6f","2026-10-13T00:15:00Z","player_anytime_td","Matthew Stafford",5,NA,NA,NA,NA,NA,0.0625
"2026-10-06T18:11:29Z","2026_05_BUF_LA","e6d00eedd87d367e510314bd8cab8f6f","2026-10-13T00:15:00Z","player_anytime_td","Max Klare",1,NA,NA,NA,NA,NA,0.0909090909090909
"2026-10-06T18:11:29Z","2026_05_BUF_LA","e6d00eedd87d367e510314bd8cab8f6f","2026-10-13T00:15:00Z","player_anytime_td","Puka Nacua",5,NA,NA,NA,NA,NA,0.555555555555556
"2026-10-06T18:11:29Z","2026_05_BUF_LA","e6d00eedd87d367e510314bd8cab8f6f","2026-10-13T00:15:00Z","player_anytime_td","Ray Davis",5,NA,NA,NA,NA,NA,0.0666666666666667
"2026-10-06T18:11:29Z","2026_05_BUF_LA","e6d00eedd87d367e510314bd8cab8f6f","2026-10-13T00:15:00Z","player_anytime_td","Skyler Bell",1,NA,NA,NA,NA,NA,0.0833333333333333
"2026-10-06T18:11:29Z","2026_05_BUF_LA","e6d00eedd87d367e510314bd8cab8f6f","2026-10-13T00:15:00Z","player_anytime_td","Tutu Atwell",5,NA,NA,NA,NA,NA,0.0769230769230769
"2026-10-06T18:11:29Z","2026_05_BUF_LA","e6d00eedd87d367e510314bd8cab8f6f","2026-10-13T00:15:00Z","player_anytime_td","Ty Johnson",5,NA,NA,NA,NA,NA,0.181818181818182
"2026-10-06T18:11:29Z","2026_05_BUF_LA","e6d00eedd87d367e510314bd8cab8f6f","2026-10-13T00:15:00Z","player_anytime_td","Tyler Higbee",5,NA,NA,NA,NA,NA,0.357142857142857
"2026-10-06T18:11:29Z","2026_05_CHI_GB","2caea57b1e5cfbba1334cfbfd46f6771","2026-10-11T17:00:00Z","player_anytime_td","Bo Melton",6,NA,NA,NA,NA,NA,0.0588235294117647
"2026-10-06T18:11:29Z","2026_05_CHI_GB","2caea57b1e5cfbba1334cfbfd46f6771","2026-10-11T17:00:00Z","player_anytime_td","Chris Brooks",6,NA,NA,NA,NA,NA,0.173913043478261
"2026-10-06T18:11:29Z","2026_05_CHI_GB","2caea57b1e5cfbba1334cfbfd46f6771","2026-10-11T17:00:00Z","player_anytime_td","Christian Watson",6,NA,NA,NA,NA,NA,0.344827586206897
"2026-10-06T18:11:29Z","2026_05_CHI_GB","2caea57b1e5cfbba1334cfbfd46f6771","2026-10-11T17:00:00Z","player_anytime_td","Cole Kmet",6,NA,NA,NA,NA,NA,0.153846153846154
"2026-10-06T18:11:29Z","2026_05_CHI_GB","2caea57b1e5cfbba1334cfbfd46f6771","2026-10-11T17:00:00Z","player_anytime_td","Colston Loveland",6,NA,NA,NA,NA,NA,0.327868852459016
"2026-10-06T18:11:29Z","2026_05_CHI_GB","2caea57b1e5cfbba1334cfbfd46f6771","2026-10-11T17:00:00Z","player_anytime_td","D'Andre Swift",6,NA,NA,NA,NA,NA,0.476190476190476
"2026-10-06T18:11:29Z","2026_05_CHI_GB","2caea57b1e5cfbba1334cfbfd46f6771","2026-10-11T17:00:00Z","player_anytime_td","Hayden Large",1,NA,NA,NA,NA,NA,0.032258064516129
"2026-10-06T18:11:29Z","2026_05_CHI_GB","2caea57b1e5cfbba1334cfbfd46f6771","2026-10-11T17:00:00Z","player_anytime_td","J. Michael Sturdivant",2,NA,NA,NA,NA,NA,0.0794117647058823
"2026-10-06T18:11:29Z","2026_05_CHI_GB","2caea57b1e5cfbba1334cfbfd46f6771","2026-10-11T17:00:00Z","player_anytime_td","Jahdae Walker",4,NA,NA,NA,NA,NA,0.0571895424836601
"2026-10-06T18:11:29Z","2026_05_CHI_GB","2caea57b1e5cfbba1334cfbfd46f6771","2026-10-11T17:00:00Z","player_anytime_td","Jonnu Smith",6,NA,NA,NA,NA,NA,0.108187134502924
"2026-10-06T18:11:29Z","2026_05_CHI_GB","2caea57b1e5cfbba1334cfbfd46f6771","2026-10-11T17:00:00Z","player_anytime_td","Jordan Love",6,NA,NA,NA,NA,NA,0.105263157894737
"2026-10-06T18:11:29Z","2026_05_CHI_GB","2caea57b1e5cfbba1334cfbfd46f6771","2026-10-11T17:00:00Z","player_anytime_td","Josh Whyle",4,NA,NA,NA,NA,NA,0.0930735930735931
"2026-10-06T18:11:29Z","2026_05_CHI_GB","2caea57b1e5cfbba1334cfbfd46f6771","2026-10-11T17:00:00Z","player_anytime_td","Kaleb Johnson",6,NA,NA,NA,NA,NA,0.357142857142857
"2026-10-06T18:11:29Z","2026_05_CHI_GB","2caea57b1e5cfbba1334cfbfd46f6771","2026-10-11T17:00:00Z","player_anytime_td","Kalif Raymond",6,NA,NA,NA,NA,NA,0.198039215686275
"2026-10-06T18:11:29Z","2026_05_CHI_GB","2caea57b1e5cfbba1334cfbfd46f6771","2026-10-11T17:00:00Z","player_anytime_td","Kyle Monangai",6,NA,NA,NA,NA,NA,0.435731915701538
"2026-10-06T18:11:29Z","2026_05_CHI_GB","2caea57b1e5cfbba1334cfbfd46f6771","2026-10-11T17:00:00Z","player_anytime_td","Luther Burden III",6,NA,NA,NA,NA,NA,0.317460317460317
"2026-10-06T18:11:29Z","2026_05_CHI_GB","2caea57b1e5cfbba1334cfbfd46f6771","2026-10-11T17:00:00Z","player_anytime_td","MarShawn Lloyd",6,NA,NA,NA,NA,NA,0.403252032520325
"2026-10-06T18:11:29Z","2026_05_CHI_GB","2caea57b1e5cfbba1334cfbfd46f6771","2026-10-11T17:00:00Z","player_anytime_td","Mark Redman",3,NA,NA,NA,NA,NA,0.0909090909090909
"2026-10-06T18:11:29Z","2026_05_CHI_GB","2caea57b1e5cfbba1334cfbfd46f6771","2026-10-11T17:00:00Z","player_anytime_td","Matthew Golden",6,NA,NA,NA,NA,NA,0.296312554872695
"2026-10-06T18:11:29Z","2026_05_CHI_GB","2caea57b1e5cfbba1334cfbfd46f6771","2026-10-11T17:00:00Z","player_anytime_td","Rome Odunze",6,NA,NA,NA,NA,NA,0.325224748810153
"2026-10-06T18:11:29Z","2026_05_CHI_GB","2caea57b1e5cfbba1334cfbfd46f6771","2026-10-11T17:00:00Z","player_anytime_td","Roschon Johnson",4,NA,NA,NA,NA,NA,0.163333333333333
"2026-10-06T18:11:29Z","2026_05_CHI_GB","2caea57b1e5cfbba1334cfbfd46f6771","2026-10-11T17:00:00Z","player_anytime_td","Sam Roush",6,NA,NA,NA,NA,NA,0.0588235294117647
"2026-10-06T18:11:29Z","2026_05_CHI_GB","2caea57b1e5cfbba1334cfbfd46f6771","2026-10-11T17:00:00Z","player_anytime_td","Skyy Moore",6,NA,NA,NA,NA,NA,0.173913043478261
"2026-10-06T18:11:29Z","2026_05_CHI_GB","2caea57b1e5cfbba1334cfbfd46f6771","2026-10-11T17:00:00Z","player_anytime_td","Tucker Kraft",6,NA,NA,NA,NA,NA,0.296312554872695
"2026-10-06T18:11:29Z","2026_05_CHI_GB","2caea57b1e5cfbba1334cfbfd46f6771","2026-10-11T17:00:00Z","player_anytime_td","Tyson Bagent",6,NA,NA,NA,NA,NA,0.148148148148148
"2026-10-06T18:11:29Z","2026_05_CHI_GB","2caea57b1e5cfbba1334cfbfd46f6771","2026-10-11T17:00:00Z","player_anytime_td","Zavion Thomas",3,NA,NA,NA,NA,NA,0.0952380952380952
"2026-10-06T18:11:29Z","2026_05_CIN_MIA","c4647ca1201e6768501877267ca8251b","2026-10-11T17:00:00Z","player_anytime_td","Caleb Douglas",2,NA,NA,NA,NA,NA,0.206382978723404
"2026-10-06T18:11:29Z","2026_05_CIN_MIA","c4647ca1201e6768501877267ca8251b","2026-10-11T17:00:00Z","player_anytime_td","Carlos Washington Jr.",1,NA,NA,NA,NA,NA,0.0588235294117647
"2026-10-06T18:11:29Z","2026_05_CIN_MIA","c4647ca1201e6768501877267ca8251b","2026-10-11T17:00:00Z","player_anytime_td","Chase Brown",4,NA,NA,NA,NA,NA,0.610871375577258
"2026-10-06T18:11:29Z","2026_05_CIN_MIA","c4647ca1201e6768501877267ca8251b","2026-10-11T17:00:00Z","player_anytime_td","Chris Bell",2,NA,NA,NA,NA,NA,0.256410256410256
"2026-10-06T18:11:29Z","2026_05_CIN_MIA","c4647ca1201e6768501877267ca8251b","2026-10-11T17:00:00Z","player_anytime_td","Colbie Young",2,NA,NA,NA,NA,NA,0.108823529411765
"2026-10-06T18:11:29Z","2026_05_CIN_MIA","c4647ca1201e6768501877267ca8251b","2026-10-11T17:00:00Z","player_anytime_td","DJ Herman",1,NA,NA,NA,NA,NA,0.0588235294117647
"2026-10-06T18:11:29Z","2026_05_CIN_MIA","c4647ca1201e6768501877267ca8251b","2026-10-11T17:00:00Z","player_anytime_td","Dohnte Meyers",2,NA,NA,NA,NA,NA,0.262632978723404
"2026-10-06T18:11:29Z","2026_05_CIN_MIA","c4647ca1201e6768501877267ca8251b","2026-10-11T17:00:00Z","player_anytime_td","Drew Sample",2,NA,NA,NA,NA,NA,0.122222222222222
"2026-10-06T18:11:29Z","2026_05_CIN_MIA","c4647ca1201e6768501877267ca8251b","2026-10-11T17:00:00Z","player_anytime_td","Erick All",2,NA,NA,NA,NA,NA,0.150997150997151
"2026-10-06T18:11:29Z","2026_05_CIN_MIA","c4647ca1201e6768501877267ca8251b","2026-10-11T17:00:00Z","player_anytime_td","Greg Dulcich",2,NA,NA,NA,NA,NA,0.239598278335725
"2026-10-06T18:11:29Z","2026_05_CIN_MIA","c4647ca1201e6768501877267ca8251b","2026-10-11T17:00:00Z","player_anytime_td","Ja'Marr Chase",2,NA,NA,NA,NA,NA,0.5
"2026-10-06T18:11:29Z","2026_05_CIN_MIA","c4647ca1201e6768501877267ca8251b","2026-10-11T17:00:00Z","player_anytime_td","Jack Endries",2,NA,NA,NA,NA,NA,0.0525641025641026
"2026-10-06T18:11:29Z","2026_05_CIN_MIA","c4647ca1201e6768501877267ca8251b","2026-10-11T17:00:00Z","player_anytime_td","Jalen Tolbert",2,NA,NA,NA,NA,NA,0.108823529411765
"2026-10-06T18:11:29Z","2026_05_CIN_MIA","c4647ca1201e6768501877267ca8251b","2026-10-11T17:00:00Z","player_anytime_td","Jaylen Wright",2,NA,NA,NA,NA,NA,0.265191429574991
"2026-10-06T18:11:29Z","2026_05_CIN_MIA","c4647ca1201e6768501877267ca8251b","2026-10-11T17:00:00Z","player_anytime_td","Joe Burrow",2,NA,NA,NA,NA,NA,0.133333333333333
"2026-10-06T18:11:29Z","2026_05_CIN_MIA","c4647ca1201e6768501877267ca8251b","2026-10-11T17:00:00Z","player_anytime_td","Justin Joly",2,NA,NA,NA,NA,NA,0.0392307692307692
"2026-10-06T18:11:29Z","2026_05_CIN_MIA","c4647ca1201e6768501877267ca8251b","2026-10-11T17:00:00Z","player_anytime_td","Kevin Coleman Jr.",2,NA,NA,NA,NA,NA,0.108823529411765
"2026-10-06T18:11:29Z","2026_05_CIN_MIA","c4647ca1201e6768501877267ca8251b","2026-10-11T17:00:00Z","player_anytime_td","Malik Washington",2,NA,NA,NA,NA,NA,0.318181818181818
"2026-10-06T18:11:29Z","2026_05_CIN_MIA","c4647ca1201e6768501877267ca8251b","2026-10-11T17:00:00Z","player_anytime_td","Malik Willis",2,NA,NA,NA,NA,NA,0.267857142857143
"2026-10-06T18:11:29Z","2026_05_CIN_MIA","c4647ca1201e6768501877267ca8251b","2026-10-11T17:00:00Z","player_anytime_td","Mike Gesicki",2,NA,NA,NA,NA,NA,0.350985221674877
"2026-10-06T18:11:29Z","2026_05_CIN_MIA","c4647ca1201e6768501877267ca8251b","2026-10-11T17:00:00Z","player_anytime_td","Mitchell Tinsley",2,NA,NA,NA,NA,NA,0.177865612648221
"2026-10-06T18:11:29Z","2026_05_CIN_MIA","c4647ca1201e6768501877267ca8251b","2026-10-11T17:00:00Z","player_anytime_td","Ollie Gordon II",4,NA,NA,NA,NA,NA,0.422849991060254
"2026-10-06T18:11:29Z","2026_05_CIN_MIA","c4647ca1201e6768501877267ca8251b","2026-10-11T17:00:00Z","player_anytime_td","Ryan Miller",2,NA,NA,NA,NA,NA,0.0916666666666667
"2026-10-06T18:11:29Z","2026_05_CIN_MIA","c4647ca1201e6768501877267ca8251b","2026-10-11T17:00:00Z","player_anytime_td","Samaje Perine",2,NA,NA,NA,NA,NA,0.259784075573549
"2026-10-06T18:11:29Z","2026_05_CIN_MIA","c4647ca1201e6768501877267ca8251b","2026-10-11T17:00:00Z","player_anytime_td","Seydou Traore",2,NA,NA,NA,NA,NA,0.0417391304347826
"2026-10-06T18:11:29Z","2026_05_CIN_MIA","c4647ca1201e6768501877267ca8251b","2026-10-11T17:00:00Z","player_anytime_td","Tahj Brooks",2,NA,NA,NA,NA,NA,0.0773809523809524
"2026-10-06T18:11:29Z","2026_05_CIN_MIA","c4647ca1201e6768501877267ca8251b","2026-10-11T17:00:00Z","player_anytime_td","Tanner Hudson",2,NA,NA,NA,NA,NA,0.0666666666666667
"2026-10-06T18:11:29Z","2026_05_CIN_MIA","c4647ca1201e6768501877267ca8251b","2026-10-11T17:00:00Z","player_anytime_td","Tee Higgins",2,NA,NA,NA,NA,NA,0.530475035820567
"2026-10-06T18:11:29Z","2026_05_CIN_MIA","c4647ca1201e6768501877267ca8251b","2026-10-11T17:00:00Z","player_anytime_td","Will Kacmarek",2,NA,NA,NA,NA,NA,0.0942982456140351
"2026-10-06T18:11:29Z","2026_05_CLE_NYJ","9db4ed15fe34fca1fb62f040cd244591","2026-10-11T17:00:00Z","player_anytime_td","Adonai Mitchell",1,NA,NA,NA,NA,NA,0.303030303030303
"2026-10-06T18:11:29Z","2026_05_CLE_NYJ","9db4ed15fe34fca1fb62f040cd244591","2026-10-11T17:00:00Z","player_anytime_td","Andrew Beck",2,NA,NA,NA,NA,NA,0.0596491228070175
"2026-10-06T18:11:29Z","2026_05_CLE_NYJ","9db4ed15fe34fca1fb62f040cd244591","2026-10-11T17:00:00Z","player_anytime_td","Blake Whiteheart",6,NA,NA,NA,NA,NA,0.0952380952380952
"2026-10-06T18:11:29Z","2026_05_CLE_NYJ","9db4ed15fe34fca1fb62f040cd244591","2026-10-11T17:00:00Z","player_anytime_td","Braelon Allen",6,NA,NA,NA,NA,NA,0.50609756097561
"2026-10-06T18:11:29Z","2026_05_CLE_NYJ","9db4ed15fe34fca1fb62f040cd244591","2026-10-11T17:00:00Z","player_anytime_td","Breece Hall",1,NA,NA,NA,NA,NA,0.555555555555556
"2026-10-06T18:11:29Z","2026_05_CLE_NYJ","9db4ed15fe34fca1fb62f040cd244591","2026-10-11T17:00:00Z","player_anytime_td","Carsen Ryan",6,NA,NA,NA,NA,NA,0.0339080459770115
"2026-10-06T18:11:29Z","2026_05_CLE_NYJ","9db4ed15fe34fca1fb62f040cd244591","2026-10-11T17:00:00Z","player_anytime_td","Denzel Boston",6,NA,NA,NA,NA,NA,0.32258064516129
"2026-10-06T18:11:29Z","2026_05_CLE_NYJ","9db4ed15fe34fca1fb62f040cd244591","2026-10-11T17:00:00Z","player_anytime_td","Deshaun Watson",6,NA,NA,NA,NA,NA,0.206207482993197
"2026-10-06T18:11:29Z","2026_05_CLE_NYJ","9db4ed15fe34fca1fb62f040cd244591","2026-10-11T17:00:00Z","player_anytime_td","Garrett Wilson",6,NA,NA,NA,NA,NA,0.398412698412698
"2026-10-06T18:11:29Z","2026_05_CLE_NYJ","9db4ed15fe34fca1fb62f040cd244591","2026-10-11T17:00:00Z","player_anytime_td","Geno Smith",6,NA,NA,NA,NA,NA,0.117647058823529
"2026-10-06T18:11:29Z","2026_05_CLE_NYJ","9db4ed15fe34fca1fb62f040cd244591","2026-10-11T17:00:00Z","player_anytime_td","Harold Fannin Jr.",6,NA,NA,NA,NA,NA,0.314980158730159
"2026-10-06T18:11:29Z","2026_05_CLE_NYJ","9db4ed15fe34fca1fb62f040cd244591","2026-10-11T17:00:00Z","player_anytime_td","Isaiah Bond",6,NA,NA,NA,NA,NA,0.0513157894736842
"2026-10-06T18:11:29Z","2026_05_CLE_NYJ","9db4ed15fe34fca1fb62f040cd244591","2026-10-11T17:00:00Z","player_anytime_td","Isaiah Davis",6,NA,NA,NA,NA,NA,0.170289855072464
"2026-10-06T18:11:29Z","2026_05_CLE_NYJ","9db4ed15fe34fca1fb62f040cd244591","2026-10-11T17:00:00Z","player_anytime_td","Isaiah Williams",6,NA,NA,NA,NA,NA,0.194193061840121
"2026-10-06T18:11:29Z","2026_05_CLE_NYJ","9db4ed15fe34fca1fb62f040cd244591","2026-10-11T17:00:00Z","player_anytime_td","Jaleel McLaughlin",6,NA,NA,NA,NA,NA,0.0769230769230769
"2026-10-06T18:11:29Z","2026_05_CLE_NYJ","9db4ed15fe34fca1fb62f040cd244591","2026-10-11T17:00:00Z","player_anytime_td","Jamaal Pritchett",6,NA,NA,NA,NA,NA,0.0384615384615385
"2026-10-06T18:11:29Z","2026_05_CLE_NYJ","9db4ed15fe34fca1fb62f040cd244591","2026-10-11T17:00:00Z","player_anytime_td","Jelani Woods",6,NA,NA,NA,NA,NA,0.0588235294117647
"2026-10-06T18:11:29Z","2026_05_CLE_NYJ","9db4ed15fe34fca1fb62f040cd244591","2026-10-11T17:00:00Z","player_anytime_td","Jeremy Ruckert",6,NA,NA,NA,NA,NA,0.127016129032258
"2026-10-06T18:11:29Z","2026_05_CLE_NYJ","9db4ed15fe34fca1fb62f040cd244591","2026-10-11T17:00:00Z","player_anytime_td","Jerry Jeudy",6,NA,NA,NA,NA,NA,0.125
"2026-10-06T18:11:29Z","2026_05_CLE_NYJ","9db4ed15fe34fca1fb62f040cd244591","2026-10-11T17:00:00Z","player_anytime_td","KC Concepcion",6,NA,NA,NA,NA,NA,0.281746031746032
"2026-10-06T18:11:29Z","2026_05_CLE_NYJ","9db4ed15fe34fca1fb62f040cd244591","2026-10-11T17:00:00Z","player_anytime_td","Kene Nwangwu",6,NA,NA,NA,NA,NA,0.0370879120879121
"2026-10-06T18:11:29Z","2026_05_CLE_NYJ","9db4ed15fe34fca1fb62f040cd244591","2026-10-11T17:00:00Z","player_anytime_td","Kenyon Sadiq",6,NA,NA,NA,NA,NA,0.330601092896175
"2026-10-06T18:11:29Z","2026_05_CLE_NYJ","9db4ed15fe34fca1fb62f040cd244591","2026-10-11T17:00:00Z","player_anytime_td","Malachi Corley",6,NA,NA,NA,NA,NA,0.0455465587044534
"2026-10-06T18:11:29Z","2026_05_CLE_NYJ","9db4ed15fe34fca1fb62f040cd244591","2026-10-11T17:00:00Z","player_anytime_td","Malik McClain",6,NA,NA,NA,NA,NA,0.0488095238095238
"2026-10-06T18:11:29Z","2026_05_CLE_NYJ","9db4ed15fe34fca1fb62f040cd244591","2026-10-11T17:00:00Z","player_anytime_td","Mason Taylor",1,NA,NA,NA,NA,NA,0.133333333333333
"2026-10-06T18:11:29Z","2026_05_CLE_NYJ","9db4ed15fe34fca1fb62f040cd244591","2026-10-11T17:00:00Z","player_anytime_td","Michael Burton",6,NA,NA,NA,NA,NA,0.032258064516129
"2026-10-06T18:11:29Z","2026_05_CLE_NYJ","9db4ed15fe34fca1fb62f040cd244591","2026-10-11T17:00:00Z","player_anytime_td","Quinshon Judkins",6,NA,NA,NA,NA,NA,0.433841520798043
"2026-10-06T18:11:29Z","2026_05_CLE_NYJ","9db4ed15fe34fca1fb62f040cd244591","2026-10-11T17:00:00Z","player_anytime_td","Raheim Sanders",6,NA,NA,NA,NA,NA,0.129166666666667
"2026-10-06T18:11:29Z","2026_05_CLE_NYJ","9db4ed15fe34fca1fb62f040cd244591","2026-10-11T17:00:00Z","player_anytime_td","Tylan Wallace",3,NA,NA,NA,NA,NA,0.0625
"2026-10-06T18:11:29Z","2026_05_DEN_LAC","d1d408fdfd272046fb517fe992a1c5a0","2026-10-11T20:05:00Z","player_anytime_td","Adam Trautman",1,NA,NA,NA,NA,NA,0.105263157894737
"2026-10-06T18:11:29Z","2026_05_DEN_LAC","d1d408fdfd272046fb517fe992a1c5a0","2026-10-11T20:05:00Z","player_anytime_td","Alec Ingold",1,NA,NA,NA,NA,NA,0.05
"2026-10-06T18:11:29Z","2026_05_DEN_LAC","d1d408fdfd272046fb517fe992a1c5a0","2026-10-11T20:05:00Z","player_anytime_td","Bo Nix",1,NA,NA,NA,NA,NA,0.166666666666667
"2026-10-06T18:11:29Z","2026_05_DEN_LAC","d1d408fdfd272046fb517fe992a1c5a0","2026-10-11T20:05:00Z","player_anytime_td","Brenen Thompson",1,NA,NA,NA,NA,NA,0.0833333333333333
"2026-10-06T18:11:29Z","2026_05_DEN_LAC","d1d408fdfd272046fb517fe992a1c5a0","2026-10-11T20:05:00Z","player_anytime_td","Charlie Kolar",1,NA,NA,NA,NA,NA,0.142857142857143
"2026-10-06T18:11:29Z","2026_05_DEN_LAC","d1d408fdfd272046fb517fe992a1c5a0","2026-10-11T20:05:00Z","player_anytime_td","Courtland Sutton",1,NA,NA,NA,NA,NA,0.307692307692308
"2026-10-06T18:11:29Z","2026_05_DEN_LAC","d1d408fdfd272046fb517fe992a1c5a0","2026-10-11T20:05:00Z","player_anytime_td","Dallen Bentley",1,NA,NA,NA,NA,NA,0.0434782608695652
"2026-10-06T18:11:29Z","2026_05_DEN_LAC","d1d408fdfd272046fb517fe992a1c5a0","2026-10-11T20:05:00Z","player_anytime_td","Derius Davis",1,NA,NA,NA,NA,NA,0.0833333333333333
"2026-10-06T18:11:29Z","2026_05_DEN_LAC","d1d408fdfd272046fb517fe992a1c5a0","2026-10-11T20:05:00Z","player_anytime_td","Evan Engram",1,NA,NA,NA,NA,NA,0.227272727272727
"2026-10-06T18:11:29Z","2026_05_DEN_LAC","d1d408fdfd272046fb517fe992a1c5a0","2026-10-11T20:05:00Z","player_anytime_td","Hayden Rucci",1,NA,NA,NA,NA,NA,0.0625
"2026-10-06T18:11:29Z","2026_05_DEN_LAC","d1d408fdfd272046fb517fe992a1c5a0","2026-10-11T20:05:00Z","player_anytime_td","J.K. Dobbins",4,NA,NA,NA,NA,NA,0.434782608695652
"2026-10-06T18:11:29Z","2026_05_DEN_LAC","d1d408fdfd272046fb517fe992a1c5a0","2026-10-11T20:05:00Z","player_anytime_td","Jaylen Waddle",4,NA,NA,NA,NA,NA,0.386918126029038
"2026-10-06T18:11:29Z","2026_05_DEN_LAC","d1d408fdfd272046fb517fe992a1c5a0","2026-10-11T20:05:00Z","player_anytime_td","Justin Herbert",1,NA,NA,NA,NA,NA,0.166666666666667
"2026-10-06T18:11:29Z","2026_05_DEN_LAC","d1d408fdfd272046fb517fe992a1c5a0","2026-10-11T20:05:00Z","player_anytime_td","Keaton Mitchell",1,NA,NA,NA,NA,NA,0.294117647058824
"2026-10-06T18:11:29Z","2026_05_DEN_LAC","d1d408fdfd272046fb517fe992a1c5a0","2026-10-11T20:05:00Z","player_anytime_td","Kimani Vidal",1,NA,NA,NA,NA,NA,0.166666666666667
"2026-10-06T18:11:29Z","2026_05_DEN_LAC","d1d408fdfd272046fb517fe992a1c5a0","2026-10-11T20:05:00Z","player_anytime_td","Ladd McConkey",1,NA,NA,NA,NA,NA,0.307692307692308
"2026-10-06T18:11:29Z","2026_05_DEN_LAC","d1d408fdfd272046fb517fe992a1c5a0","2026-10-11T20:05:00Z","player_anytime_td","Lil'Jordan Humphrey",1,NA,NA,NA,NA,NA,0.0769230769230769
"2026-10-06T18:11:29Z","2026_05_DEN_LAC","d1d408fdfd272046fb517fe992a1c5a0","2026-10-11T20:05:00Z","player_anytime_td","Marquez Valdes-Scantling",1,NA,NA,NA,NA,NA,0.0714285714285714
"2026-10-06T18:11:29Z","2026_05_DEN_LAC","d1d408fdfd272046fb517fe992a1c5a0","2026-10-11T20:05:00Z","player_anytime_td","Marvin Mims Jr.",1,NA,NA,NA,NA,NA,0.117647058823529
"2026-10-06T18:11:29Z","2026_05_DEN_LAC","d1d408fdfd272046fb517fe992a1c5a0","2026-10-11T20:05:00Z","player_anytime_td","Nate Adkins",1,NA,NA,NA,NA,NA,0.0833333333333333
"2026-10-06T18:11:29Z","2026_05_DEN_LAC","d1d408fdfd272046fb517fe992a1c5a0","2026-10-11T20:05:00Z","player_anytime_td","Omarion Hampton",1,NA,NA,NA,NA,NA,0.384615384615385
"2026-10-06T18:11:29Z","2026_05_DEN_LAC","d1d408fdfd272046fb517fe992a1c5a0","2026-10-11T20:05:00Z","player_anytime_td","Oronde Gadsden II",1,NA,NA,NA,NA,NA,0.204081632653061
"2026-10-06T18:11:29Z","2026_05_DEN_LAC","d1d408fdfd272046fb517fe992a1c5a0","2026-10-11T20:05:00Z","player_anytime_td","Pat Bryant",1,NA,NA,NA,NA,NA,0.212765957446809
"2026-10-06T18:11:29Z","2026_05_DEN_LAC","d1d408fdfd272046fb517fe992a1c5a0","2026-10-11T20:05:00Z","player_anytime_td","Quentin Johnston",1,NA,NA,NA,NA,NA,0.273972602739726
"2026-10-06T18:11:29Z","2026_05_DEN_LAC","d1d408fdfd272046fb517fe992a1c5a0","2026-10-11T20:05:00Z","player_anytime_td","RJ Harvey",4,NA,NA,NA,NA,NA,0.37037037037037
"2026-10-06T18:11:29Z","2026_05_DEN_LAC","d1d408fdfd272046fb517fe992a1c5a0","2026-10-11T20:05:00Z","player_anytime_td","Tre Harris",1,NA,NA,NA,NA,NA,0.227272727272727
"2026-10-06T18:11:29Z","2026_05_DEN_LAC","d1d408fdfd272046fb517fe992a1c5a0","2026-10-11T20:05:00Z","player_anytime_td","Troy Franklin",1,NA,NA,NA,NA,NA,0.142857142857143
"2026-10-06T18:11:29Z","2026_05_DEN_LAC","d1d408fdfd272046fb517fe992a1c5a0","2026-10-11T20:05:00Z","player_anytime_td","Tyler Badie",1,NA,NA,NA,NA,NA,0.111111111111111
"2026-10-06T18:11:29Z","2026_05_DET_ARI","f8e7f43f73aa983c5c99c189587f0118","2026-10-11T20:25:00Z","player_anytime_td","Amon-Ra St. Brown",4,NA,NA,NA,NA,NA,0.590157050474511
"2026-10-06T18:11:29Z","2026_05_DET_ARI","f8e7f43f73aa983c5c99c189587f0118","2026-10-11T20:25:00Z","player_anytime_td","Bam Knight",1,NA,NA,NA,NA,NA,0.1
"2026-10-06T18:11:29Z","2026_05_DET_ARI","f8e7f43f73aa983c5c99c189587f0118","2026-10-11T20:25:00Z","player_anytime_td","Brock Wright",1,NA,NA,NA,NA,NA,0.117647058823529
"2026-10-06T18:11:29Z","2026_05_DET_ARI","f8e7f43f73aa983c5c99c189587f0118","2026-10-11T20:25:00Z","player_anytime_td","Devin Duvernay",1,NA,NA,NA,NA,NA,0.1
"2026-10-06T18:11:29Z","2026_05_DET_ARI","f8e7f43f73aa983c5c99c189587f0118","2026-10-11T20:25:00Z","player_anytime_td","Elijah Higgins",1,NA,NA,NA,NA,NA,0.133333333333333
"2026-10-06T18:11:29Z","2026_05_DET_ARI","f8e7f43f73aa983c5c99c189587f0118","2026-10-11T20:25:00Z","player_anytime_td","Hunter Long",1,NA,NA,NA,NA,NA,0.0625
"2026-10-06T18:11:29Z","2026_05_DET_ARI","f8e7f43f73aa983c5c99c189587f0118","2026-10-11T20:25:00Z","player_anytime_td","Isaac TeSlaa",1,NA,NA,NA,NA,NA,0.188679245283019
"2026-10-06T18:11:29Z","2026_05_DET_ARI","f8e7f43f73aa983c5c99c189587f0118","2026-10-11T20:25:00Z","player_anytime_td","Jackson Meeks",1,NA,NA,NA,NA,NA,0.0434782608695652
"2026-10-06T18:11:29Z","2026_05_DET_ARI","f8e7f43f73aa983c5c99c189587f0118","2026-10-11T20:25:00Z","player_anytime_td","Jacob Saylors",1,NA,NA,NA,NA,NA,0.0769230769230769
"2026-10-06T18:11:29Z","2026_05_DET_ARI","f8e7f43f73aa983c5c99c189587f0118","2026-10-11T20:25:00Z","player_anytime_td","Jacoby Brissett",1,NA,NA,NA,NA,NA,0.16
"2026-10-06T18:11:29Z","2026_05_DET_ARI","f8e7f43f73aa983c5c99c189587f0118","2026-10-11T20:25:00Z","player_anytime_td","Jahmyr Gibbs",4,NA,NA,NA,NA,NA,0.766073871409029
"2026-10-06T18:11:29Z","2026_05_DET_ARI","f8e7f43f73aa983c5c99c189587f0118","2026-10-11T20:25:00Z","player_anytime_td","Jalen Brooks",1,NA,NA,NA,NA,NA,0.0625
"2026-10-06T18:11:29Z","2026_05_DET_ARI","f8e7f43f73aa983c5c99c189587f0118","2026-10-11T20:25:00Z","player_anytime_td","Jameson Williams",4,NA,NA,NA,NA,NA,0.429255711127487
"2026-10-06T18:11:29Z","2026_05_DET_ARI","f8e7f43f73aa983c5c99c189587f0118","2026-10-11T20:25:00Z","player_anytime_td","Jared Goff",1,NA,NA,NA,NA,NA,0.117647058823529
"2026-10-06T18:11:29Z","2026_05_DET_ARI","f8e7f43f73aa983c5c99c189587f0118","2026-10-11T20:25:00Z","player_anytime_td","Jeremiyah Love",4,NA,NA,NA,NA,NA,0.56893348197696
"2026-10-06T18:11:29Z","2026_05_DET_ARI","f8e7f43f73aa983c5c99c189587f0118","2026-10-11T20:25:00Z","player_anytime_td","Kendrick Bourne",1,NA,NA,NA,NA,NA,0.16
"2026-10-06T18:11:29Z","2026_05_DET_ARI","f8e7f43f73aa983c5c99c189587f0118","2026-10-11T20:25:00Z","player_anytime_td","Marvin Harrison Jr.",1,NA,NA,NA,NA,NA,0.204081632653061
"2026-10-06T18:11:29Z","2026_05_DET_ARI","f8e7f43f73aa983c5c99c189587f0118","2026-10-11T20:25:00Z","player_anytime_td","Michael Wilson",1,NA,NA,NA,NA,NA,0.285714285714286
"2026-10-06T18:11:29Z","2026_05_DET_ARI","f8e7f43f73aa983c5c99c189587f0118","2026-10-11T20:25:00Z","player_anytime_td","Reggie Virgil",1,NA,NA,NA,NA,NA,0.0588235294117647
"2026-10-06T18:11:29Z","2026_05_DET_ARI","f8e7f43f73aa983c5c99c189587f0118","2026-10-11T20:25:00Z","player_anytime_td","Sam LaPorta",4,NA,NA,NA,NA,NA,0.4
"2026-10-06T18:11:29Z","2026_05_DET_ARI","f8e7f43f73aa983c5c99c189587f0118","2026-10-11T20:25:00Z","player_anytime_td","Simi Fehoko",1,NA,NA,NA,NA,NA,0.0344827586206897
"2026-10-06T18:11:29Z","2026_05_DET_ARI","f8e7f43f73aa983c5c99c189587f0118","2026-10-11T20:25:00Z","player_anytime_td","Sione Vaki",1,NA,NA,NA,NA,NA,0.204081632653061
"2026-10-06T18:11:29Z","2026_05_DET_ARI","f8e7f43f73aa983c5c99c189587f0118","2026-10-11T20:25:00Z","player_anytime_td","Tay Martin",1,NA,NA,NA,NA,NA,0.0588235294117647
"2026-10-06T18:11:29Z","2026_05_DET_ARI","f8e7f43f73aa983c5c99c189587f0118","2026-10-11T20:25:00Z","player_anytime_td","Trey McBride",4,NA,NA,NA,NA,NA,0.429255711127487
"2026-10-06T18:11:29Z","2026_05_DET_ARI","f8e7f43f73aa983c5c99c189587f0118","2026-10-11T20:25:00Z","player_anytime_td","Tyler Allgeier",4,NA,NA,NA,NA,NA,0.369687030203635
"2026-10-06T18:11:29Z","2026_05_DET_ARI","f8e7f43f73aa983c5c99c189587f0118","2026-10-11T20:25:00Z","player_anytime_td","Tyler Conklin",1,NA,NA,NA,NA,NA,0.0434782608695652
"2026-10-06T18:11:29Z","2026_05_HOU_TEN","cc52bba56e74f5cddbe9011046181c3d","2026-10-11T17:00:00Z","player_anytime_td","Brevin Jordan",2,NA,NA,NA,NA,NA,0.0338888888888889
"2026-10-06T18:11:29Z","2026_05_HOU_TEN","cc52bba56e74f5cddbe9011046181c3d","2026-10-11T17:00:00Z","player_anytime_td","British Brooks",1,NA,NA,NA,NA,NA,0.0555555555555556
"2026-10-06T18:11:29Z","2026_05_HOU_TEN","cc52bba56e74f5cddbe9011046181c3d","2026-10-11T17:00:00Z","player_anytime_td","C.J. Stroud",2,NA,NA,NA,NA,NA,0.166666666666667
"2026-10-06T18:11:29Z","2026_05_HOU_TEN","cc52bba56e74f5cddbe9011046181c3d","2026-10-11T17:00:00Z","player_anytime_td","Cade Stover",2,NA,NA,NA,NA,NA,0.0571428571428571
"2026-10-06T18:11:29Z","2026_05_HOU_TEN","cc52bba56e74f5cddbe9011046181c3d","2026-10-11T17:00:00Z","player_anytime_td","Calvin Ridley",2,NA,NA,NA,NA,NA,0.121323529411765
"2026-10-06T18:11:29Z","2026_05_HOU_TEN","cc52bba56e74f5cddbe9011046181c3d","2026-10-11T17:00:00Z","player_anytime_td","Cam Ward",2,NA,NA,NA,NA,NA,0.145502645502645
"2026-10-06T18:11:29Z","2026_05_HOU_TEN","cc52bba56e74f5cddbe9011046181c3d","2026-10-11T17:00:00Z","player_anytime_td","Carnell Tate",2,NA,NA,NA,NA,NA,0.268565248738284
"2026-10-06T18:11:29Z","2026_05_HOU_TEN","cc52bba56e74f5cddbe9011046181c3d","2026-10-11T17:00:00Z","player_anytime_td","Chimere Dike",2,NA,NA,NA,NA,NA,0.118055555555556
"2026-10-06T18:11:29Z","2026_05_HOU_TEN","cc52bba56e74f5cddbe9011046181c3d","2026-10-11T17:00:00Z","player_anytime_td","Dalton Schultz",2,NA,NA,NA,NA,NA,0.329293993677555
"2026-10-06T18:11:29Z","2026_05_HOU_TEN","cc52bba56e74f5cddbe9011046181c3d","2026-10-11T17:00:00Z","player_anytime_td","Daniel Bellinger",2,NA,NA,NA,NA,NA,0.1125
"2026-10-06T18:11:29Z","2026_05_HOU_TEN","cc52bba56e74f5cddbe9011046181c3d","2026-10-11T17:00:00Z","player_anytime_td","Dare Ogunbowale",2,NA,NA,NA,NA,NA,0.0627450980392157
"2026-10-06T18:11:29Z","2026_05_HOU_TEN","cc52bba56e74f5cddbe9011046181c3d","2026-10-11T17:00:00Z","player_anytime_td","David Martin-Robinson",1,NA,NA,NA,NA,NA,0.032258064516129
"2026-10-06T18:11:29Z","2026_05_HOU_TEN","cc52bba56e74f5cddbe9011046181c3d","2026-10-11T17:00:00Z","player_anytime_td","David Montgomery",4,NA,NA,NA,NA,NA,0.541197516573714
"2026-10-06T18:11:29Z","2026_05_HOU_TEN","cc52bba56e74f5cddbe9011046181c3d","2026-10-11T17:00:00Z","player_anytime_td","Elic Ayomanor",2,NA,NA,NA,NA,NA,0.177865612648221
"2026-10-06T18:11:29Z","2026_05_HOU_TEN","cc52bba56e74f5cddbe9011046181c3d","2026-10-11T17:00:00Z","player_anytime_td","Foster Moreau",2,NA,NA,NA,NA,NA,0.171428571428571
"2026-10-06T18:11:29Z","2026_05_HOU_TEN","cc52bba56e74f5cddbe9011046181c3d","2026-10-11T17:00:00Z","player_anytime_td","Gunnar Helm",2,NA,NA,NA,NA,NA,0.177865612648221
"2026-10-06T18:11:29Z","2026_05_HOU_TEN","cc52bba56e74f5cddbe9011046181c3d","2026-10-11T17:00:00Z","player_anytime_td","Jared Wayne",2,NA,NA,NA,NA,NA,0.142156862745098
"2026-10-06T18:11:29Z","2026_05_HOU_TEN","cc52bba56e74f5cddbe9011046181c3d","2026-10-11T17:00:00Z","player_anytime_td","Jaylin Noel",2,NA,NA,NA,NA,NA,0.194444444444444
"2026-10-06T18:11:29Z","2026_05_HOU_TEN","cc52bba56e74f5cddbe9011046181c3d","2026-10-11T17:00:00Z","player_anytime_td","Julius Chestnut",2,NA,NA,NA,NA,NA,0.0361290322580645
"2026-10-06T18:11:29Z","2026_05_HOU_TEN","cc52bba56e74f5cddbe9011046181c3d","2026-10-11T17:00:00Z","player_anytime_td","Kayshon Boutte",2,NA,NA,NA,NA,NA,0.171428571428571
"2026-10-06T18:11:29Z","2026_05_HOU_TEN","cc52bba56e74f5cddbe9011046181c3d","2026-10-11T17:00:00Z","player_anytime_td","Kylen Granson",1,NA,NA,NA,NA,NA,0.0384615384615385
"2026-10-06T18:11:29Z","2026_05_HOU_TEN","cc52bba56e74f5cddbe9011046181c3d","2026-10-11T17:00:00Z","player_anytime_td","Marlin Klein",2,NA,NA,NA,NA,NA,0.0417391304347826
"2026-10-06T18:11:29Z","2026_05_HOU_TEN","cc52bba56e74f5cddbe9011046181c3d","2026-10-11T17:00:00Z","player_anytime_td","Michael Carter",2,NA,NA,NA,NA,NA,0.0361290322580645
"2026-10-06T18:11:29Z","2026_05_HOU_TEN","cc52bba56e74f5cddbe9011046181c3d","2026-10-11T17:00:00Z","player_anytime_td","Nicholas Singleton",2,NA,NA,NA,NA,NA,0.0596491228070175
"2026-10-06T18:11:29Z","2026_05_HOU_TEN","cc52bba56e74f5cddbe9011046181c3d","2026-10-11T17:00:00Z","player_anytime_td","Nico Collins",4,NA,NA,NA,NA,NA,0.44949494949495
"2026-10-06T18:11:29Z","2026_05_HOU_TEN","cc52bba56e74f5cddbe9011046181c3d","2026-10-11T17:00:00Z","player_anytime_td","Tony Pollard",4,NA,NA,NA,NA,NA,0.325224748810153
"2026-10-06T18:11:29Z","2026_05_HOU_TEN","cc52bba56e74f5cddbe9011046181c3d","2026-10-11T17:00:00Z","player_anytime_td","Tyjae Spears",2,NA,NA,NA,NA,NA,0.194339622641509
"2026-10-06T18:11:29Z","2026_05_HOU_TEN","cc52bba56e74f5cddbe9011046181c3d","2026-10-11T17:00:00Z","player_anytime_td","Wan'Dale Robinson",2,NA,NA,NA,NA,NA,0.253205128205128
"2026-10-06T18:11:29Z","2026_05_HOU_TEN","cc52bba56e74f5cddbe9011046181c3d","2026-10-11T17:00:00Z","player_anytime_td","Woody Marks",4,NA,NA,NA,NA,NA,0.422925608011445
"2026-10-06T18:11:29Z","2026_05_HOU_TEN","cc52bba56e74f5cddbe9011046181c3d","2026-10-11T17:00:00Z","player_anytime_td","Xavier Hutchinson",2,NA,NA,NA,NA,NA,0.21195652173913
"2026-10-06T18:11:29Z","2026_05_IND_PIT","448d7cf18c6db4c811ed82ded1b72867","2026-10-11T17:00:00Z","player_anytime_td","Aaron Rodgers",2,NA,NA,NA,NA,NA,0.0811688311688312
"2026-10-06T18:11:29Z","2026_05_IND_PIT","448d7cf18c6db4c811ed82ded1b72867","2026-10-11T17:00:00Z","player_anytime_td","Anthony Gould",1,NA,NA,NA,NA,NA,0.05
"2026-10-06T18:11:29Z","2026_05_IND_PIT","448d7cf18c6db4c811ed82ded1b72867","2026-10-11T17:00:00Z","player_anytime_td","Ashton Dulin",2,NA,NA,NA,NA,NA,0.0972222222222222
"2026-10-06T18:11:29Z","2026_05_IND_PIT","448d7cf18c6db4c811ed82ded1b72867","2026-10-11T17:00:00Z","player_anytime_td","Ben Skowronek",2,NA,NA,NA,NA,NA,0.075
"2026-10-06T18:11:29Z","2026_05_IND_PIT","448d7cf18c6db4c811ed82ded1b72867","2026-10-11T17:00:00Z","player_anytime_td","DJ Giddens",1,NA,NA,NA,NA,NA,0.0625
"2026-10-06T18:11:29Z","2026_05_IND_PIT","448d7cf18c6db4c811ed82ded1b72867","2026-10-11T17:00:00Z","player_anytime_td","DK Metcalf",4,NA,NA,NA,NA,NA,0.37037037037037
"2026-10-06T18:11:29Z","2026_05_IND_PIT","448d7cf18c6db4c811ed82ded1b72867","2026-10-11T17:00:00Z","player_anytime_td","Daniel Jones",2,NA,NA,NA,NA,NA,0.163333333333333
"2026-10-06T18:11:29Z","2026_05_IND_PIT","448d7cf18c6db4c811ed82ded1b72867","2026-10-11T17:00:00Z","player_anytime_td","Darius Slayton",1,NA,NA,NA,NA,NA,0.1
"2026-10-06T18:11:29Z","2026_05_IND_PIT","448d7cf18c6db4c811ed82ded1b72867","2026-10-11T17:00:00Z","player_anytime_td","Darnell Washington",2,NA,NA,NA,NA,NA,0.273049645390071
"2026-10-06T18:11:29Z","2026_05_IND_PIT","448d7cf18c6db4c811ed82ded1b72867","2026-10-11T17:00:00Z","player_anytime_td","Deion Burks",2,NA,NA,NA,NA,NA,0.0809523809523809
"2026-10-06T18:11:29Z","2026_05_IND_PIT","448d7cf18c6db4c811ed82ded1b72867","2026-10-11T17:00:00Z","player_anytime_td","Drew Ogletree",2,NA,NA,NA,NA,NA,0.0704545454545455
"2026-10-06T18:11:29Z","2026_05_IND_PIT","448d7cf18c6db4c811ed82ded1b72867","2026-10-11T17:00:00Z","player_anytime_td","Eli Heidenreich",1,NA,NA,NA,NA,NA,0.117647058823529
"2026-10-06T18:11:29Z","2026_05_IND_PIT","448d7cf18c6db4c811ed82ded1b72867","2026-10-11T17:00:00Z","player_anytime_td","Germie Bernard",2,NA,NA,NA,NA,NA,0.118055555555556
"2026-10-06T18:11:29Z","2026_05_IND_PIT","448d7cf18c6db4c811ed82ded1b72867","2026-10-11T17:00:00Z","player_anytime_td","Jaylen Warren",4,NA,NA,NA,NA,NA,0.538084062299979
"2026-10-06T18:11:29Z","2026_05_IND_PIT","448d7cf18c6db4c811ed82ded1b72867","2026-10-11T17:00:00Z","player_anytime_td","Jonathan Taylor",4,NA,NA,NA,NA,NA,0.724124809741248
"2026-10-06T18:11:29Z","2026_05_IND_PIT","448d7cf18c6db4c811ed82ded1b72867","2026-10-11T17:00:00Z","player_anytime_td","Josh Downs",2,NA,NA,NA,NA,NA,0.334967320261438
"2026-10-06T18:11:29Z","2026_05_IND_PIT","448d7cf18c6db4c811ed82ded1b72867","2026-10-11T17:00:00Z","player_anytime_td","Kaden Wetjen",2,NA,NA,NA,NA,NA,0.0694444444444444
"2026-10-06T18:11:29Z","2026_05_IND_PIT","448d7cf18c6db4c811ed82ded1b72867","2026-10-11T17:00:00Z","player_anytime_td","Keenan Allen",2,NA,NA,NA,NA,NA,0.224747474747475
"2026-10-06T18:11:29Z","2026_05_IND_PIT","448d7cf18c6db4c811ed82ded1b72867","2026-10-11T17:00:00Z","player_anytime_td","Laquon Treadwell",2,NA,NA,NA,NA,NA,0.130252100840336
"2026-10-06T18:11:29Z","2026_05_IND_PIT","448d7cf18c6db4c811ed82ded1b72867","2026-10-11T17:00:00Z","player_anytime_td","Michael Pittman Jr.",2,NA,NA,NA,NA,NA,0.228758169934641
"2026-10-06T18:11:29Z","2026_05_IND_PIT","448d7cf18c6db4c811ed82ded1b72867","2026-10-11T17:00:00Z","player_anytime_td","Mo Alie-Cox",2,NA,NA,NA,NA,NA,0.0787878787878788
"2026-10-06T18:11:29Z","2026_05_IND_PIT","448d7cf18c6db4c811ed82ded1b72867","2026-10-11T17:00:00Z","player_anytime_td","Pat Freiermuth",2,NA,NA,NA,NA,NA,0.241841491841492
"2026-10-06T18:11:29Z","2026_05_IND_PIT","448d7cf18c6db4c811ed82ded1b72867","2026-10-11T17:00:00Z","player_anytime_td","Rico Dowdle",2,NA,NA,NA,NA,NA,0.431354359925789
"2026-10-06T18:11:29Z","2026_05_IND_PIT","448d7cf18c6db4c811ed82ded1b72867","2026-10-11T17:00:00Z","player_anytime_td","Riley Nowakowski",2,NA,NA,NA,NA,NA,0.0358974358974359
"2026-10-06T18:11:29Z","2026_05_IND_PIT","448d7cf18c6db4c811ed82ded1b72867","2026-10-11T17:00:00Z","player_anytime_td","Robert Tonyan",2,NA,NA,NA,NA,NA,0.0416666666666667
"2026-10-06T18:11:29Z","2026_05_IND_PIT","448d7cf18c6db4c811ed82ded1b72867","2026-10-11T17:00:00Z","player_anytime_td","Roman Wilson",2,NA,NA,NA,NA,NA,0.217494089834515
"2026-10-06T18:11:29Z","2026_05_IND_PIT","448d7cf18c6db4c811ed82ded1b72867","2026-10-11T17:00:00Z","player_anytime_td","Seth McGowan",2,NA,NA,NA,NA,NA,0.117647058823529
"2026-10-06T18:11:29Z","2026_05_IND_PIT","448d7cf18c6db4c811ed82ded1b72867","2026-10-11T17:00:00Z","player_anytime_td","Travis Homer",2,NA,NA,NA,NA,NA,0.122222222222222
"2026-10-06T18:11:29Z","2026_05_IND_PIT","448d7cf18c6db4c811ed82ded1b72867","2026-10-11T17:00:00Z","player_anytime_td","Tyler Warren",4,NA,NA,NA,NA,NA,0.399203187250996
"2026-10-06T18:11:29Z","2026_05_LV_NE","6b024bad1abb54f597225e4ab9b39d89","2026-10-11T17:00:00Z","player_anytime_td","Ashton Jeanty",6,NA,NA,NA,NA,NA,0.543369474562135
"2026-10-06T18:11:29Z","2026_05_LV_NE","6b024bad1abb54f597225e4ab9b39d89","2026-10-11T17:00:00Z","player_anytime_td","Brock Bowers",6,NA,NA,NA,NA,NA,0.412414965986395
"2026-10-06T18:11:29Z","2026_05_LV_NE","6b024bad1abb54f597225e4ab9b39d89","2026-10-11T17:00:00Z","player_anytime_td","Cameron Latu",2,NA,NA,NA,NA,NA,0.075
"2026-10-06T18:11:29Z","2026_05_LV_NE","6b024bad1abb54f597225e4ab9b39d89","2026-10-11T17:00:00Z","player_anytime_td","Cody White",5,NA,NA,NA,NA,NA,0.148148148148148
"2026-10-06T18:11:29Z","2026_05_LV_NE","6b024bad1abb54f597225e4ab9b39d89","2026-10-11T17:00:00Z","player_anytime_td","Connor Heyward",1,NA,NA,NA,NA,NA,0.0476190476190476
"2026-10-06T18:11:29Z","2026_05_LV_NE","6b024bad1abb54f597225e4ab9b39d89","2026-10-11T17:00:00Z","player_anytime_td","Corey Kiner",2,NA,NA,NA,NA,NA,0.0477777777777778
"2026-10-06T18:11:29Z","2026_05_LV_NE","6b024bad1abb54f597225e4ab9b39d89","2026-10-11T17:00:00Z","player_anytime_td","Dareke Young",6,NA,NA,NA,NA,NA,0.054093567251462
"2026-10-06T18:11:29Z","2026_05_LV_NE","6b024bad1abb54f597225e4ab9b39d89","2026-10-11T17:00:00Z","player_anytime_td","DeMario Douglas",6,NA,NA,NA,NA,NA,0.232683982683983
"2026-10-06T18:11:29Z","2026_05_LV_NE","6b024bad1abb54f597225e4ab9b39d89","2026-10-11T17:00:00Z","player_anytime_td","Drake Maye",6,NA,NA,NA,NA,NA,0.200080032012805
"2026-10-06T18:11:29Z","2026_05_LV_NE","6b024bad1abb54f597225e4ab9b39d89","2026-10-11T17:00:00Z","player_anytime_td","Dylan Laube",2,NA,NA,NA,NA,NA,0.0697115384615385
"2026-10-06T18:11:29Z","2026_05_LV_NE","6b024bad1abb54f597225e4ab9b39d89","2026-10-11T17:00:00Z","player_anytime_td","Efton Chism III",6,NA,NA,NA,NA,NA,0.166666666666667
"2026-10-06T18:11:29Z","2026_05_LV_NE","6b024bad1abb54f597225e4ab9b39d89","2026-10-11T17:00:00Z","player_anytime_td","Eli Raridon",5,NA,NA,NA,NA,NA,0.142857142857143
"2026-10-06T18:11:29Z","2026_05_LV_NE","6b024bad1abb54f597225e4ab9b39d89","2026-10-11T17:00:00Z","player_anytime_td","Hunter Henry",6,NA,NA,NA,NA,NA,0.333425951653237
"2026-10-06T18:11:29Z","2026_05_LV_NE","6b024bad1abb54f597225e4ab9b39d89","2026-10-11T17:00:00Z","player_anytime_td","Ian Thomas",6,NA,NA,NA,NA,NA,0.0488095238095238
"2026-10-06T18:11:29Z","2026_05_LV_NE","6b024bad1abb54f597225e4ab9b39d89","2026-10-11T17:00:00Z","player_anytime_td","Jalen Nailor",2,NA,NA,NA,NA,NA,0.177811550151976
"2026-10-06T18:11:29Z","2026_05_LV_NE","6b024bad1abb54f597225e4ab9b39d89","2026-10-11T17:00:00Z","player_anytime_td","Kirk Cousins",6,NA,NA,NA,NA,NA,0.054093567251462
"2026-10-06T18:11:29Z","2026_05_LV_NE","6b024bad1abb54f597225e4ab9b39d89","2026-10-11T17:00:00Z","player_anytime_td","Kyle Williams",6,NA,NA,NA,NA,NA,0.142857142857143
"2026-10-06T18:11:29Z","2026_05_LV_NE","6b024bad1abb54f597225e4ab9b39d89","2026-10-11T17:00:00Z","player_anytime_td","Mack Hollins",2,NA,NA,NA,NA,NA,0.283702213279678
"2026-10-06T18:11:29Z","2026_05_LV_NE","6b024bad1abb54f597225e4ab9b39d89","2026-10-11T17:00:00Z","player_anytime_td","Malik Benson",6,NA,NA,NA,NA,NA,0.125
"2026-10-06T18:11:29Z","2026_05_LV_NE","6b024bad1abb54f597225e4ab9b39d89","2026-10-11T17:00:00Z","player_anytime_td","Michael Mayer",6,NA,NA,NA,NA,NA,0.203302373581011
"2026-10-06T18:11:29Z","2026_05_LV_NE","6b024bad1abb54f597225e4ab9b39d89","2026-10-11T17:00:00Z","player_anytime_td","Mike Washington Jr.",6,NA,NA,NA,NA,NA,0.1852487135506
"2026-10-06T18:11:29Z","2026_05_LV_NE","6b024bad1abb54f597225e4ab9b39d89","2026-10-11T17:00:00Z","player_anytime_td","Reggie Gilliam",1,NA,NA,NA,NA,NA,0.0555555555555556
"2026-10-06T18:11:29Z","2026_05_LV_NE","6b024bad1abb54f597225e4ab9b39d89","2026-10-11T17:00:00Z","player_anytime_td","Rhamondre Stevenson",6,NA,NA,NA,NA,NA,0.534883720930233
"2026-10-06T18:11:29Z","2026_05_LV_NE","6b024bad1abb54f597225e4ab9b39d89","2026-10-11T17:00:00Z","player_anytime_td","Romeo Doubs",6,NA,NA,NA,NA,NA,0.357142857142857
"2026-10-06T18:11:29Z","2026_05_LV_NE","6b024bad1abb54f597225e4ab9b39d89","2026-10-11T17:00:00Z","player_anytime_td","Tanner Arkin",2,NA,NA,NA,NA,NA,0.0526315789473684
"2026-10-06T18:11:29Z","2026_05_LV_NE","6b024bad1abb54f597225e4ab9b39d89","2026-10-11T17:00:00Z","player_anytime_td","Tre Tucker",6,NA,NA,NA,NA,NA,0.227272727272727
"2026-10-06T18:11:29Z","2026_05_LV_NE","6b024bad1abb54f597225e4ab9b39d89","2026-10-11T17:00:00Z","player_anytime_td","TreVeyon Henderson",6,NA,NA,NA,NA,NA,0.388386123680241
"2026-10-06T18:11:29Z","2026_05_MIN_NO","2cda9bf0fbe35a2735f0dd8aaafe9eff","2026-10-11T17:00:00Z","player_anytime_td","Aaron Jones",2,NA,NA,NA,NA,NA,0.585461355124276
"2026-10-06T18:11:29Z","2026_05_MIN_NO","2cda9bf0fbe35a2735f0dd8aaafe9eff","2026-10-11T17:00:00Z","player_anytime_td","Alvin Kamara",2,NA,NA,NA,NA,NA,0.477272727272727
"2026-10-06T18:11:29Z","2026_05_MIN_NO","2cda9bf0fbe35a2735f0dd8aaafe9eff","2026-10-11T17:00:00Z","player_anytime_td","Barion Brown",2,NA,NA,NA,NA,NA,0.0787878787878788
"2026-10-06T18:11:29Z","2026_05_MIN_NO","2cda9bf0fbe35a2735f0dd8aaafe9eff","2026-10-11T17:00:00Z","player_anytime_td","Bryce Lance",2,NA,NA,NA,NA,NA,0.108823529411765
"2026-10-06T18:11:29Z","2026_05_MIN_NO","2cda9bf0fbe35a2735f0dd8aaafe9eff","2026-10-11T17:00:00Z","player_anytime_td","CJ Donaldson",2,NA,NA,NA,NA,NA,0.166666666666667
"2026-10-06T18:11:29Z","2026_05_MIN_NO","2cda9bf0fbe35a2735f0dd8aaafe9eff","2026-10-11T17:00:00Z","player_anytime_td","Chris Olave",2,NA,NA,NA,NA,NA,0.391337386018237
"2026-10-06T18:11:29Z","2026_05_MIN_NO","2cda9bf0fbe35a2735f0dd8aaafe9eff","2026-10-11T17:00:00Z","player_anytime_td","DeeJay Dallas",2,NA,NA,NA,NA,NA,0.0916666666666667
"2026-10-06T18:11:29Z","2026_05_MIN_NO","2cda9bf0fbe35a2735f0dd8aaafe9eff","2026-10-11T17:00:00Z","player_anytime_td","Demond Claiborne",2,NA,NA,NA,NA,NA,0.129166666666667
"2026-10-06T18:11:29Z","2026_05_MIN_NO","2cda9bf0fbe35a2735f0dd8aaafe9eff","2026-10-11T17:00:00Z","player_anytime_td","Devaughn Vele",2,NA,NA,NA,NA,NA,0.242647058823529
"2026-10-06T18:11:29Z","2026_05_MIN_NO","2cda9bf0fbe35a2735f0dd8aaafe9eff","2026-10-11T17:00:00Z","player_anytime_td","Gavin Bartholomew",2,NA,NA,NA,NA,NA,0.0892857142857143
"2026-10-06T18:11:29Z","2026_05_MIN_NO","2cda9bf0fbe35a2735f0dd8aaafe9eff","2026-10-11T17:00:00Z","player_anytime_td","Jauan Jennings",2,NA,NA,NA,NA,NA,0.245852187028658
"2026-10-06T18:11:29Z","2026_05_MIN_NO","2cda9bf0fbe35a2735f0dd8aaafe9eff","2026-10-11T17:00:00Z","player_anytime_td","Jeshaun Jones",1,NA,NA,NA,NA,NA,0.0666666666666667
"2026-10-06T18:11:29Z","2026_05_MIN_NO","2cda9bf0fbe35a2735f0dd8aaafe9eff","2026-10-11T17:00:00Z","player_anytime_td","Jordan Addison",2,NA,NA,NA,NA,NA,0.458333333333333
"2026-10-06T18:11:29Z","2026_05_MIN_NO","2cda9bf0fbe35a2735f0dd8aaafe9eff","2026-10-11T17:00:00Z","player_anytime_td","Justin Jefferson",2,NA,NA,NA,NA,NA,0.464430894308943
"2026-10-06T18:11:29Z","2026_05_MIN_NO","2cda9bf0fbe35a2735f0dd8aaafe9eff","2026-10-11T17:00:00Z","player_anytime_td","Juwan Johnson",2,NA,NA,NA,NA,NA,0.272121436504998
"2026-10-06T18:11:29Z","2026_05_MIN_NO","2cda9bf0fbe35a2735f0dd8aaafe9eff","2026-10-11T17:00:00Z","player_anytime_td","Kendre Miller",2,NA,NA,NA,NA,NA,0.20855614973262
"2026-10-06T18:11:29Z","2026_05_MIN_NO","2cda9bf0fbe35a2735f0dd8aaafe9eff","2026-10-11T17:00:00Z","player_anytime_td","Kevin Austin",1,NA,NA,NA,NA,NA,0.05
"2026-10-06T18:11:29Z","2026_05_MIN_NO","2cda9bf0fbe35a2735f0dd8aaafe9eff","2026-10-11T17:00:00Z","player_anytime_td","Kyler Murray",2,NA,NA,NA,NA,NA,0.215686274509804
"2026-10-06T18:11:29Z","2026_05_MIN_NO","2cda9bf0fbe35a2735f0dd8aaafe9eff","2026-10-11T17:00:00Z","player_anytime_td","Max Bredeson",2,NA,NA,NA,NA,NA,0.0608974358974359
"2026-10-06T18:11:29Z","2026_05_MIN_NO","2cda9bf0fbe35a2735f0dd8aaafe9eff","2026-10-11T17:00:00Z","player_anytime_td","Myles Price",2,NA,NA,NA,NA,NA,0.0972222222222222
"2026-10-06T18:11:29Z","2026_05_MIN_NO","2cda9bf0fbe35a2735f0dd8aaafe9eff","2026-10-11T17:00:00Z","player_anytime_td","Noah Fant",2,NA,NA,NA,NA,NA,0.1425
"2026-10-06T18:11:29Z","2026_05_MIN_NO","2cda9bf0fbe35a2735f0dd8aaafe9eff","2026-10-11T17:00:00Z","player_anytime_td","Oscar Delp",2,NA,NA,NA,NA,NA,0.0892857142857143
"2026-10-06T18:11:29Z","2026_05_MIN_NO","2cda9bf0fbe35a2735f0dd8aaafe9eff","2026-10-11T17:00:00Z","player_anytime_td","T.J. Hockenson",2,NA,NA,NA,NA,NA,0.381263616557734
"2026-10-06T18:11:29Z","2026_05_MIN_NO","2cda9bf0fbe35a2735f0dd8aaafe9eff","2026-10-11T17:00:00Z","player_anytime_td","Tai Felton",2,NA,NA,NA,NA,NA,0.10427807486631
"2026-10-06T18:11:29Z","2026_05_MIN_NO","2cda9bf0fbe35a2735f0dd8aaafe9eff","2026-10-11T17:00:00Z","player_anytime_td","Treyton Welch",1,NA,NA,NA,NA,NA,0.0555555555555556
"2026-10-06T18:11:29Z","2026_05_MIN_NO","2cda9bf0fbe35a2735f0dd8aaafe9eff","2026-10-11T17:00:00Z","player_anytime_td","Tyler Shough",2,NA,NA,NA,NA,NA,0.20855614973262
"2026-10-06T18:11:29Z","2026_05_NYG_WAS","fbffd0b7722fd81d68d5d62472dc80e8","2026-10-11T17:00:00Z","player_anytime_td","Antonio Williams",1,NA,NA,NA,NA,NA,0.273972602739726
"2026-10-06T18:11:29Z","2026_05_NYG_WAS","fbffd0b7722fd81d68d5d62472dc80e8","2026-10-11T17:00:00Z","player_anytime_td","Austin Ekeler",1,NA,NA,NA,NA,NA,0.212765957446809
"2026-10-06T18:11:29Z","2026_05_NYG_WAS","fbffd0b7722fd81d68d5d62472dc80e8","2026-10-11T17:00:00Z","player_anytime_td","Ben Sinnott",1,NA,NA,NA,NA,NA,0.1
"2026-10-06T18:11:29Z","2026_05_NYG_WAS","fbffd0b7722fd81d68d5d62472dc80e8","2026-10-11T17:00:00Z","player_anytime_td","Cam Skattebo",4,NA,NA,NA,NA,NA,0.542312526183494
"2026-10-06T18:11:29Z","2026_05_NYG_WAS","fbffd0b7722fd81d68d5d62472dc80e8","2026-10-11T17:00:00Z","player_anytime_td","Charlie Jones",1,NA,NA,NA,NA,NA,0.032258064516129
"2026-10-06T18:11:29Z","2026_05_NYG_WAS","fbffd0b7722fd81d68d5d62472dc80e8","2026-10-11T17:00:00Z","player_anytime_td","Chig Okonkwo",1,NA,NA,NA,NA,NA,0.24390243902439
"2026-10-06T18:11:29Z","2026_05_NYG_WAS","fbffd0b7722fd81d68d5d62472dc80e8","2026-10-11T17:00:00Z","player_anytime_td","Chris Manhertz",1,NA,NA,NA,NA,NA,0.0384615384615385
"2026-10-06T18:11:29Z","2026_05_NYG_WAS","fbffd0b7722fd81d68d5d62472dc80e8","2026-10-11T17:00:00Z","player_anytime_td","Colson Yankoff",1,NA,NA,NA,NA,NA,0.0769230769230769
"2026-10-06T18:11:29Z","2026_05_NYG_WAS","fbffd0b7722fd81d68d5d62472dc80e8","2026-10-11T17:00:00Z","player_anytime_td","Darnell Mooney",1,NA,NA,NA,NA,NA,0.148148148148148
"2026-10-06T18:11:29Z","2026_05_NYG_WAS","fbffd0b7722fd81d68d5d62472dc80e8","2026-10-11T17:00:00Z","player_anytime_td","Devin Singletary",1,NA,NA,NA,NA,NA,0.1
"2026-10-06T18:11:29Z","2026_05_NYG_WAS","fbffd0b7722fd81d68d5d62472dc80e8","2026-10-11T17:00:00Z","player_anytime_td","Dyami Brown",1,NA,NA,NA,NA,NA,0.173913043478261
"2026-10-06T18:11:29Z","2026_05_NYG_WAS","fbffd0b7722fd81d68d5d62472dc80e8","2026-10-11T17:00:00Z","player_anytime_td","Isaiah Likely",4,NA,NA,NA,NA,NA,0.275875190258752
"2026-10-06T18:11:29Z","2026_05_NYG_WAS","fbffd0b7722fd81d68d5d62472dc80e8","2026-10-11T17:00:00Z","player_anytime_td","Jacory Croskey-Merritt",1,NA,NA,NA,NA,NA,0.476190476190476
"2026-10-06T18:11:29Z","2026_05_NYG_WAS","fbffd0b7722fd81d68d5d62472dc80e8","2026-10-11T17:00:00Z","player_anytime_td","Jameis Winston",1,NA,NA,NA,NA,NA,0.0952380952380952
"2026-10-06T18:11:29Z","2026_05_NYG_WAS","fbffd0b7722fd81d68d5d62472dc80e8","2026-10-11T17:00:00Z","player_anytime_td","Jayden Daniels",1,NA,NA,NA,NA,NA,0.307692307692308
"2026-10-06T18:11:29Z","2026_05_NYG_WAS","fbffd0b7722fd81d68d5d62472dc80e8","2026-10-11T17:00:00Z","player_anytime_td","John Bates",1,NA,NA,NA,NA,NA,0.117647058823529
"2026-10-06T18:11:29Z","2026_05_NYG_WAS","fbffd0b7722fd81d68d5d62472dc80e8","2026-10-11T17:00:00Z","player_anytime_td","Kaytron Allen",1,NA,NA,NA,NA,NA,0.181818181818182
"2026-10-06T18:11:29Z","2026_05_NYG_WAS","fbffd0b7722fd81d68d5d62472dc80e8","2026-10-11T17:00:00Z","player_anytime_td","Luke McCaffrey",1,NA,NA,NA,NA,NA,0.105263157894737
"2026-10-06T18:11:29Z","2026_05_NYG_WAS","fbffd0b7722fd81d68d5d62472dc80e8","2026-10-11T17:00:00Z","player_anytime_td","Malachi Fields",1,NA,NA,NA,NA,NA,0.16
"2026-10-06T18:11:29Z","2026_05_NYG_WAS","fbffd0b7722fd81d68d5d62472dc80e8","2026-10-11T17:00:00Z","player_anytime_td","Malik Nabers",4,NA,NA,NA,NA,NA,0.362323596980637
"2026-10-06T18:11:29Z","2026_05_NYG_WAS","fbffd0b7722fd81d68d5d62472dc80e8","2026-10-11T17:00:00Z","player_anytime_td","Najee Harris",1,NA,NA,NA,NA,NA,0.294117647058824
"2026-10-06T18:11:29Z","2026_05_NYG_WAS","fbffd0b7722fd81d68d5d62472dc80e8","2026-10-11T17:00:00Z","player_anytime_td","Patrick Ricard",1,NA,NA,NA,NA,NA,0.0476190476190476
"2026-10-06T18:11:29Z","2026_05_NYG_WAS","fbffd0b7722fd81d68d5d62472dc80e8","2026-10-11T17:00:00Z","player_anytime_td","Rachaad White",1,NA,NA,NA,NA,NA,0.204081632653061
"2026-10-06T18:11:29Z","2026_05_NYG_WAS","fbffd0b7722fd81d68d5d62472dc80e8","2026-10-11T17:00:00Z","player_anytime_td","Stefon Diggs",1,NA,NA,NA,NA,NA,0.444444444444444
"2026-10-06T18:11:29Z","2026_05_NYG_WAS","fbffd0b7722fd81d68d5d62472dc80e8","2026-10-11T17:00:00Z","player_anytime_td","Terry McLaurin",1,NA,NA,NA,NA,NA,0.454545454545455
"2026-10-06T18:11:29Z","2026_05_NYG_WAS","fbffd0b7722fd81d68d5d62472dc80e8","2026-10-11T17:00:00Z","player_anytime_td","Theo Johnson",1,NA,NA,NA,NA,NA,0.117647058823529
"2026-10-06T18:11:29Z","2026_05_NYG_WAS","fbffd0b7722fd81d68d5d62472dc80e8","2026-10-11T17:00:00Z","player_anytime_td","Thomas Fidone",1,NA,NA,NA,NA,NA,0.0277777777777778
"2026-10-06T18:11:29Z","2026_05_NYG_WAS","fbffd0b7722fd81d68d5d62472dc80e8","2026-10-11T17:00:00Z","player_anytime_td","Treylon Burks",1,NA,NA,NA,NA,NA,0.181818181818182
"2026-10-06T18:11:29Z","2026_05_NYG_WAS","fbffd0b7722fd81d68d5d62472dc80e8","2026-10-11T17:00:00Z","player_anytime_td","Tyrone Tracy Jr.",1,NA,NA,NA,NA,NA,0.0769230769230769
"2026-10-06T18:11:29Z","2026_05_PHI_JAX","21b26266f3d78af02eb672e606275d95","2026-10-11T13:30:00Z","player_anytime_td","Ameer Abdullah",6,NA,NA,NA,NA,NA,0.0833333333333333
"2026-10-06T18:11:29Z","2026_05_PHI_JAX","21b26266f3d78af02eb672e606275d95","2026-10-11T13:30:00Z","player_anytime_td","Bhayshul Tuten",6,NA,NA,NA,NA,NA,0.524937937260212
"2026-10-06T18:11:29Z","2026_05_PHI_JAX","21b26266f3d78af02eb672e606275d95","2026-10-11T13:30:00Z","player_anytime_td","Brenton Strange",6,NA,NA,NA,NA,NA,0.246951219512195
"2026-10-06T18:11:29Z","2026_05_PHI_JAX","21b26266f3d78af02eb672e606275d95","2026-10-11T13:30:00Z","player_anytime_td","Brian Thomas Jr",6,NA,NA,NA,NA,NA,0.222222222222222
"2026-10-06T18:11:29Z","2026_05_PHI_JAX","21b26266f3d78af02eb672e606275d95","2026-10-11T13:30:00Z","player_anytime_td","Britain Covey",6,NA,NA,NA,NA,NA,0.0555555555555556
"2026-10-06T18:11:29Z","2026_05_PHI_JAX","21b26266f3d78af02eb672e606275d95","2026-10-11T13:30:00Z","player_anytime_td","CJ Williams",6,NA,NA,NA,NA,NA,0.0555555555555556
"2026-10-06T18:11:29Z","2026_05_PHI_JAX","21b26266f3d78af02eb672e606275d95","2026-10-11T13:30:00Z","player_anytime_td","Chris Rodriguez Jr.",6,NA,NA,NA,NA,NA,0.253164556962025
"2026-10-06T18:11:29Z","2026_05_PHI_JAX","21b26266f3d78af02eb672e606275d95","2026-10-11T13:30:00Z","player_anytime_td","Dallas Goedert",1,NA,NA,NA,NA,NA,0.25
"2026-10-06T18:11:29Z","2026_05_PHI_JAX","21b26266f3d78af02eb672e606275d95","2026-10-11T13:30:00Z","player_anytime_td","Dameon Pierce",1,NA,NA,NA,NA,NA,0.142857142857143
"2026-10-06T18:11:29Z","2026_05_PHI_JAX","21b26266f3d78af02eb672e606275d95","2026-10-11T13:30:00Z","player_anytime_td","Darius Cooper",6,NA,NA,NA,NA,NA,0.198039215686275
"2026-10-06T18:11:29Z","2026_05_PHI_JAX","21b26266f3d78af02eb672e606275d95","2026-10-11T13:30:00Z","player_anytime_td","DeVonta Smith",1,NA,NA,NA,NA,NA,0.3125
"2026-10-06T18:11:29Z","2026_05_PHI_JAX","21b26266f3d78af02eb672e606275d95","2026-10-11T13:30:00Z","player_anytime_td","Dontayvion Wicks",6,NA,NA,NA,NA,NA,0.264912280701754
"2026-10-06T18:11:29Z","2026_05_PHI_JAX","21b26266f3d78af02eb672e606275d95","2026-10-11T13:30:00Z","player_anytime_td","E.J. Jenkins",6,NA,NA,NA,NA,NA,0.0384615384615385
"2026-10-06T18:11:29Z","2026_05_PHI_JAX","21b26266f3d78af02eb672e606275d95","2026-10-11T13:30:00Z","player_anytime_td","Elijah Moore",6,NA,NA,NA,NA,NA,0.050125313283208
"2026-10-06T18:11:29Z","2026_05_PHI_JAX","21b26266f3d78af02eb672e606275d95","2026-10-11T13:30:00Z","player_anytime_td","Hollywood Brown",1,NA,NA,NA,NA,NA,0.153846153846154
"2026-10-06T18:11:29Z","2026_05_PHI_JAX","21b26266f3d78af02eb672e606275d95","2026-10-11T13:30:00Z","player_anytime_td","Jakobi Meyers",6,NA,NA,NA,NA,NA,0.268468468468469
"2026-10-06T18:11:29Z","2026_05_PHI_JAX","21b26266f3d78af02eb672e606275d95","2026-10-11T13:30:00Z","player_anytime_td","Jalen Hurts",6,NA,NA,NA,NA,NA,0.365041300293099
"2026-10-06T18:11:29Z","2026_05_PHI_JAX","21b26266f3d78af02eb672e606275d95","2026-10-11T13:30:00Z","player_anytime_td","Johnny Mundt",6,NA,NA,NA,NA,NA,0.0976190476190476
"2026-10-06T18:11:29Z","2026_05_PHI_JAX","21b26266f3d78af02eb672e606275d95","2026-10-11T13:30:00Z","player_anytime_td","Josh Cameron",6,NA,NA,NA,NA,NA,0.166666666666667
"2026-10-06T18:11:29Z","2026_05_PHI_JAX","21b26266f3d78af02eb672e606275d95","2026-10-11T13:30:00Z","player_anytime_td","Josiah Deguara",5,NA,NA,NA,NA,NA,0.0384615384615385
"2026-10-06T18:11:29Z","2026_05_PHI_JAX","21b26266f3d78af02eb672e606275d95","2026-10-11T13:30:00Z","player_anytime_td","LeQuint Allen Jr.",6,NA,NA,NA,NA,NA,0.0690476190476191
"2026-10-06T18:11:29Z","2026_05_PHI_JAX","21b26266f3d78af02eb672e606275d95","2026-10-11T13:30:00Z","player_anytime_td","Makai Lemon",6,NA,NA,NA,NA,NA,0.202040816326531
"2026-10-06T18:11:29Z","2026_05_PHI_JAX","21b26266f3d78af02eb672e606275d95","2026-10-11T13:30:00Z","player_anytime_td","Nate Boerkircher",6,NA,NA,NA,NA,NA,0.108187134502924
"2026-10-06T18:11:29Z","2026_05_PHI_JAX","21b26266f3d78af02eb672e606275d95","2026-10-11T13:30:00Z","player_anytime_td","Parker Washington",6,NA,NA,NA,NA,NA,0.390630960555428
"2026-10-06T18:11:29Z","2026_05_PHI_JAX","21b26266f3d78af02eb672e606275d95","2026-10-11T13:30:00Z","player_anytime_td","Quintin Morris",6,NA,NA,NA,NA,NA,0.0526315789473684
"2026-10-06T18:11:29Z","2026_05_PHI_JAX","21b26266f3d78af02eb672e606275d95","2026-10-11T13:30:00Z","player_anytime_td","Tanner Koziol",6,NA,NA,NA,NA,NA,0.0488095238095238
"2026-10-06T18:11:29Z","2026_05_PHI_JAX","21b26266f3d78af02eb672e606275d95","2026-10-11T13:30:00Z","player_anytime_td","Travis Hunter",6,NA,NA,NA,NA,NA,0.0645833333333333
"2026-10-06T18:11:29Z","2026_05_PHI_JAX","21b26266f3d78af02eb672e606275d95","2026-10-11T13:30:00Z","player_anytime_td","Trevor Lawrence",6,NA,NA,NA,NA,NA,0.258075258075258
"2026-10-06T18:11:29Z","2026_05_PHI_JAX","21b26266f3d78af02eb672e606275d95","2026-10-11T13:30:00Z","player_anytime_td","Will Shipley",6,NA,NA,NA,NA,NA,0.357142857142857
"2026-10-06T18:11:29Z","2026_05_PHI_JAX","21b26266f3d78af02eb672e606275d95","2026-10-11T13:30:00Z","player_anytime_td","Zach Ertz",5,NA,NA,NA,NA,NA,0.173913043478261
"2026-10-06T18:11:29Z","2026_05_SF_SEA","8e5d515b10d8a5ffb324640ed60bcc55","2026-10-11T20:25:00Z","player_anytime_td","AJ Barner",6,NA,NA,NA,NA,NA,0.27027027027027
"2026-10-06T18:11:29Z","2026_05_SF_SEA","8e5d515b10d8a5ffb324640ed60bcc55","2026-10-11T20:25:00Z","player_anytime_td","Brady Russell",2,NA,NA,NA,NA,NA,0.0442028985507246
"2026-10-06T18:11:29Z","2026_05_SF_SEA","8e5d515b10d8a5ffb324640ed60bcc55","2026-10-11T20:25:00Z","player_anytime_td","Brandin Cooks",5,NA,NA,NA,NA,NA,0.125
"2026-10-06T18:11:29Z","2026_05_SF_SEA","8e5d515b10d8a5ffb324640ed60bcc55","2026-10-11T20:25:00Z","player_anytime_td","Brayden Willis",6,NA,NA,NA,NA,NA,0.0690476190476191
"2026-10-06T18:11:29Z","2026_05_SF_SEA","8e5d515b10d8a5ffb324640ed60bcc55","2026-10-11T20:25:00Z","player_anytime_td","Brock Purdy",6,NA,NA,NA,NA,NA,0.180194805194805
"2026-10-06T18:11:29Z","2026_05_SF_SEA","8e5d515b10d8a5ffb324640ed60bcc55","2026-10-11T20:25:00Z","player_anytime_td","Christian McCaffrey",6,NA,NA,NA,NA,NA,0.612397277766928
"2026-10-06T18:11:29Z","2026_05_SF_SEA","8e5d515b10d8a5ffb324640ed60bcc55","2026-10-11T20:25:00Z","player_anytime_td","Cooper Kupp",6,NA,NA,NA,NA,NA,0.227272727272727
"2026-10-06T18:11:29Z","2026_05_SF_SEA","8e5d515b10d8a5ffb324640ed60bcc55","2026-10-11T20:25:00Z","player_anytime_td","Deebo Samuel",6,NA,NA,NA,NA,NA,0.32258064516129
"2026-10-06T18:11:29Z","2026_05_SF_SEA","8e5d515b10d8a5ffb324640ed60bcc55","2026-10-11T20:25:00Z","player_anytime_td","Elijah Arroyo",6,NA,NA,NA,NA,NA,0.11437908496732
"2026-10-06T18:11:29Z","2026_05_SF_SEA","8e5d515b10d8a5ffb324640ed60bcc55","2026-10-11T20:25:00Z","player_anytime_td","Emanuel Wilson",6,NA,NA,NA,NA,NA,0.573558828877978
"2026-10-06T18:11:29Z","2026_05_SF_SEA","8e5d515b10d8a5ffb324640ed60bcc55","2026-10-11T20:25:00Z","player_anytime_td","Eric Saubert",4,NA,NA,NA,NA,NA,0.0690476190476191
"2026-10-06T18:11:29Z","2026_05_SF_SEA","8e5d515b10d8a5ffb324640ed60bcc55","2026-10-11T20:25:00Z","player_anytime_td","George Holani",6,NA,NA,NA,NA,NA,0.294181267575168
"2026-10-06T18:11:29Z","2026_05_SF_SEA","8e5d515b10d8a5ffb324640ed60bcc55","2026-10-11T20:25:00Z","player_anytime_td","George Kittle",6,NA,NA,NA,NA,NA,0.375945162886015
"2026-10-06T18:11:29Z","2026_05_SF_SEA","8e5d515b10d8a5ffb324640ed60bcc55","2026-10-11T20:25:00Z","player_anytime_td","Jacob Cowing",6,NA,NA,NA,NA,NA,0.118055555555556
"2026-10-06T18:11:29Z","2026_05_SF_SEA","8e5d515b10d8a5ffb324640ed60bcc55","2026-10-11T20:25:00Z","player_anytime_td","James Jordan",4,NA,NA,NA,NA,NA,0.0690476190476191
"2026-10-06T18:11:29Z","2026_05_SF_SEA","8e5d515b10d8a5ffb324640ed60bcc55","2026-10-11T20:25:00Z","player_anytime_td","Jaxon Smith-Njigba",6,NA,NA,NA,NA,NA,0.547502047502048
"2026-10-06T18:11:29Z","2026_05_SF_SEA","8e5d515b10d8a5ffb324640ed60bcc55","2026-10-11T20:25:00Z","player_anytime_td","Jordan Watkins",4,NA,NA,NA,NA,NA,0.0769230769230769
"2026-10-06T18:11:29Z","2026_05_SF_SEA","8e5d515b10d8a5ffb324640ed60bcc55","2026-10-11T20:25:00Z","player_anytime_td","Kaelon Black",6,NA,NA,NA,NA,NA,0.166666666666667
"2026-10-06T18:11:29Z","2026_05_SF_SEA","8e5d515b10d8a5ffb324640ed60bcc55","2026-10-11T20:25:00Z","player_anytime_td","Kyle Juszczyk",1,NA,NA,NA,NA,NA,0.0833333333333333
"2026-10-06T18:11:29Z","2026_05_SF_SEA","8e5d515b10d8a5ffb324640ed60bcc55","2026-10-11T20:25:00Z","player_anytime_td","Luke Farrell",6,NA,NA,NA,NA,NA,0.0801282051282051
"2026-10-06T18:11:29Z","2026_05_SF_SEA","8e5d515b10d8a5ffb324640ed60bcc55","2026-10-11T20:25:00Z","player_anytime_td","Malik Turner",1,NA,NA,NA,NA,NA,0.0625
"2026-10-06T18:11:29Z","2026_05_SF_SEA","8e5d515b10d8a5ffb324640ed60bcc55","2026-10-11T20:25:00Z","player_anytime_td","Mike Evans",6,NA,NA,NA,NA,NA,0.344827586206897
"2026-10-06T18:11:29Z","2026_05_SF_SEA","8e5d515b10d8a5ffb324640ed60bcc55","2026-10-11T20:25:00Z","player_anytime_td","Montorie Foster Jr.",4,NA,NA,NA,NA,NA,0.0588235294117647
"2026-10-06T18:11:29Z","2026_05_SF_SEA","8e5d515b10d8a5ffb324640ed60bcc55","2026-10-11T20:25:00Z","player_anytime_td","Nick Kallerup",2,NA,NA,NA,NA,NA,0.051150895140665
"2026-10-06T18:11:29Z","2026_05_SF_SEA","8e5d515b10d8a5ffb324640ed60bcc55","2026-10-11T20:25:00Z","player_anytime_td","Rashid Shaheed",6,NA,NA,NA,NA,NA,0.229915433403805
"2026-10-06T18:11:29Z","2026_05_SF_SEA","8e5d515b10d8a5ffb324640ed60bcc55","2026-10-11T20:25:00Z","player_anytime_td","Sam Darnold",6,NA,NA,NA,NA,NA,0.117647058823529
"2026-10-06T18:11:29Z","2026_05_SF_SEA","8e5d515b10d8a5ffb324640ed60bcc55","2026-10-11T20:25:00Z","player_anytime_td","Tory Horton",6,NA,NA,NA,NA,NA,0.163333333333333
"2026-10-06T18:11:29Z","2026_05_SF_SEA","8e5d515b10d8a5ffb324640ed60bcc55","2026-10-11T20:25:00Z","player_anytime_td","Velus Jones Jr.",2,NA,NA,NA,NA,NA,0.111111111111111
"2026-10-06T18:11:29Z","2026_05_TB_DAL","259b5df9aa0d10257f56de78523495e0","2026-10-09T00:15:00Z","player_anytime_td","Bauer Sharp",8,NA,NA,NA,NA,NA,0.024390243902439
"2026-10-06T18:11:29Z","2026_05_TB_DAL","259b5df9aa0d10257f56de78523495e0","2026-10-09T00:15:00Z","player_anytime_td","Brevyn Spann-Ford",8,NA,NA,NA,NA,NA,0.0909090909090909
"2026-10-06T18:11:29Z","2026_05_TB_DAL","259b5df9aa0d10257f56de78523495e0","2026-10-09T00:15:00Z","player_anytime_td","Bucky Irving",8,NA,NA,NA,NA,NA,0.363636363636364
"2026-10-06T18:11:29Z","2026_05_TB_DAL","259b5df9aa0d10257f56de78523495e0","2026-10-09T00:15:00Z","player_anytime_td","Cade Otton",8,NA,NA,NA,NA,NA,0.166666666666667
"2026-10-06T18:11:29Z","2026_05_TB_DAL","259b5df9aa0d10257f56de78523495e0","2026-10-09T00:15:00Z","player_anytime_td","Camden Brown",7,NA,NA,NA,NA,NA,0.0454545454545455
"2026-10-06T18:11:29Z","2026_05_TB_DAL","259b5df9aa0d10257f56de78523495e0","2026-10-09T00:15:00Z","player_anytime_td","CeeDee Lamb",8,NA,NA,NA,NA,NA,0.522670312143996
"2026-10-06T18:11:29Z","2026_05_TB_DAL","259b5df9aa0d10257f56de78523495e0","2026-10-09T00:15:00Z","player_anytime_td","Chris Godwin",8,NA,NA,NA,NA,NA,0.175492610837438
"2026-10-06T18:11:29Z","2026_05_TB_DAL","259b5df9aa0d10257f56de78523495e0","2026-10-09T00:15:00Z","player_anytime_td","Dak Prescott",8,NA,NA,NA,NA,NA,0.161967213114754
"2026-10-06T18:11:29Z","2026_05_TB_DAL","259b5df9aa0d10257f56de78523495e0","2026-10-09T00:15:00Z","player_anytime_td","Emari Demercado",7,NA,NA,NA,NA,NA,0.1
"2026-10-06T18:11:29Z","2026_05_TB_DAL","259b5df9aa0d10257f56de78523495e0","2026-10-09T00:15:00Z","player_anytime_td","Emeka Egbuka",8,NA,NA,NA,NA,NA,0.287784679089027
"2026-10-06T18:11:29Z","2026_05_TB_DAL","259b5df9aa0d10257f56de78523495e0","2026-10-09T00:15:00Z","player_anytime_td","George Pickens",8,NA,NA,NA,NA,NA,0.454545454545455
"2026-10-06T18:11:29Z","2026_05_TB_DAL","259b5df9aa0d10257f56de78523495e0","2026-10-09T00:15:00Z","player_anytime_td","Hunter Luepke",8,NA,NA,NA,NA,NA,0.100250626566416
"2026-10-06T18:11:29Z","2026_05_TB_DAL","259b5df9aa0d10257f56de78523495e0","2026-10-09T00:15:00Z","player_anytime_td","Jake Ferguson",8,NA,NA,NA,NA,NA,0.310096153846154
"2026-10-06T18:11:29Z","2026_05_TB_DAL","259b5df9aa0d10257f56de78523495e0","2026-10-09T00:15:00Z","player_anytime_td","Jalon Daniels",8,NA,NA,NA,NA,NA,0.264912280701754
"2026-10-06T18:11:29Z","2026_05_TB_DAL","259b5df9aa0d10257f56de78523495e0","2026-10-09T00:15:00Z","player_anytime_td","Javonte Williams",8,NA,NA,NA,NA,NA,0.689903846153846
"2026-10-06T18:11:29Z","2026_05_TB_DAL","259b5df9aa0d10257f56de78523495e0","2026-10-09T00:15:00Z","player_anytime_td","Jonathan Mingo",8,NA,NA,NA,NA,NA,0.0434782608695652
"2026-10-06T18:11:29Z","2026_05_TB_DAL","259b5df9aa0d10257f56de78523495e0","2026-10-09T00:15:00Z","player_anytime_td","KaVontae Turpin",8,NA,NA,NA,NA,NA,0.117647058823529
"2026-10-06T18:11:29Z","2026_05_TB_DAL","259b5df9aa0d10257f56de78523495e0","2026-10-09T00:15:00Z","player_anytime_td","Kameron Johnson",8,NA,NA,NA,NA,NA,0.0513157894736842
"2026-10-06T18:11:29Z","2026_05_TB_DAL","259b5df9aa0d10257f56de78523495e0","2026-10-09T00:15:00Z","player_anytime_td","Kenny Gainwell",8,NA,NA,NA,NA,NA,0.195238095238095
"2026-10-06T18:11:29Z","2026_05_TB_DAL","259b5df9aa0d10257f56de78523495e0","2026-10-09T00:15:00Z","player_anytime_td","Ko Kieft",7,NA,NA,NA,NA,NA,0.024390243902439
"2026-10-06T18:11:29Z","2026_05_TB_DAL","259b5df9aa0d10257f56de78523495e0","2026-10-09T00:15:00Z","player_anytime_td","Luke Schoonmaker",8,NA,NA,NA,NA,NA,0.0801282051282051
"2026-10-06T18:11:29Z","2026_05_TB_DAL","259b5df9aa0d10257f56de78523495e0","2026-10-09T00:15:00Z","player_anytime_td","Payne Durham",8,NA,NA,NA,NA,NA,0.0333704115684093
"2026-10-06T18:11:29Z","2026_05_TB_DAL","259b5df9aa0d10257f56de78523495e0","2026-10-09T00:15:00Z","player_anytime_td","Ryan Flournoy",8,NA,NA,NA,NA,NA,0.254787406686141
"2026-10-06T18:11:29Z","2026_05_TB_DAL","259b5df9aa0d10257f56de78523495e0","2026-10-09T00:15:00Z","player_anytime_td","Sean Tucker",8,NA,NA,NA,NA,NA,0.219806763285024
"2026-10-06T18:11:29Z","2026_05_TB_DAL","259b5df9aa0d10257f56de78523495e0","2026-10-09T00:15:00Z","player_anytime_td","Ted Hurst III",8,NA,NA,NA,NA,NA,0.181818181818182
"2026-10-06T18:11:29Z","2026_05_TB_DAL","259b5df9aa0d10257f56de78523495e0","2026-10-09T00:15:00Z","player_anytime_td","Tez Johnson",8,NA,NA,NA,NA,NA,0.133333333333333
"2026-10-06T18:11:29Z","2026_05_TB_DAL","259b5df9aa0d10257f56de78523495e0","2026-10-09T00:15:00Z","player_anytime_td","Tyler Goodson",8,NA,NA,NA,NA,NA,0.142857142857143
"2026-10-06T18:33:37Z","2026_05_BAL_ATL","86457f91112732f21ad4bb7d37bd291c","2026-10-12T00:20:00Z","player_pass_tds","Michael Penix Jr.",3,1.5,0.430548849187188,1.5,1.5,1.5,NA
"2026-10-06T18:33:37Z","2026_05_BAL_ATL","86457f91112732f21ad4bb7d37bd291c","2026-10-12T00:20:00Z","player_pass_tds","Tyler Huntley",3,1.5,0.328638497652582,1.5,1.5,1.5,NA
"2026-10-06T18:33:37Z","2026_05_BAL_ATL","86457f91112732f21ad4bb7d37bd291c","2026-10-12T00:20:00Z","player_pass_yds","Michael Penix Jr.",4,217.5,0.507640601608805,217.5,214.5,221.5,NA
"2026-10-06T18:33:37Z","2026_05_BAL_ATL","86457f91112732f21ad4bb7d37bd291c","2026-10-12T00:20:00Z","player_pass_yds","Tyler Huntley",3,173.5,0.5,173.5,173.5,199.5,NA
"2026-10-06T18:33:37Z","2026_05_BAL_ATL","86457f91112732f21ad4bb7d37bd291c","2026-10-12T00:20:00Z","player_reception_yds","Bijan Robinson",3,26.5,0.5,26.5,24.5,29.5,NA
"2026-10-06T18:33:37Z","2026_05_BAL_ATL","86457f91112732f21ad4bb7d37bd291c","2026-10-12T00:20:00Z","player_reception_yds","Drake London",3,80.5,0.508203445447088,80.5,77.5,82.5,NA
"2026-10-06T18:33:37Z","2026_05_BAL_ATL","86457f91112732f21ad4bb7d37bd291c","2026-10-12T00:20:00Z","player_reception_yds","Jahan Dotson",4,19.5,0.501019991840065,19.5,19.5,19.5,NA
"2026-10-06T18:33:37Z","2026_05_BAL_ATL","86457f91112732f21ad4bb7d37bd291c","2026-10-12T00:20:00Z","player_reception_yds","Kyle Pitts",4,24,0.504101722723544,24,19.5,29.5,NA
"2026-10-06T18:33:37Z","2026_05_BAL_ATL","86457f91112732f21ad4bb7d37bd291c","2026-10-12T00:20:00Z","player_reception_yds","Mark Andrews",4,29.5,0.512138496712,29.5,28.5,30.5,NA
"2026-10-06T18:33:37Z","2026_05_BAL_ATL","86457f91112732f21ad4bb7d37bd291c","2026-10-12T00:20:00Z","player_reception_yds","Zay Flowers",4,68,0.494753630487702,68,59.5,69.5,NA
"2026-10-06T18:33:37Z","2026_05_BAL_ATL","86457f91112732f21ad4bb7d37bd291c","2026-10-12T00:20:00Z","player_receptions","Bijan Robinson",3,3.5,0.534029038112523,3.5,3.5,3.5,NA
"2026-10-06T18:33:37Z","2026_05_BAL_ATL","86457f91112732f21ad4bb7d37bd291c","2026-10-12T00:20:00Z","player_receptions","Drake London",3,5.5,0.530612244897959,5.5,5.5,6.5,NA
"2026-10-06T18:33:37Z","2026_05_BAL_ATL","86457f91112732f21ad4bb7d37bd291c","2026-10-12T00:20:00Z","player_receptions","Jahan Dotson",3,1.5,0.560130164119977,1.5,1.5,1.5,NA
"2026-10-06T18:33:37Z","2026_05_BAL_ATL","86457f91112732f21ad4bb7d37bd291c","2026-10-12T00:20:00Z","player_receptions","Kyle Pitts",3,2.5,0.455629364673821,2.5,2.5,2.5,NA
"2026-10-06T18:33:37Z","2026_05_BAL_ATL","86457f91112732f21ad4bb7d37bd291c","2026-10-12T00:20:00Z","player_receptions","Mark Andrews",3,3.5,0.582967515364355,3.5,3.5,3.5,NA
"2026-10-06T18:33:37Z","2026_05_BAL_ATL","86457f91112732f21ad4bb7d37bd291c","2026-10-12T00:20:00Z","player_receptions","Zay Flowers",3,5.5,0.467741935483871,5.5,4.5,5.5,NA
"2026-10-06T18:33:37Z","2026_05_BAL_ATL","86457f91112732f21ad4bb7d37bd291c","2026-10-12T00:20:00Z","player_rush_yds","Bijan Robinson",2,89,0.501019991840065,89,88.5,89.5,NA
"2026-10-06T18:33:37Z","2026_05_BAL_ATL","86457f91112732f21ad4bb7d37bd291c","2026-10-12T00:20:00Z","player_rush_yds","Brian Robinson Jr.",4,37.5,0.481181401780313,37.5,34.5,39.5,NA
"2026-10-06T18:33:37Z","2026_05_BAL_ATL","86457f91112732f21ad4bb7d37bd291c","2026-10-12T00:20:00Z","player_rush_yds","Derrick Henry",4,89.5,0.519594391920127,89.5,84.5,91.5,NA
"2026-10-06T18:33:37Z","2026_05_BAL_ATL","86457f91112732f21ad4bb7d37bd291c","2026-10-12T00:20:00Z","player_rush_yds","Justice Hill",4,11,0.517326732673267,11,9.5,11.5,NA
"2026-10-06T18:33:37Z","2026_05_BUF_LA","e6d00eedd87d367e510314bd8cab8f6f","2026-10-13T00:15:00Z","player_pass_interceptions","Josh Allen",1,0.5,0.483994878361076,0.5,0.5,0.5,NA
"2026-10-06T18:33:37Z","2026_05_BUF_LA","e6d00eedd87d367e510314bd8cab8f6f","2026-10-13T00:15:00Z","player_pass_interceptions","Matthew Stafford",1,0.5,0.498982084690554,0.5,0.5,0.5,NA
"2026-10-06T18:33:37Z","2026_05_BUF_LA","e6d00eedd87d367e510314bd8cab8f6f","2026-10-13T00:15:00Z","player_pass_tds","Josh Allen",5,1.5,0.480846774193548,1.5,1.5,1.5,NA
"2026-10-06T18:33:37Z","2026_05_BUF_LA","e6d00eedd87d367e510314bd8cab8f6f","2026-10-13T00:15:00Z","player_pass_tds","Matthew Stafford",5,2.5,0.373134328358209,2.5,1.5,2.5,NA
"2026-10-06T18:33:37Z","2026_05_BUF_LA","e6d00eedd87d367e510314bd8cab8f6f","2026-10-13T00:15:00Z","player_pass_yds","Josh Allen",5,245.5,0.5,245.5,244.5,249.5,NA
"2026-10-06T18:33:37Z","2026_05_BUF_LA","e6d00eedd87d367e510314bd8cab8f6f","2026-10-13T00:15:00Z","player_pass_yds","Matthew Stafford",5,280.5,0.5,280.5,279.5,280.5,NA
"2026-10-06T18:33:37Z","2026_05_BUF_LA","e6d00eedd87d367e510314bd8cab8f6f","2026-10-13T00:15:00Z","player_reception_yds","Dalton Kincaid",4,47.5,0.5,47.5,47.5,49.5,NA
"2026-10-06T18:33:37Z","2026_05_BUF_LA","e6d00eedd87d367e510314bd8cab8f6f","2026-10-13T00:15:00Z","player_reception_yds","Davante Adams",5,62.5,0.5,62.5,59.5,63.5,NA
"2026-10-06T18:33:37Z","2026_05_BUF_LA","e6d00eedd87d367e510314bd8cab8f6f","2026-10-13T00:15:00Z","player_reception_yds","Kyren Williams",5,19.5,0.5,19.5,19.5,20.5,NA
"2026-10-06T18:33:37Z","2026_05_BUF_LA","e6d00eedd87d367e510314bd8cab8f6f","2026-10-13T00:15:00Z","player_reception_yds","Puka Nacua",5,92.5,0.50301350048216,92.5,89.5,92.5,NA
"2026-10-06T18:33:37Z","2026_05_BUF_LA","e6d00eedd87d367e510314bd8cab8f6f","2026-10-13T00:15:00Z","player_receptions","Dalton Kincaid",3,3.5,0.543546088363314,3.5,3.5,3.5,NA
"2026-10-06T18:33:37Z","2026_05_BUF_LA","e6d00eedd87d367e510314bd8cab8f6f","2026-10-13T00:15:00Z","player_receptions","Davante Adams",4,4.5,0.458052853947457,4.5,4.5,4.5,NA
"2026-10-06T18:33:37Z","2026_05_BUF_LA","e6d00eedd87d367e510314bd8cab8f6f","2026-10-13T00:15:00Z","player_receptions","Kyren Williams",4,2.5,0.590729532887049,2.5,2.5,3.5,NA
"2026-10-06T18:33:37Z","2026_05_BUF_LA","e6d00eedd87d367e510314bd8cab8f6f","2026-10-13T00:15:00Z","player_receptions","Puka Nacua",4,6.5,0.56796078982503,6.5,6.5,7.5,NA
"2026-10-06T18:33:37Z","2026_05_BUF_LA","e6d00eedd87d367e510314bd8cab8f6f","2026-10-13T00:15:00Z","player_rush_yds","Blake Corum",5,31.5,0.5,31.5,29.5,33.5,NA
"2026-10-06T18:33:37Z","2026_05_BUF_LA","e6d00eedd87d367e510314bd8cab8f6f","2026-10-13T00:15:00Z","player_rush_yds","James Cook",5,75.5,0.5,75.5,74.5,79.5,NA
"2026-10-06T18:33:37Z","2026_05_BUF_LA","e6d00eedd87d367e510314bd8cab8f6f","2026-10-13T00:15:00Z","player_rush_yds","Josh Allen",5,36.5,0.5,36.5,36.5,39.5,NA
"2026-10-06T18:33:37Z","2026_05_BUF_LA","e6d00eedd87d367e510314bd8cab8f6f","2026-10-13T00:15:00Z","player_rush_yds","Kyren Williams",5,69.5,0.5,69.5,69.5,71.5,NA
"2026-10-06T18:33:37Z","2026_05_CHI_GB","2caea57b1e5cfbba1334cfbfd46f6771","2026-10-11T17:00:00Z","player_pass_tds","Jordan Love",5,1.5,0.423216444981862,1.5,1.5,1.5,NA
"2026-10-06T18:33:37Z","2026_05_CHI_GB","2caea57b1e5cfbba1334cfbfd46f6771","2026-10-11T17:00:00Z","player_pass_tds","Tyson Bagent",5,1.5,0.44988706154679,1.5,1.5,1.5,NA
"2026-10-06T18:33:37Z","2026_05_CHI_GB","2caea57b1e5cfbba1334cfbfd46f6771","2026-10-11T17:00:00Z","player_pass_yds","Jordan Love",6,231.5,0.50150675024108,231.5,224.5,235.5,NA
"2026-10-06T18:33:37Z","2026_05_CHI_GB","2caea57b1e5cfbba1334cfbfd46f6771","2026-10-11T17:00:00Z","player_pass_yds","Tyson Bagent",6,219.5,0.5,219.5,215.5,219.5,NA
"2026-10-06T18:33:37Z","2026_05_CLE_NYJ","9db4ed15fe34fca1fb62f040cd244591","2026-10-11T17:00:00Z","player_pass_interceptions","Deshaun Watson",1,0.5,0.47794265089232,0.5,0.5,0.5,NA
"2026-10-06T18:33:37Z","2026_05_CLE_NYJ","9db4ed15fe34fca1fb62f040cd244591","2026-10-11T17:00:00Z","player_pass_interceptions","Geno Smith",1,0.5,0.542636252296387,0.5,0.5,0.5,NA
"2026-10-06T18:33:37Z","2026_05_CLE_NYJ","9db4ed15fe34fca1fb62f040cd244591","2026-10-11T17:00:00Z","player_pass_tds","Deshaun Watson",5,1.5,0.371226874391431,1.5,1.5,1.5,NA
"2026-10-06T18:33:37Z","2026_05_CLE_NYJ","9db4ed15fe34fca1fb62f040cd244591","2026-10-11T17:00:00Z","player_pass_tds","Geno Smith",5,1.5,0.364652396287176,1.5,1.5,1.5,NA
"2026-10-06T18:33:37Z","2026_05_CLE_NYJ","9db4ed15fe34fca1fb62f040cd244591","2026-10-11T17:00:00Z","player_pass_yds","Deshaun Watson",6,202,0.502072933759789,202,199.5,203.5,NA
"2026-10-06T18:33:37Z","2026_05_CLE_NYJ","9db4ed15fe34fca1fb62f040cd244591","2026-10-11T17:00:00Z","player_pass_yds","Geno Smith",6,206.5,0.498947058080276,206.5,205.5,209.5,NA
"2026-10-06T18:33:37Z","2026_05_CLE_NYJ","9db4ed15fe34fca1fb62f040cd244591","2026-10-11T17:00:00Z","player_reception_yds","Denzel Boston",6,48.5,0.50150675024108,48.5,47.5,49.5,NA
"2026-10-06T18:33:37Z","2026_05_CLE_NYJ","9db4ed15fe34fca1fb62f040cd244591","2026-10-11T17:00:00Z","player_reception_yds","Garrett Wilson",6,68,0.5,68,65.5,70.5,NA
"2026-10-06T18:33:37Z","2026_05_CLE_NYJ","9db4ed15fe34fca1fb62f040cd244591","2026-10-11T17:00:00Z","player_reception_yds","Harold Fannin Jr.",6,37,0.49849324975892,37,35.5,39.5,NA
"2026-10-06T18:33:37Z","2026_05_CLE_NYJ","9db4ed15fe34fca1fb62f040cd244591","2026-10-11T17:00:00Z","player_reception_yds","KC Concepcion",6,37.5,0.49849324975892,37.5,36.5,39.5,NA
"2026-10-06T18:33:37Z","2026_05_CLE_NYJ","9db4ed15fe34fca1fb62f040cd244591","2026-10-11T17:00:00Z","player_receptions","Denzel Boston",4,3.5,0.459197316332508,3.5,3.5,3.5,NA
"2026-10-06T18:33:37Z","2026_05_CLE_NYJ","9db4ed15fe34fca1fb62f040cd244591","2026-10-11T17:00:00Z","player_receptions","Garrett Wilson",4,6.5,0.479043744852322,6.5,6.5,6.5,NA
"2026-10-06T18:33:37Z","2026_05_CLE_NYJ","9db4ed15fe34fca1fb62f040cd244591","2026-10-11T17:00:00Z","player_receptions","Harold Fannin Jr.",4,4.5,0.423960369827599,4.5,4.5,4.5,NA
"2026-10-06T18:33:37Z","2026_05_CLE_NYJ","9db4ed15fe34fca1fb62f040cd244591","2026-10-11T17:00:00Z","player_receptions","KC Concepcion",4,4,0.494833838306651,4,3.5,4.5,NA
"2026-10-06T18:33:37Z","2026_05_CLE_NYJ","9db4ed15fe34fca1fb62f040cd244591","2026-10-11T17:00:00Z","player_rush_yds","Braelon Allen",6,69.5,0.5,69.5,69.5,70.5,NA
"2026-10-06T18:33:37Z","2026_05_CLE_NYJ","9db4ed15fe34fca1fb62f040cd244591","2026-10-11T17:00:00Z","player_rush_yds","Deshaun Watson",6,26,0.5,26,24.5,29.5,NA
"2026-10-06T18:33:37Z","2026_05_CLE_NYJ","9db4ed15fe34fca1fb62f040cd244591","2026-10-11T17:00:00Z","player_rush_yds","Geno Smith",6,11,0.503993610223642,11,9.5,11.5,NA
"2026-10-06T18:33:37Z","2026_05_CLE_NYJ","9db4ed15fe34fca1fb62f040cd244591","2026-10-11T17:00:00Z","player_rush_yds","Isaiah Davis",5,11.5,0.5,11.5,9.5,12.5,NA
"2026-10-06T18:33:37Z","2026_05_CLE_NYJ","9db4ed15fe34fca1fb62f040cd244591","2026-10-11T17:00:00Z","player_rush_yds","Quinshon Judkins",6,59.5,0.501019991840065,59.5,57.5,59.5,NA
"2026-10-06T18:33:37Z","2026_05_LV_NE","6b024bad1abb54f597225e4ab9b39d89","2026-10-11T17:00:00Z","player_pass_interceptions","Drake Maye",1,0.5,0.574572930354796,0.5,0.5,0.5,NA
"2026-10-06T18:33:37Z","2026_05_LV_NE","6b024bad1abb54f597225e4ab9b39d89","2026-10-11T17:00:00Z","player_pass_interceptions","Kirk Cousins",1,0.5,0.563470066518847,0.5,0.5,0.5,NA
"2026-10-06T18:33:37Z","2026_05_LV_NE","6b024bad1abb54f597225e4ab9b39d89","2026-10-11T17:00:00Z","player_pass_tds","Drake Maye",5,1.5,0.493931056805308,1.5,1.5,1.5,NA
"2026-10-06T18:33:37Z","2026_05_LV_NE","6b024bad1abb54f597225e4ab9b39d89","2026-10-11T17:00:00Z","player_pass_tds","Kirk Cousins",5,1.5,0.408085430968726,1.5,1.5,1.5,NA
"2026-10-06T18:33:37Z","2026_05_LV_NE","6b024bad1abb54f597225e4ab9b39d89","2026-10-11T17:00:00Z","player_pass_yds","Drake Maye",6,226.5,0.5,226.5,224.5,229.5,NA
"2026-10-06T18:33:37Z","2026_05_LV_NE","6b024bad1abb54f597225e4ab9b39d89","2026-10-11T17:00:00Z","player_pass_yds","Kirk Cousins",6,225.5,0.5,225.5,220.5,229.5,NA
"2026-10-06T18:33:37Z","2026_05_PHI_JAX","21b26266f3d78af02eb672e606275d95","2026-10-11T13:30:00Z","player_pass_attempts","Jalen Hurts",2,31.5,0.479809100498756,31.5,31.5,31.5,NA
"2026-10-06T18:33:37Z","2026_05_PHI_JAX","21b26266f3d78af02eb672e606275d95","2026-10-11T13:30:00Z","player_pass_attempts","Trevor Lawrence",2,30.5,0.506207957233691,30.5,30.5,30.5,NA
"2026-10-06T18:33:37Z","2026_05_PHI_JAX","21b26266f3d78af02eb672e606275d95","2026-10-11T13:30:00Z","player_pass_interceptions","Jalen Hurts",3,0.5,0.516439256945586,0.5,0.5,0.5,NA
"2026-10-06T18:33:37Z","2026_05_PHI_JAX","21b26266f3d78af02eb672e606275d95","2026-10-11T13:30:00Z","player_pass_interceptions","Trevor Lawrence",3,0.5,0.514571190674438,0.5,0.5,0.5,NA
"2026-10-06T18:33:37Z","2026_05_PHI_JAX","21b26266f3d78af02eb672e606275d95","2026-10-11T13:30:00Z","player_pass_tds","Jalen Hurts",5,0.5,0.66,0.5,0.5,0.5,NA
"2026-10-06T18:33:37Z","2026_05_PHI_JAX","21b26266f3d78af02eb672e606275d95","2026-10-11T13:30:00Z","player_pass_tds","Trevor Lawrence",5,1.5,0.485816177662506,1.5,1.5,1.5,NA
"2026-10-06T18:33:37Z","2026_05_PHI_JAX","21b26266f3d78af02eb672e606275d95","2026-10-11T13:30:00Z","player_pass_yds","Jalen Hurts",6,195.5,0.497440307839196,195.5,187.5,199.5,NA
"2026-10-06T18:33:37Z","2026_05_PHI_JAX","21b26266f3d78af02eb672e606275d95","2026-10-11T13:30:00Z","player_pass_yds","Trevor Lawrence",6,229.5,0.502600610099666,229.5,224.5,231.5,NA
"2026-10-06T18:33:37Z","2026_05_PHI_JAX","21b26266f3d78af02eb672e606275d95","2026-10-11T13:30:00Z","player_reception_yds","Bhayshul Tuten",6,9.5,0.50707864163127,9.5,9.5,9.5,NA
"2026-10-06T18:33:37Z","2026_05_PHI_JAX","21b26266f3d78af02eb672e606275d95","2026-10-11T13:30:00Z","player_reception_yds","Brenton Strange",6,38,0.497488345925092,38,35.5,39.5,NA
"2026-10-06T18:33:37Z","2026_05_PHI_JAX","21b26266f3d78af02eb672e606275d95","2026-10-11T13:30:00Z","player_reception_yds","Brian Thomas Jr",6,24.5,0.5,24.5,22.5,29.5,NA
"2026-10-06T18:33:37Z","2026_05_PHI_JAX","21b26266f3d78af02eb672e606275d95","2026-10-11T13:30:00Z","player_reception_yds","Jakobi Meyers",6,43,0.502511654074907,43,39.5,49.5,NA
"2026-10-06T18:33:37Z","2026_05_PHI_JAX","21b26266f3d78af02eb672e606275d95","2026-10-11T13:30:00Z","player_reception_yds","Josh Cameron",6,12,0.501052941919724,12,9.5,12.5,NA
"2026-10-06T18:33:37Z","2026_05_PHI_JAX","21b26266f3d78af02eb672e606275d95","2026-10-11T13:30:00Z","player_reception_yds","Parker Washington",6,60,0.5,60,59.5,61.5,NA
"2026-10-06T18:33:37Z","2026_05_PHI_JAX","21b26266f3d78af02eb672e606275d95","2026-10-11T13:30:00Z","player_receptions","Bhayshul Tuten",4,1.5,0.505121714563609,1.5,1.5,1.5,NA
"2026-10-06T18:33:37Z","2026_05_PHI_JAX","21b26266f3d78af02eb672e606275d95","2026-10-11T13:30:00Z","player_receptions","Brenton Strange",4,3.5,0.481385877371329,3.5,3.5,3.5,NA
"2026-10-06T18:33:37Z","2026_05_PHI_JAX","21b26266f3d78af02eb672e606275d95","2026-10-11T13:30:00Z","player_receptions","Brian Thomas Jr",4,2.5,0.392791575941868,2.5,2.5,2.5,NA
"2026-10-06T18:33:37Z","2026_05_PHI_JAX","21b26266f3d78af02eb672e606275d95","2026-10-11T13:30:00Z","player_receptions","Jakobi Meyers",4,3.5,0.539938284011481,3.5,3.5,3.5,NA
"2026-10-06T18:33:37Z","2026_05_PHI_JAX","21b26266f3d78af02eb672e606275d95","2026-10-11T13:30:00Z","player_receptions","Josh Cameron",4,1.5,0.453814809618003,1.5,1.5,1.5,NA
"2026-10-06T18:33:37Z","2026_05_PHI_JAX","21b26266f3d78af02eb672e606275d95","2026-10-11T13:30:00Z","player_receptions","Parker Washington",4,4.5,0.531093360568731,4.5,4.5,4.5,NA
"2026-10-06T18:33:37Z","2026_05_PHI_JAX","21b26266f3d78af02eb672e606275d95","2026-10-11T13:30:00Z","player_rush_attempts","Bhayshul Tuten",2,14.5,0.502000149915243,14.5,14.5,14.5,NA
"2026-10-06T18:33:37Z","2026_05_PHI_JAX","21b26266f3d78af02eb672e606275d95","2026-10-11T13:30:00Z","player_rush_yds","Bhayshul Tuten",6,59.5,0.5,59.5,58.5,60.5,NA
"2026-10-06T18:33:37Z","2026_05_PHI_JAX","21b26266f3d78af02eb672e606275d95","2026-10-11T13:30:00Z","player_rush_yds","Jalen Hurts",6,27.5,0.498947058080276,27.5,26.5,29.5,NA
"2026-10-06T18:33:37Z","2026_05_PHI_JAX","21b26266f3d78af02eb672e606275d95","2026-10-11T13:30:00Z","player_rush_yds","Trevor Lawrence",6,13,0.506794303072901,13,9.5,13.5,NA
"2026-10-06T18:33:37Z","2026_05_SF_SEA","8e5d515b10d8a5ffb324640ed60bcc55","2026-10-11T20:25:00Z","player_pass_attempts","Brock Purdy",1,31.5,0.512482836100362,31.5,31.5,31.5,NA
"2026-10-06T18:33:37Z","2026_05_SF_SEA","8e5d515b10d8a5ffb324640ed60bcc55","2026-10-11T20:25:00Z","player_pass_attempts","Sam Darnold",1,30.5,0.481240620310155,30.5,30.5,30.5,NA
"2026-10-06T18:33:37Z","2026_05_SF_SEA","8e5d515b10d8a5ffb324640ed60bcc55","2026-10-11T20:25:00Z","player_pass_interceptions","Brock Purdy",2,0.5,0.581173063917384,0.5,0.5,0.5,NA
"2026-10-06T18:33:37Z","2026_05_SF_SEA","8e5d515b10d8a5ffb324640ed60bcc55","2026-10-11T20:25:00Z","player_pass_interceptions","Sam Darnold",2,0.5,0.434106099383648,0.5,0.5,0.5,NA
"2026-10-06T18:33:37Z","2026_05_SF_SEA","8e5d515b10d8a5ffb324640ed60bcc55","2026-10-11T20:25:00Z","player_pass_tds","Brock Purdy",5,1.5,0.481492905613819,1.5,1.5,1.5,NA
"2026-10-06T18:33:37Z","2026_05_SF_SEA","8e5d515b10d8a5ffb324640ed60bcc55","2026-10-11T20:25:00Z","player_pass_tds","Sam Darnold",5,1.5,0.495844587575317,1.5,1.5,1.5,NA
"2026-10-06T18:33:37Z","2026_05_SF_SEA","8e5d515b10d8a5ffb324640ed60bcc55","2026-10-11T20:25:00Z","player_pass_yds","Brock Purdy",6,225.5,0.5,225.5,224.5,229.5,NA
"2026-10-06T18:33:37Z","2026_05_SF_SEA","8e5d515b10d8a5ffb324640ed60bcc55","2026-10-11T20:25:00Z","player_pass_yds","Sam Darnold",6,227.5,0.5,227.5,225.5,229.5,NA
"2026-10-06T18:33:37Z","2026_05_SF_SEA","8e5d515b10d8a5ffb324640ed60bcc55","2026-10-11T20:25:00Z","player_reception_yds","AJ Barner",6,24.5,0.5,24.5,19.5,29.5,NA
"2026-10-06T18:33:37Z","2026_05_SF_SEA","8e5d515b10d8a5ffb324640ed60bcc55","2026-10-11T20:25:00Z","player_reception_yds","Christian McCaffrey",6,35.5,0.493273915716057,35.5,35.5,39.5,NA
"2026-10-06T18:33:37Z","2026_05_SF_SEA","8e5d515b10d8a5ffb324640ed60bcc55","2026-10-11T20:25:00Z","player_reception_yds","Cooper Kupp",6,25.5,0.494790324621598,25.5,25.5,29.5,NA
"2026-10-06T18:33:37Z","2026_05_SF_SEA","8e5d515b10d8a5ffb324640ed60bcc55","2026-10-11T20:25:00Z","player_reception_yds","Deebo Samuel",6,31.5,0.504707558637073,31.5,29.5,33.5,NA
"2026-10-06T18:33:37Z","2026_05_SF_SEA","8e5d515b10d8a5ffb324640ed60bcc55","2026-10-11T20:25:00Z","player_reception_yds","George Kittle",6,57.5,0.5,57.5,56.5,59.5,NA
"2026-10-06T18:33:37Z","2026_05_SF_SEA","8e5d515b10d8a5ffb324640ed60bcc55","2026-10-11T20:25:00Z","player_reception_yds","Jaxon Smith-Njigba",6,94.5,0.5,94.5,93.5,99.5,NA
"2026-10-06T18:33:37Z","2026_05_SF_SEA","8e5d515b10d8a5ffb324640ed60bcc55","2026-10-11T20:25:00Z","player_reception_yds","Mike Evans",6,49,0.498947058080276,49,48.5,49.5,NA
"2026-10-06T18:33:37Z","2026_05_SF_SEA","8e5d515b10d8a5ffb324640ed60bcc55","2026-10-11T20:25:00Z","player_reception_yds","Rashid Shaheed",6,18,0.501052941919724,18,17.5,19.5,NA
"2026-10-06T18:33:37Z","2026_05_SF_SEA","8e5d515b10d8a5ffb324640ed60bcc55","2026-10-11T20:25:00Z","player_receptions","AJ Barner",4,2.5,0.559819352871679,2.5,2.5,2.5,NA
"2026-10-06T18:33:37Z","2026_05_SF_SEA","8e5d515b10d8a5ffb324640ed60bcc55","2026-10-11T20:25:00Z","player_receptions","Christian McCaffrey",4,4.5,0.527169791728157,4.5,4.5,4.5,NA
"2026-10-06T18:33:37Z","2026_05_SF_SEA","8e5d515b10d8a5ffb324640ed60bcc55","2026-10-11T20:25:00Z","player_receptions","Cooper Kupp",4,2.5,0.488595995019722,2.5,2.5,2.5,NA
"2026-10-06T18:33:37Z","2026_05_SF_SEA","8e5d515b10d8a5ffb324640ed60bcc55","2026-10-11T20:25:00Z","player_receptions","Deebo Samuel",4,3.5,0.472740764929087,3.5,3.5,3.5,NA
"2026-10-06T18:33:37Z","2026_05_SF_SEA","8e5d515b10d8a5ffb324640ed60bcc55","2026-10-11T20:25:00Z","player_receptions","George Kittle",4,4.5,0.534670571894585,4.5,4.5,4.5,NA
"2026-10-06T18:33:37Z","2026_05_SF_SEA","8e5d515b10d8a5ffb324640ed60bcc55","2026-10-11T20:25:00Z","player_receptions","Jaxon Smith-Njigba",4,6.5,0.526220062980364,6.5,6.5,6.5,NA
"2026-10-06T18:33:37Z","2026_05_SF_SEA","8e5d515b10d8a5ffb324640ed60bcc55","2026-10-11T20:25:00Z","player_receptions","Mike Evans",4,3.5,0.579862191576896,3.5,3.5,4.5,NA
"2026-10-06T18:33:37Z","2026_05_SF_SEA","8e5d515b10d8a5ffb324640ed60bcc55","2026-10-11T20:25:00Z","player_receptions","Rashid Shaheed",4,1.5,0.597110321652469,1.5,1.5,1.5,NA
"2026-10-06T18:33:37Z","2026_05_SF_SEA","8e5d515b10d8a5ffb324640ed60bcc55","2026-10-11T20:25:00Z","player_rush_attempts","Christian McCaffrey",1,14.5,0.516663195167673,14.5,14.5,14.5,NA
"2026-10-06T18:33:37Z","2026_05_SF_SEA","8e5d515b10d8a5ffb324640ed60bcc55","2026-10-11T20:25:00Z","player_rush_yds","Brock Purdy",6,18.5,0.5,18.5,18.5,19.5,NA
"2026-10-06T18:33:37Z","2026_05_SF_SEA","8e5d515b10d8a5ffb324640ed60bcc55","2026-10-11T20:25:00Z","player_rush_yds","Christian McCaffrey",6,53.5,0.501547668179942,53.5,49.5,59.5,NA
"2026-10-06T18:33:37Z","2026_05_SF_SEA","8e5d515b10d8a5ffb324640ed60bcc55","2026-10-11T20:25:00Z","player_rush_yds","Kaelon Black",6,14.5,0.501547668179942,14.5,14.5,19.5,NA
"2026-10-06T18:33:37Z","2026_05_SF_SEA","8e5d515b10d8a5ffb324640ed60bcc55","2026-10-11T20:25:00Z","player_rush_yds","Sam Darnold",4,5.5,0.498296000247855,5.5,4.5,9.5,NA
"2026-10-06T18:33:37Z","2026_05_TB_DAL","259b5df9aa0d10257f56de78523495e0","2026-10-09T00:15:00Z","player_pass_attempts","Dak Prescott",3,33.5,0.523858921161826,33.5,33.5,33.5,NA
"2026-10-06T18:33:37Z","2026_05_TB_DAL","259b5df9aa0d10257f56de78523495e0","2026-10-09T00:15:00Z","player_pass_attempts","Jalon Daniels",4,28.5,0.49429484626732,28.5,28.5,28.5,NA
"2026-10-06T18:33:37Z","2026_05_TB_DAL","259b5df9aa0d10257f56de78523495e0","2026-10-09T00:15:00Z","player_pass_interceptions","Dak Prescott",4,0.5,0.467193015774799,0.5,0.5,0.5,NA
"2026-10-06T18:33:37Z","2026_05_TB_DAL","259b5df9aa0d10257f56de78523495e0","2026-10-09T00:15:00Z","player_pass_interceptions","Jalon Daniels",4,0.5,0.614087564480833,0.5,0.5,0.5,NA
"2026-10-06T18:33:37Z","2026_05_TB_DAL","259b5df9aa0d10257f56de78523495e0","2026-10-09T00:15:00Z","player_pass_tds","Dak Prescott",6,1.5,0.64780594935585,1.5,1.5,2.5,NA
"2026-10-06T18:33:37Z","2026_05_TB_DAL","259b5df9aa0d10257f56de78523495e0","2026-10-09T00:15:00Z","player_pass_tds","Jalon Daniels",7,0.5,0.66537342386033,0.5,0.5,0.5,NA
"2026-10-06T18:33:37Z","2026_05_TB_DAL","259b5df9aa0d10257f56de78523495e0","2026-10-09T00:15:00Z","player_pass_yds","Dak Prescott",7,264.5,0.5,264.5,260.5,268.5,NA
"2026-10-06T18:33:37Z","2026_05_TB_DAL","259b5df9aa0d10257f56de78523495e0","2026-10-09T00:15:00Z","player_pass_yds","Jalon Daniels",6,179.5,0.5,179.5,178.5,182.5,NA
"2026-10-06T18:33:37Z","2026_05_TB_DAL","259b5df9aa0d10257f56de78523495e0","2026-10-09T00:15:00Z","player_reception_yds","Bucky Irving",6,12.5,0.502579872863865,12.5,12.5,15.5,NA
"2026-10-06T18:33:37Z","2026_05_TB_DAL","259b5df9aa0d10257f56de78523495e0","2026-10-09T00:15:00Z","player_reception_yds","Cade Otton",6,30.5,0.496840109542869,30.5,27.5,30.5,NA
"2026-10-06T18:33:37Z","2026_05_TB_DAL","259b5df9aa0d10257f56de78523495e0","2026-10-09T00:15:00Z","player_reception_yds","CeeDee Lamb",6,80.5,0.5,80.5,80.5,80.5,NA
"2026-10-06T18:33:37Z","2026_05_TB_DAL","259b5df9aa0d10257f56de78523495e0","2026-10-09T00:15:00Z","player_reception_yds","Chris Godwin",6,28.5,0.498452331820058,28.5,27.5,29.5,NA
"2026-10-06T18:33:37Z","2026_05_TB_DAL","259b5df9aa0d10257f56de78523495e0","2026-10-09T00:15:00Z","player_reception_yds","Emeka Egbuka",6,31.5,0.49849324975892,31.5,31.5,34.5,NA
"2026-10-06T18:33:37Z","2026_05_TB_DAL","259b5df9aa0d10257f56de78523495e0","2026-10-09T00:15:00Z","player_reception_yds","George Pickens",6,63,0.5,63,61.5,64.5,NA
"2026-10-06T18:33:37Z","2026_05_TB_DAL","259b5df9aa0d10257f56de78523495e0","2026-10-09T00:15:00Z","player_reception_yds","Jake Ferguson",6,28,0.5,28,26.5,28.5,NA
"2026-10-06T18:33:37Z","2026_05_TB_DAL","259b5df9aa0d10257f56de78523495e0","2026-10-09T00:15:00Z","player_reception_yds","Javonte Williams",7,15.5,0.5,15.5,14.5,16.5,NA
"2026-10-06T18:33:37Z","2026_05_TB_DAL","259b5df9aa0d10257f56de78523495e0","2026-10-09T00:15:00Z","player_reception_yds","Kenny Gainwell",4,10.5,0.5,10.5,10.5,10.5,NA
"2026-10-06T18:33:37Z","2026_05_TB_DAL","259b5df9aa0d10257f56de78523495e0","2026-10-09T00:15:00Z","player_reception_yds","Ryan Flournoy",6,31.5,0.5,31.5,31.5,34.5,NA
"2026-10-06T18:33:37Z","2026_05_TB_DAL","259b5df9aa0d10257f56de78523495e0","2026-10-09T00:15:00Z","player_reception_yds","Ted Hurst III",5,21.5,0.5,21.5,20.5,23.5,NA
"2026-10-06T18:33:37Z","2026_05_TB_DAL","259b5df9aa0d10257f56de78523495e0","2026-10-09T00:15:00Z","player_reception_yds","Tez Johnson",5,11.5,0.5,11.5,11.5,12.5,NA
"2026-10-06T18:33:37Z","2026_05_TB_DAL","259b5df9aa0d10257f56de78523495e0","2026-10-09T00:15:00Z","player_receptions","Bucky Irving",5,2.5,0.432974226101186,2.5,2.5,2.5,NA
"2026-10-06T18:33:37Z","2026_05_TB_DAL","259b5df9aa0d10257f56de78523495e0","2026-10-09T00:15:00Z","player_receptions","Cade Otton",5,3.5,0.456453911636686,3.5,3.5,3.5,NA
"2026-10-06T18:33:37Z","2026_05_TB_DAL","259b5df9aa0d10257f56de78523495e0","2026-10-09T00:15:00Z","player_receptions","CeeDee Lamb",6,6.5,0.449463579316476,6.5,5.5,6.5,NA
"2026-10-06T18:33:37Z","2026_05_TB_DAL","259b5df9aa0d10257f56de78523495e0","2026-10-09T00:15:00Z","player_receptions","Chris Godwin",5,3.5,0.445859872611465,3.5,3.5,3.5,NA
"2026-10-06T18:33:37Z","2026_05_TB_DAL","259b5df9aa0d10257f56de78523495e0","2026-10-09T00:15:00Z","player_receptions","Emeka Egbuka",5,2.5,0.589945275224463,2.5,2.5,2.5,NA
"2026-10-06T18:33:37Z","2026_05_TB_DAL","259b5df9aa0d10257f56de78523495e0","2026-10-09T00:15:00Z","player_receptions","George Pickens",5,4.5,0.5,4.5,4.5,4.5,NA
"2026-10-06T18:33:37Z","2026_05_TB_DAL","259b5df9aa0d10257f56de78523495e0","2026-10-09T00:15:00Z","player_receptions","Jake Ferguson",5,3.5,0.479695431472081,3.5,3.5,3.5,NA
"2026-10-06T18:33:37Z","2026_05_TB_DAL","259b5df9aa0d10257f56de78523495e0","2026-10-09T00:15:00Z","player_receptions","Javonte Williams",5,2.5,0.516439256945586,2.5,2.5,2.5,NA
"2026-10-06T18:33:37Z","2026_05_TB_DAL","259b5df9aa0d10257f56de78523495e0","2026-10-09T00:15:00Z","player_receptions","Kenny Gainwell",4,1.5,0.599332071430424,1.5,1.5,1.5,NA
"2026-10-06T18:33:37Z","2026_05_TB_DAL","259b5df9aa0d10257f56de78523495e0","2026-10-09T00:15:00Z","player_receptions","Ryan Flournoy",4,3.5,0.412505007483541,3.5,3.5,3.5,NA
"2026-10-06T18:33:37Z","2026_05_TB_DAL","259b5df9aa0d10257f56de78523495e0","2026-10-09T00:15:00Z","player_receptions","Ted Hurst III",5,1.5,0.584524731046903,1.5,1.5,1.5,NA
"2026-10-06T18:33:37Z","2026_05_TB_DAL","259b5df9aa0d10257f56de78523495e0","2026-10-09T00:15:00Z","player_receptions","Tez Johnson",5,1.5,0.379746835443038,1.5,1.5,1.5,NA
"2026-10-06T18:33:37Z","2026_05_TB_DAL","259b5df9aa0d10257f56de78523495e0","2026-10-09T00:15:00Z","player_rush_attempts","Bucky Irving",2,13.5,0.475373524592814,13.5,13.5,13.5,NA
"2026-10-06T18:33:37Z","2026_05_TB_DAL","259b5df9aa0d10257f56de78523495e0","2026-10-09T00:15:00Z","player_rush_attempts","Jalon Daniels",2,7.5,0.500530038032399,7.5,7.5,7.5,NA
"2026-10-06T18:33:37Z","2026_05_TB_DAL","259b5df9aa0d10257f56de78523495e0","2026-10-09T00:15:00Z","player_rush_attempts","Javonte Williams",3,17.5,0.514571190674438,17.5,17.5,17.5,NA
"2026-10-06T18:33:37Z","2026_05_TB_DAL","259b5df9aa0d10257f56de78523495e0","2026-10-09T00:15:00Z","player_rush_yds","Bucky Irving",6,53,0.5,53,51.5,53.5,NA
"2026-10-06T18:33:37Z","2026_05_TB_DAL","259b5df9aa0d10257f56de78523495e0","2026-10-09T00:15:00Z","player_rush_yds","Dak Prescott",6,9.5,0.501547668179942,9.5,9.5,10.5,NA
"2026-10-06T18:33:37Z","2026_05_TB_DAL","259b5df9aa0d10257f56de78523495e0","2026-10-09T00:15:00Z","player_rush_yds","Jalon Daniels",5,45.5,0.5,45.5,43.5,45.5,NA
"2026-10-06T18:33:37Z","2026_05_TB_DAL","259b5df9aa0d10257f56de78523495e0","2026-10-09T00:15:00Z","player_rush_yds","Javonte Williams",6,73,0.498947058080276,73,72.5,73.5,NA
"2026-10-06T18:33:37Z","2026_05_TB_DAL","259b5df9aa0d10257f56de78523495e0","2026-10-09T00:15:00Z","player_rush_yds","Kenny Gainwell",5,12.5,0.5,12.5,11.5,12.5,NA
"2026-10-06T18:33:37Z","2026_05_TB_DAL","259b5df9aa0d10257f56de78523495e0","2026-10-09T00:15:00Z","player_rush_yds","Tyler Goodson",4,16.5,0.5,16.5,16.5,16.5,NA
"2026-10-06T18:33:37Z","2026_05_BAL_ATL","86457f91112732f21ad4bb7d37bd291c","2026-10-12T00:20:00Z","player_anytime_td","Austin Hooper",4,NA,NA,NA,NA,NA,0.121323529411765
"2026-10-06T18:33:37Z","2026_05_BAL_ATL","86457f91112732f21ad4bb7d37bd291c","2026-10-12T00:20:00Z","player_anytime_td","Bijan Robinson",5,NA,NA,NA,NA,NA,0.701492537313433
"2026-10-06T18:33:37Z","2026_05_BAL_ATL","86457f91112732f21ad4bb7d37bd291c","2026-10-12T00:20:00Z","player_anytime_td","Brian Robinson Jr.",4,NA,NA,NA,NA,NA,0.303030303030303
"2026-10-06T18:33:37Z","2026_05_BAL_ATL","86457f91112732f21ad4bb7d37bd291c","2026-10-12T00:20:00Z","player_anytime_td","Charlie Woerner",4,NA,NA,NA,NA,NA,0.0409698996655518
"2026-10-06T18:33:37Z","2026_05_BAL_ATL","86457f91112732f21ad4bb7d37bd291c","2026-10-12T00:20:00Z","player_anytime_td","Chris Blair",4,NA,NA,NA,NA,NA,0.0476190476190476
"2026-10-06T18:33:37Z","2026_05_BAL_ATL","86457f91112732f21ad4bb7d37bd291c","2026-10-12T00:20:00Z","player_anytime_td","Chris Moore",4,NA,NA,NA,NA,NA,0.0773809523809524
"2026-10-06T18:33:37Z","2026_05_BAL_ATL","86457f91112732f21ad4bb7d37bd291c","2026-10-12T00:20:00Z","player_anytime_td","Derrick Henry",5,NA,NA,NA,NA,NA,0.607843137254902
"2026-10-06T18:33:37Z","2026_05_BAL_ATL","86457f91112732f21ad4bb7d37bd291c","2026-10-12T00:20:00Z","player_anytime_td","Devontez Walker",4,NA,NA,NA,NA,NA,0.102631578947368
"2026-10-06T18:33:37Z","2026_05_BAL_ATL","86457f91112732f21ad4bb7d37bd291c","2026-10-12T00:20:00Z","player_anytime_td","Drake London",5,NA,NA,NA,NA,NA,0.434782608695652
"2026-10-06T18:33:37Z","2026_05_BAL_ATL","86457f91112732f21ad4bb7d37bd291c","2026-10-12T00:20:00Z","player_anytime_td","Durham Smythe",3,NA,NA,NA,NA,NA,0.117647058823529
"2026-10-06T18:33:37Z","2026_05_BAL_ATL","86457f91112732f21ad4bb7d37bd291c","2026-10-12T00:20:00Z","player_anytime_td","Elijah Sarratt",4,NA,NA,NA,NA,NA,0.0488095238095238
"2026-10-06T18:33:37Z","2026_05_BAL_ATL","86457f91112732f21ad4bb7d37bd291c","2026-10-12T00:20:00Z","player_anytime_td","Jahan Dotson",4,NA,NA,NA,NA,NA,0.175654853620955
"2026-10-06T18:33:37Z","2026_05_BAL_ATL","86457f91112732f21ad4bb7d37bd291c","2026-10-12T00:20:00Z","player_anytime_td","Josh Cuevas",4,NA,NA,NA,NA,NA,0.0627450980392157
"2026-10-06T18:33:37Z","2026_05_BAL_ATL","86457f91112732f21ad4bb7d37bd291c","2026-10-12T00:20:00Z","player_anytime_td","Justice Hill",4,NA,NA,NA,NA,NA,0.138095238095238
"2026-10-06T18:33:37Z","2026_05_BAL_ATL","86457f91112732f21ad4bb7d37bd291c","2026-10-12T00:20:00Z","player_anytime_td","Kyle Pitts",4,NA,NA,NA,NA,NA,0.227390180878553
"2026-10-06T18:33:37Z","2026_05_BAL_ATL","86457f91112732f21ad4bb7d37bd291c","2026-10-12T00:20:00Z","player_anytime_td","LaJohntay Wester",4,NA,NA,NA,NA,NA,0.0839160839160839
"2026-10-06T18:33:37Z","2026_05_BAL_ATL","86457f91112732f21ad4bb7d37bd291c","2026-10-12T00:20:00Z","player_anytime_td","Lamar Jackson",1,NA,NA,NA,NA,NA,0.294117647058824
"2026-10-06T18:33:37Z","2026_05_BAL_ATL","86457f91112732f21ad4bb7d37bd291c","2026-10-12T00:20:00Z","player_anytime_td","Mark Andrews",4,NA,NA,NA,NA,NA,0.27027027027027
"2026-10-06T18:33:37Z","2026_05_BAL_ATL","86457f91112732f21ad4bb7d37bd291c","2026-10-12T00:20:00Z","player_anytime_td","Matthew Hibner",4,NA,NA,NA,NA,NA,0.0871212121212121
"2026-10-06T18:33:37Z","2026_05_BAL_ATL","86457f91112732f21ad4bb7d37bd291c","2026-10-12T00:20:00Z","player_anytime_td","Michael Penix Jr.",4,NA,NA,NA,NA,NA,0.0833333333333333
"2026-10-06T18:33:37Z","2026_05_BAL_ATL","86457f91112732f21ad4bb7d37bd291c","2026-10-12T00:20:00Z","player_anytime_td","Nick Muse",4,NA,NA,NA,NA,NA,0.0384615384615385
"2026-10-06T18:33:37Z","2026_05_BAL_ATL","86457f91112732f21ad4bb7d37bd291c","2026-10-12T00:20:00Z","player_anytime_td","Olamide Zaccheaus",4,NA,NA,NA,NA,NA,0.117647058823529
"2026-10-06T18:33:37Z","2026_05_BAL_ATL","86457f91112732f21ad4bb7d37bd291c","2026-10-12T00:20:00Z","player_anytime_td","Rasheen Ali",4,NA,NA,NA,NA,NA,0.032258064516129
"2026-10-06T18:33:37Z","2026_05_BAL_ATL","86457f91112732f21ad4bb7d37bd291c","2026-10-12T00:20:00Z","player_anytime_td","Rashod Bateman",4,NA,NA,NA,NA,NA,0.196153846153846
"2026-10-06T18:33:37Z","2026_05_BAL_ATL","86457f91112732f21ad4bb7d37bd291c","2026-10-12T00:20:00Z","player_anytime_td","Tyler Huntley",3,NA,NA,NA,NA,NA,0.2
"2026-10-06T18:33:37Z","2026_05_BAL_ATL","86457f91112732f21ad4bb7d37bd291c","2026-10-12T00:20:00Z","player_anytime_td","Zachariah Branch",4,NA,NA,NA,NA,NA,0.0833333333333333
"2026-10-06T18:33:37Z","2026_05_BAL_ATL","86457f91112732f21ad4bb7d37bd291c","2026-10-12T00:20:00Z","player_anytime_td","Zay Flowers",4,NA,NA,NA,NA,NA,0.333333333333333
"2026-10-06T18:33:37Z","2026_05_BUF_LA","e6d00eedd87d367e510314bd8cab8f6f","2026-10-13T00:15:00Z","player_anytime_td","Blake Corum",5,NA,NA,NA,NA,NA,0.285714285714286
"2026-10-06T18:33:37Z","2026_05_BUF_LA","e6d00eedd87d367e510314bd8cab8f6f","2026-10-13T00:15:00Z","player_anytime_td","CJ Daniels",1,NA,NA,NA,NA,NA,0.04
"2026-10-06T18:33:37Z","2026_05_BUF_LA","e6d00eedd87d367e510314bd8cab8f6f","2026-10-13T00:15:00Z","player_anytime_td","Colby Parkinson",1,NA,NA,NA,NA,NA,0.350877192982456
"2026-10-06T18:33:37Z","2026_05_BUF_LA","e6d00eedd87d367e510314bd8cab8f6f","2026-10-13T00:15:00Z","player_anytime_td","DJ Moore",1,NA,NA,NA,NA,NA,0.333333333333333
"2026-10-06T18:33:37Z","2026_05_BUF_LA","e6d00eedd87d367e510314bd8cab8f6f","2026-10-13T00:15:00Z","player_anytime_td","Dalton Kincaid",5,NA,NA,NA,NA,NA,0.317460317460317
"2026-10-06T18:33:37Z","2026_05_BUF_LA","e6d00eedd87d367e510314bd8cab8f6f","2026-10-13T00:15:00Z","player_anytime_td","Davante Adams",5,NA,NA,NA,NA,NA,0.51219512195122
"2026-10-06T18:33:37Z","2026_05_BUF_LA","e6d00eedd87d367e510314bd8cab8f6f","2026-10-13T00:15:00Z","player_anytime_td","Davis Allen",5,NA,NA,NA,NA,NA,0.142857142857143
"2026-10-06T18:33:37Z","2026_05_BUF_LA","e6d00eedd87d367e510314bd8cab8f6f","2026-10-13T00:15:00Z","player_anytime_td","Dawson Knox",5,NA,NA,NA,NA,NA,0.153846153846154
"2026-10-06T18:33:37Z","2026_05_BUF_LA","e6d00eedd87d367e510314bd8cab8f6f","2026-10-13T00:15:00Z","player_anytime_td","Dean Connors",5,NA,NA,NA,NA,NA,0.0384615384615385
"2026-10-06T18:33:37Z","2026_05_BUF_LA","e6d00eedd87d367e510314bd8cab8f6f","2026-10-13T00:15:00Z","player_anytime_td","Greg Dortch",1,NA,NA,NA,NA,NA,0.166666666666667
"2026-10-06T18:33:37Z","2026_05_BUF_LA","e6d00eedd87d367e510314bd8cab8f6f","2026-10-13T00:15:00Z","player_anytime_td","Jackson Hawes",5,NA,NA,NA,NA,NA,0.0909090909090909
"2026-10-06T18:33:37Z","2026_05_BUF_LA","e6d00eedd87d367e510314bd8cab8f6f","2026-10-13T00:15:00Z","player_anytime_td","James Cook",5,NA,NA,NA,NA,NA,0.555555555555556
"2026-10-06T18:33:37Z","2026_05_BUF_LA","e6d00eedd87d367e510314bd8cab8f6f","2026-10-13T00:15:00Z","player_anytime_td","Jordan Whittington",5,NA,NA,NA,NA,NA,0.105263157894737
"2026-10-06T18:33:37Z","2026_05_BUF_LA","e6d00eedd87d367e510314bd8cab8f6f","2026-10-13T00:15:00Z","player_anytime_td","Josh Allen",5,NA,NA,NA,NA,NA,0.555555555555556
"2026-10-06T18:33:37Z","2026_05_BUF_LA","e6d00eedd87d367e510314bd8cab8f6f","2026-10-13T00:15:00Z","player_anytime_td","Joshua Palmer",5,NA,NA,NA,NA,NA,0.181818181818182
"2026-10-06T18:33:37Z","2026_05_BUF_LA","e6d00eedd87d367e510314bd8cab8f6f","2026-10-13T00:15:00Z","player_anytime_td","Keleki Latu",5,NA,NA,NA,NA,NA,0.0434782608695652
"2026-10-06T18:33:37Z","2026_05_BUF_LA","e6d00eedd87d367e510314bd8cab8f6f","2026-10-13T00:15:00Z","player_anytime_td","Keon Coleman",5,NA,NA,NA,NA,NA,0.289855072463768
"2026-10-06T18:33:37Z","2026_05_BUF_LA","e6d00eedd87d367e510314bd8cab8f6f","2026-10-13T00:15:00Z","player_anytime_td","Khalil Shakir",5,NA,NA,NA,NA,NA,0.285714285714286
"2026-10-06T18:33:37Z","2026_05_BUF_LA","e6d00eedd87d367e510314bd8cab8f6f","2026-10-13T00:15:00Z","player_anytime_td","Konata Mumpfield",5,NA,NA,NA,NA,NA,0.129032258064516
"2026-10-06T18:33:37Z","2026_05_BUF_LA","e6d00eedd87d367e510314bd8cab8f6f","2026-10-13T00:15:00Z","player_anytime_td","Kyren Williams",5,NA,NA,NA,NA,NA,0.642857142857143
"2026-10-06T18:33:37Z","2026_05_BUF_LA","e6d00eedd87d367e510314bd8cab8f6f","2026-10-13T00:15:00Z","player_anytime_td","Matthew Stafford",5,NA,NA,NA,NA,NA,0.0625
"2026-10-06T18:33:37Z","2026_05_BUF_LA","e6d00eedd87d367e510314bd8cab8f6f","2026-10-13T00:15:00Z","player_anytime_td","Max Klare",1,NA,NA,NA,NA,NA,0.0909090909090909
"2026-10-06T18:33:37Z","2026_05_BUF_LA","e6d00eedd87d367e510314bd8cab8f6f","2026-10-13T00:15:00Z","player_anytime_td","Puka Nacua",5,NA,NA,NA,NA,NA,0.555555555555556
"2026-10-06T18:33:37Z","2026_05_BUF_LA","e6d00eedd87d367e510314bd8cab8f6f","2026-10-13T00:15:00Z","player_anytime_td","Ray Davis",5,NA,NA,NA,NA,NA,0.0666666666666667
"2026-10-06T18:33:37Z","2026_05_BUF_LA","e6d00eedd87d367e510314bd8cab8f6f","2026-10-13T00:15:00Z","player_anytime_td","Skyler Bell",1,NA,NA,NA,NA,NA,0.0833333333333333
"2026-10-06T18:33:37Z","2026_05_BUF_LA","e6d00eedd87d367e510314bd8cab8f6f","2026-10-13T00:15:00Z","player_anytime_td","Tutu Atwell",5,NA,NA,NA,NA,NA,0.0769230769230769
"2026-10-06T18:33:37Z","2026_05_BUF_LA","e6d00eedd87d367e510314bd8cab8f6f","2026-10-13T00:15:00Z","player_anytime_td","Ty Johnson",5,NA,NA,NA,NA,NA,0.181818181818182
"2026-10-06T18:33:37Z","2026_05_BUF_LA","e6d00eedd87d367e510314bd8cab8f6f","2026-10-13T00:15:00Z","player_anytime_td","Tyler Higbee",5,NA,NA,NA,NA,NA,0.357142857142857
"2026-10-06T18:33:37Z","2026_05_CHI_GB","2caea57b1e5cfbba1334cfbfd46f6771","2026-10-11T17:00:00Z","player_anytime_td","Bo Melton",6,NA,NA,NA,NA,NA,0.0588235294117647
"2026-10-06T18:33:37Z","2026_05_CHI_GB","2caea57b1e5cfbba1334cfbfd46f6771","2026-10-11T17:00:00Z","player_anytime_td","Chris Brooks",6,NA,NA,NA,NA,NA,0.173913043478261
"2026-10-06T18:33:37Z","2026_05_CHI_GB","2caea57b1e5cfbba1334cfbfd46f6771","2026-10-11T17:00:00Z","player_anytime_td","Christian Watson",6,NA,NA,NA,NA,NA,0.344827586206897
"2026-10-06T18:33:37Z","2026_05_CHI_GB","2caea57b1e5cfbba1334cfbfd46f6771","2026-10-11T17:00:00Z","player_anytime_td","Cole Kmet",6,NA,NA,NA,NA,NA,0.153846153846154
"2026-10-06T18:33:37Z","2026_05_CHI_GB","2caea57b1e5cfbba1334cfbfd46f6771","2026-10-11T17:00:00Z","player_anytime_td","Colston Loveland",6,NA,NA,NA,NA,NA,0.327868852459016
"2026-10-06T18:33:37Z","2026_05_CHI_GB","2caea57b1e5cfbba1334cfbfd46f6771","2026-10-11T17:00:00Z","player_anytime_td","D'Andre Swift",6,NA,NA,NA,NA,NA,0.476190476190476
"2026-10-06T18:33:37Z","2026_05_CHI_GB","2caea57b1e5cfbba1334cfbfd46f6771","2026-10-11T17:00:00Z","player_anytime_td","Hayden Large",1,NA,NA,NA,NA,NA,0.032258064516129
"2026-10-06T18:33:37Z","2026_05_CHI_GB","2caea57b1e5cfbba1334cfbfd46f6771","2026-10-11T17:00:00Z","player_anytime_td","J. Michael Sturdivant",2,NA,NA,NA,NA,NA,0.0794117647058823
"2026-10-06T18:33:37Z","2026_05_CHI_GB","2caea57b1e5cfbba1334cfbfd46f6771","2026-10-11T17:00:00Z","player_anytime_td","Jahdae Walker",4,NA,NA,NA,NA,NA,0.0571895424836601
"2026-10-06T18:33:37Z","2026_05_CHI_GB","2caea57b1e5cfbba1334cfbfd46f6771","2026-10-11T17:00:00Z","player_anytime_td","Jonnu Smith",6,NA,NA,NA,NA,NA,0.108187134502924
"2026-10-06T18:33:37Z","2026_05_CHI_GB","2caea57b1e5cfbba1334cfbfd46f6771","2026-10-11T17:00:00Z","player_anytime_td","Jordan Love",6,NA,NA,NA,NA,NA,0.105263157894737
"2026-10-06T18:33:37Z","2026_05_CHI_GB","2caea57b1e5cfbba1334cfbfd46f6771","2026-10-11T17:00:00Z","player_anytime_td","Josh Whyle",4,NA,NA,NA,NA,NA,0.0930735930735931
"2026-10-06T18:33:37Z","2026_05_CHI_GB","2caea57b1e5cfbba1334cfbfd46f6771","2026-10-11T17:00:00Z","player_anytime_td","Kaleb Johnson",6,NA,NA,NA,NA,NA,0.357142857142857
"2026-10-06T18:33:37Z","2026_05_CHI_GB","2caea57b1e5cfbba1334cfbfd46f6771","2026-10-11T17:00:00Z","player_anytime_td","Kalif Raymond",6,NA,NA,NA,NA,NA,0.198039215686275
"2026-10-06T18:33:37Z","2026_05_CHI_GB","2caea57b1e5cfbba1334cfbfd46f6771","2026-10-11T17:00:00Z","player_anytime_td","Kyle Monangai",6,NA,NA,NA,NA,NA,0.435731915701538
"2026-10-06T18:33:37Z","2026_05_CHI_GB","2caea57b1e5cfbba1334cfbfd46f6771","2026-10-11T17:00:00Z","player_anytime_td","Luther Burden III",6,NA,NA,NA,NA,NA,0.317460317460317
"2026-10-06T18:33:37Z","2026_05_CHI_GB","2caea57b1e5cfbba1334cfbfd46f6771","2026-10-11T17:00:00Z","player_anytime_td","MarShawn Lloyd",6,NA,NA,NA,NA,NA,0.403252032520325
"2026-10-06T18:33:37Z","2026_05_CHI_GB","2caea57b1e5cfbba1334cfbfd46f6771","2026-10-11T17:00:00Z","player_anytime_td","Mark Redman",3,NA,NA,NA,NA,NA,0.0909090909090909
"2026-10-06T18:33:37Z","2026_05_CHI_GB","2caea57b1e5cfbba1334cfbfd46f6771","2026-10-11T17:00:00Z","player_anytime_td","Matthew Golden",6,NA,NA,NA,NA,NA,0.296312554872695
"2026-10-06T18:33:37Z","2026_05_CHI_GB","2caea57b1e5cfbba1334cfbfd46f6771","2026-10-11T17:00:00Z","player_anytime_td","Rome Odunze",6,NA,NA,NA,NA,NA,0.325224748810153
"2026-10-06T18:33:37Z","2026_05_CHI_GB","2caea57b1e5cfbba1334cfbfd46f6771","2026-10-11T17:00:00Z","player_anytime_td","Roschon Johnson",4,NA,NA,NA,NA,NA,0.163333333333333
"2026-10-06T18:33:37Z","2026_05_CHI_GB","2caea57b1e5cfbba1334cfbfd46f6771","2026-10-11T17:00:00Z","player_anytime_td","Sam Roush",6,NA,NA,NA,NA,NA,0.0588235294117647
"2026-10-06T18:33:37Z","2026_05_CHI_GB","2caea57b1e5cfbba1334cfbfd46f6771","2026-10-11T17:00:00Z","player_anytime_td","Skyy Moore",6,NA,NA,NA,NA,NA,0.173913043478261
"2026-10-06T18:33:37Z","2026_05_CHI_GB","2caea57b1e5cfbba1334cfbfd46f6771","2026-10-11T17:00:00Z","player_anytime_td","Tucker Kraft",6,NA,NA,NA,NA,NA,0.296312554872695
"2026-10-06T18:33:37Z","2026_05_CHI_GB","2caea57b1e5cfbba1334cfbfd46f6771","2026-10-11T17:00:00Z","player_anytime_td","Tyson Bagent",6,NA,NA,NA,NA,NA,0.148148148148148
"2026-10-06T18:33:37Z","2026_05_CHI_GB","2caea57b1e5cfbba1334cfbfd46f6771","2026-10-11T17:00:00Z","player_anytime_td","Zavion Thomas",3,NA,NA,NA,NA,NA,0.0952380952380952
"2026-10-06T18:33:37Z","2026_05_CIN_MIA","c4647ca1201e6768501877267ca8251b","2026-10-11T17:00:00Z","player_anytime_td","Caleb Douglas",2,NA,NA,NA,NA,NA,0.206382978723404
"2026-10-06T18:33:37Z","2026_05_CIN_MIA","c4647ca1201e6768501877267ca8251b","2026-10-11T17:00:00Z","player_anytime_td","Carlos Washington Jr.",1,NA,NA,NA,NA,NA,0.0588235294117647
"2026-10-06T18:33:37Z","2026_05_CIN_MIA","c4647ca1201e6768501877267ca8251b","2026-10-11T17:00:00Z","player_anytime_td","Chase Brown",4,NA,NA,NA,NA,NA,0.610871375577258
"2026-10-06T18:33:37Z","2026_05_CIN_MIA","c4647ca1201e6768501877267ca8251b","2026-10-11T17:00:00Z","player_anytime_td","Chris Bell",2,NA,NA,NA,NA,NA,0.256410256410256
"2026-10-06T18:33:37Z","2026_05_CIN_MIA","c4647ca1201e6768501877267ca8251b","2026-10-11T17:00:00Z","player_anytime_td","Colbie Young",2,NA,NA,NA,NA,NA,0.108823529411765
"2026-10-06T18:33:37Z","2026_05_CIN_MIA","c4647ca1201e6768501877267ca8251b","2026-10-11T17:00:00Z","player_anytime_td","DJ Herman",1,NA,NA,NA,NA,NA,0.0588235294117647
"2026-10-06T18:33:37Z","2026_05_CIN_MIA","c4647ca1201e6768501877267ca8251b","2026-10-11T17:00:00Z","player_anytime_td","Dohnte Meyers",2,NA,NA,NA,NA,NA,0.262632978723404
"2026-10-06T18:33:37Z","2026_05_CIN_MIA","c4647ca1201e6768501877267ca8251b","2026-10-11T17:00:00Z","player_anytime_td","Drew Sample",2,NA,NA,NA,NA,NA,0.122222222222222
"2026-10-06T18:33:37Z","2026_05_CIN_MIA","c4647ca1201e6768501877267ca8251b","2026-10-11T17:00:00Z","player_anytime_td","Erick All",2,NA,NA,NA,NA,NA,0.150997150997151
"2026-10-06T18:33:37Z","2026_05_CIN_MIA","c4647ca1201e6768501877267ca8251b","2026-10-11T17:00:00Z","player_anytime_td","Greg Dulcich",2,NA,NA,NA,NA,NA,0.239598278335725
"2026-10-06T18:33:37Z","2026_05_CIN_MIA","c4647ca1201e6768501877267ca8251b","2026-10-11T17:00:00Z","player_anytime_td","Ja'Marr Chase",2,NA,NA,NA,NA,NA,0.5
"2026-10-06T18:33:37Z","2026_05_CIN_MIA","c4647ca1201e6768501877267ca8251b","2026-10-11T17:00:00Z","player_anytime_td","Jack Endries",2,NA,NA,NA,NA,NA,0.0525641025641026
"2026-10-06T18:33:37Z","2026_05_CIN_MIA","c4647ca1201e6768501877267ca8251b","2026-10-11T17:00:00Z","player_anytime_td","Jalen Tolbert",2,NA,NA,NA,NA,NA,0.108823529411765
"2026-10-06T18:33:37Z","2026_05_CIN_MIA","c4647ca1201e6768501877267ca8251b","2026-10-11T17:00:00Z","player_anytime_td","Jaylen Wright",2,NA,NA,NA,NA,NA,0.265191429574991
"2026-10-06T18:33:37Z","2026_05_CIN_MIA","c4647ca1201e6768501877267ca8251b","2026-10-11T17:00:00Z","player_anytime_td","Joe Burrow",2,NA,NA,NA,NA,NA,0.133333333333333
"2026-10-06T18:33:37Z","2026_05_CIN_MIA","c4647ca1201e6768501877267ca8251b","2026-10-11T17:00:00Z","player_anytime_td","Justin Joly",2,NA,NA,NA,NA,NA,0.0392307692307692
"2026-10-06T18:33:37Z","2026_05_CIN_MIA","c4647ca1201e6768501877267ca8251b","2026-10-11T17:00:00Z","player_anytime_td","Kevin Coleman Jr.",2,NA,NA,NA,NA,NA,0.108823529411765
"2026-10-06T18:33:37Z","2026_05_CIN_MIA","c4647ca1201e6768501877267ca8251b","2026-10-11T17:00:00Z","player_anytime_td","Malik Washington",2,NA,NA,NA,NA,NA,0.318181818181818
"2026-10-06T18:33:37Z","2026_05_CIN_MIA","c4647ca1201e6768501877267ca8251b","2026-10-11T17:00:00Z","player_anytime_td","Malik Willis",2,NA,NA,NA,NA,NA,0.267857142857143
"2026-10-06T18:33:37Z","2026_05_CIN_MIA","c4647ca1201e6768501877267ca8251b","2026-10-11T17:00:00Z","player_anytime_td","Mike Gesicki",2,NA,NA,NA,NA,NA,0.350985221674877
"2026-10-06T18:33:37Z","2026_05_CIN_MIA","c4647ca1201e6768501877267ca8251b","2026-10-11T17:00:00Z","player_anytime_td","Mitchell Tinsley",2,NA,NA,NA,NA,NA,0.177865612648221
"2026-10-06T18:33:37Z","2026_05_CIN_MIA","c4647ca1201e6768501877267ca8251b","2026-10-11T17:00:00Z","player_anytime_td","Ollie Gordon II",4,NA,NA,NA,NA,NA,0.422849991060254
"2026-10-06T18:33:37Z","2026_05_CIN_MIA","c4647ca1201e6768501877267ca8251b","2026-10-11T17:00:00Z","player_anytime_td","Ryan Miller",2,NA,NA,NA,NA,NA,0.0916666666666667
"2026-10-06T18:33:37Z","2026_05_CIN_MIA","c4647ca1201e6768501877267ca8251b","2026-10-11T17:00:00Z","player_anytime_td","Samaje Perine",2,NA,NA,NA,NA,NA,0.259784075573549
"2026-10-06T18:33:37Z","2026_05_CIN_MIA","c4647ca1201e6768501877267ca8251b","2026-10-11T17:00:00Z","player_anytime_td","Seydou Traore",2,NA,NA,NA,NA,NA,0.0417391304347826
"2026-10-06T18:33:37Z","2026_05_CIN_MIA","c4647ca1201e6768501877267ca8251b","2026-10-11T17:00:00Z","player_anytime_td","Tahj Brooks",2,NA,NA,NA,NA,NA,0.0773809523809524
"2026-10-06T18:33:37Z","2026_05_CIN_MIA","c4647ca1201e6768501877267ca8251b","2026-10-11T17:00:00Z","player_anytime_td","Tanner Hudson",2,NA,NA,NA,NA,NA,0.0666666666666667
"2026-10-06T18:33:37Z","2026_05_CIN_MIA","c4647ca1201e6768501877267ca8251b","2026-10-11T17:00:00Z","player_anytime_td","Tee Higgins",2,NA,NA,NA,NA,NA,0.530475035820567
"2026-10-06T18:33:37Z","2026_05_CIN_MIA","c4647ca1201e6768501877267ca8251b","2026-10-11T17:00:00Z","player_anytime_td","Will Kacmarek",2,NA,NA,NA,NA,NA,0.0942982456140351
"2026-10-06T18:33:37Z","2026_05_CLE_NYJ","9db4ed15fe34fca1fb62f040cd244591","2026-10-11T17:00:00Z","player_anytime_td","Adonai Mitchell",1,NA,NA,NA,NA,NA,0.303030303030303
"2026-10-06T18:33:37Z","2026_05_CLE_NYJ","9db4ed15fe34fca1fb62f040cd244591","2026-10-11T17:00:00Z","player_anytime_td","Andrew Beck",2,NA,NA,NA,NA,NA,0.0596491228070175
"2026-10-06T18:33:37Z","2026_05_CLE_NYJ","9db4ed15fe34fca1fb62f040cd244591","2026-10-11T17:00:00Z","player_anytime_td","Blake Whiteheart",6,NA,NA,NA,NA,NA,0.0952380952380952
"2026-10-06T18:33:37Z","2026_05_CLE_NYJ","9db4ed15fe34fca1fb62f040cd244591","2026-10-11T17:00:00Z","player_anytime_td","Braelon Allen",6,NA,NA,NA,NA,NA,0.50609756097561
"2026-10-06T18:33:37Z","2026_05_CLE_NYJ","9db4ed15fe34fca1fb62f040cd244591","2026-10-11T17:00:00Z","player_anytime_td","Breece Hall",1,NA,NA,NA,NA,NA,0.555555555555556
"2026-10-06T18:33:37Z","2026_05_CLE_NYJ","9db4ed15fe34fca1fb62f040cd244591","2026-10-11T17:00:00Z","player_anytime_td","Carsen Ryan",6,NA,NA,NA,NA,NA,0.0339080459770115
"2026-10-06T18:33:37Z","2026_05_CLE_NYJ","9db4ed15fe34fca1fb62f040cd244591","2026-10-11T17:00:00Z","player_anytime_td","Denzel Boston",6,NA,NA,NA,NA,NA,0.32258064516129
"2026-10-06T18:33:37Z","2026_05_CLE_NYJ","9db4ed15fe34fca1fb62f040cd244591","2026-10-11T17:00:00Z","player_anytime_td","Deshaun Watson",6,NA,NA,NA,NA,NA,0.206207482993197
"2026-10-06T18:33:37Z","2026_05_CLE_NYJ","9db4ed15fe34fca1fb62f040cd244591","2026-10-11T17:00:00Z","player_anytime_td","Garrett Wilson",6,NA,NA,NA,NA,NA,0.398412698412698
"2026-10-06T18:33:37Z","2026_05_CLE_NYJ","9db4ed15fe34fca1fb62f040cd244591","2026-10-11T17:00:00Z","player_anytime_td","Geno Smith",6,NA,NA,NA,NA,NA,0.121323529411765
"2026-10-06T18:33:37Z","2026_05_CLE_NYJ","9db4ed15fe34fca1fb62f040cd244591","2026-10-11T17:00:00Z","player_anytime_td","Harold Fannin Jr.",6,NA,NA,NA,NA,NA,0.314980158730159
"2026-10-06T18:33:37Z","2026_05_CLE_NYJ","9db4ed15fe34fca1fb62f040cd244591","2026-10-11T17:00:00Z","player_anytime_td","Isaiah Bond",6,NA,NA,NA,NA,NA,0.0513157894736842
"2026-10-06T18:33:37Z","2026_05_CLE_NYJ","9db4ed15fe34fca1fb62f040cd244591","2026-10-11T17:00:00Z","player_anytime_td","Isaiah Davis",6,NA,NA,NA,NA,NA,0.170289855072464
"2026-10-06T18:33:37Z","2026_05_CLE_NYJ","9db4ed15fe34fca1fb62f040cd244591","2026-10-11T17:00:00Z","player_anytime_td","Isaiah Williams",6,NA,NA,NA,NA,NA,0.194193061840121
"2026-10-06T18:33:37Z","2026_05_CLE_NYJ","9db4ed15fe34fca1fb62f040cd244591","2026-10-11T17:00:00Z","player_anytime_td","Jaleel McLaughlin",6,NA,NA,NA,NA,NA,0.0769230769230769
"2026-10-06T18:33:37Z","2026_05_CLE_NYJ","9db4ed15fe34fca1fb62f040cd244591","2026-10-11T17:00:00Z","player_anytime_td","Jamaal Pritchett",6,NA,NA,NA,NA,NA,0.0384615384615385
"2026-10-06T18:33:37Z","2026_05_CLE_NYJ","9db4ed15fe34fca1fb62f040cd244591","2026-10-11T17:00:00Z","player_anytime_td","Jelani Woods",6,NA,NA,NA,NA,NA,0.0588235294117647
"2026-10-06T18:33:37Z","2026_05_CLE_NYJ","9db4ed15fe34fca1fb62f040cd244591","2026-10-11T17:00:00Z","player_anytime_td","Jeremy Ruckert",6,NA,NA,NA,NA,NA,0.127016129032258
"2026-10-06T18:33:37Z","2026_05_CLE_NYJ","9db4ed15fe34fca1fb62f040cd244591","2026-10-11T17:00:00Z","player_anytime_td","Jerry Jeudy",6,NA,NA,NA,NA,NA,0.125
"2026-10-06T18:33:37Z","2026_05_CLE_NYJ","9db4ed15fe34fca1fb62f040cd244591","2026-10-11T17:00:00Z","player_anytime_td","KC Concepcion",6,NA,NA,NA,NA,NA,0.281746031746032
"2026-10-06T18:33:37Z","2026_05_CLE_NYJ","9db4ed15fe34fca1fb62f040cd244591","2026-10-11T17:00:00Z","player_anytime_td","Kene Nwangwu",6,NA,NA,NA,NA,NA,0.0370879120879121
"2026-10-06T18:33:37Z","2026_05_CLE_NYJ","9db4ed15fe34fca1fb62f040cd244591","2026-10-11T17:00:00Z","player_anytime_td","Kenyon Sadiq",6,NA,NA,NA,NA,NA,0.330601092896175
"2026-10-06T18:33:37Z","2026_05_CLE_NYJ","9db4ed15fe34fca1fb62f040cd244591","2026-10-11T17:00:00Z","player_anytime_td","Malachi Corley",6,NA,NA,NA,NA,NA,0.0455465587044534
"2026-10-06T18:33:37Z","2026_05_CLE_NYJ","9db4ed15fe34fca1fb62f040cd244591","2026-10-11T17:00:00Z","player_anytime_td","Malik McClain",6,NA,NA,NA,NA,NA,0.0488095238095238
"2026-10-06T18:33:37Z","2026_05_CLE_NYJ","9db4ed15fe34fca1fb62f040cd244591","2026-10-11T17:00:00Z","player_anytime_td","Mason Taylor",1,NA,NA,NA,NA,NA,0.133333333333333
"2026-10-06T18:33:37Z","2026_05_CLE_NYJ","9db4ed15fe34fca1fb62f040cd244591","2026-10-11T17:00:00Z","player_anytime_td","Michael Burton",6,NA,NA,NA,NA,NA,0.032258064516129
"2026-10-06T18:33:37Z","2026_05_CLE_NYJ","9db4ed15fe34fca1fb62f040cd244591","2026-10-11T17:00:00Z","player_anytime_td","Quinshon Judkins",6,NA,NA,NA,NA,NA,0.433841520798043
"2026-10-06T18:33:37Z","2026_05_CLE_NYJ","9db4ed15fe34fca1fb62f040cd244591","2026-10-11T17:00:00Z","player_anytime_td","Raheim Sanders",6,NA,NA,NA,NA,NA,0.129166666666667
"2026-10-06T18:33:37Z","2026_05_CLE_NYJ","9db4ed15fe34fca1fb62f040cd244591","2026-10-11T17:00:00Z","player_anytime_td","Tylan Wallace",3,NA,NA,NA,NA,NA,0.0625
"2026-10-06T18:33:37Z","2026_05_DEN_LAC","d1d408fdfd272046fb517fe992a1c5a0","2026-10-11T20:05:00Z","player_anytime_td","Adam Trautman",1,NA,NA,NA,NA,NA,0.105263157894737
"2026-10-06T18:33:37Z","2026_05_DEN_LAC","d1d408fdfd272046fb517fe992a1c5a0","2026-10-11T20:05:00Z","player_anytime_td","Alec Ingold",1,NA,NA,NA,NA,NA,0.05
"2026-10-06T18:33:37Z","2026_05_DEN_LAC","d1d408fdfd272046fb517fe992a1c5a0","2026-10-11T20:05:00Z","player_anytime_td","Bo Nix",1,NA,NA,NA,NA,NA,0.166666666666667
"2026-10-06T18:33:37Z","2026_05_DEN_LAC","d1d408fdfd272046fb517fe992a1c5a0","2026-10-11T20:05:00Z","player_anytime_td","Brenen Thompson",1,NA,NA,NA,NA,NA,0.0833333333333333
"2026-10-06T18:33:37Z","2026_05_DEN_LAC","d1d408fdfd272046fb517fe992a1c5a0","2026-10-11T20:05:00Z","player_anytime_td","Charlie Kolar",1,NA,NA,NA,NA,NA,0.142857142857143
"2026-10-06T18:33:37Z","2026_05_DEN_LAC","d1d408fdfd272046fb517fe992a1c5a0","2026-10-11T20:05:00Z","player_anytime_td","Courtland Sutton",1,NA,NA,NA,NA,NA,0.307692307692308
"2026-10-06T18:33:37Z","2026_05_DEN_LAC","d1d408fdfd272046fb517fe992a1c5a0","2026-10-11T20:05:00Z","player_anytime_td","Dallen Bentley",1,NA,NA,NA,NA,NA,0.0434782608695652
"2026-10-06T18:33:37Z","2026_05_DEN_LAC","d1d408fdfd272046fb517fe992a1c5a0","2026-10-11T20:05:00Z","player_anytime_td","Derius Davis",1,NA,NA,NA,NA,NA,0.0833333333333333
"2026-10-06T18:33:37Z","2026_05_DEN_LAC","d1d408fdfd272046fb517fe992a1c5a0","2026-10-11T20:05:00Z","player_anytime_td","Evan Engram",1,NA,NA,NA,NA,NA,0.227272727272727
"2026-10-06T18:33:37Z","2026_05_DEN_LAC","d1d408fdfd272046fb517fe992a1c5a0","2026-10-11T20:05:00Z","player_anytime_td","Hayden Rucci",1,NA,NA,NA,NA,NA,0.0625
"2026-10-06T18:33:37Z","2026_05_DEN_LAC","d1d408fdfd272046fb517fe992a1c5a0","2026-10-11T20:05:00Z","player_anytime_td","J.K. Dobbins",4,NA,NA,NA,NA,NA,0.434782608695652
"2026-10-06T18:33:37Z","2026_05_DEN_LAC","d1d408fdfd272046fb517fe992a1c5a0","2026-10-11T20:05:00Z","player_anytime_td","Jaylen Waddle",4,NA,NA,NA,NA,NA,0.386918126029038
"2026-10-06T18:33:37Z","2026_05_DEN_LAC","d1d408fdfd272046fb517fe992a1c5a0","2026-10-11T20:05:00Z","player_anytime_td","Justin Herbert",1,NA,NA,NA,NA,NA,0.166666666666667
"2026-10-06T18:33:37Z","2026_05_DEN_LAC","d1d408fdfd272046fb517fe992a1c5a0","2026-10-11T20:05:00Z","player_anytime_td","Keaton Mitchell",1,NA,NA,NA,NA,NA,0.294117647058824
"2026-10-06T18:33:37Z","2026_05_DEN_LAC","d1d408fdfd272046fb517fe992a1c5a0","2026-10-11T20:05:00Z","player_anytime_td","Kimani Vidal",1,NA,NA,NA,NA,NA,0.166666666666667
"2026-10-06T18:33:37Z","2026_05_DEN_LAC","d1d408fdfd272046fb517fe992a1c5a0","2026-10-11T20:05:00Z","player_anytime_td","Ladd McConkey",1,NA,NA,NA,NA,NA,0.307692307692308
"2026-10-06T18:33:37Z","2026_05_DEN_LAC","d1d408fdfd272046fb517fe992a1c5a0","2026-10-11T20:05:00Z","player_anytime_td","Lil'Jordan Humphrey",1,NA,NA,NA,NA,NA,0.0769230769230769
"2026-10-06T18:33:37Z","2026_05_DEN_LAC","d1d408fdfd272046fb517fe992a1c5a0","2026-10-11T20:05:00Z","player_anytime_td","Marquez Valdes-Scantling",1,NA,NA,NA,NA,NA,0.0714285714285714
"2026-10-06T18:33:37Z","2026_05_DEN_LAC","d1d408fdfd272046fb517fe992a1c5a0","2026-10-11T20:05:00Z","player_anytime_td","Marvin Mims Jr.",1,NA,NA,NA,NA,NA,0.117647058823529
"2026-10-06T18:33:37Z","2026_05_DEN_LAC","d1d408fdfd272046fb517fe992a1c5a0","2026-10-11T20:05:00Z","player_anytime_td","Nate Adkins",1,NA,NA,NA,NA,NA,0.0833333333333333
"2026-10-06T18:33:37Z","2026_05_DEN_LAC","d1d408fdfd272046fb517fe992a1c5a0","2026-10-11T20:05:00Z","player_anytime_td","Omarion Hampton",1,NA,NA,NA,NA,NA,0.384615384615385
"2026-10-06T18:33:37Z","2026_05_DEN_LAC","d1d408fdfd272046fb517fe992a1c5a0","2026-10-11T20:05:00Z","player_anytime_td","Oronde Gadsden II",1,NA,NA,NA,NA,NA,0.204081632653061
"2026-10-06T18:33:37Z","2026_05_DEN_LAC","d1d408fdfd272046fb517fe992a1c5a0","2026-10-11T20:05:00Z","player_anytime_td","Pat Bryant",1,NA,NA,NA,NA,NA,0.212765957446809
"2026-10-06T18:33:37Z","2026_05_DEN_LAC","d1d408fdfd272046fb517fe992a1c5a0","2026-10-11T20:05:00Z","player_anytime_td","Quentin Johnston",1,NA,NA,NA,NA,NA,0.273972602739726
"2026-10-06T18:33:37Z","2026_05_DEN_LAC","d1d408fdfd272046fb517fe992a1c5a0","2026-10-11T20:05:00Z","player_anytime_td","RJ Harvey",4,NA,NA,NA,NA,NA,0.37037037037037
"2026-10-06T18:33:37Z","2026_05_DEN_LAC","d1d408fdfd272046fb517fe992a1c5a0","2026-10-11T20:05:00Z","player_anytime_td","Tre Harris",1,NA,NA,NA,NA,NA,0.227272727272727
"2026-10-06T18:33:37Z","2026_05_DEN_LAC","d1d408fdfd272046fb517fe992a1c5a0","2026-10-11T20:05:00Z","player_anytime_td","Troy Franklin",1,NA,NA,NA,NA,NA,0.142857142857143
"2026-10-06T18:33:37Z","2026_05_DEN_LAC","d1d408fdfd272046fb517fe992a1c5a0","2026-10-11T20:05:00Z","player_anytime_td","Tyler Badie",1,NA,NA,NA,NA,NA,0.111111111111111
"2026-10-06T18:33:37Z","2026_05_DET_ARI","f8e7f43f73aa983c5c99c189587f0118","2026-10-11T20:25:00Z","player_anytime_td","Amon-Ra St. Brown",4,NA,NA,NA,NA,NA,0.590157050474511
"2026-10-06T18:33:37Z","2026_05_DET_ARI","f8e7f43f73aa983c5c99c189587f0118","2026-10-11T20:25:00Z","player_anytime_td","Bam Knight",1,NA,NA,NA,NA,NA,0.1
"2026-10-06T18:33:37Z","2026_05_DET_ARI","f8e7f43f73aa983c5c99c189587f0118","2026-10-11T20:25:00Z","player_anytime_td","Brock Wright",1,NA,NA,NA,NA,NA,0.117647058823529
"2026-10-06T18:33:37Z","2026_05_DET_ARI","f8e7f43f73aa983c5c99c189587f0118","2026-10-11T20:25:00Z","player_anytime_td","Devin Duvernay",1,NA,NA,NA,NA,NA,0.1
"2026-10-06T18:33:37Z","2026_05_DET_ARI","f8e7f43f73aa983c5c99c189587f0118","2026-10-11T20:25:00Z","player_anytime_td","Elijah Higgins",1,NA,NA,NA,NA,NA,0.133333333333333
"2026-10-06T18:33:37Z","2026_05_DET_ARI","f8e7f43f73aa983c5c99c189587f0118","2026-10-11T20:25:00Z","player_anytime_td","Hunter Long",1,NA,NA,NA,NA,NA,0.0625
"2026-10-06T18:33:37Z","2026_05_DET_ARI","f8e7f43f73aa983c5c99c189587f0118","2026-10-11T20:25:00Z","player_anytime_td","Isaac TeSlaa",1,NA,NA,NA,NA,NA,0.188679245283019
"2026-10-06T18:33:37Z","2026_05_DET_ARI","f8e7f43f73aa983c5c99c189587f0118","2026-10-11T20:25:00Z","player_anytime_td","Jackson Meeks",1,NA,NA,NA,NA,NA,0.0434782608695652
"2026-10-06T18:33:37Z","2026_05_DET_ARI","f8e7f43f73aa983c5c99c189587f0118","2026-10-11T20:25:00Z","player_anytime_td","Jacob Saylors",1,NA,NA,NA,NA,NA,0.0769230769230769
"2026-10-06T18:33:37Z","2026_05_DET_ARI","f8e7f43f73aa983c5c99c189587f0118","2026-10-11T20:25:00Z","player_anytime_td","Jacoby Brissett",1,NA,NA,NA,NA,NA,0.16
"2026-10-06T18:33:37Z","2026_05_DET_ARI","f8e7f43f73aa983c5c99c189587f0118","2026-10-11T20:25:00Z","player_anytime_td","Jahmyr Gibbs",4,NA,NA,NA,NA,NA,0.766073871409029
"2026-10-06T18:33:37Z","2026_05_DET_ARI","f8e7f43f73aa983c5c99c189587f0118","2026-10-11T20:25:00Z","player_anytime_td","Jalen Brooks",1,NA,NA,NA,NA,NA,0.0625
"2026-10-06T18:33:37Z","2026_05_DET_ARI","f8e7f43f73aa983c5c99c189587f0118","2026-10-11T20:25:00Z","player_anytime_td","Jameson Williams",4,NA,NA,NA,NA,NA,0.429255711127487
"2026-10-06T18:33:37Z","2026_05_DET_ARI","f8e7f43f73aa983c5c99c189587f0118","2026-10-11T20:25:00Z","player_anytime_td","Jared Goff",1,NA,NA,NA,NA,NA,0.117647058823529
"2026-10-06T18:33:37Z","2026_05_DET_ARI","f8e7f43f73aa983c5c99c189587f0118","2026-10-11T20:25:00Z","player_anytime_td","Jeremiyah Love",4,NA,NA,NA,NA,NA,0.56893348197696
"2026-10-06T18:33:37Z","2026_05_DET_ARI","f8e7f43f73aa983c5c99c189587f0118","2026-10-11T20:25:00Z","player_anytime_td","Kendrick Bourne",1,NA,NA,NA,NA,NA,0.16
"2026-10-06T18:33:37Z","2026_05_DET_ARI","f8e7f43f73aa983c5c99c189587f0118","2026-10-11T20:25:00Z","player_anytime_td","Marvin Harrison Jr.",1,NA,NA,NA,NA,NA,0.204081632653061
"2026-10-06T18:33:37Z","2026_05_DET_ARI","f8e7f43f73aa983c5c99c189587f0118","2026-10-11T20:25:00Z","player_anytime_td","Michael Wilson",1,NA,NA,NA,NA,NA,0.285714285714286
"2026-10-06T18:33:37Z","2026_05_DET_ARI","f8e7f43f73aa983c5c99c189587f0118","2026-10-11T20:25:00Z","player_anytime_td","Reggie Virgil",1,NA,NA,NA,NA,NA,0.0588235294117647
"2026-10-06T18:33:37Z","2026_05_DET_ARI","f8e7f43f73aa983c5c99c189587f0118","2026-10-11T20:25:00Z","player_anytime_td","Sam LaPorta",4,NA,NA,NA,NA,NA,0.4
"2026-10-06T18:33:37Z","2026_05_DET_ARI","f8e7f43f73aa983c5c99c189587f0118","2026-10-11T20:25:00Z","player_anytime_td","Simi Fehoko",1,NA,NA,NA,NA,NA,0.0344827586206897
"2026-10-06T18:33:37Z","2026_05_DET_ARI","f8e7f43f73aa983c5c99c189587f0118","2026-10-11T20:25:00Z","player_anytime_td","Sione Vaki",1,NA,NA,NA,NA,NA,0.204081632653061
"2026-10-06T18:33:37Z","2026_05_DET_ARI","f8e7f43f73aa983c5c99c189587f0118","2026-10-11T20:25:00Z","player_anytime_td","Tay Martin",1,NA,NA,NA,NA,NA,0.0588235294117647
"2026-10-06T18:33:37Z","2026_05_DET_ARI","f8e7f43f73aa983c5c99c189587f0118","2026-10-11T20:25:00Z","player_anytime_td","Trey McBride",4,NA,NA,NA,NA,NA,0.429255711127487
"2026-10-06T18:33:37Z","2026_05_DET_ARI","f8e7f43f73aa983c5c99c189587f0118","2026-10-11T20:25:00Z","player_anytime_td","Tyler Allgeier",4,NA,NA,NA,NA,NA,0.369687030203635
"2026-10-06T18:33:37Z","2026_05_DET_ARI","f8e7f43f73aa983c5c99c189587f0118","2026-10-11T20:25:00Z","player_anytime_td","Tyler Conklin",1,NA,NA,NA,NA,NA,0.0434782608695652
"2026-10-06T18:33:37Z","2026_05_HOU_TEN","cc52bba56e74f5cddbe9011046181c3d","2026-10-11T17:00:00Z","player_anytime_td","Brevin Jordan",2,NA,NA,NA,NA,NA,0.0338888888888889
"2026-10-06T18:33:37Z","2026_05_HOU_TEN","cc52bba56e74f5cddbe9011046181c3d","2026-10-11T17:00:00Z","player_anytime_td","British Brooks",1,NA,NA,NA,NA,NA,0.0555555555555556
"2026-10-06T18:33:37Z","2026_05_HOU_TEN","cc52bba56e74f5cddbe9011046181c3d","2026-10-11T17:00:00Z","player_anytime_td","C.J. Stroud",2,NA,NA,NA,NA,NA,0.166666666666667
"2026-10-06T18:33:37Z","2026_05_HOU_TEN","cc52bba56e74f5cddbe9011046181c3d","2026-10-11T17:00:00Z","player_anytime_td","Cade Stover",2,NA,NA,NA,NA,NA,0.0571428571428571
"2026-10-06T18:33:37Z","2026_05_HOU_TEN","cc52bba56e74f5cddbe9011046181c3d","2026-10-11T17:00:00Z","player_anytime_td","Calvin Ridley",2,NA,NA,NA,NA,NA,0.121323529411765
"2026-10-06T18:33:37Z","2026_05_HOU_TEN","cc52bba56e74f5cddbe9011046181c3d","2026-10-11T17:00:00Z","player_anytime_td","Cam Ward",2,NA,NA,NA,NA,NA,0.145502645502645
"2026-10-06T18:33:37Z","2026_05_HOU_TEN","cc52bba56e74f5cddbe9011046181c3d","2026-10-11T17:00:00Z","player_anytime_td","Carnell Tate",2,NA,NA,NA,NA,NA,0.268565248738284
"2026-10-06T18:33:37Z","2026_05_HOU_TEN","cc52bba56e74f5cddbe9011046181c3d","2026-10-11T17:00:00Z","player_anytime_td","Chimere Dike",2,NA,NA,NA,NA,NA,0.118055555555556
"2026-10-06T18:33:37Z","2026_05_HOU_TEN","cc52bba56e74f5cddbe9011046181c3d","2026-10-11T17:00:00Z","player_anytime_td","Dalton Schultz",2,NA,NA,NA,NA,NA,0.329293993677555
"2026-10-06T18:33:37Z","2026_05_HOU_TEN","cc52bba56e74f5cddbe9011046181c3d","2026-10-11T17:00:00Z","player_anytime_td","Daniel Bellinger",2,NA,NA,NA,NA,NA,0.1125
"2026-10-06T18:33:37Z","2026_05_HOU_TEN","cc52bba56e74f5cddbe9011046181c3d","2026-10-11T17:00:00Z","player_anytime_td","Dare Ogunbowale",2,NA,NA,NA,NA,NA,0.0627450980392157
"2026-10-06T18:33:37Z","2026_05_HOU_TEN","cc52bba56e74f5cddbe9011046181c3d","2026-10-11T17:00:00Z","player_anytime_td","David Martin-Robinson",1,NA,NA,NA,NA,NA,0.032258064516129
"2026-10-06T18:33:37Z","2026_05_HOU_TEN","cc52bba56e74f5cddbe9011046181c3d","2026-10-11T17:00:00Z","player_anytime_td","David Montgomery",4,NA,NA,NA,NA,NA,0.541197516573714
"2026-10-06T18:33:37Z","2026_05_HOU_TEN","cc52bba56e74f5cddbe9011046181c3d","2026-10-11T17:00:00Z","player_anytime_td","Elic Ayomanor",2,NA,NA,NA,NA,NA,0.177865612648221
"2026-10-06T18:33:37Z","2026_05_HOU_TEN","cc52bba56e74f5cddbe9011046181c3d","2026-10-11T17:00:00Z","player_anytime_td","Foster Moreau",2,NA,NA,NA,NA,NA,0.171428571428571
"2026-10-06T18:33:37Z","2026_05_HOU_TEN","cc52bba56e74f5cddbe9011046181c3d","2026-10-11T17:00:00Z","player_anytime_td","Gunnar Helm",2,NA,NA,NA,NA,NA,0.177865612648221
"2026-10-06T18:33:37Z","2026_05_HOU_TEN","cc52bba56e74f5cddbe9011046181c3d","2026-10-11T17:00:00Z","player_anytime_td","Jared Wayne",2,NA,NA,NA,NA,NA,0.142156862745098
"2026-10-06T18:33:37Z","2026_05_HOU_TEN","cc52bba56e74f5cddbe9011046181c3d","2026-10-11T17:00:00Z","player_anytime_td","Jaylin Noel",2,NA,NA,NA,NA,NA,0.194444444444444
"2026-10-06T18:33:37Z","2026_05_HOU_TEN","cc52bba56e74f5cddbe9011046181c3d","2026-10-11T17:00:00Z","player_anytime_td","Julius Chestnut",2,NA,NA,NA,NA,NA,0.0361290322580645
"2026-10-06T18:33:37Z","2026_05_HOU_TEN","cc52bba56e74f5cddbe9011046181c3d","2026-10-11T17:00:00Z","player_anytime_td","Kayshon Boutte",2,NA,NA,NA,NA,NA,0.171428571428571
"2026-10-06T18:33:37Z","2026_05_HOU_TEN","cc52bba56e74f5cddbe9011046181c3d","2026-10-11T17:00:00Z","player_anytime_td","Kylen Granson",1,NA,NA,NA,NA,NA,0.0384615384615385
"2026-10-06T18:33:37Z","2026_05_HOU_TEN","cc52bba56e74f5cddbe9011046181c3d","2026-10-11T17:00:00Z","player_anytime_td","Marlin Klein",2,NA,NA,NA,NA,NA,0.0417391304347826
"2026-10-06T18:33:37Z","2026_05_HOU_TEN","cc52bba56e74f5cddbe9011046181c3d","2026-10-11T17:00:00Z","player_anytime_td","Michael Carter",2,NA,NA,NA,NA,NA,0.0361290322580645
"2026-10-06T18:33:37Z","2026_05_HOU_TEN","cc52bba56e74f5cddbe9011046181c3d","2026-10-11T17:00:00Z","player_anytime_td","Nicholas Singleton",2,NA,NA,NA,NA,NA,0.0596491228070175
"2026-10-06T18:33:37Z","2026_05_HOU_TEN","cc52bba56e74f5cddbe9011046181c3d","2026-10-11T17:00:00Z","player_anytime_td","Nico Collins",4,NA,NA,NA,NA,NA,0.44949494949495
"2026-10-06T18:33:37Z","2026_05_HOU_TEN","cc52bba56e74f5cddbe9011046181c3d","2026-10-11T17:00:00Z","player_anytime_td","Tony Pollard",4,NA,NA,NA,NA,NA,0.325224748810153
"2026-10-06T18:33:37Z","2026_05_HOU_TEN","cc52bba56e74f5cddbe9011046181c3d","2026-10-11T17:00:00Z","player_anytime_td","Tyjae Spears",2,NA,NA,NA,NA,NA,0.194339622641509
"2026-10-06T18:33:37Z","2026_05_HOU_TEN","cc52bba56e74f5cddbe9011046181c3d","2026-10-11T17:00:00Z","player_anytime_td","Wan'Dale Robinson",2,NA,NA,NA,NA,NA,0.253205128205128
"2026-10-06T18:33:37Z","2026_05_HOU_TEN","cc52bba56e74f5cddbe9011046181c3d","2026-10-11T17:00:00Z","player_anytime_td","Woody Marks",4,NA,NA,NA,NA,NA,0.422925608011445
"2026-10-06T18:33:37Z","2026_05_HOU_TEN","cc52bba56e74f5cddbe9011046181c3d","2026-10-11T17:00:00Z","player_anytime_td","Xavier Hutchinson",2,NA,NA,NA,NA,NA,0.21195652173913
"2026-10-06T18:33:37Z","2026_05_IND_PIT","448d7cf18c6db4c811ed82ded1b72867","2026-10-11T17:00:00Z","player_anytime_td","Aaron Rodgers",2,NA,NA,NA,NA,NA,0.0811688311688312
"2026-10-06T18:33:37Z","2026_05_IND_PIT","448d7cf18c6db4c811ed82ded1b72867","2026-10-11T17:00:00Z","player_anytime_td","Anthony Gould",1,NA,NA,NA,NA,NA,0.05
"2026-10-06T18:33:37Z","2026_05_IND_PIT","448d7cf18c6db4c811ed82ded1b72867","2026-10-11T17:00:00Z","player_anytime_td","Ashton Dulin",2,NA,NA,NA,NA,NA,0.0972222222222222
"2026-10-06T18:33:37Z","2026_05_IND_PIT","448d7cf18c6db4c811ed82ded1b72867","2026-10-11T17:00:00Z","player_anytime_td","Ben Skowronek",2,NA,NA,NA,NA,NA,0.075
"2026-10-06T18:33:37Z","2026_05_IND_PIT","448d7cf18c6db4c811ed82ded1b72867","2026-10-11T17:00:00Z","player_anytime_td","DJ Giddens",1,NA,NA,NA,NA,NA,0.0625
"2026-10-06T18:33:37Z","2026_05_IND_PIT","448d7cf18c6db4c811ed82ded1b72867","2026-10-11T17:00:00Z","player_anytime_td","DK Metcalf",4,NA,NA,NA,NA,NA,0.37037037037037
"2026-10-06T18:33:37Z","2026_05_IND_PIT","448d7cf18c6db4c811ed82ded1b72867","2026-10-11T17:00:00Z","player_anytime_td","Daniel Jones",2,NA,NA,NA,NA,NA,0.163333333333333
"2026-10-06T18:33:37Z","2026_05_IND_PIT","448d7cf18c6db4c811ed82ded1b72867","2026-10-11T17:00:00Z","player_anytime_td","Darius Slayton",1,NA,NA,NA,NA,NA,0.1
"2026-10-06T18:33:37Z","2026_05_IND_PIT","448d7cf18c6db4c811ed82ded1b72867","2026-10-11T17:00:00Z","player_anytime_td","Darnell Washington",2,NA,NA,NA,NA,NA,0.273049645390071
"2026-10-06T18:33:37Z","2026_05_IND_PIT","448d7cf18c6db4c811ed82ded1b72867","2026-10-11T17:00:00Z","player_anytime_td","Deion Burks",2,NA,NA,NA,NA,NA,0.0809523809523809
"2026-10-06T18:33:37Z","2026_05_IND_PIT","448d7cf18c6db4c811ed82ded1b72867","2026-10-11T17:00:00Z","player_anytime_td","Drew Ogletree",2,NA,NA,NA,NA,NA,0.0704545454545455
"2026-10-06T18:33:37Z","2026_05_IND_PIT","448d7cf18c6db4c811ed82ded1b72867","2026-10-11T17:00:00Z","player_anytime_td","Eli Heidenreich",1,NA,NA,NA,NA,NA,0.117647058823529
"2026-10-06T18:33:37Z","2026_05_IND_PIT","448d7cf18c6db4c811ed82ded1b72867","2026-10-11T17:00:00Z","player_anytime_td","Germie Bernard",2,NA,NA,NA,NA,NA,0.118055555555556
"2026-10-06T18:33:37Z","2026_05_IND_PIT","448d7cf18c6db4c811ed82ded1b72867","2026-10-11T17:00:00Z","player_anytime_td","Jaylen Warren",4,NA,NA,NA,NA,NA,0.538084062299979
"2026-10-06T18:33:37Z","2026_05_IND_PIT","448d7cf18c6db4c811ed82ded1b72867","2026-10-11T17:00:00Z","player_anytime_td","Jonathan Taylor",4,NA,NA,NA,NA,NA,0.724124809741248
"2026-10-06T18:33:37Z","2026_05_IND_PIT","448d7cf18c6db4c811ed82ded1b72867","2026-10-11T17:00:00Z","player_anytime_td","Josh Downs",2,NA,NA,NA,NA,NA,0.334967320261438
"2026-10-06T18:33:37Z","2026_05_IND_PIT","448d7cf18c6db4c811ed82ded1b72867","2026-10-11T17:00:00Z","player_anytime_td","Kaden Wetjen",2,NA,NA,NA,NA,NA,0.0694444444444444
"2026-10-06T18:33:37Z","2026_05_IND_PIT","448d7cf18c6db4c811ed82ded1b72867","2026-10-11T17:00:00Z","player_anytime_td","Keenan Allen",2,NA,NA,NA,NA,NA,0.224747474747475
"2026-10-06T18:33:37Z","2026_05_IND_PIT","448d7cf18c6db4c811ed82ded1b72867","2026-10-11T17:00:00Z","player_anytime_td","Laquon Treadwell",2,NA,NA,NA,NA,NA,0.130252100840336
"2026-10-06T18:33:37Z","2026_05_IND_PIT","448d7cf18c6db4c811ed82ded1b72867","2026-10-11T17:00:00Z","player_anytime_td","Michael Pittman Jr.",2,NA,NA,NA,NA,NA,0.228758169934641
"2026-10-06T18:33:37Z","2026_05_IND_PIT","448d7cf18c6db4c811ed82ded1b72867","2026-10-11T17:00:00Z","player_anytime_td","Mo Alie-Cox",2,NA,NA,NA,NA,NA,0.0787878787878788
"2026-10-06T18:33:37Z","2026_05_IND_PIT","448d7cf18c6db4c811ed82ded1b72867","2026-10-11T17:00:00Z","player_anytime_td","Pat Freiermuth",2,NA,NA,NA,NA,NA,0.241841491841492
"2026-10-06T18:33:37Z","2026_05_IND_PIT","448d7cf18c6db4c811ed82ded1b72867","2026-10-11T17:00:00Z","player_anytime_td","Rico Dowdle",2,NA,NA,NA,NA,NA,0.431354359925789
"2026-10-06T18:33:37Z","2026_05_IND_PIT","448d7cf18c6db4c811ed82ded1b72867","2026-10-11T17:00:00Z","player_anytime_td","Riley Nowakowski",2,NA,NA,NA,NA,NA,0.0358974358974359
"2026-10-06T18:33:37Z","2026_05_IND_PIT","448d7cf18c6db4c811ed82ded1b72867","2026-10-11T17:00:00Z","player_anytime_td","Robert Tonyan",2,NA,NA,NA,NA,NA,0.0416666666666667
"2026-10-06T18:33:37Z","2026_05_IND_PIT","448d7cf18c6db4c811ed82ded1b72867","2026-10-11T17:00:00Z","player_anytime_td","Roman Wilson",2,NA,NA,NA,NA,NA,0.217494089834515
"2026-10-06T18:33:37Z","2026_05_IND_PIT","448d7cf18c6db4c811ed82ded1b72867","2026-10-11T17:00:00Z","player_anytime_td","Seth McGowan",2,NA,NA,NA,NA,NA,0.117647058823529
"2026-10-06T18:33:37Z","2026_05_IND_PIT","448d7cf18c6db4c811ed82ded1b72867","2026-10-11T17:00:00Z","player_anytime_td","Travis Homer",2,NA,NA,NA,NA,NA,0.122222222222222
"2026-10-06T18:33:37Z","2026_05_IND_PIT","448d7cf18c6db4c811ed82ded1b72867","2026-10-11T17:00:00Z","player_anytime_td","Tyler Warren",4,NA,NA,NA,NA,NA,0.399203187250996
"2026-10-06T18:33:37Z","2026_05_LV_NE","6b024bad1abb54f597225e4ab9b39d89","2026-10-11T17:00:00Z","player_anytime_td","Ashton Jeanty",6,NA,NA,NA,NA,NA,0.543369474562135
"2026-10-06T18:33:37Z","2026_05_LV_NE","6b024bad1abb54f597225e4ab9b39d89","2026-10-11T17:00:00Z","player_anytime_td","Brock Bowers",6,NA,NA,NA,NA,NA,0.412414965986395
"2026-10-06T18:33:37Z","2026_05_LV_NE","6b024bad1abb54f597225e4ab9b39d89","2026-10-11T17:00:00Z","player_anytime_td","Cameron Latu",2,NA,NA,NA,NA,NA,0.075
"2026-10-06T18:33:37Z","2026_05_LV_NE","6b024bad1abb54f597225e4ab9b39d89","2026-10-11T17:00:00Z","player_anytime_td","Cody White",5,NA,NA,NA,NA,NA,0.148148148148148
"2026-10-06T18:33:37Z","2026_05_LV_NE","6b024bad1abb54f597225e4ab9b39d89","2026-10-11T17:00:00Z","player_anytime_td","Connor Heyward",1,NA,NA,NA,NA,NA,0.0476190476190476
"2026-10-06T18:33:37Z","2026_05_LV_NE","6b024bad1abb54f597225e4ab9b39d89","2026-10-11T17:00:00Z","player_anytime_td","Corey Kiner",2,NA,NA,NA,NA,NA,0.0477777777777778
"2026-10-06T18:33:37Z","2026_05_LV_NE","6b024bad1abb54f597225e4ab9b39d89","2026-10-11T17:00:00Z","player_anytime_td","Dareke Young",6,NA,NA,NA,NA,NA,0.054093567251462
"2026-10-06T18:33:37Z","2026_05_LV_NE","6b024bad1abb54f597225e4ab9b39d89","2026-10-11T17:00:00Z","player_anytime_td","DeMario Douglas",6,NA,NA,NA,NA,NA,0.232683982683983
"2026-10-06T18:33:37Z","2026_05_LV_NE","6b024bad1abb54f597225e4ab9b39d89","2026-10-11T17:00:00Z","player_anytime_td","Drake Maye",6,NA,NA,NA,NA,NA,0.200080032012805
"2026-10-06T18:33:37Z","2026_05_LV_NE","6b024bad1abb54f597225e4ab9b39d89","2026-10-11T17:00:00Z","player_anytime_td","Dylan Laube",2,NA,NA,NA,NA,NA,0.0697115384615385
"2026-10-06T18:33:37Z","2026_05_LV_NE","6b024bad1abb54f597225e4ab9b39d89","2026-10-11T17:00:00Z","player_anytime_td","Efton Chism III",6,NA,NA,NA,NA,NA,0.166666666666667
"2026-10-06T18:33:37Z","2026_05_LV_NE","6b024bad1abb54f597225e4ab9b39d89","2026-10-11T17:00:00Z","player_anytime_td","Eli Raridon",5,NA,NA,NA,NA,NA,0.142857142857143
"2026-10-06T18:33:37Z","2026_05_LV_NE","6b024bad1abb54f597225e4ab9b39d89","2026-10-11T17:00:00Z","player_anytime_td","Hunter Henry",6,NA,NA,NA,NA,NA,0.333425951653237
"2026-10-06T18:33:37Z","2026_05_LV_NE","6b024bad1abb54f597225e4ab9b39d89","2026-10-11T17:00:00Z","player_anytime_td","Ian Thomas",6,NA,NA,NA,NA,NA,0.0488095238095238
"2026-10-06T18:33:37Z","2026_05_LV_NE","6b024bad1abb54f597225e4ab9b39d89","2026-10-11T17:00:00Z","player_anytime_td","Jalen Nailor",2,NA,NA,NA,NA,NA,0.177811550151976
"2026-10-06T18:33:37Z","2026_05_LV_NE","6b024bad1abb54f597225e4ab9b39d89","2026-10-11T17:00:00Z","player_anytime_td","Kirk Cousins",6,NA,NA,NA,NA,NA,0.0555555555555556
"2026-10-06T18:33:37Z","2026_05_LV_NE","6b024bad1abb54f597225e4ab9b39d89","2026-10-11T17:00:00Z","player_anytime_td","Kyle Williams",6,NA,NA,NA,NA,NA,0.142857142857143
"2026-10-06T18:33:37Z","2026_05_LV_NE","6b024bad1abb54f597225e4ab9b39d89","2026-10-11T17:00:00Z","player_anytime_td","Mack Hollins",2,NA,NA,NA,NA,NA,0.283702213279678
"2026-10-06T18:33:37Z","2026_05_LV_NE","6b024bad1abb54f597225e4ab9b39d89","2026-10-11T17:00:00Z","player_anytime_td","Malik Benson",6,NA,NA,NA,NA,NA,0.125
"2026-10-06T18:33:37Z","2026_05_LV_NE","6b024bad1abb54f597225e4ab9b39d89","2026-10-11T17:00:00Z","player_anytime_td","Michael Mayer",6,NA,NA,NA,NA,NA,0.203302373581011
"2026-10-06T18:33:37Z","2026_05_LV_NE","6b024bad1abb54f597225e4ab9b39d89","2026-10-11T17:00:00Z","player_anytime_td","Mike Washington Jr.",6,NA,NA,NA,NA,NA,0.1852487135506
"2026-10-06T18:33:37Z","2026_05_LV_NE","6b024bad1abb54f597225e4ab9b39d89","2026-10-11T17:00:00Z","player_anytime_td","Reggie Gilliam",1,NA,NA,NA,NA,NA,0.0555555555555556
"2026-10-06T18:33:37Z","2026_05_LV_NE","6b024bad1abb54f597225e4ab9b39d89","2026-10-11T17:00:00Z","player_anytime_td","Rhamondre Stevenson",6,NA,NA,NA,NA,NA,0.534883720930233
"2026-10-06T18:33:37Z","2026_05_LV_NE","6b024bad1abb54f597225e4ab9b39d89","2026-10-11T17:00:00Z","player_anytime_td","Romeo Doubs",6,NA,NA,NA,NA,NA,0.357142857142857
"2026-10-06T18:33:37Z","2026_05_LV_NE","6b024bad1abb54f597225e4ab9b39d89","2026-10-11T17:00:00Z","player_anytime_td","Tanner Arkin",2,NA,NA,NA,NA,NA,0.0526315789473684
"2026-10-06T18:33:37Z","2026_05_LV_NE","6b024bad1abb54f597225e4ab9b39d89","2026-10-11T17:00:00Z","player_anytime_td","Tre Tucker",6,NA,NA,NA,NA,NA,0.227272727272727
"2026-10-06T18:33:37Z","2026_05_LV_NE","6b024bad1abb54f597225e4ab9b39d89","2026-10-11T17:00:00Z","player_anytime_td","TreVeyon Henderson",6,NA,NA,NA,NA,NA,0.388386123680241
"2026-10-06T18:33:37Z","2026_05_MIN_NO","2cda9bf0fbe35a2735f0dd8aaafe9eff","2026-10-11T17:00:00Z","player_anytime_td","Aaron Jones",2,NA,NA,NA,NA,NA,0.585461355124276
"2026-10-06T18:33:37Z","2026_05_MIN_NO","2cda9bf0fbe35a2735f0dd8aaafe9eff","2026-10-11T17:00:00Z","player_anytime_td","Alvin Kamara",2,NA,NA,NA,NA,NA,0.477272727272727
"2026-10-06T18:33:37Z","2026_05_MIN_NO","2cda9bf0fbe35a2735f0dd8aaafe9eff","2026-10-11T17:00:00Z","player_anytime_td","Barion Brown",2,NA,NA,NA,NA,NA,0.0787878787878788
"2026-10-06T18:33:37Z","2026_05_MIN_NO","2cda9bf0fbe35a2735f0dd8aaafe9eff","2026-10-11T17:00:00Z","player_anytime_td","Bryce Lance",2,NA,NA,NA,NA,NA,0.108823529411765
"2026-10-06T18:33:37Z","2026_05_MIN_NO","2cda9bf0fbe35a2735f0dd8aaafe9eff","2026-10-11T17:00:00Z","player_anytime_td","CJ Donaldson",2,NA,NA,NA,NA,NA,0.166666666666667
"2026-10-06T18:33:37Z","2026_05_MIN_NO","2cda9bf0fbe35a2735f0dd8aaafe9eff","2026-10-11T17:00:00Z","player_anytime_td","Chris Olave",2,NA,NA,NA,NA,NA,0.391337386018237
"2026-10-06T18:33:37Z","2026_05_MIN_NO","2cda9bf0fbe35a2735f0dd8aaafe9eff","2026-10-11T17:00:00Z","player_anytime_td","DeeJay Dallas",2,NA,NA,NA,NA,NA,0.0916666666666667
"2026-10-06T18:33:37Z","2026_05_MIN_NO","2cda9bf0fbe35a2735f0dd8aaafe9eff","2026-10-11T17:00:00Z","player_anytime_td","Demond Claiborne",2,NA,NA,NA,NA,NA,0.129166666666667
"2026-10-06T18:33:37Z","2026_05_MIN_NO","2cda9bf0fbe35a2735f0dd8aaafe9eff","2026-10-11T17:00:00Z","player_anytime_td","Devaughn Vele",2,NA,NA,NA,NA,NA,0.242647058823529
"2026-10-06T18:33:37Z","2026_05_MIN_NO","2cda9bf0fbe35a2735f0dd8aaafe9eff","2026-10-11T17:00:00Z","player_anytime_td","Gavin Bartholomew",2,NA,NA,NA,NA,NA,0.0892857142857143
"2026-10-06T18:33:37Z","2026_05_MIN_NO","2cda9bf0fbe35a2735f0dd8aaafe9eff","2026-10-11T17:00:00Z","player_anytime_td","Jauan Jennings",2,NA,NA,NA,NA,NA,0.245852187028658
"2026-10-06T18:33:37Z","2026_05_MIN_NO","2cda9bf0fbe35a2735f0dd8aaafe9eff","2026-10-11T17:00:00Z","player_anytime_td","Jeshaun Jones",1,NA,NA,NA,NA,NA,0.0666666666666667
"2026-10-06T18:33:37Z","2026_05_MIN_NO","2cda9bf0fbe35a2735f0dd8aaafe9eff","2026-10-11T17:00:00Z","player_anytime_td","Jordan Addison",2,NA,NA,NA,NA,NA,0.458333333333333
"2026-10-06T18:33:37Z","2026_05_MIN_NO","2cda9bf0fbe35a2735f0dd8aaafe9eff","2026-10-11T17:00:00Z","player_anytime_td","Justin Jefferson",2,NA,NA,NA,NA,NA,0.464430894308943
"2026-10-06T18:33:37Z","2026_05_MIN_NO","2cda9bf0fbe35a2735f0dd8aaafe9eff","2026-10-11T17:00:00Z","player_anytime_td","Juwan Johnson",2,NA,NA,NA,NA,NA,0.272121436504998
"2026-10-06T18:33:37Z","2026_05_MIN_NO","2cda9bf0fbe35a2735f0dd8aaafe9eff","2026-10-11T17:00:00Z","player_anytime_td","Kendre Miller",2,NA,NA,NA,NA,NA,0.20855614973262
"2026-10-06T18:33:37Z","2026_05_MIN_NO","2cda9bf0fbe35a2735f0dd8aaafe9eff","2026-10-11T17:00:00Z","player_anytime_td","Kevin Austin",1,NA,NA,NA,NA,NA,0.05
"2026-10-06T18:33:37Z","2026_05_MIN_NO","2cda9bf0fbe35a2735f0dd8aaafe9eff","2026-10-11T17:00:00Z","player_anytime_td","Kyler Murray",2,NA,NA,NA,NA,NA,0.215686274509804
"2026-10-06T18:33:37Z","2026_05_MIN_NO","2cda9bf0fbe35a2735f0dd8aaafe9eff","2026-10-11T17:00:00Z","player_anytime_td","Max Bredeson",2,NA,NA,NA,NA,NA,0.0608974358974359
"2026-10-06T18:33:37Z","2026_05_MIN_NO","2cda9bf0fbe35a2735f0dd8aaafe9eff","2026-10-11T17:00:00Z","player_anytime_td","Myles Price",2,NA,NA,NA,NA,NA,0.0972222222222222
"2026-10-06T18:33:37Z","2026_05_MIN_NO","2cda9bf0fbe35a2735f0dd8aaafe9eff","2026-10-11T17:00:00Z","player_anytime_td","Noah Fant",2,NA,NA,NA,NA,NA,0.1425
"2026-10-06T18:33:37Z","2026_05_MIN_NO","2cda9bf0fbe35a2735f0dd8aaafe9eff","2026-10-11T17:00:00Z","player_anytime_td","Oscar Delp",2,NA,NA,NA,NA,NA,0.0892857142857143
"2026-10-06T18:33:37Z","2026_05_MIN_NO","2cda9bf0fbe35a2735f0dd8aaafe9eff","2026-10-11T17:00:00Z","player_anytime_td","T.J. Hockenson",2,NA,NA,NA,NA,NA,0.381263616557734
"2026-10-06T18:33:37Z","2026_05_MIN_NO","2cda9bf0fbe35a2735f0dd8aaafe9eff","2026-10-11T17:00:00Z","player_anytime_td","Tai Felton",2,NA,NA,NA,NA,NA,0.10427807486631
"2026-10-06T18:33:37Z","2026_05_MIN_NO","2cda9bf0fbe35a2735f0dd8aaafe9eff","2026-10-11T17:00:00Z","player_anytime_td","Treyton Welch",1,NA,NA,NA,NA,NA,0.0555555555555556
"2026-10-06T18:33:37Z","2026_05_MIN_NO","2cda9bf0fbe35a2735f0dd8aaafe9eff","2026-10-11T17:00:00Z","player_anytime_td","Tyler Shough",2,NA,NA,NA,NA,NA,0.20855614973262
"2026-10-06T18:33:37Z","2026_05_NYG_WAS","fbffd0b7722fd81d68d5d62472dc80e8","2026-10-11T17:00:00Z","player_anytime_td","Antonio Williams",1,NA,NA,NA,NA,NA,0.273972602739726
"2026-10-06T18:33:37Z","2026_05_NYG_WAS","fbffd0b7722fd81d68d5d62472dc80e8","2026-10-11T17:00:00Z","player_anytime_td","Austin Ekeler",1,NA,NA,NA,NA,NA,0.212765957446809
"2026-10-06T18:33:37Z","2026_05_NYG_WAS","fbffd0b7722fd81d68d5d62472dc80e8","2026-10-11T17:00:00Z","player_anytime_td","Ben Sinnott",1,NA,NA,NA,NA,NA,0.1
"2026-10-06T18:33:37Z","2026_05_NYG_WAS","fbffd0b7722fd81d68d5d62472dc80e8","2026-10-11T17:00:00Z","player_anytime_td","Cam Skattebo",4,NA,NA,NA,NA,NA,0.542312526183494
"2026-10-06T18:33:37Z","2026_05_NYG_WAS","fbffd0b7722fd81d68d5d62472dc80e8","2026-10-11T17:00:00Z","player_anytime_td","Charlie Jones",1,NA,NA,NA,NA,NA,0.032258064516129
"2026-10-06T18:33:37Z","2026_05_NYG_WAS","fbffd0b7722fd81d68d5d62472dc80e8","2026-10-11T17:00:00Z","player_anytime_td","Chig Okonkwo",1,NA,NA,NA,NA,NA,0.24390243902439
"2026-10-06T18:33:37Z","2026_05_NYG_WAS","fbffd0b7722fd81d68d5d62472dc80e8","2026-10-11T17:00:00Z","player_anytime_td","Chris Manhertz",1,NA,NA,NA,NA,NA,0.0384615384615385
"2026-10-06T18:33:37Z","2026_05_NYG_WAS","fbffd0b7722fd81d68d5d62472dc80e8","2026-10-11T17:00:00Z","player_anytime_td","Colson Yankoff",1,NA,NA,NA,NA,NA,0.0769230769230769
"2026-10-06T18:33:37Z","2026_05_NYG_WAS","fbffd0b7722fd81d68d5d62472dc80e8","2026-10-11T17:00:00Z","player_anytime_td","Darnell Mooney",1,NA,NA,NA,NA,NA,0.148148148148148
"2026-10-06T18:33:37Z","2026_05_NYG_WAS","fbffd0b7722fd81d68d5d62472dc80e8","2026-10-11T17:00:00Z","player_anytime_td","Devin Singletary",1,NA,NA,NA,NA,NA,0.1
"2026-10-06T18:33:37Z","2026_05_NYG_WAS","fbffd0b7722fd81d68d5d62472dc80e8","2026-10-11T17:00:00Z","player_anytime_td","Dyami Brown",1,NA,NA,NA,NA,NA,0.173913043478261
"2026-10-06T18:33:37Z","2026_05_NYG_WAS","fbffd0b7722fd81d68d5d62472dc80e8","2026-10-11T17:00:00Z","player_anytime_td","Isaiah Likely",4,NA,NA,NA,NA,NA,0.275875190258752
"2026-10-06T18:33:37Z","2026_05_NYG_WAS","fbffd0b7722fd81d68d5d62472dc80e8","2026-10-11T17:00:00Z","player_anytime_td","Jacory Croskey-Merritt",1,NA,NA,NA,NA,NA,0.476190476190476
"2026-10-06T18:33:37Z","2026_05_NYG_WAS","fbffd0b7722fd81d68d5d62472dc80e8","2026-10-11T17:00:00Z","player_anytime_td","Jameis Winston",1,NA,NA,NA,NA,NA,0.0952380952380952
"2026-10-06T18:33:37Z","2026_05_NYG_WAS","fbffd0b7722fd81d68d5d62472dc80e8","2026-10-11T17:00:00Z","player_anytime_td","Jayden Daniels",1,NA,NA,NA,NA,NA,0.307692307692308
"2026-10-06T18:33:37Z","2026_05_NYG_WAS","fbffd0b7722fd81d68d5d62472dc80e8","2026-10-11T17:00:00Z","player_anytime_td","John Bates",1,NA,NA,NA,NA,NA,0.117647058823529
"2026-10-06T18:33:37Z","2026_05_NYG_WAS","fbffd0b7722fd81d68d5d62472dc80e8","2026-10-11T17:00:00Z","player_anytime_td","Kaytron Allen",1,NA,NA,NA,NA,NA,0.181818181818182
"2026-10-06T18:33:37Z","2026_05_NYG_WAS","fbffd0b7722fd81d68d5d62472dc80e8","2026-10-11T17:00:00Z","player_anytime_td","Luke McCaffrey",1,NA,NA,NA,NA,NA,0.105263157894737
"2026-10-06T18:33:37Z","2026_05_NYG_WAS","fbffd0b7722fd81d68d5d62472dc80e8","2026-10-11T17:00:00Z","player_anytime_td","Malachi Fields",1,NA,NA,NA,NA,NA,0.16
"2026-10-06T18:33:37Z","2026_05_NYG_WAS","fbffd0b7722fd81d68d5d62472dc80e8","2026-10-11T17:00:00Z","player_anytime_td","Malik Nabers",4,NA,NA,NA,NA,NA,0.362323596980637
"2026-10-06T18:33:37Z","2026_05_NYG_WAS","fbffd0b7722fd81d68d5d62472dc80e8","2026-10-11T17:00:00Z","player_anytime_td","Najee Harris",1,NA,NA,NA,NA,NA,0.294117647058824
"2026-10-06T18:33:37Z","2026_05_NYG_WAS","fbffd0b7722fd81d68d5d62472dc80e8","2026-10-11T17:00:00Z","player_anytime_td","Patrick Ricard",1,NA,NA,NA,NA,NA,0.0476190476190476
"2026-10-06T18:33:37Z","2026_05_NYG_WAS","fbffd0b7722fd81d68d5d62472dc80e8","2026-10-11T17:00:00Z","player_anytime_td","Rachaad White",1,NA,NA,NA,NA,NA,0.204081632653061
"2026-10-06T18:33:37Z","2026_05_NYG_WAS","fbffd0b7722fd81d68d5d62472dc80e8","2026-10-11T17:00:00Z","player_anytime_td","Stefon Diggs",1,NA,NA,NA,NA,NA,0.444444444444444
"2026-10-06T18:33:37Z","2026_05_NYG_WAS","fbffd0b7722fd81d68d5d62472dc80e8","2026-10-11T17:00:00Z","player_anytime_td","Terry McLaurin",1,NA,NA,NA,NA,NA,0.454545454545455
"2026-10-06T18:33:37Z","2026_05_NYG_WAS","fbffd0b7722fd81d68d5d62472dc80e8","2026-10-11T17:00:00Z","player_anytime_td","Theo Johnson",1,NA,NA,NA,NA,NA,0.117647058823529
"2026-10-06T18:33:37Z","2026_05_NYG_WAS","fbffd0b7722fd81d68d5d62472dc80e8","2026-10-11T17:00:00Z","player_anytime_td","Thomas Fidone",1,NA,NA,NA,NA,NA,0.0277777777777778
"2026-10-06T18:33:37Z","2026_05_NYG_WAS","fbffd0b7722fd81d68d5d62472dc80e8","2026-10-11T17:00:00Z","player_anytime_td","Treylon Burks",1,NA,NA,NA,NA,NA,0.181818181818182
"2026-10-06T18:33:37Z","2026_05_NYG_WAS","fbffd0b7722fd81d68d5d62472dc80e8","2026-10-11T17:00:00Z","player_anytime_td","Tyrone Tracy Jr.",1,NA,NA,NA,NA,NA,0.0769230769230769
"2026-10-06T18:33:37Z","2026_05_PHI_JAX","21b26266f3d78af02eb672e606275d95","2026-10-11T13:30:00Z","player_anytime_td","Ameer Abdullah",6,NA,NA,NA,NA,NA,0.0833333333333333
"2026-10-06T18:33:37Z","2026_05_PHI_JAX","21b26266f3d78af02eb672e606275d95","2026-10-11T13:30:00Z","player_anytime_td","Bhayshul Tuten",6,NA,NA,NA,NA,NA,0.524937937260212
"2026-10-06T18:33:37Z","2026_05_PHI_JAX","21b26266f3d78af02eb672e606275d95","2026-10-11T13:30:00Z","player_anytime_td","Brenton Strange",6,NA,NA,NA,NA,NA,0.246951219512195
"2026-10-06T18:33:37Z","2026_05_PHI_JAX","21b26266f3d78af02eb672e606275d95","2026-10-11T13:30:00Z","player_anytime_td","Brian Thomas Jr",6,NA,NA,NA,NA,NA,0.222222222222222
"2026-10-06T18:33:37Z","2026_05_PHI_JAX","21b26266f3d78af02eb672e606275d95","2026-10-11T13:30:00Z","player_anytime_td","Britain Covey",6,NA,NA,NA,NA,NA,0.0555555555555556
"2026-10-06T18:33:37Z","2026_05_PHI_JAX","21b26266f3d78af02eb672e606275d95","2026-10-11T13:30:00Z","player_anytime_td","CJ Williams",6,NA,NA,NA,NA,NA,0.0555555555555556
"2026-10-06T18:33:37Z","2026_05_PHI_JAX","21b26266f3d78af02eb672e606275d95","2026-10-11T13:30:00Z","player_anytime_td","Chris Rodriguez Jr.",6,NA,NA,NA,NA,NA,0.251582278481013
"2026-10-06T18:33:37Z","2026_05_PHI_JAX","21b26266f3d78af02eb672e606275d95","2026-10-11T13:30:00Z","player_anytime_td","Dallas Goedert",1,NA,NA,NA,NA,NA,0.25
"2026-10-06T18:33:37Z","2026_05_PHI_JAX","21b26266f3d78af02eb672e606275d95","2026-10-11T13:30:00Z","player_anytime_td","Dameon Pierce",1,NA,NA,NA,NA,NA,0.142857142857143
"2026-10-06T18:33:37Z","2026_05_PHI_JAX","21b26266f3d78af02eb672e606275d95","2026-10-11T13:30:00Z","player_anytime_td","Darius Cooper",6,NA,NA,NA,NA,NA,0.2
"2026-10-06T18:33:37Z","2026_05_PHI_JAX","21b26266f3d78af02eb672e606275d95","2026-10-11T13:30:00Z","player_anytime_td","DeVonta Smith",1,NA,NA,NA,NA,NA,0.3125
"2026-10-06T18:33:37Z","2026_05_PHI_JAX","21b26266f3d78af02eb672e606275d95","2026-10-11T13:30:00Z","player_anytime_td","Dontayvion Wicks",6,NA,NA,NA,NA,NA,0.266666666666667
"2026-10-06T18:33:37Z","2026_05_PHI_JAX","21b26266f3d78af02eb672e606275d95","2026-10-11T13:30:00Z","player_anytime_td","E.J. Jenkins",6,NA,NA,NA,NA,NA,0.0384615384615385
"2026-10-06T18:33:37Z","2026_05_PHI_JAX","21b26266f3d78af02eb672e606275d95","2026-10-11T13:30:00Z","player_anytime_td","Elijah Moore",6,NA,NA,NA,NA,NA,0.050125313283208
"2026-10-06T18:33:37Z","2026_05_PHI_JAX","21b26266f3d78af02eb672e606275d95","2026-10-11T13:30:00Z","player_anytime_td","Hollywood Brown",1,NA,NA,NA,NA,NA,0.153846153846154
"2026-10-06T18:33:37Z","2026_05_PHI_JAX","21b26266f3d78af02eb672e606275d95","2026-10-11T13:30:00Z","player_anytime_td","Jakobi Meyers",6,NA,NA,NA,NA,NA,0.268468468468469
"2026-10-06T18:33:37Z","2026_05_PHI_JAX","21b26266f3d78af02eb672e606275d95","2026-10-11T13:30:00Z","player_anytime_td","Jalen Hurts",6,NA,NA,NA,NA,NA,0.365041300293099
"2026-10-06T18:33:37Z","2026_05_PHI_JAX","21b26266f3d78af02eb672e606275d95","2026-10-11T13:30:00Z","player_anytime_td","Johnny Mundt",6,NA,NA,NA,NA,NA,0.0952380952380952
"2026-10-06T18:33:37Z","2026_05_PHI_JAX","21b26266f3d78af02eb672e606275d95","2026-10-11T13:30:00Z","player_anytime_td","Josh Cameron",6,NA,NA,NA,NA,NA,0.153846153846154
"2026-10-06T18:33:37Z","2026_05_PHI_JAX","21b26266f3d78af02eb672e606275d95","2026-10-11T13:30:00Z","player_anytime_td","Josiah Deguara",5,NA,NA,NA,NA,NA,0.0384615384615385
"2026-10-06T18:33:37Z","2026_05_PHI_JAX","21b26266f3d78af02eb672e606275d95","2026-10-11T13:30:00Z","player_anytime_td","LeQuint Allen Jr.",6,NA,NA,NA,NA,NA,0.0773809523809524
"2026-10-06T18:33:37Z","2026_05_PHI_JAX","21b26266f3d78af02eb672e606275d95","2026-10-11T13:30:00Z","player_anytime_td","Makai Lemon",6,NA,NA,NA,NA,NA,0.206382978723404
"2026-10-06T18:33:37Z","2026_05_PHI_JAX","21b26266f3d78af02eb672e606275d95","2026-10-11T13:30:00Z","player_anytime_td","Nate Boerkircher",6,NA,NA,NA,NA,NA,0.108187134502924
"2026-10-06T18:33:37Z","2026_05_PHI_JAX","21b26266f3d78af02eb672e606275d95","2026-10-11T13:30:00Z","player_anytime_td","Parker Washington",6,NA,NA,NA,NA,NA,0.390630960555428
"2026-10-06T18:33:37Z","2026_05_PHI_JAX","21b26266f3d78af02eb672e606275d95","2026-10-11T13:30:00Z","player_anytime_td","Quintin Morris",6,NA,NA,NA,NA,NA,0.0526315789473684
"2026-10-06T18:33:37Z","2026_05_PHI_JAX","21b26266f3d78af02eb672e606275d95","2026-10-11T13:30:00Z","player_anytime_td","Tanner Koziol",6,NA,NA,NA,NA,NA,0.0476190476190476
"2026-10-06T18:33:37Z","2026_05_PHI_JAX","21b26266f3d78af02eb672e606275d95","2026-10-11T13:30:00Z","player_anytime_td","Travis Hunter",6,NA,NA,NA,NA,NA,0.0645833333333333
"2026-10-06T18:33:37Z","2026_05_PHI_JAX","21b26266f3d78af02eb672e606275d95","2026-10-11T13:30:00Z","player_anytime_td","Trevor Lawrence",6,NA,NA,NA,NA,NA,0.258075258075258
"2026-10-06T18:33:37Z","2026_05_PHI_JAX","21b26266f3d78af02eb672e606275d95","2026-10-11T13:30:00Z","player_anytime_td","Will Shipley",6,NA,NA,NA,NA,NA,0.357142857142857
"2026-10-06T18:33:37Z","2026_05_PHI_JAX","21b26266f3d78af02eb672e606275d95","2026-10-11T13:30:00Z","player_anytime_td","Zach Ertz",5,NA,NA,NA,NA,NA,0.173913043478261
"2026-10-06T18:33:37Z","2026_05_SF_SEA","8e5d515b10d8a5ffb324640ed60bcc55","2026-10-11T20:25:00Z","player_anytime_td","AJ Barner",6,NA,NA,NA,NA,NA,0.27027027027027
"2026-10-06T18:33:37Z","2026_05_SF_SEA","8e5d515b10d8a5ffb324640ed60bcc55","2026-10-11T20:25:00Z","player_anytime_td","Brady Russell",2,NA,NA,NA,NA,NA,0.0442028985507246
"2026-10-06T18:33:37Z","2026_05_SF_SEA","8e5d515b10d8a5ffb324640ed60bcc55","2026-10-11T20:25:00Z","player_anytime_td","Brandin Cooks",5,NA,NA,NA,NA,NA,0.125
"2026-10-06T18:33:37Z","2026_05_SF_SEA","8e5d515b10d8a5ffb324640ed60bcc55","2026-10-11T20:25:00Z","player_anytime_td","Brayden Willis",6,NA,NA,NA,NA,NA,0.0690476190476191
"2026-10-06T18:33:37Z","2026_05_SF_SEA","8e5d515b10d8a5ffb324640ed60bcc55","2026-10-11T20:25:00Z","player_anytime_td","Brock Purdy",6,NA,NA,NA,NA,NA,0.180194805194805
"2026-10-06T18:33:37Z","2026_05_SF_SEA","8e5d515b10d8a5ffb324640ed60bcc55","2026-10-11T20:25:00Z","player_anytime_td","Christian McCaffrey",6,NA,NA,NA,NA,NA,0.612397277766928
"2026-10-06T18:33:37Z","2026_05_SF_SEA","8e5d515b10d8a5ffb324640ed60bcc55","2026-10-11T20:25:00Z","player_anytime_td","Cooper Kupp",6,NA,NA,NA,NA,NA,0.227272727272727
"2026-10-06T18:33:37Z","2026_05_SF_SEA","8e5d515b10d8a5ffb324640ed60bcc55","2026-10-11T20:25:00Z","player_anytime_td","Deebo Samuel",6,NA,NA,NA,NA,NA,0.32258064516129
"2026-10-06T18:33:37Z","2026_05_SF_SEA","8e5d515b10d8a5ffb324640ed60bcc55","2026-10-11T20:25:00Z","player_anytime_td","Elijah Arroyo",6,NA,NA,NA,NA,NA,0.11437908496732
"2026-10-06T18:33:37Z","2026_05_SF_SEA","8e5d515b10d8a5ffb324640ed60bcc55","2026-10-11T20:25:00Z","player_anytime_td","Emanuel Wilson",6,NA,NA,NA,NA,NA,0.573558828877978
"2026-10-06T18:33:37Z","2026_05_SF_SEA","8e5d515b10d8a5ffb324640ed60bcc55","2026-10-11T20:25:00Z","player_anytime_td","Eric Saubert",4,NA,NA,NA,NA,NA,0.0690476190476191
"2026-10-06T18:33:37Z","2026_05_SF_SEA","8e5d515b10d8a5ffb324640ed60bcc55","2026-10-11T20:25:00Z","player_anytime_td","George Holani",6,NA,NA,NA,NA,NA,0.294181267575168
"2026-10-06T18:33:37Z","2026_05_SF_SEA","8e5d515b10d8a5ffb324640ed60bcc55","2026-10-11T20:25:00Z","player_anytime_td","George Kittle",6,NA,NA,NA,NA,NA,0.375945162886015
"2026-10-06T18:33:37Z","2026_05_SF_SEA","8e5d515b10d8a5ffb324640ed60bcc55","2026-10-11T20:25:00Z","player_anytime_td","Jacob Cowing",6,NA,NA,NA,NA,NA,0.118055555555556
"2026-10-06T18:33:37Z","2026_05_SF_SEA","8e5d515b10d8a5ffb324640ed60bcc55","2026-10-11T20:25:00Z","player_anytime_td","James Jordan",4,NA,NA,NA,NA,NA,0.0690476190476191
"2026-10-06T18:33:37Z","2026_05_SF_SEA","8e5d515b10d8a5ffb324640ed60bcc55","2026-10-11T20:25:00Z","player_anytime_td","Jaxon Smith-Njigba",6,NA,NA,NA,NA,NA,0.547502047502048
"2026-10-06T18:33:37Z","2026_05_SF_SEA","8e5d515b10d8a5ffb324640ed60bcc55","2026-10-11T20:25:00Z","player_anytime_td","Jordan Watkins",4,NA,NA,NA,NA,NA,0.0769230769230769
"2026-10-06T18:33:37Z","2026_05_SF_SEA","8e5d515b10d8a5ffb324640ed60bcc55","2026-10-11T20:25:00Z","player_anytime_td","Kaelon Black",6,NA,NA,NA,NA,NA,0.166666666666667
"2026-10-06T18:33:37Z","2026_05_SF_SEA","8e5d515b10d8a5ffb324640ed60bcc55","2026-10-11T20:25:00Z","player_anytime_td","Kyle Juszczyk",1,NA,NA,NA,NA,NA,0.0833333333333333
"2026-10-06T18:33:37Z","2026_05_SF_SEA","8e5d515b10d8a5ffb324640ed60bcc55","2026-10-11T20:25:00Z","player_anytime_td","Luke Farrell",6,NA,NA,NA,NA,NA,0.0801282051282051
"2026-10-06T18:33:37Z","2026_05_SF_SEA","8e5d515b10d8a5ffb324640ed60bcc55","2026-10-11T20:25:00Z","player_anytime_td","Malik Turner",1,NA,NA,NA,NA,NA,0.0625
"2026-10-06T18:33:37Z","2026_05_SF_SEA","8e5d515b10d8a5ffb324640ed60bcc55","2026-10-11T20:25:00Z","player_anytime_td","Mike Evans",6,NA,NA,NA,NA,NA,0.344827586206897
"2026-10-06T18:33:37Z","2026_05_SF_SEA","8e5d515b10d8a5ffb324640ed60bcc55","2026-10-11T20:25:00Z","player_anytime_td","Montorie Foster Jr.",4,NA,NA,NA,NA,NA,0.0588235294117647
"2026-10-06T18:33:37Z","2026_05_SF_SEA","8e5d515b10d8a5ffb324640ed60bcc55","2026-10-11T20:25:00Z","player_anytime_td","Nick Kallerup",2,NA,NA,NA,NA,NA,0.051150895140665
"2026-10-06T18:33:37Z","2026_05_SF_SEA","8e5d515b10d8a5ffb324640ed60bcc55","2026-10-11T20:25:00Z","player_anytime_td","Rashid Shaheed",6,NA,NA,NA,NA,NA,0.229915433403805
"2026-10-06T18:33:37Z","2026_05_SF_SEA","8e5d515b10d8a5ffb324640ed60bcc55","2026-10-11T20:25:00Z","player_anytime_td","Sam Darnold",6,NA,NA,NA,NA,NA,0.117647058823529
"2026-10-06T18:33:37Z","2026_05_SF_SEA","8e5d515b10d8a5ffb324640ed60bcc55","2026-10-11T20:25:00Z","player_anytime_td","Tory Horton",6,NA,NA,NA,NA,NA,0.163333333333333
"2026-10-06T18:33:37Z","2026_05_SF_SEA","8e5d515b10d8a5ffb324640ed60bcc55","2026-10-11T20:25:00Z","player_anytime_td","Velus Jones Jr.",2,NA,NA,NA,NA,NA,0.111111111111111
"2026-10-06T18:33:37Z","2026_05_TB_DAL","259b5df9aa0d10257f56de78523495e0","2026-10-09T00:15:00Z","player_anytime_td","Bauer Sharp",8,NA,NA,NA,NA,NA,0.024390243902439
"2026-10-06T18:33:37Z","2026_05_TB_DAL","259b5df9aa0d10257f56de78523495e0","2026-10-09T00:15:00Z","player_anytime_td","Brevyn Spann-Ford",8,NA,NA,NA,NA,NA,0.0909090909090909
"2026-10-06T18:33:37Z","2026_05_TB_DAL","259b5df9aa0d10257f56de78523495e0","2026-10-09T00:15:00Z","player_anytime_td","Bucky Irving",8,NA,NA,NA,NA,NA,0.363636363636364
"2026-10-06T18:33:37Z","2026_05_TB_DAL","259b5df9aa0d10257f56de78523495e0","2026-10-09T00:15:00Z","player_anytime_td","Cade Otton",8,NA,NA,NA,NA,NA,0.166666666666667
"2026-10-06T18:33:37Z","2026_05_TB_DAL","259b5df9aa0d10257f56de78523495e0","2026-10-09T00:15:00Z","player_anytime_td","Camden Brown",7,NA,NA,NA,NA,NA,0.0454545454545455
"2026-10-06T18:33:37Z","2026_05_TB_DAL","259b5df9aa0d10257f56de78523495e0","2026-10-09T00:15:00Z","player_anytime_td","CeeDee Lamb",8,NA,NA,NA,NA,NA,0.522670312143996
"2026-10-06T18:33:37Z","2026_05_TB_DAL","259b5df9aa0d10257f56de78523495e0","2026-10-09T00:15:00Z","player_anytime_td","Chris Godwin",8,NA,NA,NA,NA,NA,0.175492610837438
"2026-10-06T18:33:37Z","2026_05_TB_DAL","259b5df9aa0d10257f56de78523495e0","2026-10-09T00:15:00Z","player_anytime_td","Dak Prescott",8,NA,NA,NA,NA,NA,0.161967213114754
"2026-10-06T18:33:37Z","2026_05_TB_DAL","259b5df9aa0d10257f56de78523495e0","2026-10-09T00:15:00Z","player_anytime_td","Emari Demercado",7,NA,NA,NA,NA,NA,0.1
"2026-10-06T18:33:37Z","2026_05_TB_DAL","259b5df9aa0d10257f56de78523495e0","2026-10-09T00:15:00Z","player_anytime_td","Emeka Egbuka",8,NA,NA,NA,NA,NA,0.287784679089027
"2026-10-06T18:33:37Z","2026_05_TB_DAL","259b5df9aa0d10257f56de78523495e0","2026-10-09T00:15:00Z","player_anytime_td","George Pickens",8,NA,NA,NA,NA,NA,0.454545454545455
"2026-10-06T18:33:37Z","2026_05_TB_DAL","259b5df9aa0d10257f56de78523495e0","2026-10-09T00:15:00Z","player_anytime_td","Hunter Luepke",8,NA,NA,NA,NA,NA,0.100250626566416
"2026-10-06T18:33:37Z","2026_05_TB_DAL","259b5df9aa0d10257f56de78523495e0","2026-10-09T00:15:00Z","player_anytime_td","Jake Ferguson",8,NA,NA,NA,NA,NA,0.310096153846154
"2026-10-06T18:33:37Z","2026_05_TB_DAL","259b5df9aa0d10257f56de78523495e0","2026-10-09T00:15:00Z","player_anytime_td","Jalon Daniels",8,NA,NA,NA,NA,NA,0.264912280701754
"2026-10-06T18:33:37Z","2026_05_TB_DAL","259b5df9aa0d10257f56de78523495e0","2026-10-09T00:15:00Z","player_anytime_td","Javonte Williams",8,NA,NA,NA,NA,NA,0.689903846153846
"2026-10-06T18:33:37Z","2026_05_TB_DAL","259b5df9aa0d10257f56de78523495e0","2026-10-09T00:15:00Z","player_anytime_td","Jonathan Mingo",8,NA,NA,NA,NA,NA,0.0434782608695652
"2026-10-06T18:33:37Z","2026_05_TB_DAL","259b5df9aa0d10257f56de78523495e0","2026-10-09T00:15:00Z","player_anytime_td","KaVontae Turpin",8,NA,NA,NA,NA,NA,0.117647058823529
"2026-10-06T18:33:37Z","2026_05_TB_DAL","259b5df9aa0d10257f56de78523495e0","2026-10-09T00:15:00Z","player_anytime_td","Kameron Johnson",8,NA,NA,NA,NA,NA,0.0513157894736842
"2026-10-06T18:33:37Z","2026_05_TB_DAL","259b5df9aa0d10257f56de78523495e0","2026-10-09T00:15:00Z","player_anytime_td","Kenny Gainwell",8,NA,NA,NA,NA,NA,0.195238095238095
"2026-10-06T18:33:37Z","2026_05_TB_DAL","259b5df9aa0d10257f56de78523495e0","2026-10-09T00:15:00Z","player_anytime_td","Ko Kieft",7,NA,NA,NA,NA,NA,0.024390243902439
"2026-10-06T18:33:37Z","2026_05_TB_DAL","259b5df9aa0d10257f56de78523495e0","2026-10-09T00:15:00Z","player_anytime_td","Luke Schoonmaker",8,NA,NA,NA,NA,NA,0.0801282051282051
"2026-10-06T18:33:37Z","2026_05_TB_DAL","259b5df9aa0d10257f56de78523495e0","2026-10-09T00:15:00Z","player_anytime_td","Payne Durham",8,NA,NA,NA,NA,NA,0.0333704115684093
"2026-10-06T18:33:37Z","2026_05_TB_DAL","259b5df9aa0d10257f56de78523495e0","2026-10-09T00:15:00Z","player_anytime_td","Ryan Flournoy",8,NA,NA,NA,NA,NA,0.254787406686141
"2026-10-06T18:33:37Z","2026_05_TB_DAL","259b5df9aa0d10257f56de78523495e0","2026-10-09T00:15:00Z","player_anytime_td","Sean Tucker",8,NA,NA,NA,NA,NA,0.219806763285024
"2026-10-06T18:33:37Z","2026_05_TB_DAL","259b5df9aa0d10257f56de78523495e0","2026-10-09T00:15:00Z","player_anytime_td","Ted Hurst III",8,NA,NA,NA,NA,NA,0.181818181818182
"2026-10-06T18:33:37Z","2026_05_TB_DAL","259b5df9aa0d10257f56de78523495e0","2026-10-09T00:15:00Z","player_anytime_td","Tez Johnson",8,NA,NA,NA,NA,NA,0.133333333333333
"2026-10-06T18:33:37Z","2026_05_TB_DAL","259b5df9aa0d10257f56de78523495e0","2026-10-09T00:15:00Z","player_anytime_td","Tyler Goodson",8,NA,NA,NA,NA,NA,0.142857142857143
