"pulled_at","game_id","gsis_id","ci_lo_std","ci_hi_std","ci_lo_half","ci_hi_half","ci_lo_ppr","ci_hi_ppr","ci_lo_ffpc","ci_hi_ffpc","draws"
"2026-09-29T20:49:03Z","2026_04_ARI_NYG","00-0031235",0.898831361839189,0.926912425895471,1.23545286639926,1.26353393045554,1.57207437095933,1.60015543501561,1.57690981578288,1.60499087983916,40
"2026-09-29T20:49:03Z","2026_04_ARI_NYG","00-0031484",0.290813054185152,0.310670955649431,0.374382907646133,0.394240809110412,0.457952761107114,0.477810662571393,0.544391072920591,0.56424897438487,54
"2026-09-29T20:49:03Z","2026_04_ARI_NYG","00-0031503",7.2179921316149,7.86268873371746,7.24640770065972,7.89110430276227,7.27482326970454,7.91951987180709,9.35147989734506,9.99617649944761,54
"2026-09-29T20:49:03Z","2026_04_ARI_NYG","00-0033119",12.7684774518497,13.3282463747514,12.7684778279508,13.3282467508525,12.7684782040519,13.3282471269536,15.2571111559063,15.816880078808,54
"2026-09-29T20:49:03Z","2026_04_ARI_NYG","00-0033307",2.89619383411223,3.30719788938019,3.88934016715122,4.30034422241919,4.88248650019021,5.29349055545818,4.88532651840106,5.29633057366902,54
"2026-09-29T20:49:03Z","2026_04_ARI_NYG","00-0033376",0.476404834276835,0.512973985938037,0.568559724474206,0.605128876135408,0.660714614671577,0.697283766332779,0.666999407143573,0.703568558804775,54
"2026-09-29T20:49:03Z","2026_04_ARI_NYG","00-0035250",3.34368644376238,3.84488589827788,3.94506360231072,4.44626305682622,4.54644076085906,5.04764021537457,4.55407992118995,5.05527937570546,54
"2026-09-29T20:49:03Z","2026_04_ARI_NYG","00-0036309",3.39860245174971,3.72989561694763,4.273786201272,4.60507936646992,5.14896995079429,5.48026311599221,5.15159114893477,5.48288431413269,54
"2026-09-29T20:49:03Z","2026_04_ARI_NYG","00-0036331",0.417660820461489,0.614824877100655,0.528017928885147,0.725181985524313,0.638375037308805,0.835539093947971,0.640972383349917,0.838136439989083,54
"2026-09-29T20:49:03Z","2026_04_ARI_NYG","00-0036646",0.449677868754054,0.505291806138536,0.564584388067544,0.620198325452025,0.679490907381033,0.735104844765515,0.682245942204466,0.737859879588948,54
"2026-09-29T20:49:03Z","2026_04_ARI_NYG","00-0036893",4.28677008543352,4.57153679846462,4.67003903818602,4.95480575121712,5.05330799093852,5.33807470396962,5.06087410976405,5.34564082279515,54
"2026-09-29T20:49:03Z","2026_04_ARI_NYG","00-0037004",0.691732976013566,0.902625633247389,1.03398338862111,1.24487604585494,1.37623380122866,1.58712645846248,1.72144377189485,1.93233642912867,54
"2026-09-29T20:49:03Z","2026_04_ARI_NYG","00-0037157",2.33184638644192,2.67556769372673,2.82520449262954,3.16892579991434,3.31856259881715,3.66228390610195,3.34872679932025,3.69244810660505,54
"2026-09-29T20:49:03Z","2026_04_ARI_NYG","00-0037263",5.12310587228663,5.22942504007276,5.80609691550979,5.91241608329592,6.48908795873294,6.59540712651907,6.49525348180494,6.60157264959107,54
"2026-09-29T20:49:03Z","2026_04_ARI_NYG","00-0037744",8.40787368222773,8.69823512733841,11.4430882057784,11.733449650889,14.478302729329,14.7686641744397,17.5163863232317,17.8067477683424,60
"2026-09-29T20:49:03Z","2026_04_ARI_NYG","00-0037838",4.00792577061339,4.16184766720155,5.28998512708787,5.44390702367603,6.57204448356234,6.7259663801505,7.87275884560523,8.02668074219339,60
"2026-09-29T20:49:03Z","2026_04_ARI_NYG","00-0038559",6.14054499070727,7.00746420125876,8.2509571722738,9.11787638282528,10.3613693538403,11.2282885643918,10.3645530142224,11.2314722247739,54
"2026-09-29T20:49:03Z","2026_04_ARI_NYG","00-0038640",0.6631899272104,0.742187520353958,0.848205925675221,0.92720351881878,1.03322192414004,1.1122195172836,1.03598002328835,1.11497761643191,54
"2026-09-29T20:49:03Z","2026_04_ARI_NYG","00-0039041",1.46056899576355,1.74260531261424,2.10130491315384,2.38334123000453,2.74204083054414,3.02407714739482,3.39734168598642,3.67937800283711,54
"2026-09-29T20:49:03Z","2026_04_ARI_NYG","00-0039337",6.03047836623679,6.17779980139061,7.72410419006389,7.87142562521771,9.41773001389099,9.56505144904481,9.42055174737701,9.56787318253083,60
"2026-09-29T20:49:03Z","2026_04_ARI_NYG","00-0039384",4.00619823032413,4.14412322837897,4.60346497463203,4.74138997268687,5.20073171893992,5.33865671699476,5.28882617774933,5.42675117580417,54
"2026-09-29T20:49:03Z","2026_04_ARI_NYG","00-0039847",2.22403731820397,2.52126222035535,2.91580042827843,3.21302533042982,3.6075635383529,3.90478844050428,4.30222512560306,4.59945002775444,54
"2026-09-29T20:49:03Z","2026_04_ARI_NYG","00-0039849",3.8977388145695,4.23492042438436,4.84549307395237,5.18267468376723,5.79324733333524,6.1304289431501,5.79741585720194,6.13459746701681,54
"2026-09-29T20:49:03Z","2026_04_ARI_NYG","00-0040225",0.468506335167392,0.482318892319873,0.661038953225684,0.674851510378165,0.853571571283975,0.867384128436456,1.05058021079393,1.06439276794641,40
"2026-09-29T20:49:03Z","2026_04_ARI_NYG","00-0040715",10.0532175868149,10.3752136285888,11.0266441899076,11.3486402316814,12.0000707930003,12.3220668347741,12.0262285575411,12.348224599315,60
"2026-09-29T20:49:03Z","2026_04_ARI_NYG","00-0041027",8.0622786257104,8.49072560657016,9.10892817165099,9.53737515251075,10.1555777175916,10.5840246984513,10.1635181124434,10.5919650933032,60
"2026-09-29T20:49:03Z","2026_04_ARI_NYG","00-0041042",2.56150334450584,2.93384072522348,3.24681372601185,3.61915110672949,3.93212410751785,4.30446148823549,3.93550434109021,4.30784172180785,54
"2026-09-29T20:49:03Z","2026_04_ARI_NYG","00-0041070",0.93346286387113,0.952443249419308,1.23500925562371,1.25398964117189,1.53655564737628,1.55553603292446,1.54108263342844,1.56006301897662,40
"2026-09-29T20:49:03Z","2026_04_ATL_NO","00-0032392",1.58993757349543,1.63622783274152,2.13663755217156,2.18292781141765,2.68333753084769,2.72962779009378,3.23335165634507,3.27964191559116,60
"2026-09-29T20:49:03Z","2026_04_ATL_NO","00-0033906",8.02080051618353,8.25878401283114,9.16270013273737,9.40068362938498,10.3045997492912,10.5425832459388,10.345569424266,10.5835529209136,60
"2026-09-29T20:49:03Z","2026_04_ATL_NO","00-0035208",1.6367734314253,1.68306369067139,2.30486088409187,2.35115114333797,2.97294833675845,3.01923859600454,2.97554908305328,3.02183934229937,60
"2026-09-29T20:49:03Z","2026_04_ATL_NO","00-0035644",2.33511303463396,2.39003573530021,3.233015161827,3.28793786249326,4.13091728902004,4.1858399896863,5.07631274770027,5.13123544836653,60
"2026-09-29T20:49:03Z","2026_04_ATL_NO","00-0036040",6.05950862251321,6.14505736865898,7.87047299627805,7.95602174242382,9.68143737004289,9.76698611618865,11.5944509290482,11.6799996751939,60
"2026-09-29T20:49:03Z","2026_04_ATL_NO","00-0036429",0.479862558076187,0.505950467964558,0.662012174168411,0.688100084056782,0.844161790260636,0.870249700149007,1.02918028586735,1.05526819575572,60
"2026-09-29T20:49:03Z","2026_04_ATL_NO","00-0036463",0.789184173158142,0.819114539587441,0.974680297789742,1.00461066421904,1.16017642242134,1.19010678885064,1.16317908405706,1.19310945048636,60
"2026-09-29T20:49:03Z","2026_04_ATL_NO","00-0036970",3.74672697419711,3.81055597881723,4.96254291936065,5.02637192398077,6.17835886452419,6.24218786914432,7.39704327238922,7.46087227700934,60
"2026-09-29T20:49:03Z","2026_04_ATL_NO","00-0037238",8.66367579276842,8.76141540013668,10.66129880634,10.7590384137082,12.6589218199115,12.7566614272798,12.6703170666334,12.7680566740017,60
"2026-09-29T20:49:03Z","2026_04_ATL_NO","00-0037239",10.3649944920494,10.5093388975384,13.1635622092653,13.3079066147544,15.9621299264812,16.1064743319703,15.9792719087044,16.1236163141935,60
"2026-09-29T20:49:03Z","2026_04_ATL_NO","00-0037317",0.373747523556753,0.393908152822662,0.485625944624232,0.505786573890141,0.597504365691711,0.617664994957621,0.712768212254327,0.732928841520236,60
"2026-09-29T20:49:03Z","2026_04_ATL_NO","00-0037741",2.15525552921814,2.21391981619443,2.66310015588788,2.72176444286417,3.17094478255761,3.22960906953391,3.17354372884106,3.23220801581735,60
"2026-09-29T20:49:03Z","2026_04_ATL_NO","00-0037746",4.66039898836818,4.73940866748435,4.92945487460793,5.00846455372411,5.19851076084769,5.27752043996387,5.20680207137738,5.28581175049356,60
"2026-09-29T20:49:03Z","2026_04_ATL_NO","00-0038542",16.5551662867452,16.9388718544164,18.2050251041585,18.5887306718297,19.8548839215718,20.238589489243,19.9036793093495,20.2873848770208,60
"2026-09-29T20:49:03Z","2026_04_ATL_NO","00-0038551",3.75831216524526,3.83335638431654,4.12600477638847,4.20104899545974,4.49369738753167,4.56874160660295,4.50051033316306,4.57555455223434,60
"2026-09-29T20:49:03Z","2026_04_ATL_NO","00-0039424",5.07058476816186,5.14676318205672,6.46337204467191,6.53955045856677,7.85615932118196,7.93233773507682,7.85880889810967,7.93498731200453,60
"2026-09-29T20:49:03Z","2026_04_ATL_NO","00-0039917",10.4821237521072,10.5307083473448,10.4821237521072,10.5307083473448,10.4821237521072,10.5307083473448,12.8368145704232,12.8853991656608,60
"2026-09-29T20:49:03Z","2026_04_ATL_NO","00-0040743",16.294084861498,16.3796336076438,16.294084861498,16.3796336076438,16.294084861498,16.3796336076438,19.4198562153163,19.505404961462,60
"2026-09-29T20:49:03Z","2026_04_ATL_NO","00-0041041",0.781915155950659,0.817523877681631,1.03924146984727,1.07485019157824,1.29656778374388,1.33217650547485,1.55793209310992,1.5935408148409,60
"2026-09-29T20:49:03Z","2026_04_ATL_NO","00-0041044",1.32900873245135,1.37529899169745,1.74871875351582,1.79500901276191,2.16842877458028,2.21471903382637,2.17180900815264,2.21809926739874,60
"2026-09-29T20:49:03Z","2026_04_ATL_NO","00-0041067",2.29999947317462,2.36382847779474,2.77343781142764,2.83726681604776,3.24687614968066,3.31070515430078,3.25025638325302,3.31408538787314,60
"2026-09-29T20:49:03Z","2026_04_ATL_NO","00-0041099",0.945599206673283,0.987747885590892,1.10815790842669,1.1503065873443,1.2707166101801,1.31286528909771,1.27436604869552,1.31651472761313,60
"2026-09-29T20:49:03Z","2026_04_DAL_HOU","00-0033077",15.3106501091343,15.5997867155574,15.3106503945817,15.5997870010048,15.3106506800291,15.5997872864522,17.9555933989002,18.2447300053233,58
"2026-09-29T20:49:03Z","2026_04_DAL_HOU","00-0034383",6.15091052632336,6.51819614677138,8.10577369376426,8.47305931421228,10.0606368612052,10.4279224816532,12.0184000636286,12.3856856840767,60
"2026-09-29T20:49:03Z","2026_04_DAL_HOU","00-0034981",1.6402726615838,1.97764728981714,2.23946505082308,2.57683967905642,2.83865744006236,3.17603206829571,3.44077782455032,3.77815245278366,60
"2026-09-29T20:49:03Z","2026_04_DAL_HOU","00-0035685",8.03100061201682,8.87344946069479,8.74593992787782,9.58838877655578,9.46087924373881,10.3033280924168,9.47853961597316,10.3209884646511,60
"2026-09-29T20:49:03Z","2026_04_DAL_HOU","00-0036358",9.55808040377473,9.77669291728385,11.8065077710682,12.0251202845774,14.0549351383618,14.2735476518709,14.0586984673628,14.2773109808719,60
"2026-09-29T20:49:03Z","2026_04_DAL_HOU","00-0036554",8.29568917632353,8.63269618462112,10.1095463000072,10.4465533083048,11.9234034236908,12.2604104319884,11.9344182278519,12.2714252361495,60
"2026-09-29T20:49:03Z","2026_04_DAL_HOU","00-0036556",1.1462579655001,1.15986971687518,1.57256171234552,1.5861734637206,1.99886545919093,2.01247721056601,2.4288989763728,2.44251072774788,35
"2026-09-29T20:49:03Z","2026_04_DAL_HOU","00-0036997",10.5290168203255,11.3055610875988,11.493375586583,12.2699198538563,12.4577343528405,13.2342786201139,12.4831191881468,13.2596634554202,60
"2026-09-29T20:49:03Z","2026_04_DAL_HOU","00-0037120",1.12378800935945,1.21108907104123,1.32059250315434,1.40789356483613,1.51739699694924,1.60469805863102,1.52416934840253,1.61147041008431,60
"2026-09-29T20:49:03Z","2026_04_DAL_HOU","00-0037247",7.20850967169255,7.37540284546022,9.21156107457644,9.37845424834411,11.2146124774603,11.381505651228,11.2180697581232,11.3849629318909,60
"2026-09-29T20:49:03Z","2026_04_DAL_HOU","00-0037801",2.20739603068276,2.39101035547875,2.70392123179407,2.88753555659006,3.20044643290538,3.38406075770136,3.21691875207107,3.40053307686706,60
"2026-09-29T20:49:03Z","2026_04_DAL_HOU","00-0038041",3.21513069855071,3.58059448999183,4.55221601803108,4.9176798094722,5.88930133751145,6.25476512895257,7.3258577938309,7.69132158527202,60
"2026-09-29T20:49:03Z","2026_04_DAL_HOU","00-0038547",1.01440277366417,1.05931486962267,1.38512916939341,1.43004126535192,1.75585556512266,1.80076766108116,2.12945067420991,2.17436277016841,60
"2026-09-29T20:49:03Z","2026_04_DAL_HOU","00-0038608",3.63750487796491,4.34854986371037,4.49736688792654,5.208411873672,5.35722889788817,6.06827388363363,5.35983287398096,6.07087785972643,60
"2026-09-29T20:49:03Z","2026_04_DAL_HOU","00-0038618",4.09136745821969,4.43463724425982,5.10707488781816,5.45034467385829,6.12278231741662,6.46605210345675,6.12537729218835,6.46864707822848,52
"2026-09-29T20:49:03Z","2026_04_DAL_HOU","00-0038705",2.38934123084771,2.44062206124272,2.72592708555259,2.77720791594759,3.06251294025746,3.11379377065247,3.08120889180712,3.13248972220213,52
"2026-09-29T20:49:03Z","2026_04_DAL_HOU","00-0038728",2.13968824567735,2.2458218730531,2.62419566091046,2.73032928828621,3.10870307614357,3.21483670351932,3.1118220420672,3.21795566944295,52
"2026-09-29T20:49:03Z","2026_04_DAL_HOU","00-0038738",1.07171233370065,1.18996078640129,1.30513324202694,1.42338169472758,1.53855415035323,1.65680260305387,1.5447215589245,1.66297001162514,60
"2026-09-29T20:49:03Z","2026_04_DAL_HOU","00-0039062",0.716882418572198,0.758990170359908,0.934278767905574,0.976386519693284,1.15167511723895,1.19378286902666,1.15568582365199,1.1977935754397,52
"2026-09-29T20:49:03Z","2026_04_DAL_HOU","00-0039163",12.0030873727969,12.1541886325786,12.0031131051348,12.1542143649164,12.0031388374726,12.1542400972543,14.720859480072,14.8719607398536,60
"2026-09-29T20:49:03Z","2026_04_DAL_HOU","00-0039359",0.675014291654343,0.820560131878893,1.05430166636251,1.19984750658706,1.43358904107067,1.57913488129522,1.81581540721781,1.96136124744236,60
"2026-09-29T20:49:03Z","2026_04_DAL_HOU","00-0039410",3.07509225176426,3.43994373668869,4.22941257133844,4.59426405626287,5.38373289091262,5.74858437583705,5.38735396809201,5.75220545301644,60
"2026-09-29T20:49:03Z","2026_04_DAL_HOU","00-0039530",1.05470139611554,1.2741892387239,1.41749378565968,1.63698162826803,1.78028617520382,1.99977401781217,2.1459515674161,2.36543941002445,60
"2026-09-29T20:49:03Z","2026_04_DAL_HOU","00-0039603",0.910446066914827,0.966445051887765,0.983020795647983,1.03901978062092,1.05559552438114,1.11159450935408,1.06236522320211,1.11836420817505,52
"2026-09-29T20:49:03Z","2026_04_DAL_HOU","00-0040138",2.95744012309409,3.26903333131156,3.53852356086807,3.85011676908554,4.11960699864205,4.43120020685952,4.12224243653692,4.43383564475439,58
"2026-09-29T20:49:03Z","2026_04_DAL_HOU","00-0040583",5.6267684684291,6.1141825482839,6.35025219679333,6.83766627664814,7.07373592515756,7.56115000501237,7.10479353038884,7.59220761024364,60
"2026-09-29T20:49:03Z","2026_04_DAL_HOU","00-0040930",0.913442972859151,0.932439029302419,1.21498936461173,1.233985421055,1.51653575636431,1.53553181280757,1.52106274241646,1.54005879885973,35
"2026-09-29T20:49:03Z","2026_04_DAL_HOU","00-0041472",0.629085634522299,0.773019625868213,0.835028555125233,0.978962546471147,1.04097147572817,1.18490546707408,1.25064801041485,1.39458200176076,52
"2026-09-29T20:49:03Z","2026_04_DEN_SF","00-0029892",1.42440761117997,1.84397213445349,1.8991939907233,2.31875851399682,2.37398037026662,2.79354489354014,2.38109026103395,2.80065478430747,60
"2026-09-29T20:49:03Z","2026_04_DEN_SF","00-0031408",5.94542126524386,6.13608397010414,7.47094225928175,7.66160496414202,8.99646325331963,9.18712595817991,8.99916993763831,9.18983264249859,60
"2026-09-29T20:49:03Z","2026_04_DEN_SF","00-0032775",3.46440585348755,3.52141996019176,4.33758097635591,4.39459508306012,5.21075609922428,5.26777020592849,5.21360617000231,5.27062027670652,42
"2026-09-29T20:49:03Z","2026_04_DEN_SF","00-0033280",15.4928461288241,17.9454956970209,17.8213955443828,20.2518657015945,20.1499449599416,22.5828093972056,20.186764705522,22.619629142786,60
"2026-09-29T20:49:03Z","2026_04_DEN_SF","00-0033288",8.76366358191627,9.69959544109281,11.2037370759758,12.3615145181832,13.6854364993251,15.1772876909172,16.1198925362598,18.0040626704902,60
"2026-09-29T20:49:03Z","2026_04_DEN_SF","00-0033881",2.67594508620207,2.8896111591707,3.58190662265584,3.79557269562447,4.48786815910961,4.70153423207824,5.39800146756588,5.61166754053451,60
"2026-09-29T20:49:03Z","2026_04_DEN_SF","00-0034348",4.70777939863848,6.11427791758723,6.07320300976085,7.77082536933042,7.43862662088322,9.43828692079995,7.44222877784974,9.44969727322722,60
"2026-09-29T20:49:03Z","2026_04_DEN_SF","00-0034854",1.07963431151257,1.50181254691677,1.27841556698888,1.70059380239307,1.47719682246519,1.89937505786938,1.47985764240936,1.90203587781355,60
"2026-09-29T20:49:03Z","2026_04_DEN_SF","00-0035406",1.34912260136411,1.47408168719674,1.80252796899554,1.92748705482818,2.25593333662697,2.38089242245961,2.26039392219128,2.38535300802392,58
"2026-09-29T20:49:03Z","2026_04_DEN_SF","00-0035719",6.56624275605191,9.10201297198431,7.88354458271999,10.4193147986524,9.20084640938807,11.7366166253205,9.20349445819349,11.7392646741259,60
"2026-09-29T20:49:03Z","2026_04_DEN_SF","00-0036158",7.92163337193611,10.620878432904,8.28252207976188,11.0597342232751,8.64341078758765,11.4985900136463,8.6497543162114,11.5340892347713,60
"2026-09-29T20:49:03Z","2026_04_DEN_SF","00-0036422",1.06899471470712,1.1305064916374,1.42862475894275,1.49013653587303,1.78825480317838,1.84976658010866,2.15074086845324,2.21225264538352,60
"2026-09-29T20:49:03Z","2026_04_DEN_SF","00-0036613",6.24603116293492,8.42630468832711,7.6697065937922,10.615952712504,9.09338202464948,12.788719219771,9.09724301244771,12.8004478138256,60
"2026-09-29T20:49:03Z","2026_04_DEN_SF","00-0036727",0.645988666553212,0.665048023674282,0.81586810053214,0.83492745765321,0.985747534511067,1.00480689163214,0.991940585779188,1.01099994290026,42
"2026-09-29T20:49:03Z","2026_04_DEN_SF","00-0036887",0.774571033585418,0.831486784572735,1.04278844765045,1.09970419863777,1.31100586171548,1.3679216127028,1.58709062957472,1.64400638056204,60
"2026-09-29T20:49:03Z","2026_04_DEN_SF","00-0037085",1.57778759910216,1.74175089267791,2.05830319969295,2.22226649326871,2.53881880028375,2.70278209385951,2.54713590777098,2.71109920134674,60
"2026-09-29T20:49:03Z","2026_04_DEN_SF","00-0037834",16.2495549079824,17.2816776317925,16.2511269873202,17.2816776317925,16.252699066658,17.2816776317925,19.5853800827041,20.1325991320972,60
"2026-09-29T20:49:03Z","2026_04_DEN_SF","00-0038643",0.328424188339717,0.387544610751562,0.418044879389819,0.477165301801664,0.507665570439921,0.566785992851766,0.600471398330389,0.659591820742234,60
"2026-09-29T20:49:03Z","2026_04_DEN_SF","00-0038783",1.14539733278127,1.26866912592531,1.56911047944482,1.69238227258886,1.99282362610836,2.1160954192524,2.41946575103444,2.54273754417849,60
"2026-09-29T20:49:03Z","2026_04_DEN_SF","00-0038976",2.64379227319069,2.77119080397817,3.62929159086812,3.7566901216556,4.61479090854554,4.74218943933302,4.61757562945654,4.74497416024402,60
"2026-09-29T20:49:03Z","2026_04_DEN_SF","00-0039365",0.796388371074885,1.08243122957773,0.94661905486874,1.23266191337159,1.09684973866259,1.38289259716544,1.09953328206623,1.38557614056908,60
"2026-09-29T20:49:03Z","2026_04_DEN_SF","00-0039732",13.2165369320924,16.3751330631332,13.2171782416133,16.3772853218967,13.2178195511343,16.3794375806603,15.9380541609187,19.753204761292,60
"2026-09-29T20:49:03Z","2026_04_DEN_SF","00-0039868",2.57052878123737,2.86851858858519,3.3799751206047,3.67796492795253,4.18942145997204,4.48741126731986,4.1989232385825,4.49691304593032,60
"2026-09-29T20:49:03Z","2026_04_DEN_SF","00-0040134",3.48279266461678,3.93977213171512,4.37909158086885,5.11694225562908,5.27539049712092,6.32092396118111,5.2780472438404,6.33157666269133,60
"2026-09-29T20:49:03Z","2026_04_DEN_SF","00-0040172",2.15155846214071,3.3588606703143,2.57429942310091,3.7816016312745,2.99704038406111,4.2043425922347,3.00047115490605,4.20777336307964,60
"2026-09-29T20:49:03Z","2026_04_DEN_SF","00-0040730",5.8766479712745,6.55217161076245,7.31583291927255,8.25214254474296,8.75501786727061,9.96468371692651,8.77818560775815,10.0174232827107,60
"2026-09-29T20:49:03Z","2026_04_DEN_SF","00-0041052",3.72192777004695,4.45342167885856,3.9058830154694,4.76113486852309,4.08983826089186,5.06884805818763,4.09777865574372,5.11323355459881,60
"2026-09-29T20:49:03Z","2026_04_DEN_SF","00-0041133",0.667717812424217,0.840370781211025,0.942558124702428,1.11521109348924,1.21739843698064,1.39005140576745,1.49729197849945,1.66994494728626,58
"2026-09-29T20:49:03Z","2026_04_DET_CAR","00-0031610",4.03060665390476,4.24841406885342,5.2481947624121,5.46600217736076,6.46578287091944,6.6835902858681,7.68636724647543,7.9041746614241,60
"2026-09-29T20:49:03Z","2026_04_DET_CAR","00-0033106",16.9555504464039,18.7327503617161,16.9574882888327,18.7346882041449,16.9594261312616,18.7366260465737,20.2383952579005,22.3824956558857,60
"2026-09-29T20:49:03Z","2026_04_DET_CAR","00-0033589",1.10062917544647,1.12873728582173,1.45935163986115,1.48745975023642,1.81807410427583,1.8461822146511,1.82113918046232,1.84924729083759,36
"2026-09-29T20:49:03Z","2026_04_DET_CAR","00-0034270",0.903760420535939,0.991892384744928,1.25189291578878,1.34002487999777,1.60002541104162,1.68815737525061,1.95120635761397,2.03933832182296,60
"2026-09-29T20:49:03Z","2026_04_DET_CAR","00-0035544",0.613702914552131,0.663888468315186,0.780921311162097,0.831106864925153,0.948139707772064,0.998325261535119,0.951741138712864,1.00192669247592,60
"2026-09-29T20:49:03Z","2026_04_DET_CAR","00-0036265",2.05405766352492,2.13858767337578,2.32589176184199,2.41042177169285,2.59772586015906,2.68225587000992,2.62716670476464,2.7116967146155,60
"2026-09-29T20:49:03Z","2026_04_DET_CAR","00-0036555",13.4596105205613,13.9637459590003,14.8828381757633,15.3840116175579,16.3065821167843,16.8272350770088,16.3648380028207,16.8854909630452,60
"2026-09-29T20:49:03Z","2026_04_DET_CAR","00-0036754",1.11222687471367,1.32366500827465,1.60475747289347,1.81619560645445,2.09728807107327,2.30872620463425,2.59274546194674,2.80418359550772,60
"2026-09-29T20:49:03Z","2026_04_DET_CAR","00-0036825",0.253584169467333,0.307940392688417,0.333202164292457,0.387558387513541,0.412820159117582,0.467176382338666,0.495472988553196,0.54982921177428,60
"2026-09-29T20:49:03Z","2026_04_DET_CAR","00-0036963",11.5952031256978,12.2985535651989,14.9843643480277,15.7315862230845,18.3735255703577,19.1160268643126,18.3853944089432,19.1278957028982,60
"2026-09-29T20:49:03Z","2026_04_DET_CAR","00-0037005",2.398249385415,2.68991277883901,3.18858246365404,3.48024585707804,3.97891554189307,4.27057893531708,4.77290278068973,5.06456617411373,60
"2026-09-29T20:49:03Z","2026_04_DET_CAR","00-0037240",7.00504420148612,7.40809179334622,8.7296412749133,9.13941939920631,10.4559076099733,10.8707202890984,10.4700490940667,10.8848617731918,60
"2026-09-29T20:49:03Z","2026_04_DET_CAR","00-0037524",0.608543603511078,0.650754938688865,0.778598388308439,0.820809723486226,0.948653173105801,0.990864508283587,0.951695756909628,0.993907092087414,60
"2026-09-29T20:49:03Z","2026_04_DET_CAR","00-0037614",2.1933687607674,2.47722779127197,2.99222365848195,3.27608268898652,3.7910785561965,4.07493758670107,3.79611836306818,4.07997739357275,60
"2026-09-29T20:49:03Z","2026_04_DET_CAR","00-0038840",1.97503737037121,2.19295018289014,2.42987585990098,2.64778867241991,2.88471434943075,3.10262716194968,2.88736039803101,3.10527321054994,60
"2026-09-29T20:49:03Z","2026_04_DET_CAR","00-0038896",0.593468918002133,0.635286076848481,0.661043557494321,0.702860716340669,0.728618196986509,0.770435355832858,0.735140636625587,0.776957795471936,60
"2026-09-29T20:49:03Z","2026_04_DET_CAR","00-0039065",7.18761895943307,7.48368008641283,9.40959945519753,9.73936438227122,11.6087447918488,11.9741012453114,13.8192082455649,14.2364208315235,60
"2026-09-29T20:49:03Z","2026_04_DET_CAR","00-0039139",21.3288392779477,22.5507805596202,23.668801640552,24.8751750756837,26.0092186402402,27.2013232842793,26.121356618793,27.3134612628321,60
"2026-09-29T20:49:03Z","2026_04_DET_CAR","00-0039150",16.4696569819878,17.7452470102856,16.4711735374826,17.7467635657803,16.4726900929773,17.748280121275,19.8124079780851,21.449325680169,60
"2026-09-29T20:49:03Z","2026_04_DET_CAR","00-0039342",2.736412806772,3.05737339946789,3.44736493256107,3.76832552525696,4.15831705835014,4.47927765104603,4.16101959023527,4.48198018293116,60
"2026-09-29T20:49:03Z","2026_04_DET_CAR","00-0039356",1.15354682911927,1.17353300280845,1.8767415406099,1.89672771429908,2.59993625210052,2.61992242578971,3.32640386802513,3.34639004171432,37
"2026-09-29T20:49:03Z","2026_04_DET_CAR","00-0039364",1.84076780682653,2.16609804493735,2.09721498012243,2.42254521823325,2.35366215341833,2.67899239152914,2.36012115823949,2.68545139635031,60
"2026-09-29T20:49:03Z","2026_04_DET_CAR","00-0039491",6.33208773845364,6.70085150510884,8.15937690300417,8.52814066965937,9.9866660675547,10.3554298342099,10.0069898198101,10.3757535864653,60
"2026-09-29T20:49:03Z","2026_04_DET_CAR","00-0040124",9.91559170255691,10.4332879214589,12.2544570969912,12.8451873239589,14.639741353113,15.2582137738664,14.7054627425161,15.3239351632695,60
"2026-09-29T20:49:03Z","2026_04_DET_CAR","00-0040187",1.58268432586065,1.75959777121539,2.15325189394415,2.33016533929889,2.72381946202765,2.90073290738239,3.29729894960905,3.4742123949638,60
"2026-09-29T20:49:03Z","2026_04_DET_CAR","00-0040390",0.556915982161349,0.661867583365007,0.783984527562633,0.888936128766291,1.01105307296392,1.11600467416758,1.24186926157951,1.34682086278317,60
"2026-09-29T20:49:03Z","2026_04_DET_CAR","00-0040394",0.879068123338643,0.904570492707096,1.03495685934908,1.06045922871754,1.19084559535952,1.21634796472798,1.20018027235151,1.22568264171997,36
"2026-09-29T20:49:03Z","2026_04_DET_CAR","00-0040669",2.84079240304811,3.11814695222479,3.67278733762995,3.94554361195275,4.51699486184558,4.78749199324002,4.5276475633558,4.79814469475024,60
"2026-09-29T20:49:03Z","2026_04_GB_TB","00-0033858",2.02107292655717,2.06454891600961,2.76158026877424,2.80505625822668,3.50208761099131,3.54556360044375,4.24733022366528,4.29080621311772,60
"2026-09-29T20:49:03Z","2026_04_GB_TB","00-0033921",4.42181873944889,4.48496365645527,5.86063455095203,5.92377946795841,7.29945036245518,7.36259527946156,7.3023032717827,7.36544818878908,60
"2026-09-29T20:49:03Z","2026_04_GB_TB","00-0036264",14.1057870534236,14.2543344332015,14.1057870534236,14.2543344332015,14.1057870534236,14.2543344332015,16.8292073672053,16.9777547469833,60
"2026-09-29T20:49:03Z","2026_04_GB_TB","00-0036919",4.21407004109016,4.47957031465634,5.50018106629244,5.76568133985862,6.78629209149472,7.0517923650609,6.80014921473428,7.06564948830046,60
"2026-09-29T20:49:03Z","2026_04_GB_TB","00-0037091",1.04737288089313,1.10254145574181,1.24432953890489,1.29949811375357,1.44128619691665,1.49645477176533,1.44390036378212,1.4990689386308,60
"2026-09-29T20:49:03Z","2026_04_GB_TB","00-0037311",0.291717841941791,0.328595839084623,0.385334071715578,0.42221206885841,0.478950301489366,0.515828298632197,0.575811843472955,0.612689840615786,60
"2026-09-29T20:49:03Z","2026_04_GB_TB","00-0038090",1.53392564722135,1.88213336315026,1.95139206248468,2.29959977841359,2.36885847774801,2.71706619367692,2.37146276965095,2.71967048557985,60
"2026-09-29T20:49:03Z","2026_04_GB_TB","00-0038124",7.86315712896357,8.08497853887343,9.53171937388689,9.75354078379675,11.2002816188102,11.4221030287201,11.2058000961959,11.4276215061058,60
"2026-09-29T20:49:03Z","2026_04_GB_TB","00-0038129",4.03302119911514,4.3995843548829,5.50263154446485,5.86919470023262,6.97224188981457,7.33880504558233,8.44537083361771,8.81193398938547,60
"2026-09-29T20:49:03Z","2026_04_GB_TB","00-0038589",0.577501240506311,0.591076254011322,0.865429830414947,0.879004843919957,1.15335842032358,1.16693343382859,1.44435656840191,1.45793158190692,42
"2026-09-29T20:49:03Z","2026_04_GB_TB","00-0038685",2.44500647279707,2.50202057950127,2.77098115004327,2.82799525674748,3.09695582728948,3.15396993399369,3.10311783075685,3.16013193746106,42
"2026-09-29T20:49:03Z","2026_04_GB_TB","00-0038951",1.87638978937103,1.95963425354823,2.05137139161989,2.13461585579709,2.22635299386876,2.30959745804596,2.23294035851366,2.31618482269086,60
"2026-09-29T20:49:03Z","2026_04_GB_TB","00-0038996",4.85079469923798,5.07474973318736,6.15207043910191,6.37602547305129,7.45334617896583,7.67730121291522,8.75884461568156,8.98279964963095,60
"2026-09-29T20:49:03Z","2026_04_GB_TB","00-0039050",0.472575725667841,0.504177902150902,0.574517218958133,0.606119395441195,0.676458712248426,0.708060888731487,0.7812692000886,0.812871376571662,60
"2026-09-29T20:49:03Z","2026_04_GB_TB","00-0039361",9.08388055904876,9.29202651668326,10.3667031499552,10.5748491075897,11.6495257408616,11.8576716984961,11.7261337900878,11.9342797477223,60
"2026-09-29T20:49:03Z","2026_04_GB_TB","00-0039589",0.586306317653604,0.630359885853535,0.697637269489175,0.741690837689106,0.808968221324746,0.853021789524677,0.811605668578482,0.855659236778414,60
"2026-09-29T20:49:03Z","2026_04_GB_TB","00-0039811",3.67554093632599,3.82208944645208,4.16349519198311,4.3100437021092,4.65144944764023,4.79799795776632,4.73437516025079,4.88092367037688,60
"2026-09-29T20:49:03Z","2026_04_GB_TB","00-0040129",4.96563294918616,5.04599882699808,6.3994505301186,6.47981640793052,7.83326811105104,7.91363398886295,7.83592485777052,7.91629073558243,60
"2026-09-29T20:49:03Z","2026_04_GB_TB","00-0040142",3.34629593729504,3.60695124031194,3.49820957020346,3.75886487322036,3.65012320311188,3.91077850612878,3.6567052952575,3.9173605982744,60
"2026-09-29T20:49:03Z","2026_04_GB_TB","00-0040237",2.00272280982306,2.06697734348283,2.50815472756293,2.5724092612227,3.0135866453028,3.07784117896257,3.0162560168523,3.08051055051207,60
"2026-09-29T20:49:03Z","2026_04_GB_TB","00-0040598",0.371325033413041,0.429021845795969,0.495154865482521,0.552851677865449,0.618984697552001,0.676681509934929,0.74654814370523,0.804244956088158,60
"2026-09-29T20:49:03Z","2026_04_GB_TB","00-0040667",6.08774660528802,6.90263047992171,7.41068821444515,8.22557208907884,8.73362982360229,9.54851369823597,8.73631336700592,9.55119724163961,60
"2026-09-29T20:49:03Z","2026_04_GB_TB","00-0040948",1.2790027465624,1.3111120471801,1.80544284993306,1.83755215055076,2.33188295330372,2.36399225392142,2.33553239181913,2.36764169243684,42
"2026-09-29T20:49:03Z","2026_04_GB_TB","00-0041048",3.10859389952463,3.22904879528425,3.77464318618946,3.89509808194907,4.44069247285428,4.5611473686139,4.44407270642664,4.56452760218626,60
"2026-09-29T20:49:03Z","2026_04_GB_TB","00-0041094",0.364966219867015,0.430619288382727,0.488796051936495,0.554449120452207,0.612625884005975,0.678278952521687,0.740189330159204,0.805842398674916,60
"2026-09-29T20:49:03Z","2026_04_GB_TB","00-0041251",3.99780869822596,4.15462376505145,3.99780869822596,4.15462376505145,3.99780869822596,4.15462376505145,5.30308709009413,5.45990215691962,60
"2026-09-29T20:49:03Z","2026_04_IND_WAS","00-0030279",4.88834187706737,5.47541528656221,6.66532716846986,7.25935536097037,8.46822329920122,9.04329543537853,8.48218312875322,9.05725526493053,60
"2026-09-29T20:49:03Z","2026_04_IND_WAS","00-0031588",5.89404479758984,6.36037723911061,7.96696234402452,8.43164998141564,10.0692430754735,10.5256144472697,10.0798801846185,10.5362515564147,60
"2026-09-29T20:49:03Z","2026_04_IND_WAS","00-0032268",15.6279644313913,16.5305277454903,15.6296742984369,16.5322376125359,15.6313841654825,16.5339474795815,18.7142483262224,19.6668863713849,60
"2026-09-29T20:49:03Z","2026_04_IND_WAS","00-0032951",2.03969288175535,2.16662227249485,2.38879852856238,2.51572791930188,2.73790417536941,2.86483356610891,2.74066739666728,2.86759678740678,60
"2026-09-29T20:49:03Z","2026_04_IND_WAS","00-0033217",0.964240211831346,1.0347573066824,1.30670980787891,1.37722690272997,1.64917940392648,1.71969649877753,1.99452676085308,2.06504385570413,60
"2026-09-29T20:49:03Z","2026_04_IND_WAS","00-0035021",1.25191440958036,1.33859137573509,1.44265455714553,1.52933152330025,1.63339470471069,1.72007167086542,1.63624279206528,1.72291975822,53
"2026-09-29T20:49:03Z","2026_04_IND_WAS","00-0035535",3.53562537496839,3.59421888920419,4.50610662493879,4.56470013917459,5.47658787490919,5.53518138914498,5.4941639719935,5.55275748622929,60
"2026-09-29T20:49:03Z","2026_04_IND_WAS","00-0035659",7.19725875092561,7.7284754494891,9.49080566079171,10.0054330852162,11.7751461336768,12.2756909160707,11.7867496629707,12.2872944453646,60
"2026-09-29T20:49:03Z","2026_04_IND_WAS","00-0035710",15.2095119674777,16.1262258136782,15.2110771951348,16.1277910413353,15.2126424227918,16.1293562689923,18.3773313164405,19.3641338206236,60
"2026-09-29T20:49:03Z","2026_04_IND_WAS","00-0036223",18.2518125745632,19.3022619002676,19.629702565713,20.7053810508626,21.0155215506207,22.1085002014577,21.1220492880945,22.2150279389315,60
"2026-09-29T20:49:03Z","2026_04_IND_WAS","00-0036626",1.32960786347027,1.50106039886641,1.87035275432182,2.04180528971796,2.41109764517338,2.58255018056951,2.49918615085349,2.67063868624963,60
"2026-09-29T20:49:03Z","2026_04_IND_WAS","00-0036628",1.15526548093476,1.28058447270064,1.54468171156372,1.6700007033296,1.93409794219267,2.05941693395855,2.32748446728253,2.45280345904841,60
"2026-09-29T20:49:03Z","2026_04_IND_WAS","00-0037256",5.25822804231937,5.51196572220817,6.2565126016569,6.5102502815457,7.25479716099444,7.50853484088323,7.26466442633954,7.51840210622833,60
"2026-09-29T20:49:03Z","2026_04_IND_WAS","00-0037292",0.442533943452453,0.615918754810204,0.595304161231475,0.768688972589226,0.748074379010496,0.921459190368247,0.903729764126725,1.07711457548448,60
"2026-09-29T20:49:03Z","2026_04_IND_WAS","00-0037742",1.40829330878092,1.50877617882897,1.89996772763939,2.00045059768744,2.39164214649786,2.49212501654591,2.39449476697006,2.49497763701811,60
"2026-09-29T20:49:03Z","2026_04_IND_WAS","00-0037809",3.1370683104089,3.23134724337564,4.2802930323753,4.37457196534203,5.42351775434169,5.51779668730842,6.57074547697443,6.66502440994116,60
"2026-09-29T20:49:03Z","2026_04_IND_WAS","00-0038997",8.4903545605741,9.07221731332534,11.0722461606017,11.6221622110351,13.5754419649192,14.1561247290317,13.5859286032851,14.1666113673977,60
"2026-09-29T20:49:03Z","2026_04_IND_WAS","00-0039355",1.34846162221608,1.56823276982615,1.72544887130787,1.94522001891794,2.10243612039966,2.32220726800973,2.10534259497793,2.325113742588,59
"2026-09-29T20:49:03Z","2026_04_IND_WAS","00-0039686",0.522201283319056,0.660580984042864,0.74812050184772,0.886500202571529,0.974039720376385,1.11241942110019,1.2028948464447,1.34127454716851,59
"2026-09-29T20:49:03Z","2026_04_IND_WAS","00-0039816",0.496239623747785,0.535081512704995,0.637861074454775,0.676702963411985,0.779482525161765,0.818324414118975,0.782277605802288,0.821119494759498,60
"2026-09-29T20:49:03Z","2026_04_IND_WAS","00-0039912",1.15247161020462,1.21499543094645,1.46743448409306,1.52995830483489,1.78239735798151,1.84492117872334,2.10023805722905,2.16276187797089,60
"2026-09-29T20:49:03Z","2026_04_IND_WAS","00-0040128",7.28077567963413,7.70304853951106,9.95649205835376,10.3843987443349,12.5808860205457,13.0657489491588,15.2163038170558,15.7703362350471,60
"2026-09-29T20:49:03Z","2026_04_IND_WAS","00-0040164",1.23609556339787,1.29734928568792,1.59427956314554,1.65553328543559,1.95246356289321,2.01371728518326,1.95514710629684,2.0164008285869,60
"2026-09-29T20:49:03Z","2026_04_IND_WAS","00-0040179",1.31439001145772,1.40132517244432,1.40943197276422,1.49636713375082,1.50447393407072,1.59140909505732,1.51217766585477,1.59911282684137,53
"2026-09-29T20:49:03Z","2026_04_IND_WAS","00-0040242",8.99179376882899,9.53339122914491,9.36836775810155,9.90996521841746,9.7449417473741,10.28653920769,9.79494897453113,10.336546434847,60
"2026-09-29T20:49:03Z","2026_04_IND_WAS","00-0041040",2.81664545429336,2.90544392474059,3.75741877790345,3.84621724835067,4.69819210151353,4.78699057196076,4.70157233508589,4.79037080553312,60
"2026-09-29T20:49:03Z","2026_04_IND_WAS","00-0041096",1.80297958408476,1.88470840697557,1.92483331304171,2.00656213593252,2.04668704199865,2.12841586488946,2.05523078082491,2.13695960371573,60
"2026-09-29T20:49:03Z","2026_04_IND_WAS","00-0041125",1.20064613268433,1.28757170844925,1.38460137810678,1.4715269538717,1.56855662352924,1.65548219929415,1.5764970183811,1.66342259414601,60
"2026-09-29T20:49:03Z","2026_04_IND_WAS","00-0041132",0.98135209865999,1.06527724955232,1.1439108004134,1.22783595130573,1.30646950216681,1.39039465305914,1.31011894068222,1.39404409157456,60
"2026-09-29T20:49:03Z","2026_04_JAX_CIN","00-0032104",1.85609208521937,1.90522359588945,2.33789976736775,2.38703127803783,2.81970744951612,2.8688389601862,2.82704423725741,2.87617574792749,60
"2026-09-29T20:49:03Z","2026_04_JAX_CIN","00-0033526",3.36562480306884,3.47095949043116,3.954852809386,4.06018749674832,4.54408081570315,4.64941550306548,4.57180161615794,4.67713630352026,60
"2026-09-29T20:49:03Z","2026_04_JAX_CIN","00-0034613",1.38126112204559,1.41594285861022,1.993111068075,2.02779280463963,2.60496101410441,2.63964275066904,3.22108339150485,3.25576512806948,39
"2026-09-29T20:49:03Z","2026_04_JAX_CIN","00-0034829",3.74318054429677,3.95057359518225,4.74835105228907,4.95574410317455,5.75352156028136,5.96091461116685,6.76281319077042,6.97020624165591,60
"2026-09-29T20:49:03Z","2026_04_JAX_CIN","00-0034960",5.94072268153808,6.15889777327525,7.85786168716745,8.09308651525793,9.76996492848841,10.0167150289133,9.80027260383475,10.0470227042596,60
"2026-09-29T20:49:03Z","2026_04_JAX_CIN","00-0035631",1.15562805792242,1.2598900984663,1.668932346669,1.77319438721288,2.18223663541559,2.28649867595946,2.69840966749205,2.80267170803593,60
"2026-09-29T20:49:03Z","2026_04_JAX_CIN","00-0036410",8.91432661658841,9.27817090091313,11.0422193680133,11.4328403321743,13.1528976007645,13.6142756623588,13.1657046315413,13.6270826931355,60
"2026-09-29T20:49:03Z","2026_04_JAX_CIN","00-0036442",15.0904593793643,18.7191571247329,15.0920775688295,18.7207753141981,15.0936957582947,18.7223935036633,17.8693420135534,22.3121153514754,60
"2026-09-29T20:49:03Z","2026_04_JAX_CIN","00-0036590",0.632558089053665,0.662488455482964,0.858469949794944,0.888400316224243,1.08438181053622,1.11431217696552,1.31318987614415,1.34312024257345,60
"2026-09-29T20:49:03Z","2026_04_JAX_CIN","00-0036900",11.7346027765079,12.2434574830822,15.0034305904403,15.5610387303839,18.2655632167392,18.9121422632852,18.2822695084407,18.9288485549867,60
"2026-09-29T20:49:03Z","2026_04_JAX_CIN","00-0036971",17.8135593223145,18.7016786574155,17.8150723588839,18.7031916939848,17.8165853954532,18.7047047305542,21.3127489164741,22.3786044142249,60
"2026-09-29T20:49:03Z","2026_04_JAX_CIN","00-0038597",13.357516829713,13.8255539100725,14.8660484204643,15.3340855008238,16.3745800112156,16.842617091575,16.4101893900178,16.8782264703773,60
"2026-09-29T20:49:03Z","2026_04_JAX_CIN","00-0038606",9.86471909718686,10.3318012150577,12.5045650468883,12.9601208442361,15.1231394314442,15.6201161613624,15.1337060219392,15.6306827518574,60
"2026-09-29T20:49:03Z","2026_04_JAX_CIN","00-0038611",4.25639508933839,4.43982138598329,4.38166186090588,4.56508815755078,4.50692863247338,4.69035492911828,4.5137080839796,4.6971343806245,60
"2026-09-29T20:49:03Z","2026_04_JAX_CIN","00-0038935",3.97260716810024,4.06792674835677,5.11449022942039,5.20980980967691,6.25637329074053,6.35169287099705,7.4037077173002,7.49902729755673,60
"2026-09-29T20:49:03Z","2026_04_JAX_CIN","00-0039814",1.19435252288102,1.28074583791138,1.73513424358395,1.82152755861432,2.27591596428688,2.36230927931725,2.81979880519939,2.90619212022975,60
"2026-09-29T20:49:03Z","2026_04_JAX_CIN","00-0039893",4.28928941486023,4.48609238936436,5.43123558823148,5.62803856273561,6.57318176160273,6.76998473610687,6.57580725222133,6.77261022672546,60
"2026-09-29T20:49:03Z","2026_04_JAX_CIN","00-0040208",0.660137437489574,0.688532535995868,0.75083422093757,0.779229319443864,0.841531004385566,0.86992610289186,0.848000678061397,0.876395776567691,60
"2026-09-29T20:49:03Z","2026_04_JAX_CIN","00-0040238",1.10077842737751,1.16594023347597,1.39614056403996,1.46130237013842,1.69150270070241,1.75666450680087,1.69775897841913,1.7629207845176,60
"2026-09-29T20:49:03Z","2026_04_JAX_CIN","00-0040534",0.608010776415605,0.678557327065517,0.746298064034363,0.816844614684275,0.88458535165312,0.955131902303032,0.887592424316155,0.958138974966067,60
"2026-09-29T20:49:03Z","2026_04_JAX_CIN","00-0040718",1.03815441427979,1.07936603299997,1.33970080603237,1.38091242475255,1.64124719778494,1.68245881650512,1.6457741838371,1.68698580255728,60
"2026-09-29T20:49:03Z","2026_04_JAX_CIN","00-0040719",9.30631440683045,10.4143399473108,9.83400109837549,10.9420266388559,10.3616877899205,11.4697133304009,10.415248720897,11.5232742613774,60
"2026-09-29T20:49:03Z","2026_04_JAX_CIN","00-0040785",2.24356146064422,2.31654463189927,2.76565940691706,2.83864257817211,3.28775735318991,3.36074052444496,3.29113758676227,3.36412075801732,60
"2026-09-29T20:49:03Z","2026_04_JAX_CIN","00-0041069",0.819057325143922,0.880410413710048,1.14753058117122,1.20888366973734,1.47600383719851,1.53735692576463,1.47938407077087,1.540737159337,60
"2026-09-29T20:49:03Z","2026_04_JAX_CIN","00-0041084",0.482905267306169,0.504270619347978,0.67245031025666,0.693815662298469,0.86199535320715,0.88336070524896,1.05599056140683,1.07735591344864,60
"2026-09-29T20:49:03Z","2026_04_JAX_CIN","00-0041100",1.43953354410225,1.54805165417979,1.84099621215928,1.94951432223682,2.24245888021631,2.35097699029385,2.24583911378867,2.35435722386622,60
"2026-09-29T20:49:03Z","2026_04_JAX_CIN","00-0041106",0.679871433159623,0.882197720716687,0.887834461954504,1.09016074951157,1.09579749074938,1.29812377830645,1.09980769359149,1.30213398114856,54
"2026-09-29T20:49:03Z","2026_04_JAX_CIN","00-0041116",0.684546160535266,0.742651191638242,0.874091203485757,0.932196234588733,1.06363624643625,1.12174127753922,1.25763145463593,1.31573648573891,60
"2026-09-29T20:49:03Z","2026_04_JAX_CIN","00-0041503",0.717205442774266,0.781804819768457,0.923148363377199,0.987747740371391,1.12909128398013,1.19369066097432,1.33876781866682,1.40336719566101,60
"2026-09-29T20:49:03Z","2026_04_KC_LV","00-0029604",11.7864275221014,13.0549812388004,11.7881170821659,13.0566707988649,11.7898066422304,13.0583603589294,14.837582084007,16.4102661843525,60
"2026-09-29T20:49:03Z","2026_04_KC_LV","00-0030506",6.83026460642771,6.99747567540708,8.55043383549671,8.71764490447608,10.2706030645657,10.4378141335451,11.9943311438565,12.1615422128359,60
"2026-09-29T20:49:03Z","2026_04_KC_LV","00-0033873",15.1078530907274,17.1368001273632,15.1299548934517,17.1589019300875,15.1520566961761,17.1810037328119,18.2151886869536,20.6225070092057,60
"2026-09-29T20:49:03Z","2026_04_KC_LV","00-0034365",0.786710738979837,0.859817011048272,1.09562312059938,1.16872939266782,1.40453550221892,1.47764177428736,1.71635081090687,1.7894570829753,54
"2026-09-29T20:49:03Z","2026_04_KC_LV","00-0035891",1.48512432582824,1.6347287097698,1.84275809085597,1.99236247479754,2.20039185588371,2.34999623982527,2.2031884252744,2.35279280921597,60
"2026-09-29T20:49:03Z","2026_04_KC_LV","00-0036637",1.70922632255215,1.83599486171287,2.29229837601108,2.41906691517181,2.87537042947001,3.00213896863074,3.46131644581051,3.58808498497124,60
"2026-09-29T20:49:03Z","2026_04_KC_LV","00-0037093",0.830643266797474,0.961735009825279,0.989507690077037,1.12059943310484,1.1483721133566,1.27946385638441,1.15102995835274,1.28212170138055,60
"2026-09-29T20:49:03Z","2026_04_KC_LV","00-0037291",2.68656695594132,2.79176392696823,3.35721050158026,3.46240747260718,4.0278540472192,4.13305101824612,4.03046103114863,4.13565800217555,60
"2026-09-29T20:49:03Z","2026_04_KC_LV","00-0037304",0.671751369663547,0.81418810398316,0.769450642609988,0.911887376929601,0.867149915556429,1.00958664987604,0.873314175251847,1.01575090957146,60
"2026-09-29T20:49:03Z","2026_04_KC_LV","00-0038104",3.28958142727139,3.41431554766209,3.94507814595301,4.06981226634371,4.60057486463463,4.72530898502533,4.60322174323706,4.72795586362776,60
"2026-09-29T20:49:03Z","2026_04_KC_LV","00-0038134",16.1475869829413,17.0695477680469,17.3693679219288,18.2913287070344,18.5911488609163,19.5131096460219,18.6254910689469,19.5474518540525,60
"2026-09-29T20:49:03Z","2026_04_KC_LV","00-0038489",0.435070609568169,0.512558300495309,0.534687713867504,0.612175404794645,0.634304818166839,0.71179250909398,0.641193003651382,0.718680694578523,54
"2026-09-29T20:49:03Z","2026_04_KC_LV","00-0038519",0.418501308386301,0.50337592510754,0.512723482382786,0.597598099104025,0.606945656379271,0.691820273100511,0.609600269529951,0.69447488625119,60
"2026-09-29T20:49:03Z","2026_04_KC_LV","00-0038563",5.15963523803365,5.3339485677759,6.47458810679379,6.64890143653603,7.78954097555392,7.96385430529617,7.79214774857211,7.96646107831436,60
"2026-09-29T20:49:03Z","2026_04_KC_LV","00-0039066",3.12094268725569,3.33692915988399,4.39098722718513,4.60697369981343,5.66103176711457,5.87701823974287,6.93398934958229,7.14997582221059,60
"2026-09-29T20:49:03Z","2026_04_KC_LV","00-0039067",7.26280556995595,7.63344521522721,9.26676281049861,9.63740245576987,11.2707200510413,11.6413596963125,11.2743349936909,11.6449746389621,60
"2026-09-29T20:49:03Z","2026_04_KC_LV","00-0039338",6.89930840909678,7.07620314842455,9.17274695504765,9.34964169437542,11.4461855009985,11.6230802403263,13.7227688050689,13.8996635443967,60
"2026-09-29T20:49:03Z","2026_04_KC_LV","00-0039407",0.593941152299608,0.683847767265161,0.672950223480168,0.762856838445721,0.751959294660727,0.84186590962628,0.75939528774298,0.849301902708533,60
"2026-09-29T20:49:03Z","2026_04_KC_LV","00-0039824",0.457965355381553,0.558054571523626,0.633357398905897,0.733446615047971,0.808749442430241,0.908838658572315,0.987922232736429,1.0880114488785,54
"2026-09-29T20:49:03Z","2026_04_KC_LV","00-0039894",4.24030484906671,4.32163127877514,5.45081981080949,5.53214624051792,6.66133477255227,6.7426612022607,6.66396568630121,6.74529211600964,60
"2026-09-29T20:49:03Z","2026_04_KC_LV","00-0040078",1.60011602985992,1.88642445449222,2.06755769183318,2.35386611646548,2.53499935380644,2.82130777843874,2.54149243398903,2.82780085862133,60
"2026-09-29T20:49:03Z","2026_04_KC_LV","00-0040081",0.589732990700889,0.654854433050934,0.795675911303823,0.860797353653868,1.00161883190676,1.0667402742568,1.21129536659344,1.27641680894348,54
"2026-09-29T20:49:03Z","2026_04_KC_LV","00-0040122",12.2709780400261,13.3802952669197,13.7611562434443,14.870473470338,15.2513344468626,16.3606516737562,15.2928230575233,16.402140284417,60
"2026-09-29T20:49:03Z","2026_04_KC_LV","00-0040646",0.886046128006512,1.01017497715588,1.24230361246908,1.36643246161844,1.59856109693164,1.722689946081,1.6014477509344,1.72557660008377,60
"2026-09-29T20:49:03Z","2026_04_KC_LV","00-0040729",1.94918608224167,1.99281880384435,2.57413296939682,2.6177656909995,3.19907985655197,3.24271257815464,3.20174922810147,3.24538194970414,39
"2026-09-29T20:49:03Z","2026_04_KC_LV","00-0040878",3.34275513545407,3.51859887059754,3.44459729234307,3.62044102748654,3.54643944923207,3.72228318437554,3.55437984408393,3.7302235792274,60
"2026-09-29T20:49:03Z","2026_04_KC_LV","00-0040890",0.483960983811044,0.746266226356584,0.619823291426533,0.882128533972072,0.755685599042022,1.01799084158756,0.759065832614383,1.02137107515992,54
"2026-09-29T20:49:03Z","2026_04_KC_LV","00-0040894",0.5777802652277,0.676392522269335,0.795755661376642,0.894367918418277,1.01373105752558,1.11234331456722,1.01711129109795,1.11572354813958,60
"2026-09-29T20:49:03Z","2026_04_KC_LV","00-0041013",3.55281074616352,3.6944438139258,4.00135261019377,4.14298567795605,4.44989447422402,4.5915275419863,4.45783486907588,4.59946793683816,60
"2026-09-29T20:49:03Z","2026_04_LAC_SEA","00-0033576",0.652557564636471,0.94231340170486,0.914939563996157,1.20469540106455,1.17732156335584,1.46707740042423,1.44259771212976,1.73235354919815,55
"2026-09-29T20:49:03Z","2026_04_LAC_SEA","00-0033908",4.05427144915807,4.33056318789176,5.29086333772623,5.56715507645993,6.5274552262944,6.80374696502809,6.55685482315003,6.83314656188372,55
"2026-09-29T20:49:03Z","2026_04_LAC_SEA","00-0034272",1.41299183667051,1.61840342911803,2.01429169766824,2.21970329011576,2.61559155866597,2.82100315111349,2.61862505228024,2.82403664472776,55
"2026-09-29T20:49:03Z","2026_04_LAC_SEA","00-0034869",12.1081930545934,12.3422474633619,12.1081930545934,12.3422474633619,12.1081930545934,12.3422474633619,14.7436980217229,14.9777524304914,55
"2026-09-29T20:49:03Z","2026_04_LAC_SEA","00-0035125",1.02751888955192,1.0550729281604,1.36716696460649,1.39472100321496,1.70681503966105,1.73436907826953,1.71377302387249,1.74132706248097,55
"2026-09-29T20:49:03Z","2026_04_LAC_SEA","00-0036355",11.9651783614227,12.3135551958858,11.9652509704743,12.3136278049374,11.9653235795259,12.313700413989,14.7313411154817,15.0797179499448,55
"2026-09-29T20:49:03Z","2026_04_LAC_SEA","00-0037545",3.58224108033299,3.65436927127826,4.43768956604063,4.50981775698591,5.29313805174828,5.36526624269356,5.3019146749613,5.37404286590658,55
"2026-09-29T20:49:03Z","2026_04_LAC_SEA","00-0038454",3.47982987611003,3.93217337313753,3.91660718136658,4.36895067839409,4.35338448662314,4.80572798365065,4.35969180392463,4.81203530095214,55
"2026-09-29T20:49:03Z","2026_04_LAC_SEA","00-0038488",0.918239171360998,1.07170417435403,1.13714521678881,1.29061021978185,1.35605126221663,1.50951626520966,1.36220290133335,1.51566790432638,55
"2026-09-29T20:49:03Z","2026_04_LAC_SEA","00-0038543",12.4338421456737,12.6732337514638,15.3239415021852,15.5633331079753,18.2140408586967,18.4534324644868,18.23703680492,18.4764284107102,60
"2026-09-29T20:49:03Z","2026_04_LAC_SEA","00-0038544",4.11031926756904,4.44071466736763,5.21119580267626,5.54159120247484,6.31207233778347,6.64246773758206,6.32326495485802,6.6536603546566,55
"2026-09-29T20:49:03Z","2026_04_LAC_SEA","00-0038573",0.575523442056401,0.675864982703686,0.723362670638502,0.823704211285787,0.871201899220603,0.971543439867888,0.873851686743415,0.9741932273907,55
"2026-09-29T20:49:03Z","2026_04_LAC_SEA","00-0038797",5.20273840634688,6.35503344728996,5.40421335998428,6.55650840092736,5.60568831362167,6.75798335456475,5.611841499262,6.76413654020507,55
"2026-09-29T20:49:03Z","2026_04_LAC_SEA","00-0039299",3.56891569277089,5.31304128183914,4.12681221507092,5.87093780413917,4.68470873737095,6.42883432643921,4.7009532720879,6.44507886115616,55
"2026-09-29T20:49:03Z","2026_04_LAC_SEA","00-0039391",3.08182938397522,3.25193832110141,3.42807465451148,3.59818359163767,3.77431992504775,3.94442886217394,3.78058271515234,3.95069165227853,55
"2026-09-29T20:49:03Z","2026_04_LAC_SEA","00-0039489",0.355710182632715,0.464123648202947,0.483757439619462,0.592170905189694,0.611804696606209,0.720218162176441,0.743642538253113,0.852056003823345,55
"2026-09-29T20:49:03Z","2026_04_LAC_SEA","00-0039793",3.87461835583134,4.37192293606223,4.969285312055,5.46658989228589,6.06395226827865,6.56125684850954,7.16147319067631,7.6587777709072,55
"2026-09-29T20:49:03Z","2026_04_LAC_SEA","00-0039915",5.53049486335914,5.9143131094761,7.00569989575744,7.3895181418744,8.48090492815573,8.86472317427269,8.48351540165805,8.86733364777501,55
"2026-09-29T20:49:03Z","2026_04_LAC_SEA","00-0040058",0.352704642533475,0.46853218381614,0.441203504448167,0.557031045730832,0.529702366362858,0.645529907645523,0.621365202867008,0.737192744149672,55
"2026-09-29T20:49:03Z","2026_04_LAC_SEA","00-0040189",3.08040328956888,3.32564724704467,3.91723872456255,4.16248268203835,4.75407415955623,4.99931811703202,5.60091439951621,5.846158356992,55
"2026-09-29T20:49:03Z","2026_04_LAC_SEA","00-0040331",0.506248465223868,0.526606848354729,0.695793508174359,0.71615189130522,0.885338551124849,0.90569693425571,1.07933375932453,1.09969214245539,47
"2026-09-29T20:49:03Z","2026_04_LAC_SEA","00-0040621",0.7121203953039,0.887413452491698,0.920083424098781,1.09537648128658,1.12804645289366,1.30333951008146,1.13205665573577,1.30734971292357,55
"2026-09-29T20:49:03Z","2026_04_LAC_SEA","00-0040648",2.31202754475279,2.47540448467028,2.95441303462101,3.11778997453849,3.59679852448922,3.7601754644067,3.59977739386446,3.76315433378194,55
"2026-09-29T20:49:03Z","2026_04_LAC_SEA","00-0040666",9.02452974785093,9.31699374878296,9.72348932058479,10.0159533215168,10.4224488933186,10.7149128942507,10.5514102445912,10.8438742455232,60
"2026-09-29T20:49:03Z","2026_04_LAC_SEA","00-0040727",3.63371862440329,4.02821243565724,4.67905899816786,5.07355280942182,5.72439937193244,6.11889318318639,5.72704485990493,6.12153867115888,55
"2026-09-29T20:49:03Z","2026_04_LAC_SEA","00-0040739",1.01228058716336,1.21482012191831,1.30531170835963,1.50785124311458,1.5983428295559,1.80088236431085,1.90644436823563,2.10898390299058,55
"2026-09-29T20:49:03Z","2026_04_LAC_SEA","00-0041512",4.92339640858508,6.54883016094998,5.3820756909528,7.0075094433177,5.84075497332051,7.46618872568541,6.01250416211815,7.63793791448305,55
"2026-09-29T20:49:03Z","2026_04_LAC_SEA","00-0041550",1.06009660267973,1.09176901733793,1.34394910497222,1.37562151963043,1.62780160726471,1.65947402192292,1.63145104578013,1.66312346043833,38
"2026-09-29T20:49:03Z","2026_04_LA_PHI","00-0026498",14.096936815974,15.9110844767207,14.0984342551533,15.9125819159,14.0999316943326,15.9140793550793,17.3647569655151,19.302135397824,60
"2026-09-29T20:49:03Z","2026_04_LA_PHI","00-0030061",3.26046727953973,3.36328259969432,4.54394015401745,4.64675547417203,5.82741302849517,5.93022834864975,7.11400100088689,7.21681632104147,60
"2026-09-29T20:49:03Z","2026_04_LA_PHI","00-0031381",11.0148419241129,11.70133542485,13.5952946131876,14.2737276465318,16.181815409163,16.8459396579644,16.1922724922505,16.8563967410519,60
"2026-09-29T20:49:03Z","2026_04_LA_PHI","00-0033110",3.34910935753674,3.44702628344878,4.47892208892465,4.57683901483669,5.60873482031255,5.7066517462246,6.79683874025687,6.89475566616891,60
"2026-09-29T20:49:03Z","2026_04_LA_PHI","00-0033246",1.00692052393863,1.0535658649398,1.35569306149364,1.40233840249481,1.70446559904864,1.75111094004982,2.05610600508203,2.10275134608321,60
"2026-09-29T20:49:03Z","2026_04_LA_PHI","00-0034844",12.1319142832239,12.7639903544913,12.8351935618391,13.4672696331065,13.5384728404544,14.1705489117217,13.5866474573785,14.2187235286458,60
"2026-09-29T20:49:03Z","2026_04_LA_PHI","00-0036244",2.962013022852,3.10069183077963,3.80384541781391,3.94252422574154,4.64567781277582,4.78435662070345,5.49443717096781,5.63311597889545,60
"2026-09-29T20:49:03Z","2026_04_LA_PHI","00-0036389",15.4386114471445,16.6744013464925,15.4401245312065,16.6759144305545,15.4416376152684,16.6774275146165,18.239213235851,19.5805146743616,60
"2026-09-29T20:49:03Z","2026_04_LA_PHI","00-0036849",1.78271760348846,1.82323864978553,2.15052570919254,2.1910467554896,2.51833381489662,2.55885486119368,2.52119211579501,2.56171316209207,37
"2026-09-29T20:49:03Z","2026_04_LA_PHI","00-0036912",9.00193543075046,9.45324283673768,11.9423322902682,12.3899907842755,14.82995666556,15.3916290527731,14.8404827317454,15.4021551189585,60
"2026-09-29T20:49:03Z","2026_04_LA_PHI","00-0036980",1.19728060877232,1.21723885335851,1.68819760618557,1.70815585077176,2.17911460359883,2.19907284818502,2.18232474032274,2.20228298490893,37
"2026-09-29T20:49:03Z","2026_04_LA_PHI","00-0037132",0.56137049744639,0.590266926168087,0.732336049756369,0.761232478478065,0.903301602066347,0.932198030788044,0.906063884691491,0.934960313413187,37
"2026-09-29T20:49:03Z","2026_04_LA_PHI","00-0037840",11.6238665982136,12.3658727370939,12.8306911145229,13.5726972534032,14.0375156308322,14.7795217697125,14.1445995969346,14.8866057358149,60
"2026-09-29T20:49:03Z","2026_04_LA_PHI","00-0038359",1.24265199689403,1.28508870270231,1.50845409443453,1.55089080024281,1.77425619197502,1.8166928977833,1.77685462917107,1.81929133497934,37
"2026-09-29T20:49:03Z","2026_04_LA_PHI","00-0038393",5.52435865564737,5.86242750469573,6.75240642192929,7.39272533987535,7.8856391485708,8.94344818136762,7.89627621835051,8.95408525114732,60
"2026-09-29T20:49:03Z","2026_04_LA_PHI","00-0038498",0.453291041945138,0.487949924664786,0.551911199941311,0.586570082660958,0.650531357937483,0.68519024065713,0.752369268960409,0.787028151680057,37
"2026-09-29T20:49:03Z","2026_04_LA_PHI","00-0038555",2.39491051789226,2.4972061891069,2.67840206359385,2.78069773480849,2.96189360929544,3.06418928051008,3.03687884331652,3.13917451453116,60
"2026-09-29T20:49:03Z","2026_04_LA_PHI","00-0039074",1.43120853767168,1.49874234536221,1.91447862268213,1.98201243037265,2.39774870769258,2.4652825153831,2.88387027843968,2.9514040861302,60
"2026-09-29T20:49:03Z","2026_04_LA_PHI","00-0039075",11.1079555143247,11.2703389621361,13.766784399728,13.9291678475395,16.4256132851314,16.5879967329428,16.4395609015271,16.6019443493386,37
"2026-09-29T20:49:03Z","2026_04_LA_PHI","00-0039738",6.13350426064128,6.69384936018801,6.61228438698059,7.17262948652733,7.09106451331991,7.65140961286664,7.12542190271253,7.68576700225927,60
"2026-09-29T20:49:03Z","2026_04_LA_PHI","00-0039746",1.45808020678482,1.53473978800208,1.87986576107313,1.95652534229038,2.30165131536143,2.37831089657869,2.30784542478356,2.38450500600082,60
"2026-09-29T20:49:03Z","2026_04_LA_PHI","00-0039751",1.46846485395182,1.51778239688081,1.81617423743932,1.86549178036831,2.16388362092682,2.21320116385581,2.16656217935635,2.21587972228535,37
"2026-09-29T20:49:03Z","2026_04_LA_PHI","00-0040024",1.09275782128322,1.12290232363487,1.46897097488359,1.49911547723524,1.84518412848396,1.87532863083562,1.8478835995172,1.87802810186885,37
"2026-09-29T20:49:03Z","2026_04_LA_PHI","00-0040590",2.72708366918631,2.93434190125009,3.27713725408327,3.48439548614705,3.82719083898023,4.03444907104401,3.82981729806592,4.0370755301297,60
"2026-09-29T20:49:03Z","2026_04_LA_PHI","00-0040867",3.48429312195857,3.92096535098187,5.00427578577066,5.43842399721155,6.52425844958276,6.95673832878391,6.53783573370802,6.97031561290917,60
"2026-09-29T20:49:03Z","2026_04_LA_PHI","00-0041399",1.05833748933193,1.09476721628142,1.35988388108451,1.396313608034,1.66143027283709,1.69785999978658,1.66595725888924,1.70238698583873,37
"2026-09-29T20:49:03Z","2026_04_LA_PHI","00-0041510",0.924183637826197,0.966620343634476,1.19902395010441,1.24146065591269,1.47386426238262,1.5163009681909,1.75375780390143,1.79619450970971,37
"2026-09-29T20:49:03Z","2026_04_MIA_MIN","00-0033293",9.7329260364919,10.1003266838888,10.5880260626528,10.9554267100497,11.4431260888137,11.8105267362106,11.4700408438113,11.8374414912083,60
"2026-09-29T20:49:03Z","2026_04_MIA_MIN","00-0035228",10.3228151152524,10.3945462705134,10.3228151152524,10.3945462705134,10.3228151152524,10.3945462705134,12.5346727395863,12.6064038948473,38
"2026-09-29T20:49:03Z","2026_04_MIA_MIN","00-0035229",4.59882879390645,4.70514594304422,5.82554522187041,5.93186237100818,7.05226164983438,7.15857879897215,8.28198103352735,8.38829818266512,38
"2026-09-29T20:49:03Z","2026_04_MIA_MIN","00-0036259",4.28599071590709,4.36895020262583,5.23521874632336,5.3181782330421,6.18444677673963,6.26740626345837,6.21163694373218,6.29459643045092,38
"2026-09-29T20:49:03Z","2026_04_MIA_MIN","00-0036322",7.31900319606364,7.44169099816545,9.06565251146758,9.18834031356939,10.8123018268715,10.9349896289733,10.8152622132533,10.9379500153551,38
"2026-09-29T20:49:03Z","2026_04_MIA_MIN","00-0037252",3.51757083785818,3.58327439021753,4.5865739486169,4.65227750097625,5.65557705937562,5.72128061173497,6.74802780382033,6.81373135617968,38
"2026-09-29T20:49:03Z","2026_04_MIA_MIN","00-0037666",1.67809709766789,1.72274183744382,2.15855440851668,2.20319914829261,2.63901171936547,2.6836564591414,2.64184142746753,2.68648616724346,38
"2026-09-29T20:49:03Z","2026_04_MIA_MIN","00-0038128",9.62614471548112,9.68926453171109,9.62614471548112,9.68926453171109,9.62614471548112,9.68926453171109,11.6103615231317,11.6734813393616,38
"2026-09-29T20:49:03Z","2026_04_MIA_MIN","00-0038824",1.87749942218429,1.91774704573309,2.20408520168998,2.24433282523878,2.53067098119567,2.57091860474447,2.53341420521468,2.57366182876348,38
"2026-09-29T20:49:03Z","2026_04_MIA_MIN","00-0038994",8.39182322757279,8.71023748382578,9.41734931034936,9.73576356660234,10.4428753931259,10.7612896493789,10.4455052828928,10.7639195391458,38
"2026-09-29T20:49:03Z","2026_04_MIA_MIN","00-0039874",3.65661633360695,3.7405566889635,3.84462375803874,3.92856411339528,4.03263118247053,4.11657153782707,4.07114170925475,4.1550820646113,38
"2026-09-29T20:49:03Z","2026_04_MIA_MIN","00-0039880",4.42750606581947,4.50579656410354,5.68291071559516,5.76120121387923,6.93831536537086,7.01660586365493,7.00595130350272,7.08424180178679,38
"2026-09-29T20:49:03Z","2026_04_MIA_MIN","00-0040154",0.788357951174583,0.831438706275755,0.93426045948227,0.977341214583442,1.08016296778996,1.12324372289113,1.08296166334509,1.12604241844626,38
"2026-09-29T20:49:03Z","2026_04_MIA_MIN","00-0040198",3.51335820708268,3.60442527464632,3.83027931900916,3.92134638657279,4.14720043093564,4.23826749849927,4.15348281967444,4.24454988723807,38
"2026-09-29T20:49:03Z","2026_04_MIA_MIN","00-0040215",0.765736195021111,0.805983818569911,0.955281237971601,0.995528861520401,1.14482628092209,1.18507390447089,1.33882148912177,1.37906911267057,38
"2026-09-29T20:49:03Z","2026_04_MIA_MIN","00-0040506",0.801968967463302,0.850071720214131,0.886772860396881,0.934875613147709,0.97157675333046,1.01967950608129,0.974246124879961,1.02234887763079,38
"2026-09-29T20:49:03Z","2026_04_MIA_MIN","00-0040692",1.43111940716542,1.47922215991624,1.61564076815736,1.66374352090819,1.80016212914931,1.84826488190014,1.81000575874333,1.85810851149416,38
"2026-09-29T20:49:03Z","2026_04_MIA_MIN","00-0041077",0.643875964135739,0.663273571851242,0.91871627641395,0.938113884129453,1.19355658869216,1.21295419640766,1.47345013021097,1.49284773792647,38
"2026-09-29T20:49:03Z","2026_04_MIA_MIN","00-0041081",0.697030306487142,0.725884810631938,0.798872463376143,0.827726967520939,0.900714620265144,0.92956912440994,0.908655015117002,0.937509519261799,38
"2026-09-29T20:49:03Z","2026_04_MIA_MIN","00-0041104",1.44181041137218,1.49661237716937,1.6728285608143,1.72763052661149,1.90384671025642,1.95864867605361,1.91239044908268,1.96719241487987,38
"2026-09-29T20:49:03Z","2026_04_MIA_MIN","00-0041436",1.0661482730286,1.09801198735479,1.25922719495477,1.29109090928096,1.45230611688094,1.48416983120713,1.4602465117328,1.49211022605899,38
"2026-09-29T20:49:03Z","2026_04_MIA_MIN","00-0041523",3.78979564242032,3.84559515864052,4.74076404767777,4.79656356389798,5.69173245293523,5.74753196915543,5.69538189145064,5.75118140767084,38
"2026-09-29T20:49:03Z","2026_04_MIA_MIN","00-0041524",0.716070809159893,0.756318432708693,0.931137406266544,0.971385029815343,1.14620400337319,1.18645162692199,1.36500421456359,1.40525183811239,38
"2026-09-29T20:49:03Z","2026_04_MIA_MIN","00-0041525",3.45797931490733,3.52971047016831,4.0814514445548,4.15318259981579,4.70492357420228,4.77665472946327,4.70830380777464,4.78003496303563,38
"2026-09-29T20:49:03Z","2026_04_MIA_MIN","00-0041529",0.816377219351111,0.856624842899911,1.05361371034123,1.09386133389003,1.29085020133136,1.33109782488016,1.29423043490372,1.33447805845252,38
"2026-09-29T20:49:03Z","2026_04_MIA_MIN","00-0041579",0.692058317294468,0.716163893368819,0.96689862957268,0.991004205647031,1.24173894185089,1.26584451792524,1.5216324833697,1.54573805944405,38
"2026-09-29T20:49:03Z","2026_04_NE_BUF","00-0033090",3.97651370823356,5.57428156339252,5.07135243359646,7.48968981350895,6.16619115895936,9.40347345007192,7.26387633833648,11.3351312996324,60
"2026-09-29T20:49:03Z","2026_04_NE_BUF","00-0033555",5.17317491041962,6.18337718005545,6.59661812336634,8.0453690099626,8.02006133631307,9.90675898878539,8.02266686905956,9.91720420273387,60
"2026-09-29T20:49:03Z","2026_04_NE_BUF","00-0034827",7.48681289706477,7.92869304811601,9.34665549681579,9.82233591447063,11.2068327543657,11.7053686596942,11.2192157956887,11.7177517010172,60
"2026-09-29T20:49:03Z","2026_04_NE_BUF","00-0034857",21.1741862367218,22.4593508271633,21.235820182272,22.5209847727136,21.2974541278223,22.5826187182639,24.5806228122069,26.1070804451756,60
"2026-09-29T20:49:03Z","2026_04_NE_BUF","00-0035500",1.23886455985451,1.2841532140785,1.82022926374909,1.86551791797308,2.40159396764366,2.44688262186765,2.40534243571626,2.45063108994025,60
"2026-09-29T20:49:03Z","2026_04_NE_BUF","00-0035537",3.50149392276176,3.67953553256873,4.44617405891488,4.57844772820896,5.27484223835214,5.54261587458491,5.2814192331852,5.57941010291144,60
"2026-09-29T20:49:03Z","2026_04_NE_BUF","00-0035689",2.17592276539719,2.2984157379723,2.98431381062376,3.10680678319888,3.79270485585033,3.91519782842545,4.60395119059474,4.72644416316985,60
"2026-09-29T20:49:03Z","2026_04_NE_BUF","00-0036187",0.554971795943568,0.676500321099625,0.696844750319195,0.818373275475252,0.838717704694823,0.96024622985088,0.844857010066233,0.96638553522229,60
"2026-09-29T20:49:03Z","2026_04_NE_BUF","00-0036875",7.76193432365812,8.16504117575132,8.82775530796457,9.5619844416106,9.89357629227103,10.9589277074699,9.97918217716878,11.0728257196652,60
"2026-09-29T20:49:03Z","2026_04_NE_BUF","00-0036988",2.63429862073116,2.72961669837346,3.16826133398433,3.26357941162663,3.7022240472375,3.7975421248798,3.7050480304211,3.8003661080634,60
"2026-09-29T20:49:03Z","2026_04_NE_BUF","00-0037248",12.9532067538431,15.0008261192478,13.7117477889944,15.8195889839998,14.4702888241457,16.6383518487517,14.628899788995,16.7969628136011,60
"2026-09-29T20:49:03Z","2026_04_NE_BUF","00-0037261",6.0180251567368,6.22091389085089,7.88279346555726,8.1324827043253,9.7560754633748,10.0489853288489,9.77816219601392,10.071072061488,60
"2026-09-29T20:49:03Z","2026_04_NE_BUF","00-0037816",5.5427129253607,5.98918173142057,6.73383297012776,7.66877246483325,7.92495301489482,9.3375752913174,7.92756726600916,9.34803826025827,60
"2026-09-29T20:49:03Z","2026_04_NE_BUF","00-0038564",0.283618343667141,0.501867485273086,0.365911108585935,0.58416025019188,0.448203873504729,0.666453015110673,0.533539026418435,0.75178816802438,60
"2026-09-29T20:49:03Z","2026_04_NE_BUF","00-0038621",3.0440881693141,4.33904781520702,3.88968814414645,5.72688194497068,4.7352881189788,7.12163337565878,4.73790588742584,7.13203433129797,60
"2026-09-29T20:49:03Z","2026_04_NE_BUF","00-0038933",7.77903683850134,8.55434711091871,10.0600593263227,10.8423164877109,12.2852342511568,13.1164981102699,14.6351073955411,15.5202219710452,60
"2026-09-29T20:49:03Z","2026_04_NE_BUF","00-0039851",14.1911583577705,16.3806196868176,14.1953184697167,16.3847797987638,14.1994785816629,16.3889399107101,17.8019679981476,20.6285527168913,60
"2026-09-29T20:49:03Z","2026_04_NE_BUF","00-0039875",1.73296082803384,1.94732384945595,1.96236503444977,2.17672805587188,2.19176924086571,2.40613226228782,2.19791172759686,2.41227474901897,60
"2026-09-29T20:49:03Z","2026_04_NE_BUF","00-0039901",2.74594294810884,3.52561779343441,3.53553215538575,4.46162429309424,4.32757178667472,5.39763079275407,4.34669151808079,5.40884544165305,60
"2026-09-29T20:49:03Z","2026_04_NE_BUF","00-0040131",1.6863068538377,1.87872491472631,2.01736689125117,2.20978495213978,2.34842692866464,2.54084498955325,2.35104535991713,2.54346342080575,60
"2026-09-29T20:49:03Z","2026_04_NE_BUF","00-0040194",0.777450637947916,0.845700564473019,0.999941473426488,1.06819139995159,1.22243230890506,1.29068223543016,1.4478238919285,1.51607381845361,60
"2026-09-29T20:49:03Z","2026_04_NE_BUF","00-0040363",0.483537379629716,0.540900111550035,0.68230829016017,0.73967102208049,0.881079200690625,0.938441932610944,1.08313457334965,1.14049730526997,60
"2026-09-29T20:49:03Z","2026_04_NE_BUF","00-0040556",1.50097903251412,1.53690680519732,1.72194025181327,1.75786802449647,1.94290147111242,1.97882924379562,1.95006119250829,1.98598896519149,60
"2026-09-29T20:49:03Z","2026_04_NE_BUF","00-0040563",1.01176525843337,1.08725887223393,1.34632119852876,1.42181481232933,1.68087713862416,1.75637075242473,1.70744852435172,1.78294213815229,60
"2026-09-29T20:49:03Z","2026_04_NE_BUF","00-0040734",6.16662429704361,7.78258337362616,6.66382367546237,8.26590988178721,7.16102305388113,8.73384618933748,7.17456193571832,8.77674321473846,60
"2026-09-29T20:49:03Z","2026_04_NE_BUF","00-0041314",0.544091262269183,0.570492393605602,0.733636305219674,0.760037436556092,0.923181348170165,0.949582479506583,1.11717655636985,1.14357768770626,60
"2026-09-29T20:49:03Z","2026_04_NE_BUF","00-0041395",1.48272182586169,1.66066572903725,1.86134194029739,2.03928584347295,2.23996205473308,2.41790595790864,2.62262016463821,2.80056406781377,60
"2026-09-29T20:49:03Z","2026_04_NE_BUF","00-0041443",1.09105223833167,1.15756147199482,1.39259863008425,1.4591078637474,1.69414502183682,1.76065425549997,1.69867200788898,1.76518124155213,60
"2026-09-29T20:49:03Z","2026_04_NYJ_CHI","00-0030565",12.13671003331,12.1770564539936,12.1367701461952,12.1771165668788,12.1368302590804,12.177176679764,14.7194043591968,14.7597507798804,60
"2026-09-29T20:49:03Z","2026_04_NYJ_CHI","00-0032464",5.28706025939228,5.36189972163284,6.76086831803305,6.8357077802736,8.23467637667381,8.30951583891437,8.23730679142322,8.31214625366378,60
"2026-09-29T20:49:03Z","2026_04_NYJ_CHI","00-0034959",0.557324196345633,0.578914381679037,0.693142418698685,0.714732604032089,0.828960641051736,0.85055082638514,0.835366419796933,0.856956605130337,60
"2026-09-29T20:49:03Z","2026_04_NYJ_CHI","00-0036275",11.773917517177,12.0706756895465,12.6231756588644,12.9199338312339,13.4724338005519,13.7691919729214,13.553871771797,13.8506299441665,60
"2026-09-29T20:49:03Z","2026_04_NYJ_CHI","00-0036290",2.09137188596033,2.1407973183626,2.65298004135267,2.70240547375494,3.21458819674501,3.26401362914728,3.7790582714715,3.82848370387377,60
"2026-09-29T20:49:03Z","2026_04_NYJ_CHI","00-0036842",0.889329191893974,0.906178046556429,0.975464842593285,0.99231369725574,1.0616004932926,1.07844934795505,1.06891797627676,1.08576683093922,60
"2026-09-29T20:49:03Z","2026_04_NYJ_CHI","00-0037740",8.16356941267878,8.31279918718771,10.4030349220347,10.5522646965436,12.6425004313906,12.7917302058996,12.6527367128927,12.8019664874016,60
"2026-09-29T20:49:03Z","2026_04_NYJ_CHI","00-0037755",1.01421520371203,1.04268372121421,1.32539210582254,1.35386062332471,1.63656900793304,1.66503752543521,1.95085399826355,1.97932251576572,60
"2026-09-29T20:49:03Z","2026_04_NYJ_CHI","00-0037805",1.72361178889059,1.77108787895218,2.52345190780923,2.57092799787082,3.32329202672787,3.37076811678946,4.12600092773567,4.17347701779726,60
"2026-09-29T20:49:03Z","2026_04_NYJ_CHI","00-0038120",10.4526019798895,10.6606091514985,11.5060317038818,11.7140388754908,12.5594614278741,12.7674685994831,12.5905409814188,12.7985481530278,60
"2026-09-29T20:49:03Z","2026_04_NYJ_CHI","00-0039021",1.16298941892033,1.20646540837278,1.32732655854769,1.37080254800013,1.49166369817504,1.53513968762749,1.49842845582587,1.54190444527831,60
"2026-09-29T20:49:03Z","2026_04_NYJ_CHI","00-0039451",2.91182046638221,2.97564947100233,3.88995434009499,3.95378334471511,4.86808821380777,4.93191721842789,4.87073179795308,4.9345608025732,60
"2026-09-29T20:49:03Z","2026_04_NYJ_CHI","00-0039794",5.55377608715514,5.74338343793386,6.0180058604714,6.20761321125012,6.48223563378767,6.67184298456638,6.51519720375832,6.70480455453704,60
"2026-09-29T20:49:03Z","2026_04_NYJ_CHI","00-0039798",3.09316046357944,3.16704757330962,3.45920103389546,3.53308814362564,3.82524160421148,3.89912871394166,3.83164164885853,3.90552875858871,60
"2026-09-29T20:49:03Z","2026_04_NYJ_CHI","00-0039890",4.50758295489602,4.58216666954592,5.67692863121828,5.75151234586817,6.84627430754054,6.92085802219043,6.85914658437315,6.93373029902304,60
"2026-09-29T20:49:03Z","2026_04_NYJ_CHI","00-0039919",4.92356831514073,4.99413752806128,6.04887538566077,6.11944459858132,7.17418245618081,7.24475166910136,7.17910523740504,7.24967445032559,60
"2026-09-29T20:49:03Z","2026_04_NYJ_CHI","00-0040126",4.3004193112325,4.37098852415305,5.59697733216552,5.66754654508607,6.89353535309854,6.96410456601909,8.19300529352947,8.26357450645002,60
"2026-09-29T20:49:03Z","2026_04_NYJ_CHI","00-0040236",7.08712754384745,7.18156388249177,7.65302167643534,7.74745801507966,8.21891580902323,8.31335214766755,8.22514877242871,8.31958511107303,60
"2026-09-29T20:49:03Z","2026_04_NYJ_CHI","00-0040277",1.12662162891909,1.16786744689802,1.42848721325851,1.46973303123744,1.73035279759794,1.77159861557687,1.7332394516007,1.77448526957963,60
"2026-09-29T20:49:03Z","2026_04_NYJ_CHI","00-0040405",0.825129737652161,0.858610900619742,1.03309276644704,1.06657392941462,1.24105579524192,1.2745369582095,1.24506599808403,1.27854716105161,60
"2026-09-29T20:49:03Z","2026_04_NYJ_CHI","00-0040735",5.60688255888473,5.68172202112529,7.23177945894323,7.30661892118378,8.85667635900172,8.93151582124227,8.91467607437366,8.98951553661421,60
"2026-09-29T20:49:03Z","2026_04_NYJ_CHI","00-0040736",1.97513406283183,2.02142432207792,2.91324620677407,2.95953646602016,3.85135835071631,3.8976486099624,4.79257683023325,4.83886708947935,60
"2026-09-29T20:49:03Z","2026_04_NYJ_CHI","00-0041032",5.07962484624487,5.16517359239063,6.34188675761149,6.42743550375725,7.60414866897811,7.68969741512387,8.87014419442847,8.95569294057424,60
"2026-09-29T20:49:03Z","2026_04_NYJ_CHI","00-0041051",1.07610939524123,1.12358548530282,1.35996189753372,1.40743798759531,1.64381439982622,1.69129048988781,1.64746383834163,1.69493992840322,60
"2026-09-29T20:49:03Z","2026_04_NYJ_CHI","00-0041170",0.844199099667151,0.879807821398122,1.11903941194536,1.15464813367633,1.39387972422357,1.42948844595455,1.67377326574238,1.70938198747335,60
"2026-09-29T20:49:03Z","2026_04_NYJ_CHI","00-0041267",0.855618596348835,0.891227318079807,1.06358162514372,1.09919034687469,1.2715446539386,1.30715337566957,1.2755548567807,1.31116357851167,60
"2026-09-29T20:49:03Z","2026_04_NYJ_CHI","00-0041558",1.15911418571133,1.20036000369026,1.47555496619261,1.51680078417154,1.7919957466739,1.83324156465283,2.11217014123893,2.15341595921786,60
"2026-09-29T20:49:03Z","2026_04_PIT_CLE","00-0023459",12.0150178852027,13.7192054582081,12.0296026574719,13.7337902304772,12.044187429741,13.7483750027464,15.0337134232398,16.7744496387755,60
"2026-09-29T20:49:03Z","2026_04_PIT_CLE","00-0031595",0.482091218141222,0.553596740541574,0.642009599080936,0.713515121481289,0.801927980020651,0.873433502421003,0.808079580228601,0.879585102628953,60
"2026-09-29T20:49:03Z","2026_04_PIT_CLE","00-0033537",13.7248199574566,14.6737041148994,13.7265283781421,14.6754125355849,13.7282367988276,14.6771209562704,16.3427635812748,17.4620036323321,60
"2026-09-29T20:49:03Z","2026_04_PIT_CLE","00-0033757",0.290691212850675,0.314142702963736,0.443960888054235,0.467412378167296,0.597230563257796,0.620682053370857,0.753391701867921,0.776843191980982,60
"2026-09-29T20:49:03Z","2026_04_PIT_CLE","00-0035594",0.797843140601819,1.05904521782998,0.888112864555549,1.14931494178371,0.97838258850928,1.23958466573744,0.985281526880849,1.24648360410901,60
"2026-09-29T20:49:03Z","2026_04_PIT_CLE","00-0035640",6.0133909498425,6.56338766456225,7.88295722382856,8.45026056012165,9.7393324797812,10.3290125684166,9.75132812505454,10.3410082136899,60
"2026-09-29T20:49:03Z","2026_04_PIT_CLE","00-0036139",6.47322626110098,7.04293181161136,7.32649047736349,7.89619602787387,8.17975469362601,8.74946024413638,8.21422710071092,8.78393265122129,58
"2026-09-29T20:49:03Z","2026_04_PIT_CLE","00-0036252",4.70036715192843,5.05026935679826,6.39563101562429,6.74895576839429,8.09089487932014,8.45985318947954,8.10338485629297,8.47234316645237,60
"2026-09-29T20:49:03Z","2026_04_PIT_CLE","00-0036407",2.13583776688349,2.37168194519283,2.88011668420819,3.11806967647052,3.62439560153289,3.86658800422411,3.64783570790053,3.89002811059175,60
"2026-09-29T20:49:03Z","2026_04_PIT_CLE","00-0036630",0.504753748303219,0.531218365860871,0.636207017074067,0.662671634631719,0.767660285844915,0.794124903402567,0.770288357918153,0.796752975475805,60
"2026-09-29T20:49:03Z","2026_04_PIT_CLE","00-0036862",0.913399803650553,0.982441684903838,1.17671498487352,1.24575686612681,1.44003016609649,1.50907204734978,1.44272440873383,1.51176628998711,60
"2026-09-29T20:49:03Z","2026_04_PIT_CLE","00-0036894",4.28322743968787,4.450405447327,5.99940179109896,6.16346647911427,7.707899705081,7.88148536134629,9.42450349657385,9.61584992835982,60
"2026-09-29T20:49:03Z","2026_04_PIT_CLE","00-0037228",12.3253591970493,13.4122366398638,13.9740468677722,15.055699433915,15.6227345384952,16.7165311469934,15.712626190159,16.8064227986572,60
"2026-09-29T20:49:03Z","2026_04_PIT_CLE","00-0038409",0.867926765625614,1.29762373364042,1.00471264593735,1.43440961395215,1.14149852624908,1.57119549426388,1.15041973830894,1.58011670632374,53
"2026-09-29T20:49:03Z","2026_04_PIT_CLE","00-0038558",2.20785874055702,2.89299716012572,3.21429055031338,3.92471618015762,4.22111187662256,4.94797506736041,5.26086227529253,6.01016775920408,60
"2026-09-29T20:49:03Z","2026_04_PIT_CLE","00-0038710",0.791234588884757,0.885431927459521,0.995535799773428,1.08973313834819,1.1998370106621,1.29403434923686,1.40702802919069,1.50122536776545,60
"2026-09-29T20:49:03Z","2026_04_PIT_CLE","00-0038794",1.74707723446381,1.80416696648012,1.96677277217528,2.0238625041916,2.18646830988676,2.24355804190307,2.19393779174448,2.25102752376079,60
"2026-09-29T20:49:03Z","2026_04_PIT_CLE","00-0039739",3.25850343172938,3.59877499611016,4.49173633338237,4.84099784410981,5.72543591013697,6.07887989323539,5.75128138183275,6.10472536493117,60
"2026-09-29T20:49:03Z","2026_04_PIT_CLE","00-0039920",0.943854928048964,0.989206867721331,1.2071852597429,1.25253719941526,1.47051559143683,1.5158675311092,1.47550633682795,1.52085827650032,60
"2026-09-29T20:49:03Z","2026_04_PIT_CLE","00-0040466",2.89376634557764,3.17234006459449,3.83750624136359,4.21667128076661,4.52340187786493,5.27578134919516,4.56344821195484,5.31582768328507,60
"2026-09-29T20:49:03Z","2026_04_PIT_CLE","00-0040663",5.64645851196935,5.96940491893553,7.90894686315697,8.22313315661131,10.1540909000355,10.4768613942871,12.4267259389797,12.772093094568,60
"2026-09-29T20:49:03Z","2026_04_PIT_CLE","00-0040782",1.41973228227553,1.45934806178415,1.74892184189451,1.78853762140313,2.07811140151348,2.1177271810221,2.08078077306298,2.1203965525716,60
"2026-09-29T20:49:03Z","2026_04_PIT_CLE","00-0040784",10.3326638087665,10.9482640792305,11.456534879286,12.056989621399,12.5804059498056,13.1739690112228,12.6161163675268,13.2096794289439,60
"2026-09-29T20:49:03Z","2026_04_PIT_CLE","00-0041037",5.20357672753241,5.53002065995199,6.6224104831161,6.97764601579816,8.03695282610258,8.45982358862694,8.05053011022784,8.4734008727522,60
"2026-09-29T20:49:03Z","2026_04_PIT_CLE","00-0041131",0.303507626817092,0.33277088185091,0.427337458886573,0.45660071392039,0.551167290956053,0.58043054598987,0.678730737109281,0.707993992143099,60
"2026-09-29T20:49:03Z","2026_04_PIT_CLE","00-0041397",0.512476540706068,0.552641845484294,0.648338848321556,0.688504153099782,0.784201155937045,0.824366460715271,0.787581389509407,0.827746694287633,60
"2026-09-29T20:49:03Z","2026_04_PIT_CLE","00-0041398",0.565622982061296,0.593876325869169,0.667465138950297,0.69571848275817,0.769307295839298,0.797560639647171,0.777247690691157,0.805501034499029,60
"2026-09-29T20:49:03Z","2026_04_PIT_CLE","00-0041489",1.59686774354965,1.6538593020923,2.19905129468846,2.25604285323111,2.80123484582727,2.85822640436991,2.80461507939963,2.86160663794228,60
"2026-09-29T20:49:03Z","2026_04_PIT_CLE","00-0041490",1.81875996401891,1.89085185534322,1.94061369297586,2.01270558430017,2.06246742193281,2.13455931325712,2.07101116075907,2.14310305208338,39
"2026-09-29T20:49:03Z","2026_04_PIT_CLE","00-0041547",5.02474185102529,5.21432450150523,6.94686308485609,7.15536786207106,8.86684118846882,9.12540821277628,8.9502527479078,9.20881977221526,60
"2026-09-29T20:49:03Z","2026_04_TEN_BAL","00-0032398",1.9649524139737,2.50046810862593,2.34176799799737,2.87728369264959,2.71858358202103,3.25409927667325,2.72122739053442,3.25674308518665,56
"2026-09-29T20:49:03Z","2026_04_TEN_BAL","00-0032764",15.1811220455136,16.6244397481231,15.6691716026297,17.1124893052392,16.1572211597459,17.6005388623554,16.1942242344562,17.6375419370657,60
"2026-09-29T20:49:03Z","2026_04_TEN_BAL","00-0034753",4.47405502299191,5.3020331669396,5.80244619614492,6.63042434009262,7.13083736929794,7.95881551324563,8.46413395924178,9.29211210318947,56
"2026-09-29T20:49:03Z","2026_04_TEN_BAL","00-0034796",15.3335196237291,15.6641882984174,15.3337132478,15.6643819224884,15.333906871871,15.6645755465593,17.7979809119101,18.1286495865985,60
"2026-09-29T20:49:03Z","2026_04_TEN_BAL","00-0034798",0.663705436442836,0.70210725192408,0.882423210818677,0.920825026299921,1.10114098519452,1.13954280067576,1.32271470709043,1.36111652257167,56
"2026-09-29T20:49:03Z","2026_04_TEN_BAL","00-0034837",2.82525271042451,2.94327078544536,3.52500802691072,3.64302610193157,4.22476334339693,4.34278141841779,4.22962515793766,4.34764323295851,56
"2026-09-29T20:49:03Z","2026_04_TEN_BAL","00-0034975",2.93587873435591,3.02183846245707,3.54518889497717,3.63114862307833,4.15449905559842,4.24045878369959,4.16091019381642,4.24686992191758,56
"2026-09-29T20:49:03Z","2026_04_TEN_BAL","00-0035261",7.78326833471349,8.39571110440818,8.57072157739397,9.18316434708866,9.35817482007445,9.97061758976914,9.39324907321742,10.0056918429121,60
"2026-09-29T20:49:03Z","2026_04_TEN_BAL","00-0036550",4.2483326349747,4.3159804717729,5.124963281342,5.19261111814019,6.00159392770929,6.06924176450749,6.0042419457817,6.07188978257989,36
"2026-09-29T20:49:03Z","2026_04_TEN_BAL","00-0036876",0.603265054128674,0.626238203494364,0.881397883834005,0.904371033199695,1.15953071353934,1.18250386290503,1.44084939678708,1.46382254615277,45
"2026-09-29T20:49:03Z","2026_04_TEN_BAL","00-0037594",0.512642326556479,0.580474358500044,0.579536605693997,0.647368637637563,0.646430884831516,0.714262916775082,0.652799602627711,0.720631634571277,56
"2026-09-29T20:49:03Z","2026_04_TEN_BAL","00-0038115",1.46127255059763,1.53072009715084,1.95153101125807,2.02097855781128,2.44178947191852,2.51123701847173,2.9349352637335,3.00438281028671,56
"2026-09-29T20:49:03Z","2026_04_TEN_BAL","00-0038117",5.11571360120102,5.37339427328562,7.13855040383405,7.39623107591865,9.16138720646708,9.41906787855168,9.16400049769877,9.42168116978337,56
"2026-09-29T20:49:03Z","2026_04_TEN_BAL","00-0039032",3.82273784909238,4.03466012085404,4.78650692985757,4.99842920161923,5.75027601062276,5.96219828238442,5.75652907697257,5.96845134873423,56
"2026-09-29T20:49:03Z","2026_04_TEN_BAL","00-0039064",9.07542267059381,9.34931774591673,10.8949981070307,11.1688931823537,12.7145735434677,12.9884686187906,12.7654418780958,13.0393369534187,60
"2026-09-29T20:49:03Z","2026_04_TEN_BAL","00-0039648",0.393383421072403,0.445933218885287,0.554361274485133,0.606911072298017,0.715339127897863,0.767888925710747,0.879339901364673,0.931889699177556,56
"2026-09-29T20:49:03Z","2026_04_TEN_BAL","00-0039792",1.67193572293617,1.70492929880834,1.93022943142366,1.96322300729583,2.18852313991116,2.22151671578333,2.19131258785618,2.22430616372835,36
"2026-09-29T20:49:03Z","2026_04_TEN_BAL","00-0039796",0.755547461587198,0.811413223313817,0.97199332709424,1.02785908882086,1.18843919260128,1.2443049543279,1.19471680865574,1.25058257038235,56
"2026-09-29T20:49:03Z","2026_04_TEN_BAL","00-0040075",1.30979368896451,1.35733273440564,1.55405499411874,1.60159403955987,1.79831629927296,1.84585534471409,1.80098567082246,1.84852471626359,36
"2026-09-29T20:49:03Z","2026_04_TEN_BAL","00-0040170",3.00056545111626,3.03941360817901,3.78851374057311,3.82736189763586,4.57646203002996,4.61531018709271,4.57913140157947,4.61797955864221,36
"2026-09-29T20:49:03Z","2026_04_TEN_BAL","00-0040584",2.29216605903356,2.44205937909131,3.34366084533735,3.4935541653951,4.39515563164114,4.54504895169889,5.44958889300155,5.5994822130593,56
"2026-09-29T20:49:03Z","2026_04_TEN_BAL","00-0040676",9.43835308839676,9.75720818187685,9.43835308839676,9.75720818187685,9.43835308839676,9.75720818187685,11.4554146662103,11.7742697596904,56
"2026-09-29T20:49:03Z","2026_04_TEN_BAL","00-0040705",1.82237753684436,1.85537111271653,2.62052541604605,2.65351899191822,3.41867329524774,3.45166687111991,3.42133004196722,3.45432361783939,36
"2026-09-29T20:49:03Z","2026_04_TEN_BAL","00-0040876",0.976228429935911,1.00492697714078,1.27777482168849,1.30647336889336,1.57932121344107,1.60801976064593,1.58384819949322,1.61254674669809,45
"2026-09-29T20:49:03Z","2026_04_TEN_BAL","00-0040879",1.69212355704147,1.7396626024826,2.10081484439367,2.1483538898348,2.50950613174587,2.557045177187,2.92193103318182,2.96947007862295,36
"2026-09-29T20:49:03Z","2026_04_TEN_BAL","00-0040886",1.1389672410661,1.56593736227038,1.29485597707654,1.72182609828082,1.45074471308698,1.87771483429126,1.46007939007898,1.88704951128325,56
"2026-09-29T20:49:03Z","2026_04_TEN_BAL","00-0040887",0.720281486173311,0.915903730681338,0.945485501617426,1.14110774612545,1.17068951706154,1.36631176156957,1.3996271465894,1.59524939109743,56
"2026-09-29T20:49:03Z","2026_04_TEN_BAL","00-0041438",3.76446544631241,3.81808694619582,5.11073550342103,5.16435700330444,6.45700556052965,6.51062706041305,6.46038579410201,6.51400729398542,36
"2026-09-29T21:05:34Z","2026_04_ARI_NYG","00-0031235",0.898831361839189,0.926912425895471,1.23545286639926,1.26353393045554,1.57207437095933,1.60015543501561,1.57690981578288,1.60499087983916,40
"2026-09-29T21:05:34Z","2026_04_ARI_NYG","00-0031484",0.27672373853821,0.310670955649431,0.360293591999192,0.394240809110412,0.443863445460173,0.477810662571393,0.53030175727365,0.56424897438487,54
"2026-09-29T21:05:34Z","2026_04_ARI_NYG","00-0031503",7.18342498637921,7.86268873371746,7.21184055542402,7.89110430276227,7.24025612446884,7.91951987180709,9.31691275210937,9.99617649944761,54
"2026-09-29T21:05:34Z","2026_04_ARI_NYG","00-0033119",12.7684774518497,13.3282463747514,12.7684778279508,13.3282467508525,12.7684782040519,13.3282471269536,15.2571111559063,15.816880078808,54
"2026-09-29T21:05:34Z","2026_04_ARI_NYG","00-0033307",2.82958046296354,3.30719788938019,3.82272679600253,4.30034422241919,4.81587312904153,5.29349055545818,4.81871314725237,5.29633057366902,54
"2026-09-29T21:05:34Z","2026_04_ARI_NYG","00-0033376",0.476404834276835,0.512973985938037,0.568559724474206,0.605128876135408,0.660714614671577,0.697283766332779,0.666999407143573,0.703568558804775,54
"2026-09-29T21:05:34Z","2026_04_ARI_NYG","00-0035250",3.42861412296323,3.84488589827788,4.02999128151158,4.44626305682622,4.63136844005992,5.04764021537457,4.63900760039081,5.05527937570546,54
"2026-09-29T21:05:34Z","2026_04_ARI_NYG","00-0036309",3.39860245174971,3.6745425806333,4.273786201272,4.54972633015559,5.14896995079429,5.42491007967788,5.15159114893477,5.42753127781836,54
"2026-09-29T21:05:34Z","2026_04_ARI_NYG","00-0036331",0.417660820461489,0.647255613200765,0.528017928885147,0.757612721624423,0.638375037308805,0.867969830048081,0.640972383349917,0.870567176089192,54
"2026-09-29T21:05:34Z","2026_04_ARI_NYG","00-0036646",0.449677868754054,0.486247020415256,0.564584388067544,0.601153539728746,0.679490907381033,0.716060059042235,0.682245942204466,0.718815093865668,54
"2026-09-29T21:05:34Z","2026_04_ARI_NYG","00-0036893",4.28677008543352,4.57153679846462,4.67003903818602,4.95480575121712,5.05330799093852,5.33807470396962,5.06087410976405,5.34564082279515,54
"2026-09-29T21:05:34Z","2026_04_ARI_NYG","00-0037004",0.66361590336606,0.902625633247389,1.00586631597361,1.24487604585494,1.34811672858116,1.58712645846248,1.69332669924734,1.93233642912867,54
"2026-09-29T21:05:34Z","2026_04_ARI_NYG","00-0037157",2.33184638644192,2.60040465839673,2.82520449262954,3.09376276458434,3.31856259881715,3.58712087077196,3.34872679932025,3.61728507127505,54
"2026-09-29T21:05:34Z","2026_04_ARI_NYG","00-0037263",5.12310587228663,5.22942504007276,5.80609691550979,5.91241608329592,6.48908795873294,6.59540712651907,6.49525348180494,6.60157264959107,54
"2026-09-29T21:05:34Z","2026_04_ARI_NYG","00-0037744",8.40787368222773,8.69823512733841,11.4430882057784,11.733449650889,14.478302729329,14.7686641744397,17.5163863232317,17.8067477683424,60
"2026-09-29T21:05:34Z","2026_04_ARI_NYG","00-0037838",4.00792577061339,4.12441382458289,5.28998512708787,5.40647318105737,6.57204448356234,6.68853253753184,7.87275884560523,7.98924689957473,60
"2026-09-29T21:05:34Z","2026_04_ARI_NYG","00-0038559",6.09868770662895,7.00746420125876,8.20909988819547,9.11787638282528,10.319512069762,11.2282885643918,10.3226957301441,11.2314722247739,54
"2026-09-29T21:05:34Z","2026_04_ARI_NYG","00-0038640",0.6631899272104,0.742187520353958,0.848205925675221,0.92720351881878,1.03322192414004,1.1122195172836,1.03598002328835,1.11497761643191,54
"2026-09-29T21:05:34Z","2026_04_ARI_NYG","00-0039041",1.46056899576355,1.74260531261424,2.10130491315384,2.38334123000453,2.74204083054414,3.02407714739482,3.39734168598642,3.67937800283711,54
"2026-09-29T21:05:34Z","2026_04_ARI_NYG","00-0039337",6.02784020382219,6.17779980139061,7.72146602764929,7.87142562521771,9.41509185147639,9.56505144904481,9.41791358496241,9.56787318253083,60
"2026-09-29T21:05:34Z","2026_04_ARI_NYG","00-0039384",3.92127055112327,4.14412322837897,4.51853729543117,4.74138997268687,5.11580403973907,5.33865671699476,5.20389849854848,5.42675117580417,54
"2026-09-29T21:05:34Z","2026_04_ARI_NYG","00-0039847",2.22403731820397,2.52126222035535,2.91580042827843,3.21302533042982,3.6075635383529,3.90478844050428,4.30222512560306,4.59945002775444,54
"2026-09-29T21:05:34Z","2026_04_ARI_NYG","00-0039849",3.80219540865027,4.23492042438436,4.74994966803314,5.18267468376723,5.69770392741601,6.1304289431501,5.70187245128272,6.13459746701681,54
"2026-09-29T21:05:34Z","2026_04_ARI_NYG","00-0040225",0.468506335167392,0.482318892319873,0.661038953225684,0.674851510378165,0.853571571283975,0.867384128436456,1.05058021079393,1.06439276794641,40
"2026-09-29T21:05:34Z","2026_04_ARI_NYG","00-0040715",10.0532175868149,10.3752136285888,11.0266441899076,11.3486402316814,12.0000707930003,12.3220668347741,12.0262285575411,12.348224599315,60
"2026-09-29T21:05:34Z","2026_04_ARI_NYG","00-0041027",8.1451884006651,8.49072560657016,9.19183794660569,9.53737515251075,10.2384874925463,10.5840246984513,10.2464278873981,10.5919650933032,60
"2026-09-29T21:05:34Z","2026_04_ARI_NYG","00-0041042",2.56150334450584,2.84579307261273,3.24681372601185,3.53110345411873,3.93212410751785,4.21641383562474,3.93550434109021,4.2197940691971,54
"2026-09-29T21:05:34Z","2026_04_ARI_NYG","00-0041070",0.955265180114665,0.975903999670722,1.25681157186724,1.2774503914233,1.55835796361982,1.57899678317588,1.56288494967197,1.58352376922803,40
"2026-09-29T21:05:34Z","2026_04_ATL_NO","00-0032392",1.58993757349543,1.63622783274152,2.13663755217156,2.18292781141765,2.68333753084769,2.72962779009378,3.23335165634507,3.27964191559116,60
"2026-09-29T21:05:34Z","2026_04_ATL_NO","00-0033906",8.02080051618353,8.25878401283114,9.16270013273737,9.40068362938498,10.3045997492912,10.5425832459388,10.345569424266,10.5835529209136,60
"2026-09-29T21:05:34Z","2026_04_ATL_NO","00-0035208",1.6367734314253,1.68306369067139,2.30486088409187,2.35115114333797,2.97294833675845,3.01923859600454,2.97554908305328,3.02183934229937,60
"2026-09-29T21:05:34Z","2026_04_ATL_NO","00-0035644",2.33511303463396,2.39003573530021,3.233015161827,3.28793786249326,4.13091728902004,4.1858399896863,5.07631274770027,5.13123544836653,60
"2026-09-29T21:05:34Z","2026_04_ATL_NO","00-0036040",6.05950862251321,6.14505736865898,7.87047299627805,7.95602174242382,9.68143737004289,9.76698611618865,11.5944509290482,11.6799996751939,60
"2026-09-29T21:05:34Z","2026_04_ATL_NO","00-0036429",0.479862558076187,0.505950467964558,0.662012174168411,0.688100084056782,0.844161790260636,0.870249700149007,1.02918028586735,1.05526819575572,60
"2026-09-29T21:05:34Z","2026_04_ATL_NO","00-0036463",0.789184173158142,0.819114539587441,0.974680297789742,1.00461066421904,1.16017642242134,1.19010678885064,1.16317908405706,1.19310945048636,60
"2026-09-29T21:05:34Z","2026_04_ATL_NO","00-0036970",3.74672697419711,3.81055597881723,4.96254291936065,5.02637192398077,6.17835886452419,6.24218786914432,7.39704327238922,7.46087227700934,60
"2026-09-29T21:05:34Z","2026_04_ATL_NO","00-0037238",8.66367579276842,8.76141540013668,10.66129880634,10.7590384137082,12.6589218199115,12.7566614272798,12.6703170666334,12.7680566740017,60
"2026-09-29T21:05:34Z","2026_04_ATL_NO","00-0037239",10.3649944920494,10.5093388975384,13.1635622092653,13.3079066147544,15.9621299264812,16.1064743319703,15.9792719087044,16.1236163141935,60
"2026-09-29T21:05:34Z","2026_04_ATL_NO","00-0037317",0.373747523556753,0.393908152822662,0.485625944624232,0.505786573890141,0.597504365691711,0.617664994957621,0.712768212254327,0.732928841520236,60
"2026-09-29T21:05:34Z","2026_04_ATL_NO","00-0037741",2.15525552921814,2.21391981619443,2.66310015588788,2.72176444286417,3.17094478255761,3.22960906953391,3.17354372884106,3.23220801581735,60
"2026-09-29T21:05:34Z","2026_04_ATL_NO","00-0037746",4.66039898836818,4.73940866748435,4.92945487460793,5.00846455372411,5.19851076084769,5.27752043996387,5.20680207137738,5.28581175049356,60
"2026-09-29T21:05:34Z","2026_04_ATL_NO","00-0038542",16.5551662867452,16.9388718544164,18.2050251041585,18.5887306718297,19.8548839215718,20.238589489243,19.9036793093495,20.2873848770208,60
"2026-09-29T21:05:34Z","2026_04_ATL_NO","00-0038551",3.75831216524526,3.83335638431654,4.12600477638847,4.20104899545974,4.49369738753167,4.56874160660295,4.50051033316306,4.57555455223434,60
"2026-09-29T21:05:34Z","2026_04_ATL_NO","00-0039424",5.07058476816186,5.14676318205672,6.46337204467191,6.53955045856677,7.85615932118196,7.93233773507682,7.85880889810967,7.93498731200453,60
"2026-09-29T21:05:34Z","2026_04_ATL_NO","00-0039917",10.4821237521072,10.5307083473448,10.4821237521072,10.5307083473448,10.4821237521072,10.5307083473448,12.8368145704232,12.8853991656608,60
"2026-09-29T21:05:34Z","2026_04_ATL_NO","00-0040743",16.294084861498,16.3796336076438,16.294084861498,16.3796336076438,16.294084861498,16.3796336076438,19.4198562153163,19.505404961462,60
"2026-09-29T21:05:34Z","2026_04_ATL_NO","00-0041041",0.781915155950659,0.817523877681631,1.03924146984727,1.07485019157824,1.29656778374388,1.33217650547485,1.55793209310992,1.5935408148409,60
"2026-09-29T21:05:34Z","2026_04_ATL_NO","00-0041044",1.32900873245135,1.37529899169745,1.74871875351582,1.79500901276191,2.16842877458028,2.21471903382637,2.17180900815264,2.21809926739874,60
"2026-09-29T21:05:34Z","2026_04_ATL_NO","00-0041067",2.29999947317462,2.36382847779474,2.77343781142764,2.83726681604776,3.24687614968066,3.31070515430078,3.25025638325302,3.31408538787314,60
"2026-09-29T21:05:34Z","2026_04_ATL_NO","00-0041099",0.945599206673283,0.987747885590892,1.10815790842669,1.1503065873443,1.2707166101801,1.31286528909771,1.27436604869552,1.31651472761313,60
"2026-09-29T21:05:34Z","2026_04_DAL_HOU","00-0033077",15.3106501091343,15.5997867155574,15.3106503945817,15.5997870010048,15.3106506800291,15.5997872864522,17.9555933989002,18.2447300053233,58
"2026-09-29T21:05:34Z","2026_04_DAL_HOU","00-0034383",6.15091052632336,6.51819614677138,8.10577369376426,8.47305931421228,10.0606368612052,10.4279224816532,12.0184000636286,12.3856856840767,60
"2026-09-29T21:05:34Z","2026_04_DAL_HOU","00-0034981",1.6402726615838,1.97764728981714,2.23946505082308,2.57683967905642,2.83865744006236,3.17603206829571,3.44077782455032,3.77815245278366,60
"2026-09-29T21:05:34Z","2026_04_DAL_HOU","00-0035685",8.03100061201682,8.87344946069479,8.74593992787782,9.58838877655578,9.46087924373881,10.3033280924168,9.47853961597316,10.3209884646511,60
"2026-09-29T21:05:34Z","2026_04_DAL_HOU","00-0036358",9.55808040377473,9.77669291728385,11.8065077710682,12.0251202845774,14.0549351383618,14.2735476518709,14.0586984673628,14.2773109808719,60
"2026-09-29T21:05:34Z","2026_04_DAL_HOU","00-0036554",8.29568917632353,8.63269618462112,10.1095463000072,10.4465533083048,11.9234034236908,12.2604104319884,11.9344182278519,12.2714252361495,60
"2026-09-29T21:05:34Z","2026_04_DAL_HOU","00-0036556",1.1462579655001,1.15986971687518,1.57256171234552,1.5861734637206,1.99886545919093,2.01247721056601,2.4288989763728,2.44251072774788,35
"2026-09-29T21:05:34Z","2026_04_DAL_HOU","00-0036997",10.5290168203255,11.3055610875988,11.493375586583,12.2699198538563,12.4577343528405,13.2342786201139,12.4831191881468,13.2596634554202,60
"2026-09-29T21:05:34Z","2026_04_DAL_HOU","00-0037120",1.12378800935945,1.21108907104123,1.32059250315434,1.40789356483613,1.51739699694924,1.60469805863102,1.52416934840253,1.61147041008431,60
"2026-09-29T21:05:34Z","2026_04_DAL_HOU","00-0037247",7.20850967169255,7.37540284546022,9.21156107457644,9.37845424834411,11.2146124774603,11.381505651228,11.2180697581232,11.3849629318909,60
"2026-09-29T21:05:34Z","2026_04_DAL_HOU","00-0037801",2.20739603068276,2.39101035547875,2.70392123179407,2.88753555659006,3.20044643290538,3.38406075770136,3.21691875207107,3.40053307686706,60
"2026-09-29T21:05:34Z","2026_04_DAL_HOU","00-0038041",3.21513069855071,3.58059448999183,4.55221601803108,4.9176798094722,5.88930133751145,6.25476512895257,7.3258577938309,7.69132158527202,60
"2026-09-29T21:05:34Z","2026_04_DAL_HOU","00-0038547",1.01440277366417,1.05931486962267,1.38512916939341,1.43004126535192,1.75585556512266,1.80076766108116,2.12945067420991,2.17436277016841,60
"2026-09-29T21:05:34Z","2026_04_DAL_HOU","00-0038608",3.63750487796491,4.34854986371037,4.49736688792654,5.208411873672,5.35722889788817,6.06827388363363,5.35983287398096,6.07087785972643,60
"2026-09-29T21:05:34Z","2026_04_DAL_HOU","00-0038618",4.09136745821969,4.43463724425982,5.10707488781816,5.45034467385829,6.12278231741662,6.46605210345675,6.12537729218835,6.46864707822848,52
"2026-09-29T21:05:34Z","2026_04_DAL_HOU","00-0038705",2.38934123084771,2.44062206124272,2.72592708555259,2.77720791594759,3.06251294025746,3.11379377065247,3.08120889180712,3.13248972220213,52
"2026-09-29T21:05:34Z","2026_04_DAL_HOU","00-0038728",2.13968824567735,2.2458218730531,2.62419566091046,2.73032928828621,3.10870307614357,3.21483670351932,3.1118220420672,3.21795566944295,52
"2026-09-29T21:05:34Z","2026_04_DAL_HOU","00-0038738",1.07171233370065,1.18996078640129,1.30513324202694,1.42338169472758,1.53855415035323,1.65680260305387,1.5447215589245,1.66297001162514,60
"2026-09-29T21:05:34Z","2026_04_DAL_HOU","00-0039062",0.716882418572198,0.758990170359908,0.934278767905574,0.976386519693284,1.15167511723895,1.19378286902666,1.15568582365199,1.1977935754397,52
"2026-09-29T21:05:34Z","2026_04_DAL_HOU","00-0039163",12.0030873727969,12.1541886325786,12.0031131051348,12.1542143649164,12.0031388374726,12.1542400972543,14.720859480072,14.8719607398536,60
"2026-09-29T21:05:34Z","2026_04_DAL_HOU","00-0039359",0.675014291654343,0.820560131878893,1.05430166636251,1.19984750658706,1.43358904107067,1.57913488129522,1.81581540721781,1.96136124744236,60
"2026-09-29T21:05:34Z","2026_04_DAL_HOU","00-0039410",3.07509225176426,3.43994373668869,4.22941257133844,4.59426405626287,5.38373289091262,5.74858437583705,5.38735396809201,5.75220545301644,60
"2026-09-29T21:05:34Z","2026_04_DAL_HOU","00-0039530",1.05470139611554,1.2741892387239,1.41749378565968,1.63698162826803,1.78028617520382,1.99977401781217,2.1459515674161,2.36543941002445,60
"2026-09-29T21:05:34Z","2026_04_DAL_HOU","00-0039603",0.910446066914827,0.966445051887765,0.983020795647983,1.03901978062092,1.05559552438114,1.11159450935408,1.06236522320211,1.11836420817505,52
"2026-09-29T21:05:34Z","2026_04_DAL_HOU","00-0040138",2.95744012309409,3.26903333131156,3.53852356086807,3.85011676908554,4.11960699864205,4.43120020685952,4.12224243653692,4.43383564475439,58
"2026-09-29T21:05:34Z","2026_04_DAL_HOU","00-0040583",5.6267684684291,6.1141825482839,6.35025219679333,6.83766627664814,7.07373592515756,7.56115000501237,7.10479353038884,7.59220761024364,60
"2026-09-29T21:05:34Z","2026_04_DAL_HOU","00-0040930",0.913442972859151,0.932439029302419,1.21498936461173,1.233985421055,1.51653575636431,1.53553181280757,1.52106274241646,1.54005879885973,35
"2026-09-29T21:05:34Z","2026_04_DAL_HOU","00-0041472",0.629085634522299,0.773019625868213,0.835028555125233,0.978962546471147,1.04097147572817,1.18490546707408,1.25064801041485,1.39458200176076,52
"2026-09-29T21:05:34Z","2026_04_DEN_SF","00-0029892",1.44689531706018,1.84397213445349,1.92168169660351,2.31875851399682,2.39646807614683,2.79354489354014,2.40357796691416,2.80065478430747,60
"2026-09-29T21:05:34Z","2026_04_DEN_SF","00-0031408",5.94542126524386,6.13608397010414,7.47094225928175,7.66160496414202,8.99646325331963,9.18712595817991,8.99916993763831,9.18983264249859,60
"2026-09-29T21:05:34Z","2026_04_DEN_SF","00-0032775",3.50589254306312,3.56418755573043,4.37906766593148,4.43736267859879,5.25224278879985,5.31053780146716,5.25509285957787,5.31338787224518,42
"2026-09-29T21:05:34Z","2026_04_DEN_SF","00-0033280",16.6945938479071,18.0183854359321,19.0045811128672,20.3485367630011,21.3145683778273,22.6780116501194,21.3513881234077,22.7148313956998,60
"2026-09-29T21:05:34Z","2026_04_DEN_SF","00-0033288",8.44863238881204,9.72037346584308,10.8802766917206,12.4614250487741,13.3073908591346,15.3575083925826,15.7438076374007,18.2645935432302,60
"2026-09-29T21:05:34Z","2026_04_DEN_SF","00-0033881",2.67594508620207,2.83867535951402,3.58190662265584,3.74463689596779,4.48786815910961,4.65059843242156,5.39800146756588,5.56073174087783,60
"2026-09-29T21:05:34Z","2026_04_DEN_SF","00-0034348",5.34416955753217,6.15038602185868,6.97160864414623,7.91204509832253,8.61062805727831,9.713304296772,8.62203840970559,9.72471464919927,60
"2026-09-29T21:05:34Z","2026_04_DEN_SF","00-0034854",1.07963431151257,1.50181254691677,1.27841556698888,1.70059380239307,1.47719682246519,1.89937505786938,1.47985764240936,1.90203587781355,60
"2026-09-29T21:05:34Z","2026_04_DEN_SF","00-0035406",1.34912260136411,1.47408168719674,1.80252796899554,1.92748705482818,2.25593333662697,2.38089242245961,2.26039392219128,2.38535300802392,58
"2026-09-29T21:05:34Z","2026_04_DEN_SF","00-0035719",6.56624275605191,9.55788335531678,7.88354458271999,10.8751851819849,9.20084640938807,12.192487008653,9.20349445819349,12.1951350574584,60
"2026-09-29T21:05:34Z","2026_04_DEN_SF","00-0036158",9.1530079170286,11.2173728768701,9.59186370739973,11.6562286672412,10.0307194977709,12.0950844576124,10.066218718896,12.1305836787375,60
"2026-09-29T21:05:34Z","2026_04_DEN_SF","00-0036422",1.05427408528197,1.10885944367793,1.41390412951761,1.46848948791356,1.77353417375324,1.82811953214919,2.13602023902809,2.19060559742405,60
"2026-09-29T21:05:34Z","2026_04_DEN_SF","00-0036613",7.60969617636774,8.60078160822094,9.73072507863211,10.7704906909039,11.8896274563158,12.9991608658193,11.9013560503704,13.0108894598739,60
"2026-09-29T21:05:34Z","2026_04_DEN_SF","00-0036727",0.649333341934367,0.681321677114618,0.819212775913294,0.851201111093545,0.989092209892221,1.02108054507247,0.995285261160342,1.02727359634059,56
"2026-09-29T21:05:34Z","2026_04_DEN_SF","00-0036887",0.794495607138327,0.832533441916114,1.06271302120336,1.10075085598114,1.33093043526839,1.36896827004617,1.60701520312763,1.64505303790541,60
"2026-09-29T21:05:34Z","2026_04_DEN_SF","00-0037085",1.57778759910216,1.71086273012916,2.05830319969295,2.19137833071996,2.53881880028375,2.67189393131076,2.54713590777098,2.68021103879799,60
"2026-09-29T21:05:34Z","2026_04_DEN_SF","00-0037834",15.7049172262876,17.3798186834959,15.7064893056253,17.3813907628336,15.7080613849631,17.3829628421714,18.9940662540572,20.6823708423455,60
"2026-09-29T21:05:34Z","2026_04_DEN_SF","00-0038643",0.328424188339717,0.387544610751562,0.418044879389819,0.477165301801664,0.507665570439921,0.566785992851766,0.600471398330389,0.659591820742234,60
"2026-09-29T21:05:34Z","2026_04_DEN_SF","00-0038783",1.14539733278127,1.26866912592531,1.56911047944482,1.69238227258886,1.99282362610836,2.1160954192524,2.41946575103444,2.54273754417849,60
"2026-09-29T21:05:34Z","2026_04_DEN_SF","00-0038976",2.64379227319069,2.79103568100938,3.62929159086812,3.77653499868681,4.61479090854554,4.76203431636423,4.61757562945654,4.76481903727523,60
"2026-09-29T21:05:34Z","2026_04_DEN_SF","00-0039365",0.796388371074885,1.08243122957773,0.94661905486874,1.23266191337159,1.09684973866259,1.38289259716544,1.09953328206623,1.38557614056908,60
"2026-09-29T21:05:34Z","2026_04_DEN_SF","00-0039732",11.6090632599022,16.2357738723774,11.6112155186658,16.237926131141,11.6133677774293,16.2400783899045,14.0041545422921,19.5869168020502,60
"2026-09-29T21:05:34Z","2026_04_DEN_SF","00-0039868",2.57052878123737,2.86851858858519,3.3799751206047,3.67796492795253,4.18942145997204,4.48741126731986,4.1989232385825,4.49691304593032,60
"2026-09-29T21:05:34Z","2026_04_DEN_SF","00-0040134",3.66957589444005,3.94349487967368,4.62814007988919,5.11694225562908,5.54704859551928,6.32092396118111,5.54970534223876,6.33157666269133,60
"2026-09-29T21:05:34Z","2026_04_DEN_SF","00-0040172",2.15155846214071,3.40271460376439,2.57429942310091,3.82545556472459,2.99704038406111,4.24819652568479,3.00047115490605,4.25162729652973,60
"2026-09-29T21:05:34Z","2026_04_DEN_SF","00-0040730",6.10457713771086,6.85920764353962,7.54376208570891,8.75782640479517,8.98294703370697,10.678707677764,9.00611477419451,10.7314472435483,60
"2026-09-29T21:05:34Z","2026_04_DEN_SF","00-0041052",3.28324900960552,5.14679786802379,3.59096219927005,5.45451105768832,3.89867538893458,5.76222424735285,3.94306088534577,5.80660974376404,60
"2026-09-29T21:05:34Z","2026_04_DEN_SF","00-0041133",0.646855287544572,0.840370781211025,0.921695599822784,1.11521109348924,1.196535912101,1.39005140576745,1.4764294536198,1.66994494728626,58
"2026-09-29T21:05:34Z","2026_04_DET_CAR","00-0031610",4.03060665390476,4.24841406885342,5.2481947624121,5.46600217736076,6.46578287091944,6.6835902858681,7.68636724647543,7.9041746614241,60
"2026-09-29T21:05:34Z","2026_04_DET_CAR","00-0033106",16.9740674209496,18.8634992337335,16.9760052633784,18.8654370761623,16.9779431058073,18.8673749185911,20.2383952579005,22.5457185618165,60
"2026-09-29T21:05:34Z","2026_04_DET_CAR","00-0033589",1.10062917544647,1.12873728582173,1.45935163986115,1.48745975023642,1.81807410427583,1.8461822146511,1.82113918046232,1.84924729083759,36
"2026-09-29T21:05:34Z","2026_04_DET_CAR","00-0034270",0.903760420535939,0.991892384744928,1.25189291578878,1.34002487999777,1.60002541104162,1.68815737525061,1.95120635761397,2.03933832182296,60
"2026-09-29T21:05:34Z","2026_04_DET_CAR","00-0035544",0.613702914552131,0.663888468315186,0.780921311162097,0.831106864925153,0.948139707772064,0.998325261535119,0.951741138712864,1.00192669247592,60
"2026-09-29T21:05:34Z","2026_04_DET_CAR","00-0036265",2.05405766352492,2.13858767337578,2.32589176184199,2.41042177169285,2.59772586015906,2.68225587000992,2.62716670476464,2.7116967146155,60
"2026-09-29T21:05:34Z","2026_04_DET_CAR","00-0036555",13.4707430915439,13.9637459590003,14.896029049461,15.3942242338168,16.322142134258,16.8354038509795,16.3803980202944,16.8936597370159,60
"2026-09-29T21:05:34Z","2026_04_DET_CAR","00-0036754",1.11222687471367,1.32366500827465,1.60475747289347,1.81619560645445,2.09728807107327,2.30872620463425,2.59274546194674,2.80418359550772,60
"2026-09-29T21:05:34Z","2026_04_DET_CAR","00-0036825",0.253584169467333,0.307940392688417,0.333202164292457,0.387558387513541,0.412820159117582,0.467176382338666,0.495472988553196,0.54982921177428,60
"2026-09-29T21:05:34Z","2026_04_DET_CAR","00-0036963",11.5952031256978,12.320510812301,14.9843643480277,15.7436239354666,18.3735255703577,19.1173038091516,18.3853944089432,19.1291726477372,60
"2026-09-29T21:05:34Z","2026_04_DET_CAR","00-0037005",2.398249385415,2.68991277883901,3.18858246365404,3.48024585707804,3.97891554189307,4.27057893531708,4.77290278068973,5.06456617411373,60
"2026-09-29T21:05:34Z","2026_04_DET_CAR","00-0037240",7.0172132992843,7.40809179334622,8.74947085489769,9.13941939920631,10.4723295254869,10.8707202890984,10.4864710095803,10.8848617731918,60
"2026-09-29T21:05:34Z","2026_04_DET_CAR","00-0037524",0.608543603511078,0.650754938688865,0.778598388308439,0.820809723486226,0.948653173105801,0.990864508283587,0.951695756909628,0.993907092087414,60
"2026-09-29T21:05:34Z","2026_04_DET_CAR","00-0037614",2.1933687607674,2.47722779127197,2.99222365848195,3.27608268898652,3.7910785561965,4.07493758670107,3.79611836306818,4.07997739357275,60
"2026-09-29T21:05:34Z","2026_04_DET_CAR","00-0038840",1.97503737037121,2.19295018289014,2.42987585990098,2.64778867241991,2.88471434943075,3.10262716194968,2.88736039803101,3.10527321054994,60
"2026-09-29T21:05:34Z","2026_04_DET_CAR","00-0038896",0.593468918002133,0.635286076848481,0.661043557494321,0.702860716340669,0.728618196986509,0.770435355832858,0.735140636625587,0.776957795471936,60
"2026-09-29T21:05:34Z","2026_04_DET_CAR","00-0039065",7.18761895943307,7.48368008641283,9.40959945519753,9.74199148742756,11.6087447918488,11.9793554556241,13.8192082455649,14.2368248726473,60
"2026-09-29T21:05:34Z","2026_04_DET_CAR","00-0039139",21.3290831540948,22.5601833716885,23.669500153783,24.8757477912706,26.0100960776997,27.2094969701018,26.1222340562526,27.3216349486547,60
"2026-09-29T21:05:34Z","2026_04_DET_CAR","00-0039150",16.4700203472433,17.7493058087176,16.4715369027381,17.7508223642123,16.4730534582328,17.7523389197071,19.8124079780851,21.4533844786011,60
"2026-09-29T21:05:34Z","2026_04_DET_CAR","00-0039342",2.736412806772,3.05737339946789,3.44736493256107,3.76832552525696,4.15831705835014,4.47927765104603,4.16101959023527,4.48198018293116,60
"2026-09-29T21:05:34Z","2026_04_DET_CAR","00-0039356",1.15354682911927,1.17353300280845,1.8767415406099,1.89672771429908,2.59993625210052,2.61992242578971,3.32640386802513,3.34639004171432,37
"2026-09-29T21:05:34Z","2026_04_DET_CAR","00-0039364",1.84076780682653,2.16609804493735,2.09721498012243,2.42254521823325,2.35366215341833,2.67899239152914,2.36012115823949,2.68545139635031,60
"2026-09-29T21:05:34Z","2026_04_DET_CAR","00-0039491",6.33208773845364,6.70085150510884,8.15937690300417,8.52814066965937,9.9866660675547,10.3554298342099,10.0069898198101,10.3757535864653,60
"2026-09-29T21:05:34Z","2026_04_DET_CAR","00-0040124",9.91559170255691,10.4334965435939,12.2544570969912,12.8464788089989,14.639741353113,15.2869805860846,14.7054627425161,15.3527019754877,60
"2026-09-29T21:05:34Z","2026_04_DET_CAR","00-0040187",1.58268432586065,1.75959777121539,2.15325189394415,2.33016533929889,2.72381946202765,2.90073290738239,3.29729894960905,3.4742123949638,60
"2026-09-29T21:05:34Z","2026_04_DET_CAR","00-0040390",0.556915982161349,0.661867583365007,0.783984527562633,0.888936128766291,1.01105307296392,1.11600467416758,1.24186926157951,1.34682086278317,60
"2026-09-29T21:05:34Z","2026_04_DET_CAR","00-0040394",0.879068123338643,0.904570492707096,1.03495685934908,1.06045922871754,1.19084559535952,1.21634796472798,1.20018027235151,1.22568264171997,36
"2026-09-29T21:05:34Z","2026_04_DET_CAR","00-0040669",2.85421690060792,3.11814695222479,3.68365609884906,3.95230376932609,4.5278636230647,4.79771444722338,4.53851632457492,4.8083671487336,60
"2026-09-29T21:05:34Z","2026_04_GB_TB","00-0033858",2.02107292655717,2.06454891600961,2.76158026877424,2.80505625822668,3.50208761099131,3.54556360044375,4.24733022366528,4.29080621311772,60
"2026-09-29T21:05:34Z","2026_04_GB_TB","00-0033921",4.42181873944889,4.48496365645527,5.86063455095203,5.92377946795841,7.29945036245518,7.36259527946156,7.3023032717827,7.36544818878908,60
"2026-09-29T21:05:34Z","2026_04_GB_TB","00-0036264",14.1057870534236,14.2543344332015,14.1057870534236,14.2543344332015,14.1057870534236,14.2543344332015,16.8292073672053,16.9777547469833,60
"2026-09-29T21:05:34Z","2026_04_GB_TB","00-0036919",4.21407004109016,4.47957031465634,5.50018106629244,5.76568133985862,6.78629209149472,7.0517923650609,6.80014921473428,7.06564948830046,60
"2026-09-29T21:05:34Z","2026_04_GB_TB","00-0037091",1.04737288089313,1.10254145574181,1.24432953890489,1.29949811375357,1.44128619691665,1.49645477176533,1.44390036378212,1.4990689386308,60
"2026-09-29T21:05:34Z","2026_04_GB_TB","00-0037311",0.291717841941791,0.328595839084623,0.385334071715578,0.42221206885841,0.478950301489366,0.515828298632197,0.575811843472955,0.612689840615786,60
"2026-09-29T21:05:34Z","2026_04_GB_TB","00-0038090",1.53392564722135,1.88213336315026,1.95139206248468,2.29959977841359,2.36885847774801,2.71706619367692,2.37146276965095,2.71967048557985,60
"2026-09-29T21:05:34Z","2026_04_GB_TB","00-0038124",7.86315712896357,8.08497853887343,9.53171937388689,9.75354078379675,11.2002816188102,11.4221030287201,11.2058000961959,11.4276215061058,60
"2026-09-29T21:05:34Z","2026_04_GB_TB","00-0038129",4.03302119911514,4.3995843548829,5.50263154446485,5.86919470023262,6.97224188981457,7.33880504558233,8.44537083361771,8.81193398938547,60
"2026-09-29T21:05:34Z","2026_04_GB_TB","00-0038589",0.577501240506311,0.591076254011322,0.865429830414947,0.879004843919957,1.15335842032358,1.16693343382859,1.44435656840191,1.45793158190692,42
"2026-09-29T21:05:34Z","2026_04_GB_TB","00-0038685",2.44500647279707,2.50202057950127,2.77098115004327,2.82799525674748,3.09695582728948,3.15396993399369,3.10311783075685,3.16013193746106,42
"2026-09-29T21:05:34Z","2026_04_GB_TB","00-0038951",1.87638978937103,1.95963425354823,2.05137139161989,2.13461585579709,2.22635299386876,2.30959745804596,2.23294035851366,2.31618482269086,60
"2026-09-29T21:05:34Z","2026_04_GB_TB","00-0038996",4.85079469923798,5.07474973318736,6.15207043910191,6.37602547305129,7.45334617896583,7.67730121291522,8.75884461568156,8.98279964963095,60
"2026-09-29T21:05:34Z","2026_04_GB_TB","00-0039050",0.472575725667841,0.504177902150902,0.574517218958133,0.606119395441195,0.676458712248426,0.708060888731487,0.7812692000886,0.812871376571662,60
"2026-09-29T21:05:34Z","2026_04_GB_TB","00-0039361",9.08388055904876,9.29202651668326,10.3667031499552,10.5748491075897,11.6495257408616,11.8576716984961,11.7261337900878,11.9342797477223,60
"2026-09-29T21:05:34Z","2026_04_GB_TB","00-0039589",0.586306317653604,0.630359885853535,0.697637269489175,0.741690837689106,0.808968221324746,0.853021789524677,0.811605668578482,0.855659236778414,60
"2026-09-29T21:05:34Z","2026_04_GB_TB","00-0039811",3.67554093632599,3.82208944645208,4.16349519198311,4.3100437021092,4.65144944764023,4.79799795776632,4.73437516025079,4.88092367037688,60
"2026-09-29T21:05:34Z","2026_04_GB_TB","00-0040129",4.96563294918616,5.04599882699808,6.3994505301186,6.47981640793052,7.83326811105104,7.91363398886295,7.83592485777052,7.91629073558243,60
"2026-09-29T21:05:34Z","2026_04_GB_TB","00-0040142",3.34629593729504,3.60695124031194,3.49820957020346,3.75886487322036,3.65012320311188,3.91077850612878,3.6567052952575,3.9173605982744,60
"2026-09-29T21:05:34Z","2026_04_GB_TB","00-0040237",2.00272280982306,2.06697734348283,2.50815472756293,2.5724092612227,3.0135866453028,3.07784117896257,3.0162560168523,3.08051055051207,60
"2026-09-29T21:05:34Z","2026_04_GB_TB","00-0040598",0.371325033413041,0.429021845795969,0.495154865482521,0.552851677865449,0.618984697552001,0.676681509934929,0.74654814370523,0.804244956088158,60
"2026-09-29T21:05:34Z","2026_04_GB_TB","00-0040667",6.08774660528802,6.90263047992171,7.41068821444515,8.22557208907884,8.73362982360229,9.54851369823597,8.73631336700592,9.55119724163961,60
"2026-09-29T21:05:34Z","2026_04_GB_TB","00-0040948",1.2790027465624,1.3111120471801,1.80544284993306,1.83755215055076,2.33188295330372,2.36399225392142,2.33553239181913,2.36764169243684,42
"2026-09-29T21:05:34Z","2026_04_GB_TB","00-0041048",3.10859389952463,3.22904879528425,3.77464318618946,3.89509808194907,4.44069247285428,4.5611473686139,4.44407270642664,4.56452760218626,60
"2026-09-29T21:05:34Z","2026_04_GB_TB","00-0041094",0.364966219867015,0.430619288382727,0.488796051936495,0.554449120452207,0.612625884005975,0.678278952521687,0.740189330159204,0.805842398674916,60
"2026-09-29T21:05:34Z","2026_04_GB_TB","00-0041251",3.99780869822596,4.15462376505145,3.99780869822596,4.15462376505145,3.99780869822596,4.15462376505145,5.30308709009413,5.45990215691962,60
"2026-09-29T21:05:34Z","2026_04_IND_WAS","00-0030279",4.88834187706737,5.47541528656221,6.66544241088086,7.25935536097037,8.46845378402323,9.04329543537853,8.48241361357523,9.05725526493053,60
"2026-09-29T21:05:34Z","2026_04_IND_WAS","00-0031588",5.89404479758984,6.36177609953442,7.96696234402452,8.43304884183945,10.0692430754735,10.5460682597964,10.0798801846185,10.5567053689413,60
"2026-09-29T21:05:34Z","2026_04_IND_WAS","00-0032268",15.6439516161904,16.5332851854475,15.645661483236,16.5349950524931,15.6473713502816,16.5367049195387,18.7302355110215,19.6733216527074,60
"2026-09-29T21:05:34Z","2026_04_IND_WAS","00-0032951",2.03969288175535,2.16662227249485,2.38879852856238,2.51572791930188,2.73790417536941,2.86483356610891,2.74066739666728,2.86759678740678,60
"2026-09-29T21:05:34Z","2026_04_IND_WAS","00-0033217",0.964240211831346,1.0347573066824,1.30670980787891,1.37722690272997,1.64917940392648,1.71969649877753,1.99452676085308,2.06504385570413,60
"2026-09-29T21:05:34Z","2026_04_IND_WAS","00-0035021",1.25191440958036,1.33859137573509,1.44265455714553,1.52933152330025,1.63339470471069,1.72007167086542,1.63624279206528,1.72291975822,53
"2026-09-29T21:05:34Z","2026_04_IND_WAS","00-0035535",3.53562537496839,3.59421888920419,4.50610662493879,4.56470013917459,5.47658787490919,5.53518138914498,5.4941639719935,5.55275748622929,60
"2026-09-29T21:05:34Z","2026_04_IND_WAS","00-0035659",7.20344959845707,7.72936142584878,9.49713000515779,10.0166879684051,11.7767022864067,12.2976395109832,11.7883058157006,12.3092430402771,60
"2026-09-29T21:05:34Z","2026_04_IND_WAS","00-0035710",15.2100449841245,16.1262258136782,15.2116102117816,16.1277910413353,15.2131754394386,16.1293562689923,18.3898154881178,19.3641338206236,60
"2026-09-29T21:05:34Z","2026_04_IND_WAS","00-0036223",18.2518125745632,19.3207852700834,19.6318388326161,20.7054945680026,21.015746420821,22.1087272357376,21.1222741582948,22.2152549732113,60
"2026-09-29T21:05:34Z","2026_04_IND_WAS","00-0036626",1.32960786347027,1.50106039886641,1.87035275432182,2.04180528971796,2.41109764517338,2.58255018056951,2.49918615085349,2.67063868624963,60
"2026-09-29T21:05:34Z","2026_04_IND_WAS","00-0036628",1.15526548093476,1.28058447270064,1.54468171156372,1.6700007033296,1.93409794219267,2.05941693395855,2.32748446728253,2.45280345904841,60
"2026-09-29T21:05:34Z","2026_04_IND_WAS","00-0037256",5.25822804231937,5.51196572220817,6.2565126016569,6.5102502815457,7.25479716099444,7.50853484088323,7.26466442633954,7.51840210622833,60
"2026-09-29T21:05:34Z","2026_04_IND_WAS","00-0037292",0.442533943452453,0.615918754810204,0.595304161231475,0.768688972589226,0.748074379010496,0.921459190368247,0.903729764126725,1.07711457548448,60
"2026-09-29T21:05:34Z","2026_04_IND_WAS","00-0037742",1.40829330878092,1.50877617882897,1.89996772763939,2.00045059768744,2.39164214649786,2.49212501654591,2.39449476697006,2.49497763701811,60
"2026-09-29T21:05:34Z","2026_04_IND_WAS","00-0037809",3.1370683104089,3.23134724337564,4.2802930323753,4.37457196534203,5.42351775434169,5.51779668730842,6.57074547697443,6.66502440994116,60
"2026-09-29T21:05:34Z","2026_04_IND_WAS","00-0038997",8.49696633888519,9.07317657216862,11.0789781705428,11.642691517332,13.5770888266901,14.1797551682223,13.5875754650561,14.1902418065883,60
"2026-09-29T21:05:34Z","2026_04_IND_WAS","00-0039355",1.34846162221608,1.56823276982615,1.72544887130787,1.94522001891794,2.10243612039966,2.32220726800973,2.10534259497793,2.325113742588,59
"2026-09-29T21:05:34Z","2026_04_IND_WAS","00-0039686",0.522201283319056,0.660580984042864,0.74812050184772,0.886500202571529,0.974039720376385,1.11241942110019,1.2028948464447,1.34127454716851,59
"2026-09-29T21:05:34Z","2026_04_IND_WAS","00-0039816",0.496239623747785,0.535081512704995,0.637861074454775,0.676702963411985,0.779482525161765,0.818324414118975,0.782277605802288,0.821119494759498,60
"2026-09-29T21:05:34Z","2026_04_IND_WAS","00-0039912",1.15247161020462,1.21499543094645,1.46743448409306,1.52995830483489,1.78239735798151,1.84492117872334,2.10023805722905,2.16276187797089,60
"2026-09-29T21:05:34Z","2026_04_IND_WAS","00-0040128",7.28666534053961,7.70386754138208,9.95805269716115,10.3851302040017,12.5824466593531,13.0722449734629,15.236244671426,15.7824562363818,60
"2026-09-29T21:05:34Z","2026_04_IND_WAS","00-0040164",1.23609556339787,1.29734928568792,1.59427956314554,1.65553328543559,1.95246356289321,2.01371728518326,1.95514710629684,2.0164008285869,60
"2026-09-29T21:05:34Z","2026_04_IND_WAS","00-0040179",1.31439001145772,1.40132517244432,1.40943197276422,1.49636713375082,1.50447393407072,1.59140909505732,1.51217766585477,1.59911282684137,53
"2026-09-29T21:05:34Z","2026_04_IND_WAS","00-0040242",8.99312544942664,9.53259738952045,9.36969943869919,9.90917137879301,9.74627342797174,10.2857453680656,9.79628065512878,10.3357525952226,60
"2026-09-29T21:05:34Z","2026_04_IND_WAS","00-0041040",2.81664545429336,2.90544392474059,3.75741877790345,3.84621724835067,4.69819210151353,4.78699057196076,4.70157233508589,4.79037080553312,60
"2026-09-29T21:05:34Z","2026_04_IND_WAS","00-0041096",1.80297958408476,1.88470840697557,1.92483331304171,2.00656213593252,2.04668704199865,2.12841586488946,2.05523078082491,2.13695960371573,60
"2026-09-29T21:05:34Z","2026_04_IND_WAS","00-0041125",1.20064613268433,1.28757170844925,1.38460137810678,1.4715269538717,1.56855662352924,1.65548219929415,1.5764970183811,1.66342259414601,60
"2026-09-29T21:05:34Z","2026_04_IND_WAS","00-0041132",0.98135209865999,1.06527724955232,1.1439108004134,1.22783595130573,1.30646950216681,1.39039465305914,1.31011894068222,1.39404409157456,60
"2026-09-29T21:05:34Z","2026_04_JAX_CIN","00-0032104",1.86487717520593,1.90522359588945,2.3466848573543,2.38703127803783,2.82849253950267,2.8688389601862,2.83582932724396,2.87617574792749,60
"2026-09-29T21:05:34Z","2026_04_JAX_CIN","00-0033526",3.36562480306884,3.47095949043116,3.954852809386,4.06018749674832,4.54408081570315,4.64941550306548,4.57180161615794,4.67713630352026,60
"2026-09-29T21:05:34Z","2026_04_JAX_CIN","00-0034613",1.38126112204559,1.41594285861022,1.993111068075,2.02779280463963,2.60496101410441,2.63964275066904,3.22108339150485,3.25576512806948,39
"2026-09-29T21:05:34Z","2026_04_JAX_CIN","00-0034829",3.74318054429677,3.95057359518225,4.74835105228907,4.95574410317455,5.75352156028136,5.96091461116685,6.76281319077042,6.97020624165591,60
"2026-09-29T21:05:34Z","2026_04_JAX_CIN","00-0034960",5.94569718260784,6.21051591908111,7.87140527886534,8.14131410352725,9.79774765085464,10.0827169016129,9.82805532620098,10.1130245769592,60
"2026-09-29T21:05:34Z","2026_04_JAX_CIN","00-0035631",1.14803729659848,1.2598900984663,1.66134158534506,1.77319438721288,2.17464587409164,2.28649867595946,2.69081890616811,2.80267170803593,60
"2026-09-29T21:05:34Z","2026_04_JAX_CIN","00-0036410",8.91432661658841,9.46253443976976,11.0425985931509,11.6033194552641,13.1596816419796,13.784415581635,13.1724886727564,13.7972226124117,60
"2026-09-29T21:05:34Z","2026_04_JAX_CIN","00-0036442",15.2784980413759,18.7191571247329,15.2801162308412,18.7207753141981,15.2817344203064,18.7223935036633,18.1110138325004,22.3121153514754,60
"2026-09-29T21:05:34Z","2026_04_JAX_CIN","00-0036590",0.632558089053665,0.662488455482964,0.858469949794944,0.888400316224243,1.08438181053622,1.11431217696552,1.31318987614415,1.34312024257345,60
"2026-09-29T21:05:34Z","2026_04_JAX_CIN","00-0036900",11.7603803644876,12.2758136753041,15.0349858991389,15.5996710298535,18.3065154854918,18.9377556957648,18.3232217771933,18.9544619874663,60
"2026-09-29T21:05:34Z","2026_04_JAX_CIN","00-0036971",17.8143011872356,18.7016786574155,17.8158142238049,18.7031916939848,17.8173272603743,18.7047047305542,21.3134907813951,22.3786044142249,60
"2026-09-29T21:05:34Z","2026_04_JAX_CIN","00-0038597",13.3647197803928,13.8879673639837,14.8732513711441,15.396498954735,16.3817829618953,16.9050305454863,16.4173923406976,16.9406399242885,60
"2026-09-29T21:05:34Z","2026_04_JAX_CIN","00-0038606",9.86471909718686,10.3322402316633,12.5071700851327,12.9601208442361,15.1231394314442,15.6253715385463,15.1337060219392,15.6359381290413,60
"2026-09-29T21:05:34Z","2026_04_JAX_CIN","00-0038611",4.25639508933839,4.43982138598329,4.38166186090588,4.56508815755078,4.50692863247338,4.69035492911828,4.5137080839796,4.6971343806245,60
"2026-09-29T21:05:34Z","2026_04_JAX_CIN","00-0038935",3.98818248071169,4.06792674835677,5.13006554203183,5.20980980967691,6.27194860335198,6.35169287099705,7.41928302991165,7.49902729755673,60
"2026-09-29T21:05:34Z","2026_04_JAX_CIN","00-0039814",1.19435252288102,1.26470527937137,1.73513424358395,1.8054870000743,2.27591596428688,2.34626872077724,2.81979880519939,2.89015156168974,60
"2026-09-29T21:05:34Z","2026_04_JAX_CIN","00-0039893",4.28928941486023,4.48609238936436,5.43123558823148,5.62803856273561,6.57318176160273,6.76998473610687,6.57580725222133,6.77261022672546,60
"2026-09-29T21:05:34Z","2026_04_JAX_CIN","00-0040208",0.660137437489574,0.707676919118134,0.75083422093757,0.79837370256613,0.841531004385566,0.889070486014127,0.848000678061397,0.895540159689958,60
"2026-09-29T21:05:34Z","2026_04_JAX_CIN","00-0040238",1.10077842737751,1.16594023347597,1.39614056403996,1.46130237013842,1.69150270070241,1.75666450680087,1.69775897841913,1.7629207845176,60
"2026-09-29T21:05:34Z","2026_04_JAX_CIN","00-0040534",0.608010776415605,0.678557327065517,0.746298064034363,0.816844614684275,0.88458535165312,0.955131902303032,0.887592424316155,0.958138974966067,60
"2026-09-29T21:05:34Z","2026_04_JAX_CIN","00-0040718",1.03815441427979,1.09198199737783,1.33970080603237,1.3935283891304,1.64124719778494,1.69507478088298,1.6457741838371,1.69960176693513,60
"2026-09-29T21:05:34Z","2026_04_JAX_CIN","00-0040719",9.33107419888499,10.4140148274054,9.85876089043003,10.9417015189505,10.3864475819751,11.4693882104955,10.4400085129515,11.522949141472,60
"2026-09-29T21:05:34Z","2026_04_JAX_CIN","00-0040785",2.24356146064422,2.31654463189927,2.76565940691706,2.83864257817211,3.28775735318991,3.36074052444496,3.29113758676227,3.36412075801732,60
"2026-09-29T21:05:34Z","2026_04_JAX_CIN","00-0041069",0.819057325143922,0.880410413710048,1.14753058117122,1.20888366973734,1.47600383719851,1.53735692576463,1.47938407077087,1.540737159337,60
"2026-09-29T21:05:34Z","2026_04_JAX_CIN","00-0041084",0.482905267306169,0.504270619347978,0.67245031025666,0.693815662298469,0.86199535320715,0.88336070524896,1.05599056140683,1.07735591344864,60
"2026-09-29T21:05:34Z","2026_04_JAX_CIN","00-0041100",1.43953354410225,1.54805165417979,1.84099621215928,1.94951432223682,2.24245888021631,2.35097699029385,2.24583911378867,2.35435722386622,60
"2026-09-29T21:05:34Z","2026_04_JAX_CIN","00-0041106",0.697607683369632,0.882197720716687,0.905570712164513,1.09016074951157,1.11353374095939,1.29812377830645,1.1175439438015,1.30213398114856,54
"2026-09-29T21:05:34Z","2026_04_JAX_CIN","00-0041116",0.688199734520559,0.751764337221054,0.87774477747105,0.941309380171545,1.06728982042154,1.13085442312204,1.26128502862122,1.32484963132172,60
"2026-09-29T21:05:34Z","2026_04_JAX_CIN","00-0041503",0.71379595051858,0.76428731568457,0.919738871121514,0.970230236287504,1.12568179172445,1.17617315689044,1.33535832641113,1.38584969157712,60
"2026-09-29T21:05:34Z","2026_04_KC_LV","00-0029604",11.9106332890809,13.0549812388004,11.9123228491454,13.0566707988649,11.9140124092099,13.0583603589294,14.9742360867221,16.4102661843525,60
"2026-09-29T21:05:34Z","2026_04_KC_LV","00-0030506",6.83026460642771,6.99747567540708,8.55043383549671,8.71764490447608,10.2706030645657,10.4378141335451,11.9943311438565,12.1615422128359,60
"2026-09-29T21:05:34Z","2026_04_KC_LV","00-0033873",15.2069267474554,17.1368001273632,15.2290285501797,17.1589019300875,15.251130352904,17.1810037328119,18.3361053386505,20.6225070092057,60
"2026-09-29T21:05:34Z","2026_04_KC_LV","00-0034365",0.786710738979837,0.859817011048272,1.09562312059938,1.16872939266782,1.40453550221892,1.47764177428736,1.71635081090687,1.7894570829753,54
"2026-09-29T21:05:34Z","2026_04_KC_LV","00-0035891",1.48512432582824,1.6347287097698,1.84275809085597,1.99236247479754,2.20039185588371,2.34999623982527,2.2031884252744,2.35279280921597,60
"2026-09-29T21:05:34Z","2026_04_KC_LV","00-0036637",1.70922632255215,1.83599486171287,2.29229837601108,2.41906691517181,2.87537042947001,3.00213896863074,3.46131644581051,3.58808498497124,60
"2026-09-29T21:05:34Z","2026_04_KC_LV","00-0037093",0.830643266797474,0.961735009825279,0.989507690077037,1.12059943310484,1.1483721133566,1.27946385638441,1.15102995835274,1.28212170138055,60
"2026-09-29T21:05:34Z","2026_04_KC_LV","00-0037291",2.68656695594132,2.79176392696823,3.35721050158026,3.46240747260718,4.0278540472192,4.13305101824612,4.03046103114863,4.13565800217555,60
"2026-09-29T21:05:34Z","2026_04_KC_LV","00-0037304",0.671751369663547,0.81418810398316,0.769450642609988,0.911887376929601,0.867149915556429,1.00958664987604,0.873314175251847,1.01575090957146,60
"2026-09-29T21:05:34Z","2026_04_KC_LV","00-0038104",3.28958142727139,3.41431554766209,3.94507814595301,4.06981226634371,4.60057486463463,4.72530898502533,4.60322174323706,4.72795586362776,60
"2026-09-29T21:05:34Z","2026_04_KC_LV","00-0038134",16.1475869829413,17.0695477680469,17.3693679219288,18.2913287070344,18.5911488609163,19.5131096460219,18.6254910689469,19.5474518540525,60
"2026-09-29T21:05:34Z","2026_04_KC_LV","00-0038489",0.435070609568169,0.512558300495309,0.534687713867504,0.612175404794645,0.634304818166839,0.71179250909398,0.641193003651382,0.718680694578523,54
"2026-09-29T21:05:34Z","2026_04_KC_LV","00-0038519",0.418501308386301,0.50337592510754,0.512723482382786,0.597598099104025,0.606945656379271,0.691820273100511,0.609600269529951,0.69447488625119,60
"2026-09-29T21:05:34Z","2026_04_KC_LV","00-0038563",5.15963523803365,5.3339485677759,6.47458810679379,6.64890143653603,7.78954097555392,7.96385430529617,7.79214774857211,7.96646107831436,60
"2026-09-29T21:05:34Z","2026_04_KC_LV","00-0039066",3.12094268725569,3.33692915988399,4.39098722718513,4.60697369981343,5.66103176711457,5.87701823974287,6.93398934958229,7.14997582221059,60
"2026-09-29T21:05:34Z","2026_04_KC_LV","00-0039067",7.26280556995595,7.63344521522721,9.26676281049861,9.63740245576987,11.2707200510413,11.6413596963125,11.2743349936909,11.6449746389621,60
"2026-09-29T21:05:34Z","2026_04_KC_LV","00-0039338",6.89930840909678,7.07620314842455,9.17274695504765,9.34964169437542,11.4461855009985,11.6230802403263,13.7227688050689,13.8996635443967,60
"2026-09-29T21:05:34Z","2026_04_KC_LV","00-0039407",0.593941152299608,0.683847767265161,0.672950223480168,0.762856838445721,0.751959294660727,0.84186590962628,0.75939528774298,0.849301902708533,60
"2026-09-29T21:05:34Z","2026_04_KC_LV","00-0039824",0.457965355381553,0.558054571523626,0.633357398905897,0.733446615047971,0.808749442430241,0.908838658572315,0.987922232736429,1.0880114488785,54
"2026-09-29T21:05:34Z","2026_04_KC_LV","00-0039894",4.24030484906671,4.32163127877514,5.45081981080949,5.53214624051792,6.66133477255227,6.7426612022607,6.66396568630121,6.74529211600964,60
"2026-09-29T21:05:34Z","2026_04_KC_LV","00-0040078",1.60011602985992,1.88642445449222,2.06755769183318,2.35386611646548,2.53499935380644,2.82130777843874,2.54149243398903,2.82780085862133,60
"2026-09-29T21:05:34Z","2026_04_KC_LV","00-0040081",0.589732990700889,0.654854433050934,0.795675911303823,0.860797353653868,1.00161883190676,1.0667402742568,1.21129536659344,1.27641680894348,54
"2026-09-29T21:05:34Z","2026_04_KC_LV","00-0040122",12.2681324427411,13.3809167832608,13.7583106461593,14.871094986679,15.2484888495776,16.3612731900973,15.2899774602384,16.4027618007581,60
"2026-09-29T21:05:34Z","2026_04_KC_LV","00-0040646",0.886046128006512,1.01017497715588,1.24230361246908,1.36643246161844,1.59856109693164,1.722689946081,1.6014477509344,1.72557660008377,60
"2026-09-29T21:05:34Z","2026_04_KC_LV","00-0040729",1.94918608224167,1.99281880384435,2.57413296939682,2.6177656909995,3.19907985655197,3.24271257815464,3.20174922810147,3.24538194970414,39
"2026-09-29T21:05:34Z","2026_04_KC_LV","00-0040878",3.34275513545407,3.51859887059754,3.44459729234307,3.62044102748654,3.54643944923207,3.72228318437554,3.55437984408393,3.7302235792274,60
"2026-09-29T21:05:34Z","2026_04_KC_LV","00-0040890",0.483960983811044,0.746266226356584,0.619823291426533,0.882128533972072,0.755685599042022,1.01799084158756,0.759065832614383,1.02137107515992,54
"2026-09-29T21:05:34Z","2026_04_KC_LV","00-0040894",0.5777802652277,0.676392522269335,0.795755661376642,0.894367918418277,1.01373105752558,1.11234331456722,1.01711129109795,1.11572354813958,60
"2026-09-29T21:05:34Z","2026_04_KC_LV","00-0041013",3.55281074616352,3.6944438139258,4.00135261019377,4.14298567795605,4.44989447422402,4.5915275419863,4.45783486907588,4.59946793683816,60
"2026-09-29T21:05:34Z","2026_04_LAC_SEA","00-0033576",0.652557564636471,0.94231340170486,0.914939563996157,1.20469540106455,1.17732156335584,1.46707740042423,1.44259771212976,1.73235354919815,55
"2026-09-29T21:05:34Z","2026_04_LAC_SEA","00-0033908",4.05427144915807,4.33056318789176,5.29086333772623,5.56715507645993,6.5274552262944,6.80374696502809,6.55685482315003,6.83314656188372,55
"2026-09-29T21:05:34Z","2026_04_LAC_SEA","00-0034272",1.41299183667051,1.61840342911803,2.01429169766824,2.21970329011576,2.61559155866597,2.82100315111349,2.61862505228024,2.82403664472776,55
"2026-09-29T21:05:34Z","2026_04_LAC_SEA","00-0034869",12.1081930545934,12.3422474633619,12.1081930545934,12.3422474633619,12.1081930545934,12.3422474633619,14.7436980217229,14.9777524304914,55
"2026-09-29T21:05:34Z","2026_04_LAC_SEA","00-0035125",1.02751888955192,1.0550729281604,1.36716696460649,1.39472100321496,1.70681503966105,1.73436907826953,1.71377302387249,1.74132706248097,55
"2026-09-29T21:05:34Z","2026_04_LAC_SEA","00-0036355",11.9651783614227,12.3135551958858,11.9652509704743,12.3136278049374,11.9653235795259,12.313700413989,14.7313411154817,15.0797179499448,55
"2026-09-29T21:05:34Z","2026_04_LAC_SEA","00-0037545",3.58224108033299,3.65436927127826,4.43768956604063,4.50981775698591,5.29313805174828,5.36526624269356,5.3019146749613,5.37404286590658,55
"2026-09-29T21:05:34Z","2026_04_LAC_SEA","00-0038454",3.47982987611003,3.93217337313753,3.91660718136658,4.36895067839409,4.35338448662314,4.80572798365065,4.35969180392463,4.81203530095214,55
"2026-09-29T21:05:34Z","2026_04_LAC_SEA","00-0038488",0.918239171360998,1.07170417435403,1.13714521678881,1.29061021978185,1.35605126221663,1.50951626520966,1.36220290133335,1.51566790432638,55
"2026-09-29T21:05:34Z","2026_04_LAC_SEA","00-0038543",12.4338421456737,12.6732337514638,15.3239415021852,15.5633331079753,18.2140408586967,18.4534324644868,18.23703680492,18.4764284107102,60
"2026-09-29T21:05:34Z","2026_04_LAC_SEA","00-0038544",4.11031926756904,4.44071466736763,5.21119580267626,5.54159120247484,6.31207233778347,6.64246773758206,6.32326495485802,6.6536603546566,55
"2026-09-29T21:05:34Z","2026_04_LAC_SEA","00-0038573",0.575523442056401,0.675864982703686,0.723362670638502,0.823704211285787,0.871201899220603,0.971543439867888,0.873851686743415,0.9741932273907,55
"2026-09-29T21:05:34Z","2026_04_LAC_SEA","00-0038797",5.20273840634688,6.35503344728996,5.40421335998428,6.55650840092736,5.60568831362167,6.75798335456475,5.611841499262,6.76413654020507,55
"2026-09-29T21:05:34Z","2026_04_LAC_SEA","00-0039299",3.56891569277089,5.31304128183914,4.12681221507092,5.87093780413917,4.68470873737095,6.42883432643921,4.7009532720879,6.44507886115616,55
"2026-09-29T21:05:34Z","2026_04_LAC_SEA","00-0039391",3.08182938397522,3.25193832110141,3.42807465451148,3.59818359163767,3.77431992504775,3.94442886217394,3.78058271515234,3.95069165227853,55
"2026-09-29T21:05:34Z","2026_04_LAC_SEA","00-0039489",0.355710182632715,0.464123648202947,0.483757439619462,0.592170905189694,0.611804696606209,0.720218162176441,0.743642538253113,0.852056003823345,55
"2026-09-29T21:05:34Z","2026_04_LAC_SEA","00-0039793",3.87461835583134,4.37192293606223,4.969285312055,5.46658989228589,6.06395226827865,6.56125684850954,7.16147319067631,7.6587777709072,55
"2026-09-29T21:05:34Z","2026_04_LAC_SEA","00-0039915",5.53049486335914,5.9143131094761,7.00569989575744,7.3895181418744,8.48090492815573,8.86472317427269,8.48351540165805,8.86733364777501,55
"2026-09-29T21:05:34Z","2026_04_LAC_SEA","00-0040058",0.352704642533475,0.46853218381614,0.441203504448167,0.557031045730832,0.529702366362858,0.645529907645523,0.621365202867008,0.737192744149672,55
"2026-09-29T21:05:34Z","2026_04_LAC_SEA","00-0040189",3.08040328956888,3.32564724704467,3.91723872456255,4.16248268203835,4.75407415955623,4.99931811703202,5.60091439951621,5.846158356992,55
"2026-09-29T21:05:34Z","2026_04_LAC_SEA","00-0040331",0.506248465223868,0.526606848354729,0.695793508174359,0.71615189130522,0.885338551124849,0.90569693425571,1.07933375932453,1.09969214245539,47
"2026-09-29T21:05:34Z","2026_04_LAC_SEA","00-0040621",0.7121203953039,0.887413452491698,0.920083424098781,1.09537648128658,1.12804645289366,1.30333951008146,1.13205665573577,1.30734971292357,55
"2026-09-29T21:05:34Z","2026_04_LAC_SEA","00-0040648",2.31202754475279,2.47540448467028,2.95441303462101,3.11778997453849,3.59679852448922,3.7601754644067,3.59977739386446,3.76315433378194,55
"2026-09-29T21:05:34Z","2026_04_LAC_SEA","00-0040666",9.02452974785093,9.31699374878296,9.72348932058479,10.0159533215168,10.4224488933186,10.7149128942507,10.5514102445912,10.8438742455232,60
"2026-09-29T21:05:34Z","2026_04_LAC_SEA","00-0040727",3.63371862440329,4.02821243565724,4.67905899816786,5.07355280942182,5.72439937193244,6.11889318318639,5.72704485990493,6.12153867115888,55
"2026-09-29T21:05:34Z","2026_04_LAC_SEA","00-0040739",1.01228058716336,1.21482012191831,1.30531170835963,1.50785124311458,1.5983428295559,1.80088236431085,1.90644436823563,2.10898390299058,55
"2026-09-29T21:05:34Z","2026_04_LAC_SEA","00-0041512",4.92339640858508,6.54883016094998,5.3820756909528,7.0075094433177,5.84075497332051,7.46618872568541,6.01250416211815,7.63793791448305,55
"2026-09-29T21:05:34Z","2026_04_LAC_SEA","00-0041550",1.06009660267973,1.09176901733793,1.34394910497222,1.37562151963043,1.62780160726471,1.65947402192292,1.63145104578013,1.66312346043833,38
"2026-09-29T21:05:34Z","2026_04_LA_PHI","00-0026498",14.0803122301021,15.9045156777548,14.0818096692814,15.9060131169341,14.0833071084607,15.9075105561134,17.366912851495,19.2967569405541,60
"2026-09-29T21:05:34Z","2026_04_LA_PHI","00-0030061",3.26046727953973,3.36328259969432,4.54394015401745,4.64675547417203,5.82741302849517,5.93022834864975,7.11400100088689,7.21681632104147,60
"2026-09-29T21:05:34Z","2026_04_LA_PHI","00-0031381",10.9794867728734,11.76362584093,13.5737538111533,14.3178534690904,16.1092979702817,16.9188587775223,16.1197550533692,16.9293158606098,60
"2026-09-29T21:05:34Z","2026_04_LA_PHI","00-0033110",3.34910935753674,3.44702628344878,4.47892208892465,4.57683901483669,5.60873482031255,5.7066517462246,6.79683874025687,6.89475566616891,60
"2026-09-29T21:05:34Z","2026_04_LA_PHI","00-0033246",1.00692052393863,1.0535658649398,1.35569306149364,1.40233840249481,1.70446559904864,1.75111094004982,2.05610600508203,2.10275134608321,60
"2026-09-29T21:05:34Z","2026_04_LA_PHI","00-0034844",12.1330005748932,12.7788650485713,12.8362798535084,13.4821443271865,13.5395591321236,14.1854236058017,13.5877337490477,14.2335982227258,60
"2026-09-29T21:05:34Z","2026_04_LA_PHI","00-0036244",2.962013022852,3.10069183077963,3.80384541781391,3.94252422574154,4.64567781277582,4.78435662070345,5.49443717096781,5.63311597889545,60
"2026-09-29T21:05:34Z","2026_04_LA_PHI","00-0036389",15.5942585546885,17.4880591548046,15.5957716387505,17.4895722388666,15.5972847228124,17.4910853229285,18.402885075355,20.7358161607234,60
"2026-09-29T21:05:34Z","2026_04_LA_PHI","00-0036849",1.78271760348846,1.82323864978553,2.15052570919254,2.1910467554896,2.51833381489662,2.55885486119368,2.52119211579501,2.56171316209207,37
"2026-09-29T21:05:34Z","2026_04_LA_PHI","00-0036912",9.00649964093102,9.4309107573861,11.9134951900208,12.4082486681304,14.8249019398918,15.3863392692647,14.8354280060771,15.3968653354501,60
"2026-09-29T21:05:34Z","2026_04_LA_PHI","00-0036980",1.21322379723898,1.23499960458823,1.70414079465224,1.72591660200148,2.1950577920655,2.21683359941474,2.19826792878941,2.22004373613865,37
"2026-09-29T21:05:34Z","2026_04_LA_PHI","00-0037132",0.56137049744639,0.590266926168087,0.732336049756369,0.761232478478065,0.903301602066347,0.932198030788044,0.906063884691491,0.934960313413187,37
"2026-09-29T21:05:34Z","2026_04_LA_PHI","00-0037840",11.6238665982136,12.3658727370939,12.8306911145229,13.5726972534032,14.0375156308322,14.7795217697125,14.1445995969346,14.8866057358149,60
"2026-09-29T21:05:34Z","2026_04_LA_PHI","00-0038359",1.29959101406576,1.34380395435029,1.56539311160625,1.60960605189079,1.83119520914675,1.87540814943128,1.83379364634279,1.87800658662732,37
"2026-09-29T21:05:34Z","2026_04_LA_PHI","00-0038393",5.52435865564737,5.78556586043656,7.10985627716052,7.35798473656797,8.68752153323145,8.94190809579692,8.69815860301116,8.95254516557663,60
"2026-09-29T21:05:34Z","2026_04_LA_PHI","00-0038498",0.478968441088893,0.515398168038387,0.577588599085065,0.614018326034559,0.676208757081237,0.712638484030731,0.778046668104164,0.814476395053658,37
"2026-09-29T21:05:34Z","2026_04_LA_PHI","00-0038555",2.39491051789226,2.49869516698222,2.67840206359385,2.78218671268381,2.96189360929544,3.0656782583854,3.03687884331652,3.14066349240648,60
"2026-09-29T21:05:34Z","2026_04_LA_PHI","00-0039074",1.43120853767168,1.49874234536221,1.91447862268213,1.98201243037265,2.39774870769258,2.4652825153831,2.88387027843968,2.9514040861302,60
"2026-09-29T21:05:34Z","2026_04_LA_PHI","00-0039075",11.1079555143247,11.2703389621361,13.766784399728,13.9291678475395,16.4256132851314,16.5879967329428,16.4395609015271,16.6019443493386,37
"2026-09-29T21:05:34Z","2026_04_LA_PHI","00-0039738",6.13350426064128,6.85167368553633,6.61228438698059,7.33045381187565,7.09106451331991,7.80923393821497,7.12542190271253,7.84359132760759,60
"2026-09-29T21:05:34Z","2026_04_LA_PHI","00-0039746",1.45808020678482,1.53473978800208,1.87986576107313,1.95652534229038,2.30165131536143,2.37831089657869,2.30784542478356,2.38450500600082,60
"2026-09-29T21:05:34Z","2026_04_LA_PHI","00-0039751",1.53659599187653,1.58762359057304,1.88430537536403,1.93533297406054,2.23201475885153,2.28304235754804,2.23469331728107,2.28572091597758,37
"2026-09-29T21:05:34Z","2026_04_LA_PHI","00-0040024",1.09275782128322,1.12290232363487,1.46897097488359,1.49911547723524,1.84518412848396,1.87532863083562,1.8478835995172,1.87802810186885,37
"2026-09-29T21:05:34Z","2026_04_LA_PHI","00-0040590",2.72708366918631,2.93434190125009,3.27713725408327,3.48439548614705,3.82719083898023,4.03444907104401,3.82981729806592,4.0370755301297,60
"2026-09-29T21:05:34Z","2026_04_LA_PHI","00-0040867",3.49609205896248,3.92225511506083,5.01823244542045,5.43907819155713,6.54062971925419,6.97658473227069,6.55420700337945,6.99016201639595,60
"2026-09-29T21:05:34Z","2026_04_LA_PHI","00-0041399",1.08886874168569,1.12723942506806,1.39041513343827,1.42878581682064,1.69196152519085,1.73033220857322,1.696488511243,1.73485919462537,37
"2026-09-29T21:05:34Z","2026_04_LA_PHI","00-0041510",1.01540303676785,1.0604738973804,1.29024334904606,1.33531420965861,1.56508366132427,1.61015452193682,1.84497720284308,1.89004806345563,37
"2026-09-29T21:05:34Z","2026_04_MIA_MIN","00-0033293",9.7329260364919,10.1003266838888,10.5880260626528,10.9554267100497,11.4431260888137,11.8105267362106,11.4700408438113,11.8374414912083,60
"2026-09-29T21:05:34Z","2026_04_MIA_MIN","00-0035228",10.3228151152524,10.3945462705134,10.3228151152524,10.3945462705134,10.3228151152524,10.3945462705134,12.5346727395863,12.6064038948473,38
"2026-09-29T21:05:34Z","2026_04_MIA_MIN","00-0035229",4.59882879390645,4.70514594304422,5.82554522187041,5.93186237100818,7.05226164983438,7.15857879897215,8.28198103352735,8.38829818266512,38
"2026-09-29T21:05:34Z","2026_04_MIA_MIN","00-0036259",4.28599071590709,4.36895020262583,5.23521874632336,5.3181782330421,6.18444677673963,6.26740626345837,6.21163694373218,6.29459643045092,38
"2026-09-29T21:05:34Z","2026_04_MIA_MIN","00-0036322",7.31900319606364,7.44169099816545,9.06565251146758,9.18834031356939,10.8123018268715,10.9349896289733,10.8152622132533,10.9379500153551,38
"2026-09-29T21:05:34Z","2026_04_MIA_MIN","00-0037252",3.51757083785818,3.58327439021753,4.5865739486169,4.65227750097625,5.65557705937562,5.72128061173497,6.74802780382033,6.81373135617968,38
"2026-09-29T21:05:34Z","2026_04_MIA_MIN","00-0037666",1.67809709766789,1.72274183744382,2.15855440851668,2.20319914829261,2.63901171936547,2.6836564591414,2.64184142746753,2.68648616724346,38
"2026-09-29T21:05:34Z","2026_04_MIA_MIN","00-0038128",9.62614471548112,9.68926453171109,9.62614471548112,9.68926453171109,9.62614471548112,9.68926453171109,11.6103615231317,11.6734813393616,38
"2026-09-29T21:05:34Z","2026_04_MIA_MIN","00-0038824",1.87749942218429,1.91774704573309,2.20408520168998,2.24433282523878,2.53067098119567,2.57091860474447,2.53341420521468,2.57366182876348,38
"2026-09-29T21:05:34Z","2026_04_MIA_MIN","00-0038994",8.39182322757279,8.71023748382578,9.41734931034936,9.73576356660234,10.4428753931259,10.7612896493789,10.4455052828928,10.7639195391458,38
"2026-09-29T21:05:34Z","2026_04_MIA_MIN","00-0039874",3.65661633360695,3.7405566889635,3.84462375803874,3.92856411339528,4.03263118247053,4.11657153782707,4.07114170925475,4.1550820646113,38
"2026-09-29T21:05:34Z","2026_04_MIA_MIN","00-0039880",4.42750606581947,4.50579656410354,5.68291071559516,5.76120121387923,6.93831536537086,7.01660586365493,7.00595130350272,7.08424180178679,38
"2026-09-29T21:05:34Z","2026_04_MIA_MIN","00-0040154",0.788357951174583,0.831438706275755,0.93426045948227,0.977341214583442,1.08016296778996,1.12324372289113,1.08296166334509,1.12604241844626,38
"2026-09-29T21:05:34Z","2026_04_MIA_MIN","00-0040198",3.51335820708268,3.60442527464632,3.83027931900916,3.92134638657279,4.14720043093564,4.23826749849927,4.15348281967444,4.24454988723807,38
"2026-09-29T21:05:34Z","2026_04_MIA_MIN","00-0040215",0.765736195021111,0.805983818569911,0.955281237971601,0.995528861520401,1.14482628092209,1.18507390447089,1.33882148912177,1.37906911267057,38
"2026-09-29T21:05:34Z","2026_04_MIA_MIN","00-0040506",0.801968967463302,0.850071720214131,0.886772860396881,0.934875613147709,0.97157675333046,1.01967950608129,0.974246124879961,1.02234887763079,38
"2026-09-29T21:05:34Z","2026_04_MIA_MIN","00-0040692",1.43111940716542,1.47922215991624,1.61564076815736,1.66374352090819,1.80016212914931,1.84826488190014,1.81000575874333,1.85810851149416,38
"2026-09-29T21:05:34Z","2026_04_MIA_MIN","00-0041077",0.643875964135739,0.663273571851242,0.91871627641395,0.938113884129453,1.19355658869216,1.21295419640766,1.47345013021097,1.49284773792647,38
"2026-09-29T21:05:34Z","2026_04_MIA_MIN","00-0041081",0.697030306487142,0.725884810631938,0.798872463376143,0.827726967520939,0.900714620265144,0.92956912440994,0.908655015117002,0.937509519261799,38
"2026-09-29T21:05:34Z","2026_04_MIA_MIN","00-0041104",1.44181041137218,1.49661237716937,1.6728285608143,1.72763052661149,1.90384671025642,1.95864867605361,1.91239044908268,1.96719241487987,38
"2026-09-29T21:05:34Z","2026_04_MIA_MIN","00-0041436",1.0661482730286,1.09801198735479,1.25922719495477,1.29109090928096,1.45230611688094,1.48416983120713,1.4602465117328,1.49211022605899,38
"2026-09-29T21:05:34Z","2026_04_MIA_MIN","00-0041523",3.78979564242032,3.84559515864052,4.74076404767777,4.79656356389798,5.69173245293523,5.74753196915543,5.69538189145064,5.75118140767084,38
"2026-09-29T21:05:34Z","2026_04_MIA_MIN","00-0041524",0.716070809159893,0.756318432708693,0.931137406266544,0.971385029815343,1.14620400337319,1.18645162692199,1.36500421456359,1.40525183811239,38
"2026-09-29T21:05:34Z","2026_04_MIA_MIN","00-0041525",3.45797931490733,3.52971047016831,4.0814514445548,4.15318259981579,4.70492357420228,4.77665472946327,4.70830380777464,4.78003496303563,38
"2026-09-29T21:05:34Z","2026_04_MIA_MIN","00-0041529",0.816377219351111,0.856624842899911,1.05361371034123,1.09386133389003,1.29085020133136,1.33109782488016,1.29423043490372,1.33447805845252,38
"2026-09-29T21:05:34Z","2026_04_MIA_MIN","00-0041579",0.692058317294468,0.716163893368819,0.96689862957268,0.991004205647031,1.24173894185089,1.26584451792524,1.5216324833697,1.54573805944405,38
"2026-09-29T21:05:34Z","2026_04_NE_BUF","00-0033090",4.03111084035178,5.5939048329717,5.12594956571468,7.49643211701428,6.22078829107758,9.43382827786854,7.3184734704547,11.3655540476236,60
"2026-09-29T21:05:34Z","2026_04_NE_BUF","00-0033555",5.17921178196073,6.20617723549944,6.60265499490745,8.06572025373363,8.02609820785418,9.92529363320306,8.02870374060067,9.93573884715155,60
"2026-09-29T21:05:34Z","2026_04_NE_BUF","00-0034827",6.37757010259308,7.78076346102281,7.76777318037085,9.6602979169769,9.15797625814862,11.5573959480833,9.16255002429546,11.5697789894062,60
"2026-09-29T21:05:34Z","2026_04_NE_BUF","00-0034857",21.7600614689155,22.7058883544679,21.8216954144658,22.7675223000182,21.883329360016,22.8291562455685,25.343446879578,26.3470841550498,60
"2026-09-29T21:05:34Z","2026_04_NE_BUF","00-0035500",1.23281814639169,1.26666771439166,1.81418285028627,1.84803241828623,2.39554755418084,2.42939712218081,2.39929602225344,2.4331455902534,60
"2026-09-29T21:05:34Z","2026_04_NE_BUF","00-0035537",3.56006088519262,3.79169274523992,4.50291818303555,4.66351367821674,5.3406270072298,5.62345073685232,5.34720400206285,5.66024496517885,60
"2026-09-29T21:05:34Z","2026_04_NE_BUF","00-0035689",2.18021775339786,2.3007005773799,2.98860879862443,3.10909162260647,3.796999843851,3.91748266783305,4.60824617859541,4.72872900257745,60
"2026-09-29T21:05:34Z","2026_04_NE_BUF","00-0036187",0.552464490610946,0.609355932756424,0.694337444986574,0.751228887132051,0.836210399362201,0.893101841507679,0.842349704733612,0.899241146879089,60
"2026-09-29T21:05:34Z","2026_04_NE_BUF","00-0036875",7.75318771370293,8.12637536581207,8.81900869800939,9.52643596924844,9.88482968231585,10.9392586035936,9.9704355672136,11.0531566157888,60
"2026-09-29T21:05:34Z","2026_04_NE_BUF","00-0036988",2.63545861959238,2.72432506648641,3.16942133284555,3.25828777973958,3.70338404609872,3.79225049299275,3.70620802928232,3.79507447617635,60
"2026-09-29T21:05:34Z","2026_04_NE_BUF","00-0037248",13.0362410166254,14.4361472834835,13.6623968478616,15.2169489644143,14.2885526790979,15.9994821863633,14.4189508684016,16.1580931512127,60
"2026-09-29T21:05:34Z","2026_04_NE_BUF","00-0037261",4.98416694915461,6.10186619094248,6.60420619846456,8.03186479582256,8.22424544777451,9.96891854210847,8.23850830644573,9.99100527474759,60
"2026-09-29T21:05:34Z","2026_04_NE_BUF","00-0037816",5.54157843255415,5.98836104957162,6.73269847732121,7.6665173112122,7.92381852208827,9.34468624665657,7.92643277320261,9.35514921559744,60
"2026-09-29T21:05:34Z","2026_04_NE_BUF","00-0038564",0.275378271073061,0.396091577849966,0.357671035991855,0.47838434276876,0.439963800910649,0.560677107687554,0.525298953824356,0.64601226060126,60
"2026-09-29T21:05:34Z","2026_04_NE_BUF","00-0038621",3.03035342797276,4.31587733154574,3.87595340280511,5.69879540992474,4.72155337763746,7.09967877033222,4.7241711460845,7.1100797259714,60
"2026-09-29T21:05:34Z","2026_04_NE_BUF","00-0038933",7.6857684838522,8.13812781984791,9.87591884642652,10.3818537608756,11.8839709858064,12.6494290569491,13.9088299917944,15.059005749113,60
"2026-09-29T21:05:34Z","2026_04_NE_BUF","00-0039851",14.7223937660965,15.8924882498815,14.7265538780427,15.8966483618277,14.7307139899889,15.9008084737739,18.4768077281025,19.8793918567137,60
"2026-09-29T21:05:34Z","2026_04_NE_BUF","00-0039875",1.73617225111842,1.8732991916506,1.96557645753436,2.10270339806654,2.1949806639503,2.33210760448247,2.20112315068144,2.33825009121362,60
"2026-09-29T21:05:34Z","2026_04_NE_BUF","00-0039901",2.71385279038877,3.51251062626163,3.50544507799578,4.44851712592146,4.30070421409223,5.38452362558129,4.3198239454983,5.39573827448028,60
"2026-09-29T21:05:34Z","2026_04_NE_BUF","00-0040131",1.6863068538377,1.87884544614533,2.01736689125117,2.2099054835588,2.34842692866464,2.54096552097227,2.35104535991713,2.54358395222477,60
"2026-09-29T21:05:34Z","2026_04_NE_BUF","00-0040194",0.815967414552745,0.854657703669685,1.03845825003132,1.07714853914826,1.26094908550989,1.29963937462683,1.48634066853333,1.52503095765027,60
"2026-09-29T21:05:34Z","2026_04_NE_BUF","00-0040363",0.481265365049106,0.516287124802616,0.68003627557956,0.71505803533307,0.878807186110015,0.913828945863525,1.08086255876904,1.11588431852255,60
"2026-09-29T21:05:34Z","2026_04_NE_BUF","00-0040556",1.50085044521318,1.52854224550067,1.72181166451233,1.74950346479982,1.94277288381148,1.97046468409897,1.94993260520735,1.97762440549484,60
"2026-09-29T21:05:34Z","2026_04_NE_BUF","00-0040563",1.01686191876696,1.08709467885362,1.35141785886235,1.42165061894901,1.68597379895775,1.75620655904441,1.71254518468531,1.78277794477197,60
"2026-09-29T21:05:34Z","2026_04_NE_BUF","00-0040734",6.21962782668163,7.81221406472167,6.71682720510039,8.2945059773887,7.21402658351915,8.77679789005573,7.22756546535634,8.8196949154567,60
"2026-09-29T21:05:34Z","2026_04_NE_BUF","00-0041314",0.546800118677545,0.581546583180808,0.736345161628036,0.771091626131298,0.925890204578527,0.960636669081789,1.11988541277821,1.15463187728147,59
"2026-09-29T21:05:34Z","2026_04_NE_BUF","00-0041395",1.4735160655617,1.66052797356544,1.85213617999739,2.03914808800114,2.23075629443308,2.41776820243683,2.61341440433821,2.80042631234196,60
"2026-09-29T21:05:34Z","2026_04_NE_BUF","00-0041443",1.10183876710366,1.16792033178326,1.40338515885623,1.46946672353583,1.70493155060881,1.77101311528841,1.70945853666096,1.77554010134056,60
"2026-09-29T21:05:34Z","2026_04_NYJ_CHI","00-0030565",12.13671003331,12.1770564539936,12.1367701461952,12.1771165668788,12.1368302590804,12.177176679764,14.7194043591968,14.7597507798804,60
"2026-09-29T21:05:34Z","2026_04_NYJ_CHI","00-0032464",5.28706025939228,5.36189972163284,6.76086831803305,6.8357077802736,8.23467637667381,8.30951583891437,8.23730679142322,8.31214625366378,60
"2026-09-29T21:05:34Z","2026_04_NYJ_CHI","00-0034959",0.557324196345633,0.578914381679037,0.693142418698685,0.714732604032089,0.828960641051736,0.85055082638514,0.835366419796933,0.856956605130337,60
"2026-09-29T21:05:34Z","2026_04_NYJ_CHI","00-0036275",11.773917517177,12.0706756895465,12.6231756588644,12.9199338312339,13.4724338005519,13.7691919729214,13.553871771797,13.8506299441665,60
"2026-09-29T21:05:34Z","2026_04_NYJ_CHI","00-0036290",2.09137188596033,2.1407973183626,2.65298004135267,2.70240547375494,3.21458819674501,3.26401362914728,3.7790582714715,3.82848370387377,60
"2026-09-29T21:05:34Z","2026_04_NYJ_CHI","00-0036842",0.889329191893974,0.906178046556429,0.975464842593285,0.99231369725574,1.0616004932926,1.07844934795505,1.06891797627676,1.08576683093922,60
"2026-09-29T21:05:34Z","2026_04_NYJ_CHI","00-0037740",8.16356941267878,8.31279918718771,10.4030349220347,10.5522646965436,12.6425004313906,12.7917302058996,12.6527367128927,12.8019664874016,60
"2026-09-29T21:05:34Z","2026_04_NYJ_CHI","00-0037755",1.01421520371203,1.04268372121421,1.32539210582254,1.35386062332471,1.63656900793304,1.66503752543521,1.95085399826355,1.97932251576572,60
"2026-09-29T21:05:34Z","2026_04_NYJ_CHI","00-0037805",1.72361178889059,1.77108787895218,2.52345190780923,2.57092799787082,3.32329202672787,3.37076811678946,4.12600092773567,4.17347701779726,60
"2026-09-29T21:05:34Z","2026_04_NYJ_CHI","00-0038120",10.4526019798895,10.6606091514985,11.5060317038818,11.7140388754908,12.5594614278741,12.7674685994831,12.5905409814188,12.7985481530278,60
"2026-09-29T21:05:34Z","2026_04_NYJ_CHI","00-0039021",1.16298941892033,1.20646540837278,1.32732655854769,1.37080254800013,1.49166369817504,1.53513968762749,1.49842845582587,1.54190444527831,60
"2026-09-29T21:05:34Z","2026_04_NYJ_CHI","00-0039451",2.91182046638221,2.97564947100233,3.88995434009499,3.95378334471511,4.86808821380777,4.93191721842789,4.87073179795308,4.9345608025732,60
"2026-09-29T21:05:34Z","2026_04_NYJ_CHI","00-0039794",5.55377608715514,5.74338343793386,6.0180058604714,6.20761321125012,6.48223563378767,6.67184298456638,6.51519720375832,6.70480455453704,60
"2026-09-29T21:05:34Z","2026_04_NYJ_CHI","00-0039798",3.09316046357944,3.16704757330962,3.45920103389546,3.53308814362564,3.82524160421148,3.89912871394166,3.83164164885853,3.90552875858871,60
"2026-09-29T21:05:34Z","2026_04_NYJ_CHI","00-0039890",4.50758295489602,4.58216666954592,5.67692863121828,5.75151234586817,6.84627430754054,6.92085802219043,6.85914658437315,6.93373029902304,60
"2026-09-29T21:05:34Z","2026_04_NYJ_CHI","00-0039919",4.92356831514073,4.99413752806128,6.04887538566077,6.11944459858132,7.17418245618081,7.24475166910136,7.17910523740504,7.24967445032559,60
"2026-09-29T21:05:34Z","2026_04_NYJ_CHI","00-0040126",4.3004193112325,4.37098852415305,5.59697733216552,5.66754654508607,6.89353535309854,6.96410456601909,8.19300529352947,8.26357450645002,60
"2026-09-29T21:05:34Z","2026_04_NYJ_CHI","00-0040236",7.08712754384745,7.18156388249177,7.65302167643534,7.74745801507966,8.21891580902323,8.31335214766755,8.22514877242871,8.31958511107303,60
"2026-09-29T21:05:34Z","2026_04_NYJ_CHI","00-0040277",1.12662162891909,1.16786744689802,1.42848721325851,1.46973303123744,1.73035279759794,1.77159861557687,1.7332394516007,1.77448526957963,60
"2026-09-29T21:05:34Z","2026_04_NYJ_CHI","00-0040405",0.825129737652161,0.858610900619742,1.03309276644704,1.06657392941462,1.24105579524192,1.2745369582095,1.24506599808403,1.27854716105161,60
"2026-09-29T21:05:34Z","2026_04_NYJ_CHI","00-0040735",5.60688255888473,5.68172202112529,7.23177945894323,7.30661892118378,8.85667635900172,8.93151582124227,8.91467607437366,8.98951553661421,60
"2026-09-29T21:05:34Z","2026_04_NYJ_CHI","00-0040736",1.97513406283183,2.02142432207792,2.91324620677407,2.95953646602016,3.85135835071631,3.8976486099624,4.79257683023325,4.83886708947935,60
"2026-09-29T21:05:34Z","2026_04_NYJ_CHI","00-0041032",5.07962484624487,5.16517359239063,6.34188675761149,6.42743550375725,7.60414866897811,7.68969741512387,8.87014419442847,8.95569294057424,60
"2026-09-29T21:05:34Z","2026_04_NYJ_CHI","00-0041051",1.07610939524123,1.12358548530282,1.35996189753372,1.40743798759531,1.64381439982622,1.69129048988781,1.64746383834163,1.69493992840322,60
"2026-09-29T21:05:34Z","2026_04_NYJ_CHI","00-0041170",0.844199099667151,0.879807821398122,1.11903941194536,1.15464813367633,1.39387972422357,1.42948844595455,1.67377326574238,1.70938198747335,60
"2026-09-29T21:05:34Z","2026_04_NYJ_CHI","00-0041267",0.855618596348835,0.891227318079807,1.06358162514372,1.09919034687469,1.2715446539386,1.30715337566957,1.2755548567807,1.31116357851167,60
"2026-09-29T21:05:34Z","2026_04_NYJ_CHI","00-0041558",1.15911418571133,1.20036000369026,1.47555496619261,1.51680078417154,1.7919957466739,1.83324156465283,2.11217014123893,2.15341595921786,60
"2026-09-29T21:05:34Z","2026_04_PIT_CLE","00-0023459",12.0485590740272,12.770289267428,12.0631438462964,12.7848740396971,12.0777286185656,12.7994588119663,15.0386737692791,15.8314139012421,60
"2026-09-29T21:05:34Z","2026_04_PIT_CLE","00-0031595",0.482091218141222,0.558442286311223,0.642009599080936,0.718360667250938,0.801927980020651,0.878279048190652,0.808079580228601,0.884430648398602,60
"2026-09-29T21:05:34Z","2026_04_PIT_CLE","00-0033537",13.852591905548,14.6824482997197,13.8543003262335,14.6841567204052,13.856008746919,14.6858651410907,16.6050473853398,17.4497300090945,60
"2026-09-29T21:05:34Z","2026_04_PIT_CLE","00-0033757",0.290691212850675,0.314142702963736,0.443960888054235,0.467412378167296,0.597230563257796,0.620682053370857,0.753391701867921,0.776843191980982,60
"2026-09-29T21:05:34Z","2026_04_PIT_CLE","00-0035594",0.797843140601819,1.05904521782998,0.888112864555549,1.14931494178371,0.97838258850928,1.23958466573744,0.985281526880849,1.24648360410901,60
"2026-09-29T21:05:34Z","2026_04_PIT_CLE","00-0035640",6.21185317672959,6.55241423504729,8.05896922171958,8.43744376339763,9.89982146603027,10.3174403921476,9.9118171113036,10.329436037421,60
"2026-09-29T21:05:34Z","2026_04_PIT_CLE","00-0036139",6.53106551614673,7.04293181161136,7.38432973240924,7.89619602787387,8.23759394867175,8.74946024413638,8.27206635575666,8.78393265122129,58
"2026-09-29T21:05:34Z","2026_04_PIT_CLE","00-0036252",4.73894493941561,5.0576239299968,6.44497594538943,6.7499179782065,8.15118676065716,8.46403339514159,8.16367673762999,8.47652337211442,60
"2026-09-29T21:05:34Z","2026_04_PIT_CLE","00-0036407",2.17984532052509,2.3558186866494,2.92166328139329,3.11498663508944,3.64919681893399,3.85751145260112,3.67263692530164,3.88095155896877,60
"2026-09-29T21:05:34Z","2026_04_PIT_CLE","00-0036630",0.497124370974209,0.531218365860871,0.628577639745056,0.662671634631719,0.760030908515904,0.794124903402567,0.762658980589142,0.796752975475805,60
"2026-09-29T21:05:34Z","2026_04_PIT_CLE","00-0036862",0.913399803650553,0.969703449610808,1.17671498487352,1.23301863083378,1.44003016609649,1.49633381205675,1.44272440873383,1.49902805469408,60
"2026-09-29T21:05:34Z","2026_04_PIT_CLE","00-0036894",4.26586306252402,4.42913895852512,5.96355949784206,6.13839572162803,7.65587099306001,7.83571633333492,9.3667124252262,9.58165132410219,60
"2026-09-29T21:05:34Z","2026_04_PIT_CLE","00-0037228",12.8531331315525,13.4071739436917,14.4924272802945,15.049434881655,16.1204346813093,16.6903880820487,16.2103263329731,16.7802797337125,60
"2026-09-29T21:05:34Z","2026_04_PIT_CLE","00-0038409",0.851226306707982,1.29762373364042,0.988012187019714,1.43440961395215,1.12479806733145,1.57119549426388,1.13371927939131,1.58011670632374,53
"2026-09-29T21:05:34Z","2026_04_PIT_CLE","00-0038558",2.59471941455259,2.89473714308436,3.61262629643086,3.92490525046593,4.62318485948658,4.9528027204174,5.66101522139617,6.01065770703961,60
"2026-09-29T21:05:34Z","2026_04_PIT_CLE","00-0038710",0.791234588884757,0.885431927459521,0.995535799773428,1.08973313834819,1.1998370106621,1.29403434923686,1.40702802919069,1.50122536776545,60
"2026-09-29T21:05:34Z","2026_04_PIT_CLE","00-0038794",1.74707723446381,1.80416696648012,1.96677277217528,2.0238625041916,2.18646830988676,2.24355804190307,2.19393779174448,2.25102752376079,60
"2026-09-29T21:05:34Z","2026_04_PIT_CLE","00-0039739",3.44801314894417,3.6035299435592,4.65459727642698,4.84738746578266,5.86118140390979,6.09610038094706,5.88702687560557,6.12194585264284,60
"2026-09-29T21:05:34Z","2026_04_PIT_CLE","00-0039920",0.943854928048964,0.975535873876372,1.2071852597429,1.23886620557031,1.47051559143683,1.50219653726424,1.47550633682795,1.50718728265536,60
"2026-09-29T21:05:34Z","2026_04_PIT_CLE","00-0040466",2.87667696515184,3.24532069297047,3.63203473178103,4.31597169030097,4.29291044180687,5.4231419136143,4.33295677589678,5.46318824770421,60
"2026-09-29T21:05:34Z","2026_04_PIT_CLE","00-0040663",5.69692200633887,5.96940491893553,7.94791252476476,8.22192038986921,10.182529017378,10.4768613942871,12.4437585786226,12.7721696760815,60
"2026-09-29T21:05:34Z","2026_04_PIT_CLE","00-0040782",1.41973228227553,1.45934806178415,1.74892184189451,1.78853762140313,2.07811140151348,2.1177271810221,2.08078077306298,2.1203965525716,60
"2026-09-29T21:05:34Z","2026_04_PIT_CLE","00-0040784",10.5753385194436,11.0292397988677,11.6833100264645,12.1287682607556,12.794368091162,13.2282967226436,12.8300785088832,13.2640071403648,60
"2026-09-29T21:05:34Z","2026_04_PIT_CLE","00-0041037",5.29476031703314,5.50951366964946,6.760323875008,6.9698030263288,8.21804546757006,8.47685729186701,8.23162275169532,8.49043457599227,60
"2026-09-29T21:05:34Z","2026_04_PIT_CLE","00-0041131",0.302187058007195,0.328981285756405,0.426016890076675,0.452811117825885,0.549846722146155,0.576640949895365,0.677410168299384,0.704204396048594,60
"2026-09-29T21:05:34Z","2026_04_PIT_CLE","00-0041397",0.512476540706068,0.552641845484294,0.648338848321556,0.688504153099782,0.784201155937045,0.824366460715271,0.787581389509407,0.827746694287633,60
"2026-09-29T21:05:34Z","2026_04_PIT_CLE","00-0041398",0.56548292644638,0.589650688579071,0.667325083335381,0.691492845468072,0.769167240224382,0.793335002357073,0.77710763507624,0.801275397208932,60
"2026-09-29T21:05:34Z","2026_04_PIT_CLE","00-0041489",1.59686774354965,1.6538593020923,2.19905129468846,2.25604285323111,2.80123484582727,2.85822640436991,2.80461507939963,2.86160663794228,60
"2026-09-29T21:05:34Z","2026_04_PIT_CLE","00-0041490",1.81875996401891,1.89085185534322,1.94061369297586,2.01270558430017,2.06246742193281,2.13455931325712,2.07101116075907,2.14310305208338,39
"2026-09-29T21:05:34Z","2026_04_PIT_CLE","00-0041547",5.05395290115384,5.26809332725763,6.9919505843043,7.24488377932621,8.8990462768778,9.20556136895141,8.98245783631679,9.2889729283904,60
"2026-09-29T21:05:34Z","2026_04_TEN_BAL","00-0032398",1.9649524139737,2.50046810862593,2.34176799799737,2.87728369264959,2.71858358202103,3.25409927667325,2.72122739053442,3.25674308518665,56
"2026-09-29T21:05:34Z","2026_04_TEN_BAL","00-0032764",15.1811220455136,16.6244397481231,15.6691716026297,17.1124893052392,16.1572211597459,17.6005388623554,16.1942242344562,17.6375419370657,60
"2026-09-29T21:05:34Z","2026_04_TEN_BAL","00-0034753",4.47405502299191,5.3020331669396,5.80244619614492,6.63042434009262,7.13083736929794,7.95881551324563,8.46413395924178,9.29211210318947,56
"2026-09-29T21:05:34Z","2026_04_TEN_BAL","00-0034796",15.3335196237291,15.6641882984174,15.3337132478,15.6643819224884,15.333906871871,15.6645755465593,17.7979809119101,18.1286495865985,60
"2026-09-29T21:05:34Z","2026_04_TEN_BAL","00-0034798",0.663705436442836,0.70210725192408,0.882423210818677,0.920825026299921,1.10114098519452,1.13954280067576,1.32271470709043,1.36111652257167,56
"2026-09-29T21:05:34Z","2026_04_TEN_BAL","00-0034837",2.82525271042451,2.94327078544536,3.52500802691072,3.64302610193157,4.22476334339693,4.34278141841779,4.22962515793766,4.34764323295851,56
"2026-09-29T21:05:34Z","2026_04_TEN_BAL","00-0034975",2.93587873435591,3.02183846245707,3.54518889497717,3.63114862307833,4.15449905559842,4.24045878369959,4.16091019381642,4.24686992191758,56
"2026-09-29T21:05:34Z","2026_04_TEN_BAL","00-0035261",7.78326833471349,8.39571110440818,8.57072157739397,9.18316434708866,9.35817482007445,9.97061758976914,9.39324907321742,10.0056918429121,60
"2026-09-29T21:05:34Z","2026_04_TEN_BAL","00-0036550",4.2483326349747,4.3159804717729,5.124963281342,5.19261111814019,6.00159392770929,6.06924176450749,6.0042419457817,6.07188978257989,36
"2026-09-29T21:05:34Z","2026_04_TEN_BAL","00-0036876",0.603265054128674,0.626238203494364,0.881397883834005,0.904371033199695,1.15953071353934,1.18250386290503,1.44084939678708,1.46382254615277,45
"2026-09-29T21:05:34Z","2026_04_TEN_BAL","00-0037594",0.512642326556479,0.580474358500044,0.579536605693997,0.647368637637563,0.646430884831516,0.714262916775082,0.652799602627711,0.720631634571277,56
"2026-09-29T21:05:34Z","2026_04_TEN_BAL","00-0038115",1.46127255059763,1.53072009715084,1.95153101125807,2.02097855781128,2.44178947191852,2.51123701847173,2.9349352637335,3.00438281028671,56
"2026-09-29T21:05:34Z","2026_04_TEN_BAL","00-0038117",5.11571360120102,5.37339427328562,7.13855040383405,7.39623107591865,9.16138720646708,9.41906787855168,9.16400049769877,9.42168116978337,56
"2026-09-29T21:05:34Z","2026_04_TEN_BAL","00-0039032",3.82273784909238,4.03466012085404,4.78650692985757,4.99842920161923,5.75027601062276,5.96219828238442,5.75652907697257,5.96845134873423,56
"2026-09-29T21:05:34Z","2026_04_TEN_BAL","00-0039064",9.07542267059381,9.34931774591673,10.8949981070307,11.1688931823537,12.7145735434677,12.9884686187906,12.7654418780958,13.0393369534187,60
"2026-09-29T21:05:34Z","2026_04_TEN_BAL","00-0039648",0.393383421072403,0.445933218885287,0.554361274485133,0.606911072298017,0.715339127897863,0.767888925710747,0.879339901364673,0.931889699177556,56
"2026-09-29T21:05:34Z","2026_04_TEN_BAL","00-0039792",1.67193572293617,1.70492929880834,1.93022943142366,1.96322300729583,2.18852313991116,2.22151671578333,2.19131258785618,2.22430616372835,36
"2026-09-29T21:05:34Z","2026_04_TEN_BAL","00-0039796",0.755547461587198,0.811413223313817,0.97199332709424,1.02785908882086,1.18843919260128,1.2443049543279,1.19471680865574,1.25058257038235,56
"2026-09-29T21:05:34Z","2026_04_TEN_BAL","00-0040075",1.30979368896451,1.35733273440564,1.55405499411874,1.60159403955987,1.79831629927296,1.84585534471409,1.80098567082246,1.84852471626359,36
"2026-09-29T21:05:34Z","2026_04_TEN_BAL","00-0040170",3.00056545111626,3.03941360817901,3.78851374057311,3.82736189763586,4.57646203002996,4.61531018709271,4.57913140157947,4.61797955864221,36
"2026-09-29T21:05:34Z","2026_04_TEN_BAL","00-0040584",2.29216605903356,2.44205937909131,3.34366084533735,3.4935541653951,4.39515563164114,4.54504895169889,5.44958889300155,5.5994822130593,56
"2026-09-29T21:05:34Z","2026_04_TEN_BAL","00-0040676",9.43835308839676,9.75720818187685,9.43835308839676,9.75720818187685,9.43835308839676,9.75720818187685,11.4554146662103,11.7742697596904,56
"2026-09-29T21:05:34Z","2026_04_TEN_BAL","00-0040705",1.82237753684436,1.85537111271653,2.62052541604605,2.65351899191822,3.41867329524774,3.45166687111991,3.42133004196722,3.45432361783939,36
"2026-09-29T21:05:34Z","2026_04_TEN_BAL","00-0040876",0.976228429935911,1.00492697714078,1.27777482168849,1.30647336889336,1.57932121344107,1.60801976064593,1.58384819949322,1.61254674669809,45
"2026-09-29T21:05:34Z","2026_04_TEN_BAL","00-0040879",1.69212355704147,1.7396626024826,2.10081484439367,2.1483538898348,2.50950613174587,2.557045177187,2.92193103318182,2.96947007862295,36
"2026-09-29T21:05:34Z","2026_04_TEN_BAL","00-0040886",1.1389672410661,1.56593736227038,1.29485597707654,1.72182609828082,1.45074471308698,1.87771483429126,1.46007939007898,1.88704951128325,56
"2026-09-29T21:05:34Z","2026_04_TEN_BAL","00-0040887",0.720281486173311,0.915903730681338,0.945485501617426,1.14110774612545,1.17068951706154,1.36631176156957,1.3996271465894,1.59524939109743,56
"2026-09-29T21:05:34Z","2026_04_TEN_BAL","00-0041438",3.76446544631241,3.81808694619582,5.11073550342103,5.16435700330444,6.45700556052965,6.51062706041305,6.46038579410201,6.51400729398542,36
"2026-09-29T21:39:45Z","2026_04_ARI_NYG","00-0031235",0.898993474465669,0.926888392061453,1.23561497902574,1.26350989662152,1.57223648358581,1.60013140118159,1.57707192840936,1.60496684600514,42
"2026-09-29T21:39:45Z","2026_04_ARI_NYG","00-0031484",0.27672373853821,0.310670955649431,0.360293591999192,0.394240809110412,0.443863445460173,0.477810662571393,0.53030175727365,0.56424897438487,54
"2026-09-29T21:39:45Z","2026_04_ARI_NYG","00-0031503",7.18342498637921,7.87245137312565,7.21184055542402,7.90086694217046,7.24025612446884,7.92928251121528,9.31691275210937,10.0059391388558,54
"2026-09-29T21:39:45Z","2026_04_ARI_NYG","00-0033119",12.7672102545002,13.3380090141596,12.7672106306014,13.3380093902607,12.7672110067025,13.3380097663618,15.2558439585568,15.8266427182162,54
"2026-09-29T21:39:45Z","2026_04_ARI_NYG","00-0033307",2.82788433540919,3.31696052878839,3.82103066844818,4.31010686182738,4.81417700148717,5.30325319486637,4.81701701969802,5.30609321307722,54
"2026-09-29T21:39:45Z","2026_04_ARI_NYG","00-0033376",0.476404834276835,0.51150035561293,0.568559724474206,0.603655245810301,0.660714614671577,0.695810136007672,0.666999407143573,0.702094928479668,54
"2026-09-29T21:39:45Z","2026_04_ARI_NYG","00-0035250",3.42734692561376,3.8534620952034,4.02872408416211,4.45483925375174,4.63010124271045,5.05621641230009,4.63774040304134,5.06385557263098,54
"2026-09-29T21:39:45Z","2026_04_ARI_NYG","00-0036309",3.39860245174971,3.66835942022445,4.273786201272,4.54354316974674,5.14896995079429,5.41872691926903,5.15159114893477,5.42134811740951,54
"2026-09-29T21:39:45Z","2026_04_ARI_NYG","00-0036331",0.417660820461489,0.643235413209368,0.528017928885147,0.753592521633026,0.638375037308805,0.863949630056684,0.640972383349917,0.866546976097795,54
"2026-09-29T21:39:45Z","2026_04_ARI_NYG","00-0036646",0.449677868754054,0.484773390090149,0.564584388067544,0.599679909403638,0.679490907381033,0.714586428717128,0.682245942204466,0.717341463540561,54
"2026-09-29T21:39:45Z","2026_04_ARI_NYG","00-0036893",4.28677008543352,4.56797959333101,4.67003903818602,4.95124854608351,5.05330799093852,5.33451749883601,5.06087410976405,5.34208361766154,54
"2026-09-29T21:39:45Z","2026_04_ARI_NYG","00-0037004",0.66361590336606,0.903700416040914,1.00586631597361,1.24595082864846,1.34811672858116,1.58820124125601,1.69332669924734,1.93341121192219,54
"2026-09-29T21:39:45Z","2026_04_ARI_NYG","00-0037157",2.33184638644192,2.59582432126601,2.82520449262954,3.08918242745362,3.31856259881715,3.58254053364123,3.34872679932025,3.61270473414433,54
"2026-09-29T21:39:45Z","2026_04_ARI_NYG","00-0037263",5.12312411856292,5.22942504007276,5.80611516178608,5.91241608329592,6.48910620500923,6.59540712651907,6.49527172808123,6.60157264959107,54
"2026-09-29T21:39:45Z","2026_04_ARI_NYG","00-0037744",8.45892603430868,8.70920301170547,11.4941405578593,11.7444175352561,14.5293550814099,14.7796320588067,17.5674386753127,17.8177156527094,60
"2026-09-29T21:39:45Z","2026_04_ARI_NYG","00-0037838",4.00792577061339,4.10186967072024,5.28998512708787,5.38392902719472,6.57204448356234,6.66598838366919,7.87275884560523,7.96670274571207,60
"2026-09-29T21:39:45Z","2026_04_ARI_NYG","00-0038559",6.09643484571507,7.01628594755533,8.2068470272816,9.12669812912186,10.3172592088481,11.2371103106884,10.3204428692302,11.2402939710705,54
"2026-09-29T21:39:45Z","2026_04_ARI_NYG","00-0038640",0.6631899272104,0.740188799476976,0.848205925675221,0.925204797941798,1.03322192414004,1.11022079640662,1.03598002328835,1.11297889555493,54
"2026-09-29T21:39:45Z","2026_04_ARI_NYG","00-0039041",1.46056899576355,1.74560486801775,2.10130491315384,2.38634078540804,2.74204083054414,3.02707670279833,3.39734168598642,3.68237755824062,54
"2026-09-29T21:39:45Z","2026_04_ARI_NYG","00-0039337",6.05115694448049,6.2019023563047,7.74478276830759,7.8955281801318,9.43840859213469,9.5891540039589,9.44123032562071,9.59197573744492,60
"2026-09-29T21:39:45Z","2026_04_ARI_NYG","00-0039384",3.92116244621718,4.14908428530596,4.51842919052507,4.74635102961385,5.11569593483297,5.34361777392175,5.20379039364238,5.43171223273116,54
"2026-09-29T21:39:45Z","2026_04_ARI_NYG","00-0039847",2.22392921329787,2.52771134027285,2.91569232337234,3.21947445034731,3.6074554334468,3.91123756042178,4.30211702069696,4.60589914767194,54
"2026-09-29T21:39:45Z","2026_04_ARI_NYG","00-0039849",3.80243540149857,4.2443249760158,4.75018966088144,5.19207923539867,5.69794392026431,6.13983349478154,5.70211244413101,6.14400201864824,54
"2026-09-29T21:39:45Z","2026_04_ARI_NYG","00-0040225",0.466708246266106,0.482083126569845,0.659240864324398,0.674615744628137,0.85177348238269,0.867148362686428,1.04878212189264,1.06415700219638,36
"2026-09-29T21:39:45Z","2026_04_ARI_NYG","00-0040715",10.066395433954,10.3925523832528,11.0398220370467,11.3659789863455,12.0132486401394,12.3394055894382,12.0394064046803,12.365563353979,60
"2026-09-29T21:39:45Z","2026_04_ARI_NYG","00-0041027",8.13639733964798,8.54000289316463,9.18304688558857,9.58665243910522,10.2296964315292,10.6333019850458,10.237636826381,10.6412423798977,60
"2026-09-29T21:39:45Z","2026_04_ARI_NYG","00-0041042",2.56162914457162,2.85555571202092,3.24693952607763,3.54086609352693,3.93224990758363,4.22617647503293,3.935630141156,4.22955670860529,54
"2026-09-29T21:39:45Z","2026_04_ARI_NYG","00-0041070",0.952770246937264,0.975677034212735,1.25431663868984,1.27722342596531,1.55586303044242,1.57876981771789,1.56039001649457,1.58329680377004,36
"2026-09-29T21:39:45Z","2026_04_ATL_NO","00-0032392",1.58993757349543,1.63622783274152,2.13663755217156,2.18292781141765,2.68333753084769,2.72962779009378,3.23335165634507,3.27964191559116,60
"2026-09-29T21:39:45Z","2026_04_ATL_NO","00-0033906",8.02080051618353,8.25878401283114,9.16270013273737,9.40068362938498,10.3045997492912,10.5425832459388,10.345569424266,10.5835529209136,60
"2026-09-29T21:39:45Z","2026_04_ATL_NO","00-0035208",1.6367734314253,1.68306369067139,2.30486088409187,2.35115114333797,2.97294833675845,3.01923859600454,2.97554908305328,3.02183934229937,60
"2026-09-29T21:39:45Z","2026_04_ATL_NO","00-0035644",2.33511303463396,2.39003573530021,3.233015161827,3.28793786249326,4.13091728902004,4.1858399896863,5.07631274770027,5.13123544836653,60
"2026-09-29T21:39:45Z","2026_04_ATL_NO","00-0036040",6.05950862251321,6.14505736865898,7.87047299627805,7.95602174242382,9.68143737004289,9.76698611618865,11.5944509290482,11.6799996751939,60
"2026-09-29T21:39:45Z","2026_04_ATL_NO","00-0036429",0.479862558076187,0.505950467964558,0.662012174168411,0.688100084056782,0.844161790260636,0.870249700149007,1.02918028586735,1.05526819575572,60
"2026-09-29T21:39:45Z","2026_04_ATL_NO","00-0036463",0.789184173158142,0.819114539587441,0.974680297789742,1.00461066421904,1.16017642242134,1.19010678885064,1.16317908405706,1.19310945048636,60
"2026-09-29T21:39:45Z","2026_04_ATL_NO","00-0036970",3.74672697419711,3.81055597881723,4.96254291936065,5.02637192398077,6.17835886452419,6.24218786914432,7.39704327238922,7.46087227700934,60
"2026-09-29T21:39:45Z","2026_04_ATL_NO","00-0037238",8.66367579276842,8.76141540013668,10.66129880634,10.7590384137082,12.6589218199115,12.7566614272798,12.6703170666334,12.7680566740017,60
"2026-09-29T21:39:45Z","2026_04_ATL_NO","00-0037239",10.3649944920494,10.5093388975384,13.1635622092653,13.3079066147544,15.9621299264812,16.1064743319703,15.9792719087044,16.1236163141935,60
"2026-09-29T21:39:45Z","2026_04_ATL_NO","00-0037317",0.373747523556753,0.393908152822662,0.485625944624232,0.505786573890141,0.597504365691711,0.617664994957621,0.712768212254327,0.732928841520236,60
"2026-09-29T21:39:45Z","2026_04_ATL_NO","00-0037741",2.15525552921814,2.21391981619443,2.66310015588788,2.72176444286417,3.17094478255761,3.22960906953391,3.17354372884106,3.23220801581735,60
"2026-09-29T21:39:45Z","2026_04_ATL_NO","00-0037746",4.66039898836818,4.73940866748435,4.92945487460793,5.00846455372411,5.19851076084769,5.27752043996387,5.20680207137738,5.28581175049356,60
"2026-09-29T21:39:45Z","2026_04_ATL_NO","00-0038542",16.5551662867452,16.9388718544164,18.2050251041585,18.5887306718297,19.8548839215718,20.238589489243,19.9036793093495,20.2873848770208,60
"2026-09-29T21:39:45Z","2026_04_ATL_NO","00-0038551",3.75831216524526,3.83335638431654,4.12600477638847,4.20104899545974,4.49369738753167,4.56874160660295,4.50051033316306,4.57555455223434,60
"2026-09-29T21:39:45Z","2026_04_ATL_NO","00-0039424",5.07058476816186,5.14676318205672,6.46337204467191,6.53955045856677,7.85615932118196,7.93233773507682,7.85880889810967,7.93498731200453,60
"2026-09-29T21:39:45Z","2026_04_ATL_NO","00-0039917",10.4821237521072,10.5307083473448,10.4821237521072,10.5307083473448,10.4821237521072,10.5307083473448,12.8368145704232,12.8853991656608,60
"2026-09-29T21:39:45Z","2026_04_ATL_NO","00-0040743",16.294084861498,16.3796336076438,16.294084861498,16.3796336076438,16.294084861498,16.3796336076438,19.4198562153163,19.505404961462,60
"2026-09-29T21:39:45Z","2026_04_ATL_NO","00-0041041",0.781915155950659,0.817523877681631,1.03924146984727,1.07485019157824,1.29656778374388,1.33217650547485,1.55793209310992,1.5935408148409,60
"2026-09-29T21:39:45Z","2026_04_ATL_NO","00-0041044",1.32900873245135,1.37529899169745,1.74871875351582,1.79500901276191,2.16842877458028,2.21471903382637,2.17180900815264,2.21809926739874,60
"2026-09-29T21:39:45Z","2026_04_ATL_NO","00-0041067",2.29999947317462,2.36382847779474,2.77343781142764,2.83726681604776,3.24687614968066,3.31070515430078,3.25025638325302,3.31408538787314,60
"2026-09-29T21:39:45Z","2026_04_ATL_NO","00-0041099",0.945599206673283,0.987747885590892,1.10815790842669,1.1503065873443,1.2707166101801,1.31286528909771,1.27436604869552,1.31651472761313,60
"2026-09-29T21:39:45Z","2026_04_DAL_HOU","00-0033077",15.3138993081604,15.5931991243437,15.3138995936078,15.5931994097911,15.3138998790551,15.5931996952385,17.9588425979263,18.2381424141096,59
"2026-09-29T21:39:45Z","2026_04_DAL_HOU","00-0034383",6.15009633920612,6.53187070600204,8.10495950664702,8.48673387344293,10.0598226740879,10.4415970408838,12.0175858765114,12.3993602433073,60
"2026-09-29T21:39:45Z","2026_04_DAL_HOU","00-0034981",1.63715297929227,1.97802406849254,2.23634536853155,2.57721645773183,2.83553775777083,3.17640884697111,3.43765814225879,3.77852923145907,60
"2026-09-29T21:39:45Z","2026_04_DAL_HOU","00-0035685",8.03100061201682,8.90870796794237,8.74593992787782,9.62364728380336,9.46087924373881,10.3385865996644,9.47853961597316,10.3562469718987,60
"2026-09-29T21:39:45Z","2026_04_DAL_HOU","00-0036358",9.55797782079488,9.77669291728385,11.8064051880884,12.0251202845774,14.0548325553819,14.2735476518709,14.0585958843829,14.2773109808719,60
"2026-09-29T21:39:45Z","2026_04_DAL_HOU","00-0036554",8.29567129830592,8.63857929281091,10.1095284219896,10.4524364164945,11.9233855456732,12.2662935401782,11.9344003498343,12.2773083443393,60
"2026-09-29T21:39:45Z","2026_04_DAL_HOU","00-0036556",1.14458201783802,1.16049205903525,1.57088576468344,1.58679580588066,1.99718951152885,2.01309955272608,2.42722302871072,2.44313306990795,35
"2026-09-29T21:39:45Z","2026_04_DAL_HOU","00-0036997",10.5290168203255,11.3553584057736,11.493375586583,12.3197171720312,12.4577343528405,13.2840759382887,12.4831191881468,13.309460773595,60
"2026-09-29T21:39:45Z","2026_04_DAL_HOU","00-0037120",1.12391755448421,1.21174900666268,1.3207220482791,1.40855350045757,1.517526542074,1.60535799425247,1.52429889352729,1.61213034570576,60
"2026-09-29T21:39:45Z","2026_04_DAL_HOU","00-0037247",7.21486486109405,7.37538816298706,9.21791626397793,9.37843956587094,11.2209676668618,11.3814909687548,11.2244249475247,11.3849482494177,60
"2026-09-29T21:39:45Z","2026_04_DAL_HOU","00-0037801",2.20760259871357,2.39110795419972,2.70412779982488,2.88763315531102,3.20065300093619,3.38415835642233,3.21712532010188,3.40063067558802,60
"2026-09-29T21:39:45Z","2026_04_DAL_HOU","00-0038041",3.20921018313294,3.58790280554746,4.54629550261331,4.92498812502783,5.88338082209368,6.2620734445082,7.31993727841313,7.69862990082765,60
"2026-09-29T21:39:45Z","2026_04_DAL_HOU","00-0038547",1.01455299873235,1.05931486962267,1.3852793944616,1.43004126535192,1.75600579019084,1.80076766108116,2.12960089927809,2.17436277016841,60
"2026-09-29T21:39:45Z","2026_04_DAL_HOU","00-0038608",3.63388740293155,4.37917280055399,4.49374941289318,5.23903481051562,5.3536114228548,6.09889682047725,5.3562153989476,6.10150079657005,60
"2026-09-29T21:39:45Z","2026_04_DAL_HOU","00-0038618",4.09314158873439,4.43413172145511,5.10884901833286,5.44983915105357,6.12455644793132,6.46554658065204,6.12715142270305,6.46814155542376,51
"2026-09-29T21:39:45Z","2026_04_DAL_HOU","00-0038705",2.38570962321004,2.43977664643037,2.72229547791492,2.77636250113525,3.05888133261979,3.11294835584013,3.07757728416945,3.13164430738979,55
"2026-09-29T21:39:45Z","2026_04_DAL_HOU","00-0038728",2.13212052182643,2.24490849585779,2.61662793705954,2.7294159110909,3.10113535229265,3.21392332632401,3.10425431821628,3.21704229224764,55
"2026-09-29T21:39:45Z","2026_04_DAL_HOU","00-0038738",1.07347382632438,1.19404087947206,1.30689473465067,1.42746178779836,1.54031564297697,1.66088269612465,1.54648305154824,1.66705010469592,60
"2026-09-29T21:39:45Z","2026_04_DAL_HOU","00-0039062",0.71361290674581,0.75920708324529,0.931009256079185,0.976603432578666,1.14840560541256,1.19399978191204,1.1524163118256,1.19801048832509,55
"2026-09-29T21:39:45Z","2026_04_DAL_HOU","00-0039163",12.0036805937852,12.1539764032517,12.003706326123,12.1540021355895,12.0037320584609,12.1540278679274,14.7214527010603,14.8717485105268,60
"2026-09-29T21:39:45Z","2026_04_DAL_HOU","00-0039359",0.677021507516125,0.820560131878893,1.05630888222429,1.19984750658706,1.43559625693245,1.57913488129522,1.81782262307959,1.96136124744236,60
"2026-09-29T21:39:45Z","2026_04_DAL_HOU","00-0039410",3.07499881729963,3.42682755336989,4.22931913687381,4.58114787294407,5.38363945644799,5.73546819251825,5.38726053362738,5.73908926969764,60
"2026-09-29T21:39:45Z","2026_04_DAL_HOU","00-0039530",1.05470139611554,1.27479602545755,1.41749378565968,1.63758841500169,1.78028617520382,2.00038080454582,2.1459515674161,2.36604619675811,60
"2026-09-29T21:39:45Z","2026_04_DAL_HOU","00-0039603",0.906968597173805,0.966466068524209,0.979543325906961,1.03904079725736,1.05211805464012,1.11161552599052,1.05888775346109,1.11838522481149,55
"2026-09-29T21:39:45Z","2026_04_DAL_HOU","00-0040138",2.9587581588428,3.26885711590778,3.53984159661678,3.84994055368176,4.12092503439075,4.43102399145574,4.12356047228562,4.4336594293506,59
"2026-09-29T21:39:45Z","2026_04_DAL_HOU","00-0040583",5.61687584119101,6.1141825482839,6.34035956955524,6.83766627664814,7.06384329791947,7.56115000501237,7.09490090315075,7.59220761024364,60
"2026-09-29T21:39:45Z","2026_04_DAL_HOU","00-0040930",0.911172374768684,0.933859942580801,1.21271876652126,1.23540633433338,1.51426515827384,1.53695272608596,1.51879214432599,1.54147971213811,35
"2026-09-29T21:39:45Z","2026_04_DAL_HOU","00-0041472",0.626208692540698,0.773040642504656,0.832151613143632,0.97898356310759,1.03809453374657,1.18492648371052,1.24777106843325,1.39460301839721,55
"2026-09-29T21:39:45Z","2026_04_DEN_SF","00-0029892",1.50447363254828,1.79457180717164,1.97926001209161,2.26935818671497,2.45404639163493,2.74414456625829,2.46115628240226,2.75125445702562,60
"2026-09-29T21:39:45Z","2026_04_DEN_SF","00-0031408",5.89870369564054,6.15523760134969,7.42422468967843,7.68075859538758,8.94974568371631,9.20627958942546,8.95245236803499,9.20898627374415,60
"2026-09-29T21:39:45Z","2026_04_DEN_SF","00-0032775",3.46386449372138,3.52092178736588,4.33703961658975,4.39409691023424,5.21021473945811,5.26727203310261,5.21306481023614,5.27012210388064,46
"2026-09-29T21:39:45Z","2026_04_DEN_SF","00-0033280",16.4926707142157,18.179175190126,18.8045504464618,20.5496753037794,21.1175217135901,22.8592758284614,21.1543414591705,22.8960955740418,60
"2026-09-29T21:39:45Z","2026_04_DEN_SF","00-0033288",8.83880440839487,9.72434647888374,11.2728352983496,12.6357256450547,13.7054004387902,15.5192859057223,16.1489673860699,18.413847973229,60
"2026-09-29T21:39:45Z","2026_04_DEN_SF","00-0033881",2.66199530068758,2.86460274675282,3.56795683714135,3.77056428320659,4.47391837359512,4.67652581966036,5.38405168205139,5.58665912811663,60
"2026-09-29T21:39:45Z","2026_04_DEN_SF","00-0034348",5.45904157835879,6.10054191070858,7.1138212234357,7.7567034955946,8.75300096857116,9.41934206456997,8.76441132099843,9.43075241699725,60
"2026-09-29T21:39:45Z","2026_04_DEN_SF","00-0034854",1.08134537737111,1.46600313442658,1.28012663284742,1.66478438990288,1.47890788832372,1.86356564537919,1.48156870826789,1.86622646532336,60
"2026-09-29T21:39:45Z","2026_04_DEN_SF","00-0035406",1.32348106659722,1.47213547535721,1.77688643422865,1.92554084298864,2.23029180186008,2.37894621062007,2.23475238742439,2.38340679618438,57
"2026-09-29T21:39:45Z","2026_04_DEN_SF","00-0035719",6.55622637590377,9.62160073991761,7.87352820257186,10.9389025665857,9.19083002923994,12.2562043932538,9.19347807804537,12.2588524420592,60
"2026-09-29T21:39:45Z","2026_04_DEN_SF","00-0036158",8.61050552729093,11.3449816239952,9.0454629635348,11.7838374143663,9.48042039977866,12.2226932047374,9.51446183627868,12.2581924258625,60
"2026-09-29T21:39:45Z","2026_04_DEN_SF","00-0036422",1.05154043250695,1.11648865777897,1.41117047674258,1.47611870201461,1.77080052097821,1.83574874625024,2.13328658625307,2.19823481152509,60
"2026-09-29T21:39:45Z","2026_04_DEN_SF","00-0036613",7.23921402785838,8.34696232929432,9.40156921391706,10.5219277135194,11.5659443049438,12.7149812017445,11.5776728989984,12.7267097957991,60
"2026-09-29T21:39:45Z","2026_04_DEN_SF","00-0036727",0.642836295608845,0.665027928662423,0.812715729587772,0.83490736264135,0.9825951635667,1.00478679662028,0.988788214834821,1.0109798478884,54
"2026-09-29T21:39:45Z","2026_04_DEN_SF","00-0036887",0.794495607138327,0.832533441916114,1.06271302120336,1.10075085598114,1.33093043526839,1.36896827004617,1.60701520312763,1.64505303790541,60
"2026-09-29T21:39:45Z","2026_04_DEN_SF","00-0037085",1.57778759910216,1.74741860599978,2.05830319969295,2.22793420659058,2.53881880028375,2.70844980718137,2.54713590777098,2.71676691466861,60
"2026-09-29T21:39:45Z","2026_04_DEN_SF","00-0037834",15.0054176532369,18.2717606058075,15.0069897325746,18.2733326851453,15.0085618119124,18.2749047644831,18.008246322553,21.6523934476175,60
"2026-09-29T21:39:45Z","2026_04_DEN_SF","00-0038643",0.329892570585902,0.37650390201744,0.419513261636004,0.466124593067542,0.509133952686106,0.555745284117644,0.601939780576574,0.648551112008112,60
"2026-09-29T21:39:45Z","2026_04_DEN_SF","00-0038783",1.1432181954593,1.27506621662333,1.56693134212284,1.69877936328687,1.99064448878639,2.12249250995042,2.41728661371247,2.5491346348765,60
"2026-09-29T21:39:45Z","2026_04_DEN_SF","00-0038976",2.64563035244168,2.79683909153706,3.63112967011911,3.78233840921448,4.61662898779653,4.76783772689191,4.61941370870753,4.77062244780291,60
"2026-09-29T21:39:45Z","2026_04_DEN_SF","00-0039365",0.796458041573979,1.09274434264899,0.946688725367834,1.24297502644284,1.09691940916169,1.3932057102367,1.09960295256532,1.39588925364033,60
"2026-09-29T21:39:45Z","2026_04_DEN_SF","00-0039732",11.2568957616939,16.2044045005637,11.2590480204574,16.2065567593273,11.261200279221,16.2087090180908,13.3738529255566,19.5527712249675,60
"2026-09-29T21:39:45Z","2026_04_DEN_SF","00-0039868",2.56664554634001,2.8209848692275,3.37609188570735,3.63043120859483,4.18553822507469,4.43987754796217,4.19504000368514,4.44937932657263,60
"2026-09-29T21:39:45Z","2026_04_DEN_SF","00-0040134",3.76561244091008,4.26336816037216,4.94181120522218,5.45426794860776,6.10950908416463,6.64516773684335,6.12016178567486,6.65582043835358,60
"2026-09-29T21:39:45Z","2026_04_DEN_SF","00-0040172",2.15339263999289,3.41772713689506,2.57613360095309,3.84046809785526,2.9988745619133,4.26320905881546,3.00230533275823,4.2666398296604,60
"2026-09-29T21:39:45Z","2026_04_DEN_SF","00-0040177",1.47832057668762,1.75155862879295,1.65670382629391,1.92994187839924,1.8350870759002,2.10832512800553,1.84366708553521,2.11690513764054,60
"2026-09-29T21:39:45Z","2026_04_DEN_SF","00-0040730",6.29522949856719,7.41512645793927,8.01942555073254,9.2131653154674,9.73200291277408,11.0077905505728,9.78474247855831,11.060530116357,60
"2026-09-29T21:39:45Z","2026_04_DEN_SF","00-0041052",3.37634259789927,4.92750616002694,3.68405578756381,5.23521934969147,3.99176897722834,5.542932539356,4.03615447363953,5.58731803576719,60
"2026-09-29T21:39:45Z","2026_04_DEN_SF","00-0041133",0.643845174927949,0.836999485629849,0.918685487206161,1.11183979790806,1.19352579948437,1.38668011018627,1.47341934100318,1.66657365170508,57
"2026-09-29T21:39:45Z","2026_04_DET_CAR","00-0031610",4.03596852321761,4.23506032306617,5.25355663172495,5.45264843157351,6.47114474023229,6.67023654008085,7.69172911578829,7.89082091563685,60
"2026-09-29T21:39:45Z","2026_04_DET_CAR","00-0033106",16.9810863114619,18.9241707848926,16.9830241538907,18.9261086273214,16.9849619963195,18.9280464697502,20.2383952579005,22.6203385842895,60
"2026-09-29T21:39:45Z","2026_04_DET_CAR","00-0033589",1.10294605506212,1.12839003110986,1.4616685194768,1.48711249552454,1.82039098389148,1.84583495993923,1.82345606007797,1.84890003612572,41
"2026-09-29T21:39:45Z","2026_04_DET_CAR","00-0034270",0.902710385758865,0.989211475567822,1.25084288101171,1.33734397082066,1.59897537626455,1.6854764660735,1.95015632283689,2.03665741264585,60
"2026-09-29T21:39:45Z","2026_04_DET_CAR","00-0035544",0.611323574005182,0.657832903127508,0.778541970615148,0.825051299737475,0.945760367225115,0.992269696347441,0.949361798165915,0.995871127288241,60
"2026-09-29T21:39:45Z","2026_04_DET_CAR","00-0036265",2.05405766352492,2.14151296442618,2.32589176184199,2.41334706274325,2.59772586015906,2.68518116106031,2.62716670476464,2.7146220056659,60
"2026-09-29T21:39:45Z","2026_04_DET_CAR","00-0036555",13.3585440648926,13.9676336567928,14.8131229447923,15.3841832768549,16.2695305621554,16.8337581302966,16.3277864481918,16.892014016333,60
"2026-09-29T21:39:45Z","2026_04_DET_CAR","00-0036754",1.11260890387184,1.32367051332845,1.60513950205163,1.81620111150825,2.09767010023143,2.30873170968805,2.59312749110491,2.80418910056152,60
"2026-09-29T21:39:45Z","2026_04_DET_CAR","00-0036825",0.251423007978711,0.303280033186388,0.331041002803835,0.382898028011513,0.410658997628959,0.462516022836637,0.493311827064573,0.545168852272251,59
"2026-09-29T21:39:45Z","2026_04_DET_CAR","00-0036963",11.5640693750627,12.2615694488683,14.9529117052135,15.6767909724023,18.3417540353642,19.1158912774248,18.3536228739498,19.1277601160104,60
"2026-09-29T21:39:45Z","2026_04_DET_CAR","00-0037005",2.39819749779027,2.68715210493764,3.18853057602931,3.47748518317667,3.97886365426835,4.26781826141571,4.772850893065,5.06180550021237,60
"2026-09-29T21:39:45Z","2026_04_DET_CAR","00-0037240",6.87269624690445,7.3872225888393,8.63581563469213,9.10324990660099,10.3989350224798,10.8192757401422,10.4130765065732,10.8334172242356,60
"2026-09-29T21:39:45Z","2026_04_DET_CAR","00-0037524",0.60676240301455,0.646793524573722,0.776817187811911,0.816848309371083,0.946871972609273,0.986903094168444,0.9499145564131,0.989945677972272,60
"2026-09-29T21:39:45Z","2026_04_DET_CAR","00-0037614",2.1939776958034,2.42287299561674,2.99283259351796,3.22172789333129,3.79168749123251,4.02058279104585,3.79672729810419,4.02562259791753,60
"2026-09-29T21:39:45Z","2026_04_DET_CAR","00-0038840",1.97657253422449,2.22778069794278,2.43141102375426,2.68261918747255,2.88624951328403,3.13745767700232,2.88889556188429,3.14010372560258,60
"2026-09-29T21:39:45Z","2026_04_DET_CAR","00-0038896",0.593167246705002,0.639253151771246,0.66074188619719,0.706827791263434,0.728316525689379,0.774402430755622,0.734838965328457,0.7809248703947,60
"2026-09-29T21:39:45Z","2026_04_DET_CAR","00-0039065",7.19012575639014,7.48259124857536,9.42178931742687,9.73111536822368,11.6542963878912,11.9918981388314,13.8714707458193,14.2735579605217,60
"2026-09-29T21:39:45Z","2026_04_DET_CAR","00-0039139",20.8165731256472,22.5606472429767,23.2262511422604,24.8963457598044,25.6359291588736,27.2224898144758,25.7480671374264,27.3346277930287,60
"2026-09-29T21:39:45Z","2026_04_DET_CAR","00-0039150",16.2391234749845,17.3915606438439,16.2406400304792,17.3930771993386,16.2421565859739,17.3945937548333,19.5795488419224,20.8243603993398,60
"2026-09-29T21:39:45Z","2026_04_DET_CAR","00-0039342",2.736412806772,3.04289201468419,3.44736493256107,3.75384414047326,4.15831705835014,4.46479626626233,4.16101959023527,4.46749879814746,60
"2026-09-29T21:39:45Z","2026_04_DET_CAR","00-0039356",1.1670474525572,1.18978041549527,1.89024216404782,1.9129751269859,2.61343687553845,2.63616983847653,3.33990449146306,3.36263745440114,41
"2026-09-29T21:39:45Z","2026_04_DET_CAR","00-0039364",1.84747872520636,2.16609804493735,2.10392589850226,2.42254521823325,2.36037307179816,2.67899239152914,2.36683207661932,2.68545139635031,60
"2026-09-29T21:39:45Z","2026_04_DET_CAR","00-0039491",6.29569677503131,6.70085150510884,8.12298593958184,8.52814066965937,9.95027510413237,10.3554298342099,9.97059885638777,10.3757535864653,60
"2026-09-29T21:39:45Z","2026_04_DET_CAR","00-0040124",9.90355332570266,10.5283413875419,12.3594652059785,12.99918677077,14.7999037441924,15.5065309030552,14.8656251335955,15.5722522924583,60
"2026-09-29T21:39:45Z","2026_04_DET_CAR","00-0040187",1.58478049651559,1.74184088321998,2.15534806459909,2.31240845130348,2.72591563268259,2.88297601938698,3.299395120264,3.45645550696839,60
"2026-09-29T21:39:45Z","2026_04_DET_CAR","00-0040390",0.556915982161349,0.642404560794219,0.783984527562633,0.869473106195503,1.01105307296392,1.09654165159679,1.24186926157951,1.32735784021238,60
"2026-09-29T21:39:45Z","2026_04_DET_CAR","00-0040394",0.881281453530623,0.904380311612681,1.03717018954106,1.06026904762312,1.1930589255515,1.21615778363356,1.20239360254349,1.22549246062555,41
"2026-09-29T21:39:45Z","2026_04_DET_CAR","00-0040669",2.83793976171303,3.1291261271413,3.6460964899605,3.95553310531591,4.46041741467277,4.78772840278007,4.47107011618299,4.79838110429029,60
"2026-09-29T21:39:45Z","2026_04_GB_TB","00-0033858",2.02107292655717,2.06454891600961,2.76158026877424,2.80505625822668,3.50208761099131,3.54556360044375,4.24733022366528,4.29080621311772,60
"2026-09-29T21:39:45Z","2026_04_GB_TB","00-0033921",4.42110402220727,4.48267078320354,5.85991983371042,5.92148659470668,7.29873564521357,7.36030240620983,7.30158855454109,7.36315531553735,60
"2026-09-29T21:39:45Z","2026_04_GB_TB","00-0036264",14.1057870534236,14.2536911364922,14.1057870534236,14.2536911364922,14.1057870534236,14.2536911364922,16.8292073672053,16.9771114502739,60
"2026-09-29T21:39:45Z","2026_04_GB_TB","00-0036919",4.21335532384855,4.47497776143718,5.49946634905083,5.76108878663946,6.78557737425311,7.04719981184174,6.79943449749267,7.06105693508131,60
"2026-09-29T21:39:45Z","2026_04_GB_TB","00-0037091",1.04737288089313,1.10242458271368,1.24432953890489,1.29938124072544,1.44128619691665,1.4963378987372,1.44390036378212,1.49895206560267,60
"2026-09-29T21:39:45Z","2026_04_GB_TB","00-0037311",0.291717841941791,0.328774111190852,0.385334071715578,0.422390340964639,0.478950301489366,0.516006570738427,0.575811843472955,0.612868112722016,60
"2026-09-29T21:39:45Z","2026_04_GB_TB","00-0038090",1.53392564722135,1.87850765073331,1.95139206248468,2.29597406599664,2.36885847774801,2.71344048125997,2.37146276965095,2.7160447731629,60
"2026-09-29T21:39:45Z","2026_04_GB_TB","00-0038124",7.86130852262106,8.07623198947091,9.52987076754438,9.74479423439423,11.1984330124677,11.4133564793176,11.2039514898534,11.4188749567033,60
"2026-09-29T21:39:45Z","2026_04_GB_TB","00-0038129",4.03230648187353,4.39414753313634,5.50191682722324,5.86375787848606,6.97152717257296,7.33336822383577,8.4446561163761,8.80649716763891,60
"2026-09-29T21:39:45Z","2026_04_GB_TB","00-0038589",0.576636463737474,0.591000756114574,0.864565053646109,0.87892934602321,1.15249364355474,1.16685793593184,1.44349179163308,1.45785608401018,48
"2026-09-29T21:39:45Z","2026_04_GB_TB","00-0038685",2.44452096847199,2.50127332026245,2.7704956457182,2.82724799750866,3.0964703229644,3.15322267475487,3.10263232643177,3.15938467822224,48
"2026-09-29T21:39:45Z","2026_04_GB_TB","00-0038951",1.87595609120692,1.95395859664616,2.05093769345579,2.12894019889503,2.22591929570465,2.3039218011439,2.23250666034956,2.3105091657888,60
"2026-09-29T21:39:45Z","2026_04_GB_TB","00-0038996",4.85071423306908,5.07260124449016,6.15198997293301,6.37387698435409,7.45326571279693,7.67515272421802,8.75876414951266,8.98065116093374,60
"2026-09-29T21:39:45Z","2026_04_GB_TB","00-0039050",0.472575725667841,0.504177902150902,0.574517218958133,0.606119395441195,0.676458712248426,0.708060888731487,0.7812692000886,0.812871376571662,60
"2026-09-29T21:39:45Z","2026_04_GB_TB","00-0039361",9.08205464866207,9.29202651668326,10.3648772395685,10.5748491075897,11.6476998304749,11.8576716984961,11.7243078797011,11.9342797477223,60
"2026-09-29T21:39:45Z","2026_04_GB_TB","00-0039589",0.586306317653604,0.630294468841689,0.697637269489175,0.74162542067726,0.808968221324746,0.852956372512831,0.811605668578482,0.855593819766567,60
"2026-09-29T21:39:45Z","2026_04_GB_TB","00-0039811",3.67554093632599,3.82169260296626,4.16349519198311,4.30964685862338,4.65144944764023,4.7976011142805,4.73437516025079,4.88052682689105,60
"2026-09-29T21:39:45Z","2026_04_GB_TB","00-0040129",4.96555248301726,5.04599882699808,6.3993700639497,6.47981640793052,7.83318764488214,7.91363398886295,7.83584439160162,7.91629073558243,60
"2026-09-29T21:39:45Z","2026_04_GB_TB","00-0040142",3.34239167434031,3.59728265126679,3.49430530724873,3.7491962841752,3.64621894015715,3.90110991708362,3.65280103230277,3.90769200922924,60
"2026-09-29T21:39:45Z","2026_04_GB_TB","00-0040237",2.00272280982306,2.06553422723743,2.50815472756293,2.57096614497731,3.0135866453028,3.07639806271718,3.0162560168523,3.07906743426668,60
"2026-09-29T21:39:45Z","2026_04_GB_TB","00-0040598",0.371212449324698,0.425465018594263,0.495042281394178,0.549294850663743,0.618872113463658,0.673124682733224,0.746435559616886,0.800688128886452,60
"2026-09-29T21:39:45Z","2026_04_GB_TB","00-0040667",6.08591261355289,6.89388393051919,7.40885422271002,8.21682553967632,8.73179583186715,9.53976714883346,8.73447937527079,9.54245069223709,60
"2026-09-29T21:39:45Z","2026_04_GB_TB","00-0040948",1.27903007015789,1.31062387371584,1.80547017352856,1.8370639770865,2.33191027689922,2.36350408045716,2.33555971541463,2.36715351897258,44
"2026-09-29T21:39:45Z","2026_04_GB_TB","00-0041048",3.10623953660288,3.22545794534296,3.77228882326771,3.89150723200778,4.43833810993253,4.55755651867261,4.44171834350489,4.56093675224497,60
"2026-09-29T21:39:45Z","2026_04_GB_TB","00-0041094",0.364966219867015,0.430619288382727,0.488796051936495,0.554449120452207,0.612625884005975,0.678278952521687,0.740189330159204,0.805842398674916,60
"2026-09-29T21:39:45Z","2026_04_GB_TB","00-0041251",3.99500096234433,4.14920564311514,3.99500096234433,4.14920564311514,3.99500096234433,4.14920564311514,5.30027935421251,5.45448403498332,60
"2026-09-29T21:39:45Z","2026_04_IND_WAS","00-0030279",5.11504550629801,5.47539115322377,6.87694466946843,7.25856484139669,8.64707794899175,9.03213079821981,8.66103777854375,9.0460906277718,60
"2026-09-29T21:39:45Z","2026_04_IND_WAS","00-0031588",5.9332095024444,6.29924187585739,8.00668197172222,8.39290203167771,10.073184449433,10.5019650715246,10.0838215585779,10.5126021806695,60
"2026-09-29T21:39:45Z","2026_04_IND_WAS","00-0032268",15.7912910971613,16.4890072733526,15.7930009642069,16.4907171403982,15.7947108312525,16.4924270074437,18.8268038181147,19.628454502951,60
"2026-09-29T21:39:45Z","2026_04_IND_WAS","00-0032951",2.04010567988155,2.16547124144447,2.38921132668858,2.5145768882515,2.73831697349561,2.86368253505853,2.74108019479348,2.86644575635639,60
"2026-09-29T21:39:45Z","2026_04_IND_WAS","00-0033217",0.956122124892694,1.03433109852335,1.29859172094026,1.37680069457092,1.64106131698783,1.71927029061848,1.98640867391442,2.06461764754508,60
"2026-09-29T21:39:45Z","2026_04_IND_WAS","00-0035021",1.25191440958036,1.33859137573509,1.44265455714553,1.52933152330025,1.63339470471069,1.72007167086542,1.63624279206528,1.72291975822,53
"2026-09-29T21:39:45Z","2026_04_IND_WAS","00-0035535",3.54354818562343,3.59789656985822,4.51402943559383,4.56837781982862,5.48451068556422,5.53885906979902,5.50208678264854,5.55643516688333,60
"2026-09-29T21:39:45Z","2026_04_IND_WAS","00-0035659",7.29229917221195,7.71556127988498,9.55486198659227,10.0099834130047,11.8157652318699,12.3071964994827,11.8273687611638,12.3188000287766,60
"2026-09-29T21:39:45Z","2026_04_IND_WAS","00-0035710",15.3053926747582,16.1112888292149,15.3069579024153,16.112854056872,15.3085231300723,16.114419284529,18.5084358679786,19.3442613155839,60
"2026-09-29T21:39:45Z","2026_04_IND_WAS","00-0036223",18.2347015393646,19.2717937423061,19.6316561019692,20.6550246526962,21.0146957153833,22.0597884664413,21.121223452857,22.166316203915,60
"2026-09-29T21:39:45Z","2026_04_IND_WAS","00-0036626",1.33186867481724,1.49763849400973,1.87261356566879,2.03838338486128,2.41335845652034,2.57912827571284,2.50144696220046,2.66721678139295,60
"2026-09-29T21:39:45Z","2026_04_IND_WAS","00-0036628",1.1612457862364,1.27716256784396,1.55066201686536,1.66657879847292,1.94007824749432,2.05599502910188,2.33346477258417,2.44938155419173,60
"2026-09-29T21:39:45Z","2026_04_IND_WAS","00-0037256",5.26235246273335,5.49024266760835,6.26063702207088,6.48852722694588,7.25892158140841,7.48681178628341,7.26878884675351,7.49667905162852,60
"2026-09-29T21:39:45Z","2026_04_IND_WAS","00-0037292",0.444302903048312,0.615946247945797,0.597073120827334,0.768716465724819,0.749843338606355,0.92148668350384,0.905498723722584,1.07714206862007,59
"2026-09-29T21:39:45Z","2026_04_IND_WAS","00-0037742",1.41063566440627,1.49053805527961,1.90231008326474,1.98221247413808,2.39398450212321,2.47388689299655,2.39683712259542,2.47673951346875,60
"2026-09-29T21:39:45Z","2026_04_IND_WAS","00-0037809",3.13688895646242,3.23134724337564,4.28011367842881,4.37457196534203,5.42333840039521,5.51779668730842,6.57056612302795,6.66502440994116,60
"2026-09-29T21:39:45Z","2026_04_IND_WAS","00-0038997",8.61458058231196,9.02320460753903,11.1098042976129,11.5661729444758,13.617376470664,14.1390612890918,13.62786310903,14.1495479274578,60
"2026-09-29T21:39:45Z","2026_04_IND_WAS","00-0039355",1.34829438585022,1.56569202878068,1.72528163494201,1.94267927787247,2.1022688840338,2.31966652696426,2.10517535861207,2.32257300154253,58
"2026-09-29T21:39:45Z","2026_04_IND_WAS","00-0039686",0.522034046953196,0.657675001289341,0.74795326548186,0.883594219818006,0.973872484010525,1.10951343834667,1.20272761007884,1.33836856441499,58
"2026-09-29T21:39:45Z","2026_04_IND_WAS","00-0039816",0.489519453082658,0.535081512704995,0.631140903789648,0.676702963411985,0.772762354496638,0.818324414118975,0.775557435137161,0.821119494759498,60
"2026-09-29T21:39:45Z","2026_04_IND_WAS","00-0039912",1.15288555806132,1.21325912464126,1.46784843194977,1.5282219985297,1.78281130583821,1.84318487241815,2.10065200508576,2.16102557166569,60
"2026-09-29T21:39:45Z","2026_04_IND_WAS","00-0040128",7.35983049855417,7.7041774461507,10.0198371306923,10.3882699536873,12.6766033779459,13.0774467786209,15.3066907295896,15.7837870426587,60
"2026-09-29T21:39:45Z","2026_04_IND_WAS","00-0040164",1.23253590053637,1.29734928568792,1.59071990028404,1.65553328543559,1.94890390003171,2.01371728518326,1.95158744343535,2.0164008285869,60
"2026-09-29T21:39:45Z","2026_04_IND_WAS","00-0040179",1.31439001145772,1.40132517244432,1.40943197276422,1.49636713375082,1.50447393407072,1.59140909505732,1.51217766585477,1.59911282684137,53
"2026-09-29T21:39:45Z","2026_04_IND_WAS","00-0040242",9.03425790452114,9.50448864612345,9.4108318937937,9.881062635396,9.78740588306625,10.2576366246686,9.83741311022328,10.3076438518256,60
"2026-09-29T21:39:45Z","2026_04_IND_WAS","00-0041040",2.81530405115876,2.9049826203368,3.75607737476884,3.84575594394688,4.69685069837892,4.78652926755696,4.70023093195128,4.78990950112932,60
"2026-09-29T21:39:45Z","2026_04_IND_WAS","00-0041096",1.80297958408476,1.88321180820305,1.92483331304171,2.00506553716,2.04668704199865,2.12691926611695,2.05523078082491,2.13546300494321,60
"2026-09-29T21:39:45Z","2026_04_IND_WAS","00-0041125",1.20064613268433,1.28757170844925,1.38460137810678,1.4715269538717,1.56855662352924,1.65548219929415,1.5764970183811,1.66342259414601,60
"2026-09-29T21:39:45Z","2026_04_IND_WAS","00-0041132",0.978678870297031,1.06530474268792,1.14123757205044,1.22786344444133,1.30379627380385,1.39042214619474,1.30744571231926,1.39407158471015,59
"2026-09-29T21:39:45Z","2026_04_JAX_CIN","00-0032104",1.86487717520593,1.90522359588945,2.3466848573543,2.38703127803783,2.82849253950267,2.8688389601862,2.83582932724396,2.87617574792749,60
"2026-09-29T21:39:45Z","2026_04_JAX_CIN","00-0033526",3.36320532806037,3.47088013302675,3.95243333437753,4.06010813934391,4.54166134069469,4.64933614566107,4.56938214114947,4.67705694611585,60
"2026-09-29T21:39:45Z","2026_04_JAX_CIN","00-0034613",1.37609389019403,1.41594285861022,1.98794383622344,2.02779280463963,2.59979378225286,2.63964275066904,3.2159161596533,3.25576512806948,39
"2026-09-29T21:39:45Z","2026_04_JAX_CIN","00-0034829",3.74822693460091,3.97502987428662,4.7533974425932,4.98020038227892,5.7585679505855,5.98537089027121,6.76785958107456,6.99466252076028,60
"2026-09-29T21:39:45Z","2026_04_JAX_CIN","00-0034960",5.95032592860593,6.17250292964242,7.8839322579872,8.11937970105455,9.81631143555171,10.0528995011942,9.84661911089804,10.0832071765405,60
"2026-09-29T21:39:45Z","2026_04_JAX_CIN","00-0035631",1.14803729659848,1.2598900984663,1.66134158534506,1.77319438721288,2.17464587409164,2.28649867595946,2.69081890616811,2.80267170803593,60
"2026-09-29T21:39:45Z","2026_04_JAX_CIN","00-0036410",8.95659971416025,9.56588548530577,11.1149096942013,11.7137766244416,13.2711300734554,13.8616677635774,13.2839371042322,13.8744747943542,60
"2026-09-29T21:39:45Z","2026_04_JAX_CIN","00-0036442",17.7858597146714,18.850509034998,17.7874779041366,18.8521272244632,17.7890960936018,18.8537454139284,21.3106338943922,22.4206356275469,60
"2026-09-29T21:39:45Z","2026_04_JAX_CIN","00-0036590",0.632558089053665,0.662488455482964,0.858469949794944,0.888400316224243,1.08438181053622,1.11431217696552,1.31318987614415,1.34312024257345,60
"2026-09-29T21:39:45Z","2026_04_JAX_CIN","00-0036900",11.8080107912465,12.3977052883575,15.1021832954571,15.6773510498775,18.4115334699427,19.0367825923794,18.4282397616442,19.0534888840809,60
"2026-09-29T21:39:45Z","2026_04_JAX_CIN","00-0036971",14.3741364755366,18.645850818253,14.375649512106,18.6473638548224,14.3771625486753,18.6488768913917,17.0730399391208,22.3069916050326,60
"2026-09-29T21:39:45Z","2026_04_JAX_CIN","00-0038597",13.3537258769623,13.8909939202057,14.8622574677136,15.399525510957,16.3707890584649,16.9080571017083,16.4063984372671,16.9436664805105,60
"2026-09-29T21:39:45Z","2026_04_JAX_CIN","00-0038606",9.91296580047389,10.314932009925,12.5303437628096,12.9569536594419,15.1503049208922,15.6274178871641,15.1608715113871,15.6379844776591,60
"2026-09-29T21:39:45Z","2026_04_JAX_CIN","00-0038611",4.25778959402918,4.43959394241408,4.38305636559667,4.56486071398158,4.50832313716416,4.69012748554907,4.51510258867039,4.6969069370553,60
"2026-09-29T21:39:45Z","2026_04_JAX_CIN","00-0038935",3.98864716805622,4.06792674835677,5.13053022937637,5.20980980967691,6.27241329069651,6.35169287099705,7.41974771725618,7.49902729755673,60
"2026-09-29T21:39:45Z","2026_04_JAX_CIN","00-0039814",1.17945916534711,1.26483944509789,1.72024088605004,1.80562116580083,2.26102260675298,2.34640288650376,2.80490544766548,2.89028572741626,60
"2026-09-29T21:39:45Z","2026_04_JAX_CIN","00-0039893",4.28000048668527,4.48597224144763,5.42194666005652,5.62791841481888,6.56389283342778,6.76986458819014,6.56651832404637,6.77249007880873,60
"2026-09-29T21:39:45Z","2026_04_JAX_CIN","00-0040208",0.660126647008718,0.702332108659042,0.750823430456714,0.793028892107039,0.84152021390471,0.883725675555035,0.847989887580541,0.890195349230866,60
"2026-09-29T21:39:45Z","2026_04_JAX_CIN","00-0040238",1.10077575519694,1.17263832123252,1.39613789185939,1.46800045789497,1.69150002852184,1.76336259455742,1.69775630623857,1.76961887227415,60
"2026-09-29T21:39:45Z","2026_04_JAX_CIN","00-0040534",0.607435421268406,0.67788035828724,0.745722708887163,0.816167645905997,0.884009996505921,0.954454933524755,0.887017069168955,0.95746200618779,60
"2026-09-29T21:39:45Z","2026_04_JAX_CIN","00-0040718",1.04303090693497,1.09356659328429,1.34457729868755,1.39511298503687,1.64612369044012,1.69665937678945,1.65065067649228,1.7011863628416,60
"2026-09-29T21:39:45Z","2026_04_JAX_CIN","00-0040719",9.77158716680546,10.5621446556652,10.2992738583505,11.0898313472103,10.8269605498955,11.6175180387553,10.880521480872,11.6710789697318,60
"2026-09-29T21:39:45Z","2026_04_JAX_CIN","00-0040785",2.23817962547541,2.31654463189927,2.76027757174825,2.83864257817211,3.2823755180211,3.36074052444496,3.28575575159346,3.36412075801732,60
"2026-09-29T21:39:45Z","2026_04_JAX_CIN","00-0041069",0.823913926807871,0.879737911967604,1.15238718283516,1.2082111679949,1.48086043886246,1.53668442402219,1.48424067243482,1.54006465759455,60
"2026-09-29T21:39:45Z","2026_04_JAX_CIN","00-0041084",0.482883865261222,0.505218628877483,0.672428908211713,0.694763671827974,0.861973951162203,0.884308714778465,1.05596915936189,1.07830392297815,60
"2026-09-29T21:39:45Z","2026_04_JAX_CIN","00-0041100",1.43422338137933,1.54805165417979,1.83568604943636,1.94951432223682,2.23714871749339,2.35097699029385,2.24052895106575,2.35435722386622,60
"2026-09-29T21:39:45Z","2026_04_JAX_CIN","00-0041106",0.696990410003119,0.883147840633071,0.904953438798,1.09111086942795,1.11291646759288,1.29907389822283,1.11692667043499,1.30308410106494,56
"2026-09-29T21:39:45Z","2026_04_JAX_CIN","00-0041116",0.690441871580203,0.751574925657902,0.879986914530694,0.941119968608393,1.06953195748118,1.13066501155888,1.26352716568087,1.32466021975857,60
"2026-09-29T21:39:45Z","2026_04_JAX_CIN","00-0041503",0.71379595051858,0.764699595042426,0.919738871121514,0.97064251564536,1.12568179172445,1.17658543624829,1.33535832641113,1.38626197093498,60
"2026-09-29T21:39:45Z","2026_04_KC_LV","00-0029604",12.3156453377842,13.0412268418304,12.3173348978487,13.0429164018949,12.3190244579132,13.0446059619593,15.5667177920356,16.4152752926431,60
"2026-09-29T21:39:45Z","2026_04_KC_LV","00-0030506",6.83023793879313,6.99780679557173,8.55040716786213,8.71797602464072,10.2705763969311,10.4381452537097,11.994304476222,12.1618733330005,60
"2026-09-29T21:39:45Z","2026_04_KC_LV","00-0033873",15.2540485747318,17.1691606005583,15.2761503774561,17.1912624032826,15.2982521801805,17.213364206007,18.3959596808974,20.6415066292963,60
"2026-09-29T21:39:45Z","2026_04_KC_LV","00-0034365",0.787149225115577,0.859521191704566,1.09606160673512,1.16843357332411,1.40497398835467,1.47734595494365,1.71678929704261,1.7891612636316,56
"2026-09-29T21:39:45Z","2026_04_KC_LV","00-0035891",1.48944878105862,1.62851137990461,1.84708254608635,1.98614514493234,2.20471631111409,2.34377890996008,2.20751288050478,2.34657547935077,60
"2026-09-29T21:39:45Z","2026_04_KC_LV","00-0036637",1.71640520734436,1.82723655844661,2.2994772608033,2.41030861190554,2.88254931426223,2.99338066536447,3.46849533060273,3.57932668170497,60
"2026-09-29T21:39:45Z","2026_04_KC_LV","00-0037093",0.830643266797474,0.963928922805657,0.989507690077037,1.12279334608522,1.1483721133566,1.28165776936478,1.15102995835274,1.28431561436092,60
"2026-09-29T21:39:45Z","2026_04_KC_LV","00-0037291",2.67139277959831,2.80442471480896,3.34203632523725,3.4750682604479,4.01267987087619,4.14571180608684,4.01528685480563,4.14831879001628,60
"2026-09-29T21:39:45Z","2026_04_KC_LV","00-0037304",0.6716068362249,0.821757957482806,0.769306109171341,0.919457230429247,0.867005382117781,1.01715650337569,0.8731696418132,1.02332076307111,60
"2026-09-29T21:39:45Z","2026_04_KC_LV","00-0038104",3.29783416795435,3.41481487915057,3.95333088663598,4.07031159783219,4.6088276053176,4.72580831651381,4.61147448392003,4.72845519511624,60
"2026-09-29T21:39:45Z","2026_04_KC_LV","00-0038134",16.1520310357907,17.0585360796371,17.3738119747782,18.2803170186246,18.5955929137657,19.5020979576121,18.6299351217964,19.5364401656428,60
"2026-09-29T21:39:45Z","2026_04_KC_LV","00-0038489",0.435460386678657,0.512078408014909,0.535077490977992,0.611695512314244,0.634694595277328,0.711312616613579,0.641582780761871,0.718200802098122,56
"2026-09-29T21:39:45Z","2026_04_KC_LV","00-0038519",0.423892952917496,0.475119390040746,0.518115126913981,0.569341564037231,0.612337300910466,0.663563738033716,0.614991914061146,0.666218351184396,60
"2026-09-29T21:39:45Z","2026_04_KC_LV","00-0038563",5.16008085694768,5.32573117905866,6.47503372570782,6.64068404781879,7.78998659446795,7.95563691657893,7.79259336748614,7.95824368959712,60
"2026-09-29T21:39:45Z","2026_04_KC_LV","00-0039066",3.13689606148632,3.35079421420275,4.40694060141575,4.62083875413219,5.67698514134519,5.89088329406163,6.94994272381291,7.16384087652935,60
"2026-09-29T21:39:45Z","2026_04_KC_LV","00-0039067",7.26293020204896,7.6308050848926,9.26688744259162,9.63476232543526,11.2708446831343,11.6387195659779,11.2744596257839,11.6423345086275,60
"2026-09-29T21:39:45Z","2026_04_KC_LV","00-0039338",6.91383228750532,7.09180961145409,9.18727083345619,9.36524815740496,11.4607093794071,11.6386867033558,13.7372926834775,13.9152700074263,60
"2026-09-29T21:39:45Z","2026_04_KC_LV","00-0039407",0.595890334926078,0.692009143744112,0.674899406106637,0.771018214924671,0.753908477287197,0.850027286105231,0.761344470369449,0.857463279187483,60
"2026-09-29T21:39:45Z","2026_04_KC_LV","00-0039824",0.453625063579166,0.559230054371465,0.62901710710351,0.734622097895809,0.804409150627854,0.910014141420154,0.983581940934041,1.08918693172634,56
"2026-09-29T21:39:45Z","2026_04_KC_LV","00-0039894",4.238637423959,4.32163127877514,5.44915238570178,5.53214624051792,6.65966734744456,6.7426612022607,6.6622982611935,6.74529211600964,60
"2026-09-29T21:39:45Z","2026_04_KC_LV","00-0040078",1.60011602985992,1.89696017937211,2.06755769183318,2.36440184134537,2.53499935380644,2.83184350331863,2.54149243398903,2.83833658350122,60
"2026-09-29T21:39:45Z","2026_04_KC_LV","00-0040081",0.584849160337588,0.656029915898773,0.790792080940521,0.861972836501707,0.996735001543455,1.06791575710464,1.20641153623014,1.27759229179132,56
"2026-09-29T21:39:45Z","2026_04_KC_LV","00-0040122",12.3416752238014,13.3707107517005,13.8318534272197,14.8608889551188,15.322031630638,16.351067158537,15.3635202412987,16.3925557691978,60
"2026-09-29T21:39:45Z","2026_04_KC_LV","00-0040646",0.892244565825326,1.01018786780842,1.24850205028789,1.36644535227098,1.60475953475045,1.72270283673355,1.60764618875321,1.72558949073631,60
"2026-09-29T21:39:45Z","2026_04_KC_LV","00-0040729",1.94289623781588,1.99263429003206,2.56784312497103,2.61758117718721,3.19279001212617,3.24252806434235,3.19545938367567,3.24519743589185,42
"2026-09-29T21:39:45Z","2026_04_KC_LV","00-0040878",3.34127981040638,3.50192699904637,3.44312196729539,3.60376915593537,3.54496412418439,3.70561131282437,3.55290451903624,3.71355170767623,60
"2026-09-29T21:39:45Z","2026_04_KC_LV","00-0040890",0.484368044146822,0.745990657226774,0.620230351762311,0.881852964842263,0.756092659377799,1.01771527245775,0.759472892950161,1.02109550603011,56
"2026-09-29T21:39:45Z","2026_04_KC_LV","00-0040894",0.569040549566054,0.674814265993021,0.787015945714997,0.892789662141963,1.00499134186394,1.11076505829091,1.0083715754363,1.11414529186327,60
"2026-09-29T21:39:45Z","2026_04_KC_LV","00-0041013",3.54380509236134,3.70663487617437,3.99234695639159,4.15517674020462,4.44088882042183,4.60371860423487,4.44882921527369,4.61165899908673,60
"2026-09-29T21:39:45Z","2026_04_LAC_SEA","00-0033576",0.647526102482485,0.933808929067817,0.909908101842171,1.1961909284275,1.17229010120186,1.45857292778719,1.43756624997578,1.72384907656111,53
"2026-09-29T21:39:45Z","2026_04_LAC_SEA","00-0033908",4.05460098700228,4.34284039726954,5.29119287557045,5.57943228583771,6.52778476413862,6.81602417440588,6.55718436099425,6.8454237712615,53
"2026-09-29T21:39:45Z","2026_04_LAC_SEA","00-0034272",1.41420298012482,1.6230858051518,2.01550284112255,2.22438566614953,2.61680270212028,2.82568552714726,2.61983619573455,2.82871902076153,53
"2026-09-29T21:39:45Z","2026_04_LAC_SEA","00-0034869",12.1120259903312,12.3522223684334,12.1120259903312,12.3522223684334,12.1120259903312,12.3522223684334,14.7475309574606,14.9877273355629,53
"2026-09-29T21:39:45Z","2026_04_LAC_SEA","00-0035125",1.02490127708331,1.05362362292832,1.36454935213788,1.39327169798289,1.70419742719244,1.73291977303745,1.71115541140388,1.73987775724889,53
"2026-09-29T21:39:45Z","2026_04_LAC_SEA","00-0036355",11.9681692986365,12.3219800773369,11.9682419076881,12.3220526863885,11.9683145167396,12.32212529544,14.7343320526954,15.0881428313958,53
"2026-09-29T21:39:45Z","2026_04_LAC_SEA","00-0037545",3.58201861892407,3.65330667008771,4.43746710463171,4.50875515579536,5.29291559033936,5.364203641503,5.30169221355238,5.37298026471603,53
"2026-09-29T21:39:45Z","2026_04_LAC_SEA","00-0038454",3.47832498759176,3.9149633349547,3.91510229284831,4.35174064021126,4.35187959810487,4.78851794546782,4.35818691540636,4.79482526276931,53
"2026-09-29T21:39:45Z","2026_04_LAC_SEA","00-0038488",0.920028274497577,1.0763865503878,1.13893431992539,1.29529259581562,1.35784036535321,1.51419864124344,1.36399200446992,1.52035028036015,53
"2026-09-29T21:39:45Z","2026_04_LAC_SEA","00-0038543",12.4352502548162,12.6732337514638,15.3253496113277,15.5633331079753,18.2154489678392,18.4534324644868,18.2384449140626,18.4764284107102,60
"2026-09-29T21:39:45Z","2026_04_LAC_SEA","00-0038544",4.11150586271494,4.42499039414309,5.21238239782216,5.52586692925031,6.31325893292937,6.62674346435752,6.32445155000392,6.63793608143207,53
"2026-09-29T21:39:45Z","2026_04_LAC_SEA","00-0038573",0.570600734868713,0.672210436371788,0.718439963450814,0.820049664953889,0.866279192032914,0.96788889353599,0.868928979555726,0.970538681058801,53
"2026-09-29T21:39:45Z","2026_04_LAC_SEA","00-0038797",5.2089003861204,6.35283672061799,5.41037533975779,6.55431167425539,5.61185029339518,6.75578662789278,5.61800347903551,6.76193981353311,53
"2026-09-29T21:39:45Z","2026_04_LAC_SEA","00-0039299",3.57109766167175,5.31501245621695,4.12899418397178,5.87290897851698,4.68689070627182,6.43080550081701,4.70313524098877,6.44705003553396,53
"2026-09-29T21:39:45Z","2026_04_LAC_SEA","00-0039391",3.08552542635718,3.26191322617289,3.43177069689345,3.60815849670916,3.77801596742972,3.95440376724542,3.78427875753431,3.96066655735002,53
"2026-09-29T21:39:45Z","2026_04_LAC_SEA","00-0039489",0.356603138989466,0.466282023091692,0.484650395976213,0.594329280078439,0.61269765296296,0.722376537065186,0.744535494609864,0.85421437871209,53
"2026-09-29T21:39:45Z","2026_04_LAC_SEA","00-0039793",3.87489970674467,4.36212148374839,4.96956666296832,5.45678843997204,6.06423361919197,6.55145539619569,7.16175454158963,7.64897631859335,53
"2026-09-29T21:39:45Z","2026_04_LAC_SEA","00-0039915",5.53087966843399,5.90182727444911,7.00608470083229,7.37703230684741,8.48128973323058,8.8522373392457,8.4839002067329,8.85484781274802,53
"2026-09-29T21:39:45Z","2026_04_LAC_SEA","00-0040058",0.348220789567782,0.465811024869441,0.436719651482474,0.554309886784133,0.525218513397165,0.642808748698824,0.616881349901314,0.734471585202974,53
"2026-09-29T21:39:45Z","2026_04_LAC_SEA","00-0040189",3.08082381792953,3.33611743514152,3.91765925292321,4.1729528701352,4.75449468791688,5.00978830512887,5.60133492787686,5.85662854508886,53
"2026-09-29T21:39:45Z","2026_04_LAC_SEA","00-0040331",0.50839512930478,0.52549371897507,0.697940172255271,0.715038761925561,0.887485215205761,0.904583804876052,1.08148042340544,1.09857901307573,40
"2026-09-29T21:39:45Z","2026_04_LAC_SEA","00-0040621",0.707636542338207,0.8837589061598,0.915599571133088,1.09172193495468,1.12356259992797,1.29968496374956,1.12757280277007,1.30369516659167,53
"2026-09-29T21:39:45Z","2026_04_LAC_SEA","00-0040648",2.30827396513146,2.46519885871418,2.95065945499968,3.10758434858239,3.59304494486789,3.7499698384506,3.59602381424313,3.75294870782584,53
"2026-09-29T21:39:45Z","2026_04_LAC_SEA","00-0040666",9.02838896308762,9.32203196873403,9.72734853582148,10.0209915414679,10.4263081085553,10.7199511142017,10.5552694598279,10.8489124654743,60
"2026-09-29T21:39:45Z","2026_04_LAC_SEA","00-0040727",3.63182845286101,4.0103535349961,4.67716882662558,5.05569390876067,5.72250920039016,6.10103428252524,5.72515468836265,6.10367977049774,53
"2026-09-29T21:39:45Z","2026_04_LAC_SEA","00-0040739",1.00724912500938,1.20798916204769,1.30028024620565,1.50102028324396,1.59331136740191,1.79405140444022,1.90141290608164,2.10215294311995,53
"2026-09-29T21:39:45Z","2026_04_LAC_SEA","00-0041512",4.91784285027365,6.61183528604123,5.37652213264136,7.07051456840895,5.83520141500908,7.52919385077666,6.00695060380672,7.7009430395743,53
"2026-09-29T21:39:45Z","2026_04_LAC_SEA","00-0041550",1.05507809657553,1.09169387227971,1.33893059886802,1.3755463745722,1.62278310116052,1.6593988768647,1.62643253967593,1.66304831538011,40
"2026-09-29T21:39:45Z","2026_04_LA_PHI","00-0026498",13.9299975472245,15.8004036887529,13.9314949864038,15.8019011279322,13.9329924255831,15.8033985671115,17.2180957935691,19.1465343557378,60
"2026-09-29T21:39:45Z","2026_04_LA_PHI","00-0030061",3.25770101928705,3.42827832272091,4.54117389376477,4.71175119719863,5.82464676824249,5.99522407167635,7.11123474063421,7.28181204406807,60
"2026-09-29T21:39:45Z","2026_04_LA_PHI","00-0031381",10.9342404526706,11.7804430942768,13.2690152961121,14.3725172588003,15.3783899230342,16.9645914233237,15.3888470061217,16.9750485064112,60
"2026-09-29T21:39:45Z","2026_04_LA_PHI","00-0033110",2.91879176618864,3.44702628344878,4.04860449757655,4.57683901483669,5.17841722896446,5.7066517462246,6.36652114890877,6.89475566616891,60
"2026-09-29T21:39:45Z","2026_04_LA_PHI","00-0033246",1.00357343805004,1.14523559172075,1.35234597560505,1.49400812927575,1.70111851316005,1.84278066683076,2.05275891919344,2.19442107286415,60
"2026-09-29T21:39:45Z","2026_04_LA_PHI","00-0034844",12.0430123578346,12.7382229073991,12.7462916364498,13.4415021860144,13.4495709150651,14.1447814646296,13.4977455319892,14.1929560815537,60
"2026-09-29T21:39:45Z","2026_04_LA_PHI","00-0036244",2.89655698409552,3.67913251052221,3.73838937905743,4.52096490548412,4.58022177401934,5.36279730044603,5.42898113221133,6.21155665863802,60
"2026-09-29T21:39:45Z","2026_04_LA_PHI","00-0036389",15.5813801355838,17.2230073486,15.5828932196457,17.224520432662,15.5844063037077,17.2260335167239,18.4138077347224,20.1049572451591,60
"2026-09-29T21:39:45Z","2026_04_LA_PHI","00-0036849",1.74987452600396,1.78378999603749,2.11768263170804,2.15159810174157,2.48549073741212,2.51940620744565,2.48834903831051,2.52226450834404,33
"2026-09-29T21:39:45Z","2026_04_LA_PHI","00-0036912",8.91977586144196,9.67261393052014,11.7768213758534,12.5340514072357,14.6341638479371,15.4681074823035,14.6446899141225,15.4786335484889,60
"2026-09-29T21:39:45Z","2026_04_LA_PHI","00-0036980",1.17357295657684,1.18739918569821,1.6644899539901,1.67831618311146,2.15540695140335,2.16923318052472,2.15861708812726,2.17244331724863,33
"2026-09-29T21:39:45Z","2026_04_LA_PHI","00-0037132",0.552255516704139,0.575719705924594,0.723221069014117,0.746685258234573,0.894186621324096,0.917650810544551,0.896948903949239,0.920413093169695,33
"2026-09-29T21:39:45Z","2026_04_LA_PHI","00-0037840",11.5464752851662,12.3449132344387,12.7532998014756,13.551737750748,13.9601243177849,14.7585622670573,14.0672082838872,14.8656462331597,60
"2026-09-29T21:39:45Z","2026_04_LA_PHI","00-0038359",1.22273218767065,1.26022055992968,1.48853428521115,1.52602265747018,1.75433638275165,1.79182475501067,1.75693481994769,1.79442319220672,33
"2026-09-29T21:39:45Z","2026_04_LA_PHI","00-0038393",5.44106647960986,5.81717847199009,6.64600029345495,7.37037753465449,7.77610950384455,8.95825284322049,7.78674657362426,8.9688899130002,60
"2026-09-29T21:39:45Z","2026_04_LA_PHI","00-0038498",0.457245086787303,0.487292187133367,0.555865244783475,0.58591234512954,0.654485402779648,0.684532503125712,0.756323313802574,0.786370414148638,33
"2026-09-29T21:39:45Z","2026_04_LA_PHI","00-0038555",2.39014461650258,2.57724731908808,2.67363616220417,2.86073886478967,2.95712770790576,3.14423041049126,3.03211294192684,3.21921564451234,60
"2026-09-29T21:39:45Z","2026_04_LA_PHI","00-0039074",1.42872443038295,1.5285162444816,1.91199451539339,2.01178632949204,2.39526460040384,2.49505641450249,2.88138617115094,2.98117798524959,60
"2026-09-29T21:39:45Z","2026_04_LA_PHI","00-0039075",11.240708257975,11.4226256546997,13.8995371433783,14.081454540103,16.5583660287817,16.7402834255064,16.5723136451774,16.7542310419022,33
"2026-09-29T21:39:45Z","2026_04_LA_PHI","00-0039738",6.17126995116404,6.97163281788345,6.65005007750336,7.45041294422277,7.12883020384268,7.92919307056208,7.1631875932353,7.96355045995471,60
"2026-09-29T21:39:45Z","2026_04_LA_PHI","00-0039746",1.45704772446063,1.53428783102109,1.87883327874893,1.95607338530939,2.30061883303723,2.37785893959769,2.30681294245937,2.38405304901983,60
"2026-09-29T21:39:45Z","2026_04_LA_PHI","00-0039751",1.47090490591486,1.51904498696158,1.81861428940236,1.86675437044908,2.16632367288986,2.21446375393658,2.1690022313194,2.21714231236612,33
"2026-09-29T21:39:45Z","2026_04_LA_PHI","00-0040024",1.08205136799314,1.10658150486528,1.45826452159351,1.48279465846565,1.83447767519388,1.85900781206602,1.83717714622712,1.86170728309926,33
"2026-09-29T21:39:45Z","2026_04_LA_PHI","00-0040590",2.71840078254472,3.14296131377605,3.26845436744168,3.69301489867301,3.81850795233864,4.24306848356997,3.82113441142433,4.24569494265566,60
"2026-09-29T21:39:45Z","2026_04_LA_PHI","00-0040867",3.6236535617879,3.84885272921416,5.04870358254058,5.364976790238,6.47375360329326,6.89711620850097,6.48733088741852,6.91069349262622,60
"2026-09-29T21:39:45Z","2026_04_LA_PHI","00-0041399",1.09288381587851,1.12679928591204,1.39443020763108,1.42834567766461,1.69597659938366,1.72989206941719,1.70050358543581,1.73441905546934,33
"2026-09-29T21:39:45Z","2026_04_LA_PHI","00-0041510",0.954769535021089,0.994466082166406,1.2296098472993,1.26930639444462,1.50445015957751,1.54414670672283,1.78434370109632,1.82404024824164,33
"2026-09-29T21:39:45Z","2026_04_MIA_MIN","00-0033293",9.36892665783744,10.9015594780478,10.2240266839983,11.7566595042087,11.0791267101592,12.6117595303696,11.1060414651569,12.6386742853673,60
"2026-09-29T21:39:45Z","2026_04_MIA_MIN","00-0035228",10.1833405178518,10.2462340633016,10.1833405178518,10.2462340633016,10.1833405178518,10.2462340633016,12.3951981421857,12.4580916876355,40
"2026-09-29T21:39:45Z","2026_04_MIA_MIN","00-0035229",4.67964328962168,4.77495171815272,5.90635971758564,6.00166814611668,7.1330761455496,7.22838457408065,8.36279552924258,8.45810395777362,40
"2026-09-29T21:39:45Z","2026_04_MIA_MIN","00-0036259",4.41838963094122,4.49351723075013,5.36761766135749,5.4427452611664,6.31684569177376,6.39197329158267,6.34403585876631,6.41916345857522,40
"2026-09-29T21:39:45Z","2026_04_MIA_MIN","00-0036322",7.33002432252663,7.44033451172512,9.07667363793057,9.18698382712906,10.8233229533345,10.933633142533,10.8262833397163,10.9365935289148,40
"2026-09-29T21:39:45Z","2026_04_MIA_MIN","00-0037252",3.51934830952677,3.58224185497657,4.58835142028549,4.65124496573529,5.65735453104421,5.72024807649401,6.74980527548892,6.81269882093871,40
"2026-09-29T21:39:45Z","2026_04_MIA_MIN","00-0037666",1.68241550453223,1.7224892493074,2.16287281538102,2.20294656015619,2.64333012622981,2.68340387100498,2.64615983433187,2.68623357910704,40
"2026-09-29T21:39:45Z","2026_04_MIA_MIN","00-0038128",9.5945740292117,9.65466326555052,9.5945740292117,9.65466326555052,9.5945740292117,9.65466326555052,11.5787908368623,11.6388800732011,40
"2026-09-29T21:39:45Z","2026_04_MIA_MIN","00-0038824",1.79987911475739,1.8312042313763,2.12646489426308,2.15779001088199,2.45305067376877,2.48437579038768,2.45579389778778,2.4871190144067,40
"2026-09-29T21:39:45Z","2026_04_MIA_MIN","00-0038994",8.50417239973038,8.86145564732784,9.52969848250694,9.8869817301044,10.5552245652835,10.912507812881,10.5578544550504,10.9151377026478,40
"2026-09-29T21:39:45Z","2026_04_MIA_MIN","00-0039874",3.89171295342144,3.97004829976105,4.07972037785322,4.15805572419284,4.26772780228501,4.34606314862463,4.30623832906924,4.38457367540885,40
"2026-09-29T21:39:45Z","2026_04_MIA_MIN","00-0039880",4.53630470787459,4.60704341429065,5.79170935765028,5.86244806406634,7.04711400742598,7.11785271384204,7.11474994555784,7.1854886519739,40
"2026-09-29T21:39:45Z","2026_04_MIA_MIN","00-0040154",0.826727337717285,0.866801082492457,0.972629846024972,1.01270359080014,1.11853235433266,1.15860609910783,1.12133104988779,1.16140479466297,40
"2026-09-29T21:39:45Z","2026_04_MIA_MIN","00-0040198",3.67815167111531,3.75991269502242,3.99507278304179,4.07683380694889,4.31199389496826,4.39375491887537,4.31827628370706,4.40003730761417,40
"2026-09-29T21:39:45Z","2026_04_MIA_MIN","00-0040215",0.796801802976187,0.833789956641554,0.986346845926678,1.02333499959204,1.17589188887717,1.21288004254254,1.36988709707685,1.40687525074222,40
"2026-09-29T21:39:45Z","2026_04_MIA_MIN","00-0040506",0.722320208674897,0.762393953450069,0.807124101608475,0.847197846383648,0.891927994542054,0.932001739317227,0.894597366091555,0.934671110866728,40
"2026-09-29T21:39:45Z","2026_04_MIA_MIN","00-0040692",1.43512008693652,1.47885680914617,1.61964144792847,1.66337817013812,1.80416280892042,1.84789953113007,1.81400643851443,1.85774316072409,40
"2026-09-29T21:39:45Z","2026_04_MIA_MIN","00-0041077",0.694927579840852,0.716486977142537,0.969767892119064,0.991327289420748,1.24460820439728,1.26616760169896,1.52450174591608,1.54606114321777,40
"2026-09-29T21:39:45Z","2026_04_MIA_MIN","00-0041081",0.669372855762473,0.692733665441351,0.771215012651474,0.794575822330352,0.873057169540475,0.896417979219353,0.880997564392333,0.904358374071211,40
"2026-09-29T21:39:45Z","2026_04_MIA_MIN","00-0041104",1.40284093775841,1.45230750596495,1.63385908720054,1.68332565540708,1.86487723664266,1.9143438048492,1.87342097546892,1.92288754367546,40
"2026-09-29T21:39:45Z","2026_04_MIA_MIN","00-0041436",1.02888307780398,1.05439073323932,1.22196199973015,1.24746965516549,1.41504092165632,1.44054857709166,1.42298131650818,1.44848897194352,40
"2026-09-29T21:39:45Z","2026_04_MIA_MIN","00-0041523",3.83518963763524,3.88793493334307,4.78615804289269,4.83890333860052,5.73712644815015,5.78987174385797,5.74077588666556,5.79352118237338,40
"2026-09-29T21:39:45Z","2026_04_MIA_MIN","00-0041524",0.720554035372501,0.756176100235932,0.935620632479151,0.971242697342583,1.1506872295858,1.18630929444923,1.3694874407762,1.40510950563963,40
"2026-09-29T21:39:45Z","2026_04_MIA_MIN","00-0041525",3.67071919396028,3.74107118840223,4.29419132360776,4.36454331804971,4.91766345325523,4.98801544769719,4.9210436868276,4.99139568126955,40
"2026-09-29T21:39:45Z","2026_04_MIA_MIN","00-0041529",0.797111388501759,0.831468126580016,1.03434787949188,1.06870461757014,1.271584370482,1.30594110856026,1.27496460405437,1.30932134213262,40
"2026-09-29T21:39:45Z","2026_04_MIA_MIN","00-0041579",0.694927579840852,0.716486977142537,0.969767892119064,0.991327289420748,1.24460820439728,1.26616760169896,1.52450174591608,1.54606114321777,40
"2026-09-29T21:39:45Z","2026_04_NE_BUF","00-0033090",4.01729810478023,5.58082318030207,5.11213683014313,7.49534709492781,6.20697555550603,9.40964725608389,7.30466073488315,11.3406079500956,60
"2026-09-29T21:39:45Z","2026_04_NE_BUF","00-0033555",5.19892281927301,6.25399627714211,6.62236603221973,8.11590679051694,8.04580924516646,9.98079979348375,8.04841477791295,9.99124500743224,60
"2026-09-29T21:39:45Z","2026_04_NE_BUF","00-0034827",6.32106338491269,7.75598996004265,7.71126646269046,9.63631583961711,9.10146954046823,11.5030439831857,9.10604330661507,11.5154270245086,60
"2026-09-29T21:39:45Z","2026_04_NE_BUF","00-0034857",21.8786413496779,23.6882527225379,21.9402752952282,23.7498866680881,22.0019092407785,23.8115206136384,25.3799877385402,27.3751960789264,60
"2026-09-29T21:39:45Z","2026_04_NE_BUF","00-0035500",1.22867618798056,1.25541004081091,1.81004089187514,1.83677474470548,2.39140559576971,2.41813944860006,2.39515406384231,2.42188791667265,60
"2026-09-29T21:39:45Z","2026_04_NE_BUF","00-0035537",3.51038533416292,3.77610613097896,4.44935248109043,4.64636057894936,5.36834891168784,5.58081163270568,5.40084997033781,5.61760586103222,60
"2026-09-29T21:39:45Z","2026_04_NE_BUF","00-0035689",2.16189041934869,2.30526318717379,2.97028146457526,3.11365423240036,3.77867250980184,3.92204527762693,4.58991884454624,4.73329161237134,60
"2026-09-29T21:39:45Z","2026_04_NE_BUF","00-0036187",0.552464490610946,0.683872554045976,0.694337444986574,0.825745508421603,0.836210399362201,0.967618462797231,0.842349704733612,0.973757768168641,60
"2026-09-29T21:39:45Z","2026_04_NE_BUF","00-0036875",7.7747776362466,8.12637536581207,8.84059862055306,9.52643596924844,9.90641960485952,10.9392763778259,9.99202548975727,11.0531743900211,60
"2026-09-29T21:39:45Z","2026_04_NE_BUF","00-0036988",2.66004366125176,2.75511642164604,3.19400637450493,3.28907913489921,3.7279690877581,3.82304184815238,3.7307930709417,3.82586583133598,60
"2026-09-29T21:39:45Z","2026_04_NE_BUF","00-0037248",12.7059997185887,14.4814898440378,13.332155549825,15.2387868732277,13.9583113810613,16.0051945984958,14.088709570365,16.1638055633452,60
"2026-09-29T21:39:45Z","2026_04_NE_BUF","00-0037261",4.93452809685142,6.10256385884189,6.55456734616136,8.03841500090578,8.17460659547131,9.97468864971375,8.18886945414253,9.99677538235287,60
"2026-09-29T21:39:45Z","2026_04_NE_BUF","00-0037816",5.55892011366901,5.98651940540092,6.75004015843607,7.66618300062608,7.94116020320313,9.34563795011437,7.94377445431747,9.35610091905524,60
"2026-09-29T21:39:45Z","2026_04_NE_BUF","00-0038564",0.282798813844606,0.404161366983145,0.3650915787634,0.486454131901939,0.447384343682194,0.568746896820733,0.5327194965959,0.65408204973444,60
"2026-09-29T21:39:45Z","2026_04_NE_BUF","00-0038621",3.03641433475267,4.32963162167882,3.88201430958502,5.71921335505321,4.72761428441737,7.10807735859928,4.73023205286441,7.11847831423847,60
"2026-09-29T21:39:45Z","2026_04_NE_BUF","00-0038933",7.45639277901788,8.13300650486415,9.70861389091693,10.4115641102428,11.842219758261,12.6944572080532,13.889817440565,15.0909684739937,60
"2026-09-29T21:39:45Z","2026_04_NE_BUF","00-0039851",14.8101262027052,16.1136294630176,14.8142863146514,16.1177895749638,14.8184464265976,16.12194968691,18.5612143194679,20.0312244576268,60
"2026-09-29T21:39:45Z","2026_04_NE_BUF","00-0039875",1.7226491516105,1.88597703529458,1.95205335802644,2.11538124171052,2.18145756444238,2.34478544812645,2.18760005117352,2.3509279348576,60
"2026-09-29T21:39:45Z","2026_04_NE_BUF","00-0039901",2.71587325732625,3.58011739597983,3.50528413781189,4.51612389563966,4.29999181821669,5.45213039529949,4.31911154962276,5.46334504419847,60
"2026-09-29T21:39:45Z","2026_04_NE_BUF","00-0040131",1.69730302468106,1.89915358712522,2.02836306209452,2.23021362453869,2.35942309950799,2.56127366195216,2.36204153076049,2.56389209320465,60
"2026-09-29T21:39:45Z","2026_04_NE_BUF","00-0040194",0.81439365513454,0.854005249330531,1.03688449061311,1.0764960848091,1.25937532609168,1.29898692028767,1.48476690911513,1.52437850331112,60
"2026-09-29T21:39:45Z","2026_04_NE_BUF","00-0040363",0.491065285980317,0.517497136908308,0.689836196510771,0.716268047438762,0.888607107041225,0.915038957969217,1.09066247970025,1.11709433062824,60
"2026-09-29T21:39:45Z","2026_04_NE_BUF","00-0040556",1.50135504980511,1.53696391842203,1.72231626910426,1.75792513772119,1.94327748840341,1.97888635702034,1.95043720979928,1.98604607841621,60
"2026-09-29T21:39:45Z","2026_04_NE_BUF","00-0040563",1.00892106897118,1.08723724661517,1.34347700906657,1.42179318671057,1.67803294916197,1.75634912680597,1.70460433488953,1.78292051253353,60
"2026-09-29T21:39:45Z","2026_04_NE_BUF","00-0040734",6.24148181395887,7.77107747220313,6.73868119237763,8.25834923249944,7.23588057079638,8.74562099279575,7.24941945263358,8.78851801819672,60
"2026-09-29T21:39:45Z","2026_04_NE_BUF","00-0041314",0.546800118677545,0.581546583180808,0.736345161628036,0.771091626131298,0.925890204578527,0.960636669081789,1.11988541277821,1.15463187728147,59
"2026-09-29T21:39:45Z","2026_04_NE_BUF","00-0041395",1.47206333857855,1.66066648290424,1.85068345301425,2.03928659733993,2.22930356744994,2.41790671177562,2.61196167735507,2.80056482168075,60
"2026-09-29T21:39:45Z","2026_04_NE_BUF","00-0041443",1.10191090587416,1.16586615685233,1.40345729762674,1.46741254860491,1.70500368937932,1.76895894035749,1.70953067543147,1.77348592640964,60
"2026-09-29T21:39:45Z","2026_04_NYJ_CHI","00-0030565",12.13671003331,12.1770564539936,12.1367701461952,12.1771165668788,12.1368302590804,12.177176679764,14.7194043591968,14.7597507798804,60
"2026-09-29T21:39:45Z","2026_04_NYJ_CHI","00-0032464",5.28706025939228,5.36189972163284,6.76086831803305,6.8357077802736,8.23467637667381,8.30951583891437,8.23730679142322,8.31214625366378,60
"2026-09-29T21:39:45Z","2026_04_NYJ_CHI","00-0034959",0.557324196345633,0.578914381679037,0.693142418698685,0.714732604032089,0.828960641051736,0.85055082638514,0.835366419796933,0.856956605130337,60
"2026-09-29T21:39:45Z","2026_04_NYJ_CHI","00-0036275",11.773917517177,12.0706756895465,12.6231756588644,12.9199338312339,13.4724338005519,13.7691919729214,13.553871771797,13.8506299441665,60
"2026-09-29T21:39:45Z","2026_04_NYJ_CHI","00-0036290",2.09137188596033,2.1407973183626,2.65298004135267,2.70240547375494,3.21458819674501,3.26401362914728,3.7790582714715,3.82848370387377,60
"2026-09-29T21:39:45Z","2026_04_NYJ_CHI","00-0036842",0.889329191893974,0.906178046556429,0.975464842593285,0.99231369725574,1.0616004932926,1.07844934795505,1.06891797627676,1.08576683093922,60
"2026-09-29T21:39:45Z","2026_04_NYJ_CHI","00-0037740",8.16356941267878,8.31279918718771,10.4030349220347,10.5522646965436,12.6425004313906,12.7917302058996,12.6527367128927,12.8019664874016,60
"2026-09-29T21:39:45Z","2026_04_NYJ_CHI","00-0037755",1.01421520371203,1.04268372121421,1.32539210582254,1.35386062332471,1.63656900793304,1.66503752543521,1.95085399826355,1.97932251576572,60
"2026-09-29T21:39:45Z","2026_04_NYJ_CHI","00-0037805",1.72361178889059,1.77108787895218,2.52345190780923,2.57092799787082,3.32329202672787,3.37076811678946,4.12600092773567,4.17347701779726,60
"2026-09-29T21:39:45Z","2026_04_NYJ_CHI","00-0038120",10.4526019798895,10.6606091514985,11.5060317038818,11.7140388754908,12.5594614278741,12.7674685994831,12.5905409814188,12.7985481530278,60
"2026-09-29T21:39:45Z","2026_04_NYJ_CHI","00-0039021",1.16298941892033,1.20646540837278,1.32732655854769,1.37080254800013,1.49166369817504,1.53513968762749,1.49842845582587,1.54190444527831,60
"2026-09-29T21:39:45Z","2026_04_NYJ_CHI","00-0039451",2.91182046638221,2.97564947100233,3.88995434009499,3.95378334471511,4.86808821380777,4.93191721842789,4.87073179795308,4.9345608025732,60
"2026-09-29T21:39:45Z","2026_04_NYJ_CHI","00-0039794",5.55377608715514,5.74338343793386,6.0180058604714,6.20761321125012,6.48223563378767,6.67184298456638,6.51519720375832,6.70480455453704,60
"2026-09-29T21:39:45Z","2026_04_NYJ_CHI","00-0039798",3.09316046357944,3.16704757330962,3.45920103389546,3.53308814362564,3.82524160421148,3.89912871394166,3.83164164885853,3.90552875858871,60
"2026-09-29T21:39:45Z","2026_04_NYJ_CHI","00-0039890",4.50758295489602,4.58216666954592,5.67692863121828,5.75151234586817,6.84627430754054,6.92085802219043,6.85914658437315,6.93373029902304,60
"2026-09-29T21:39:45Z","2026_04_NYJ_CHI","00-0039919",4.92356831514073,4.99413752806128,6.04887538566077,6.11944459858132,7.17418245618081,7.24475166910136,7.17910523740504,7.24967445032559,60
"2026-09-29T21:39:45Z","2026_04_NYJ_CHI","00-0040126",4.3004193112325,4.37098852415305,5.59697733216552,5.66754654508607,6.89353535309854,6.96410456601909,8.19300529352947,8.26357450645002,60
"2026-09-29T21:39:45Z","2026_04_NYJ_CHI","00-0040236",7.08712754384745,7.18156388249177,7.65302167643534,7.74745801507966,8.21891580902323,8.31335214766755,8.22514877242871,8.31958511107303,60
"2026-09-29T21:39:45Z","2026_04_NYJ_CHI","00-0040277",1.12662162891909,1.16786744689802,1.42848721325851,1.46973303123744,1.73035279759794,1.77159861557687,1.7332394516007,1.77448526957963,60
"2026-09-29T21:39:45Z","2026_04_NYJ_CHI","00-0040405",0.825129737652161,0.858610900619742,1.03309276644704,1.06657392941462,1.24105579524192,1.2745369582095,1.24506599808403,1.27854716105161,60
"2026-09-29T21:39:45Z","2026_04_NYJ_CHI","00-0040735",5.60688255888473,5.68172202112529,7.23177945894323,7.30661892118378,8.85667635900172,8.93151582124227,8.91467607437366,8.98951553661421,60
"2026-09-29T21:39:45Z","2026_04_NYJ_CHI","00-0040736",1.97513406283183,2.02142432207792,2.91324620677407,2.95953646602016,3.85135835071631,3.8976486099624,4.79257683023325,4.83886708947935,60
"2026-09-29T21:39:45Z","2026_04_NYJ_CHI","00-0041032",5.07962484624487,5.16517359239063,6.34188675761149,6.42743550375725,7.60414866897811,7.68969741512387,8.87014419442847,8.95569294057424,60
"2026-09-29T21:39:45Z","2026_04_NYJ_CHI","00-0041051",1.07610939524123,1.12358548530282,1.35996189753372,1.40743798759531,1.64381439982622,1.69129048988781,1.64746383834163,1.69493992840322,60
"2026-09-29T21:39:45Z","2026_04_NYJ_CHI","00-0041170",0.844199099667151,0.879807821398122,1.11903941194536,1.15464813367633,1.39387972422357,1.42948844595455,1.67377326574238,1.70938198747335,60
"2026-09-29T21:39:45Z","2026_04_NYJ_CHI","00-0041267",0.855618596348835,0.891227318079807,1.06358162514372,1.09919034687469,1.2715446539386,1.30715337566957,1.2755548567807,1.31116357851167,60
"2026-09-29T21:39:45Z","2026_04_NYJ_CHI","00-0041558",1.15911418571133,1.20036000369026,1.47555496619261,1.51680078417154,1.7919957466739,1.83324156465283,2.11217014123893,2.15341595921786,60
"2026-09-29T21:39:45Z","2026_04_PIT_CLE","00-0023459",12.2400572768534,12.7238072185293,12.2546420491226,12.7383919907984,12.2692268213918,12.7529767630676,15.2657596208588,15.6925273763318,60
"2026-09-29T21:39:45Z","2026_04_PIT_CLE","00-0031595",0.480463701360411,0.560539213363524,0.640382082300126,0.720457594303238,0.80030046323984,0.880375975242953,0.80645206344779,0.886527575450903,60
"2026-09-29T21:39:45Z","2026_04_PIT_CLE","00-0033537",13.1725639710221,14.5852772419109,13.1742723917076,14.5869856625964,13.1759808123931,14.5886940832819,15.7232345324848,17.3625340272578,60
"2026-09-29T21:39:45Z","2026_04_PIT_CLE","00-0033757",0.291529957119403,0.319464567687573,0.444799632322963,0.472734242891133,0.598069307526524,0.626003918094693,0.754230446136649,0.782165056704819,60
"2026-09-29T21:39:45Z","2026_04_PIT_CLE","00-0035594",0.784076941011427,1.05209896261339,0.874346664965157,1.14236868656712,0.964616388918888,1.23263841052085,0.971515327290458,1.23953734889242,60
"2026-09-29T21:39:45Z","2026_04_PIT_CLE","00-0035640",6.1922312502688,6.58801978197568,8.05164425232365,8.45428517333961,9.89399250908432,10.3242800060217,9.90598815435765,10.3362756512951,60
"2026-09-29T21:39:45Z","2026_04_PIT_CLE","00-0036139",6.53928898846937,7.0029696204183,7.39255320473188,7.85623383668081,8.2458174209944,8.70949805294332,8.28028982807931,8.74397046002823,59
"2026-09-29T21:39:45Z","2026_04_PIT_CLE","00-0036252",4.76277803713626,5.12015775302252,6.46490840478328,6.81685783410668,8.17501525065167,8.52790442673457,8.1875052276245,8.5403944037074,60
"2026-09-29T21:39:45Z","2026_04_PIT_CLE","00-0036407",2.15455266169803,2.3301303568363,2.88104380653,3.08347703555562,3.60578318540347,3.83576925121214,3.62922329177111,3.85920935757978,60
"2026-09-29T21:39:45Z","2026_04_PIT_CLE","00-0036630",0.477511233579608,0.531069716769446,0.608964502350456,0.662522985540294,0.740417771121304,0.793976254311141,0.743045843194542,0.79660432638438,60
"2026-09-29T21:39:45Z","2026_04_PIT_CLE","00-0036862",0.905867682505351,0.973877178280328,1.16918286372832,1.2371923595033,1.43249804495129,1.50050754072627,1.43519228758863,1.5032017833636,60
"2026-09-29T21:39:45Z","2026_04_PIT_CLE","00-0036894",4.26575191604135,4.4718420703293,5.97270868261949,6.18033923883024,7.6750829271181,7.89035103370606,9.3900802620184,9.61818908599592,60
"2026-09-29T21:39:45Z","2026_04_PIT_CLE","00-0037228",12.8308316975528,13.3948991504695,14.4818572275727,15.0465615198441,16.1428813732921,16.6972104828674,16.2327730249559,16.7871021345311,60
"2026-09-29T21:39:45Z","2026_04_PIT_CLE","00-0038409",0.867037689957484,1.29281084499126,1.00382357026922,1.429596725303,1.14060945058095,1.56638260561473,1.14953066264081,1.57530381767459,54
"2026-09-29T21:39:45Z","2026_04_PIT_CLE","00-0038558",2.59440336370113,2.83834770303458,3.62818940987089,3.86284348058829,4.64459995958595,4.87725304974397,5.70365781174651,5.92809879977274,60
"2026-09-29T21:39:45Z","2026_04_PIT_CLE","00-0038710",0.79535556624309,0.892800322083854,0.999656777131761,1.09710153297252,1.20395798802043,1.3014027438612,1.41114900654902,1.50859376238978,60
"2026-09-29T21:39:45Z","2026_04_PIT_CLE","00-0038794",1.76466656600292,1.81509559153172,1.9843621037144,2.0347911292432,2.20405764142588,2.25448666695467,2.21152712328359,2.26195614881239,60
"2026-09-29T21:39:45Z","2026_04_PIT_CLE","00-0039739",3.42998934393103,3.5930033188696,4.67393480034281,4.83471078097479,5.89672654472536,6.07548449963586,5.92257201642113,6.10132997133164,60
"2026-09-29T21:39:45Z","2026_04_PIT_CLE","00-0039920",0.943997155100092,0.976169346034284,1.20732748679403,1.23949967772822,1.47065781848796,1.50283000942215,1.47564856387908,1.50782075481327,60
"2026-09-29T21:39:45Z","2026_04_PIT_CLE","00-0040466",2.82294384416898,3.18335537729143,3.8570014879755,4.22138125218412,4.8903803613098,5.26389802396462,4.93042669539971,5.30394435805453,60
"2026-09-29T21:39:45Z","2026_04_PIT_CLE","00-0040663",5.66818976077114,5.97095607271502,7.91743484111962,8.22192038986921,10.1663532046609,10.4765705940616,12.4367313552184,12.7962304351218,60
"2026-09-29T21:39:45Z","2026_04_PIT_CLE","00-0040782",1.41803054590146,1.44693888640917,1.74722010552043,1.77612844602814,2.0764096651394,2.10531800564712,2.0790790366889,2.10798737719662,60
"2026-09-29T21:39:45Z","2026_04_PIT_CLE","00-0040784",10.646440592243,11.0695284933916,11.7613530891805,12.1769722501352,12.8646907177517,13.2988040338989,12.9004011354729,13.3345144516201,60
"2026-09-29T21:39:45Z","2026_04_PIT_CLE","00-0041037",5.27068980328261,5.57190114531137,6.72327301658777,7.02779655060308,8.17240259687987,8.48909365305474,8.18597988100513,8.50267093718,60
"2026-09-29T21:39:45Z","2026_04_PIT_CLE","00-0041131",0.294107749835192,0.332549989947087,0.417937581904673,0.456379822016567,0.541767413974153,0.580209654086047,0.669330860127381,0.707773100239276,60
"2026-09-29T21:39:45Z","2026_04_PIT_CLE","00-0041397",0.502017198477673,0.555324494495341,0.637879506093162,0.691186802110829,0.77374181370865,0.827049109726318,0.777122047281012,0.83042934329868,60
"2026-09-29T21:39:45Z","2026_04_PIT_CLE","00-0041398",0.565425911809408,0.593634951522425,0.667268068698409,0.695477108411426,0.76911022558741,0.797319265300427,0.777050620439268,0.805259660152285,60
"2026-09-29T21:39:45Z","2026_04_PIT_CLE","00-0041489",1.60959595425031,1.672194423966,2.21177950538911,2.2743779751048,2.81396305652792,2.87656152624361,2.81734329010028,2.87994175981597,60
"2026-09-29T21:39:45Z","2026_04_PIT_CLE","00-0041490",1.81973759499845,1.89180265191899,1.9415913239554,2.01365638087594,2.06344505291235,2.13551010983288,2.07198879173861,2.14405384865914,35
"2026-09-29T21:39:45Z","2026_04_PIT_CLE","00-0041547",5.04296080029597,5.26472748841813,6.96602466533394,7.23507426416707,8.85622592481989,9.20640150597204,8.93963748425888,9.28981306541103,60
"2026-09-29T21:39:45Z","2026_04_TEN_BAL","00-0032398",1.96727669589799,2.48636793470614,2.34409227992165,2.8631835187298,2.72090786394531,3.23999910275347,2.7235516724587,3.24264291126686,56
"2026-09-29T21:39:45Z","2026_04_TEN_BAL","00-0032764",15.1811220455136,16.1093876333027,15.6691716026297,16.5974371904189,16.1572211597459,17.085486747535,16.1942242344562,17.1224898222454,60
"2026-09-29T21:39:45Z","2026_04_TEN_BAL","00-0034753",4.47693253718514,5.29695753415871,5.80532371033816,6.62534870731172,7.13371488349117,7.95373988046474,8.46701147343501,9.28703647040857,56
"2026-09-29T21:39:45Z","2026_04_TEN_BAL","00-0034796",15.3351132797971,15.6652141681253,15.335306903868,15.6654077921962,15.335500527939,15.6656014162672,17.7995745679781,18.1296754563063,60
"2026-09-29T21:39:45Z","2026_04_TEN_BAL","00-0034798",0.663705436442836,0.70002974368252,0.882423210818677,0.918747518058361,1.10114098519452,1.1374652924342,1.32271470709043,1.35903901433011,56
"2026-09-29T21:39:45Z","2026_04_TEN_BAL","00-0034837",2.82357377500578,2.93915954717751,3.52332909149199,3.63891486366373,4.22308440797821,4.33867018014994,4.22794622251893,4.34353199469066,56
"2026-09-29T21:39:45Z","2026_04_TEN_BAL","00-0034975",2.93874628721789,3.01129779756461,3.54805644783915,3.62060795818586,4.1573666084604,4.22991811880712,4.1637777466784,4.23632925702512,56
"2026-09-29T21:39:45Z","2026_04_TEN_BAL","00-0035261",7.79050111401962,8.39571110440818,8.5779543567001,9.18316434708866,9.36540759938058,9.97061758976914,9.40048185252355,10.0056918429121,60
"2026-09-29T21:39:45Z","2026_04_TEN_BAL","00-0036550",4.23760994449551,4.3159804717729,5.1142405908628,5.19261111814019,5.9908712372301,6.06924176450749,5.9935192553025,6.07188978257989,36
"2026-09-29T21:39:45Z","2026_04_TEN_BAL","00-0036876",0.605201949482992,0.626032607749536,0.883334779188322,0.904165437454866,1.16146760889365,1.1822982671602,1.44278629214139,1.46361695040794,44
"2026-09-29T21:39:45Z","2026_04_TEN_BAL","00-0037594",0.513870609198574,0.579706431676828,0.580764888336093,0.646600710814346,0.647659167473611,0.713494989951865,0.654027885269807,0.719863707748061,56
"2026-09-29T21:39:45Z","2026_04_TEN_BAL","00-0038115",1.45941328020175,1.52771318186234,1.94967174086219,2.01797164252278,2.43993020152264,2.50823010318322,2.93307599333762,3.0013758949982,56
"2026-09-29T21:39:45Z","2026_04_TEN_BAL","00-0038117",5.10758306950601,5.36192813202103,7.13041987213903,7.38476493465405,9.15325667477206,9.40760173728708,9.15586996600375,9.41021502851877,56
"2026-09-29T21:39:45Z","2026_04_TEN_BAL","00-0039032",3.82607934998139,4.02168036439139,4.78984843074658,4.98544944515658,5.75361751151177,5.94921852592176,5.75987057786158,5.95547159227158,56
"2026-09-29T21:39:45Z","2026_04_TEN_BAL","00-0039064",9.07542267059381,9.37798810010784,10.8949981070307,11.1975635365448,12.7145735434677,13.0171389729817,12.7654418780958,13.0680073076099,60
"2026-09-29T21:39:45Z","2026_04_TEN_BAL","00-0039648",0.392530420018144,0.445016163442522,0.553508273430874,0.605994016855252,0.714486126843604,0.766971870267982,0.878486900310414,0.930972643734791,56
"2026-09-29T21:39:45Z","2026_04_TEN_BAL","00-0039792",1.67193572293617,1.70369666354315,1.93022943142366,1.96199037203065,2.18852313991116,2.22028408051814,2.19131258785618,2.22307352846316,36
"2026-09-29T21:39:45Z","2026_04_TEN_BAL","00-0039796",0.754791459883365,0.80971347816331,0.971237325390406,1.02615934367035,1.18768319089745,1.24260520917739,1.1939608069519,1.24888282523185,56
"2026-09-29T21:39:45Z","2026_04_TEN_BAL","00-0040075",1.30941201354614,1.35661396109457,1.55367331870036,1.60087526624879,1.79793462385459,1.84513657140302,1.80060399540409,1.84780594295252,36
"2026-09-29T21:39:45Z","2026_04_TEN_BAL","00-0040170",3.00056545111626,3.03866468622382,3.78851374057311,3.82661297568068,4.57646203002996,4.61456126513753,4.57913140157947,4.61723063668703,36
"2026-09-29T21:39:45Z","2026_04_TEN_BAL","00-0040584",2.28738987463617,2.4355702167335,3.33888466093996,3.48706500303729,4.39037944724374,4.53855978934108,5.44481270860416,5.59299305070149,56
"2026-09-29T21:39:45Z","2026_04_TEN_BAL","00-0040676",9.43996172760899,9.74666751698438,9.43996172760899,9.74666751698438,9.43996172760899,9.74666751698438,11.4570233054225,11.7637290947979,56
"2026-09-29T21:39:45Z","2026_04_TEN_BAL","00-0040705",1.82237753684436,1.85413847745134,2.62052541604605,2.65228635665303,3.41867329524774,3.45043423585472,3.42133004196722,3.4530909825742,36
"2026-09-29T21:39:45Z","2026_04_TEN_BAL","00-0040876",0.978298436403796,1.00479916018611,1.27984482815637,1.30634555193869,1.58139121990895,1.60789194369126,1.5859182059611,1.61241892974342,44
"2026-09-29T21:39:45Z","2026_04_TEN_BAL","00-0040879",1.69174188162309,1.73894382917153,2.1004331689753,2.14763511652373,2.5091244563275,2.55632640387593,2.92154935776345,2.96875130531188,36
"2026-09-29T21:39:45Z","2026_04_TEN_BAL","00-0040886",1.14014376098772,1.55980706675518,1.29603249699816,1.71569580276562,1.4519212330086,1.87158453877606,1.4612559100006,1.88091921576805,56
"2026-09-29T21:39:45Z","2026_04_TEN_BAL","00-0040887",0.721610972376213,0.91230206957389,0.946814987820327,1.137506085018,1.17201900326444,1.36271010046212,1.4009566327923,1.59164772998998,56
"2026-09-29T21:39:45Z","2026_04_TEN_BAL","00-0041438",3.75733279580494,3.81808694619582,5.10360285291356,5.16435700330444,6.44987291002217,6.51062706041305,6.45325314359454,6.51400729398542,36
