"pulled_at","game_id","event_id","commence_time","market","player","n_books","line","p_over","med_est","line_min","line_max","p_td_raw"
"2026-09-27T19:05:00Z","2026_03_ARI_SF","9d2b09e0f9b6dd5ce0d985894f4f98fa","2026-09-27T20:05:00Z","player_pass_attempts","Brock Purdy",4,30.5,0.515213013008899,30.5,30.5,30.5,NA
"2026-09-27T19:05:00Z","2026_03_ARI_SF","9d2b09e0f9b6dd5ce0d985894f4f98fa","2026-09-27T20:05:00Z","player_pass_attempts","Jacoby Brissett",5,33.5,0.479695431472081,33.5,32.5,34.5,NA
"2026-09-27T19:05:00Z","2026_03_ARI_SF","9d2b09e0f9b6dd5ce0d985894f4f98fa","2026-09-27T20:05:00Z","player_pass_interceptions","Brock Purdy",5,0.5,0.451360691960492,0.5,0.5,0.5,NA
"2026-09-27T19:05:00Z","2026_03_ARI_SF","9d2b09e0f9b6dd5ce0d985894f4f98fa","2026-09-27T20:05:00Z","player_pass_interceptions","Jacoby Brissett",5,0.5,0.459208597948217,0.5,0.5,0.5,NA
"2026-09-27T19:05:00Z","2026_03_ARI_SF","9d2b09e0f9b6dd5ce0d985894f4f98fa","2026-09-27T20:05:00Z","player_pass_tds","Brock Purdy",7,1.5,0.582938388625592,1.5,1.5,1.5,NA
"2026-09-27T19:05:00Z","2026_03_ARI_SF","9d2b09e0f9b6dd5ce0d985894f4f98fa","2026-09-27T20:05:00Z","player_pass_tds","Jacoby Brissett",6,1.5,0.379727654586221,1.5,1.5,1.5,NA
"2026-09-27T19:05:00Z","2026_03_ARI_SF","9d2b09e0f9b6dd5ce0d985894f4f98fa","2026-09-27T20:05:00Z","player_pass_yds","Brock Purdy",6,236,0.5,236,235.5,243.5,NA
"2026-09-27T19:05:00Z","2026_03_ARI_SF","9d2b09e0f9b6dd5ce0d985894f4f98fa","2026-09-27T20:05:00Z","player_pass_yds","Jacoby Brissett",7,225.5,0.5,225.5,223.5,233.5,NA
"2026-09-27T19:05:00Z","2026_03_ARI_SF","9d2b09e0f9b6dd5ce0d985894f4f98fa","2026-09-27T20:05:00Z","player_reception_yds","Christian McCaffrey",6,38.5,0.5,38.5,38.5,40.5,NA
"2026-09-27T19:05:00Z","2026_03_ARI_SF","9d2b09e0f9b6dd5ce0d985894f4f98fa","2026-09-27T20:05:00Z","player_reception_yds","Deebo Samuel",6,41.5,0.5,41.5,39.5,41.5,NA
"2026-09-27T19:05:00Z","2026_03_ARI_SF","9d2b09e0f9b6dd5ce0d985894f4f98fa","2026-09-27T20:05:00Z","player_reception_yds","George Kittle",6,46.5,0.5,46.5,44.5,48.5,NA
"2026-09-27T19:05:00Z","2026_03_ARI_SF","9d2b09e0f9b6dd5ce0d985894f4f98fa","2026-09-27T20:05:00Z","player_reception_yds","Jeremiyah Love",5,15.5,0.5,15.5,14.5,15.5,NA
"2026-09-27T19:05:00Z","2026_03_ARI_SF","9d2b09e0f9b6dd5ce0d985894f4f98fa","2026-09-27T20:05:00Z","player_reception_yds","Kendrick Bourne",5,24.5,0.5,24.5,21.5,24.5,NA
"2026-09-27T19:05:00Z","2026_03_ARI_SF","9d2b09e0f9b6dd5ce0d985894f4f98fa","2026-09-27T20:05:00Z","player_reception_yds","Kyle Juszczyk",3,8.5,0.489878542510122,8.5,8.5,8.5,NA
"2026-09-27T19:05:00Z","2026_03_ARI_SF","9d2b09e0f9b6dd5ce0d985894f4f98fa","2026-09-27T20:05:00Z","player_reception_yds","Marvin Harrison Jr.",5,32.5,0.5,32.5,32.5,33.5,NA
"2026-09-27T19:05:00Z","2026_03_ARI_SF","9d2b09e0f9b6dd5ce0d985894f4f98fa","2026-09-27T20:05:00Z","player_reception_yds","Michael Wilson",7,45.5,0.5,45.5,44.5,47.5,NA
"2026-09-27T19:05:00Z","2026_03_ARI_SF","9d2b09e0f9b6dd5ce0d985894f4f98fa","2026-09-27T20:05:00Z","player_reception_yds","Mike Evans",6,55,0.5,55,51.5,56.5,NA
"2026-09-27T19:05:00Z","2026_03_ARI_SF","9d2b09e0f9b6dd5ce0d985894f4f98fa","2026-09-27T20:05:00Z","player_reception_yds","Trey McBride",6,67.5,0.50150675024108,67.5,67.5,68.5,NA
"2026-09-27T19:05:00Z","2026_03_ARI_SF","9d2b09e0f9b6dd5ce0d985894f4f98fa","2026-09-27T20:05:00Z","player_reception_yds","Tyler Allgeier",5,7.5,0.5,7.5,7.5,7.5,NA
"2026-09-27T19:05:00Z","2026_03_ARI_SF","9d2b09e0f9b6dd5ce0d985894f4f98fa","2026-09-27T20:05:00Z","player_receptions","Christian McCaffrey",5,4.5,0.52815768302494,4.5,4.5,4.5,NA
"2026-09-27T19:05:00Z","2026_03_ARI_SF","9d2b09e0f9b6dd5ce0d985894f4f98fa","2026-09-27T20:05:00Z","player_receptions","Deebo Samuel",5,3.5,0.57516339869281,3.5,3.5,3.5,NA
"2026-09-27T19:05:00Z","2026_03_ARI_SF","9d2b09e0f9b6dd5ce0d985894f4f98fa","2026-09-27T20:05:00Z","player_receptions","George Kittle",5,3.5,0.591513230093891,3.5,3.5,4.5,NA
"2026-09-27T19:05:00Z","2026_03_ARI_SF","9d2b09e0f9b6dd5ce0d985894f4f98fa","2026-09-27T20:05:00Z","player_receptions","Jeremiyah Love",5,2.5,0.494840254272269,2.5,2.5,2.5,NA
"2026-09-27T19:05:00Z","2026_03_ARI_SF","9d2b09e0f9b6dd5ce0d985894f4f98fa","2026-09-27T20:05:00Z","player_receptions","Kendrick Bourne",4,2.5,0.496965528402654,2.5,2.5,2.5,NA
"2026-09-27T19:05:00Z","2026_03_ARI_SF","9d2b09e0f9b6dd5ce0d985894f4f98fa","2026-09-27T20:05:00Z","player_receptions","Kyle Juszczyk",3,1.5,0.36755987668959,1.5,1.5,1.5,NA
"2026-09-27T19:05:00Z","2026_03_ARI_SF","9d2b09e0f9b6dd5ce0d985894f4f98fa","2026-09-27T20:05:00Z","player_receptions","Marvin Harrison Jr.",4,2.5,0.44342233958366,2.5,2.5,2.5,NA
"2026-09-27T19:05:00Z","2026_03_ARI_SF","9d2b09e0f9b6dd5ce0d985894f4f98fa","2026-09-27T20:05:00Z","player_receptions","Michael Wilson",6,3.5,0.564469645190384,3.5,3.5,4.5,NA
"2026-09-27T19:05:00Z","2026_03_ARI_SF","9d2b09e0f9b6dd5ce0d985894f4f98fa","2026-09-27T20:05:00Z","player_receptions","Mike Evans",5,4.5,0.427364808022344,4.5,3.5,4.5,NA
"2026-09-27T19:05:00Z","2026_03_ARI_SF","9d2b09e0f9b6dd5ce0d985894f4f98fa","2026-09-27T20:05:00Z","player_receptions","Trey McBride",5,7.5,0.455407969639469,7.5,6.5,7.5,NA
"2026-09-27T19:05:00Z","2026_03_ARI_SF","9d2b09e0f9b6dd5ce0d985894f4f98fa","2026-09-27T20:05:00Z","player_rush_attempts","Christian McCaffrey",4,13.5,0.504523522316043,13.5,13.5,13.5,NA
"2026-09-27T19:05:00Z","2026_03_ARI_SF","9d2b09e0f9b6dd5ce0d985894f4f98fa","2026-09-27T20:05:00Z","player_rush_attempts","Jeremiyah Love",5,11.5,0.469387755102041,11.5,11.5,11.5,NA
"2026-09-27T19:05:00Z","2026_03_ARI_SF","9d2b09e0f9b6dd5ce0d985894f4f98fa","2026-09-27T20:05:00Z","player_rush_yds","Brock Purdy",6,17,0.5,17,16.5,18.5,NA
"2026-09-27T19:05:00Z","2026_03_ARI_SF","9d2b09e0f9b6dd5ce0d985894f4f98fa","2026-09-27T20:05:00Z","player_rush_yds","Christian McCaffrey",7,56.5,0.5,56.5,55.5,57.5,NA
"2026-09-27T19:05:00Z","2026_03_ARI_SF","9d2b09e0f9b6dd5ce0d985894f4f98fa","2026-09-27T20:05:00Z","player_rush_yds","Deebo Samuel",1,3.5,0.485428809325562,3.5,3.5,3.5,NA
"2026-09-27T19:05:00Z","2026_03_ARI_SF","9d2b09e0f9b6dd5ce0d985894f4f98fa","2026-09-27T20:05:00Z","player_rush_yds","Jacoby Brissett",5,7.5,0.5,7.5,7.5,8.5,NA
"2026-09-27T19:05:00Z","2026_03_ARI_SF","9d2b09e0f9b6dd5ce0d985894f4f98fa","2026-09-27T20:05:00Z","player_rush_yds","Jeremiyah Love",6,40,0.5,40,38.5,42.5,NA
"2026-09-27T19:05:00Z","2026_03_ARI_SF","9d2b09e0f9b6dd5ce0d985894f4f98fa","2026-09-27T20:05:00Z","player_rush_yds","Kaelon Black",6,32.5,0.494260236679004,32.5,32.5,32.5,NA
"2026-09-27T19:05:00Z","2026_03_ARI_SF","9d2b09e0f9b6dd5ce0d985894f4f98fa","2026-09-27T20:05:00Z","player_rush_yds","Tyler Allgeier",6,33.5,0.5,33.5,31.5,34.5,NA
"2026-09-24T23:15:00Z","2026_03_ATL_GB","e5fbd3b3953b896b1bf897ddadb3cc4b","2026-09-25T00:15:00Z","player_pass_attempts","Jordan Love",4,31.5,0.524308258143753,31.5,31.5,32.5,NA
"2026-09-24T23:15:00Z","2026_03_ATL_GB","e5fbd3b3953b896b1bf897ddadb3cc4b","2026-09-25T00:15:00Z","player_pass_attempts","Michael Penix Jr.",4,30.5,0.479695431472081,30.5,30.5,30.5,NA
"2026-09-24T23:15:00Z","2026_03_ATL_GB","e5fbd3b3953b896b1bf897ddadb3cc4b","2026-09-25T00:15:00Z","player_pass_interceptions","Jordan Love",5,0.5,0.459208597948217,0.5,0.5,0.5,NA
"2026-09-24T23:15:00Z","2026_03_ATL_GB","e5fbd3b3953b896b1bf897ddadb3cc4b","2026-09-25T00:15:00Z","player_pass_interceptions","Michael Penix Jr.",5,0.5,0.496862449799197,0.5,0.5,0.5,NA
"2026-09-24T23:15:00Z","2026_03_ATL_GB","e5fbd3b3953b896b1bf897ddadb3cc4b","2026-09-25T00:15:00Z","player_pass_tds","Jordan Love",7,1.5,0.528925619834711,1.5,1.5,1.5,NA
"2026-09-24T23:15:00Z","2026_03_ATL_GB","e5fbd3b3953b896b1bf897ddadb3cc4b","2026-09-25T00:15:00Z","player_pass_tds","Michael Penix Jr.",6,1,0.499340459701655,1,0.5,1.5,NA
"2026-09-24T23:15:00Z","2026_03_ATL_GB","e5fbd3b3953b896b1bf897ddadb3cc4b","2026-09-25T00:15:00Z","player_pass_yds","Jordan Love",6,233,0.5,233,227.5,233.5,NA
"2026-09-24T23:15:00Z","2026_03_ATL_GB","e5fbd3b3953b896b1bf897ddadb3cc4b","2026-09-25T00:15:00Z","player_pass_yds","Michael Penix Jr.",7,204.5,0.5,204.5,200.5,210.5,NA
"2026-09-24T23:15:00Z","2026_03_ATL_GB","e5fbd3b3953b896b1bf897ddadb3cc4b","2026-09-25T00:15:00Z","player_reception_yds","Austin Hooper",1,7.5,0.453298796282188,7.5,7.5,7.5,NA
"2026-09-24T23:15:00Z","2026_03_ATL_GB","e5fbd3b3953b896b1bf897ddadb3cc4b","2026-09-25T00:15:00Z","player_reception_yds","Bijan Robinson",6,38.5,0.5,38.5,37.5,38.5,NA
"2026-09-24T23:15:00Z","2026_03_ATL_GB","e5fbd3b3953b896b1bf897ddadb3cc4b","2026-09-25T00:15:00Z","player_reception_yds","Chris Brooks",6,6.5,0.490837548531517,6.5,6.5,7.5,NA
"2026-09-24T23:15:00Z","2026_03_ATL_GB","e5fbd3b3953b896b1bf897ddadb3cc4b","2026-09-25T00:15:00Z","player_reception_yds","Christian Watson",6,71.5,0.50150675024108,71.5,67.5,73.5,NA
"2026-09-24T23:15:00Z","2026_03_ATL_GB","e5fbd3b3953b896b1bf897ddadb3cc4b","2026-09-25T00:15:00Z","player_reception_yds","Drake London",6,67.5,0.5,67.5,65.5,69.5,NA
"2026-09-24T23:15:00Z","2026_03_ATL_GB","e5fbd3b3953b896b1bf897ddadb3cc4b","2026-09-25T00:15:00Z","player_reception_yds","Jahan Dotson",6,17.5,0.5,17.5,16.5,18.5,NA
"2026-09-24T23:15:00Z","2026_03_ATL_GB","e5fbd3b3953b896b1bf897ddadb3cc4b","2026-09-25T00:15:00Z","player_reception_yds","Jonnu Smith",6,8.5,0.5,8.5,8.5,9.5,NA
"2026-09-24T23:15:00Z","2026_03_ATL_GB","e5fbd3b3953b896b1bf897ddadb3cc4b","2026-09-25T00:15:00Z","player_reception_yds","Kyle Pitts",7,36.5,0.5,36.5,35.5,38.5,NA
"2026-09-24T23:15:00Z","2026_03_ATL_GB","e5fbd3b3953b896b1bf897ddadb3cc4b","2026-09-25T00:15:00Z","player_reception_yds","MarShawn Lloyd",6,5.5,0.489878542510122,5.5,4.5,5.5,NA
"2026-09-24T23:15:00Z","2026_03_ATL_GB","e5fbd3b3953b896b1bf897ddadb3cc4b","2026-09-25T00:15:00Z","player_reception_yds","Matthew Golden",6,55.5,0.508263785425857,55.5,52.5,56.5,NA
"2026-09-24T23:15:00Z","2026_03_ATL_GB","e5fbd3b3953b896b1bf897ddadb3cc4b","2026-09-25T00:15:00Z","player_reception_yds","Olamide Zaccheaus",6,9.5,0.5,9.5,8.5,10.5,NA
"2026-09-24T23:15:00Z","2026_03_ATL_GB","e5fbd3b3953b896b1bf897ddadb3cc4b","2026-09-25T00:15:00Z","player_reception_yds","Skyy Moore",6,10.5,0.505739763320996,10.5,10.5,12.5,NA
"2026-09-24T23:15:00Z","2026_03_ATL_GB","e5fbd3b3953b896b1bf897ddadb3cc4b","2026-09-25T00:15:00Z","player_reception_yds","Tucker Kraft",6,46,0.50615763546798,46,44.5,48.5,NA
"2026-09-24T23:15:00Z","2026_03_ATL_GB","e5fbd3b3953b896b1bf897ddadb3cc4b","2026-09-25T00:15:00Z","player_receptions","Austin Hooper",4,0.5,0.514377263940773,0.5,0.5,0.5,NA
"2026-09-24T23:15:00Z","2026_03_ATL_GB","e5fbd3b3953b896b1bf897ddadb3cc4b","2026-09-25T00:15:00Z","player_receptions","Bijan Robinson",5,4.5,0.53677011471401,4.5,4.5,4.5,NA
"2026-09-24T23:15:00Z","2026_03_ATL_GB","e5fbd3b3953b896b1bf897ddadb3cc4b","2026-09-25T00:15:00Z","player_receptions","Chris Brooks",5,1.5,0.406407594185702,1.5,1.5,1.5,NA
"2026-09-24T23:15:00Z","2026_03_ATL_GB","e5fbd3b3953b896b1bf897ddadb3cc4b","2026-09-25T00:15:00Z","player_receptions","Christian Watson",5,4.5,0.558530333238394,4.5,4.5,5.5,NA
"2026-09-24T23:15:00Z","2026_03_ATL_GB","e5fbd3b3953b896b1bf897ddadb3cc4b","2026-09-25T00:15:00Z","player_receptions","Drake London",6,5.5,0.502077706212342,5.5,5.5,5.5,NA
"2026-09-24T23:15:00Z","2026_03_ATL_GB","e5fbd3b3953b896b1bf897ddadb3cc4b","2026-09-25T00:15:00Z","player_receptions","Jahan Dotson",5,1.5,0.530612244897959,1.5,1.5,1.5,NA
"2026-09-24T23:15:00Z","2026_03_ATL_GB","e5fbd3b3953b896b1bf897ddadb3cc4b","2026-09-25T00:15:00Z","player_receptions","Jonnu Smith",5,1.5,0.383851753805427,1.5,1.5,1.5,NA
"2026-09-24T23:15:00Z","2026_03_ATL_GB","e5fbd3b3953b896b1bf897ddadb3cc4b","2026-09-25T00:15:00Z","player_receptions","Kyle Pitts",5,3.5,0.512315270935961,3.5,3.5,3.5,NA
"2026-09-24T23:15:00Z","2026_03_ATL_GB","e5fbd3b3953b896b1bf897ddadb3cc4b","2026-09-25T00:15:00Z","player_receptions","MarShawn Lloyd",5,1.5,0.358744394618834,1.5,0.5,1.5,NA
"2026-09-24T23:15:00Z","2026_03_ATL_GB","e5fbd3b3953b896b1bf897ddadb3cc4b","2026-09-25T00:15:00Z","player_receptions","Matthew Golden",5,4.5,0.472311100172287,4.5,4.5,4.5,NA
"2026-09-24T23:15:00Z","2026_03_ATL_GB","e5fbd3b3953b896b1bf897ddadb3cc4b","2026-09-25T00:15:00Z","player_receptions","Olamide Zaccheaus",5,1.5,0.393258426966292,1.5,1.5,1.5,NA
"2026-09-24T23:15:00Z","2026_03_ATL_GB","e5fbd3b3953b896b1bf897ddadb3cc4b","2026-09-25T00:15:00Z","player_receptions","Skyy Moore",5,1.5,0.433489162770931,1.5,1.5,1.5,NA
"2026-09-24T23:15:00Z","2026_03_ATL_GB","e5fbd3b3953b896b1bf897ddadb3cc4b","2026-09-25T00:15:00Z","player_receptions","Tucker Kraft",5,3.5,0.583497053045187,3.5,3.5,3.5,NA
"2026-09-24T23:15:00Z","2026_03_ATL_GB","e5fbd3b3953b896b1bf897ddadb3cc4b","2026-09-25T00:15:00Z","player_rush_attempts","Bijan Robinson",4,18.5,0.494310897975558,18.5,17.5,18.5,NA
"2026-09-24T23:15:00Z","2026_03_ATL_GB","e5fbd3b3953b896b1bf897ddadb3cc4b","2026-09-25T00:15:00Z","player_rush_attempts","Brian Robinson Jr.",3,6.5,0.491796554552912,6.5,6.5,6.5,NA
"2026-09-24T23:15:00Z","2026_03_ATL_GB","e5fbd3b3953b896b1bf897ddadb3cc4b","2026-09-25T00:15:00Z","player_rush_attempts","Chris Brooks",2,4,0.514786570060274,4,3.5,4.5,NA
"2026-09-24T23:15:00Z","2026_03_ATL_GB","e5fbd3b3953b896b1bf897ddadb3cc4b","2026-09-25T00:15:00Z","player_rush_attempts","Jordan Love",1,2.5,0.504155412424683,2.5,2.5,2.5,NA
"2026-09-24T23:15:00Z","2026_03_ATL_GB","e5fbd3b3953b896b1bf897ddadb3cc4b","2026-09-25T00:15:00Z","player_rush_attempts","Kaleb Johnson",3,10.5,0.469387755102041,10.5,9.5,10.5,NA
"2026-09-24T23:15:00Z","2026_03_ATL_GB","e5fbd3b3953b896b1bf897ddadb3cc4b","2026-09-25T00:15:00Z","player_rush_attempts","MarShawn Lloyd",2,6.5,0.514267398832559,6.5,6.5,6.5,NA
"2026-09-24T23:15:00Z","2026_03_ATL_GB","e5fbd3b3953b896b1bf897ddadb3cc4b","2026-09-25T00:15:00Z","player_rush_yds","Bijan Robinson",6,78.5,0.5,78.5,77.5,79.5,NA
"2026-09-24T23:15:00Z","2026_03_ATL_GB","e5fbd3b3953b896b1bf897ddadb3cc4b","2026-09-25T00:15:00Z","player_rush_yds","Brian Robinson Jr.",6,24.5,0.5,24.5,23.5,25.5,NA
"2026-09-24T23:15:00Z","2026_03_ATL_GB","e5fbd3b3953b896b1bf897ddadb3cc4b","2026-09-25T00:15:00Z","player_rush_yds","Chris Brooks",6,14.5,0.497893850042123,14.5,14.5,14.5,NA
"2026-09-24T23:15:00Z","2026_03_ATL_GB","e5fbd3b3953b896b1bf897ddadb3cc4b","2026-09-25T00:15:00Z","player_rush_yds","Jordan Love",6,8,0.5,8,7.5,8.5,NA
"2026-09-24T23:15:00Z","2026_03_ATL_GB","e5fbd3b3953b896b1bf897ddadb3cc4b","2026-09-25T00:15:00Z","player_rush_yds","Kaleb Johnson",6,38.5,0.506608672985148,38.5,37.5,39.5,NA
"2026-09-24T23:15:00Z","2026_03_ATL_GB","e5fbd3b3953b896b1bf897ddadb3cc4b","2026-09-25T00:15:00Z","player_rush_yds","MarShawn Lloyd",6,24,0.5,24,23.5,24.5,NA
"2026-09-24T23:15:00Z","2026_03_ATL_GB","e5fbd3b3953b896b1bf897ddadb3cc4b","2026-09-25T00:15:00Z","player_rush_yds","Michael Penix Jr.",5,4.5,0.510121457489879,4.5,4.5,5.5,NA
"2026-09-27T19:25:00Z","2026_03_BAL_DAL","84cfca14efc21363fd605508404cf1ff","2026-09-27T20:25:00Z","player_pass_attempts","Dak Prescott",3,36.5,0.512315270935961,36.5,36.5,36.5,NA
"2026-09-27T19:25:00Z","2026_03_BAL_DAL","84cfca14efc21363fd605508404cf1ff","2026-09-27T20:25:00Z","player_pass_attempts","Lamar Jackson",4,28.5,0.494939271255061,28.5,28.5,29.5,NA
"2026-09-27T19:25:00Z","2026_03_BAL_DAL","84cfca14efc21363fd605508404cf1ff","2026-09-27T20:25:00Z","player_pass_interceptions","Dak Prescott",4,0.5,0.518371912736753,0.5,0.5,0.5,NA
"2026-09-27T19:25:00Z","2026_03_BAL_DAL","84cfca14efc21363fd605508404cf1ff","2026-09-27T20:25:00Z","player_pass_interceptions","Lamar Jackson",4,0.5,0.405342753071155,0.5,0.5,0.5,NA
"2026-09-27T19:25:00Z","2026_03_BAL_DAL","84cfca14efc21363fd605508404cf1ff","2026-09-27T20:25:00Z","player_pass_tds","Dak Prescott",6,1.5,0.573963541803014,1.5,1.5,1.5,NA
"2026-09-27T19:25:00Z","2026_03_BAL_DAL","84cfca14efc21363fd605508404cf1ff","2026-09-27T20:25:00Z","player_pass_tds","Lamar Jackson",5,1.5,0.566510837229069,1.5,1.5,1.5,NA
"2026-09-27T19:25:00Z","2026_03_BAL_DAL","84cfca14efc21363fd605508404cf1ff","2026-09-27T20:25:00Z","player_pass_yds","Dak Prescott",6,265.5,0.5,265.5,260.5,267.5,NA
"2026-09-27T19:25:00Z","2026_03_BAL_DAL","84cfca14efc21363fd605508404cf1ff","2026-09-27T20:25:00Z","player_pass_yds","Lamar Jackson",5,239.5,0.5,239.5,235.5,240.5,NA
"2026-09-27T19:25:00Z","2026_03_BAL_DAL","84cfca14efc21363fd605508404cf1ff","2026-09-27T20:25:00Z","player_reception_yds","CeeDee Lamb",5,82.5,0.502105883839447,82.5,80.5,83.5,NA
"2026-09-27T19:25:00Z","2026_03_BAL_DAL","84cfca14efc21363fd605508404cf1ff","2026-09-27T20:25:00Z","player_reception_yds","Chris Moore",2,16.5,0.496840109542869,16.5,16.5,16.5,NA
"2026-09-27T19:25:00Z","2026_03_BAL_DAL","84cfca14efc21363fd605508404cf1ff","2026-09-27T20:25:00Z","player_reception_yds","Derrick Henry",5,10.5,0.5,10.5,8.5,10.5,NA
"2026-09-27T19:25:00Z","2026_03_BAL_DAL","84cfca14efc21363fd605508404cf1ff","2026-09-27T20:25:00Z","player_reception_yds","George Pickens",5,64.5,0.5,64.5,62.5,66.5,NA
"2026-09-27T19:25:00Z","2026_03_BAL_DAL","84cfca14efc21363fd605508404cf1ff","2026-09-27T20:25:00Z","player_reception_yds","Jake Ferguson",6,28,0.503653818137819,28,25.5,28.5,NA
"2026-09-27T19:25:00Z","2026_03_BAL_DAL","84cfca14efc21363fd605508404cf1ff","2026-09-27T20:25:00Z","player_reception_yds","Javonte Williams",5,14.5,0.5,14.5,13.5,15.5,NA
"2026-09-27T19:25:00Z","2026_03_BAL_DAL","84cfca14efc21363fd605508404cf1ff","2026-09-27T20:25:00Z","player_reception_yds","Justice Hill",5,13.5,0.5,13.5,12.5,15.5,NA
"2026-09-27T19:25:00Z","2026_03_BAL_DAL","84cfca14efc21363fd605508404cf1ff","2026-09-27T20:25:00Z","player_reception_yds","LaJohntay Wester",2,12.5,0.496840109542869,12.5,11.5,13.5,NA
"2026-09-27T19:25:00Z","2026_03_BAL_DAL","84cfca14efc21363fd605508404cf1ff","2026-09-27T20:25:00Z","player_reception_yds","Mark Andrews",4,43,0.5,43,40.5,45.5,NA
"2026-09-27T19:25:00Z","2026_03_BAL_DAL","84cfca14efc21363fd605508404cf1ff","2026-09-27T20:25:00Z","player_reception_yds","Rashod Bateman",5,40.5,0.5,40.5,39.5,42.5,NA
"2026-09-27T19:25:00Z","2026_03_BAL_DAL","84cfca14efc21363fd605508404cf1ff","2026-09-27T20:25:00Z","player_reception_yds","Ryan Flournoy",5,30.5,0.5,30.5,29.5,31.5,NA
"2026-09-27T19:25:00Z","2026_03_BAL_DAL","84cfca14efc21363fd605508404cf1ff","2026-09-27T20:25:00Z","player_reception_yds","Zay Flowers",2,47,0.497893850042123,47,46.5,47.5,NA
"2026-09-27T19:25:00Z","2026_03_BAL_DAL","84cfca14efc21363fd605508404cf1ff","2026-09-27T20:25:00Z","player_receptions","CeeDee Lamb",4,6.5,0.5,6.5,6.5,6.5,NA
"2026-09-27T19:25:00Z","2026_03_BAL_DAL","84cfca14efc21363fd605508404cf1ff","2026-09-27T20:25:00Z","player_receptions","Chris Moore",2,1.5,0.381156580116369,1.5,1.5,1.5,NA
"2026-09-27T19:25:00Z","2026_03_BAL_DAL","84cfca14efc21363fd605508404cf1ff","2026-09-27T20:25:00Z","player_receptions","Derrick Henry",4,1.5,0.430105270593984,1.5,1.5,1.5,NA
"2026-09-27T19:25:00Z","2026_03_BAL_DAL","84cfca14efc21363fd605508404cf1ff","2026-09-27T20:25:00Z","player_receptions","George Pickens",4,5.5,0.449455599832725,5.5,5.5,5.5,NA
"2026-09-27T19:25:00Z","2026_03_BAL_DAL","84cfca14efc21363fd605508404cf1ff","2026-09-27T20:25:00Z","player_receptions","Jake Ferguson",4,3.5,0.518420438460199,3.5,3.5,3.5,NA
"2026-09-27T19:25:00Z","2026_03_BAL_DAL","84cfca14efc21363fd605508404cf1ff","2026-09-27T20:25:00Z","player_receptions","Javonte Williams",5,2.5,0.540003931590328,2.5,2.5,3.5,NA
"2026-09-27T19:25:00Z","2026_03_BAL_DAL","84cfca14efc21363fd605508404cf1ff","2026-09-27T20:25:00Z","player_receptions","Justice Hill",4,2.5,0.411117373784132,2.5,1.5,2.5,NA
"2026-09-27T19:25:00Z","2026_03_BAL_DAL","84cfca14efc21363fd605508404cf1ff","2026-09-27T20:25:00Z","player_receptions","LaJohntay Wester",2,1.5,0.431759389366853,1.5,1.5,1.5,NA
"2026-09-27T19:25:00Z","2026_03_BAL_DAL","84cfca14efc21363fd605508404cf1ff","2026-09-27T20:25:00Z","player_receptions","Mark Andrews",4,4.5,0.451337336559105,4.5,4.5,4.5,NA
"2026-09-27T19:25:00Z","2026_03_BAL_DAL","84cfca14efc21363fd605508404cf1ff","2026-09-27T20:25:00Z","player_receptions","Rashod Bateman",4,3.5,0.406155826613146,3.5,3.5,3.5,NA
"2026-09-27T19:25:00Z","2026_03_BAL_DAL","84cfca14efc21363fd605508404cf1ff","2026-09-27T20:25:00Z","player_receptions","Ryan Flournoy",4,3.5,0.429485648232493,3.5,3.5,3.5,NA
"2026-09-27T19:25:00Z","2026_03_BAL_DAL","84cfca14efc21363fd605508404cf1ff","2026-09-27T20:25:00Z","player_receptions","Zay Flowers",2,3.5,0.447894709603418,3.5,3.5,3.5,NA
"2026-09-27T19:25:00Z","2026_03_BAL_DAL","84cfca14efc21363fd605508404cf1ff","2026-09-27T20:25:00Z","player_rush_attempts","Dak Prescott",1,3.5,0.416044716867279,3.5,3.5,3.5,NA
"2026-09-27T19:25:00Z","2026_03_BAL_DAL","84cfca14efc21363fd605508404cf1ff","2026-09-27T20:25:00Z","player_rush_attempts","Derrick Henry",2,18.5,0.503661545186316,18.5,18.5,18.5,NA
"2026-09-27T19:25:00Z","2026_03_BAL_DAL","84cfca14efc21363fd605508404cf1ff","2026-09-27T20:25:00Z","player_rush_attempts","Javonte Williams",4,14.5,0.486730508753497,14.5,14.5,15.5,NA
"2026-09-27T19:25:00Z","2026_03_BAL_DAL","84cfca14efc21363fd605508404cf1ff","2026-09-27T20:25:00Z","player_rush_attempts","Lamar Jackson",2,6.5,0.451757628701577,6.5,6.5,6.5,NA
"2026-09-27T19:25:00Z","2026_03_BAL_DAL","84cfca14efc21363fd605508404cf1ff","2026-09-27T20:25:00Z","player_rush_yds","Dak Prescott",6,12.5,0.502056625834665,12.5,10.5,12.5,NA
"2026-09-27T19:25:00Z","2026_03_BAL_DAL","84cfca14efc21363fd605508404cf1ff","2026-09-27T20:25:00Z","player_rush_yds","Derrick Henry",5,92.5,0.5,92.5,90.5,93.5,NA
"2026-09-27T19:25:00Z","2026_03_BAL_DAL","84cfca14efc21363fd605508404cf1ff","2026-09-27T20:25:00Z","player_rush_yds","Emari Demercado",2,7.5,0.481912903951107,7.5,7.5,7.5,NA
"2026-09-27T19:25:00Z","2026_03_BAL_DAL","84cfca14efc21363fd605508404cf1ff","2026-09-27T20:25:00Z","player_rush_yds","Javonte Williams",5,54.5,0.5,54.5,54.5,57.5,NA
"2026-09-27T19:25:00Z","2026_03_BAL_DAL","84cfca14efc21363fd605508404cf1ff","2026-09-27T20:25:00Z","player_rush_yds","Justice Hill",4,13.5,0.501547668179942,13.5,13.5,14.5,NA
"2026-09-27T19:25:00Z","2026_03_BAL_DAL","84cfca14efc21363fd605508404cf1ff","2026-09-27T20:25:00Z","player_rush_yds","Lamar Jackson",5,40.5,0.5,40.5,38.5,41.5,NA
"2026-09-27T16:00:00Z","2026_03_CAR_CLE","613b8cd3a5fab58f7be4e3fd6f76223e","2026-09-27T17:00:00Z","player_pass_attempts","Bryce Young",4,32.5,0.503117206982544,32.5,32.5,33.5,NA
"2026-09-27T16:00:00Z","2026_03_CAR_CLE","613b8cd3a5fab58f7be4e3fd6f76223e","2026-09-27T17:00:00Z","player_pass_attempts","Deshaun Watson",4,29.5,0.499469961967601,29.5,29.5,29.5,NA
"2026-09-27T16:00:00Z","2026_03_CAR_CLE","613b8cd3a5fab58f7be4e3fd6f76223e","2026-09-27T17:00:00Z","player_pass_interceptions","Bryce Young",5,0.5,0.447266703478741,0.5,0.5,0.5,NA
"2026-09-27T16:00:00Z","2026_03_CAR_CLE","613b8cd3a5fab58f7be4e3fd6f76223e","2026-09-27T17:00:00Z","player_pass_interceptions","Deshaun Watson",4,0.5,0.508669289542888,0.5,0.5,0.5,NA
"2026-09-27T16:00:00Z","2026_03_CAR_CLE","613b8cd3a5fab58f7be4e3fd6f76223e","2026-09-27T17:00:00Z","player_pass_tds","Bryce Young",7,1.5,0.425023243458627,1.5,1.5,1.5,NA
"2026-09-27T16:00:00Z","2026_03_CAR_CLE","613b8cd3a5fab58f7be4e3fd6f76223e","2026-09-27T17:00:00Z","player_pass_tds","Deshaun Watson",5,1.5,0.352781546811398,1.5,0.5,1.5,NA
"2026-09-27T16:00:00Z","2026_03_CAR_CLE","613b8cd3a5fab58f7be4e3fd6f76223e","2026-09-27T17:00:00Z","player_pass_yds","Bryce Young",7,223.5,0.5,223.5,217.5,225.5,NA
"2026-09-27T16:00:00Z","2026_03_CAR_CLE","613b8cd3a5fab58f7be4e3fd6f76223e","2026-09-27T17:00:00Z","player_pass_yds","Deshaun Watson",5,187.5,0.5,187.5,186.5,190.5,NA
"2026-09-27T16:00:00Z","2026_03_CAR_CLE","613b8cd3a5fab58f7be4e3fd6f76223e","2026-09-27T17:00:00Z","player_reception_yds","Blake Whiteheart",3,5.5,0.5,5.5,5.5,5.5,NA
"2026-09-27T16:00:00Z","2026_03_CAR_CLE","613b8cd3a5fab58f7be4e3fd6f76223e","2026-09-27T17:00:00Z","player_reception_yds","Chuba Hubbard",6,14.5,0.5,14.5,14.5,15.5,NA
"2026-09-27T16:00:00Z","2026_03_CAR_CLE","613b8cd3a5fab58f7be4e3fd6f76223e","2026-09-27T17:00:00Z","player_reception_yds","Darren Waller",6,20.5,0.5,20.5,19.5,20.5,NA
"2026-09-27T16:00:00Z","2026_03_CAR_CLE","613b8cd3a5fab58f7be4e3fd6f76223e","2026-09-27T17:00:00Z","player_reception_yds","Denzel Boston",6,45.5,0.5,45.5,45.5,46.5,NA
"2026-09-27T16:00:00Z","2026_03_CAR_CLE","613b8cd3a5fab58f7be4e3fd6f76223e","2026-09-27T17:00:00Z","player_reception_yds","Harold Fannin Jr.",6,37,0.5,37,36.5,39.5,NA
"2026-09-27T16:00:00Z","2026_03_CAR_CLE","613b8cd3a5fab58f7be4e3fd6f76223e","2026-09-27T17:00:00Z","player_reception_yds","Jalen Coker",6,58.5,0.5,58.5,58.5,59.5,NA
"2026-09-27T16:00:00Z","2026_03_CAR_CLE","613b8cd3a5fab58f7be4e3fd6f76223e","2026-09-27T17:00:00Z","player_reception_yds","Jerry Jeudy",6,20.5,0.501052941919724,20.5,18.5,20.5,NA
"2026-09-27T16:00:00Z","2026_03_CAR_CLE","613b8cd3a5fab58f7be4e3fd6f76223e","2026-09-27T17:00:00Z","player_reception_yds","KC Concepcion",6,33,0.5,33,31.5,34.5,NA
"2026-09-27T16:00:00Z","2026_03_CAR_CLE","613b8cd3a5fab58f7be4e3fd6f76223e","2026-09-27T17:00:00Z","player_reception_yds","Quinshon Judkins",6,13.5,0.5,13.5,13.5,14.5,NA
"2026-09-27T16:00:00Z","2026_03_CAR_CLE","613b8cd3a5fab58f7be4e3fd6f76223e","2026-09-27T17:00:00Z","player_reception_yds","Raheim Sanders",3,2.5,0.510121457489879,2.5,2.5,2.5,NA
"2026-09-27T16:00:00Z","2026_03_CAR_CLE","613b8cd3a5fab58f7be4e3fd6f76223e","2026-09-27T17:00:00Z","player_reception_yds","Tetairoa McMillan",7,62.5,0.5,62.5,60.5,65.5,NA
"2026-09-27T16:00:00Z","2026_03_CAR_CLE","613b8cd3a5fab58f7be4e3fd6f76223e","2026-09-27T17:00:00Z","player_reception_yds","Tommy Tremble",6,10.5,0.5,10.5,9.5,10.5,NA
"2026-09-27T16:00:00Z","2026_03_CAR_CLE","613b8cd3a5fab58f7be4e3fd6f76223e","2026-09-27T17:00:00Z","player_reception_yds","Xavier Legette",1,13.5,0.492871109662702,13.5,13.5,13.5,NA
"2026-09-27T16:00:00Z","2026_03_CAR_CLE","613b8cd3a5fab58f7be4e3fd6f76223e","2026-09-27T17:00:00Z","player_receptions","Blake Whiteheart",3,0.5,0.598263556765507,0.5,0.5,0.5,NA
"2026-09-27T16:00:00Z","2026_03_CAR_CLE","613b8cd3a5fab58f7be4e3fd6f76223e","2026-09-27T17:00:00Z","player_receptions","Chuba Hubbard",5,2.5,0.489878542510122,2.5,2.5,2.5,NA
"2026-09-27T16:00:00Z","2026_03_CAR_CLE","613b8cd3a5fab58f7be4e3fd6f76223e","2026-09-27T17:00:00Z","player_receptions","Darren Waller",6,2.5,0.434894990564491,2.5,2.5,2.5,NA
"2026-09-27T16:00:00Z","2026_03_CAR_CLE","613b8cd3a5fab58f7be4e3fd6f76223e","2026-09-27T17:00:00Z","player_receptions","Denzel Boston",5,3.5,0.489741906364121,3.5,3.5,3.5,NA
"2026-09-27T16:00:00Z","2026_03_CAR_CLE","613b8cd3a5fab58f7be4e3fd6f76223e","2026-09-27T17:00:00Z","player_receptions","Harold Fannin Jr.",5,3.5,0.554140127388535,3.5,3.5,3.5,NA
"2026-09-27T16:00:00Z","2026_03_CAR_CLE","613b8cd3a5fab58f7be4e3fd6f76223e","2026-09-27T17:00:00Z","player_receptions","Jalen Coker",5,4.5,0.537991751269036,4.5,4.5,5.5,NA
"2026-09-27T16:00:00Z","2026_03_CAR_CLE","613b8cd3a5fab58f7be4e3fd6f76223e","2026-09-27T17:00:00Z","player_receptions","Jerry Jeudy",5,1.5,0.548178884278469,1.5,1.5,1.5,NA
"2026-09-27T16:00:00Z","2026_03_CAR_CLE","613b8cd3a5fab58f7be4e3fd6f76223e","2026-09-27T17:00:00Z","player_receptions","KC Concepcion",5,3.5,0.532258064516129,3.5,3.5,3.5,NA
"2026-09-27T16:00:00Z","2026_03_CAR_CLE","613b8cd3a5fab58f7be4e3fd6f76223e","2026-09-27T17:00:00Z","player_receptions","Quinshon Judkins",5,2.5,0.476141078838174,2.5,2.5,2.5,NA
"2026-09-27T16:00:00Z","2026_03_CAR_CLE","613b8cd3a5fab58f7be4e3fd6f76223e","2026-09-27T17:00:00Z","player_receptions","Raheim Sanders",3,0.5,0.601706970128023,0.5,0.5,0.5,NA
"2026-09-27T16:00:00Z","2026_03_CAR_CLE","613b8cd3a5fab58f7be4e3fd6f76223e","2026-09-27T17:00:00Z","player_receptions","Tetairoa McMillan",5,4.5,0.534653465346535,4.5,4.5,4.5,NA
"2026-09-27T16:00:00Z","2026_03_CAR_CLE","613b8cd3a5fab58f7be4e3fd6f76223e","2026-09-27T17:00:00Z","player_receptions","Tommy Tremble",5,1.5,0.523858921161826,1.5,1.5,1.5,NA
"2026-09-27T16:00:00Z","2026_03_CAR_CLE","613b8cd3a5fab58f7be4e3fd6f76223e","2026-09-27T17:00:00Z","player_receptions","Xavier Legette",1,1.5,0.465346534653465,1.5,1.5,1.5,NA
"2026-09-27T16:00:00Z","2026_03_CAR_CLE","613b8cd3a5fab58f7be4e3fd6f76223e","2026-09-27T17:00:00Z","player_rush_attempts","Bryce Young",2,3.5,0.498601278453521,3.5,3.5,3.5,NA
"2026-09-27T16:00:00Z","2026_03_CAR_CLE","613b8cd3a5fab58f7be4e3fd6f76223e","2026-09-27T17:00:00Z","player_rush_attempts","Chuba Hubbard",3,17.5,0.479695431472081,17.5,16.5,17.5,NA
"2026-09-27T16:00:00Z","2026_03_CAR_CLE","613b8cd3a5fab58f7be4e3fd6f76223e","2026-09-27T17:00:00Z","player_rush_attempts","Deshaun Watson",2,5.5,0.529768932366335,5.5,5.5,5.5,NA
"2026-09-27T16:00:00Z","2026_03_CAR_CLE","613b8cd3a5fab58f7be4e3fd6f76223e","2026-09-27T17:00:00Z","player_rush_attempts","Quinshon Judkins",3,16.5,0.478235635519443,16.5,16.5,16.5,NA
"2026-09-27T16:00:00Z","2026_03_CAR_CLE","613b8cd3a5fab58f7be4e3fd6f76223e","2026-09-27T17:00:00Z","player_rush_yds","AJ Dillon",5,13.5,0.5,13.5,12.5,14.5,NA
"2026-09-27T16:00:00Z","2026_03_CAR_CLE","613b8cd3a5fab58f7be4e3fd6f76223e","2026-09-27T17:00:00Z","player_rush_yds","Bryce Young",7,14.5,0.5,14.5,12.5,15.5,NA
"2026-09-27T16:00:00Z","2026_03_CAR_CLE","613b8cd3a5fab58f7be4e3fd6f76223e","2026-09-27T17:00:00Z","player_rush_yds","Chuba Hubbard",6,68,0.5,68,65.5,70.5,NA
"2026-09-27T16:00:00Z","2026_03_CAR_CLE","613b8cd3a5fab58f7be4e3fd6f76223e","2026-09-27T17:00:00Z","player_rush_yds","Deshaun Watson",5,25.5,0.497894116160553,25.5,23.5,28.5,NA
"2026-09-27T16:00:00Z","2026_03_CAR_CLE","613b8cd3a5fab58f7be4e3fd6f76223e","2026-09-27T17:00:00Z","player_rush_yds","KC Concepcion",5,5.5,0.487684729064039,5.5,5.5,5.5,NA
"2026-09-27T16:00:00Z","2026_03_CAR_CLE","613b8cd3a5fab58f7be4e3fd6f76223e","2026-09-27T17:00:00Z","player_rush_yds","Quinshon Judkins",6,60.5,0.5,60.5,60.5,61.5,NA
"2026-09-27T16:00:00Z","2026_03_CAR_CLE","613b8cd3a5fab58f7be4e3fd6f76223e","2026-09-27T17:00:00Z","player_rush_yds","Raheim Sanders",5,6.5,0.506068943194692,6.5,6.5,6.5,NA
"2026-09-27T16:00:00Z","2026_03_CIN_PIT","71123be049587b6facce3a20c53e5d09","2026-09-27T17:00:00Z","player_pass_attempts","Aaron Rodgers",5,35.5,0.520304568527919,35.5,34.5,35.5,NA
"2026-09-27T16:00:00Z","2026_03_CIN_PIT","71123be049587b6facce3a20c53e5d09","2026-09-27T17:00:00Z","player_pass_attempts","Joe Burrow",4,35.5,0.5,35.5,34.5,35.5,NA
"2026-09-27T16:00:00Z","2026_03_CIN_PIT","71123be049587b6facce3a20c53e5d09","2026-09-27T17:00:00Z","player_pass_interceptions","Aaron Rodgers",5,0.5,0.487517163899638,0.5,0.5,0.5,NA
"2026-09-27T16:00:00Z","2026_03_CIN_PIT","71123be049587b6facce3a20c53e5d09","2026-09-27T17:00:00Z","player_pass_interceptions","Joe Burrow",5,0.5,0.522657054582904,0.5,0.5,0.5,NA
"2026-09-27T16:00:00Z","2026_03_CIN_PIT","71123be049587b6facce3a20c53e5d09","2026-09-27T17:00:00Z","player_pass_tds","Aaron Rodgers",6,1.5,0.362956691671933,1.5,1.5,1.5,NA
"2026-09-27T16:00:00Z","2026_03_CIN_PIT","71123be049587b6facce3a20c53e5d09","2026-09-27T17:00:00Z","player_pass_tds","Joe Burrow",7,1.5,0.503137550200803,1.5,1.5,1.5,NA
"2026-09-27T16:00:00Z","2026_03_CIN_PIT","71123be049587b6facce3a20c53e5d09","2026-09-27T17:00:00Z","player_pass_yds","Aaron Rodgers",6,221.5,0.5,221.5,217.5,227.5,NA
"2026-09-27T16:00:00Z","2026_03_CIN_PIT","71123be049587b6facce3a20c53e5d09","2026-09-27T17:00:00Z","player_pass_yds","Joe Burrow",7,252.5,0.5,252.5,245.5,255.5,NA
"2026-09-27T16:00:00Z","2026_03_CIN_PIT","71123be049587b6facce3a20c53e5d09","2026-09-27T17:00:00Z","player_reception_yds","Chase Brown",6,22,0.5,22,21.5,23.5,NA
"2026-09-27T16:00:00Z","2026_03_CIN_PIT","71123be049587b6facce3a20c53e5d09","2026-09-27T17:00:00Z","player_reception_yds","DK Metcalf",6,52.5,0.495333359301789,52.5,52.5,53.5,NA
"2026-09-27T16:00:00Z","2026_03_CIN_PIT","71123be049587b6facce3a20c53e5d09","2026-09-27T17:00:00Z","player_reception_yds","Darnell Washington",6,14.5,0.5,14.5,13.5,15.5,NA
"2026-09-27T16:00:00Z","2026_03_CIN_PIT","71123be049587b6facce3a20c53e5d09","2026-09-27T17:00:00Z","player_reception_yds","Drew Sample",3,6.5,0.5,6.5,6.5,6.5,NA
"2026-09-27T16:00:00Z","2026_03_CIN_PIT","71123be049587b6facce3a20c53e5d09","2026-09-27T17:00:00Z","player_reception_yds","Erick All",5,5.5,0.497894116160553,5.5,5.5,6.5,NA
"2026-09-27T16:00:00Z","2026_03_CIN_PIT","71123be049587b6facce3a20c53e5d09","2026-09-27T17:00:00Z","player_reception_yds","Ja'Marr Chase",6,76,0.5,76,74.5,77.5,NA
"2026-09-27T16:00:00Z","2026_03_CIN_PIT","71123be049587b6facce3a20c53e5d09","2026-09-27T17:00:00Z","player_reception_yds","Jaylen Warren",5,26.5,0.5,26.5,24.5,27.5,NA
"2026-09-27T16:00:00Z","2026_03_CIN_PIT","71123be049587b6facce3a20c53e5d09","2026-09-27T17:00:00Z","player_reception_yds","Michael Pittman Jr.",6,26.5,0.502579872863865,26.5,26.5,27.5,NA
"2026-09-27T16:00:00Z","2026_03_CIN_PIT","71123be049587b6facce3a20c53e5d09","2026-09-27T17:00:00Z","player_reception_yds","Mike Gesicki",6,24.5,0.5,24.5,23.5,25.5,NA
"2026-09-27T16:00:00Z","2026_03_CIN_PIT","71123be049587b6facce3a20c53e5d09","2026-09-27T17:00:00Z","player_reception_yds","Pat Freiermuth",7,37.5,0.5,37.5,35.5,38.5,NA
"2026-09-27T16:00:00Z","2026_03_CIN_PIT","71123be049587b6facce3a20c53e5d09","2026-09-27T17:00:00Z","player_reception_yds","Roman Wilson",6,23.5,0.497893850042123,23.5,22.5,23.5,NA
"2026-09-27T16:00:00Z","2026_03_CIN_PIT","71123be049587b6facce3a20c53e5d09","2026-09-27T17:00:00Z","player_reception_yds","Samaje Perine",6,8.5,0.495290128108515,8.5,7.5,8.5,NA
"2026-09-27T16:00:00Z","2026_03_CIN_PIT","71123be049587b6facce3a20c53e5d09","2026-09-27T17:00:00Z","player_reception_yds","Tee Higgins",6,54.5,0.5,54.5,51.5,55.5,NA
"2026-09-27T16:00:00Z","2026_03_CIN_PIT","71123be049587b6facce3a20c53e5d09","2026-09-27T17:00:00Z","player_receptions","Chase Brown",5,3.5,0.459208597948217,3.5,3.5,3.5,NA
"2026-09-27T16:00:00Z","2026_03_CIN_PIT","71123be049587b6facce3a20c53e5d09","2026-09-27T17:00:00Z","player_receptions","DK Metcalf",5,4.5,0.469387755102041,4.5,4.5,4.5,NA
"2026-09-27T16:00:00Z","2026_03_CIN_PIT","71123be049587b6facce3a20c53e5d09","2026-09-27T17:00:00Z","player_receptions","Darnell Washington",5,1.5,0.53677011471401,1.5,1.5,1.5,NA
"2026-09-27T16:00:00Z","2026_03_CIN_PIT","71123be049587b6facce3a20c53e5d09","2026-09-27T17:00:00Z","player_receptions","Drew Sample",3,1.5,0.383851753805427,1.5,1.5,1.5,NA
"2026-09-27T16:00:00Z","2026_03_CIN_PIT","71123be049587b6facce3a20c53e5d09","2026-09-27T17:00:00Z","player_receptions","Erick All",4,0.5,0.55839965006469,0.5,0.5,0.5,NA
"2026-09-27T16:00:00Z","2026_03_CIN_PIT","71123be049587b6facce3a20c53e5d09","2026-09-27T17:00:00Z","player_receptions","Ja'Marr Chase",5,6.5,0.520860277858901,6.5,6.5,6.5,NA
"2026-09-27T16:00:00Z","2026_03_CIN_PIT","71123be049587b6facce3a20c53e5d09","2026-09-27T17:00:00Z","player_receptions","Jaylen Warren",4,4.5,0.44445811759568,4.5,3.5,4.5,NA
"2026-09-27T16:00:00Z","2026_03_CIN_PIT","71123be049587b6facce3a20c53e5d09","2026-09-27T17:00:00Z","player_receptions","Michael Pittman Jr.",5,2.5,0.562659172740845,2.5,2.5,2.5,NA
"2026-09-27T16:00:00Z","2026_03_CIN_PIT","71123be049587b6facce3a20c53e5d09","2026-09-27T17:00:00Z","player_receptions","Mike Gesicki",5,2.5,0.493765586034913,2.5,2.5,2.5,NA
"2026-09-27T16:00:00Z","2026_03_CIN_PIT","71123be049587b6facce3a20c53e5d09","2026-09-27T17:00:00Z","player_receptions","Pat Freiermuth",6,3.5,0.562988975016711,3.5,3.5,3.5,NA
"2026-09-27T16:00:00Z","2026_03_CIN_PIT","71123be049587b6facce3a20c53e5d09","2026-09-27T17:00:00Z","player_receptions","Roman Wilson",5,2.5,0.440512857245183,2.5,2.5,2.5,NA
"2026-09-27T16:00:00Z","2026_03_CIN_PIT","71123be049587b6facce3a20c53e5d09","2026-09-27T17:00:00Z","player_receptions","Samaje Perine",5,1.5,0.459208597948217,1.5,1.5,1.5,NA
"2026-09-27T16:00:00Z","2026_03_CIN_PIT","71123be049587b6facce3a20c53e5d09","2026-09-27T17:00:00Z","player_receptions","Tee Higgins",5,4.5,0.416502946954813,4.5,4.5,4.5,NA
"2026-09-27T16:00:00Z","2026_03_CIN_PIT","71123be049587b6facce3a20c53e5d09","2026-09-27T17:00:00Z","player_rush_attempts","Chase Brown",4,16,0.495046517932015,16,15.5,16.5,NA
"2026-09-27T16:00:00Z","2026_03_CIN_PIT","71123be049587b6facce3a20c53e5d09","2026-09-27T17:00:00Z","player_rush_attempts","Jaylen Warren",3,15.5,0.506234413965087,15.5,15.5,15.5,NA
"2026-09-27T16:00:00Z","2026_03_CIN_PIT","71123be049587b6facce3a20c53e5d09","2026-09-27T17:00:00Z","player_rush_yds","Aaron Rodgers",3,0.5,0.5,0.5,0.5,0.5,NA
"2026-09-27T16:00:00Z","2026_03_CIN_PIT","71123be049587b6facce3a20c53e5d09","2026-09-27T17:00:00Z","player_rush_yds","Chase Brown",7,63.5,0.49698649951784,63.5,62.5,65.5,NA
"2026-09-27T16:00:00Z","2026_03_CIN_PIT","71123be049587b6facce3a20c53e5d09","2026-09-27T17:00:00Z","player_rush_yds","Jaylen Warren",5,57.5,0.5,57.5,56.5,58.5,NA
"2026-09-27T16:00:00Z","2026_03_CIN_PIT","71123be049587b6facce3a20c53e5d09","2026-09-27T17:00:00Z","player_rush_yds","Joe Burrow",6,5.5,0.504101722723544,5.5,5.5,6.5,NA
"2026-09-27T16:00:00Z","2026_03_CIN_PIT","71123be049587b6facce3a20c53e5d09","2026-09-27T17:00:00Z","player_rush_yds","Samaje Perine",6,14.5,0.493391603075119,14.5,12.5,14.5,NA
"2026-09-27T16:00:00Z","2026_03_HOU_IND","17a730b7d399feeab6a78c30767c29d2","2026-09-27T17:00:00Z","player_pass_attempts","C.J. Stroud",5,32.5,0.510121457489879,32.5,32.5,32.5,NA
"2026-09-27T16:00:00Z","2026_03_HOU_IND","17a730b7d399feeab6a78c30767c29d2","2026-09-27T17:00:00Z","player_pass_attempts","Daniel Jones",3,31.5,0.491685028894525,31.5,30.5,31.5,NA
"2026-09-27T16:00:00Z","2026_03_HOU_IND","17a730b7d399feeab6a78c30767c29d2","2026-09-27T17:00:00Z","player_pass_interceptions","C.J. Stroud",5,0.5,0.47794265089232,0.5,0.5,0.5,NA
"2026-09-27T16:00:00Z","2026_03_HOU_IND","17a730b7d399feeab6a78c30767c29d2","2026-09-27T17:00:00Z","player_pass_interceptions","Daniel Jones",4,0.5,0.519161293272968,0.5,0.5,0.5,NA
"2026-09-27T16:00:00Z","2026_03_HOU_IND","17a730b7d399feeab6a78c30767c29d2","2026-09-27T17:00:00Z","player_pass_tds","C.J. Stroud",7,1.5,0.408486769906109,1.5,1.5,1.5,NA
"2026-09-27T16:00:00Z","2026_03_HOU_IND","17a730b7d399feeab6a78c30767c29d2","2026-09-27T17:00:00Z","player_pass_tds","Daniel Jones",6,1.5,0.354941784609298,1.5,1.5,1.5,NA
"2026-09-27T16:00:00Z","2026_03_HOU_IND","17a730b7d399feeab6a78c30767c29d2","2026-09-27T17:00:00Z","player_pass_yds","C.J. Stroud",7,239.5,0.5,239.5,227.5,240.5,NA
"2026-09-27T16:00:00Z","2026_03_HOU_IND","17a730b7d399feeab6a78c30767c29d2","2026-09-27T17:00:00Z","player_pass_yds","Daniel Jones",6,210.5,0.5,210.5,203.5,211.5,NA
"2026-09-27T16:00:00Z","2026_03_HOU_IND","17a730b7d399feeab6a78c30767c29d2","2026-09-27T17:00:00Z","player_reception_yds","Dalton Schultz",6,49.5,0.5,49.5,48.5,49.5,NA
"2026-09-27T16:00:00Z","2026_03_HOU_IND","17a730b7d399feeab6a78c30767c29d2","2026-09-27T17:00:00Z","player_reception_yds","David Montgomery",6,9.5,0.494458721596416,9.5,8.5,9.5,NA
"2026-09-27T16:00:00Z","2026_03_HOU_IND","17a730b7d399feeab6a78c30767c29d2","2026-09-27T17:00:00Z","player_reception_yds","Jared Wayne",6,15.5,0.5,15.5,14.5,15.5,NA
"2026-09-27T16:00:00Z","2026_03_HOU_IND","17a730b7d399feeab6a78c30767c29d2","2026-09-27T17:00:00Z","player_reception_yds","Jaylin Noel",6,28,0.5,28,25.5,29.5,NA
"2026-09-27T16:00:00Z","2026_03_HOU_IND","17a730b7d399feeab6a78c30767c29d2","2026-09-27T17:00:00Z","player_reception_yds","Jonathan Taylor",7,20.5,0.5,20.5,19.5,21.5,NA
"2026-09-27T16:00:00Z","2026_03_HOU_IND","17a730b7d399feeab6a78c30767c29d2","2026-09-27T17:00:00Z","player_reception_yds","Josh Downs",5,50.5,0.50301350048216,50.5,49.5,50.5,NA
"2026-09-27T16:00:00Z","2026_03_HOU_IND","17a730b7d399feeab6a78c30767c29d2","2026-09-27T17:00:00Z","player_reception_yds","Kayshon Boutte",6,37,0.5,37,33.5,37.5,NA
"2026-09-27T16:00:00Z","2026_03_HOU_IND","17a730b7d399feeab6a78c30767c29d2","2026-09-27T17:00:00Z","player_reception_yds","Keenan Allen",5,32.5,0.5,32.5,32.5,33.5,NA
"2026-09-27T16:00:00Z","2026_03_HOU_IND","17a730b7d399feeab6a78c30767c29d2","2026-09-27T17:00:00Z","player_reception_yds","Laquon Treadwell",5,22.5,0.5,22.5,22.5,23.5,NA
"2026-09-27T16:00:00Z","2026_03_HOU_IND","17a730b7d399feeab6a78c30767c29d2","2026-09-27T17:00:00Z","player_reception_yds","Tyler Warren",6,46.5,0.5,46.5,44.5,47.5,NA
"2026-09-27T16:00:00Z","2026_03_HOU_IND","17a730b7d399feeab6a78c30767c29d2","2026-09-27T17:00:00Z","player_reception_yds","Woody Marks",6,11.5,0.49849324975892,11.5,10.5,11.5,NA
"2026-09-27T16:00:00Z","2026_03_HOU_IND","17a730b7d399feeab6a78c30767c29d2","2026-09-27T17:00:00Z","player_reception_yds","Xavier Hutchinson",6,38.5,0.5,38.5,37.5,39.5,NA
"2026-09-27T16:00:00Z","2026_03_HOU_IND","17a730b7d399feeab6a78c30767c29d2","2026-09-27T17:00:00Z","player_receptions","Dalton Schultz",5,5.5,0.441469666761606,5.5,4.5,5.5,NA
"2026-09-27T16:00:00Z","2026_03_HOU_IND","17a730b7d399feeab6a78c30767c29d2","2026-09-27T17:00:00Z","player_receptions","David Montgomery",5,1.5,0.481240620310155,1.5,1.5,1.5,NA
"2026-09-27T16:00:00Z","2026_03_HOU_IND","17a730b7d399feeab6a78c30767c29d2","2026-09-27T17:00:00Z","player_receptions","Jared Wayne",5,1.5,0.469387755102041,1.5,1.5,1.5,NA
"2026-09-27T16:00:00Z","2026_03_HOU_IND","17a730b7d399feeab6a78c30767c29d2","2026-09-27T17:00:00Z","player_receptions","Jaylin Noel",6,2.5,0.449801388472877,2.5,2.5,2.5,NA
"2026-09-27T16:00:00Z","2026_03_HOU_IND","17a730b7d399feeab6a78c30767c29d2","2026-09-27T17:00:00Z","player_receptions","Jonathan Taylor",5,2.5,0.591513230093891,2.5,2.5,2.5,NA
"2026-09-27T16:00:00Z","2026_03_HOU_IND","17a730b7d399feeab6a78c30767c29d2","2026-09-27T17:00:00Z","player_receptions","Josh Downs",4,4.5,0.545932939765956,4.5,4.5,4.5,NA
"2026-09-27T16:00:00Z","2026_03_HOU_IND","17a730b7d399feeab6a78c30767c29d2","2026-09-27T17:00:00Z","player_receptions","Kayshon Boutte",5,2.5,0.524084778420039,2.5,2.5,2.5,NA
"2026-09-27T16:00:00Z","2026_03_HOU_IND","17a730b7d399feeab6a78c30767c29d2","2026-09-27T17:00:00Z","player_receptions","Keenan Allen",4,3.5,0.507138434957281,3.5,3.5,3.5,NA
"2026-09-27T16:00:00Z","2026_03_HOU_IND","17a730b7d399feeab6a78c30767c29d2","2026-09-27T17:00:00Z","player_receptions","Laquon Treadwell",4,1.5,0.521480811555411,1.5,1.5,1.5,NA
"2026-09-27T16:00:00Z","2026_03_HOU_IND","17a730b7d399feeab6a78c30767c29d2","2026-09-27T17:00:00Z","player_receptions","Tyler Warren",5,4.5,0.544592030360531,4.5,4.5,4.5,NA
"2026-09-27T16:00:00Z","2026_03_HOU_IND","17a730b7d399feeab6a78c30767c29d2","2026-09-27T17:00:00Z","player_receptions","Woody Marks",5,1.5,0.563318777292576,1.5,1.5,1.5,NA
"2026-09-27T16:00:00Z","2026_03_HOU_IND","17a730b7d399feeab6a78c30767c29d2","2026-09-27T17:00:00Z","player_receptions","Xavier Hutchinson",5,3.5,0.462092731829574,3.5,3.5,3.5,NA
"2026-09-27T16:00:00Z","2026_03_HOU_IND","17a730b7d399feeab6a78c30767c29d2","2026-09-27T17:00:00Z","player_rush_attempts","Daniel Jones",1,3.5,0.453298796282188,3.5,3.5,3.5,NA
"2026-09-27T16:00:00Z","2026_03_HOU_IND","17a730b7d399feeab6a78c30767c29d2","2026-09-27T17:00:00Z","player_rush_attempts","David Montgomery",3,12.5,0.5,12.5,12.5,12.5,NA
"2026-09-27T16:00:00Z","2026_03_HOU_IND","17a730b7d399feeab6a78c30767c29d2","2026-09-27T17:00:00Z","player_rush_attempts","Jonathan Taylor",3,19.5,0.5,19.5,19.5,19.5,NA
"2026-09-27T16:00:00Z","2026_03_HOU_IND","17a730b7d399feeab6a78c30767c29d2","2026-09-27T17:00:00Z","player_rush_attempts","Woody Marks",1,8.5,0.494769874476988,8.5,8.5,8.5,NA
"2026-09-27T16:00:00Z","2026_03_HOU_IND","17a730b7d399feeab6a78c30767c29d2","2026-09-27T17:00:00Z","player_rush_yds","C.J. Stroud",7,10.5,0.510121457489879,10.5,8.5,10.5,NA
"2026-09-27T16:00:00Z","2026_03_HOU_IND","17a730b7d399feeab6a78c30767c29d2","2026-09-27T17:00:00Z","player_rush_yds","Daniel Jones",6,9.5,0.504101722723544,9.5,9.5,9.5,NA
"2026-09-27T16:00:00Z","2026_03_HOU_IND","17a730b7d399feeab6a78c30767c29d2","2026-09-27T17:00:00Z","player_rush_yds","David Montgomery",6,50.5,0.5,50.5,49.5,51.5,NA
"2026-09-27T16:00:00Z","2026_03_HOU_IND","17a730b7d399feeab6a78c30767c29d2","2026-09-27T17:00:00Z","player_rush_yds","Jonathan Taylor",6,81.5,0.5,81.5,81.5,82.5,NA
"2026-09-27T16:00:00Z","2026_03_HOU_IND","17a730b7d399feeab6a78c30767c29d2","2026-09-27T17:00:00Z","player_rush_yds","Woody Marks",6,30.5,0.494237901611022,30.5,27.5,30.5,NA
"2026-09-27T16:00:00Z","2026_03_KC_MIA","0339a0e41bcee12820eb3e64bb5fadb4","2026-09-27T17:00:00Z","player_pass_attempts","Malik Willis",3,27.5,0.519675254742772,27.5,27.5,27.5,NA
"2026-09-27T16:00:00Z","2026_03_KC_MIA","0339a0e41bcee12820eb3e64bb5fadb4","2026-09-27T17:00:00Z","player_pass_attempts","Patrick Mahomes",4,31.5,0.486719642782268,31.5,30.5,31.5,NA
"2026-09-27T16:00:00Z","2026_03_KC_MIA","0339a0e41bcee12820eb3e64bb5fadb4","2026-09-27T17:00:00Z","player_pass_interceptions","Malik Willis",4,0.5,0.522081744844872,0.5,0.5,0.5,NA
"2026-09-27T16:00:00Z","2026_03_KC_MIA","0339a0e41bcee12820eb3e64bb5fadb4","2026-09-27T17:00:00Z","player_pass_interceptions","Patrick Mahomes",4,0.5,0.397741955875431,0.5,0.5,0.5,NA
"2026-09-27T16:00:00Z","2026_03_KC_MIA","0339a0e41bcee12820eb3e64bb5fadb4","2026-09-27T17:00:00Z","player_pass_tds","Malik Willis",6,0.5,0.648437026182351,0.5,0.5,0.5,NA
"2026-09-27T16:00:00Z","2026_03_KC_MIA","0339a0e41bcee12820eb3e64bb5fadb4","2026-09-27T17:00:00Z","player_pass_tds","Patrick Mahomes",5,1.5,0.616998950682057,1.5,1.5,1.5,NA
"2026-09-27T16:00:00Z","2026_03_KC_MIA","0339a0e41bcee12820eb3e64bb5fadb4","2026-09-27T17:00:00Z","player_pass_yds","Malik Willis",5,176.5,0.5,176.5,175.5,176.5,NA
"2026-09-27T16:00:00Z","2026_03_KC_MIA","0339a0e41bcee12820eb3e64bb5fadb4","2026-09-27T17:00:00Z","player_pass_yds","Patrick Mahomes",6,235.5,0.5,235.5,233.5,236.5,NA
"2026-09-27T16:00:00Z","2026_03_KC_MIA","0339a0e41bcee12820eb3e64bb5fadb4","2026-09-27T17:00:00Z","player_reception_yds","Chris Bell",5,19.5,0.5,19.5,18.5,19.5,NA
"2026-09-27T16:00:00Z","2026_03_KC_MIA","0339a0e41bcee12820eb3e64bb5fadb4","2026-09-27T17:00:00Z","player_reception_yds","De'Von Achane",5,27.5,0.503095336359884,27.5,26.5,27.5,NA
"2026-09-27T16:00:00Z","2026_03_KC_MIA","0339a0e41bcee12820eb3e64bb5fadb4","2026-09-27T17:00:00Z","player_reception_yds","Emmett Johnson",5,10.5,0.496904663640116,10.5,10.5,11.5,NA
"2026-09-27T16:00:00Z","2026_03_KC_MIA","0339a0e41bcee12820eb3e64bb5fadb4","2026-09-27T17:00:00Z","player_reception_yds","Greg Dulcich",5,22.5,0.497894116160553,22.5,22.5,23.5,NA
"2026-09-27T16:00:00Z","2026_03_KC_MIA","0339a0e41bcee12820eb3e64bb5fadb4","2026-09-27T17:00:00Z","player_reception_yds","Kenneth Walker III",5,23.5,0.5,23.5,22.5,23.5,NA
"2026-09-27T16:00:00Z","2026_03_KC_MIA","0339a0e41bcee12820eb3e64bb5fadb4","2026-09-27T17:00:00Z","player_reception_yds","Kevin Coleman Jr.",5,14.5,0.5,14.5,14.5,15.5,NA
"2026-09-27T16:00:00Z","2026_03_KC_MIA","0339a0e41bcee12820eb3e64bb5fadb4","2026-09-27T17:00:00Z","player_reception_yds","Malik Washington",5,38.5,0.5,38.5,37.5,40.5,NA
"2026-09-27T16:00:00Z","2026_03_KC_MIA","0339a0e41bcee12820eb3e64bb5fadb4","2026-09-27T17:00:00Z","player_reception_yds","Rashee Rice",6,48,0.5,48,45.5,50.5,NA
"2026-09-27T16:00:00Z","2026_03_KC_MIA","0339a0e41bcee12820eb3e64bb5fadb4","2026-09-27T17:00:00Z","player_reception_yds","Travis Kelce",5,51.5,0.5,51.5,50.5,52.5,NA
"2026-09-27T16:00:00Z","2026_03_KC_MIA","0339a0e41bcee12820eb3e64bb5fadb4","2026-09-27T17:00:00Z","player_reception_yds","Tyquan Thornton",5,19.5,0.50515974572773,19.5,17.5,19.5,NA
"2026-09-27T16:00:00Z","2026_03_KC_MIA","0339a0e41bcee12820eb3e64bb5fadb4","2026-09-27T17:00:00Z","player_reception_yds","Xavier Worthy",5,38.5,0.494976691850185,38.5,37.5,39.5,NA
"2026-09-27T16:00:00Z","2026_03_KC_MIA","0339a0e41bcee12820eb3e64bb5fadb4","2026-09-27T17:00:00Z","player_receptions","Chris Bell",4,1.5,0.506179428935885,1.5,1.5,1.5,NA
"2026-09-27T16:00:00Z","2026_03_KC_MIA","0339a0e41bcee12820eb3e64bb5fadb4","2026-09-27T17:00:00Z","player_receptions","De'Von Achane",4,3.5,0.51952292974559,3.5,3.5,3.5,NA
"2026-09-27T16:00:00Z","2026_03_KC_MIA","0339a0e41bcee12820eb3e64bb5fadb4","2026-09-27T17:00:00Z","player_receptions","Emmett Johnson",4,1.5,0.47666761129444,1.5,1.5,1.5,NA
"2026-09-27T16:00:00Z","2026_03_KC_MIA","0339a0e41bcee12820eb3e64bb5fadb4","2026-09-27T17:00:00Z","player_receptions","Greg Dulcich",4,2.5,0.433874586165983,2.5,2.5,2.5,NA
"2026-09-27T16:00:00Z","2026_03_KC_MIA","0339a0e41bcee12820eb3e64bb5fadb4","2026-09-27T17:00:00Z","player_receptions","Kenneth Walker III",5,3.5,0.442477876106195,3.5,3.5,3.5,NA
"2026-09-27T16:00:00Z","2026_03_KC_MIA","0339a0e41bcee12820eb3e64bb5fadb4","2026-09-27T17:00:00Z","player_receptions","Kevin Coleman Jr.",4,1.5,0.456475751141253,1.5,1.5,1.5,NA
"2026-09-27T16:00:00Z","2026_03_KC_MIA","0339a0e41bcee12820eb3e64bb5fadb4","2026-09-27T17:00:00Z","player_receptions","Malik Washington",4,3.5,0.541338109402855,3.5,3.5,3.5,NA
"2026-09-27T16:00:00Z","2026_03_KC_MIA","0339a0e41bcee12820eb3e64bb5fadb4","2026-09-27T17:00:00Z","player_receptions","Rashee Rice",4,4.5,0.444955164537863,4.5,4.5,4.5,NA
"2026-09-27T16:00:00Z","2026_03_KC_MIA","0339a0e41bcee12820eb3e64bb5fadb4","2026-09-27T17:00:00Z","player_receptions","Travis Kelce",4,4.5,0.494939271255061,4.5,4.5,4.5,NA
"2026-09-27T16:00:00Z","2026_03_KC_MIA","0339a0e41bcee12820eb3e64bb5fadb4","2026-09-27T17:00:00Z","player_receptions","Tyquan Thornton",4,1.5,0.426989423546236,1.5,1.5,1.5,NA
"2026-09-27T16:00:00Z","2026_03_KC_MIA","0339a0e41bcee12820eb3e64bb5fadb4","2026-09-27T17:00:00Z","player_receptions","Xavier Worthy",4,3.5,0.4852245849008,3.5,3.5,3.5,NA
"2026-09-27T16:00:00Z","2026_03_KC_MIA","0339a0e41bcee12820eb3e64bb5fadb4","2026-09-27T17:00:00Z","player_rush_attempts","De'Von Achane",3,15.5,0.489878542510122,15.5,15.5,15.5,NA
"2026-09-27T16:00:00Z","2026_03_KC_MIA","0339a0e41bcee12820eb3e64bb5fadb4","2026-09-27T17:00:00Z","player_rush_attempts","Emmett Johnson",2,6.5,0.484505034756728,6.5,6.5,6.5,NA
"2026-09-27T16:00:00Z","2026_03_KC_MIA","0339a0e41bcee12820eb3e64bb5fadb4","2026-09-27T17:00:00Z","player_rush_attempts","Kenneth Walker III",2,17.5,0.475265261595779,17.5,17.5,17.5,NA
"2026-09-27T16:00:00Z","2026_03_KC_MIA","0339a0e41bcee12820eb3e64bb5fadb4","2026-09-27T17:00:00Z","player_rush_attempts","Malik Willis",1,5.5,0.565595134665508,5.5,5.5,5.5,NA
"2026-09-27T16:00:00Z","2026_03_KC_MIA","0339a0e41bcee12820eb3e64bb5fadb4","2026-09-27T17:00:00Z","player_rush_attempts","Patrick Mahomes",1,3.5,0.544747305941336,3.5,3.5,3.5,NA
"2026-09-27T16:00:00Z","2026_03_KC_MIA","0339a0e41bcee12820eb3e64bb5fadb4","2026-09-27T17:00:00Z","player_rush_yds","De'Von Achane",5,60.5,0.5,60.5,59.5,61.5,NA
"2026-09-27T16:00:00Z","2026_03_KC_MIA","0339a0e41bcee12820eb3e64bb5fadb4","2026-09-27T17:00:00Z","player_rush_yds","Emmett Johnson",5,26.5,0.5,26.5,25.5,27.5,NA
"2026-09-27T16:00:00Z","2026_03_KC_MIA","0339a0e41bcee12820eb3e64bb5fadb4","2026-09-27T17:00:00Z","player_rush_yds","Kenneth Walker III",6,85.5,0.5,85.5,82.5,86.5,NA
"2026-09-27T16:00:00Z","2026_03_KC_MIA","0339a0e41bcee12820eb3e64bb5fadb4","2026-09-27T17:00:00Z","player_rush_yds","Malik Willis",5,33.5,0.5,33.5,32.5,34.5,NA
"2026-09-27T16:00:00Z","2026_03_KC_MIA","0339a0e41bcee12820eb3e64bb5fadb4","2026-09-27T17:00:00Z","player_rush_yds","Ollie Gordon II",4,9.5,0.488781635787081,9.5,8.5,9.5,NA
"2026-09-27T16:00:00Z","2026_03_KC_MIA","0339a0e41bcee12820eb3e64bb5fadb4","2026-09-27T17:00:00Z","player_rush_yds","Patrick Mahomes",5,15.5,0.5,15.5,15.5,15.5,NA
"2026-09-27T16:00:00Z","2026_03_LAC_BUF","b225458a282e140c44c45651255f2f6c","2026-09-27T17:00:00Z","player_pass_attempts","Josh Allen",5,30.5,0.481492905613819,30.5,29.5,30.5,NA
"2026-09-27T16:00:00Z","2026_03_LAC_BUF","b225458a282e140c44c45651255f2f6c","2026-09-27T17:00:00Z","player_pass_attempts","Justin Herbert",3,31.5,0.487517163899638,31.5,31.5,31.5,NA
"2026-09-27T16:00:00Z","2026_03_LAC_BUF","b225458a282e140c44c45651255f2f6c","2026-09-27T17:00:00Z","player_pass_interceptions","Josh Allen",5,0.5,0.436681222707424,0.5,0.5,0.5,NA
"2026-09-27T16:00:00Z","2026_03_LAC_BUF","b225458a282e140c44c45651255f2f6c","2026-09-27T17:00:00Z","player_pass_interceptions","Justin Herbert",3,0.5,0.507987220447284,0.5,0.5,0.5,NA
"2026-09-27T16:00:00Z","2026_03_LAC_BUF","b225458a282e140c44c45651255f2f6c","2026-09-27T17:00:00Z","player_pass_tds","Josh Allen",6,1.5,0.580936655689805,1.5,1.5,1.5,NA
"2026-09-27T16:00:00Z","2026_03_LAC_BUF","b225458a282e140c44c45651255f2f6c","2026-09-27T17:00:00Z","player_pass_tds","Justin Herbert",5,1.5,0.401736443234493,1.5,1.5,1.5,NA
"2026-09-27T16:00:00Z","2026_03_LAC_BUF","b225458a282e140c44c45651255f2f6c","2026-09-27T17:00:00Z","player_pass_yds","Josh Allen",7,239.5,0.5,239.5,235.5,242.5,NA
"2026-09-27T16:00:00Z","2026_03_LAC_BUF","b225458a282e140c44c45651255f2f6c","2026-09-27T17:00:00Z","player_pass_yds","Justin Herbert",6,227.5,0.5,227.5,224.5,229.5,NA
"2026-09-27T16:00:00Z","2026_03_LAC_BUF","b225458a282e140c44c45651255f2f6c","2026-09-27T17:00:00Z","player_reception_yds","DJ Moore",7,48.5,0.5,48.5,47.5,50.5,NA
"2026-09-27T16:00:00Z","2026_03_LAC_BUF","b225458a282e140c44c45651255f2f6c","2026-09-27T17:00:00Z","player_reception_yds","Dalton Kincaid",6,57.5,0.5,57.5,56.5,58.5,NA
"2026-09-27T16:00:00Z","2026_03_LAC_BUF","b225458a282e140c44c45651255f2f6c","2026-09-27T17:00:00Z","player_reception_yds","Dawson Knox",6,9.5,0.49849324975892,9.5,8.5,9.5,NA
"2026-09-27T16:00:00Z","2026_03_LAC_BUF","b225458a282e140c44c45651255f2f6c","2026-09-27T17:00:00Z","player_reception_yds","James Cook",6,12,0.5,12,11.5,12.5,NA
"2026-09-27T16:00:00Z","2026_03_LAC_BUF","b225458a282e140c44c45651255f2f6c","2026-09-27T17:00:00Z","player_reception_yds","Khalil Shakir",6,43,0.497977428097569,43,41.5,43.5,NA
"2026-09-27T16:00:00Z","2026_03_LAC_BUF","b225458a282e140c44c45651255f2f6c","2026-09-27T17:00:00Z","player_reception_yds","Ladd McConkey",5,59.5,0.5,59.5,58.5,61.5,NA
"2026-09-27T16:00:00Z","2026_03_LAC_BUF","b225458a282e140c44c45651255f2f6c","2026-09-27T17:00:00Z","player_reception_yds","Omarion Hampton",6,11.5,0.5,11.5,10.5,11.5,NA
"2026-09-27T16:00:00Z","2026_03_LAC_BUF","b225458a282e140c44c45651255f2f6c","2026-09-27T17:00:00Z","player_reception_yds","Oronde Gadsden II",6,37.5,0.5,37.5,36.5,38.5,NA
"2026-09-27T16:00:00Z","2026_03_LAC_BUF","b225458a282e140c44c45651255f2f6c","2026-09-27T17:00:00Z","player_reception_yds","Quentin Johnston",6,37,0.5,37,35.5,37.5,NA
"2026-09-27T16:00:00Z","2026_03_LAC_BUF","b225458a282e140c44c45651255f2f6c","2026-09-27T17:00:00Z","player_reception_yds","Tre Harris",6,31.5,0.501547668179942,31.5,29.5,31.5,NA
"2026-09-27T16:00:00Z","2026_03_LAC_BUF","b225458a282e140c44c45651255f2f6c","2026-09-27T17:00:00Z","player_receptions","DJ Moore",5,3.5,0.546257095665711,3.5,3.5,3.5,NA
"2026-09-27T16:00:00Z","2026_03_LAC_BUF","b225458a282e140c44c45651255f2f6c","2026-09-27T17:00:00Z","player_receptions","Dalton Kincaid",5,4.5,0.478235635519443,4.5,4.5,4.5,NA
"2026-09-27T16:00:00Z","2026_03_LAC_BUF","b225458a282e140c44c45651255f2f6c","2026-09-27T17:00:00Z","player_receptions","Dawson Knox",5,1.5,0.401753104455807,1.5,1.5,1.5,NA
"2026-09-27T16:00:00Z","2026_03_LAC_BUF","b225458a282e140c44c45651255f2f6c","2026-09-27T17:00:00Z","player_receptions","James Cook",5,1.5,0.578971324533455,1.5,1.5,1.5,NA
"2026-09-27T16:00:00Z","2026_03_LAC_BUF","b225458a282e140c44c45651255f2f6c","2026-09-27T17:00:00Z","player_receptions","Khalil Shakir",5,3.5,0.583497053045187,3.5,3.5,4.5,NA
"2026-09-27T16:00:00Z","2026_03_LAC_BUF","b225458a282e140c44c45651255f2f6c","2026-09-27T17:00:00Z","player_receptions","Ladd McConkey",5,4.5,0.554140127388535,4.5,4.5,4.5,NA
"2026-09-27T16:00:00Z","2026_03_LAC_BUF","b225458a282e140c44c45651255f2f6c","2026-09-27T17:00:00Z","player_receptions","Omarion Hampton",6,1.5,0.5580262285661,1.5,1.5,1.5,NA
"2026-09-27T16:00:00Z","2026_03_LAC_BUF","b225458a282e140c44c45651255f2f6c","2026-09-27T17:00:00Z","player_receptions","Oronde Gadsden II",5,3.5,0.456021023342093,3.5,3.5,3.5,NA
"2026-09-27T16:00:00Z","2026_03_LAC_BUF","b225458a282e140c44c45651255f2f6c","2026-09-27T17:00:00Z","player_receptions","Quentin Johnston",5,3.5,0.398293029871977,3.5,3.5,3.5,NA
"2026-09-27T16:00:00Z","2026_03_LAC_BUF","b225458a282e140c44c45651255f2f6c","2026-09-27T17:00:00Z","player_receptions","Tre Harris",5,2.5,0.548178884278469,2.5,2.5,2.5,NA
"2026-09-27T16:00:00Z","2026_03_LAC_BUF","b225458a282e140c44c45651255f2f6c","2026-09-27T17:00:00Z","player_rush_attempts","James Cook",5,17.5,0.487684729064039,17.5,17.5,17.5,NA
"2026-09-27T16:00:00Z","2026_03_LAC_BUF","b225458a282e140c44c45651255f2f6c","2026-09-27T17:00:00Z","player_rush_attempts","Josh Allen",3,7.5,0.520304568527919,7.5,7.5,7.5,NA
"2026-09-27T16:00:00Z","2026_03_LAC_BUF","b225458a282e140c44c45651255f2f6c","2026-09-27T17:00:00Z","player_rush_attempts","Justin Herbert",1,3.5,0.582306436641808,3.5,3.5,3.5,NA
"2026-09-27T16:00:00Z","2026_03_LAC_BUF","b225458a282e140c44c45651255f2f6c","2026-09-27T17:00:00Z","player_rush_attempts","Omarion Hampton",4,15.5,0.476312539936414,15.5,15.5,15.5,NA
"2026-09-27T16:00:00Z","2026_03_LAC_BUF","b225458a282e140c44c45651255f2f6c","2026-09-27T17:00:00Z","player_rush_yds","James Cook",6,80.5,0.5,80.5,79.5,81.5,NA
"2026-09-27T16:00:00Z","2026_03_LAC_BUF","b225458a282e140c44c45651255f2f6c","2026-09-27T17:00:00Z","player_rush_yds","Josh Allen",6,33.5,0.504101722723544,33.5,32.5,34.5,NA
"2026-09-27T16:00:00Z","2026_03_LAC_BUF","b225458a282e140c44c45651255f2f6c","2026-09-27T17:00:00Z","player_rush_yds","Justin Herbert",7,19.5,0.505023308149815,19.5,18.5,20.5,NA
"2026-09-27T16:00:00Z","2026_03_LAC_BUF","b225458a282e140c44c45651255f2f6c","2026-09-27T17:00:00Z","player_rush_yds","Keaton Mitchell",6,14.5,0.499491042345277,14.5,14.5,14.5,NA
"2026-09-27T16:00:00Z","2026_03_LAC_BUF","b225458a282e140c44c45651255f2f6c","2026-09-27T17:00:00Z","player_rush_yds","Omarion Hampton",6,59,0.5,59,58.5,59.5,NA
"2026-09-27T23:20:00Z","2026_03_LA_DEN","3bfd8bfb4b8e9a365a0877879b73b16b","2026-09-28T00:20:00Z","player_pass_attempts","Bo Nix",4,33.5,0.479695431472081,33.5,33.5,33.5,NA
"2026-09-27T23:20:00Z","2026_03_LA_DEN","3bfd8bfb4b8e9a365a0877879b73b16b","2026-09-28T00:20:00Z","player_pass_attempts","Matthew Stafford",5,33.5,0.510121457489879,33.5,33.5,33.5,NA
"2026-09-27T23:20:00Z","2026_03_LA_DEN","3bfd8bfb4b8e9a365a0877879b73b16b","2026-09-28T00:20:00Z","player_pass_interceptions","Bo Nix",5,0.5,0.5,0.5,0.5,0.5,NA
"2026-09-27T23:20:00Z","2026_03_LA_DEN","3bfd8bfb4b8e9a365a0877879b73b16b","2026-09-28T00:20:00Z","player_pass_interceptions","Matthew Stafford",5,0.5,0.489602395608052,0.5,0.5,0.5,NA
"2026-09-27T23:20:00Z","2026_03_LA_DEN","3bfd8bfb4b8e9a365a0877879b73b16b","2026-09-28T00:20:00Z","player_pass_tds","Bo Nix",6,1.5,0.432101021730036,1.5,1.5,1.5,NA
"2026-09-27T23:20:00Z","2026_03_LA_DEN","3bfd8bfb4b8e9a365a0877879b73b16b","2026-09-28T00:20:00Z","player_pass_tds","Matthew Stafford",7,1.5,0.483994878361076,1.5,1.5,1.5,NA
"2026-09-27T23:20:00Z","2026_03_LA_DEN","3bfd8bfb4b8e9a365a0877879b73b16b","2026-09-28T00:20:00Z","player_pass_yds","Bo Nix",7,213.5,0.49698649951784,213.5,210.5,217.5,NA
"2026-09-27T23:20:00Z","2026_03_LA_DEN","3bfd8bfb4b8e9a365a0877879b73b16b","2026-09-28T00:20:00Z","player_pass_yds","Matthew Stafford",6,238,0.5,238,232.5,239.5,NA
"2026-09-27T23:20:00Z","2026_03_LA_DEN","3bfd8bfb4b8e9a365a0877879b73b16b","2026-09-28T00:20:00Z","player_reception_yds","Adam Trautman",2,6,0.5,6,5.5,6.5,NA
"2026-09-27T23:20:00Z","2026_03_LA_DEN","3bfd8bfb4b8e9a365a0877879b73b16b","2026-09-28T00:20:00Z","player_reception_yds","Blake Corum",2,1,0.431980108463176,1,0.5,1.5,NA
"2026-09-27T23:20:00Z","2026_03_LA_DEN","3bfd8bfb4b8e9a365a0877879b73b16b","2026-09-28T00:20:00Z","player_reception_yds","Colby Parkinson",4,17,0.505060728744939,17,16.5,19.5,NA
"2026-09-27T23:20:00Z","2026_03_LA_DEN","3bfd8bfb4b8e9a365a0877879b73b16b","2026-09-28T00:20:00Z","player_reception_yds","Courtland Sutton",5,36.5,0.5,36.5,36.5,36.5,NA
"2026-09-27T23:20:00Z","2026_03_LA_DEN","3bfd8bfb4b8e9a365a0877879b73b16b","2026-09-28T00:20:00Z","player_reception_yds","Davante Adams",6,71,0.5,71,70.5,73.5,NA
"2026-09-27T23:20:00Z","2026_03_LA_DEN","3bfd8bfb4b8e9a365a0877879b73b16b","2026-09-28T00:20:00Z","player_reception_yds","Evan Engram",6,21,0.498452331820058,21,20.5,21.5,NA
"2026-09-27T23:20:00Z","2026_03_LA_DEN","3bfd8bfb4b8e9a365a0877879b73b16b","2026-09-28T00:20:00Z","player_reception_yds","Jaylen Waddle",7,59.5,0.5,59.5,58.5,61.5,NA
"2026-09-27T23:20:00Z","2026_03_LA_DEN","3bfd8bfb4b8e9a365a0877879b73b16b","2026-09-28T00:20:00Z","player_reception_yds","Kyren Williams",6,12.5,0.5,12.5,11.5,12.5,NA
"2026-09-27T23:20:00Z","2026_03_LA_DEN","3bfd8bfb4b8e9a365a0877879b73b16b","2026-09-28T00:20:00Z","player_reception_yds","Pat Bryant",6,26.5,0.505091526938773,26.5,24.5,26.5,NA
"2026-09-27T23:20:00Z","2026_03_LA_DEN","3bfd8bfb4b8e9a365a0877879b73b16b","2026-09-28T00:20:00Z","player_reception_yds","RJ Harvey",5,17.5,0.5,17.5,16.5,19.5,NA
"2026-09-27T23:20:00Z","2026_03_LA_DEN","3bfd8bfb4b8e9a365a0877879b73b16b","2026-09-28T00:20:00Z","player_reception_yds","Terrance Ferguson",6,50.5,0.5,50.5,47.5,50.5,NA
"2026-09-27T23:20:00Z","2026_03_LA_DEN","3bfd8bfb4b8e9a365a0877879b73b16b","2026-09-28T00:20:00Z","player_receptions","Adam Trautman",4,0.5,0.627690393533091,0.5,0.5,0.5,NA
"2026-09-27T23:20:00Z","2026_03_LA_DEN","3bfd8bfb4b8e9a365a0877879b73b16b","2026-09-28T00:20:00Z","player_receptions","Blake Corum",2,0.5,0.467328755040355,0.5,0.5,0.5,NA
"2026-09-27T23:20:00Z","2026_03_LA_DEN","3bfd8bfb4b8e9a365a0877879b73b16b","2026-09-28T00:20:00Z","player_receptions","Colby Parkinson",4,2.5,0.507285595337219,2.5,2.5,2.5,NA
"2026-09-27T23:20:00Z","2026_03_LA_DEN","3bfd8bfb4b8e9a365a0877879b73b16b","2026-09-28T00:20:00Z","player_receptions","Courtland Sutton",5,3.5,0.455252694058664,3.5,3.5,3.5,NA
"2026-09-27T23:20:00Z","2026_03_LA_DEN","3bfd8bfb4b8e9a365a0877879b73b16b","2026-09-28T00:20:00Z","player_receptions","Davante Adams",5,5.5,0.510121457489879,5.5,5.5,5.5,NA
"2026-09-27T23:20:00Z","2026_03_LA_DEN","3bfd8bfb4b8e9a365a0877879b73b16b","2026-09-28T00:20:00Z","player_receptions","Evan Engram",5,2.5,0.510258093635879,2.5,2.5,2.5,NA
"2026-09-27T23:20:00Z","2026_03_LA_DEN","3bfd8bfb4b8e9a365a0877879b73b16b","2026-09-28T00:20:00Z","player_receptions","Jaylen Waddle",6,4.5,0.575923186062157,4.5,4.5,5.5,NA
"2026-09-27T23:20:00Z","2026_03_LA_DEN","3bfd8bfb4b8e9a365a0877879b73b16b","2026-09-28T00:20:00Z","player_receptions","Kyren Williams",5,2.5,0.409001064315037,2.5,1.5,2.5,NA
"2026-09-27T23:20:00Z","2026_03_LA_DEN","3bfd8bfb4b8e9a365a0877879b73b16b","2026-09-28T00:20:00Z","player_receptions","Pat Bryant",5,2.5,0.534653465346535,2.5,2.5,2.5,NA
"2026-09-27T23:20:00Z","2026_03_LA_DEN","3bfd8bfb4b8e9a365a0877879b73b16b","2026-09-28T00:20:00Z","player_receptions","RJ Harvey",5,2.5,0.563318777292576,2.5,2.5,2.5,NA
"2026-09-27T23:20:00Z","2026_03_LA_DEN","3bfd8bfb4b8e9a365a0877879b73b16b","2026-09-28T00:20:00Z","player_receptions","Terrance Ferguson",5,4.5,0.437340827259155,4.5,3.5,4.5,NA
"2026-09-27T23:20:00Z","2026_03_LA_DEN","3bfd8bfb4b8e9a365a0877879b73b16b","2026-09-28T00:20:00Z","player_rush_attempts","Blake Corum",3,11.5,0.479695431472081,11.5,11.5,11.5,NA
"2026-09-27T23:20:00Z","2026_03_LA_DEN","3bfd8bfb4b8e9a365a0877879b73b16b","2026-09-28T00:20:00Z","player_rush_attempts","Bo Nix",2,4.5,0.519137366320281,4.5,4.5,4.5,NA
"2026-09-27T23:20:00Z","2026_03_LA_DEN","3bfd8bfb4b8e9a365a0877879b73b16b","2026-09-28T00:20:00Z","player_rush_attempts","J.K. Dobbins",3,13.5,0.479695431472081,13.5,12.5,13.5,NA
"2026-09-27T23:20:00Z","2026_03_LA_DEN","3bfd8bfb4b8e9a365a0877879b73b16b","2026-09-28T00:20:00Z","player_rush_attempts","Kyren Williams",3,12.5,0.465346534653465,12.5,12.5,12.5,NA
"2026-09-27T23:20:00Z","2026_03_LA_DEN","3bfd8bfb4b8e9a365a0877879b73b16b","2026-09-28T00:20:00Z","player_rush_attempts","RJ Harvey",1,5.5,0.556943637420105,5.5,5.5,5.5,NA
"2026-09-27T23:20:00Z","2026_03_LA_DEN","3bfd8bfb4b8e9a365a0877879b73b16b","2026-09-28T00:20:00Z","player_rush_yds","Blake Corum",6,48,0.5,48,46.5,50.5,NA
"2026-09-27T23:20:00Z","2026_03_LA_DEN","3bfd8bfb4b8e9a365a0877879b73b16b","2026-09-28T00:20:00Z","player_rush_yds","Bo Nix",6,16,0.496435554831351,16,14.5,16.5,NA
"2026-09-27T23:20:00Z","2026_03_LA_DEN","3bfd8bfb4b8e9a365a0877879b73b16b","2026-09-28T00:20:00Z","player_rush_yds","J.K. Dobbins",6,52.5,0.497384937238494,52.5,48.5,52.5,NA
"2026-09-27T23:20:00Z","2026_03_LA_DEN","3bfd8bfb4b8e9a365a0877879b73b16b","2026-09-28T00:20:00Z","player_rush_yds","Kyren Williams",7,52.5,0.5,52.5,49.5,55.5,NA
"2026-09-27T23:20:00Z","2026_03_LA_DEN","3bfd8bfb4b8e9a365a0877879b73b16b","2026-09-28T00:20:00Z","player_rush_yds","Matthew Stafford",3,0.5,0.445859872611465,0.5,0.5,0.5,NA
"2026-09-27T23:20:00Z","2026_03_LA_DEN","3bfd8bfb4b8e9a365a0877879b73b16b","2026-09-28T00:20:00Z","player_rush_yds","RJ Harvey",6,20.5,0.494260236679004,20.5,19.5,20.5,NA
"2026-09-27T19:25:00Z","2026_03_LV_NO","2e523fcb0497aa689473e290eb2b97de","2026-09-27T20:25:00Z","player_pass_attempts","Kirk Cousins",3,32.5,0.510121457489879,32.5,31.5,32.5,NA
"2026-09-27T19:25:00Z","2026_03_LV_NO","2e523fcb0497aa689473e290eb2b97de","2026-09-27T20:25:00Z","player_pass_attempts","Tyler Shough",4,33.5,0.502480855881074,33.5,32.5,33.5,NA
"2026-09-27T19:25:00Z","2026_03_LV_NO","2e523fcb0497aa689473e290eb2b97de","2026-09-27T20:25:00Z","player_pass_interceptions","Kirk Cousins",3,0.5,0.516005121638924,0.5,0.5,0.5,NA
"2026-09-27T19:25:00Z","2026_03_LV_NO","2e523fcb0497aa689473e290eb2b97de","2026-09-27T20:25:00Z","player_pass_interceptions","Tyler Shough",4,0.5,0.461703891158458,0.5,0.5,0.5,NA
"2026-09-27T19:25:00Z","2026_03_LV_NO","2e523fcb0497aa689473e290eb2b97de","2026-09-27T20:25:00Z","player_pass_tds","Kirk Cousins",5,1.5,0.38203893657107,1.5,1.5,1.5,NA
"2026-09-27T19:25:00Z","2026_03_LV_NO","2e523fcb0497aa689473e290eb2b97de","2026-09-27T20:25:00Z","player_pass_tds","Tyler Shough",6,1.5,0.465698001916503,1.5,1.5,1.5,NA
"2026-09-27T19:25:00Z","2026_03_LV_NO","2e523fcb0497aa689473e290eb2b97de","2026-09-27T20:25:00Z","player_pass_yds","Kirk Cousins",6,211.5,0.5,211.5,209.5,212.5,NA
"2026-09-27T19:25:00Z","2026_03_LV_NO","2e523fcb0497aa689473e290eb2b97de","2026-09-27T20:25:00Z","player_pass_yds","Tyler Shough",5,253.5,0.5,253.5,245.5,253.5,NA
"2026-09-27T19:25:00Z","2026_03_LV_NO","2e523fcb0497aa689473e290eb2b97de","2026-09-27T20:25:00Z","player_reception_yds","Alvin Kamara",4,13,0.498452331820058,13,12.5,13.5,NA
"2026-09-27T19:25:00Z","2026_03_LV_NO","2e523fcb0497aa689473e290eb2b97de","2026-09-27T20:25:00Z","player_reception_yds","Ashton Jeanty",5,22.5,0.5,22.5,22.5,23.5,NA
"2026-09-27T19:25:00Z","2026_03_LV_NO","2e523fcb0497aa689473e290eb2b97de","2026-09-27T20:25:00Z","player_reception_yds","Brock Bowers",5,47.5,0.498982084690554,47.5,45.5,48.5,NA
"2026-09-27T19:25:00Z","2026_03_LV_NO","2e523fcb0497aa689473e290eb2b97de","2026-09-27T20:25:00Z","player_reception_yds","Bryce Lance",4,15.5,0.503653818137819,15.5,15.5,16.5,NA
"2026-09-27T19:25:00Z","2026_03_LV_NO","2e523fcb0497aa689473e290eb2b97de","2026-09-27T20:25:00Z","player_reception_yds","Chris Olave",6,76.5,0.502106149957877,76.5,75.5,77.5,NA
"2026-09-27T19:25:00Z","2026_03_LV_NO","2e523fcb0497aa689473e290eb2b97de","2026-09-27T20:25:00Z","player_reception_yds","Devaughn Vele",5,48.5,0.5,48.5,45.5,49.5,NA
"2026-09-27T19:25:00Z","2026_03_LV_NO","2e523fcb0497aa689473e290eb2b97de","2026-09-27T20:25:00Z","player_reception_yds","Jack Bech",4,14.5,0.5,14.5,14.5,15.5,NA
"2026-09-27T19:25:00Z","2026_03_LV_NO","2e523fcb0497aa689473e290eb2b97de","2026-09-27T20:25:00Z","player_reception_yds","Jalen Nailor",5,24.5,0.50301350048216,24.5,23.5,24.5,NA
"2026-09-27T19:25:00Z","2026_03_LV_NO","2e523fcb0497aa689473e290eb2b97de","2026-09-27T20:25:00Z","player_reception_yds","Juwan Johnson",5,35.5,0.503095336359884,35.5,32.5,35.5,NA
"2026-09-27T19:25:00Z","2026_03_LV_NO","2e523fcb0497aa689473e290eb2b97de","2026-09-27T20:25:00Z","player_reception_yds","Michael Mayer",3,21.5,0.5,21.5,20.5,22.5,NA
"2026-09-27T19:25:00Z","2026_03_LV_NO","2e523fcb0497aa689473e290eb2b97de","2026-09-27T20:25:00Z","player_reception_yds","Noah Fant",3,11.5,0.492871109662702,11.5,11.5,11.5,NA
"2026-09-27T19:25:00Z","2026_03_LV_NO","2e523fcb0497aa689473e290eb2b97de","2026-09-27T20:25:00Z","player_reception_yds","Travis Etienne Jr.",5,10.5,0.503095336359884,10.5,8.5,10.5,NA
"2026-09-27T19:25:00Z","2026_03_LV_NO","2e523fcb0497aa689473e290eb2b97de","2026-09-27T20:25:00Z","player_reception_yds","Tre Tucker",5,40.5,0.5,40.5,39.5,41.5,NA
"2026-09-27T19:25:00Z","2026_03_LV_NO","2e523fcb0497aa689473e290eb2b97de","2026-09-27T20:25:00Z","player_receptions","Alvin Kamara",3,2.5,0.514183822337494,2.5,2.5,2.5,NA
"2026-09-27T19:25:00Z","2026_03_LV_NO","2e523fcb0497aa689473e290eb2b97de","2026-09-27T20:25:00Z","player_receptions","Ashton Jeanty",4,3.5,0.557001467450161,3.5,3.5,3.5,NA
"2026-09-27T19:25:00Z","2026_03_LV_NO","2e523fcb0497aa689473e290eb2b97de","2026-09-27T20:25:00Z","player_receptions","Brock Bowers",4,4.5,0.507091911168747,4.5,4.5,4.5,NA
"2026-09-27T19:25:00Z","2026_03_LV_NO","2e523fcb0497aa689473e290eb2b97de","2026-09-27T20:25:00Z","player_receptions","Bryce Lance",3,1.5,0.477342945417096,1.5,1.5,1.5,NA
"2026-09-27T19:25:00Z","2026_03_LV_NO","2e523fcb0497aa689473e290eb2b97de","2026-09-27T20:25:00Z","player_receptions","Chris Olave",5,6.5,0.451821115721531,6.5,5.5,6.5,NA
"2026-09-27T19:25:00Z","2026_03_LV_NO","2e523fcb0497aa689473e290eb2b97de","2026-09-27T20:25:00Z","player_receptions","Devaughn Vele",4,4.5,0.43217338729437,4.5,3.5,4.5,NA
"2026-09-27T19:25:00Z","2026_03_LV_NO","2e523fcb0497aa689473e290eb2b97de","2026-09-27T20:25:00Z","player_receptions","Jack Bech",3,1.5,0.5,1.5,1.5,1.5,NA
"2026-09-27T19:25:00Z","2026_03_LV_NO","2e523fcb0497aa689473e290eb2b97de","2026-09-27T20:25:00Z","player_receptions","Jalen Nailor",4,2.5,0.430255939172507,2.5,2.5,2.5,NA
"2026-09-27T19:25:00Z","2026_03_LV_NO","2e523fcb0497aa689473e290eb2b97de","2026-09-27T20:25:00Z","player_receptions","Juwan Johnson",4,3.5,0.473115880664222,3.5,3.5,3.5,NA
"2026-09-27T19:25:00Z","2026_03_LV_NO","2e523fcb0497aa689473e290eb2b97de","2026-09-27T20:25:00Z","player_receptions","Michael Mayer",3,2.5,0.462092731829574,2.5,2.5,2.5,NA
"2026-09-27T19:25:00Z","2026_03_LV_NO","2e523fcb0497aa689473e290eb2b97de","2026-09-27T20:25:00Z","player_receptions","Noah Fant",3,1.5,0.466082886082079,1.5,1.5,1.5,NA
"2026-09-27T19:25:00Z","2026_03_LV_NO","2e523fcb0497aa689473e290eb2b97de","2026-09-27T20:25:00Z","player_receptions","Travis Etienne Jr.",4,1.5,0.553904366145498,1.5,1.5,1.5,NA
"2026-09-27T19:25:00Z","2026_03_LV_NO","2e523fcb0497aa689473e290eb2b97de","2026-09-27T20:25:00Z","player_receptions","Tre Tucker",3,3.5,0.446807724973228,3.5,3.5,3.5,NA
"2026-09-27T19:25:00Z","2026_03_LV_NO","2e523fcb0497aa689473e290eb2b97de","2026-09-27T20:25:00Z","player_rush_attempts","Ashton Jeanty",4,18.5,0.473163270615529,18.5,17.5,18.5,NA
"2026-09-27T19:25:00Z","2026_03_LV_NO","2e523fcb0497aa689473e290eb2b97de","2026-09-27T20:25:00Z","player_rush_attempts","Travis Etienne Jr.",1,10.5,0.491685028894525,10.5,10.5,10.5,NA
"2026-09-27T19:25:00Z","2026_03_LV_NO","2e523fcb0497aa689473e290eb2b97de","2026-09-27T20:25:00Z","player_rush_yds","Alvin Kamara",4,23,0.503993610223642,23,22.5,25.5,NA
"2026-09-27T19:25:00Z","2026_03_LV_NO","2e523fcb0497aa689473e290eb2b97de","2026-09-27T20:25:00Z","player_rush_yds","Ashton Jeanty",6,69,0.5,69,68.5,70.5,NA
"2026-09-27T19:25:00Z","2026_03_LV_NO","2e523fcb0497aa689473e290eb2b97de","2026-09-27T20:25:00Z","player_rush_yds","Kirk Cousins",2,1,0.498042826956877,1,0.5,1.5,NA
"2026-09-27T19:25:00Z","2026_03_LV_NO","2e523fcb0497aa689473e290eb2b97de","2026-09-27T20:25:00Z","player_rush_yds","Mike Washington Jr.",2,15.5,0.498947058080276,15.5,15.5,15.5,NA
"2026-09-27T19:25:00Z","2026_03_LV_NO","2e523fcb0497aa689473e290eb2b97de","2026-09-27T20:25:00Z","player_rush_yds","Travis Etienne Jr.",5,39.5,0.5,39.5,39.5,40.5,NA
"2026-09-27T19:25:00Z","2026_03_LV_NO","2e523fcb0497aa689473e290eb2b97de","2026-09-27T20:25:00Z","player_rush_yds","Tyler Shough",5,14.5,0.503095336359884,14.5,13.5,15.5,NA
"2026-09-27T19:05:00Z","2026_03_MIN_TB","f1724dead3eab61546033032fc782375","2026-09-27T20:05:00Z","player_pass_attempts","Baker Mayfield",5,30.5,0.480324745257228,30.5,29.5,30.5,NA
"2026-09-27T19:05:00Z","2026_03_MIN_TB","f1724dead3eab61546033032fc782375","2026-09-27T20:05:00Z","player_pass_attempts","Kyler Murray",4,30.5,0.494939271255061,30.5,30.5,30.5,NA
"2026-09-27T19:05:00Z","2026_03_MIN_TB","f1724dead3eab61546033032fc782375","2026-09-27T20:05:00Z","player_pass_interceptions","Baker Mayfield",5,0.5,0.50515974572773,0.5,0.5,0.5,NA
"2026-09-27T19:05:00Z","2026_03_MIN_TB","f1724dead3eab61546033032fc782375","2026-09-27T20:05:00Z","player_pass_interceptions","Kyler Murray",4,0.5,0.512346324082158,0.5,0.5,0.5,NA
"2026-09-27T19:05:00Z","2026_03_MIN_TB","f1724dead3eab61546033032fc782375","2026-09-27T20:05:00Z","player_pass_tds","Baker Mayfield",6,1.5,0.393525267061821,1.5,1.5,1.5,NA
"2026-09-27T19:05:00Z","2026_03_MIN_TB","f1724dead3eab61546033032fc782375","2026-09-27T20:05:00Z","player_pass_tds","Kyler Murray",7,1.5,0.405344542861432,1.5,1.5,1.5,NA
"2026-09-27T19:05:00Z","2026_03_MIN_TB","f1724dead3eab61546033032fc782375","2026-09-27T20:05:00Z","player_pass_yds","Baker Mayfield",7,216.5,0.5,216.5,212.5,216.5,NA
"2026-09-27T19:05:00Z","2026_03_MIN_TB","f1724dead3eab61546033032fc782375","2026-09-27T20:05:00Z","player_pass_yds","Kyler Murray",6,213.5,0.5,213.5,204.5,215.5,NA
"2026-09-27T19:05:00Z","2026_03_MIN_TB","f1724dead3eab61546033032fc782375","2026-09-27T20:05:00Z","player_reception_yds","Aaron Jones",6,12.5,0.5,12.5,10.5,13.5,NA
"2026-09-27T19:05:00Z","2026_03_MIN_TB","f1724dead3eab61546033032fc782375","2026-09-27T20:05:00Z","player_reception_yds","Bucky Irving",6,16.5,0.494328455467962,16.5,14.5,17.5,NA
"2026-09-27T19:05:00Z","2026_03_MIN_TB","f1724dead3eab61546033032fc782375","2026-09-27T20:05:00Z","player_reception_yds","Cade Otton",6,27.5,0.50831615293258,27.5,26.5,27.5,NA
"2026-09-27T19:05:00Z","2026_03_MIN_TB","f1724dead3eab61546033032fc782375","2026-09-27T20:05:00Z","player_reception_yds","Chris Godwin",7,35.5,0.5,35.5,33.5,36.5,NA
"2026-09-27T19:05:00Z","2026_03_MIN_TB","f1724dead3eab61546033032fc782375","2026-09-27T20:05:00Z","player_reception_yds","Emeka Egbuka",6,49.5,0.5,49.5,47.5,49.5,NA
"2026-09-27T19:05:00Z","2026_03_MIN_TB","f1724dead3eab61546033032fc782375","2026-09-27T20:05:00Z","player_reception_yds","Jalen McMillan",6,13.5,0.5,13.5,12.5,14.5,NA
"2026-09-27T19:05:00Z","2026_03_MIN_TB","f1724dead3eab61546033032fc782375","2026-09-27T20:05:00Z","player_reception_yds","Jauan Jennings",6,14.5,0.501547668179942,14.5,14.5,14.5,NA
"2026-09-27T19:05:00Z","2026_03_MIN_TB","f1724dead3eab61546033032fc782375","2026-09-27T20:05:00Z","player_reception_yds","Jordan Addison",6,36.5,0.5,36.5,35.5,36.5,NA
"2026-09-27T19:05:00Z","2026_03_MIN_TB","f1724dead3eab61546033032fc782375","2026-09-27T20:05:00Z","player_reception_yds","Josh Oliver",6,10.5,0.502106149957877,10.5,8.5,11.5,NA
"2026-09-27T19:05:00Z","2026_03_MIN_TB","f1724dead3eab61546033032fc782375","2026-09-27T20:05:00Z","player_reception_yds","Justin Jefferson",6,74.5,0.501052941919724,74.5,71.5,75.5,NA
"2026-09-27T19:05:00Z","2026_03_MIN_TB","f1724dead3eab61546033032fc782375","2026-09-27T20:05:00Z","player_reception_yds","Kenny Gainwell",6,9.5,0.501052941919724,9.5,9.5,11.5,NA
"2026-09-27T19:05:00Z","2026_03_MIN_TB","f1724dead3eab61546033032fc782375","2026-09-27T20:05:00Z","player_reception_yds","T.J. Hockenson",6,30.5,0.5,30.5,29.5,32.5,NA
"2026-09-27T19:05:00Z","2026_03_MIN_TB","f1724dead3eab61546033032fc782375","2026-09-27T20:05:00Z","player_reception_yds","Ted Hurst III",6,24.5,0.5,24.5,23.5,25.5,NA
"2026-09-27T19:05:00Z","2026_03_MIN_TB","f1724dead3eab61546033032fc782375","2026-09-27T20:05:00Z","player_receptions","Aaron Jones",5,1.5,0.594659036719123,1.5,1.5,2.5,NA
"2026-09-27T19:05:00Z","2026_03_MIN_TB","f1724dead3eab61546033032fc782375","2026-09-27T20:05:00Z","player_receptions","Bucky Irving",5,2.5,0.540791402051783,2.5,2.5,2.5,NA
"2026-09-27T19:05:00Z","2026_03_MIN_TB","f1724dead3eab61546033032fc782375","2026-09-27T20:05:00Z","player_receptions","Cade Otton",5,3.5,0.400728597449909,3.5,2.5,3.5,NA
"2026-09-27T19:05:00Z","2026_03_MIN_TB","f1724dead3eab61546033032fc782375","2026-09-27T20:05:00Z","player_receptions","Chris Godwin",5,3.5,0.439364172173602,3.5,3.5,3.5,NA
"2026-09-27T19:05:00Z","2026_03_MIN_TB","f1724dead3eab61546033032fc782375","2026-09-27T20:05:00Z","player_receptions","Emeka Egbuka",5,4.5,0.436681222707424,4.5,3.5,4.5,NA
"2026-09-27T19:05:00Z","2026_03_MIN_TB","f1724dead3eab61546033032fc782375","2026-09-27T20:05:00Z","player_receptions","Jalen McMillan",4,1.5,0.410073750193574,1.5,1.5,1.5,NA
"2026-09-27T19:05:00Z","2026_03_MIN_TB","f1724dead3eab61546033032fc782375","2026-09-27T20:05:00Z","player_receptions","Jauan Jennings",5,1.5,0.479139722141099,1.5,1.5,1.5,NA
"2026-09-27T19:05:00Z","2026_03_MIN_TB","f1724dead3eab61546033032fc782375","2026-09-27T20:05:00Z","player_receptions","Jordan Addison",5,3.5,0.424836601307189,3.5,2.5,3.5,NA
"2026-09-27T19:05:00Z","2026_03_MIN_TB","f1724dead3eab61546033032fc782375","2026-09-27T20:05:00Z","player_receptions","Josh Oliver",5,1.5,0.433108758421559,1.5,1.5,1.5,NA
"2026-09-27T19:05:00Z","2026_03_MIN_TB","f1724dead3eab61546033032fc782375","2026-09-27T20:05:00Z","player_receptions","Justin Jefferson",5,5.5,0.554140127388535,5.5,5.5,5.5,NA
"2026-09-27T19:05:00Z","2026_03_MIN_TB","f1724dead3eab61546033032fc782375","2026-09-27T20:05:00Z","player_receptions","Kenny Gainwell",5,1.5,0.583497053045187,1.5,1.5,1.5,NA
"2026-09-27T19:05:00Z","2026_03_MIN_TB","f1724dead3eab61546033032fc782375","2026-09-27T20:05:00Z","player_receptions","T.J. Hockenson",6,3.5,0.5,3.5,3.5,3.5,NA
"2026-09-27T19:05:00Z","2026_03_MIN_TB","f1724dead3eab61546033032fc782375","2026-09-27T20:05:00Z","player_receptions","Ted Hurst III",4,2.5,0.390946502057613,2.5,2.5,2.5,NA
"2026-09-27T19:05:00Z","2026_03_MIN_TB","f1724dead3eab61546033032fc782375","2026-09-27T20:05:00Z","player_rush_attempts","Aaron Jones",1,13.5,0.519675254742772,13.5,13.5,13.5,NA
"2026-09-27T19:05:00Z","2026_03_MIN_TB","f1724dead3eab61546033032fc782375","2026-09-27T20:05:00Z","player_rush_attempts","Bucky Irving",4,14.5,0.51121836421292,14.5,14.5,14.5,NA
"2026-09-27T19:05:00Z","2026_03_MIN_TB","f1724dead3eab61546033032fc782375","2026-09-27T20:05:00Z","player_rush_yds","Aaron Jones",6,52.5,0.5,52.5,50.5,53.5,NA
"2026-09-27T19:05:00Z","2026_03_MIN_TB","f1724dead3eab61546033032fc782375","2026-09-27T20:05:00Z","player_rush_yds","Baker Mayfield",5,18.5,0.5,18.5,16.5,19.5,NA
"2026-09-27T19:05:00Z","2026_03_MIN_TB","f1724dead3eab61546033032fc782375","2026-09-27T20:05:00Z","player_rush_yds","Bucky Irving",6,57.5,0.5,57.5,55.5,58.5,NA
"2026-09-27T19:05:00Z","2026_03_MIN_TB","f1724dead3eab61546033032fc782375","2026-09-27T20:05:00Z","player_rush_yds","Kenny Gainwell",6,18.5,0.5,18.5,18.5,18.5,NA
"2026-09-27T19:05:00Z","2026_03_MIN_TB","f1724dead3eab61546033032fc782375","2026-09-27T20:05:00Z","player_rush_yds","Kyler Murray",7,20.5,0.5,20.5,20.5,22.5,NA
"2026-09-27T16:00:00Z","2026_03_NE_JAX","1f3cfd315a24d1a7dd5859a8e6b88e18","2026-09-27T17:00:00Z","player_pass_attempts","Drake Maye",4,30.5,0.502070549464975,30.5,30.5,30.5,NA
"2026-09-27T16:00:00Z","2026_03_NE_JAX","1f3cfd315a24d1a7dd5859a8e6b88e18","2026-09-27T17:00:00Z","player_pass_attempts","Trevor Lawrence",5,32.5,0.5,32.5,32.5,33.5,NA
"2026-09-27T16:00:00Z","2026_03_NE_JAX","1f3cfd315a24d1a7dd5859a8e6b88e18","2026-09-27T17:00:00Z","player_pass_interceptions","Drake Maye",5,0.5,0.491796554552912,0.5,0.5,0.5,NA
"2026-09-27T16:00:00Z","2026_03_NE_JAX","1f3cfd315a24d1a7dd5859a8e6b88e18","2026-09-27T17:00:00Z","player_pass_interceptions","Trevor Lawrence",5,0.5,0.510121457489879,0.5,0.5,0.5,NA
"2026-09-27T16:00:00Z","2026_03_NE_JAX","1f3cfd315a24d1a7dd5859a8e6b88e18","2026-09-27T17:00:00Z","player_pass_tds","Drake Maye",6,1.5,0.39782201162473,1.5,1.5,1.5,NA
"2026-09-27T16:00:00Z","2026_03_NE_JAX","1f3cfd315a24d1a7dd5859a8e6b88e18","2026-09-27T17:00:00Z","player_pass_tds","Trevor Lawrence",7,1.5,0.491796554552912,1.5,1.5,1.5,NA
"2026-09-27T16:00:00Z","2026_03_NE_JAX","1f3cfd315a24d1a7dd5859a8e6b88e18","2026-09-27T17:00:00Z","player_pass_yds","Drake Maye",6,222,0.5,222,217.5,222.5,NA
"2026-09-27T16:00:00Z","2026_03_NE_JAX","1f3cfd315a24d1a7dd5859a8e6b88e18","2026-09-27T17:00:00Z","player_pass_yds","Trevor Lawrence",7,225.5,0.5,225.5,223.5,232.5,NA
"2026-09-27T16:00:00Z","2026_03_NE_JAX","1f3cfd315a24d1a7dd5859a8e6b88e18","2026-09-27T17:00:00Z","player_reception_yds","Bhayshul Tuten",7,10.5,0.5,10.5,8.5,10.5,NA
"2026-09-27T16:00:00Z","2026_03_NE_JAX","1f3cfd315a24d1a7dd5859a8e6b88e18","2026-09-27T17:00:00Z","player_reception_yds","Brenton Strange",6,30.5,0.5,30.5,28.5,31.5,NA
"2026-09-27T16:00:00Z","2026_03_NE_JAX","1f3cfd315a24d1a7dd5859a8e6b88e18","2026-09-27T17:00:00Z","player_reception_yds","Brian Thomas Jr",6,34,0.5,34,32.5,34.5,NA
"2026-09-27T16:00:00Z","2026_03_NE_JAX","1f3cfd315a24d1a7dd5859a8e6b88e18","2026-09-27T17:00:00Z","player_reception_yds","DeMario Douglas",6,29,0.502106149957877,29,28.5,30.5,NA
"2026-09-27T16:00:00Z","2026_03_NE_JAX","1f3cfd315a24d1a7dd5859a8e6b88e18","2026-09-27T17:00:00Z","player_reception_yds","Hunter Henry",6,41.5,0.503075513822155,41.5,40.5,42.5,NA
"2026-09-27T16:00:00Z","2026_03_NE_JAX","1f3cfd315a24d1a7dd5859a8e6b88e18","2026-09-27T17:00:00Z","player_reception_yds","Jakobi Meyers",6,35.5,0.5,35.5,34.5,36.5,NA
"2026-09-27T16:00:00Z","2026_03_NE_JAX","1f3cfd315a24d1a7dd5859a8e6b88e18","2026-09-27T17:00:00Z","player_reception_yds","Kyle Williams",3,8.5,0.5,8.5,7.5,8.5,NA
"2026-09-27T16:00:00Z","2026_03_NE_JAX","1f3cfd315a24d1a7dd5859a8e6b88e18","2026-09-27T17:00:00Z","player_reception_yds","Mack Hollins",6,34.5,0.5,34.5,33.5,35.5,NA
"2026-09-27T16:00:00Z","2026_03_NE_JAX","1f3cfd315a24d1a7dd5859a8e6b88e18","2026-09-27T17:00:00Z","player_reception_yds","Parker Washington",6,68.5,0.5,68.5,65.5,70.5,NA
"2026-09-27T16:00:00Z","2026_03_NE_JAX","1f3cfd315a24d1a7dd5859a8e6b88e18","2026-09-27T17:00:00Z","player_reception_yds","Rhamondre Stevenson",6,14.5,0.501547668179942,14.5,14.5,15.5,NA
"2026-09-27T16:00:00Z","2026_03_NE_JAX","1f3cfd315a24d1a7dd5859a8e6b88e18","2026-09-27T17:00:00Z","player_reception_yds","Romeo Doubs",6,42.5,0.5,42.5,42.5,43.5,NA
"2026-09-27T16:00:00Z","2026_03_NE_JAX","1f3cfd315a24d1a7dd5859a8e6b88e18","2026-09-27T17:00:00Z","player_reception_yds","Travis Hunter",2,2,0.517622700374486,2,0.5,3.5,NA
"2026-09-27T16:00:00Z","2026_03_NE_JAX","1f3cfd315a24d1a7dd5859a8e6b88e18","2026-09-27T17:00:00Z","player_reception_yds","TreVeyon Henderson",6,9.5,0.50366200719846,9.5,9.5,9.5,NA
"2026-09-27T16:00:00Z","2026_03_NE_JAX","1f3cfd315a24d1a7dd5859a8e6b88e18","2026-09-27T17:00:00Z","player_receptions","Bhayshul Tuten",6,1.5,0.512152639913686,1.5,1.5,1.5,NA
"2026-09-27T16:00:00Z","2026_03_NE_JAX","1f3cfd315a24d1a7dd5859a8e6b88e18","2026-09-27T17:00:00Z","player_receptions","Brenton Strange",5,2.5,0.604788035597509,2.5,2.5,3.5,NA
"2026-09-27T16:00:00Z","2026_03_NE_JAX","1f3cfd315a24d1a7dd5859a8e6b88e18","2026-09-27T17:00:00Z","player_receptions","Brian Thomas Jr",5,2.5,0.57516339869281,2.5,2.5,2.5,NA
"2026-09-27T16:00:00Z","2026_03_NE_JAX","1f3cfd315a24d1a7dd5859a8e6b88e18","2026-09-27T17:00:00Z","player_receptions","DeMario Douglas",5,2.5,0.572763684913218,2.5,2.5,2.5,NA
"2026-09-27T16:00:00Z","2026_03_NE_JAX","1f3cfd315a24d1a7dd5859a8e6b88e18","2026-09-27T17:00:00Z","player_receptions","Hunter Henry",5,3.5,0.551074477480129,3.5,3.5,3.5,NA
"2026-09-27T16:00:00Z","2026_03_NE_JAX","1f3cfd315a24d1a7dd5859a8e6b88e18","2026-09-27T17:00:00Z","player_receptions","Jakobi Meyers",5,3.5,0.47184231697506,3.5,3.5,3.5,NA
"2026-09-27T16:00:00Z","2026_03_NE_JAX","1f3cfd315a24d1a7dd5859a8e6b88e18","2026-09-27T17:00:00Z","player_receptions","Kyle Williams",3,0.5,0.614399352838075,0.5,0.5,0.5,NA
"2026-09-27T16:00:00Z","2026_03_NE_JAX","1f3cfd315a24d1a7dd5859a8e6b88e18","2026-09-27T17:00:00Z","player_receptions","Mack Hollins",5,2.5,0.583497053045187,2.5,2.5,2.5,NA
"2026-09-27T16:00:00Z","2026_03_NE_JAX","1f3cfd315a24d1a7dd5859a8e6b88e18","2026-09-27T17:00:00Z","player_receptions","Parker Washington",5,5.5,0.454201362604088,5.5,4.5,5.5,NA
"2026-09-27T16:00:00Z","2026_03_NE_JAX","1f3cfd315a24d1a7dd5859a8e6b88e18","2026-09-27T17:00:00Z","player_receptions","Rhamondre Stevenson",5,2.5,0.46322988528599,2.5,2.5,2.5,NA
"2026-09-27T16:00:00Z","2026_03_NE_JAX","1f3cfd315a24d1a7dd5859a8e6b88e18","2026-09-27T17:00:00Z","player_receptions","Romeo Doubs",5,3.5,0.424836601307189,3.5,3.5,3.5,NA
"2026-09-27T16:00:00Z","2026_03_NE_JAX","1f3cfd315a24d1a7dd5859a8e6b88e18","2026-09-27T17:00:00Z","player_receptions","Travis Hunter",1,0.5,0.57089552238806,0.5,0.5,0.5,NA
"2026-09-27T16:00:00Z","2026_03_NE_JAX","1f3cfd315a24d1a7dd5859a8e6b88e18","2026-09-27T17:00:00Z","player_receptions","TreVeyon Henderson",5,1.5,0.520304568527919,1.5,1.5,1.5,NA
"2026-09-27T16:00:00Z","2026_03_NE_JAX","1f3cfd315a24d1a7dd5859a8e6b88e18","2026-09-27T17:00:00Z","player_rush_attempts","Bhayshul Tuten",3,12.5,0.522657054582904,12.5,12.5,13.5,NA
"2026-09-27T16:00:00Z","2026_03_NE_JAX","1f3cfd315a24d1a7dd5859a8e6b88e18","2026-09-27T17:00:00Z","player_rush_attempts","Drake Maye",3,5.5,0.530612244897959,5.5,5.5,6.5,NA
"2026-09-27T16:00:00Z","2026_03_NE_JAX","1f3cfd315a24d1a7dd5859a8e6b88e18","2026-09-27T17:00:00Z","player_rush_attempts","Rhamondre Stevenson",3,8.5,0.521764364480557,8.5,8.5,9.5,NA
"2026-09-27T16:00:00Z","2026_03_NE_JAX","1f3cfd315a24d1a7dd5859a8e6b88e18","2026-09-27T17:00:00Z","player_rush_attempts","TreVeyon Henderson",3,10.5,0.491796554552912,10.5,10.5,10.5,NA
"2026-09-27T16:00:00Z","2026_03_NE_JAX","1f3cfd315a24d1a7dd5859a8e6b88e18","2026-09-27T17:00:00Z","player_rush_yds","Bhayshul Tuten",6,51.5,0.5,51.5,50.5,52.5,NA
"2026-09-27T16:00:00Z","2026_03_NE_JAX","1f3cfd315a24d1a7dd5859a8e6b88e18","2026-09-27T17:00:00Z","player_rush_yds","Chris Rodriguez Jr.",6,20.5,0.493855681967486,20.5,20.5,22.5,NA
"2026-09-27T16:00:00Z","2026_03_NE_JAX","1f3cfd315a24d1a7dd5859a8e6b88e18","2026-09-27T17:00:00Z","player_rush_yds","Drake Maye",6,26.5,0.49594067774515,26.5,26.5,28.5,NA
"2026-09-27T16:00:00Z","2026_03_NE_JAX","1f3cfd315a24d1a7dd5859a8e6b88e18","2026-09-27T17:00:00Z","player_rush_yds","Rhamondre Stevenson",6,35,0.496840109542869,35,34.5,35.5,NA
"2026-09-27T16:00:00Z","2026_03_NE_JAX","1f3cfd315a24d1a7dd5859a8e6b88e18","2026-09-27T17:00:00Z","player_rush_yds","TreVeyon Henderson",6,42.5,0.503159890457131,42.5,41.5,44.5,NA
"2026-09-27T16:00:00Z","2026_03_NE_JAX","1f3cfd315a24d1a7dd5859a8e6b88e18","2026-09-27T17:00:00Z","player_rush_yds","Trevor Lawrence",7,16.5,0.5,16.5,15.5,17.5,NA
"2026-09-27T16:00:00Z","2026_03_NYJ_DET","07f552badfa8a565d1be22123713e4da","2026-09-27T17:00:00Z","player_pass_attempts","Geno Smith",5,32.5,0.491685028894525,32.5,32.5,32.5,NA
"2026-09-27T16:00:00Z","2026_03_NYJ_DET","07f552badfa8a565d1be22123713e4da","2026-09-27T17:00:00Z","player_pass_attempts","Jared Goff",4,32.5,0.524337622366187,32.5,32.5,32.5,NA
"2026-09-27T16:00:00Z","2026_03_NYJ_DET","07f552badfa8a565d1be22123713e4da","2026-09-27T17:00:00Z","player_pass_interceptions","Geno Smith",5,0.5,0.520304568527919,0.5,0.5,0.5,NA
"2026-09-27T16:00:00Z","2026_03_NYJ_DET","07f552badfa8a565d1be22123713e4da","2026-09-27T17:00:00Z","player_pass_interceptions","Jared Goff",5,0.5,0.377531758583746,0.5,0.5,0.5,NA
"2026-09-27T16:00:00Z","2026_03_NYJ_DET","07f552badfa8a565d1be22123713e4da","2026-09-27T17:00:00Z","player_pass_tds","Geno Smith",6,1.5,0.406396317702954,1.5,1.5,1.5,NA
"2026-09-27T16:00:00Z","2026_03_NYJ_DET","07f552badfa8a565d1be22123713e4da","2026-09-27T17:00:00Z","player_pass_tds","Jared Goff",7,2.5,0.364652396287176,2.5,1.5,2.5,NA
"2026-09-27T16:00:00Z","2026_03_NYJ_DET","07f552badfa8a565d1be22123713e4da","2026-09-27T17:00:00Z","player_pass_yds","Geno Smith",6,228.5,0.5,228.5,223.5,231.5,NA
"2026-09-27T16:00:00Z","2026_03_NYJ_DET","07f552badfa8a565d1be22123713e4da","2026-09-27T17:00:00Z","player_pass_yds","Jared Goff",7,260.5,0.5,260.5,257.5,262.5,NA
"2026-09-27T16:00:00Z","2026_03_NYJ_DET","07f552badfa8a565d1be22123713e4da","2026-09-27T17:00:00Z","player_reception_yds","Amon-Ra St. Brown",6,76.5,0.5,76.5,75.5,79.5,NA
"2026-09-27T16:00:00Z","2026_03_NYJ_DET","07f552badfa8a565d1be22123713e4da","2026-09-27T17:00:00Z","player_reception_yds","Breece Hall",5,21.5,0.5,21.5,21.5,23.5,NA
"2026-09-27T16:00:00Z","2026_03_NYJ_DET","07f552badfa8a565d1be22123713e4da","2026-09-27T17:00:00Z","player_reception_yds","Garrett Wilson",6,78,0.5,78,76.5,80.5,NA
"2026-09-27T16:00:00Z","2026_03_NYJ_DET","07f552badfa8a565d1be22123713e4da","2026-09-27T17:00:00Z","player_reception_yds","Isaac TeSlaa",6,15.5,0.49849324975892,15.5,15.5,16.5,NA
"2026-09-27T16:00:00Z","2026_03_NYJ_DET","07f552badfa8a565d1be22123713e4da","2026-09-27T17:00:00Z","player_reception_yds","Isaiah Williams",6,35,0.496840109542869,35,32.5,35.5,NA
"2026-09-27T16:00:00Z","2026_03_NYJ_DET","07f552badfa8a565d1be22123713e4da","2026-09-27T17:00:00Z","player_reception_yds","Jahmyr Gibbs",7,35.5,0.5,35.5,34.5,37.5,NA
"2026-09-27T16:00:00Z","2026_03_NYJ_DET","07f552badfa8a565d1be22123713e4da","2026-09-27T17:00:00Z","player_reception_yds","Jameson Williams",6,53.5,0.5,53.5,52.5,57.5,NA
"2026-09-27T16:00:00Z","2026_03_NYJ_DET","07f552badfa8a565d1be22123713e4da","2026-09-27T17:00:00Z","player_reception_yds","Jeremy Ruckert",4,8.5,0.5,8.5,8.5,8.5,NA
"2026-09-27T16:00:00Z","2026_03_NYJ_DET","07f552badfa8a565d1be22123713e4da","2026-09-27T17:00:00Z","player_reception_yds","Kenyon Sadiq",6,31.5,0.5,31.5,30.5,32.5,NA
"2026-09-27T16:00:00Z","2026_03_NYJ_DET","07f552badfa8a565d1be22123713e4da","2026-09-27T17:00:00Z","player_reception_yds","Sam LaPorta",6,47.5,0.5,47.5,45.5,48.5,NA
"2026-09-27T16:00:00Z","2026_03_NYJ_DET","07f552badfa8a565d1be22123713e4da","2026-09-27T17:00:00Z","player_receptions","Amon-Ra St. Brown",5,7.5,0.466910272025985,7.5,6.5,7.5,NA
"2026-09-27T16:00:00Z","2026_03_NYJ_DET","07f552badfa8a565d1be22123713e4da","2026-09-27T17:00:00Z","player_receptions","Breece Hall",4,3.5,0.424076813937843,3.5,3.5,3.5,NA
"2026-09-27T16:00:00Z","2026_03_NYJ_DET","07f552badfa8a565d1be22123713e4da","2026-09-27T17:00:00Z","player_receptions","Garrett Wilson",5,6.5,0.49792255276716,6.5,5.5,6.5,NA
"2026-09-27T16:00:00Z","2026_03_NYJ_DET","07f552badfa8a565d1be22123713e4da","2026-09-27T17:00:00Z","player_receptions","Isaac TeSlaa",5,1.5,0.427236315086782,1.5,1.5,1.5,NA
"2026-09-27T16:00:00Z","2026_03_NYJ_DET","07f552badfa8a565d1be22123713e4da","2026-09-27T17:00:00Z","player_receptions","Isaiah Williams",5,3.5,0.465346534653465,3.5,3.5,3.5,NA
"2026-09-27T16:00:00Z","2026_03_NYJ_DET","07f552badfa8a565d1be22123713e4da","2026-09-27T17:00:00Z","player_receptions","Jahmyr Gibbs",5,4.5,0.469387755102041,4.5,4.5,4.5,NA
"2026-09-27T16:00:00Z","2026_03_NYJ_DET","07f552badfa8a565d1be22123713e4da","2026-09-27T17:00:00Z","player_receptions","Jameson Williams",5,3.5,0.552733296521259,3.5,3.5,3.5,NA
"2026-09-27T16:00:00Z","2026_03_NYJ_DET","07f552badfa8a565d1be22123713e4da","2026-09-27T17:00:00Z","player_receptions","Jeremy Ruckert",3,1.5,0.329411764705882,1.5,0.5,1.5,NA
"2026-09-27T16:00:00Z","2026_03_NYJ_DET","07f552badfa8a565d1be22123713e4da","2026-09-27T17:00:00Z","player_receptions","Kenyon Sadiq",5,3.5,0.467741935483871,3.5,2.5,3.5,NA
"2026-09-27T16:00:00Z","2026_03_NYJ_DET","07f552badfa8a565d1be22123713e4da","2026-09-27T17:00:00Z","player_receptions","Sam LaPorta",6,4.5,0.5,4.5,4.5,4.5,NA
"2026-09-27T16:00:00Z","2026_03_NYJ_DET","07f552badfa8a565d1be22123713e4da","2026-09-27T17:00:00Z","player_rush_attempts","Breece Hall",4,14.5,0.519531974108882,14.5,14.5,14.5,NA
"2026-09-27T16:00:00Z","2026_03_NYJ_DET","07f552badfa8a565d1be22123713e4da","2026-09-27T17:00:00Z","player_rush_attempts","Jahmyr Gibbs",4,18.5,0.505060728744939,18.5,18.5,18.5,NA
"2026-09-27T16:00:00Z","2026_03_NYJ_DET","07f552badfa8a565d1be22123713e4da","2026-09-27T17:00:00Z","player_rush_yds","Braelon Allen",5,16.5,0.507987220447284,16.5,16.5,17.5,NA
"2026-09-27T16:00:00Z","2026_03_NYJ_DET","07f552badfa8a565d1be22123713e4da","2026-09-27T17:00:00Z","player_rush_yds","Breece Hall",5,60.5,0.5,60.5,58.5,60.5,NA
"2026-09-27T16:00:00Z","2026_03_NYJ_DET","07f552badfa8a565d1be22123713e4da","2026-09-27T17:00:00Z","player_rush_yds","Geno Smith",5,11.5,0.5,11.5,11.5,11.5,NA
"2026-09-27T16:00:00Z","2026_03_NYJ_DET","07f552badfa8a565d1be22123713e4da","2026-09-27T17:00:00Z","player_rush_yds","Jahmyr Gibbs",7,89.5,0.5,89.5,85.5,91.5,NA
"2026-09-27T16:00:00Z","2026_03_NYJ_DET","07f552badfa8a565d1be22123713e4da","2026-09-27T17:00:00Z","player_rush_yds","Jared Goff",4,0.5,0.469263873768864,0.5,0.5,0.5,NA
"2026-09-27T16:00:00Z","2026_03_NYJ_DET","07f552badfa8a565d1be22123713e4da","2026-09-27T17:00:00Z","player_rush_yds","Sione Vaki",5,10.5,0.496904663640116,10.5,10.5,10.5,NA
"2026-09-28T23:15:00Z","2026_03_PHI_CHI","47dc7baa254659f3beb2ed2b38c207b6","2026-09-29T00:15:00Z","player_pass_attempts","Case Keenum",3,28.5,0.487684729064039,28.5,28.5,28.5,NA
"2026-09-28T23:15:00Z","2026_03_PHI_CHI","47dc7baa254659f3beb2ed2b38c207b6","2026-09-29T00:15:00Z","player_pass_attempts","Jalen Hurts",5,28.5,0.489878542510122,28.5,28.5,28.5,NA
"2026-09-28T23:15:00Z","2026_03_PHI_CHI","47dc7baa254659f3beb2ed2b38c207b6","2026-09-29T00:15:00Z","player_pass_interceptions","Case Keenum",4,0.5,0.562988975016711,0.5,0.5,0.5,NA
"2026-09-28T23:15:00Z","2026_03_PHI_CHI","47dc7baa254659f3beb2ed2b38c207b6","2026-09-29T00:15:00Z","player_pass_interceptions","Jalen Hurts",5,0.5,0.408011869436202,0.5,0.5,0.5,NA
"2026-09-28T23:15:00Z","2026_03_PHI_CHI","47dc7baa254659f3beb2ed2b38c207b6","2026-09-29T00:15:00Z","player_pass_tds","Case Keenum",6,0.5,0.653728953914584,0.5,0.5,0.5,NA
"2026-09-28T23:15:00Z","2026_03_PHI_CHI","47dc7baa254659f3beb2ed2b38c207b6","2026-09-29T00:15:00Z","player_pass_tds","Jalen Hurts",7,1.5,0.418674460857888,1.5,1.5,1.5,NA
"2026-09-28T23:15:00Z","2026_03_PHI_CHI","47dc7baa254659f3beb2ed2b38c207b6","2026-09-29T00:15:00Z","player_pass_yds","Case Keenum",6,170,0.498947058080276,170,169.5,174.5,NA
"2026-09-28T23:15:00Z","2026_03_PHI_CHI","47dc7baa254659f3beb2ed2b38c207b6","2026-09-29T00:15:00Z","player_pass_yds","Jalen Hurts",7,215.5,0.5,215.5,213.5,218.5,NA
"2026-09-28T23:15:00Z","2026_03_PHI_CHI","47dc7baa254659f3beb2ed2b38c207b6","2026-09-29T00:15:00Z","player_reception_yds","Cole Kmet",6,8.5,0.494328455467962,8.5,8.5,9.5,NA
"2026-09-28T23:15:00Z","2026_03_PHI_CHI","47dc7baa254659f3beb2ed2b38c207b6","2026-09-29T00:15:00Z","player_reception_yds","Colston Loveland",6,33,0.5,33,31.5,34.5,NA
"2026-09-28T23:15:00Z","2026_03_PHI_CHI","47dc7baa254659f3beb2ed2b38c207b6","2026-09-29T00:15:00Z","player_reception_yds","D'Andre Swift",6,14.5,0.5,14.5,12.5,15.5,NA
"2026-09-28T23:15:00Z","2026_03_PHI_CHI","47dc7baa254659f3beb2ed2b38c207b6","2026-09-29T00:15:00Z","player_reception_yds","Darius Cooper",3,2.5,0.5,2.5,0.5,5.5,NA
"2026-09-28T23:15:00Z","2026_03_PHI_CHI","47dc7baa254659f3beb2ed2b38c207b6","2026-09-29T00:15:00Z","player_reception_yds","DeVonta Smith",7,71.5,0.5,71.5,70.5,73.5,NA
"2026-09-28T23:15:00Z","2026_03_PHI_CHI","47dc7baa254659f3beb2ed2b38c207b6","2026-09-29T00:15:00Z","player_reception_yds","Dontayvion Wicks",6,42.5,0.5,42.5,41.5,44.5,NA
"2026-09-28T23:15:00Z","2026_03_PHI_CHI","47dc7baa254659f3beb2ed2b38c207b6","2026-09-29T00:15:00Z","player_reception_yds","Johnny Mundt",6,9.5,0.502579872863865,9.5,9.5,10.5,NA
"2026-09-28T23:15:00Z","2026_03_PHI_CHI","47dc7baa254659f3beb2ed2b38c207b6","2026-09-29T00:15:00Z","player_reception_yds","Kalif Raymond",6,23,0.49849324975892,23,21.5,23.5,NA
"2026-09-28T23:15:00Z","2026_03_PHI_CHI","47dc7baa254659f3beb2ed2b38c207b6","2026-09-29T00:15:00Z","player_reception_yds","Kyle Monangai",5,8.5,0.5,8.5,8.5,8.5,NA
"2026-09-28T23:15:00Z","2026_03_PHI_CHI","47dc7baa254659f3beb2ed2b38c207b6","2026-09-29T00:15:00Z","player_reception_yds","Luther Burden III",6,36.5,0.5,36.5,33.5,36.5,NA
"2026-09-28T23:15:00Z","2026_03_PHI_CHI","47dc7baa254659f3beb2ed2b38c207b6","2026-09-29T00:15:00Z","player_reception_yds","Makai Lemon",6,28,0.5,28,26.5,28.5,NA
"2026-09-28T23:15:00Z","2026_03_PHI_CHI","47dc7baa254659f3beb2ed2b38c207b6","2026-09-29T00:15:00Z","player_reception_yds","Rome Odunze",6,26.5,0.5,26.5,24.5,26.5,NA
"2026-09-28T23:15:00Z","2026_03_PHI_CHI","47dc7baa254659f3beb2ed2b38c207b6","2026-09-29T00:15:00Z","player_reception_yds","Saquon Barkley",6,13,0.505671544532038,13,11.5,13.5,NA
"2026-09-28T23:15:00Z","2026_03_PHI_CHI","47dc7baa254659f3beb2ed2b38c207b6","2026-09-29T00:15:00Z","player_reception_yds","Will Shipley",1,2.5,0.476141078838174,2.5,2.5,2.5,NA
"2026-09-28T23:15:00Z","2026_03_PHI_CHI","47dc7baa254659f3beb2ed2b38c207b6","2026-09-29T00:15:00Z","player_reception_yds","Zach Ertz",6,10.5,0.5,10.5,10.5,11.5,NA
"2026-09-28T23:15:00Z","2026_03_PHI_CHI","47dc7baa254659f3beb2ed2b38c207b6","2026-09-29T00:15:00Z","player_receptions","Cole Kmet",5,1.5,0.419943250912039,1.5,1.5,1.5,NA
"2026-09-28T23:15:00Z","2026_03_PHI_CHI","47dc7baa254659f3beb2ed2b38c207b6","2026-09-29T00:15:00Z","player_receptions","Colston Loveland",5,3.5,0.445859872611465,3.5,3.5,3.5,NA
"2026-09-28T23:15:00Z","2026_03_PHI_CHI","47dc7baa254659f3beb2ed2b38c207b6","2026-09-29T00:15:00Z","player_receptions","D'Andre Swift",5,2.5,0.417693563358192,2.5,2.5,2.5,NA
"2026-09-28T23:15:00Z","2026_03_PHI_CHI","47dc7baa254659f3beb2ed2b38c207b6","2026-09-29T00:15:00Z","player_receptions","Darius Cooper",3,0.5,0.532258064516129,0.5,0.5,0.5,NA
"2026-09-28T23:15:00Z","2026_03_PHI_CHI","47dc7baa254659f3beb2ed2b38c207b6","2026-09-29T00:15:00Z","player_receptions","DeVonta Smith",5,5.5,0.5,5.5,5.5,5.5,NA
"2026-09-28T23:15:00Z","2026_03_PHI_CHI","47dc7baa254659f3beb2ed2b38c207b6","2026-09-29T00:15:00Z","player_receptions","Dontayvion Wicks",6,3.5,0.408736538208956,3.5,3.5,3.5,NA
"2026-09-28T23:15:00Z","2026_03_PHI_CHI","47dc7baa254659f3beb2ed2b38c207b6","2026-09-29T00:15:00Z","player_receptions","Johnny Mundt",5,1.5,0.417061611374408,1.5,1.5,1.5,NA
"2026-09-28T23:15:00Z","2026_03_PHI_CHI","47dc7baa254659f3beb2ed2b38c207b6","2026-09-29T00:15:00Z","player_receptions","Kalif Raymond",5,2.5,0.510121457489879,2.5,2.5,2.5,NA
"2026-09-28T23:15:00Z","2026_03_PHI_CHI","47dc7baa254659f3beb2ed2b38c207b6","2026-09-29T00:15:00Z","player_receptions","Kyle Monangai",4,1.5,0.429858379053438,1.5,1.5,1.5,NA
"2026-09-28T23:15:00Z","2026_03_PHI_CHI","47dc7baa254659f3beb2ed2b38c207b6","2026-09-29T00:15:00Z","player_receptions","Luther Burden III",5,3.5,0.464037122969838,3.5,3.5,3.5,NA
"2026-09-28T23:15:00Z","2026_03_PHI_CHI","47dc7baa254659f3beb2ed2b38c207b6","2026-09-29T00:15:00Z","player_receptions","Makai Lemon",5,2.5,0.540791402051783,2.5,2.5,2.5,NA
"2026-09-28T23:15:00Z","2026_03_PHI_CHI","47dc7baa254659f3beb2ed2b38c207b6","2026-09-29T00:15:00Z","player_receptions","Rome Odunze",5,2.5,0.445859872611465,2.5,2.5,2.5,NA
"2026-09-28T23:15:00Z","2026_03_PHI_CHI","47dc7baa254659f3beb2ed2b38c207b6","2026-09-29T00:15:00Z","player_receptions","Saquon Barkley",5,2.5,0.395970823202501,2.5,2.5,2.5,NA
"2026-09-28T23:15:00Z","2026_03_PHI_CHI","47dc7baa254659f3beb2ed2b38c207b6","2026-09-29T00:15:00Z","player_receptions","Zach Ertz",5,1.5,0.5,1.5,1.5,1.5,NA
"2026-09-28T23:15:00Z","2026_03_PHI_CHI","47dc7baa254659f3beb2ed2b38c207b6","2026-09-29T00:15:00Z","player_rush_attempts","D'Andre Swift",2,15.5,0.463059434987101,15.5,15.5,15.5,NA
"2026-09-28T23:15:00Z","2026_03_PHI_CHI","47dc7baa254659f3beb2ed2b38c207b6","2026-09-29T00:15:00Z","player_rush_attempts","Jalen Hurts",3,6.5,0.512482836100362,6.5,6.5,6.5,NA
"2026-09-28T23:15:00Z","2026_03_PHI_CHI","47dc7baa254659f3beb2ed2b38c207b6","2026-09-29T00:15:00Z","player_rush_attempts","Kyle Monangai",3,9.5,0.50207744723284,9.5,9.5,9.5,NA
"2026-09-28T23:15:00Z","2026_03_PHI_CHI","47dc7baa254659f3beb2ed2b38c207b6","2026-09-29T00:15:00Z","player_rush_attempts","Saquon Barkley",4,17.5,0.508177935727483,17.5,16.5,17.5,NA
"2026-09-28T23:15:00Z","2026_03_PHI_CHI","47dc7baa254659f3beb2ed2b38c207b6","2026-09-29T00:15:00Z","player_rush_yds","Case Keenum",5,2.5,0.494976691850185,2.5,2.5,2.5,NA
"2026-09-28T23:15:00Z","2026_03_PHI_CHI","47dc7baa254659f3beb2ed2b38c207b6","2026-09-29T00:15:00Z","player_rush_yds","D'Andre Swift",6,61,0.5,61,60.5,63.5,NA
"2026-09-28T23:15:00Z","2026_03_PHI_CHI","47dc7baa254659f3beb2ed2b38c207b6","2026-09-29T00:15:00Z","player_rush_yds","Jalen Hurts",7,25.5,0.5,25.5,23.5,26.5,NA
"2026-09-28T23:15:00Z","2026_03_PHI_CHI","47dc7baa254659f3beb2ed2b38c207b6","2026-09-29T00:15:00Z","player_rush_yds","Kyle Monangai",6,38.5,0.501547668179942,38.5,38.5,40.5,NA
"2026-09-28T23:15:00Z","2026_03_PHI_CHI","47dc7baa254659f3beb2ed2b38c207b6","2026-09-29T00:15:00Z","player_rush_yds","Saquon Barkley",6,73,0.5,73,72.5,74.5,NA
"2026-09-28T23:15:00Z","2026_03_PHI_CHI","47dc7baa254659f3beb2ed2b38c207b6","2026-09-29T00:15:00Z","player_rush_yds","Tank Bigsby",6,12.5,0.5,12.5,12.5,13.5,NA
"2026-09-27T16:00:00Z","2026_03_SEA_WAS","2a529c108305ffa049d8b6cfdbaa4d36","2026-09-27T17:00:00Z","player_pass_attempts","Marcus Mariota",5,29.5,0.512482836100362,29.5,28.5,29.5,NA
"2026-09-27T16:00:00Z","2026_03_SEA_WAS","2a529c108305ffa049d8b6cfdbaa4d36","2026-09-27T17:00:00Z","player_pass_attempts","Sam Darnold",4,28.5,0.489847715736041,28.5,27.5,28.5,NA
"2026-09-27T16:00:00Z","2026_03_SEA_WAS","2a529c108305ffa049d8b6cfdbaa4d36","2026-09-27T17:00:00Z","player_pass_interceptions","Marcus Mariota",4,0.5,0.569763216778048,0.5,0.5,0.5,NA
"2026-09-27T16:00:00Z","2026_03_SEA_WAS","2a529c108305ffa049d8b6cfdbaa4d36","2026-09-27T17:00:00Z","player_pass_interceptions","Sam Darnold",5,0.5,0.447266703478741,0.5,0.5,0.5,NA
"2026-09-27T16:00:00Z","2026_03_SEA_WAS","2a529c108305ffa049d8b6cfdbaa4d36","2026-09-27T17:00:00Z","player_pass_tds","Marcus Mariota",7,0.5,0.606265876375953,0.5,0.5,0.5,NA
"2026-09-27T16:00:00Z","2026_03_SEA_WAS","2a529c108305ffa049d8b6cfdbaa4d36","2026-09-27T17:00:00Z","player_pass_tds","Sam Darnold",6,1.5,0.469387755102041,1.5,1.5,1.5,NA
"2026-09-27T16:00:00Z","2026_03_SEA_WAS","2a529c108305ffa049d8b6cfdbaa4d36","2026-09-27T17:00:00Z","player_pass_yds","Marcus Mariota",7,171.5,0.5,171.5,164.5,174.5,NA
"2026-09-27T16:00:00Z","2026_03_SEA_WAS","2a529c108305ffa049d8b6cfdbaa4d36","2026-09-27T17:00:00Z","player_pass_yds","Sam Darnold",6,220.5,0.5,220.5,219.5,224.5,NA
"2026-09-27T16:00:00Z","2026_03_SEA_WAS","2a529c108305ffa049d8b6cfdbaa4d36","2026-09-27T17:00:00Z","player_reception_yds","AJ Barner",6,20.5,0.497893850042123,20.5,19.5,22.5,NA
"2026-09-27T16:00:00Z","2026_03_SEA_WAS","2a529c108305ffa049d8b6cfdbaa4d36","2026-09-27T17:00:00Z","player_reception_yds","Antonio Williams",6,14.5,0.5,14.5,13.5,15.5,NA
"2026-09-27T16:00:00Z","2026_03_SEA_WAS","2a529c108305ffa049d8b6cfdbaa4d36","2026-09-27T17:00:00Z","player_reception_yds","Cooper Kupp",6,20.5,0.491904667052814,20.5,19.5,22.5,NA
"2026-09-27T16:00:00Z","2026_03_SEA_WAS","2a529c108305ffa049d8b6cfdbaa4d36","2026-09-27T17:00:00Z","player_reception_yds","Dyami Brown",4,9,0.494939271255061,9,8.5,10.5,NA
"2026-09-27T16:00:00Z","2026_03_SEA_WAS","2a529c108305ffa049d8b6cfdbaa4d36","2026-09-27T17:00:00Z","player_reception_yds","Elijah Arroyo",6,5,0.497384937238494,5,4.5,5.5,NA
"2026-09-27T16:00:00Z","2026_03_SEA_WAS","2a529c108305ffa049d8b6cfdbaa4d36","2026-09-27T17:00:00Z","player_reception_yds","Jadarian Price",4,8.5,0.492316587226826,8.5,8.5,9.5,NA
"2026-09-27T16:00:00Z","2026_03_SEA_WAS","2a529c108305ffa049d8b6cfdbaa4d36","2026-09-27T17:00:00Z","player_reception_yds","Jaxon Smith-Njigba",7,91.5,0.5,91.5,90.5,94.5,NA
"2026-09-27T16:00:00Z","2026_03_SEA_WAS","2a529c108305ffa049d8b6cfdbaa4d36","2026-09-27T17:00:00Z","player_reception_yds","Rachaad White",6,15.5,0.501052941919724,15.5,14.5,16.5,NA
"2026-09-27T16:00:00Z","2026_03_SEA_WAS","2a529c108305ffa049d8b6cfdbaa4d36","2026-09-27T17:00:00Z","player_reception_yds","Rashid Shaheed",6,28.5,0.5,28.5,27.5,29.5,NA
"2026-09-27T16:00:00Z","2026_03_SEA_WAS","2a529c108305ffa049d8b6cfdbaa4d36","2026-09-27T17:00:00Z","player_reception_yds","Stefon Diggs",6,34.5,0.50366200719846,34.5,33.5,35.5,NA
"2026-09-27T16:00:00Z","2026_03_SEA_WAS","2a529c108305ffa049d8b6cfdbaa4d36","2026-09-27T17:00:00Z","player_reception_yds","Terry McLaurin",6,41.5,0.5,41.5,41.5,42.5,NA
"2026-09-27T16:00:00Z","2026_03_SEA_WAS","2a529c108305ffa049d8b6cfdbaa4d36","2026-09-27T17:00:00Z","player_reception_yds","Tory Horton",1,0.5,0.424836601307189,0.5,0.5,0.5,NA
"2026-09-27T16:00:00Z","2026_03_SEA_WAS","2a529c108305ffa049d8b6cfdbaa4d36","2026-09-27T17:00:00Z","player_receptions","AJ Barner",5,2.5,0.487684729064039,2.5,2.5,2.5,NA
"2026-09-27T16:00:00Z","2026_03_SEA_WAS","2a529c108305ffa049d8b6cfdbaa4d36","2026-09-27T17:00:00Z","player_receptions","Antonio Williams",5,1.5,0.582967515364355,1.5,1.5,1.5,NA
"2026-09-27T16:00:00Z","2026_03_SEA_WAS","2a529c108305ffa049d8b6cfdbaa4d36","2026-09-27T17:00:00Z","player_receptions","Cooper Kupp",5,2.5,0.393258426966292,2.5,1.5,2.5,NA
"2026-09-27T16:00:00Z","2026_03_SEA_WAS","2a529c108305ffa049d8b6cfdbaa4d36","2026-09-27T17:00:00Z","player_receptions","Dyami Brown",3,1.5,0.398695179412831,1.5,1.5,1.5,NA
"2026-09-27T16:00:00Z","2026_03_SEA_WAS","2a529c108305ffa049d8b6cfdbaa4d36","2026-09-27T17:00:00Z","player_receptions","Elijah Arroyo",5,0.5,0.578971324533455,0.5,0.5,0.5,NA
"2026-09-27T16:00:00Z","2026_03_SEA_WAS","2a529c108305ffa049d8b6cfdbaa4d36","2026-09-27T17:00:00Z","player_receptions","Jadarian Price",4,1.5,0.508331597583837,1.5,1.5,1.5,NA
"2026-09-27T16:00:00Z","2026_03_SEA_WAS","2a529c108305ffa049d8b6cfdbaa4d36","2026-09-27T17:00:00Z","player_receptions","Jaxon Smith-Njigba",6,6.5,0.519093992778203,6.5,6.5,6.5,NA
"2026-09-27T16:00:00Z","2026_03_SEA_WAS","2a529c108305ffa049d8b6cfdbaa4d36","2026-09-27T17:00:00Z","player_receptions","Rachaad White",4,2.5,0.51121836421292,2.5,2.5,2.5,NA
"2026-09-27T16:00:00Z","2026_03_SEA_WAS","2a529c108305ffa049d8b6cfdbaa4d36","2026-09-27T17:00:00Z","player_receptions","Rashid Shaheed",5,2.5,0.477342945417096,2.5,2.5,2.5,NA
"2026-09-27T16:00:00Z","2026_03_SEA_WAS","2a529c108305ffa049d8b6cfdbaa4d36","2026-09-27T17:00:00Z","player_receptions","Stefon Diggs",5,3.5,0.563318777292576,3.5,3.5,3.5,NA
"2026-09-27T16:00:00Z","2026_03_SEA_WAS","2a529c108305ffa049d8b6cfdbaa4d36","2026-09-27T17:00:00Z","player_receptions","Terry McLaurin",5,3.5,0.489602395608052,3.5,3.5,3.5,NA
"2026-09-27T16:00:00Z","2026_03_SEA_WAS","2a529c108305ffa049d8b6cfdbaa4d36","2026-09-27T17:00:00Z","player_rush_attempts","Jacory Croskey-Merritt",2,10.5,0.496937000892876,10.5,10.5,10.5,NA
"2026-09-27T16:00:00Z","2026_03_SEA_WAS","2a529c108305ffa049d8b6cfdbaa4d36","2026-09-27T17:00:00Z","player_rush_attempts","Jadarian Price",2,13.5,0.513443230805199,13.5,13.5,13.5,NA
"2026-09-27T16:00:00Z","2026_03_SEA_WAS","2a529c108305ffa049d8b6cfdbaa4d36","2026-09-27T17:00:00Z","player_rush_attempts","Rachaad White",1,6.5,0.403458213256484,6.5,6.5,6.5,NA
"2026-09-27T16:00:00Z","2026_03_SEA_WAS","2a529c108305ffa049d8b6cfdbaa4d36","2026-09-27T17:00:00Z","player_rush_yds","Emanuel Wilson",6,30,0.5,30,29.5,31.5,NA
"2026-09-27T16:00:00Z","2026_03_SEA_WAS","2a529c108305ffa049d8b6cfdbaa4d36","2026-09-27T17:00:00Z","player_rush_yds","Jacory Croskey-Merritt",6,38,0.5,38,37.5,39.5,NA
"2026-09-27T16:00:00Z","2026_03_SEA_WAS","2a529c108305ffa049d8b6cfdbaa4d36","2026-09-27T17:00:00Z","player_rush_yds","Jadarian Price",5,54.5,0.5,54.5,52.5,56.5,NA
"2026-09-27T16:00:00Z","2026_03_SEA_WAS","2a529c108305ffa049d8b6cfdbaa4d36","2026-09-27T17:00:00Z","player_rush_yds","Marcus Mariota",6,23.5,0.496006389776358,23.5,22.5,24.5,NA
"2026-09-27T16:00:00Z","2026_03_SEA_WAS","2a529c108305ffa049d8b6cfdbaa4d36","2026-09-27T17:00:00Z","player_rush_yds","Rachaad White",7,19.5,0.5,19.5,19.5,20.5,NA
"2026-09-27T16:00:00Z","2026_03_SEA_WAS","2a529c108305ffa049d8b6cfdbaa4d36","2026-09-27T17:00:00Z","player_rush_yds","Sam Darnold",3,6.5,0.5,6.5,6.5,6.5,NA
"2026-09-27T16:00:00Z","2026_03_TEN_NYG","555afd4a27aaa392662881cffa8f2eef","2026-09-27T17:00:00Z","player_pass_attempts","Cam Ward",5,30.5,0.489878542510122,30.5,29.5,30.5,NA
"2026-09-27T16:00:00Z","2026_03_TEN_NYG","555afd4a27aaa392662881cffa8f2eef","2026-09-27T17:00:00Z","player_pass_attempts","Jameis Winston",4,29.5,0.509218214297677,29.5,29.5,30.5,NA
"2026-09-27T16:00:00Z","2026_03_TEN_NYG","555afd4a27aaa392662881cffa8f2eef","2026-09-27T17:00:00Z","player_pass_interceptions","Cam Ward",5,0.5,0.462008248730964,0.5,0.5,0.5,NA
"2026-09-27T16:00:00Z","2026_03_TEN_NYG","555afd4a27aaa392662881cffa8f2eef","2026-09-27T17:00:00Z","player_pass_interceptions","Jameis Winston",5,0.5,0.591527987897126,0.5,0.5,0.5,NA
"2026-09-27T16:00:00Z","2026_03_TEN_NYG","555afd4a27aaa392662881cffa8f2eef","2026-09-27T17:00:00Z","player_pass_tds","Cam Ward",7,0.5,0.623115577889447,0.5,0.5,0.5,NA
"2026-09-27T16:00:00Z","2026_03_TEN_NYG","555afd4a27aaa392662881cffa8f2eef","2026-09-27T17:00:00Z","player_pass_tds","Jameis Winston",6,0.5,0.665241229064121,0.5,0.5,1.5,NA
"2026-09-27T16:00:00Z","2026_03_TEN_NYG","555afd4a27aaa392662881cffa8f2eef","2026-09-27T17:00:00Z","player_pass_yds","Cam Ward",7,176.5,0.5,176.5,174.5,182.5,NA
"2026-09-27T16:00:00Z","2026_03_TEN_NYG","555afd4a27aaa392662881cffa8f2eef","2026-09-27T17:00:00Z","player_pass_yds","Jameis Winston",6,199,0.5,199,196.5,200.5,NA
"2026-09-27T16:00:00Z","2026_03_TEN_NYG","555afd4a27aaa392662881cffa8f2eef","2026-09-27T17:00:00Z","player_reception_yds","Calvin Ridley",6,14.5,0.504101722723544,14.5,13.5,15.5,NA
"2026-09-27T16:00:00Z","2026_03_TEN_NYG","555afd4a27aaa392662881cffa8f2eef","2026-09-27T17:00:00Z","player_reception_yds","Cam Skattebo",6,13.5,0.5,13.5,12.5,13.5,NA
"2026-09-27T16:00:00Z","2026_03_TEN_NYG","555afd4a27aaa392662881cffa8f2eef","2026-09-27T17:00:00Z","player_reception_yds","Carnell Tate",6,39,0.497893850042123,39,38.5,39.5,NA
"2026-09-27T16:00:00Z","2026_03_TEN_NYG","555afd4a27aaa392662881cffa8f2eef","2026-09-27T17:00:00Z","player_reception_yds","Darnell Mooney",6,17.5,0.5,17.5,15.5,17.5,NA
"2026-09-27T16:00:00Z","2026_03_TEN_NYG","555afd4a27aaa392662881cffa8f2eef","2026-09-27T17:00:00Z","player_reception_yds","Elic Ayomanor",6,13.5,0.5,13.5,13.5,15.5,NA
"2026-09-27T16:00:00Z","2026_03_TEN_NYG","555afd4a27aaa392662881cffa8f2eef","2026-09-27T17:00:00Z","player_reception_yds","Gunnar Helm",6,21,0.5,21,20.5,22.5,NA
"2026-09-27T16:00:00Z","2026_03_TEN_NYG","555afd4a27aaa392662881cffa8f2eef","2026-09-27T17:00:00Z","player_reception_yds","Isaiah Likely",6,41.5,0.5,41.5,39.5,41.5,NA
"2026-09-27T16:00:00Z","2026_03_TEN_NYG","555afd4a27aaa392662881cffa8f2eef","2026-09-27T17:00:00Z","player_reception_yds","Malachi Fields",6,22.5,0.5,22.5,20.5,24.5,NA
"2026-09-27T16:00:00Z","2026_03_TEN_NYG","555afd4a27aaa392662881cffa8f2eef","2026-09-27T17:00:00Z","player_reception_yds","Malik Nabers",6,53.5,0.5,53.5,52.5,54.5,NA
"2026-09-27T16:00:00Z","2026_03_TEN_NYG","555afd4a27aaa392662881cffa8f2eef","2026-09-27T17:00:00Z","player_reception_yds","Tony Pollard",6,6.5,0.5,6.5,4.5,7.5,NA
"2026-09-27T16:00:00Z","2026_03_TEN_NYG","555afd4a27aaa392662881cffa8f2eef","2026-09-27T17:00:00Z","player_reception_yds","Tyjae Spears",2,11.5,0.502106149957877,11.5,11.5,11.5,NA
"2026-09-27T16:00:00Z","2026_03_TEN_NYG","555afd4a27aaa392662881cffa8f2eef","2026-09-27T17:00:00Z","player_reception_yds","Wan'Dale Robinson",7,30.5,0.5,30.5,30.5,31.5,NA
"2026-09-27T16:00:00Z","2026_03_TEN_NYG","555afd4a27aaa392662881cffa8f2eef","2026-09-27T17:00:00Z","player_receptions","Calvin Ridley",5,1.5,0.417117748200981,1.5,1.5,1.5,NA
"2026-09-27T16:00:00Z","2026_03_TEN_NYG","555afd4a27aaa392662881cffa8f2eef","2026-09-27T17:00:00Z","player_receptions","Cam Skattebo",5,2.5,0.399315459212778,2.5,1.5,2.5,NA
"2026-09-27T16:00:00Z","2026_03_TEN_NYG","555afd4a27aaa392662881cffa8f2eef","2026-09-27T17:00:00Z","player_receptions","Carnell Tate",5,3.5,0.479695431472081,3.5,3.5,3.5,NA
"2026-09-27T16:00:00Z","2026_03_TEN_NYG","555afd4a27aaa392662881cffa8f2eef","2026-09-27T17:00:00Z","player_receptions","Darnell Mooney",5,1.5,0.483336804832327,1.5,1.5,1.5,NA
"2026-09-27T16:00:00Z","2026_03_TEN_NYG","555afd4a27aaa392662881cffa8f2eef","2026-09-27T17:00:00Z","player_receptions","Elic Ayomanor",5,1.5,0.424836601307189,1.5,1.5,1.5,NA
"2026-09-27T16:00:00Z","2026_03_TEN_NYG","555afd4a27aaa392662881cffa8f2eef","2026-09-27T17:00:00Z","player_receptions","Gunnar Helm",5,2.5,0.520304568527919,2.5,2.5,2.5,NA
"2026-09-27T16:00:00Z","2026_03_TEN_NYG","555afd4a27aaa392662881cffa8f2eef","2026-09-27T17:00:00Z","player_receptions","Isaiah Likely",5,3.5,0.562659172740845,3.5,3.5,4.5,NA
"2026-09-27T16:00:00Z","2026_03_TEN_NYG","555afd4a27aaa392662881cffa8f2eef","2026-09-27T17:00:00Z","player_receptions","Malachi Fields",5,2.5,0.390946502057613,2.5,1.5,2.5,NA
"2026-09-27T16:00:00Z","2026_03_TEN_NYG","555afd4a27aaa392662881cffa8f2eef","2026-09-27T17:00:00Z","player_receptions","Malik Nabers",5,4.5,0.474389444353385,4.5,4.5,4.5,NA
"2026-09-27T16:00:00Z","2026_03_TEN_NYG","555afd4a27aaa392662881cffa8f2eef","2026-09-27T17:00:00Z","player_receptions","Tony Pollard",5,1.5,0.375,1.5,1.5,1.5,NA
"2026-09-27T16:00:00Z","2026_03_TEN_NYG","555afd4a27aaa392662881cffa8f2eef","2026-09-27T17:00:00Z","player_receptions","Wan'Dale Robinson",6,3.5,0.488781635787081,3.5,3.5,3.5,NA
"2026-09-27T16:00:00Z","2026_03_TEN_NYG","555afd4a27aaa392662881cffa8f2eef","2026-09-27T17:00:00Z","player_rush_attempts","Cam Skattebo",3,16.5,0.5,16.5,15.5,16.5,NA
"2026-09-27T16:00:00Z","2026_03_TEN_NYG","555afd4a27aaa392662881cffa8f2eef","2026-09-27T17:00:00Z","player_rush_attempts","Tony Pollard",3,14.5,0.510121457489879,14.5,14.5,14.5,NA
"2026-09-27T16:00:00Z","2026_03_TEN_NYG","555afd4a27aaa392662881cffa8f2eef","2026-09-27T17:00:00Z","player_rush_yds","Cam Skattebo",6,60,0.5,60,58.5,61.5,NA
"2026-09-27T16:00:00Z","2026_03_TEN_NYG","555afd4a27aaa392662881cffa8f2eef","2026-09-27T17:00:00Z","player_rush_yds","Cam Ward",7,13.5,0.502105883839447,13.5,10.5,13.5,NA
"2026-09-27T16:00:00Z","2026_03_TEN_NYG","555afd4a27aaa392662881cffa8f2eef","2026-09-27T17:00:00Z","player_rush_yds","Jameis Winston",6,5.5,0.509275158953975,5.5,4.5,5.5,NA
"2026-09-27T16:00:00Z","2026_03_TEN_NYG","555afd4a27aaa392662881cffa8f2eef","2026-09-27T17:00:00Z","player_rush_yds","Najee Harris",6,21,0.497488345925092,21,19.5,21.5,NA
"2026-09-27T16:00:00Z","2026_03_TEN_NYG","555afd4a27aaa392662881cffa8f2eef","2026-09-27T17:00:00Z","player_rush_yds","Tony Pollard",6,59.5,0.5,59.5,56.5,60.5,NA
"2026-09-27T16:00:00Z","2026_03_TEN_NYG","555afd4a27aaa392662881cffa8f2eef","2026-09-27T17:00:00Z","player_rush_yds","Tyjae Spears",1,16.5,0.5,16.5,16.5,16.5,NA
"2026-09-27T16:00:00Z","2026_03_TEN_NYG","555afd4a27aaa392662881cffa8f2eef","2026-09-27T17:00:00Z","player_rush_yds","Tyrone Tracy Jr.",1,15.5,0.5,15.5,15.5,15.5,NA
"2026-09-27T19:05:00Z","2026_03_ARI_SF","9d2b09e0f9b6dd5ce0d985894f4f98fa","2026-09-27T20:05:00Z","player_anytime_td","Bam Knight",3,NA,NA,NA,NA,NA,0.0344827586206897
"2026-09-27T19:05:00Z","2026_03_ARI_SF","9d2b09e0f9b6dd5ce0d985894f4f98fa","2026-09-27T20:05:00Z","player_anytime_td","Brayden Willis",8,NA,NA,NA,NA,NA,0.0476190476190476
"2026-09-27T19:05:00Z","2026_03_ARI_SF","9d2b09e0f9b6dd5ce0d985894f4f98fa","2026-09-27T20:05:00Z","player_anytime_td","Brock Purdy",8,NA,NA,NA,NA,NA,0.272121436504998
"2026-09-27T19:05:00Z","2026_03_ARI_SF","9d2b09e0f9b6dd5ce0d985894f4f98fa","2026-09-27T20:05:00Z","player_anytime_td","Christian McCaffrey",8,NA,NA,NA,NA,NA,0.714285714285714
"2026-09-27T19:05:00Z","2026_03_ARI_SF","9d2b09e0f9b6dd5ce0d985894f4f98fa","2026-09-27T20:05:00Z","player_anytime_td","Deebo Samuel",8,NA,NA,NA,NA,NA,0.354010025062657
"2026-09-27T19:05:00Z","2026_03_ARI_SF","9d2b09e0f9b6dd5ce0d985894f4f98fa","2026-09-27T20:05:00Z","player_anytime_td","Devin Duvernay",8,NA,NA,NA,NA,NA,0.0370879120879121
"2026-09-27T19:05:00Z","2026_03_ARI_SF","9d2b09e0f9b6dd5ce0d985894f4f98fa","2026-09-27T20:05:00Z","player_anytime_td","Elijah Higgins",8,NA,NA,NA,NA,NA,0.0476190476190476
"2026-09-27T19:05:00Z","2026_03_ARI_SF","9d2b09e0f9b6dd5ce0d985894f4f98fa","2026-09-27T20:05:00Z","player_anytime_td","George Kittle",8,NA,NA,NA,NA,NA,0.365138592750533
"2026-09-27T19:05:00Z","2026_03_ARI_SF","9d2b09e0f9b6dd5ce0d985894f4f98fa","2026-09-27T20:05:00Z","player_anytime_td","Hunter Long",7,NA,NA,NA,NA,NA,0.0769230769230769
"2026-09-27T19:05:00Z","2026_03_ARI_SF","9d2b09e0f9b6dd5ce0d985894f4f98fa","2026-09-27T20:05:00Z","player_anytime_td","Jacob Cowing",8,NA,NA,NA,NA,NA,0.111111111111111
"2026-09-27T19:05:00Z","2026_03_ARI_SF","9d2b09e0f9b6dd5ce0d985894f4f98fa","2026-09-27T20:05:00Z","player_anytime_td","Jacoby Brissett",8,NA,NA,NA,NA,NA,0.127016129032258
"2026-09-27T19:05:00Z","2026_03_ARI_SF","9d2b09e0f9b6dd5ce0d985894f4f98fa","2026-09-27T20:05:00Z","player_anytime_td","Jalen Brooks",8,NA,NA,NA,NA,NA,0.0230646871686108
"2026-09-27T19:05:00Z","2026_03_ARI_SF","9d2b09e0f9b6dd5ce0d985894f4f98fa","2026-09-27T20:05:00Z","player_anytime_td","James Jordan",7,NA,NA,NA,NA,NA,0.05
"2026-09-27T19:05:00Z","2026_03_ARI_SF","9d2b09e0f9b6dd5ce0d985894f4f98fa","2026-09-27T20:05:00Z","player_anytime_td","Jeremiyah Love",8,NA,NA,NA,NA,NA,0.385357885357885
"2026-09-27T19:05:00Z","2026_03_ARI_SF","9d2b09e0f9b6dd5ce0d985894f4f98fa","2026-09-27T20:05:00Z","player_anytime_td","Jordan Watkins",7,NA,NA,NA,NA,NA,0.0833333333333333
"2026-09-27T19:05:00Z","2026_03_ARI_SF","9d2b09e0f9b6dd5ce0d985894f4f98fa","2026-09-27T20:05:00Z","player_anytime_td","Kaelon Black",8,NA,NA,NA,NA,NA,0.25
"2026-09-27T19:05:00Z","2026_03_ARI_SF","9d2b09e0f9b6dd5ce0d985894f4f98fa","2026-09-27T20:05:00Z","player_anytime_td","Kendrick Bourne",8,NA,NA,NA,NA,NA,0.135632183908046
"2026-09-27T19:05:00Z","2026_03_ARI_SF","9d2b09e0f9b6dd5ce0d985894f4f98fa","2026-09-27T20:05:00Z","player_anytime_td","KhaDarel Hodge",8,NA,NA,NA,NA,NA,0.106685633001422
"2026-09-27T19:05:00Z","2026_03_ARI_SF","9d2b09e0f9b6dd5ce0d985894f4f98fa","2026-09-27T20:05:00Z","player_anytime_td","Kyle Juszczyk",8,NA,NA,NA,NA,NA,0.133333333333333
"2026-09-27T19:05:00Z","2026_03_ARI_SF","9d2b09e0f9b6dd5ce0d985894f4f98fa","2026-09-27T20:05:00Z","player_anytime_td","Luke Farrell",8,NA,NA,NA,NA,NA,0.0930735930735931
"2026-09-27T19:05:00Z","2026_03_ARI_SF","9d2b09e0f9b6dd5ce0d985894f4f98fa","2026-09-27T20:05:00Z","player_anytime_td","Marvin Harrison Jr.",8,NA,NA,NA,NA,NA,0.215078630897317
"2026-09-27T19:05:00Z","2026_03_ARI_SF","9d2b09e0f9b6dd5ce0d985894f4f98fa","2026-09-27T20:05:00Z","player_anytime_td","Michael Wilson",8,NA,NA,NA,NA,NA,0.272121436504998
"2026-09-27T19:05:00Z","2026_03_ARI_SF","9d2b09e0f9b6dd5ce0d985894f4f98fa","2026-09-27T20:05:00Z","player_anytime_td","Mike Evans",8,NA,NA,NA,NA,NA,0.412414965986395
"2026-09-27T19:05:00Z","2026_03_ARI_SF","9d2b09e0f9b6dd5ce0d985894f4f98fa","2026-09-27T20:05:00Z","player_anytime_td","Simi Fehoko",8,NA,NA,NA,NA,NA,0.0333704115684093
"2026-09-27T19:05:00Z","2026_03_ARI_SF","9d2b09e0f9b6dd5ce0d985894f4f98fa","2026-09-27T20:05:00Z","player_anytime_td","Trey McBride",8,NA,NA,NA,NA,NA,0.365041300293099
"2026-09-27T19:05:00Z","2026_03_ARI_SF","9d2b09e0f9b6dd5ce0d985894f4f98fa","2026-09-27T20:05:00Z","player_anytime_td","Tyler Allgeier",8,NA,NA,NA,NA,NA,0.357142857142857
"2026-09-27T19:05:00Z","2026_03_ARI_SF","9d2b09e0f9b6dd5ce0d985894f4f98fa","2026-09-27T20:05:00Z","player_anytime_td","Zonovan Knight",5,NA,NA,NA,NA,NA,0.0384615384615385
"2026-09-24T23:15:00Z","2026_03_ATL_GB","e5fbd3b3953b896b1bf897ddadb3cc4b","2026-09-25T00:15:00Z","player_anytime_td","Austin Hooper",7,NA,NA,NA,NA,NA,0.0666666666666667
"2026-09-24T23:15:00Z","2026_03_ATL_GB","e5fbd3b3953b896b1bf897ddadb3cc4b","2026-09-25T00:15:00Z","player_anytime_td","Bijan Robinson",7,NA,NA,NA,NA,NA,0.596774193548387
"2026-09-24T23:15:00Z","2026_03_ATL_GB","e5fbd3b3953b896b1bf897ddadb3cc4b","2026-09-25T00:15:00Z","player_anytime_td","Bo Melton",7,NA,NA,NA,NA,NA,0.0909090909090909
"2026-09-24T23:15:00Z","2026_03_ATL_GB","e5fbd3b3953b896b1bf897ddadb3cc4b","2026-09-25T00:15:00Z","player_anytime_td","Brian Robinson Jr.",7,NA,NA,NA,NA,NA,0.196078431372549
"2026-09-24T23:15:00Z","2026_03_ATL_GB","e5fbd3b3953b896b1bf897ddadb3cc4b","2026-09-25T00:15:00Z","player_anytime_td","Charlie Woerner",7,NA,NA,NA,NA,NA,0.0384615384615385
"2026-09-24T23:15:00Z","2026_03_ATL_GB","e5fbd3b3953b896b1bf897ddadb3cc4b","2026-09-25T00:15:00Z","player_anytime_td","Chris Blair",7,NA,NA,NA,NA,NA,0.0344827586206897
"2026-09-24T23:15:00Z","2026_03_ATL_GB","e5fbd3b3953b896b1bf897ddadb3cc4b","2026-09-25T00:15:00Z","player_anytime_td","Chris Brooks",7,NA,NA,NA,NA,NA,0.238095238095238
"2026-09-24T23:15:00Z","2026_03_ATL_GB","e5fbd3b3953b896b1bf897ddadb3cc4b","2026-09-25T00:15:00Z","player_anytime_td","Christian Watson",7,NA,NA,NA,NA,NA,0.408163265306122
"2026-09-24T23:15:00Z","2026_03_ATL_GB","e5fbd3b3953b896b1bf897ddadb3cc4b","2026-09-25T00:15:00Z","player_anytime_td","Drake London",7,NA,NA,NA,NA,NA,0.350877192982456
"2026-09-24T23:15:00Z","2026_03_ATL_GB","e5fbd3b3953b896b1bf897ddadb3cc4b","2026-09-25T00:15:00Z","player_anytime_td","J. Michael Sturdivant",4,NA,NA,NA,NA,NA,0.0515873015873016
"2026-09-24T23:15:00Z","2026_03_ATL_GB","e5fbd3b3953b896b1bf897ddadb3cc4b","2026-09-25T00:15:00Z","player_anytime_td","Jahan Dotson",7,NA,NA,NA,NA,NA,0.125
"2026-09-24T23:15:00Z","2026_03_ATL_GB","e5fbd3b3953b896b1bf897ddadb3cc4b","2026-09-25T00:15:00Z","player_anytime_td","Jonnu Smith",6,NA,NA,NA,NA,NA,0.142857142857143
"2026-09-24T23:15:00Z","2026_03_ATL_GB","e5fbd3b3953b896b1bf897ddadb3cc4b","2026-09-25T00:15:00Z","player_anytime_td","Jordan Love",7,NA,NA,NA,NA,NA,0.142857142857143
"2026-09-24T23:15:00Z","2026_03_ATL_GB","e5fbd3b3953b896b1bf897ddadb3cc4b","2026-09-25T00:15:00Z","player_anytime_td","Josh Whyle",6,NA,NA,NA,NA,NA,0.0690476190476191
"2026-09-24T23:15:00Z","2026_03_ATL_GB","e5fbd3b3953b896b1bf897ddadb3cc4b","2026-09-25T00:15:00Z","player_anytime_td","Kaleb Johnson",6,NA,NA,NA,NA,NA,0.327956989247312
"2026-09-24T23:15:00Z","2026_03_ATL_GB","e5fbd3b3953b896b1bf897ddadb3cc4b","2026-09-25T00:15:00Z","player_anytime_td","Kyle Pitts",7,NA,NA,NA,NA,NA,0.217391304347826
"2026-09-24T23:15:00Z","2026_03_ATL_GB","e5fbd3b3953b896b1bf897ddadb3cc4b","2026-09-25T00:15:00Z","player_anytime_td","MarShawn Lloyd",7,NA,NA,NA,NA,NA,0.3125
"2026-09-24T23:15:00Z","2026_03_ATL_GB","e5fbd3b3953b896b1bf897ddadb3cc4b","2026-09-25T00:15:00Z","player_anytime_td","Mark Redman",6,NA,NA,NA,NA,NA,0.0625
"2026-09-24T23:15:00Z","2026_03_ATL_GB","e5fbd3b3953b896b1bf897ddadb3cc4b","2026-09-25T00:15:00Z","player_anytime_td","Matthew Golden",7,NA,NA,NA,NA,NA,0.350877192982456
"2026-09-24T23:15:00Z","2026_03_ATL_GB","e5fbd3b3953b896b1bf897ddadb3cc4b","2026-09-25T00:15:00Z","player_anytime_td","Michael Penix Jr.",7,NA,NA,NA,NA,NA,0.0833333333333333
"2026-09-24T23:15:00Z","2026_03_ATL_GB","e5fbd3b3953b896b1bf897ddadb3cc4b","2026-09-25T00:15:00Z","player_anytime_td","Nick Muse",7,NA,NA,NA,NA,NA,0.0217391304347826
"2026-09-24T23:15:00Z","2026_03_ATL_GB","e5fbd3b3953b896b1bf897ddadb3cc4b","2026-09-25T00:15:00Z","player_anytime_td","Olamide Zaccheaus",7,NA,NA,NA,NA,NA,0.111111111111111
"2026-09-24T23:15:00Z","2026_03_ATL_GB","e5fbd3b3953b896b1bf897ddadb3cc4b","2026-09-25T00:15:00Z","player_anytime_td","Skyy Moore",7,NA,NA,NA,NA,NA,0.166666666666667
"2026-09-24T23:15:00Z","2026_03_ATL_GB","e5fbd3b3953b896b1bf897ddadb3cc4b","2026-09-25T00:15:00Z","player_anytime_td","Tucker Kraft",7,NA,NA,NA,NA,NA,0.333333333333333
"2026-09-24T23:15:00Z","2026_03_ATL_GB","e5fbd3b3953b896b1bf897ddadb3cc4b","2026-09-25T00:15:00Z","player_anytime_td","Zachariah Branch",7,NA,NA,NA,NA,NA,0.0714285714285714
"2026-09-27T19:25:00Z","2026_03_BAL_DAL","84cfca14efc21363fd605508404cf1ff","2026-09-27T20:25:00Z","player_anytime_td","Brevyn Spann-Ford",7,NA,NA,NA,NA,NA,0.0769230769230769
"2026-09-27T19:25:00Z","2026_03_BAL_DAL","84cfca14efc21363fd605508404cf1ff","2026-09-27T20:25:00Z","player_anytime_td","Camden Brown",1,NA,NA,NA,NA,NA,0.05
"2026-09-27T19:25:00Z","2026_03_BAL_DAL","84cfca14efc21363fd605508404cf1ff","2026-09-27T20:25:00Z","player_anytime_td","CeeDee Lamb",7,NA,NA,NA,NA,NA,0.465116279069767
"2026-09-27T19:25:00Z","2026_03_BAL_DAL","84cfca14efc21363fd605508404cf1ff","2026-09-27T20:25:00Z","player_anytime_td","Chris Moore",7,NA,NA,NA,NA,NA,0.142857142857143
"2026-09-27T19:25:00Z","2026_03_BAL_DAL","84cfca14efc21363fd605508404cf1ff","2026-09-27T20:25:00Z","player_anytime_td","Dak Prescott",7,NA,NA,NA,NA,NA,0.153846153846154
"2026-09-27T19:25:00Z","2026_03_BAL_DAL","84cfca14efc21363fd605508404cf1ff","2026-09-27T20:25:00Z","player_anytime_td","Derrick Henry",7,NA,NA,NA,NA,NA,0.710144927536232
"2026-09-27T19:25:00Z","2026_03_BAL_DAL","84cfca14efc21363fd605508404cf1ff","2026-09-27T20:25:00Z","player_anytime_td","Devontez Walker",7,NA,NA,NA,NA,NA,0.111111111111111
"2026-09-27T19:25:00Z","2026_03_BAL_DAL","84cfca14efc21363fd605508404cf1ff","2026-09-27T20:25:00Z","player_anytime_td","Durham Smythe",7,NA,NA,NA,NA,NA,0.117647058823529
"2026-09-27T19:25:00Z","2026_03_BAL_DAL","84cfca14efc21363fd605508404cf1ff","2026-09-27T20:25:00Z","player_anytime_td","Elijah Sarratt",1,NA,NA,NA,NA,NA,0.117647058823529
"2026-09-27T19:25:00Z","2026_03_BAL_DAL","84cfca14efc21363fd605508404cf1ff","2026-09-27T20:25:00Z","player_anytime_td","Emari Demercado",3,NA,NA,NA,NA,NA,0.133333333333333
"2026-09-27T19:25:00Z","2026_03_BAL_DAL","84cfca14efc21363fd605508404cf1ff","2026-09-27T20:25:00Z","player_anytime_td","George Pickens",7,NA,NA,NA,NA,NA,0.4
"2026-09-27T19:25:00Z","2026_03_BAL_DAL","84cfca14efc21363fd605508404cf1ff","2026-09-27T20:25:00Z","player_anytime_td","Hunter Luepke",7,NA,NA,NA,NA,NA,0.0769230769230769
"2026-09-27T19:25:00Z","2026_03_BAL_DAL","84cfca14efc21363fd605508404cf1ff","2026-09-27T20:25:00Z","player_anytime_td","Jake Ferguson",7,NA,NA,NA,NA,NA,0.277777777777778
"2026-09-27T19:25:00Z","2026_03_BAL_DAL","84cfca14efc21363fd605508404cf1ff","2026-09-27T20:25:00Z","player_anytime_td","Javonte Williams",7,NA,NA,NA,NA,NA,0.615384615384615
"2026-09-27T19:25:00Z","2026_03_BAL_DAL","84cfca14efc21363fd605508404cf1ff","2026-09-27T20:25:00Z","player_anytime_td","Jonathan Mingo",7,NA,NA,NA,NA,NA,0.0476190476190476
"2026-09-27T19:25:00Z","2026_03_BAL_DAL","84cfca14efc21363fd605508404cf1ff","2026-09-27T20:25:00Z","player_anytime_td","Josh Cuevas",7,NA,NA,NA,NA,NA,0.0625
"2026-09-27T19:25:00Z","2026_03_BAL_DAL","84cfca14efc21363fd605508404cf1ff","2026-09-27T20:25:00Z","player_anytime_td","Justice Hill",7,NA,NA,NA,NA,NA,0.173913043478261
"2026-09-27T19:25:00Z","2026_03_BAL_DAL","84cfca14efc21363fd605508404cf1ff","2026-09-27T20:25:00Z","player_anytime_td","KaVontae Turpin",7,NA,NA,NA,NA,NA,0.111111111111111
"2026-09-27T19:25:00Z","2026_03_BAL_DAL","84cfca14efc21363fd605508404cf1ff","2026-09-27T20:25:00Z","player_anytime_td","LaJohntay Wester",7,NA,NA,NA,NA,NA,0.2
"2026-09-27T19:25:00Z","2026_03_BAL_DAL","84cfca14efc21363fd605508404cf1ff","2026-09-27T20:25:00Z","player_anytime_td","Lamar Jackson",7,NA,NA,NA,NA,NA,0.333333333333333
"2026-09-27T19:25:00Z","2026_03_BAL_DAL","84cfca14efc21363fd605508404cf1ff","2026-09-27T20:25:00Z","player_anytime_td","Luke Schoonmaker",7,NA,NA,NA,NA,NA,0.0666666666666667
"2026-09-27T19:25:00Z","2026_03_BAL_DAL","84cfca14efc21363fd605508404cf1ff","2026-09-27T20:25:00Z","player_anytime_td","Mark Andrews",7,NA,NA,NA,NA,NA,0.446428571428571
"2026-09-27T19:25:00Z","2026_03_BAL_DAL","84cfca14efc21363fd605508404cf1ff","2026-09-27T20:25:00Z","player_anytime_td","Matthew Hibner",7,NA,NA,NA,NA,NA,0.0666666666666667
"2026-09-27T19:25:00Z","2026_03_BAL_DAL","84cfca14efc21363fd605508404cf1ff","2026-09-27T20:25:00Z","player_anytime_td","Rasheen Ali",7,NA,NA,NA,NA,NA,0.05
"2026-09-27T19:25:00Z","2026_03_BAL_DAL","84cfca14efc21363fd605508404cf1ff","2026-09-27T20:25:00Z","player_anytime_td","Rashod Bateman",7,NA,NA,NA,NA,NA,0.36101083032491
"2026-09-27T19:25:00Z","2026_03_BAL_DAL","84cfca14efc21363fd605508404cf1ff","2026-09-27T20:25:00Z","player_anytime_td","Ryan Flournoy",7,NA,NA,NA,NA,NA,0.212765957446809
"2026-09-27T19:25:00Z","2026_03_BAL_DAL","84cfca14efc21363fd605508404cf1ff","2026-09-27T20:25:00Z","player_anytime_td","Tyler Goodson",2,NA,NA,NA,NA,NA,0.0780542986425339
"2026-09-27T19:25:00Z","2026_03_BAL_DAL","84cfca14efc21363fd605508404cf1ff","2026-09-27T20:25:00Z","player_anytime_td","Zay Flowers",7,NA,NA,NA,NA,NA,0.307692307692308
"2026-09-27T16:00:00Z","2026_03_CAR_CLE","613b8cd3a5fab58f7be4e3fd6f76223e","2026-09-27T17:00:00Z","player_anytime_td","AJ Dillon",8,NA,NA,NA,NA,NA,0.129166666666667
"2026-09-27T16:00:00Z","2026_03_CAR_CLE","613b8cd3a5fab58f7be4e3fd6f76223e","2026-09-27T17:00:00Z","player_anytime_td","Anthony Tyus III",6,NA,NA,NA,NA,NA,0.0344827586206897
"2026-09-27T16:00:00Z","2026_03_CAR_CLE","613b8cd3a5fab58f7be4e3fd6f76223e","2026-09-27T17:00:00Z","player_anytime_td","Blake Whiteheart",8,NA,NA,NA,NA,NA,0.0769230769230769
"2026-09-27T16:00:00Z","2026_03_CAR_CLE","613b8cd3a5fab58f7be4e3fd6f76223e","2026-09-27T17:00:00Z","player_anytime_td","Bryce Young",8,NA,NA,NA,NA,NA,0.173163418290855
"2026-09-27T16:00:00Z","2026_03_CAR_CLE","613b8cd3a5fab58f7be4e3fd6f76223e","2026-09-27T17:00:00Z","player_anytime_td","Brycen Tremayne",8,NA,NA,NA,NA,NA,0.111111111111111
"2026-09-27T16:00:00Z","2026_03_CAR_CLE","613b8cd3a5fab58f7be4e3fd6f76223e","2026-09-27T17:00:00Z","player_anytime_td","Carsen Ryan",8,NA,NA,NA,NA,NA,0.0333333333333333
"2026-09-27T16:00:00Z","2026_03_CAR_CLE","613b8cd3a5fab58f7be4e3fd6f76223e","2026-09-27T17:00:00Z","player_anytime_td","Chuba Hubbard",8,NA,NA,NA,NA,NA,0.537027113921337
"2026-09-27T16:00:00Z","2026_03_CAR_CLE","613b8cd3a5fab58f7be4e3fd6f76223e","2026-09-27T17:00:00Z","player_anytime_td","Darren Waller",8,NA,NA,NA,NA,NA,0.236694677871148
"2026-09-27T16:00:00Z","2026_03_CAR_CLE","613b8cd3a5fab58f7be4e3fd6f76223e","2026-09-27T17:00:00Z","player_anytime_td","David Moore",7,NA,NA,NA,NA,NA,0.0689655172413793
"2026-09-27T16:00:00Z","2026_03_CAR_CLE","613b8cd3a5fab58f7be4e3fd6f76223e","2026-09-27T17:00:00Z","player_anytime_td","Denzel Boston",8,NA,NA,NA,NA,NA,0.307765151515151
"2026-09-27T16:00:00Z","2026_03_CAR_CLE","613b8cd3a5fab58f7be4e3fd6f76223e","2026-09-27T17:00:00Z","player_anytime_td","Deshaun Watson",8,NA,NA,NA,NA,NA,0.208333333333333
"2026-09-27T16:00:00Z","2026_03_CAR_CLE","613b8cd3a5fab58f7be4e3fd6f76223e","2026-09-27T17:00:00Z","player_anytime_td","Feleipe Franks",7,NA,NA,NA,NA,NA,0.032258064516129
"2026-09-27T16:00:00Z","2026_03_CAR_CLE","613b8cd3a5fab58f7be4e3fd6f76223e","2026-09-27T17:00:00Z","player_anytime_td","Harold Fannin Jr.",8,NA,NA,NA,NA,NA,0.27027027027027
"2026-09-27T16:00:00Z","2026_03_CAR_CLE","613b8cd3a5fab58f7be4e3fd6f76223e","2026-09-27T17:00:00Z","player_anytime_td","Isaiah Bond",8,NA,NA,NA,NA,NA,0.05
"2026-09-27T16:00:00Z","2026_03_CAR_CLE","613b8cd3a5fab58f7be4e3fd6f76223e","2026-09-27T17:00:00Z","player_anytime_td","Ja'Tavion Sanders",2,NA,NA,NA,NA,NA,0.0857142857142857
"2026-09-27T16:00:00Z","2026_03_CAR_CLE","613b8cd3a5fab58f7be4e3fd6f76223e","2026-09-27T17:00:00Z","player_anytime_td","Jaleel McLaughlin",8,NA,NA,NA,NA,NA,0.0544117647058824
"2026-09-27T16:00:00Z","2026_03_CAR_CLE","613b8cd3a5fab58f7be4e3fd6f76223e","2026-09-27T17:00:00Z","player_anytime_td","Jalen Coker",8,NA,NA,NA,NA,NA,0.305361305361305
"2026-09-27T16:00:00Z","2026_03_CAR_CLE","613b8cd3a5fab58f7be4e3fd6f76223e","2026-09-27T17:00:00Z","player_anytime_td","Jerry Jeudy",8,NA,NA,NA,NA,NA,0.172619047619048
"2026-09-27T16:00:00Z","2026_03_CAR_CLE","613b8cd3a5fab58f7be4e3fd6f76223e","2026-09-27T17:00:00Z","player_anytime_td","John Metchie III",8,NA,NA,NA,NA,NA,0.127016129032258
"2026-09-27T16:00:00Z","2026_03_CAR_CLE","613b8cd3a5fab58f7be4e3fd6f76223e","2026-09-27T17:00:00Z","player_anytime_td","KC Concepcion",8,NA,NA,NA,NA,NA,0.239735859890899
"2026-09-27T16:00:00Z","2026_03_CAR_CLE","613b8cd3a5fab58f7be4e3fd6f76223e","2026-09-27T17:00:00Z","player_anytime_td","Malachi Corley",8,NA,NA,NA,NA,NA,0.0571895424836601
"2026-09-27T16:00:00Z","2026_03_CAR_CLE","613b8cd3a5fab58f7be4e3fd6f76223e","2026-09-27T17:00:00Z","player_anytime_td","Michael Burton",8,NA,NA,NA,NA,NA,0.024390243902439
"2026-09-27T16:00:00Z","2026_03_CAR_CLE","613b8cd3a5fab58f7be4e3fd6f76223e","2026-09-27T17:00:00Z","player_anytime_td","Mitchell Evans",8,NA,NA,NA,NA,NA,0.102631578947368
"2026-09-27T16:00:00Z","2026_03_CAR_CLE","613b8cd3a5fab58f7be4e3fd6f76223e","2026-09-27T17:00:00Z","player_anytime_td","Quinshon Judkins",8,NA,NA,NA,NA,NA,0.490207857743602
"2026-09-27T16:00:00Z","2026_03_CAR_CLE","613b8cd3a5fab58f7be4e3fd6f76223e","2026-09-27T17:00:00Z","player_anytime_td","Raheim Sanders",8,NA,NA,NA,NA,NA,0.133333333333333
"2026-09-27T16:00:00Z","2026_03_CAR_CLE","613b8cd3a5fab58f7be4e3fd6f76223e","2026-09-27T17:00:00Z","player_anytime_td","Tetairoa McMillan",8,NA,NA,NA,NA,NA,0.339559552634613
"2026-09-27T16:00:00Z","2026_03_CAR_CLE","613b8cd3a5fab58f7be4e3fd6f76223e","2026-09-27T17:00:00Z","player_anytime_td","Tommy Tremble",8,NA,NA,NA,NA,NA,0.148148148148148
"2026-09-27T16:00:00Z","2026_03_CAR_CLE","613b8cd3a5fab58f7be4e3fd6f76223e","2026-09-27T17:00:00Z","player_anytime_td","Tylan Wallace",8,NA,NA,NA,NA,NA,0.0588235294117647
"2026-09-27T16:00:00Z","2026_03_CAR_CLE","613b8cd3a5fab58f7be4e3fd6f76223e","2026-09-27T17:00:00Z","player_anytime_td","Xavier Legette",1,NA,NA,NA,NA,NA,0.133333333333333
"2026-09-27T16:00:00Z","2026_03_CIN_PIT","71123be049587b6facce3a20c53e5d09","2026-09-27T17:00:00Z","player_anytime_td","Aaron Rodgers",8,NA,NA,NA,NA,NA,0.0717948717948718
"2026-09-27T16:00:00Z","2026_03_CIN_PIT","71123be049587b6facce3a20c53e5d09","2026-09-27T17:00:00Z","player_anytime_td","Ben Skowronek",7,NA,NA,NA,NA,NA,0.037037037037037
"2026-09-27T16:00:00Z","2026_03_CIN_PIT","71123be049587b6facce3a20c53e5d09","2026-09-27T17:00:00Z","player_anytime_td","Chase Brown",8,NA,NA,NA,NA,NA,0.517935136139764
"2026-09-27T16:00:00Z","2026_03_CIN_PIT","71123be049587b6facce3a20c53e5d09","2026-09-27T17:00:00Z","player_anytime_td","Colbie Young",8,NA,NA,NA,NA,NA,0.0625
"2026-09-27T16:00:00Z","2026_03_CIN_PIT","71123be049587b6facce3a20c53e5d09","2026-09-27T17:00:00Z","player_anytime_td","DK Metcalf",8,NA,NA,NA,NA,NA,0.337276760323058
"2026-09-27T16:00:00Z","2026_03_CIN_PIT","71123be049587b6facce3a20c53e5d09","2026-09-27T17:00:00Z","player_anytime_td","Darnell Washington",8,NA,NA,NA,NA,NA,0.117647058823529
"2026-09-27T16:00:00Z","2026_03_CIN_PIT","71123be049587b6facce3a20c53e5d09","2026-09-27T17:00:00Z","player_anytime_td","Dohnte Meyers",8,NA,NA,NA,NA,NA,0.10960960960961
"2026-09-27T16:00:00Z","2026_03_CIN_PIT","71123be049587b6facce3a20c53e5d09","2026-09-27T17:00:00Z","player_anytime_td","Drew Sample",8,NA,NA,NA,NA,NA,0.111111111111111
"2026-09-27T16:00:00Z","2026_03_CIN_PIT","71123be049587b6facce3a20c53e5d09","2026-09-27T17:00:00Z","player_anytime_td","Eli Heidenreich",1,NA,NA,NA,NA,NA,0.111111111111111
"2026-09-27T16:00:00Z","2026_03_CIN_PIT","71123be049587b6facce3a20c53e5d09","2026-09-27T17:00:00Z","player_anytime_td","Erick All",8,NA,NA,NA,NA,NA,0.0833333333333333
"2026-09-27T16:00:00Z","2026_03_CIN_PIT","71123be049587b6facce3a20c53e5d09","2026-09-27T17:00:00Z","player_anytime_td","Germie Bernard",8,NA,NA,NA,NA,NA,0.145502645502645
"2026-09-27T16:00:00Z","2026_03_CIN_PIT","71123be049587b6facce3a20c53e5d09","2026-09-27T17:00:00Z","player_anytime_td","Ja'Marr Chase",8,NA,NA,NA,NA,NA,0.486759202236013
"2026-09-27T16:00:00Z","2026_03_CIN_PIT","71123be049587b6facce3a20c53e5d09","2026-09-27T17:00:00Z","player_anytime_td","Jack Endries",1,NA,NA,NA,NA,NA,0.05
"2026-09-27T16:00:00Z","2026_03_CIN_PIT","71123be049587b6facce3a20c53e5d09","2026-09-27T17:00:00Z","player_anytime_td","Jaylen Warren",7,NA,NA,NA,NA,NA,0.476190476190476
"2026-09-27T16:00:00Z","2026_03_CIN_PIT","71123be049587b6facce3a20c53e5d09","2026-09-27T17:00:00Z","player_anytime_td","Joe Burrow",8,NA,NA,NA,NA,NA,0.125
"2026-09-27T16:00:00Z","2026_03_CIN_PIT","71123be049587b6facce3a20c53e5d09","2026-09-27T17:00:00Z","player_anytime_td","Kaden Wetjen",8,NA,NA,NA,NA,NA,0.0465367965367965
"2026-09-27T16:00:00Z","2026_03_CIN_PIT","71123be049587b6facce3a20c53e5d09","2026-09-27T17:00:00Z","player_anytime_td","Ke'Shawn Williams",8,NA,NA,NA,NA,NA,0.054093567251462
"2026-09-27T16:00:00Z","2026_03_CIN_PIT","71123be049587b6facce3a20c53e5d09","2026-09-27T17:00:00Z","player_anytime_td","Lew Nichols",5,NA,NA,NA,NA,NA,0.0833333333333333
"2026-09-27T16:00:00Z","2026_03_CIN_PIT","71123be049587b6facce3a20c53e5d09","2026-09-27T17:00:00Z","player_anytime_td","Michael Pittman Jr.",8,NA,NA,NA,NA,NA,0.202040816326531
"2026-09-27T16:00:00Z","2026_03_CIN_PIT","71123be049587b6facce3a20c53e5d09","2026-09-27T17:00:00Z","player_anytime_td","Mike Gesicki",8,NA,NA,NA,NA,NA,0.205263157894737
"2026-09-27T16:00:00Z","2026_03_CIN_PIT","71123be049587b6facce3a20c53e5d09","2026-09-27T17:00:00Z","player_anytime_td","Pat Freiermuth",8,NA,NA,NA,NA,NA,0.229915433403805
"2026-09-27T16:00:00Z","2026_03_CIN_PIT","71123be049587b6facce3a20c53e5d09","2026-09-27T17:00:00Z","player_anytime_td","Riley Nowakowski",8,NA,NA,NA,NA,NA,0.0425724637681159
"2026-09-27T16:00:00Z","2026_03_CIN_PIT","71123be049587b6facce3a20c53e5d09","2026-09-27T17:00:00Z","player_anytime_td","Robert Tonyan",8,NA,NA,NA,NA,NA,0.0364721485411141
"2026-09-27T16:00:00Z","2026_03_CIN_PIT","71123be049587b6facce3a20c53e5d09","2026-09-27T17:00:00Z","player_anytime_td","Roman Wilson",8,NA,NA,NA,NA,NA,0.153846153846154
"2026-09-27T16:00:00Z","2026_03_CIN_PIT","71123be049587b6facce3a20c53e5d09","2026-09-27T17:00:00Z","player_anytime_td","Samaje Perine",8,NA,NA,NA,NA,NA,0.176242236024845
"2026-09-27T16:00:00Z","2026_03_CIN_PIT","71123be049587b6facce3a20c53e5d09","2026-09-27T17:00:00Z","player_anytime_td","Tahj Brooks",8,NA,NA,NA,NA,NA,0.0455486542443064
"2026-09-27T16:00:00Z","2026_03_CIN_PIT","71123be049587b6facce3a20c53e5d09","2026-09-27T17:00:00Z","player_anytime_td","Tanner Hudson",5,NA,NA,NA,NA,NA,0.0555555555555556
"2026-09-27T16:00:00Z","2026_03_CIN_PIT","71123be049587b6facce3a20c53e5d09","2026-09-27T17:00:00Z","player_anytime_td","Tee Higgins",8,NA,NA,NA,NA,NA,0.37037037037037
"2026-09-27T16:00:00Z","2026_03_CIN_PIT","71123be049587b6facce3a20c53e5d09","2026-09-27T17:00:00Z","player_anytime_td","Travis Homer",7,NA,NA,NA,NA,NA,0.117647058823529
"2026-09-27T16:00:00Z","2026_03_HOU_IND","17a730b7d399feeab6a78c30767c29d2","2026-09-27T17:00:00Z","player_anytime_td","Anthony Gould",6,NA,NA,NA,NA,NA,0.0392307692307692
"2026-09-27T16:00:00Z","2026_03_HOU_IND","17a730b7d399feeab6a78c30767c29d2","2026-09-27T17:00:00Z","player_anytime_td","Brevin Jordan",1,NA,NA,NA,NA,NA,0.0555555555555556
"2026-09-27T16:00:00Z","2026_03_HOU_IND","17a730b7d399feeab6a78c30767c29d2","2026-09-27T17:00:00Z","player_anytime_td","British Brooks",8,NA,NA,NA,NA,NA,0.0446428571428571
"2026-09-27T16:00:00Z","2026_03_HOU_IND","17a730b7d399feeab6a78c30767c29d2","2026-09-27T17:00:00Z","player_anytime_td","C.J. Stroud",8,NA,NA,NA,NA,NA,0.119429590017825
"2026-09-27T16:00:00Z","2026_03_HOU_IND","17a730b7d399feeab6a78c30767c29d2","2026-09-27T17:00:00Z","player_anytime_td","Cade Stover",8,NA,NA,NA,NA,NA,0.0590277777777778
"2026-09-27T16:00:00Z","2026_03_HOU_IND","17a730b7d399feeab6a78c30767c29d2","2026-09-27T17:00:00Z","player_anytime_td","DJ Giddens",1,NA,NA,NA,NA,NA,0.0833333333333333
"2026-09-27T16:00:00Z","2026_03_HOU_IND","17a730b7d399feeab6a78c30767c29d2","2026-09-27T17:00:00Z","player_anytime_td","Dalton Schultz",8,NA,NA,NA,NA,NA,0.3125
"2026-09-27T16:00:00Z","2026_03_HOU_IND","17a730b7d399feeab6a78c30767c29d2","2026-09-27T17:00:00Z","player_anytime_td","Daniel Jones",8,NA,NA,NA,NA,NA,0.135632183908046
"2026-09-27T16:00:00Z","2026_03_HOU_IND","17a730b7d399feeab6a78c30767c29d2","2026-09-27T17:00:00Z","player_anytime_td","David Montgomery",8,NA,NA,NA,NA,NA,0.503694581280788
"2026-09-27T16:00:00Z","2026_03_HOU_IND","17a730b7d399feeab6a78c30767c29d2","2026-09-27T17:00:00Z","player_anytime_td","Deion Burks",8,NA,NA,NA,NA,NA,0.0588235294117647
"2026-09-27T16:00:00Z","2026_03_HOU_IND","17a730b7d399feeab6a78c30767c29d2","2026-09-27T17:00:00Z","player_anytime_td","Drew Ogletree",8,NA,NA,NA,NA,NA,0.0555555555555556
"2026-09-27T16:00:00Z","2026_03_HOU_IND","17a730b7d399feeab6a78c30767c29d2","2026-09-27T17:00:00Z","player_anytime_td","Foster Moreau",8,NA,NA,NA,NA,NA,0.0952380952380952
"2026-09-27T16:00:00Z","2026_03_HOU_IND","17a730b7d399feeab6a78c30767c29d2","2026-09-27T17:00:00Z","player_anytime_td","Jared Wayne",8,NA,NA,NA,NA,NA,0.123106060606061
"2026-09-27T16:00:00Z","2026_03_HOU_IND","17a730b7d399feeab6a78c30767c29d2","2026-09-27T17:00:00Z","player_anytime_td","Jaylin Noel",8,NA,NA,NA,NA,NA,0.187830687830688
"2026-09-27T16:00:00Z","2026_03_HOU_IND","17a730b7d399feeab6a78c30767c29d2","2026-09-27T17:00:00Z","player_anytime_td","Jonathan Taylor",8,NA,NA,NA,NA,NA,0.6
"2026-09-27T16:00:00Z","2026_03_HOU_IND","17a730b7d399feeab6a78c30767c29d2","2026-09-27T17:00:00Z","player_anytime_td","Josh Downs",7,NA,NA,NA,NA,NA,0.285714285714286
"2026-09-27T16:00:00Z","2026_03_HOU_IND","17a730b7d399feeab6a78c30767c29d2","2026-09-27T17:00:00Z","player_anytime_td","Kayshon Boutte",8,NA,NA,NA,NA,NA,0.253164556962025
"2026-09-27T16:00:00Z","2026_03_HOU_IND","17a730b7d399feeab6a78c30767c29d2","2026-09-27T17:00:00Z","player_anytime_td","Keenan Allen",7,NA,NA,NA,NA,NA,0.232558139534884
"2026-09-27T16:00:00Z","2026_03_HOU_IND","17a730b7d399feeab6a78c30767c29d2","2026-09-27T17:00:00Z","player_anytime_td","Laquon Treadwell",7,NA,NA,NA,NA,NA,0.153846153846154
"2026-09-27T16:00:00Z","2026_03_HOU_IND","17a730b7d399feeab6a78c30767c29d2","2026-09-27T17:00:00Z","player_anytime_td","Lewis Bond",5,NA,NA,NA,NA,NA,0.0344827586206897
"2026-09-27T16:00:00Z","2026_03_HOU_IND","17a730b7d399feeab6a78c30767c29d2","2026-09-27T17:00:00Z","player_anytime_td","Marlin Klein",8,NA,NA,NA,NA,NA,0.0455486542443064
"2026-09-27T16:00:00Z","2026_03_HOU_IND","17a730b7d399feeab6a78c30767c29d2","2026-09-27T17:00:00Z","player_anytime_td","Mo Alie-Cox",8,NA,NA,NA,NA,NA,0.0714285714285714
"2026-09-27T16:00:00Z","2026_03_HOU_IND","17a730b7d399feeab6a78c30767c29d2","2026-09-27T17:00:00Z","player_anytime_td","Nick Westbrook-Ikhine",6,NA,NA,NA,NA,NA,0.0513157894736842
"2026-09-27T16:00:00Z","2026_03_HOU_IND","17a730b7d399feeab6a78c30767c29d2","2026-09-27T17:00:00Z","player_anytime_td","Seth McGowan",8,NA,NA,NA,NA,NA,0.0976190476190476
"2026-09-27T16:00:00Z","2026_03_HOU_IND","17a730b7d399feeab6a78c30767c29d2","2026-09-27T17:00:00Z","player_anytime_td","Tyler Warren",8,NA,NA,NA,NA,NA,0.3125
"2026-09-27T16:00:00Z","2026_03_HOU_IND","17a730b7d399feeab6a78c30767c29d2","2026-09-27T17:00:00Z","player_anytime_td","Woody Marks",8,NA,NA,NA,NA,NA,0.275875190258752
"2026-09-27T16:00:00Z","2026_03_HOU_IND","17a730b7d399feeab6a78c30767c29d2","2026-09-27T17:00:00Z","player_anytime_td","Xavier Hutchinson",8,NA,NA,NA,NA,NA,0.219806763285024
"2026-09-27T16:00:00Z","2026_03_KC_MIA","0339a0e41bcee12820eb3e64bb5fadb4","2026-09-27T17:00:00Z","player_anytime_td","Ben VanSumeren",5,NA,NA,NA,NA,NA,0.024390243902439
"2026-09-27T16:00:00Z","2026_03_KC_MIA","0339a0e41bcee12820eb3e64bb5fadb4","2026-09-27T17:00:00Z","player_anytime_td","Brashard Smith",7,NA,NA,NA,NA,NA,0.0588235294117647
"2026-09-27T16:00:00Z","2026_03_KC_MIA","0339a0e41bcee12820eb3e64bb5fadb4","2026-09-27T17:00:00Z","player_anytime_td","Chris Bell",7,NA,NA,NA,NA,NA,0.148148148148148
"2026-09-27T16:00:00Z","2026_03_KC_MIA","0339a0e41bcee12820eb3e64bb5fadb4","2026-09-27T17:00:00Z","player_anytime_td","Cyrus Allen",7,NA,NA,NA,NA,NA,0.05
"2026-09-27T16:00:00Z","2026_03_KC_MIA","0339a0e41bcee12820eb3e64bb5fadb4","2026-09-27T17:00:00Z","player_anytime_td","DJ Herman",6,NA,NA,NA,NA,NA,0.0294117647058824
"2026-09-27T16:00:00Z","2026_03_KC_MIA","0339a0e41bcee12820eb3e64bb5fadb4","2026-09-27T17:00:00Z","player_anytime_td","De'Von Achane",7,NA,NA,NA,NA,NA,0.465116279069767
"2026-09-27T16:00:00Z","2026_03_KC_MIA","0339a0e41bcee12820eb3e64bb5fadb4","2026-09-27T17:00:00Z","player_anytime_td","Emmett Johnson",7,NA,NA,NA,NA,NA,0.238095238095238
"2026-09-27T16:00:00Z","2026_03_KC_MIA","0339a0e41bcee12820eb3e64bb5fadb4","2026-09-27T17:00:00Z","player_anytime_td","Greg Dulcich",7,NA,NA,NA,NA,NA,0.2
"2026-09-27T16:00:00Z","2026_03_KC_MIA","0339a0e41bcee12820eb3e64bb5fadb4","2026-09-27T17:00:00Z","player_anytime_td","Jake Briningstool",7,NA,NA,NA,NA,NA,0.0588235294117647
"2026-09-27T16:00:00Z","2026_03_KC_MIA","0339a0e41bcee12820eb3e64bb5fadb4","2026-09-27T17:00:00Z","player_anytime_td","Jalen Royals",7,NA,NA,NA,NA,NA,0.0833333333333333
"2026-09-27T16:00:00Z","2026_03_KC_MIA","0339a0e41bcee12820eb3e64bb5fadb4","2026-09-27T17:00:00Z","player_anytime_td","Jalen Tolbert",7,NA,NA,NA,NA,NA,0.0666666666666667
"2026-09-27T16:00:00Z","2026_03_KC_MIA","0339a0e41bcee12820eb3e64bb5fadb4","2026-09-27T17:00:00Z","player_anytime_td","Jared Wiley",3,NA,NA,NA,NA,NA,0.0625
"2026-09-27T16:00:00Z","2026_03_KC_MIA","0339a0e41bcee12820eb3e64bb5fadb4","2026-09-27T17:00:00Z","player_anytime_td","Justin Joly",7,NA,NA,NA,NA,NA,0.0384615384615385
"2026-09-27T16:00:00Z","2026_03_KC_MIA","0339a0e41bcee12820eb3e64bb5fadb4","2026-09-27T17:00:00Z","player_anytime_td","Kenneth Walker III",7,NA,NA,NA,NA,NA,0.67741935483871
"2026-09-27T16:00:00Z","2026_03_KC_MIA","0339a0e41bcee12820eb3e64bb5fadb4","2026-09-27T17:00:00Z","player_anytime_td","Kevin Coleman Jr.",7,NA,NA,NA,NA,NA,0.111111111111111
"2026-09-27T16:00:00Z","2026_03_KC_MIA","0339a0e41bcee12820eb3e64bb5fadb4","2026-09-27T17:00:00Z","player_anytime_td","Malik Washington",7,NA,NA,NA,NA,NA,0.227272727272727
"2026-09-27T16:00:00Z","2026_03_KC_MIA","0339a0e41bcee12820eb3e64bb5fadb4","2026-09-27T17:00:00Z","player_anytime_td","Malik Willis",7,NA,NA,NA,NA,NA,0.232558139534884
"2026-09-27T16:00:00Z","2026_03_KC_MIA","0339a0e41bcee12820eb3e64bb5fadb4","2026-09-27T17:00:00Z","player_anytime_td","Nikko Remigio",7,NA,NA,NA,NA,NA,0.0555555555555556
"2026-09-27T16:00:00Z","2026_03_KC_MIA","0339a0e41bcee12820eb3e64bb5fadb4","2026-09-27T17:00:00Z","player_anytime_td","Noah Gray",7,NA,NA,NA,NA,NA,0.153846153846154
"2026-09-27T16:00:00Z","2026_03_KC_MIA","0339a0e41bcee12820eb3e64bb5fadb4","2026-09-27T17:00:00Z","player_anytime_td","Ollie Gordon II",7,NA,NA,NA,NA,NA,0.166666666666667
"2026-09-27T16:00:00Z","2026_03_KC_MIA","0339a0e41bcee12820eb3e64bb5fadb4","2026-09-27T17:00:00Z","player_anytime_td","Patrick Mahomes",7,NA,NA,NA,NA,NA,0.227272727272727
"2026-09-27T16:00:00Z","2026_03_KC_MIA","0339a0e41bcee12820eb3e64bb5fadb4","2026-09-27T17:00:00Z","player_anytime_td","Rashee Rice",7,NA,NA,NA,NA,NA,0.434782608695652
"2026-09-27T16:00:00Z","2026_03_KC_MIA","0339a0e41bcee12820eb3e64bb5fadb4","2026-09-27T17:00:00Z","player_anytime_td","Ryan Miller",7,NA,NA,NA,NA,NA,0.0555555555555556
"2026-09-27T16:00:00Z","2026_03_KC_MIA","0339a0e41bcee12820eb3e64bb5fadb4","2026-09-27T17:00:00Z","player_anytime_td","Seydou Traore",7,NA,NA,NA,NA,NA,0.0416666666666667
"2026-09-27T16:00:00Z","2026_03_KC_MIA","0339a0e41bcee12820eb3e64bb5fadb4","2026-09-27T17:00:00Z","player_anytime_td","Travis Kelce",7,NA,NA,NA,NA,NA,0.4
"2026-09-27T16:00:00Z","2026_03_KC_MIA","0339a0e41bcee12820eb3e64bb5fadb4","2026-09-27T17:00:00Z","player_anytime_td","Tyquan Thornton",7,NA,NA,NA,NA,NA,0.173913043478261
"2026-09-27T16:00:00Z","2026_03_KC_MIA","0339a0e41bcee12820eb3e64bb5fadb4","2026-09-27T17:00:00Z","player_anytime_td","Will Kacmarek",7,NA,NA,NA,NA,NA,0.0952380952380952
"2026-09-27T16:00:00Z","2026_03_KC_MIA","0339a0e41bcee12820eb3e64bb5fadb4","2026-09-27T17:00:00Z","player_anytime_td","Xavier Worthy",7,NA,NA,NA,NA,NA,0.341296928327645
"2026-09-27T16:00:00Z","2026_03_LAC_BUF","b225458a282e140c44c45651255f2f6c","2026-09-27T17:00:00Z","player_anytime_td","Alec Ingold",8,NA,NA,NA,NA,NA,0.0409698996655518
"2026-09-27T16:00:00Z","2026_03_LAC_BUF","b225458a282e140c44c45651255f2f6c","2026-09-27T17:00:00Z","player_anytime_td","DJ Moore",8,NA,NA,NA,NA,NA,0.36038961038961
"2026-09-27T16:00:00Z","2026_03_LAC_BUF","b225458a282e140c44c45651255f2f6c","2026-09-27T17:00:00Z","player_anytime_td","Dalton Kincaid",8,NA,NA,NA,NA,NA,0.373864430468204
"2026-09-27T16:00:00Z","2026_03_LAC_BUF","b225458a282e140c44c45651255f2f6c","2026-09-27T17:00:00Z","player_anytime_td","Dawson Knox",8,NA,NA,NA,NA,NA,0.142857142857143
"2026-09-27T16:00:00Z","2026_03_LAC_BUF","b225458a282e140c44c45651255f2f6c","2026-09-27T17:00:00Z","player_anytime_td","Derius Davis",8,NA,NA,NA,NA,NA,0.0606617647058824
"2026-09-27T16:00:00Z","2026_03_LAC_BUF","b225458a282e140c44c45651255f2f6c","2026-09-27T17:00:00Z","player_anytime_td","Greg Dortch",6,NA,NA,NA,NA,NA,0.0513157894736842
"2026-09-27T16:00:00Z","2026_03_LAC_BUF","b225458a282e140c44c45651255f2f6c","2026-09-27T17:00:00Z","player_anytime_td","Hayden Rucci",8,NA,NA,NA,NA,NA,0.0625
"2026-09-27T16:00:00Z","2026_03_LAC_BUF","b225458a282e140c44c45651255f2f6c","2026-09-27T17:00:00Z","player_anytime_td","Jackson Hawes",8,NA,NA,NA,NA,NA,0.0909090909090909
"2026-09-27T16:00:00Z","2026_03_LAC_BUF","b225458a282e140c44c45651255f2f6c","2026-09-27T17:00:00Z","player_anytime_td","James Cook",8,NA,NA,NA,NA,NA,0.62962962962963
"2026-09-27T16:00:00Z","2026_03_LAC_BUF","b225458a282e140c44c45651255f2f6c","2026-09-27T17:00:00Z","player_anytime_td","Josh Allen",8,NA,NA,NA,NA,NA,0.575369635773531
"2026-09-27T16:00:00Z","2026_03_LAC_BUF","b225458a282e140c44c45651255f2f6c","2026-09-27T17:00:00Z","player_anytime_td","Joshua Palmer",8,NA,NA,NA,NA,NA,0.163333333333333
"2026-09-27T16:00:00Z","2026_03_LAC_BUF","b225458a282e140c44c45651255f2f6c","2026-09-27T17:00:00Z","player_anytime_td","Justin Herbert",8,NA,NA,NA,NA,NA,0.180194805194805
"2026-09-27T16:00:00Z","2026_03_LAC_BUF","b225458a282e140c44c45651255f2f6c","2026-09-27T17:00:00Z","player_anytime_td","Keaton Mitchell",8,NA,NA,NA,NA,NA,0.153846153846154
"2026-09-27T16:00:00Z","2026_03_LAC_BUF","b225458a282e140c44c45651255f2f6c","2026-09-27T17:00:00Z","player_anytime_td","Keleki Latu",8,NA,NA,NA,NA,NA,0.0392307692307692
"2026-09-27T16:00:00Z","2026_03_LAC_BUF","b225458a282e140c44c45651255f2f6c","2026-09-27T17:00:00Z","player_anytime_td","Keon Coleman",8,NA,NA,NA,NA,NA,0.204081632653061
"2026-09-27T16:00:00Z","2026_03_LAC_BUF","b225458a282e140c44c45651255f2f6c","2026-09-27T17:00:00Z","player_anytime_td","Khalil Shakir",8,NA,NA,NA,NA,NA,0.32258064516129
"2026-09-27T16:00:00Z","2026_03_LAC_BUF","b225458a282e140c44c45651255f2f6c","2026-09-27T17:00:00Z","player_anytime_td","Kimani Vidal",8,NA,NA,NA,NA,NA,0.0833333333333333
"2026-09-27T16:00:00Z","2026_03_LAC_BUF","b225458a282e140c44c45651255f2f6c","2026-09-27T17:00:00Z","player_anytime_td","Ladd McConkey",8,NA,NA,NA,NA,NA,0.320020481310804
"2026-09-27T16:00:00Z","2026_03_LAC_BUF","b225458a282e140c44c45651255f2f6c","2026-09-27T17:00:00Z","player_anytime_td","Marquez Valdes-Scantling",7,NA,NA,NA,NA,NA,0.0833333333333333
"2026-09-27T16:00:00Z","2026_03_LAC_BUF","b225458a282e140c44c45651255f2f6c","2026-09-27T17:00:00Z","player_anytime_td","Omarion Hampton",8,NA,NA,NA,NA,NA,0.560386473429952
"2026-09-27T16:00:00Z","2026_03_LAC_BUF","b225458a282e140c44c45651255f2f6c","2026-09-27T17:00:00Z","player_anytime_td","Oronde Gadsden II",8,NA,NA,NA,NA,NA,0.274024024024024
"2026-09-27T16:00:00Z","2026_03_LAC_BUF","b225458a282e140c44c45651255f2f6c","2026-09-27T17:00:00Z","player_anytime_td","Patrick Herbert",6,NA,NA,NA,NA,NA,0.0606617647058824
"2026-09-27T16:00:00Z","2026_03_LAC_BUF","b225458a282e140c44c45651255f2f6c","2026-09-27T17:00:00Z","player_anytime_td","Quentin Johnston",8,NA,NA,NA,NA,NA,0.25
"2026-09-27T16:00:00Z","2026_03_LAC_BUF","b225458a282e140c44c45651255f2f6c","2026-09-27T17:00:00Z","player_anytime_td","Ray Davis",8,NA,NA,NA,NA,NA,0.0833333333333333
"2026-09-27T16:00:00Z","2026_03_LAC_BUF","b225458a282e140c44c45651255f2f6c","2026-09-27T17:00:00Z","player_anytime_td","Skyler Bell",1,NA,NA,NA,NA,NA,0.1
"2026-09-27T16:00:00Z","2026_03_LAC_BUF","b225458a282e140c44c45651255f2f6c","2026-09-27T17:00:00Z","player_anytime_td","Tre Harris",8,NA,NA,NA,NA,NA,0.195238095238095
"2026-09-27T16:00:00Z","2026_03_LAC_BUF","b225458a282e140c44c45651255f2f6c","2026-09-27T17:00:00Z","player_anytime_td","Ty Johnson",8,NA,NA,NA,NA,NA,0.181818181818182
"2026-09-27T23:20:00Z","2026_03_LA_DEN","3bfd8bfb4b8e9a365a0877879b73b16b","2026-09-28T00:20:00Z","player_anytime_td","Adam Prentice",7,NA,NA,NA,NA,NA,0.0384615384615385
"2026-09-27T23:20:00Z","2026_03_LA_DEN","3bfd8bfb4b8e9a365a0877879b73b16b","2026-09-28T00:20:00Z","player_anytime_td","Adam Trautman",8,NA,NA,NA,NA,NA,0.133333333333333
"2026-09-27T23:20:00Z","2026_03_LA_DEN","3bfd8bfb4b8e9a365a0877879b73b16b","2026-09-28T00:20:00Z","player_anytime_td","Blake Corum",8,NA,NA,NA,NA,NA,0.281746031746032
"2026-09-27T23:20:00Z","2026_03_LA_DEN","3bfd8bfb4b8e9a365a0877879b73b16b","2026-09-28T00:20:00Z","player_anytime_td","Bo Nix",8,NA,NA,NA,NA,NA,0.180194805194805
"2026-09-27T23:20:00Z","2026_03_LA_DEN","3bfd8bfb4b8e9a365a0877879b73b16b","2026-09-28T00:20:00Z","player_anytime_td","CJ Daniels",1,NA,NA,NA,NA,NA,0.04
"2026-09-27T23:20:00Z","2026_03_LA_DEN","3bfd8bfb4b8e9a365a0877879b73b16b","2026-09-28T00:20:00Z","player_anytime_td","Colby Parkinson",8,NA,NA,NA,NA,NA,0.217391304347826
"2026-09-27T23:20:00Z","2026_03_LA_DEN","3bfd8bfb4b8e9a365a0877879b73b16b","2026-09-28T00:20:00Z","player_anytime_td","Courtland Sutton",8,NA,NA,NA,NA,NA,0.277777777777778
"2026-09-27T23:20:00Z","2026_03_LA_DEN","3bfd8bfb4b8e9a365a0877879b73b16b","2026-09-28T00:20:00Z","player_anytime_td","Dallen Bentley",1,NA,NA,NA,NA,NA,0.04
"2026-09-27T23:20:00Z","2026_03_LA_DEN","3bfd8bfb4b8e9a365a0877879b73b16b","2026-09-28T00:20:00Z","player_anytime_td","Davante Adams",8,NA,NA,NA,NA,NA,0.454545454545455
"2026-09-27T23:20:00Z","2026_03_LA_DEN","3bfd8bfb4b8e9a365a0877879b73b16b","2026-09-28T00:20:00Z","player_anytime_td","Davis Allen",8,NA,NA,NA,NA,NA,0.067816091954023
"2026-09-27T23:20:00Z","2026_03_LA_DEN","3bfd8bfb4b8e9a365a0877879b73b16b","2026-09-28T00:20:00Z","player_anytime_td","Dean Connors",5,NA,NA,NA,NA,NA,0.0434782608695652
"2026-09-27T23:20:00Z","2026_03_LA_DEN","3bfd8bfb4b8e9a365a0877879b73b16b","2026-09-28T00:20:00Z","player_anytime_td","Evan Engram",8,NA,NA,NA,NA,NA,0.219806763285024
"2026-09-27T23:20:00Z","2026_03_LA_DEN","3bfd8bfb4b8e9a365a0877879b73b16b","2026-09-28T00:20:00Z","player_anytime_td","J.K. Dobbins",8,NA,NA,NA,NA,NA,0.422849991060254
"2026-09-27T23:20:00Z","2026_03_LA_DEN","3bfd8bfb4b8e9a365a0877879b73b16b","2026-09-28T00:20:00Z","player_anytime_td","Jaylen Waddle",8,NA,NA,NA,NA,NA,0.347852389594676
"2026-09-27T23:20:00Z","2026_03_LA_DEN","3bfd8bfb4b8e9a365a0877879b73b16b","2026-09-28T00:20:00Z","player_anytime_td","Jordan Whittington",6,NA,NA,NA,NA,NA,0.0930735930735931
"2026-09-27T23:20:00Z","2026_03_LA_DEN","3bfd8bfb4b8e9a365a0877879b73b16b","2026-09-28T00:20:00Z","player_anytime_td","Kolbe Katsis",5,NA,NA,NA,NA,NA,0.0526315789473684
"2026-09-27T23:20:00Z","2026_03_LA_DEN","3bfd8bfb4b8e9a365a0877879b73b16b","2026-09-28T00:20:00Z","player_anytime_td","Konata Mumpfield",8,NA,NA,NA,NA,NA,0.125
"2026-09-27T23:20:00Z","2026_03_LA_DEN","3bfd8bfb4b8e9a365a0877879b73b16b","2026-09-28T00:20:00Z","player_anytime_td","Kyren Williams",8,NA,NA,NA,NA,NA,0.49628097138072
"2026-09-27T23:20:00Z","2026_03_LA_DEN","3bfd8bfb4b8e9a365a0877879b73b16b","2026-09-28T00:20:00Z","player_anytime_td","Lil'Jordan Humphrey",1,NA,NA,NA,NA,NA,0.05
"2026-09-27T23:20:00Z","2026_03_LA_DEN","3bfd8bfb4b8e9a365a0877879b73b16b","2026-09-28T00:20:00Z","player_anytime_td","Marvin Mims Jr.",1,NA,NA,NA,NA,NA,0.111111111111111
"2026-09-27T23:20:00Z","2026_03_LA_DEN","3bfd8bfb4b8e9a365a0877879b73b16b","2026-09-28T00:20:00Z","player_anytime_td","Matthew Stafford",8,NA,NA,NA,NA,NA,0.0476190476190476
"2026-09-27T23:20:00Z","2026_03_LA_DEN","3bfd8bfb4b8e9a365a0877879b73b16b","2026-09-28T00:20:00Z","player_anytime_td","Max Klare",7,NA,NA,NA,NA,NA,0.0277777777777778
"2026-09-27T23:20:00Z","2026_03_LA_DEN","3bfd8bfb4b8e9a365a0877879b73b16b","2026-09-28T00:20:00Z","player_anytime_td","Nate Adkins",8,NA,NA,NA,NA,NA,0.0526315789473684
"2026-09-27T23:20:00Z","2026_03_LA_DEN","3bfd8bfb4b8e9a365a0877879b73b16b","2026-09-28T00:20:00Z","player_anytime_td","Pat Bryant",8,NA,NA,NA,NA,NA,0.219806763285024
"2026-09-27T23:20:00Z","2026_03_LA_DEN","3bfd8bfb4b8e9a365a0877879b73b16b","2026-09-28T00:20:00Z","player_anytime_td","RJ Harvey",8,NA,NA,NA,NA,NA,0.242504409171076
"2026-09-27T23:20:00Z","2026_03_LA_DEN","3bfd8bfb4b8e9a365a0877879b73b16b","2026-09-28T00:20:00Z","player_anytime_td","Terrance Ferguson",8,NA,NA,NA,NA,NA,0.303030303030303
"2026-09-27T23:20:00Z","2026_03_LA_DEN","3bfd8bfb4b8e9a365a0877879b73b16b","2026-09-28T00:20:00Z","player_anytime_td","Troy Franklin",8,NA,NA,NA,NA,NA,0.108187134502924
"2026-09-27T23:20:00Z","2026_03_LA_DEN","3bfd8bfb4b8e9a365a0877879b73b16b","2026-09-28T00:20:00Z","player_anytime_td","Tutu Atwell",1,NA,NA,NA,NA,NA,0.0555555555555556
"2026-09-27T23:20:00Z","2026_03_LA_DEN","3bfd8bfb4b8e9a365a0877879b73b16b","2026-09-28T00:20:00Z","player_anytime_td","Tyler Badie",6,NA,NA,NA,NA,NA,0.0769230769230769
"2026-09-27T23:20:00Z","2026_03_LA_DEN","3bfd8bfb4b8e9a365a0877879b73b16b","2026-09-28T00:20:00Z","player_anytime_td","Tyler Higbee",7,NA,NA,NA,NA,NA,0.117647058823529
"2026-09-27T23:20:00Z","2026_03_LA_DEN","3bfd8bfb4b8e9a365a0877879b73b16b","2026-09-28T00:20:00Z","player_anytime_td","Xavier Smith",8,NA,NA,NA,NA,NA,0.0909090909090909
"2026-09-27T19:25:00Z","2026_03_LV_NO","2e523fcb0497aa689473e290eb2b97de","2026-09-27T20:25:00Z","player_anytime_td","Alvin Kamara",7,NA,NA,NA,NA,NA,0.344827586206897
"2026-09-27T19:25:00Z","2026_03_LV_NO","2e523fcb0497aa689473e290eb2b97de","2026-09-27T20:25:00Z","player_anytime_td","Ashton Jeanty",7,NA,NA,NA,NA,NA,0.534883720930233
"2026-09-27T19:25:00Z","2026_03_LV_NO","2e523fcb0497aa689473e290eb2b97de","2026-09-27T20:25:00Z","player_anytime_td","Barion Brown",1,NA,NA,NA,NA,NA,0.0666666666666667
"2026-09-27T19:25:00Z","2026_03_LV_NO","2e523fcb0497aa689473e290eb2b97de","2026-09-27T20:25:00Z","player_anytime_td","Brock Bowers",7,NA,NA,NA,NA,NA,0.298507462686567
"2026-09-27T19:25:00Z","2026_03_LV_NO","2e523fcb0497aa689473e290eb2b97de","2026-09-27T20:25:00Z","player_anytime_td","Bryce Lance",7,NA,NA,NA,NA,NA,0.16
"2026-09-27T19:25:00Z","2026_03_LV_NO","2e523fcb0497aa689473e290eb2b97de","2026-09-27T20:25:00Z","player_anytime_td","CJ Donaldson",5,NA,NA,NA,NA,NA,0.0833333333333333
"2026-09-27T19:25:00Z","2026_03_LV_NO","2e523fcb0497aa689473e290eb2b97de","2026-09-27T20:25:00Z","player_anytime_td","Chris Olave",7,NA,NA,NA,NA,NA,0.416666666666667
"2026-09-27T19:25:00Z","2026_03_LV_NO","2e523fcb0497aa689473e290eb2b97de","2026-09-27T20:25:00Z","player_anytime_td","Cody White",5,NA,NA,NA,NA,NA,0.0588235294117647
"2026-09-27T19:25:00Z","2026_03_LV_NO","2e523fcb0497aa689473e290eb2b97de","2026-09-27T20:25:00Z","player_anytime_td","Connor Heyward",7,NA,NA,NA,NA,NA,0.0666666666666667
"2026-09-27T19:25:00Z","2026_03_LV_NO","2e523fcb0497aa689473e290eb2b97de","2026-09-27T20:25:00Z","player_anytime_td","Dareke Young",6,NA,NA,NA,NA,NA,0.0627450980392157
"2026-09-27T19:25:00Z","2026_03_LV_NO","2e523fcb0497aa689473e290eb2b97de","2026-09-27T20:25:00Z","player_anytime_td","Devaughn Vele",7,NA,NA,NA,NA,NA,0.263157894736842
"2026-09-27T19:25:00Z","2026_03_LV_NO","2e523fcb0497aa689473e290eb2b97de","2026-09-27T20:25:00Z","player_anytime_td","Dylan Laube",7,NA,NA,NA,NA,NA,0.0476190476190476
"2026-09-27T19:25:00Z","2026_03_LV_NO","2e523fcb0497aa689473e290eb2b97de","2026-09-27T20:25:00Z","player_anytime_td","Ian Thomas",7,NA,NA,NA,NA,NA,0.0588235294117647
"2026-09-27T19:25:00Z","2026_03_LV_NO","2e523fcb0497aa689473e290eb2b97de","2026-09-27T20:25:00Z","player_anytime_td","Jack Bech",7,NA,NA,NA,NA,NA,0.142857142857143
"2026-09-27T19:25:00Z","2026_03_LV_NO","2e523fcb0497aa689473e290eb2b97de","2026-09-27T20:25:00Z","player_anytime_td","Jalen Nailor",7,NA,NA,NA,NA,NA,0.173913043478261
"2026-09-27T19:25:00Z","2026_03_LV_NO","2e523fcb0497aa689473e290eb2b97de","2026-09-27T20:25:00Z","player_anytime_td","Juwan Johnson",7,NA,NA,NA,NA,NA,0.25974025974026
"2026-09-27T19:25:00Z","2026_03_LV_NO","2e523fcb0497aa689473e290eb2b97de","2026-09-27T20:25:00Z","player_anytime_td","Kendre Miller",7,NA,NA,NA,NA,NA,0.0833333333333333
"2026-09-27T19:25:00Z","2026_03_LV_NO","2e523fcb0497aa689473e290eb2b97de","2026-09-27T20:25:00Z","player_anytime_td","Kevin Austin",5,NA,NA,NA,NA,NA,0.0588235294117647
"2026-09-27T19:25:00Z","2026_03_LV_NO","2e523fcb0497aa689473e290eb2b97de","2026-09-27T20:25:00Z","player_anytime_td","Kirk Cousins",7,NA,NA,NA,NA,NA,0.0540540540540541
"2026-09-27T19:25:00Z","2026_03_LV_NO","2e523fcb0497aa689473e290eb2b97de","2026-09-27T20:25:00Z","player_anytime_td","Malik Benson",7,NA,NA,NA,NA,NA,0.0625
"2026-09-27T19:25:00Z","2026_03_LV_NO","2e523fcb0497aa689473e290eb2b97de","2026-09-27T20:25:00Z","player_anytime_td","Michael Mayer",7,NA,NA,NA,NA,NA,0.212765957446809
"2026-09-27T19:25:00Z","2026_03_LV_NO","2e523fcb0497aa689473e290eb2b97de","2026-09-27T20:25:00Z","player_anytime_td","Mike Washington Jr.",7,NA,NA,NA,NA,NA,0.166666666666667
"2026-09-27T19:25:00Z","2026_03_LV_NO","2e523fcb0497aa689473e290eb2b97de","2026-09-27T20:25:00Z","player_anytime_td","Noah Fant",7,NA,NA,NA,NA,NA,0.133333333333333
"2026-09-27T19:25:00Z","2026_03_LV_NO","2e523fcb0497aa689473e290eb2b97de","2026-09-27T20:25:00Z","player_anytime_td","Oscar Delp",7,NA,NA,NA,NA,NA,0.0625
"2026-09-27T19:25:00Z","2026_03_LV_NO","2e523fcb0497aa689473e290eb2b97de","2026-09-27T20:25:00Z","player_anytime_td","Travis Etienne Jr.",7,NA,NA,NA,NA,NA,0.413223140495868
"2026-09-27T19:25:00Z","2026_03_LV_NO","2e523fcb0497aa689473e290eb2b97de","2026-09-27T20:25:00Z","player_anytime_td","Tre Tucker",7,NA,NA,NA,NA,NA,0.246913580246914
"2026-09-27T19:25:00Z","2026_03_LV_NO","2e523fcb0497aa689473e290eb2b97de","2026-09-27T20:25:00Z","player_anytime_td","Treyton Welch",3,NA,NA,NA,NA,NA,0.0333333333333333
"2026-09-27T19:25:00Z","2026_03_LV_NO","2e523fcb0497aa689473e290eb2b97de","2026-09-27T20:25:00Z","player_anytime_td","Tyler Shough",7,NA,NA,NA,NA,NA,0.266666666666667
"2026-09-27T19:05:00Z","2026_03_MIN_TB","f1724dead3eab61546033032fc782375","2026-09-27T20:05:00Z","player_anytime_td","Aaron Jones",8,NA,NA,NA,NA,NA,0.529346622369878
"2026-09-27T19:05:00Z","2026_03_MIN_TB","f1724dead3eab61546033032fc782375","2026-09-27T20:05:00Z","player_anytime_td","Baker Mayfield",8,NA,NA,NA,NA,NA,0.163333333333333
"2026-09-27T19:05:00Z","2026_03_MIN_TB","f1724dead3eab61546033032fc782375","2026-09-27T20:05:00Z","player_anytime_td","Bauer Sharp",8,NA,NA,NA,NA,NA,0.0344827586206897
"2026-09-27T19:05:00Z","2026_03_MIN_TB","f1724dead3eab61546033032fc782375","2026-09-27T20:05:00Z","player_anytime_td","Bucky Irving",8,NA,NA,NA,NA,NA,0.433841520798043
"2026-09-27T19:05:00Z","2026_03_MIN_TB","f1724dead3eab61546033032fc782375","2026-09-27T20:05:00Z","player_anytime_td","Cade Otton",8,NA,NA,NA,NA,NA,0.217391304347826
"2026-09-27T19:05:00Z","2026_03_MIN_TB","f1724dead3eab61546033032fc782375","2026-09-27T20:05:00Z","player_anytime_td","Chris Godwin",8,NA,NA,NA,NA,NA,0.24390243902439
"2026-09-27T19:05:00Z","2026_03_MIN_TB","f1724dead3eab61546033032fc782375","2026-09-27T20:05:00Z","player_anytime_td","DeeJay Dallas",8,NA,NA,NA,NA,NA,0.112877583465819
"2026-09-27T19:05:00Z","2026_03_MIN_TB","f1724dead3eab61546033032fc782375","2026-09-27T20:05:00Z","player_anytime_td","Demond Claiborne",8,NA,NA,NA,NA,NA,0.0669642857142857
"2026-09-27T19:05:00Z","2026_03_MIN_TB","f1724dead3eab61546033032fc782375","2026-09-27T20:05:00Z","player_anytime_td","Emeka Egbuka",8,NA,NA,NA,NA,NA,0.322664584959667
"2026-09-27T19:05:00Z","2026_03_MIN_TB","f1724dead3eab61546033032fc782375","2026-09-27T20:05:00Z","player_anytime_td","Gavin Bartholomew",8,NA,NA,NA,NA,NA,0.032258064516129
"2026-09-27T19:05:00Z","2026_03_MIN_TB","f1724dead3eab61546033032fc782375","2026-09-27T20:05:00Z","player_anytime_td","Jalen McMillan",8,NA,NA,NA,NA,NA,0.142857142857143
"2026-09-27T19:05:00Z","2026_03_MIN_TB","f1724dead3eab61546033032fc782375","2026-09-27T20:05:00Z","player_anytime_td","Jauan Jennings",8,NA,NA,NA,NA,NA,0.165300546448087
"2026-09-27T19:05:00Z","2026_03_MIN_TB","f1724dead3eab61546033032fc782375","2026-09-27T20:05:00Z","player_anytime_td","Jordan Addison",8,NA,NA,NA,NA,NA,0.266666666666667
"2026-09-27T19:05:00Z","2026_03_MIN_TB","f1724dead3eab61546033032fc782375","2026-09-27T20:05:00Z","player_anytime_td","Josh Oliver",8,NA,NA,NA,NA,NA,0.142857142857143
"2026-09-27T19:05:00Z","2026_03_MIN_TB","f1724dead3eab61546033032fc782375","2026-09-27T20:05:00Z","player_anytime_td","Justin Jefferson",8,NA,NA,NA,NA,NA,0.398412698412698
"2026-09-27T19:05:00Z","2026_03_MIN_TB","f1724dead3eab61546033032fc782375","2026-09-27T20:05:00Z","player_anytime_td","Kameron Johnson",7,NA,NA,NA,NA,NA,0.0952380952380952
"2026-09-27T19:05:00Z","2026_03_MIN_TB","f1724dead3eab61546033032fc782375","2026-09-27T20:05:00Z","player_anytime_td","Kenny Gainwell",8,NA,NA,NA,NA,NA,0.254787406686141
"2026-09-27T19:05:00Z","2026_03_MIN_TB","f1724dead3eab61546033032fc782375","2026-09-27T20:05:00Z","player_anytime_td","Ko Kieft",6,NA,NA,NA,NA,NA,0.0434782608695652
"2026-09-27T19:05:00Z","2026_03_MIN_TB","f1724dead3eab61546033032fc782375","2026-09-27T20:05:00Z","player_anytime_td","Kyler Murray",8,NA,NA,NA,NA,NA,0.206207482993197
"2026-09-27T19:05:00Z","2026_03_MIN_TB","f1724dead3eab61546033032fc782375","2026-09-27T20:05:00Z","player_anytime_td","Max Bredeson",8,NA,NA,NA,NA,NA,0.0476190476190476
"2026-09-27T19:05:00Z","2026_03_MIN_TB","f1724dead3eab61546033032fc782375","2026-09-27T20:05:00Z","player_anytime_td","Myles Price",8,NA,NA,NA,NA,NA,0.0666666666666667
"2026-09-27T19:05:00Z","2026_03_MIN_TB","f1724dead3eab61546033032fc782375","2026-09-27T20:05:00Z","player_anytime_td","Payne Durham",8,NA,NA,NA,NA,NA,0.0409698996655518
"2026-09-27T19:05:00Z","2026_03_MIN_TB","f1724dead3eab61546033032fc782375","2026-09-27T20:05:00Z","player_anytime_td","Sean Tucker",8,NA,NA,NA,NA,NA,0.102631578947368
"2026-09-27T19:05:00Z","2026_03_MIN_TB","f1724dead3eab61546033032fc782375","2026-09-27T20:05:00Z","player_anytime_td","T.J. Hockenson",8,NA,NA,NA,NA,NA,0.238095238095238
"2026-09-27T19:05:00Z","2026_03_MIN_TB","f1724dead3eab61546033032fc782375","2026-09-27T20:05:00Z","player_anytime_td","Tai Felton",8,NA,NA,NA,NA,NA,0.0285947712418301
"2026-09-27T19:05:00Z","2026_03_MIN_TB","f1724dead3eab61546033032fc782375","2026-09-27T20:05:00Z","player_anytime_td","Ted Hurst III",8,NA,NA,NA,NA,NA,0.195238095238095
"2026-09-27T19:05:00Z","2026_03_MIN_TB","f1724dead3eab61546033032fc782375","2026-09-27T20:05:00Z","player_anytime_td","Tez Johnson",8,NA,NA,NA,NA,NA,0.1
"2026-09-27T16:00:00Z","2026_03_NE_JAX","1f3cfd315a24d1a7dd5859a8e6b88e18","2026-09-27T17:00:00Z","player_anytime_td","Ameer Abdullah",8,NA,NA,NA,NA,NA,0.1
"2026-09-27T16:00:00Z","2026_03_NE_JAX","1f3cfd315a24d1a7dd5859a8e6b88e18","2026-09-27T17:00:00Z","player_anytime_td","Bhayshul Tuten",8,NA,NA,NA,NA,NA,0.412414965986395
"2026-09-27T16:00:00Z","2026_03_NE_JAX","1f3cfd315a24d1a7dd5859a8e6b88e18","2026-09-27T17:00:00Z","player_anytime_td","Brenton Strange",8,NA,NA,NA,NA,NA,0.248533497993208
"2026-09-27T16:00:00Z","2026_03_NE_JAX","1f3cfd315a24d1a7dd5859a8e6b88e18","2026-09-27T17:00:00Z","player_anytime_td","Brian Thomas Jr",8,NA,NA,NA,NA,NA,0.263157894736842
"2026-09-27T16:00:00Z","2026_03_NE_JAX","1f3cfd315a24d1a7dd5859a8e6b88e18","2026-09-27T17:00:00Z","player_anytime_td","CJ Williams",1,NA,NA,NA,NA,NA,0.0833333333333333
"2026-09-27T16:00:00Z","2026_03_NE_JAX","1f3cfd315a24d1a7dd5859a8e6b88e18","2026-09-27T17:00:00Z","player_anytime_td","Cameron Latu",8,NA,NA,NA,NA,NA,0.0645833333333333
"2026-09-27T16:00:00Z","2026_03_NE_JAX","1f3cfd315a24d1a7dd5859a8e6b88e18","2026-09-27T17:00:00Z","player_anytime_td","Chris Rodriguez Jr.",8,NA,NA,NA,NA,NA,0.285714285714286
"2026-09-27T16:00:00Z","2026_03_NE_JAX","1f3cfd315a24d1a7dd5859a8e6b88e18","2026-09-27T17:00:00Z","player_anytime_td","Corey Kiner",8,NA,NA,NA,NA,NA,0.05
"2026-09-27T16:00:00Z","2026_03_NE_JAX","1f3cfd315a24d1a7dd5859a8e6b88e18","2026-09-27T17:00:00Z","player_anytime_td","DeMario Douglas",8,NA,NA,NA,NA,NA,0.204166666666667
"2026-09-27T16:00:00Z","2026_03_NE_JAX","1f3cfd315a24d1a7dd5859a8e6b88e18","2026-09-27T17:00:00Z","player_anytime_td","Drake Maye",8,NA,NA,NA,NA,NA,0.258075258075258
"2026-09-27T16:00:00Z","2026_03_NE_JAX","1f3cfd315a24d1a7dd5859a8e6b88e18","2026-09-27T17:00:00Z","player_anytime_td","Efton Chism III",8,NA,NA,NA,NA,NA,0.0645833333333333
"2026-09-27T16:00:00Z","2026_03_NE_JAX","1f3cfd315a24d1a7dd5859a8e6b88e18","2026-09-27T17:00:00Z","player_anytime_td","Eli Raridon",1,NA,NA,NA,NA,NA,0.111111111111111
"2026-09-27T16:00:00Z","2026_03_NE_JAX","1f3cfd315a24d1a7dd5859a8e6b88e18","2026-09-27T17:00:00Z","player_anytime_td","Hunter Henry",8,NA,NA,NA,NA,NA,0.294117647058824
"2026-09-27T16:00:00Z","2026_03_NE_JAX","1f3cfd315a24d1a7dd5859a8e6b88e18","2026-09-27T17:00:00Z","player_anytime_td","Jakobi Meyers",8,NA,NA,NA,NA,NA,0.285714285714286
"2026-09-27T16:00:00Z","2026_03_NE_JAX","1f3cfd315a24d1a7dd5859a8e6b88e18","2026-09-27T17:00:00Z","player_anytime_td","Josh Cameron",8,NA,NA,NA,NA,NA,0.0833333333333333
"2026-09-27T16:00:00Z","2026_03_NE_JAX","1f3cfd315a24d1a7dd5859a8e6b88e18","2026-09-27T17:00:00Z","player_anytime_td","Kyle Williams",8,NA,NA,NA,NA,NA,0.1
"2026-09-27T16:00:00Z","2026_03_NE_JAX","1f3cfd315a24d1a7dd5859a8e6b88e18","2026-09-27T17:00:00Z","player_anytime_td","LeQuint Allen Jr.",8,NA,NA,NA,NA,NA,0.0741758241758242
"2026-09-27T16:00:00Z","2026_03_NE_JAX","1f3cfd315a24d1a7dd5859a8e6b88e18","2026-09-27T17:00:00Z","player_anytime_td","Mack Hollins",8,NA,NA,NA,NA,NA,0.232558139534884
"2026-09-27T16:00:00Z","2026_03_NE_JAX","1f3cfd315a24d1a7dd5859a8e6b88e18","2026-09-27T17:00:00Z","player_anytime_td","Nate Boerkircher",8,NA,NA,NA,NA,NA,0.0976190476190476
"2026-09-27T16:00:00Z","2026_03_NE_JAX","1f3cfd315a24d1a7dd5859a8e6b88e18","2026-09-27T17:00:00Z","player_anytime_td","Parker Washington",8,NA,NA,NA,NA,NA,0.380986937590711
"2026-09-27T16:00:00Z","2026_03_NE_JAX","1f3cfd315a24d1a7dd5859a8e6b88e18","2026-09-27T17:00:00Z","player_anytime_td","Quintin Morris",8,NA,NA,NA,NA,NA,0.054093567251462
"2026-09-27T16:00:00Z","2026_03_NE_JAX","1f3cfd315a24d1a7dd5859a8e6b88e18","2026-09-27T17:00:00Z","player_anytime_td","Reggie Gilliam",8,NA,NA,NA,NA,NA,0.0513157894736842
"2026-09-27T16:00:00Z","2026_03_NE_JAX","1f3cfd315a24d1a7dd5859a8e6b88e18","2026-09-27T17:00:00Z","player_anytime_td","Rhamondre Stevenson",8,NA,NA,NA,NA,NA,0.416666666666667
"2026-09-27T16:00:00Z","2026_03_NE_JAX","1f3cfd315a24d1a7dd5859a8e6b88e18","2026-09-27T17:00:00Z","player_anytime_td","Romeo Doubs",8,NA,NA,NA,NA,NA,0.256410256410256
"2026-09-27T16:00:00Z","2026_03_NE_JAX","1f3cfd315a24d1a7dd5859a8e6b88e18","2026-09-27T17:00:00Z","player_anytime_td","Tanner Arkin",7,NA,NA,NA,NA,NA,0.0434782608695652
"2026-09-27T16:00:00Z","2026_03_NE_JAX","1f3cfd315a24d1a7dd5859a8e6b88e18","2026-09-27T17:00:00Z","player_anytime_td","Tanner Koziol",7,NA,NA,NA,NA,NA,0.05
"2026-09-27T16:00:00Z","2026_03_NE_JAX","1f3cfd315a24d1a7dd5859a8e6b88e18","2026-09-27T17:00:00Z","player_anytime_td","Travis Hunter",8,NA,NA,NA,NA,NA,0.0833333333333333
"2026-09-27T16:00:00Z","2026_03_NE_JAX","1f3cfd315a24d1a7dd5859a8e6b88e18","2026-09-27T17:00:00Z","player_anytime_td","TreVeyon Henderson",8,NA,NA,NA,NA,NA,0.357142857142857
"2026-09-27T16:00:00Z","2026_03_NE_JAX","1f3cfd315a24d1a7dd5859a8e6b88e18","2026-09-27T17:00:00Z","player_anytime_td","Trevor Lawrence",8,NA,NA,NA,NA,NA,0.254787406686141
"2026-09-27T16:00:00Z","2026_03_NYJ_DET","07f552badfa8a565d1be22123713e4da","2026-09-27T17:00:00Z","player_anytime_td","Amon-Ra St. Brown",8,NA,NA,NA,NA,NA,0.564268084298462
"2026-09-27T16:00:00Z","2026_03_NYJ_DET","07f552badfa8a565d1be22123713e4da","2026-09-27T17:00:00Z","player_anytime_td","Andrew Beck",8,NA,NA,NA,NA,NA,0.0339080459770115
"2026-09-27T16:00:00Z","2026_03_NYJ_DET","07f552badfa8a565d1be22123713e4da","2026-09-27T17:00:00Z","player_anytime_td","Braelon Allen",7,NA,NA,NA,NA,NA,0.256410256410256
"2026-09-27T16:00:00Z","2026_03_NYJ_DET","07f552badfa8a565d1be22123713e4da","2026-09-27T17:00:00Z","player_anytime_td","Breece Hall",7,NA,NA,NA,NA,NA,0.51219512195122
"2026-09-27T16:00:00Z","2026_03_NYJ_DET","07f552badfa8a565d1be22123713e4da","2026-09-27T17:00:00Z","player_anytime_td","Brock Wright",8,NA,NA,NA,NA,NA,0.112877583465819
"2026-09-27T16:00:00Z","2026_03_NYJ_DET","07f552badfa8a565d1be22123713e4da","2026-09-27T17:00:00Z","player_anytime_td","Garrett Wilson",8,NA,NA,NA,NA,NA,0.392156862745098
"2026-09-27T16:00:00Z","2026_03_NYJ_DET","07f552badfa8a565d1be22123713e4da","2026-09-27T17:00:00Z","player_anytime_td","Geno Smith",8,NA,NA,NA,NA,NA,0.111111111111111
"2026-09-27T16:00:00Z","2026_03_NYJ_DET","07f552badfa8a565d1be22123713e4da","2026-09-27T17:00:00Z","player_anytime_td","Isaac TeSlaa",8,NA,NA,NA,NA,NA,0.19047619047619
"2026-09-27T16:00:00Z","2026_03_NYJ_DET","07f552badfa8a565d1be22123713e4da","2026-09-27T17:00:00Z","player_anytime_td","Isaiah Davis",7,NA,NA,NA,NA,NA,0.0555555555555556
"2026-09-27T16:00:00Z","2026_03_NYJ_DET","07f552badfa8a565d1be22123713e4da","2026-09-27T17:00:00Z","player_anytime_td","Isaiah Williams",8,NA,NA,NA,NA,NA,0.227272727272727
"2026-09-27T16:00:00Z","2026_03_NYJ_DET","07f552badfa8a565d1be22123713e4da","2026-09-27T17:00:00Z","player_anytime_td","Jackson Meeks",7,NA,NA,NA,NA,NA,0.0666666666666667
"2026-09-27T16:00:00Z","2026_03_NYJ_DET","07f552badfa8a565d1be22123713e4da","2026-09-27T17:00:00Z","player_anytime_td","Jacob Saylors",8,NA,NA,NA,NA,NA,0.0444664031620553
"2026-09-27T16:00:00Z","2026_03_NYJ_DET","07f552badfa8a565d1be22123713e4da","2026-09-27T17:00:00Z","player_anytime_td","Jahmyr Gibbs",8,NA,NA,NA,NA,NA,0.751543209876543
"2026-09-27T16:00:00Z","2026_03_NYJ_DET","07f552badfa8a565d1be22123713e4da","2026-09-27T17:00:00Z","player_anytime_td","Jamaal Pritchett",5,NA,NA,NA,NA,NA,0.0555555555555556
"2026-09-27T16:00:00Z","2026_03_NYJ_DET","07f552badfa8a565d1be22123713e4da","2026-09-27T17:00:00Z","player_anytime_td","Jameson Williams",8,NA,NA,NA,NA,NA,0.401612903225806
"2026-09-27T16:00:00Z","2026_03_NYJ_DET","07f552badfa8a565d1be22123713e4da","2026-09-27T17:00:00Z","player_anytime_td","Jared Goff",8,NA,NA,NA,NA,NA,0.0513157894736842
"2026-09-27T16:00:00Z","2026_03_NYJ_DET","07f552badfa8a565d1be22123713e4da","2026-09-27T17:00:00Z","player_anytime_td","Jelani Woods",8,NA,NA,NA,NA,NA,0.0606617647058824
"2026-09-27T16:00:00Z","2026_03_NYJ_DET","07f552badfa8a565d1be22123713e4da","2026-09-27T17:00:00Z","player_anytime_td","Jeremy Ruckert",8,NA,NA,NA,NA,NA,0.11437908496732
"2026-09-27T16:00:00Z","2026_03_NYJ_DET","07f552badfa8a565d1be22123713e4da","2026-09-27T17:00:00Z","player_anytime_td","Kenyon Sadiq",8,NA,NA,NA,NA,NA,0.250039068604469
"2026-09-27T16:00:00Z","2026_03_NYJ_DET","07f552badfa8a565d1be22123713e4da","2026-09-27T17:00:00Z","player_anytime_td","Malik McClain",7,NA,NA,NA,NA,NA,0.0526315789473684
"2026-09-27T16:00:00Z","2026_03_NYJ_DET","07f552badfa8a565d1be22123713e4da","2026-09-27T17:00:00Z","player_anytime_td","Sam LaPorta",8,NA,NA,NA,NA,NA,0.357142857142857
"2026-09-27T16:00:00Z","2026_03_NYJ_DET","07f552badfa8a565d1be22123713e4da","2026-09-27T17:00:00Z","player_anytime_td","Sione Vaki",8,NA,NA,NA,NA,NA,0.127016129032258
"2026-09-27T16:00:00Z","2026_03_NYJ_DET","07f552badfa8a565d1be22123713e4da","2026-09-27T17:00:00Z","player_anytime_td","Sterling Shepard",5,NA,NA,NA,NA,NA,0.105263157894737
"2026-09-27T16:00:00Z","2026_03_NYJ_DET","07f552badfa8a565d1be22123713e4da","2026-09-27T17:00:00Z","player_anytime_td","Tay Martin",8,NA,NA,NA,NA,NA,0.0555555555555556
"2026-09-27T16:00:00Z","2026_03_NYJ_DET","07f552badfa8a565d1be22123713e4da","2026-09-27T17:00:00Z","player_anytime_td","Tom Kennedy",8,NA,NA,NA,NA,NA,0.0557275541795666
"2026-09-27T16:00:00Z","2026_03_NYJ_DET","07f552badfa8a565d1be22123713e4da","2026-09-27T17:00:00Z","player_anytime_td","Tyler Conklin",1,NA,NA,NA,NA,NA,0.0666666666666667
"2026-09-28T23:15:00Z","2026_03_PHI_CHI","47dc7baa254659f3beb2ed2b38c207b6","2026-09-29T00:15:00Z","player_anytime_td","Britain Covey",8,NA,NA,NA,NA,NA,0.0384615384615385
"2026-09-28T23:15:00Z","2026_03_PHI_CHI","47dc7baa254659f3beb2ed2b38c207b6","2026-09-29T00:15:00Z","player_anytime_td","Case Keenum",8,NA,NA,NA,NA,NA,0.0645833333333333
"2026-09-28T23:15:00Z","2026_03_PHI_CHI","47dc7baa254659f3beb2ed2b38c207b6","2026-09-29T00:15:00Z","player_anytime_td","Cole Kmet",8,NA,NA,NA,NA,NA,0.142857142857143
"2026-09-28T23:15:00Z","2026_03_PHI_CHI","47dc7baa254659f3beb2ed2b38c207b6","2026-09-29T00:15:00Z","player_anytime_td","Colston Loveland",8,NA,NA,NA,NA,NA,0.227272727272727
"2026-09-28T23:15:00Z","2026_03_PHI_CHI","47dc7baa254659f3beb2ed2b38c207b6","2026-09-29T00:15:00Z","player_anytime_td","D'Andre Swift",8,NA,NA,NA,NA,NA,0.50609756097561
"2026-09-28T23:15:00Z","2026_03_PHI_CHI","47dc7baa254659f3beb2ed2b38c207b6","2026-09-29T00:15:00Z","player_anytime_td","Darius Cooper",8,NA,NA,NA,NA,NA,0.111111111111111
"2026-09-28T23:15:00Z","2026_03_PHI_CHI","47dc7baa254659f3beb2ed2b38c207b6","2026-09-29T00:15:00Z","player_anytime_td","DeVonta Smith",8,NA,NA,NA,NA,NA,0.357142857142857
"2026-09-28T23:15:00Z","2026_03_PHI_CHI","47dc7baa254659f3beb2ed2b38c207b6","2026-09-29T00:15:00Z","player_anytime_td","Dontayvion Wicks",8,NA,NA,NA,NA,NA,0.245629897528632
"2026-09-28T23:15:00Z","2026_03_PHI_CHI","47dc7baa254659f3beb2ed2b38c207b6","2026-09-29T00:15:00Z","player_anytime_td","E.J. Jenkins",8,NA,NA,NA,NA,NA,0.0444664031620553
"2026-09-28T23:15:00Z","2026_03_PHI_CHI","47dc7baa254659f3beb2ed2b38c207b6","2026-09-29T00:15:00Z","player_anytime_td","Elijah Moore",7,NA,NA,NA,NA,NA,0.0434782608695652
"2026-09-28T23:15:00Z","2026_03_PHI_CHI","47dc7baa254659f3beb2ed2b38c207b6","2026-09-29T00:15:00Z","player_anytime_td","Hollywood Brown",1,NA,NA,NA,NA,NA,0.0666666666666667
"2026-09-28T23:15:00Z","2026_03_PHI_CHI","47dc7baa254659f3beb2ed2b38c207b6","2026-09-29T00:15:00Z","player_anytime_td","Jahdae Walker",8,NA,NA,NA,NA,NA,0.0513157894736842
"2026-09-28T23:15:00Z","2026_03_PHI_CHI","47dc7baa254659f3beb2ed2b38c207b6","2026-09-29T00:15:00Z","player_anytime_td","Jalen Hurts",8,NA,NA,NA,NA,NA,0.4
"2026-09-28T23:15:00Z","2026_03_PHI_CHI","47dc7baa254659f3beb2ed2b38c207b6","2026-09-29T00:15:00Z","player_anytime_td","Johnny Mundt",8,NA,NA,NA,NA,NA,0.117647058823529
"2026-09-28T23:15:00Z","2026_03_PHI_CHI","47dc7baa254659f3beb2ed2b38c207b6","2026-09-29T00:15:00Z","player_anytime_td","Kalif Raymond",8,NA,NA,NA,NA,NA,0.163333333333333
"2026-09-28T23:15:00Z","2026_03_PHI_CHI","47dc7baa254659f3beb2ed2b38c207b6","2026-09-29T00:15:00Z","player_anytime_td","Kyle Monangai",8,NA,NA,NA,NA,NA,0.357142857142857
"2026-09-28T23:15:00Z","2026_03_PHI_CHI","47dc7baa254659f3beb2ed2b38c207b6","2026-09-29T00:15:00Z","player_anytime_td","Luther Burden III",8,NA,NA,NA,NA,NA,0.222222222222222
"2026-09-28T23:15:00Z","2026_03_PHI_CHI","47dc7baa254659f3beb2ed2b38c207b6","2026-09-29T00:15:00Z","player_anytime_td","Makai Lemon",8,NA,NA,NA,NA,NA,0.19047619047619
"2026-09-28T23:15:00Z","2026_03_PHI_CHI","47dc7baa254659f3beb2ed2b38c207b6","2026-09-29T00:15:00Z","player_anytime_td","Rome Odunze",8,NA,NA,NA,NA,NA,0.186147186147186
"2026-09-28T23:15:00Z","2026_03_PHI_CHI","47dc7baa254659f3beb2ed2b38c207b6","2026-09-29T00:15:00Z","player_anytime_td","Roschon Johnson",8,NA,NA,NA,NA,NA,0.05
"2026-09-28T23:15:00Z","2026_03_PHI_CHI","47dc7baa254659f3beb2ed2b38c207b6","2026-09-29T00:15:00Z","player_anytime_td","Sam Roush",8,NA,NA,NA,NA,NA,0.0384615384615385
"2026-09-28T23:15:00Z","2026_03_PHI_CHI","47dc7baa254659f3beb2ed2b38c207b6","2026-09-29T00:15:00Z","player_anytime_td","Saquon Barkley",8,NA,NA,NA,NA,NA,0.534883720930233
"2026-09-28T23:15:00Z","2026_03_PHI_CHI","47dc7baa254659f3beb2ed2b38c207b6","2026-09-29T00:15:00Z","player_anytime_td","Tank Bigsby",8,NA,NA,NA,NA,NA,0.133333333333333
"2026-09-28T23:15:00Z","2026_03_PHI_CHI","47dc7baa254659f3beb2ed2b38c207b6","2026-09-29T00:15:00Z","player_anytime_td","Will Shipley",8,NA,NA,NA,NA,NA,0.117647058823529
"2026-09-28T23:15:00Z","2026_03_PHI_CHI","47dc7baa254659f3beb2ed2b38c207b6","2026-09-29T00:15:00Z","player_anytime_td","Zach Ertz",8,NA,NA,NA,NA,NA,0.156923076923077
"2026-09-28T23:15:00Z","2026_03_PHI_CHI","47dc7baa254659f3beb2ed2b38c207b6","2026-09-29T00:15:00Z","player_anytime_td","Zavion Thomas",8,NA,NA,NA,NA,NA,0.0308349146110057
"2026-09-27T16:00:00Z","2026_03_SEA_WAS","2a529c108305ffa049d8b6cfdbaa4d36","2026-09-27T17:00:00Z","player_anytime_td","AJ Barner",8,NA,NA,NA,NA,NA,0.25
"2026-09-27T16:00:00Z","2026_03_SEA_WAS","2a529c108305ffa049d8b6cfdbaa4d36","2026-09-27T17:00:00Z","player_anytime_td","Antonio Williams",8,NA,NA,NA,NA,NA,0.117647058823529
"2026-09-27T16:00:00Z","2026_03_SEA_WAS","2a529c108305ffa049d8b6cfdbaa4d36","2026-09-27T17:00:00Z","player_anytime_td","Ben Sinnott",8,NA,NA,NA,NA,NA,0.121323529411765
"2026-09-27T16:00:00Z","2026_03_SEA_WAS","2a529c108305ffa049d8b6cfdbaa4d36","2026-09-27T17:00:00Z","player_anytime_td","Brady Russell",8,NA,NA,NA,NA,NA,0.0277777777777778
"2026-09-27T16:00:00Z","2026_03_SEA_WAS","2a529c108305ffa049d8b6cfdbaa4d36","2026-09-27T17:00:00Z","player_anytime_td","Colson Yankoff",7,NA,NA,NA,NA,NA,0.0526315789473684
"2026-09-27T16:00:00Z","2026_03_SEA_WAS","2a529c108305ffa049d8b6cfdbaa4d36","2026-09-27T17:00:00Z","player_anytime_td","Cooper Kupp",8,NA,NA,NA,NA,NA,0.208333333333333
"2026-09-27T16:00:00Z","2026_03_SEA_WAS","2a529c108305ffa049d8b6cfdbaa4d36","2026-09-27T17:00:00Z","player_anytime_td","Dyami Brown",8,NA,NA,NA,NA,NA,0.1
"2026-09-27T16:00:00Z","2026_03_SEA_WAS","2a529c108305ffa049d8b6cfdbaa4d36","2026-09-27T17:00:00Z","player_anytime_td","Elijah Arroyo",8,NA,NA,NA,NA,NA,0.125
"2026-09-27T16:00:00Z","2026_03_SEA_WAS","2a529c108305ffa049d8b6cfdbaa4d36","2026-09-27T17:00:00Z","player_anytime_td","Emanuel Wilson",8,NA,NA,NA,NA,NA,0.303030303030303
"2026-09-27T16:00:00Z","2026_03_SEA_WAS","2a529c108305ffa049d8b6cfdbaa4d36","2026-09-27T17:00:00Z","player_anytime_td","Eric Saubert",8,NA,NA,NA,NA,NA,0.0625
"2026-09-27T16:00:00Z","2026_03_SEA_WAS","2a529c108305ffa049d8b6cfdbaa4d36","2026-09-27T17:00:00Z","player_anytime_td","George Holani",8,NA,NA,NA,NA,NA,0.204081632653061
"2026-09-27T16:00:00Z","2026_03_SEA_WAS","2a529c108305ffa049d8b6cfdbaa4d36","2026-09-27T17:00:00Z","player_anytime_td","Jacory Croskey-Merritt",8,NA,NA,NA,NA,NA,0.294117647058824
"2026-09-27T16:00:00Z","2026_03_SEA_WAS","2a529c108305ffa049d8b6cfdbaa4d36","2026-09-27T17:00:00Z","player_anytime_td","Jadarian Price",8,NA,NA,NA,NA,NA,0.408333333333333
"2026-09-27T16:00:00Z","2026_03_SEA_WAS","2a529c108305ffa049d8b6cfdbaa4d36","2026-09-27T17:00:00Z","player_anytime_td","Jaxon Smith-Njigba",8,NA,NA,NA,NA,NA,0.518002322880372
"2026-09-27T16:00:00Z","2026_03_SEA_WAS","2a529c108305ffa049d8b6cfdbaa4d36","2026-09-27T17:00:00Z","player_anytime_td","Jaylin Lane",7,NA,NA,NA,NA,NA,0.0625
"2026-09-27T16:00:00Z","2026_03_SEA_WAS","2a529c108305ffa049d8b6cfdbaa4d36","2026-09-27T17:00:00Z","player_anytime_td","John Bates",8,NA,NA,NA,NA,NA,0.0714285714285714
"2026-09-27T16:00:00Z","2026_03_SEA_WAS","2a529c108305ffa049d8b6cfdbaa4d36","2026-09-27T17:00:00Z","player_anytime_td","Kaytron Allen",8,NA,NA,NA,NA,NA,0.0909090909090909
"2026-09-27T16:00:00Z","2026_03_SEA_WAS","2a529c108305ffa049d8b6cfdbaa4d36","2026-09-27T17:00:00Z","player_anytime_td","Luke McCaffrey",7,NA,NA,NA,NA,NA,0.0526315789473684
"2026-09-27T16:00:00Z","2026_03_SEA_WAS","2a529c108305ffa049d8b6cfdbaa4d36","2026-09-27T17:00:00Z","player_anytime_td","Marcus Mariota",8,NA,NA,NA,NA,NA,0.166206896551724
"2026-09-27T16:00:00Z","2026_03_SEA_WAS","2a529c108305ffa049d8b6cfdbaa4d36","2026-09-27T17:00:00Z","player_anytime_td","Nick Kallerup",7,NA,NA,NA,NA,NA,0.0555555555555556
"2026-09-27T16:00:00Z","2026_03_SEA_WAS","2a529c108305ffa049d8b6cfdbaa4d36","2026-09-27T17:00:00Z","player_anytime_td","Rachaad White",8,NA,NA,NA,NA,NA,0.236694677871148
"2026-09-27T16:00:00Z","2026_03_SEA_WAS","2a529c108305ffa049d8b6cfdbaa4d36","2026-09-27T17:00:00Z","player_anytime_td","Rashid Shaheed",8,NA,NA,NA,NA,NA,0.246951219512195
"2026-09-27T16:00:00Z","2026_03_SEA_WAS","2a529c108305ffa049d8b6cfdbaa4d36","2026-09-27T17:00:00Z","player_anytime_td","Sam Darnold",7,NA,NA,NA,NA,NA,0.1
"2026-09-27T16:00:00Z","2026_03_SEA_WAS","2a529c108305ffa049d8b6cfdbaa4d36","2026-09-27T17:00:00Z","player_anytime_td","Stefon Diggs",8,NA,NA,NA,NA,NA,0.198194662480377
"2026-09-27T16:00:00Z","2026_03_SEA_WAS","2a529c108305ffa049d8b6cfdbaa4d36","2026-09-27T17:00:00Z","player_anytime_td","Terry McLaurin",8,NA,NA,NA,NA,NA,0.227272727272727
"2026-09-27T16:00:00Z","2026_03_SEA_WAS","2a529c108305ffa049d8b6cfdbaa4d36","2026-09-27T17:00:00Z","player_anytime_td","Tory Horton",8,NA,NA,NA,NA,NA,0.117647058823529
"2026-09-27T16:00:00Z","2026_03_SEA_WAS","2a529c108305ffa049d8b6cfdbaa4d36","2026-09-27T17:00:00Z","player_anytime_td","Treylon Burks",8,NA,NA,NA,NA,NA,0.0588235294117647
"2026-09-27T16:00:00Z","2026_03_SEA_WAS","2a529c108305ffa049d8b6cfdbaa4d36","2026-09-27T17:00:00Z","player_anytime_td","Velus Jones Jr.",6,NA,NA,NA,NA,NA,0.05
"2026-09-27T16:00:00Z","2026_03_TEN_NYG","555afd4a27aaa392662881cffa8f2eef","2026-09-27T17:00:00Z","player_anytime_td","Braxton Berrios",7,NA,NA,NA,NA,NA,0.0526315789473684
"2026-09-27T16:00:00Z","2026_03_TEN_NYG","555afd4a27aaa392662881cffa8f2eef","2026-09-27T17:00:00Z","player_anytime_td","Calvin Ridley",8,NA,NA,NA,NA,NA,0.11437908496732
"2026-09-27T16:00:00Z","2026_03_TEN_NYG","555afd4a27aaa392662881cffa8f2eef","2026-09-27T17:00:00Z","player_anytime_td","Cam Skattebo",8,NA,NA,NA,NA,NA,0.49390243902439
"2026-09-27T16:00:00Z","2026_03_TEN_NYG","555afd4a27aaa392662881cffa8f2eef","2026-09-27T17:00:00Z","player_anytime_td","Cam Ward",8,NA,NA,NA,NA,NA,0.166666666666667
"2026-09-27T16:00:00Z","2026_03_TEN_NYG","555afd4a27aaa392662881cffa8f2eef","2026-09-27T17:00:00Z","player_anytime_td","Carnell Tate",8,NA,NA,NA,NA,NA,0.229109804744909
"2026-09-27T16:00:00Z","2026_03_TEN_NYG","555afd4a27aaa392662881cffa8f2eef","2026-09-27T17:00:00Z","player_anytime_td","Chimere Dike",8,NA,NA,NA,NA,NA,0.0769230769230769
"2026-09-27T16:00:00Z","2026_03_TEN_NYG","555afd4a27aaa392662881cffa8f2eef","2026-09-27T17:00:00Z","player_anytime_td","Chris Manhertz",8,NA,NA,NA,NA,NA,0.0277777777777778
"2026-09-27T16:00:00Z","2026_03_TEN_NYG","555afd4a27aaa392662881cffa8f2eef","2026-09-27T17:00:00Z","player_anytime_td","Daniel Bellinger",8,NA,NA,NA,NA,NA,0.0666666666666667
"2026-09-27T16:00:00Z","2026_03_TEN_NYG","555afd4a27aaa392662881cffa8f2eef","2026-09-27T17:00:00Z","player_anytime_td","Darnell Mooney",8,NA,NA,NA,NA,NA,0.125
"2026-09-27T16:00:00Z","2026_03_TEN_NYG","555afd4a27aaa392662881cffa8f2eef","2026-09-27T17:00:00Z","player_anytime_td","David Martin-Robinson",8,NA,NA,NA,NA,NA,0.0339080459770115
"2026-09-27T16:00:00Z","2026_03_TEN_NYG","555afd4a27aaa392662881cffa8f2eef","2026-09-27T17:00:00Z","player_anytime_td","Elic Ayomanor",8,NA,NA,NA,NA,NA,0.131182795698925
"2026-09-27T16:00:00Z","2026_03_TEN_NYG","555afd4a27aaa392662881cffa8f2eef","2026-09-27T17:00:00Z","player_anytime_td","Gunnar Helm",8,NA,NA,NA,NA,NA,0.166666666666667
"2026-09-27T16:00:00Z","2026_03_TEN_NYG","555afd4a27aaa392662881cffa8f2eef","2026-09-27T17:00:00Z","player_anytime_td","Isaiah Likely",8,NA,NA,NA,NA,NA,0.254787406686141
"2026-09-27T16:00:00Z","2026_03_TEN_NYG","555afd4a27aaa392662881cffa8f2eef","2026-09-27T17:00:00Z","player_anytime_td","Jameis Winston",7,NA,NA,NA,NA,NA,0.142857142857143
"2026-09-27T16:00:00Z","2026_03_TEN_NYG","555afd4a27aaa392662881cffa8f2eef","2026-09-27T17:00:00Z","player_anytime_td","Julius Chestnut",7,NA,NA,NA,NA,NA,0.0476190476190476
"2026-09-27T16:00:00Z","2026_03_TEN_NYG","555afd4a27aaa392662881cffa8f2eef","2026-09-27T17:00:00Z","player_anytime_td","Kylen Granson",1,NA,NA,NA,NA,NA,0.04
"2026-09-27T16:00:00Z","2026_03_TEN_NYG","555afd4a27aaa392662881cffa8f2eef","2026-09-27T17:00:00Z","player_anytime_td","Malachi Fields",8,NA,NA,NA,NA,NA,0.163333333333333
"2026-09-27T16:00:00Z","2026_03_TEN_NYG","555afd4a27aaa392662881cffa8f2eef","2026-09-27T17:00:00Z","player_anytime_td","Malik Nabers",8,NA,NA,NA,NA,NA,0.303030303030303
"2026-09-27T16:00:00Z","2026_03_TEN_NYG","555afd4a27aaa392662881cffa8f2eef","2026-09-27T17:00:00Z","player_anytime_td","Najee Harris",8,NA,NA,NA,NA,NA,0.2
"2026-09-27T16:00:00Z","2026_03_TEN_NYG","555afd4a27aaa392662881cffa8f2eef","2026-09-27T17:00:00Z","player_anytime_td","Nicholas Singleton",7,NA,NA,NA,NA,NA,0.129032258064516
"2026-09-27T16:00:00Z","2026_03_TEN_NYG","555afd4a27aaa392662881cffa8f2eef","2026-09-27T17:00:00Z","player_anytime_td","Odell Beckham Jr.",8,NA,NA,NA,NA,NA,0.0455486542443064
"2026-09-27T16:00:00Z","2026_03_TEN_NYG","555afd4a27aaa392662881cffa8f2eef","2026-09-27T17:00:00Z","player_anytime_td","Patrick Ricard",8,NA,NA,NA,NA,NA,0.032258064516129
"2026-09-27T16:00:00Z","2026_03_TEN_NYG","555afd4a27aaa392662881cffa8f2eef","2026-09-27T17:00:00Z","player_anytime_td","Theo Johnson",8,NA,NA,NA,NA,NA,0.111455108359133
"2026-09-27T16:00:00Z","2026_03_TEN_NYG","555afd4a27aaa392662881cffa8f2eef","2026-09-27T17:00:00Z","player_anytime_td","Thomas Fidone",1,NA,NA,NA,NA,NA,0.0285714285714286
"2026-09-27T16:00:00Z","2026_03_TEN_NYG","555afd4a27aaa392662881cffa8f2eef","2026-09-27T17:00:00Z","player_anytime_td","Tony Pollard",8,NA,NA,NA,NA,NA,0.421099290780142
"2026-09-27T16:00:00Z","2026_03_TEN_NYG","555afd4a27aaa392662881cffa8f2eef","2026-09-27T17:00:00Z","player_anytime_td","Tyjae Spears",8,NA,NA,NA,NA,NA,0.18452380952381
"2026-09-27T16:00:00Z","2026_03_TEN_NYG","555afd4a27aaa392662881cffa8f2eef","2026-09-27T17:00:00Z","player_anytime_td","Tyrone Tracy Jr.",8,NA,NA,NA,NA,NA,0.133333333333333
"2026-09-27T16:00:00Z","2026_03_TEN_NYG","555afd4a27aaa392662881cffa8f2eef","2026-09-27T17:00:00Z","player_anytime_td","Wan'Dale Robinson",8,NA,NA,NA,NA,NA,0.186147186147186
