"pulled_at","event_id","commence_time","home","away","n_books","home_spread","total"
"2026-09-24T02:48:37Z","e5fbd3b3953b896b1bf897ddadb3cc4b","2026-09-25T00:15:00Z","GB","ATL",9,5,43
"2026-09-24T02:48:37Z","b225458a282e140c44c45651255f2f6c","2026-09-27T17:00:00Z","BUF","LAC",9,7.5,50
"2026-09-24T02:48:37Z","613b8cd3a5fab58f7be4e3fd6f76223e","2026-09-27T17:00:00Z","CLE","CAR",9,-3,42
"2026-09-24T02:48:37Z","71123be049587b6facce3a20c53e5d09","2026-09-27T17:00:00Z","PIT","CIN",9,-3.5,42.5
"2026-09-24T02:48:37Z","07f552badfa8a565d1be22123713e4da","2026-09-27T17:00:00Z","DET","NYJ",9,6.5,47.5
"2026-09-24T02:48:37Z","17a730b7d399feeab6a78c30767c29d2","2026-09-27T17:00:00Z","IND","HOU",9,-2.5,42.5
"2026-09-24T02:48:37Z","1f3cfd315a24d1a7dd5859a8e6b88e18","2026-09-27T17:00:00Z","JAX","NE",9,3,45.5
"2026-09-24T02:48:37Z","0339a0e41bcee12820eb3e64bb5fadb4","2026-09-27T17:00:00Z","MIA","KC",9,-11,46
"2026-09-24T02:48:37Z","555afd4a27aaa392662881cffa8f2eef","2026-09-27T17:00:00Z","NYG","TEN",9,3,39.5
"2026-09-24T02:48:37Z","2a529c108305ffa049d8b6cfdbaa4d36","2026-09-27T17:00:00Z","WAS","SEA",9,-7,40
"2026-09-24T02:48:37Z","9d2b09e0f9b6dd5ce0d985894f4f98fa","2026-09-27T20:05:00Z","SF","ARI",9,8.5,48
"2026-09-24T02:48:37Z","f1724dead3eab61546033032fc782375","2026-09-27T20:05:00Z","TB","MIN",9,-1.5,42.5
"2026-09-24T02:48:37Z","84cfca14efc21363fd605508404cf1ff","2026-09-27T20:25:00Z","DAL","BAL",9,-3.5,52.5
"2026-09-24T02:48:37Z","2e523fcb0497aa689473e290eb2b97de","2026-09-27T20:25:00Z","NO","LV",9,3,43.5
"2026-09-24T02:48:37Z","3bfd8bfb4b8e9a365a0877879b73b16b","2026-09-28T00:20:00Z","DEN","LA",9,-2.5,44.5
"2026-09-24T02:48:37Z","47dc7baa254659f3beb2ed2b38c207b6","2026-09-29T00:15:00Z","CHI","PHI",9,-4.5,41
"2026-09-24T02:48:37Z","d55cb69fed50a09170560b5b75d8de86","2026-10-02T00:15:00Z","CLE","PIT",8,-2.5,37.5
"2026-09-24T02:48:37Z","c9d8ed8aa4889486eaf10a630138ede0","2026-10-04T13:30:00Z","WAS","IND",6,-4.5,46
"2026-09-24T02:48:37Z","664e6bda5721dc63be16bcf7d962a436","2026-10-04T17:00:00Z","NYG","ARI",4,2.5,43.5
"2026-09-24T02:48:37Z","f01589b0e7e6dd4f4ac1220a1db81f53","2026-10-04T17:00:00Z","BAL","TEN",6,10.5,44.75
"2026-09-24T02:48:37Z","573cc0ef39631a4f6673ec843a8bedd4","2026-10-04T17:00:00Z","BUF","NE",6,5.5,50
"2026-09-24T02:48:37Z","164e6eb68f31bac190381903c3cccd31","2026-10-04T17:00:00Z","CHI","NYJ",6,3.5,43.25
"2026-09-24T02:48:37Z","2ea94ddf20f66432b9024fe2e2eaba5f","2026-10-04T17:00:00Z","CIN","JAX",6,2.5,50.25
"2026-09-24T02:48:37Z","daf55e2df5341c007fee5a0fc5bbc2d4","2026-10-04T17:00:00Z","HOU","DAL",6,3,47.5
"2026-09-24T02:48:37Z","99a9bae4dc0dc2590496bd3102b211f2","2026-10-04T17:00:00Z","TB","GB",7,-1.5,46
"2026-09-24T02:48:37Z","1b4f2e60ce83fa1d63a5dff83769d27c","2026-10-04T17:00:00Z","PHI","LA",6,-2.5,46
"2026-09-24T02:48:37Z","c327223d76a3b7b0db8c6c104442f44b","2026-10-04T20:05:00Z","MIN","MIA",6,10.5,42.5
"2026-09-24T02:48:37Z","a7e7efb75a9792ac63480ae6328dca18","2026-10-04T20:25:00Z","SF","DEN",6,3.5,46
"2026-09-24T02:48:37Z","e0cbd266dcf997089203a1b33ba0333d","2026-10-04T20:25:00Z","LV","KC",6,-5.5,45.5
"2026-09-24T02:48:37Z","96d2373cda647873b971f268482bced0","2026-10-04T20:25:00Z","SEA","LAC",6,6.5,43.5
"2026-09-24T02:48:37Z","a73a76599a4f3422803e57bd8f61b626","2026-10-05T00:20:00Z","CAR","DET",7,-2.5,49.5
"2026-09-24T02:48:37Z","8bd90781e17e6d97df3941063cedae1e","2026-10-06T00:15:00Z","NO","ATL",6,3.5,45.5
"2026-09-24T05:05:15Z","e5fbd3b3953b896b1bf897ddadb3cc4b","2026-09-25T00:15:00Z","GB","ATL",9,5,43
"2026-09-24T05:05:15Z","b225458a282e140c44c45651255f2f6c","2026-09-27T17:00:00Z","BUF","LAC",9,7.5,50
"2026-09-24T05:05:15Z","613b8cd3a5fab58f7be4e3fd6f76223e","2026-09-27T17:00:00Z","CLE","CAR",9,-3,42
"2026-09-24T05:05:15Z","71123be049587b6facce3a20c53e5d09","2026-09-27T17:00:00Z","PIT","CIN",9,-3.5,42.5
"2026-09-24T05:05:15Z","07f552badfa8a565d1be22123713e4da","2026-09-27T17:00:00Z","DET","NYJ",9,6.5,47.5
"2026-09-24T05:05:15Z","17a730b7d399feeab6a78c30767c29d2","2026-09-27T17:00:00Z","IND","HOU",9,-2.5,42.5
"2026-09-24T05:05:15Z","1f3cfd315a24d1a7dd5859a8e6b88e18","2026-09-27T17:00:00Z","JAX","NE",9,3,45.5
"2026-09-24T05:05:15Z","0339a0e41bcee12820eb3e64bb5fadb4","2026-09-27T17:00:00Z","MIA","KC",9,-11,46
"2026-09-24T05:05:15Z","555afd4a27aaa392662881cffa8f2eef","2026-09-27T17:00:00Z","NYG","TEN",9,3,39.5
"2026-09-24T05:05:15Z","2a529c108305ffa049d8b6cfdbaa4d36","2026-09-27T17:00:00Z","WAS","SEA",9,-7,40
"2026-09-24T05:05:15Z","9d2b09e0f9b6dd5ce0d985894f4f98fa","2026-09-27T20:05:00Z","SF","ARI",9,8.5,48
"2026-09-24T05:05:15Z","f1724dead3eab61546033032fc782375","2026-09-27T20:05:00Z","TB","MIN",9,-1.5,42.5
"2026-09-24T05:05:15Z","84cfca14efc21363fd605508404cf1ff","2026-09-27T20:25:00Z","DAL","BAL",9,-3.5,52.5
"2026-09-24T05:05:15Z","2e523fcb0497aa689473e290eb2b97de","2026-09-27T20:25:00Z","NO","LV",9,3,43.5
"2026-09-24T05:05:15Z","3bfd8bfb4b8e9a365a0877879b73b16b","2026-09-28T00:20:00Z","DEN","LA",9,-2.5,44.5
"2026-09-24T05:05:15Z","47dc7baa254659f3beb2ed2b38c207b6","2026-09-29T00:15:00Z","CHI","PHI",9,-4.5,41
"2026-09-24T05:05:15Z","d55cb69fed50a09170560b5b75d8de86","2026-10-02T00:15:00Z","CLE","PIT",8,-2.5,37.5
"2026-09-24T05:05:15Z","c9d8ed8aa4889486eaf10a630138ede0","2026-10-04T13:30:00Z","WAS","IND",6,-4.5,46
"2026-09-24T05:05:15Z","664e6bda5721dc63be16bcf7d962a436","2026-10-04T17:00:00Z","NYG","ARI",4,2.5,43.5
"2026-09-24T05:05:15Z","f01589b0e7e6dd4f4ac1220a1db81f53","2026-10-04T17:00:00Z","BAL","TEN",6,10.5,44.75
"2026-09-24T05:05:15Z","573cc0ef39631a4f6673ec843a8bedd4","2026-10-04T17:00:00Z","BUF","NE",6,5.5,50
"2026-09-24T05:05:15Z","164e6eb68f31bac190381903c3cccd31","2026-10-04T17:00:00Z","CHI","NYJ",6,3.5,43.25
"2026-09-24T05:05:15Z","2ea94ddf20f66432b9024fe2e2eaba5f","2026-10-04T17:00:00Z","CIN","JAX",6,2.5,50.25
"2026-09-24T05:05:15Z","daf55e2df5341c007fee5a0fc5bbc2d4","2026-10-04T17:00:00Z","HOU","DAL",6,3,47.5
"2026-09-24T05:05:15Z","99a9bae4dc0dc2590496bd3102b211f2","2026-10-04T17:00:00Z","TB","GB",7,-1.5,46
"2026-09-24T05:05:15Z","1b4f2e60ce83fa1d63a5dff83769d27c","2026-10-04T17:00:00Z","PHI","LA",6,-2.5,46
"2026-09-24T05:05:15Z","c327223d76a3b7b0db8c6c104442f44b","2026-10-04T20:05:00Z","MIN","MIA",6,10.5,42.5
"2026-09-24T05:05:15Z","a7e7efb75a9792ac63480ae6328dca18","2026-10-04T20:25:00Z","SF","DEN",6,3.5,46
"2026-09-24T05:05:15Z","e0cbd266dcf997089203a1b33ba0333d","2026-10-04T20:25:00Z","LV","KC",6,-5.5,45.5
"2026-09-24T05:05:15Z","96d2373cda647873b971f268482bced0","2026-10-04T20:25:00Z","SEA","LAC",6,6.5,43.5
"2026-09-24T05:05:15Z","a73a76599a4f3422803e57bd8f61b626","2026-10-05T00:20:00Z","CAR","DET",7,-2.5,49.5
"2026-09-24T05:05:15Z","8bd90781e17e6d97df3941063cedae1e","2026-10-06T00:15:00Z","NO","ATL",6,3.5,45.5
"2026-09-24T07:09:57Z","e5fbd3b3953b896b1bf897ddadb3cc4b","2026-09-25T00:15:00Z","GB","ATL",9,4.5,43
"2026-09-24T07:09:57Z","b225458a282e140c44c45651255f2f6c","2026-09-27T17:00:00Z","BUF","LAC",9,7.5,50
"2026-09-24T07:09:57Z","613b8cd3a5fab58f7be4e3fd6f76223e","2026-09-27T17:00:00Z","CLE","CAR",9,-3,42
"2026-09-24T07:09:57Z","71123be049587b6facce3a20c53e5d09","2026-09-27T17:00:00Z","PIT","CIN",9,-3.5,42.5
"2026-09-24T07:09:57Z","07f552badfa8a565d1be22123713e4da","2026-09-27T17:00:00Z","DET","NYJ",9,6.5,47.5
"2026-09-24T07:09:57Z","17a730b7d399feeab6a78c30767c29d2","2026-09-27T17:00:00Z","IND","HOU",9,-2.5,42.5
"2026-09-24T07:09:57Z","1f3cfd315a24d1a7dd5859a8e6b88e18","2026-09-27T17:00:00Z","JAX","NE",9,3,45.5
"2026-09-24T07:09:57Z","0339a0e41bcee12820eb3e64bb5fadb4","2026-09-27T17:00:00Z","MIA","KC",9,-11,46
"2026-09-24T07:09:57Z","555afd4a27aaa392662881cffa8f2eef","2026-09-27T17:00:00Z","NYG","TEN",9,3,39.5
"2026-09-24T07:09:57Z","2a529c108305ffa049d8b6cfdbaa4d36","2026-09-27T17:00:00Z","WAS","SEA",9,-7,40
"2026-09-24T07:09:57Z","9d2b09e0f9b6dd5ce0d985894f4f98fa","2026-09-27T20:05:00Z","SF","ARI",9,8.5,48
"2026-09-24T07:09:57Z","f1724dead3eab61546033032fc782375","2026-09-27T20:05:00Z","TB","MIN",9,-1.5,42.5
"2026-09-24T07:09:57Z","84cfca14efc21363fd605508404cf1ff","2026-09-27T20:25:00Z","DAL","BAL",9,-3.5,52.5
"2026-09-24T07:09:57Z","2e523fcb0497aa689473e290eb2b97de","2026-09-27T20:25:00Z","NO","LV",9,3,43.5
"2026-09-24T07:09:57Z","3bfd8bfb4b8e9a365a0877879b73b16b","2026-09-28T00:20:00Z","DEN","LA",9,-2.5,44.5
"2026-09-24T07:09:57Z","47dc7baa254659f3beb2ed2b38c207b6","2026-09-29T00:15:00Z","CHI","PHI",9,-4.5,41
"2026-09-24T07:09:57Z","d55cb69fed50a09170560b5b75d8de86","2026-10-02T00:15:00Z","CLE","PIT",8,-2.5,37.5
"2026-09-24T07:09:57Z","c9d8ed8aa4889486eaf10a630138ede0","2026-10-04T13:30:00Z","WAS","IND",6,-4.5,46
"2026-09-24T07:09:57Z","664e6bda5721dc63be16bcf7d962a436","2026-10-04T17:00:00Z","NYG","ARI",4,2.5,43.5
"2026-09-24T07:09:57Z","f01589b0e7e6dd4f4ac1220a1db81f53","2026-10-04T17:00:00Z","BAL","TEN",6,10.5,44.75
"2026-09-24T07:09:57Z","573cc0ef39631a4f6673ec843a8bedd4","2026-10-04T17:00:00Z","BUF","NE",6,5.5,50
"2026-09-24T07:09:57Z","164e6eb68f31bac190381903c3cccd31","2026-10-04T17:00:00Z","CHI","NYJ",6,3.5,43.25
"2026-09-24T07:09:57Z","2ea94ddf20f66432b9024fe2e2eaba5f","2026-10-04T17:00:00Z","CIN","JAX",6,2.5,50.25
"2026-09-24T07:09:57Z","daf55e2df5341c007fee5a0fc5bbc2d4","2026-10-04T17:00:00Z","HOU","DAL",6,3,47.5
"2026-09-24T07:09:57Z","99a9bae4dc0dc2590496bd3102b211f2","2026-10-04T17:00:00Z","TB","GB",7,-1.5,46
"2026-09-24T07:09:57Z","1b4f2e60ce83fa1d63a5dff83769d27c","2026-10-04T17:00:00Z","PHI","LA",6,-2.5,46
"2026-09-24T07:09:57Z","c327223d76a3b7b0db8c6c104442f44b","2026-10-04T20:05:00Z","MIN","MIA",6,10.5,42.5
"2026-09-24T07:09:57Z","a7e7efb75a9792ac63480ae6328dca18","2026-10-04T20:25:00Z","SF","DEN",6,3.5,46
"2026-09-24T07:09:57Z","e0cbd266dcf997089203a1b33ba0333d","2026-10-04T20:25:00Z","LV","KC",6,-5.5,45.5
"2026-09-24T07:09:57Z","96d2373cda647873b971f268482bced0","2026-10-04T20:25:00Z","SEA","LAC",6,6.5,43.5
"2026-09-24T07:09:57Z","a73a76599a4f3422803e57bd8f61b626","2026-10-05T00:20:00Z","CAR","DET",7,-2.5,49.5
"2026-09-24T07:09:57Z","8bd90781e17e6d97df3941063cedae1e","2026-10-06T00:15:00Z","NO","ATL",6,3.5,45.5
"2026-09-24T07:22:21Z","e5fbd3b3953b896b1bf897ddadb3cc4b","2026-09-25T00:15:00Z","GB","ATL",9,4.5,43
"2026-09-24T07:22:21Z","b225458a282e140c44c45651255f2f6c","2026-09-27T17:00:00Z","BUF","LAC",9,7.5,50
"2026-09-24T07:22:21Z","613b8cd3a5fab58f7be4e3fd6f76223e","2026-09-27T17:00:00Z","CLE","CAR",9,-3,42
"2026-09-24T07:22:21Z","71123be049587b6facce3a20c53e5d09","2026-09-27T17:00:00Z","PIT","CIN",9,-3.5,42.5
"2026-09-24T07:22:21Z","07f552badfa8a565d1be22123713e4da","2026-09-27T17:00:00Z","DET","NYJ",9,6.5,47.5
"2026-09-24T07:22:21Z","17a730b7d399feeab6a78c30767c29d2","2026-09-27T17:00:00Z","IND","HOU",9,-2.5,42.5
"2026-09-24T07:22:21Z","1f3cfd315a24d1a7dd5859a8e6b88e18","2026-09-27T17:00:00Z","JAX","NE",9,3,45.5
"2026-09-24T07:22:21Z","0339a0e41bcee12820eb3e64bb5fadb4","2026-09-27T17:00:00Z","MIA","KC",9,-11,46
"2026-09-24T07:22:21Z","555afd4a27aaa392662881cffa8f2eef","2026-09-27T17:00:00Z","NYG","TEN",9,3,39.5
"2026-09-24T07:22:21Z","2a529c108305ffa049d8b6cfdbaa4d36","2026-09-27T17:00:00Z","WAS","SEA",9,-7,40
"2026-09-24T07:22:21Z","9d2b09e0f9b6dd5ce0d985894f4f98fa","2026-09-27T20:05:00Z","SF","ARI",9,8.5,48
"2026-09-24T07:22:21Z","f1724dead3eab61546033032fc782375","2026-09-27T20:05:00Z","TB","MIN",9,-1.5,42.5
"2026-09-24T07:22:21Z","84cfca14efc21363fd605508404cf1ff","2026-09-27T20:25:00Z","DAL","BAL",9,-3.5,52.5
"2026-09-24T07:22:21Z","2e523fcb0497aa689473e290eb2b97de","2026-09-27T20:25:00Z","NO","LV",9,3,43.5
"2026-09-24T07:22:21Z","3bfd8bfb4b8e9a365a0877879b73b16b","2026-09-28T00:20:00Z","DEN","LA",9,-2.5,44.5
"2026-09-24T07:22:21Z","47dc7baa254659f3beb2ed2b38c207b6","2026-09-29T00:15:00Z","CHI","PHI",9,-4.5,41
"2026-09-24T07:22:21Z","d55cb69fed50a09170560b5b75d8de86","2026-10-02T00:15:00Z","CLE","PIT",8,-2.5,37.5
"2026-09-24T07:22:21Z","c9d8ed8aa4889486eaf10a630138ede0","2026-10-04T13:30:00Z","WAS","IND",6,-4.5,46
"2026-09-24T07:22:21Z","664e6bda5721dc63be16bcf7d962a436","2026-10-04T17:00:00Z","NYG","ARI",4,2.5,43.5
"2026-09-24T07:22:21Z","f01589b0e7e6dd4f4ac1220a1db81f53","2026-10-04T17:00:00Z","BAL","TEN",6,10.5,44.75
"2026-09-24T07:22:21Z","573cc0ef39631a4f6673ec843a8bedd4","2026-10-04T17:00:00Z","BUF","NE",6,5.5,50
"2026-09-24T07:22:21Z","164e6eb68f31bac190381903c3cccd31","2026-10-04T17:00:00Z","CHI","NYJ",6,3.5,43.25
"2026-09-24T07:22:21Z","2ea94ddf20f66432b9024fe2e2eaba5f","2026-10-04T17:00:00Z","CIN","JAX",6,2.5,50.25
"2026-09-24T07:22:21Z","daf55e2df5341c007fee5a0fc5bbc2d4","2026-10-04T17:00:00Z","HOU","DAL",6,3,47.5
"2026-09-24T07:22:21Z","99a9bae4dc0dc2590496bd3102b211f2","2026-10-04T17:00:00Z","TB","GB",7,-1.5,46
"2026-09-24T07:22:21Z","1b4f2e60ce83fa1d63a5dff83769d27c","2026-10-04T17:00:00Z","PHI","LA",6,-2.5,46
"2026-09-24T07:22:21Z","c327223d76a3b7b0db8c6c104442f44b","2026-10-04T20:05:00Z","MIN","MIA",6,10.5,42.5
"2026-09-24T07:22:21Z","a7e7efb75a9792ac63480ae6328dca18","2026-10-04T20:25:00Z","SF","DEN",6,3.5,46
"2026-09-24T07:22:21Z","e0cbd266dcf997089203a1b33ba0333d","2026-10-04T20:25:00Z","LV","KC",6,-5.5,45.5
"2026-09-24T07:22:21Z","96d2373cda647873b971f268482bced0","2026-10-04T20:25:00Z","SEA","LAC",6,6.5,43.5
"2026-09-24T07:22:21Z","a73a76599a4f3422803e57bd8f61b626","2026-10-05T00:20:00Z","CAR","DET",7,-2.5,49.5
"2026-09-24T07:22:21Z","8bd90781e17e6d97df3941063cedae1e","2026-10-06T00:15:00Z","NO","ATL",6,3.5,45.5
"2026-09-24T18:08:17Z","e5fbd3b3953b896b1bf897ddadb3cc4b","2026-09-25T00:15:00Z","GB","ATL",9,4.5,43
"2026-09-24T18:08:17Z","b225458a282e140c44c45651255f2f6c","2026-09-27T17:00:00Z","BUF","LAC",9,7.5,50
"2026-09-24T18:08:17Z","613b8cd3a5fab58f7be4e3fd6f76223e","2026-09-27T17:00:00Z","CLE","CAR",9,-2.5,42
"2026-09-24T18:08:17Z","71123be049587b6facce3a20c53e5d09","2026-09-27T17:00:00Z","PIT","CIN",9,-3.5,42.5
"2026-09-24T18:08:17Z","07f552badfa8a565d1be22123713e4da","2026-09-27T17:00:00Z","DET","NYJ",9,6.5,47.5
"2026-09-24T18:08:17Z","17a730b7d399feeab6a78c30767c29d2","2026-09-27T17:00:00Z","IND","HOU",9,-1.5,42.5
"2026-09-24T18:08:17Z","1f3cfd315a24d1a7dd5859a8e6b88e18","2026-09-27T17:00:00Z","JAX","NE",9,3,46
"2026-09-24T18:08:17Z","0339a0e41bcee12820eb3e64bb5fadb4","2026-09-27T17:00:00Z","MIA","KC",9,-11,46
"2026-09-24T18:08:17Z","555afd4a27aaa392662881cffa8f2eef","2026-09-27T17:00:00Z","NYG","TEN",9,2.5,38.5
"2026-09-24T18:08:17Z","2a529c108305ffa049d8b6cfdbaa4d36","2026-09-27T17:00:00Z","WAS","SEA",9,-7.5,40
"2026-09-24T18:08:17Z","9d2b09e0f9b6dd5ce0d985894f4f98fa","2026-09-27T20:05:00Z","SF","ARI",9,8.5,48
"2026-09-24T18:08:17Z","f1724dead3eab61546033032fc782375","2026-09-27T20:05:00Z","TB","MIN",9,-1.5,42.5
"2026-09-24T18:08:17Z","84cfca14efc21363fd605508404cf1ff","2026-09-27T20:25:00Z","DAL","BAL",9,-3.5,52.5
"2026-09-24T18:08:17Z","2e523fcb0497aa689473e290eb2b97de","2026-09-27T20:25:00Z","NO","LV",8,3,43.5
"2026-09-24T18:08:17Z","3bfd8bfb4b8e9a365a0877879b73b16b","2026-09-28T00:20:00Z","DEN","LA",9,-2.5,44.5
"2026-09-24T18:08:17Z","47dc7baa254659f3beb2ed2b38c207b6","2026-09-29T00:15:00Z","CHI","PHI",9,-4.5,41
"2026-09-24T18:08:17Z","d55cb69fed50a09170560b5b75d8de86","2026-10-02T00:15:00Z","CLE","PIT",8,-2.5,37.5
"2026-09-24T18:08:17Z","c9d8ed8aa4889486eaf10a630138ede0","2026-10-04T13:30:00Z","WAS","IND",7,-4.5,46
"2026-09-24T18:08:17Z","664e6bda5721dc63be16bcf7d962a436","2026-10-04T17:00:00Z","NYG","ARI",5,2.5,43.5
"2026-09-24T18:08:17Z","f01589b0e7e6dd4f4ac1220a1db81f53","2026-10-04T17:00:00Z","BAL","TEN",7,10.5,45
"2026-09-24T18:08:17Z","573cc0ef39631a4f6673ec843a8bedd4","2026-10-04T17:00:00Z","BUF","NE",7,5.5,50
"2026-09-24T18:08:17Z","164e6eb68f31bac190381903c3cccd31","2026-10-04T17:00:00Z","CHI","NYJ",7,3.5,43.5
"2026-09-24T18:08:17Z","2ea94ddf20f66432b9024fe2e2eaba5f","2026-10-04T17:00:00Z","CIN","JAX",7,2.5,50.5
"2026-09-24T18:08:17Z","daf55e2df5341c007fee5a0fc5bbc2d4","2026-10-04T17:00:00Z","HOU","DAL",7,3,47.5
"2026-09-24T18:08:17Z","99a9bae4dc0dc2590496bd3102b211f2","2026-10-04T17:00:00Z","TB","GB",8,-1.5,45.75
"2026-09-24T18:08:17Z","1b4f2e60ce83fa1d63a5dff83769d27c","2026-10-04T17:00:00Z","PHI","LA",7,-2.5,46
"2026-09-24T18:08:17Z","c327223d76a3b7b0db8c6c104442f44b","2026-10-04T20:05:00Z","MIN","MIA",7,10.5,42.5
"2026-09-24T18:08:17Z","a7e7efb75a9792ac63480ae6328dca18","2026-10-04T20:25:00Z","SF","DEN",7,3.5,46
"2026-09-24T18:08:17Z","e0cbd266dcf997089203a1b33ba0333d","2026-10-04T20:25:00Z","LV","KC",7,-5.5,45.5
"2026-09-24T18:08:17Z","96d2373cda647873b971f268482bced0","2026-10-04T20:25:00Z","SEA","LAC",7,6.5,43.5
"2026-09-24T18:08:17Z","a73a76599a4f3422803e57bd8f61b626","2026-10-05T00:20:00Z","CAR","DET",8,-2.75,49.5
"2026-09-24T18:08:17Z","8bd90781e17e6d97df3941063cedae1e","2026-10-06T00:15:00Z","NO","ATL",7,3.5,45.5
"2026-09-24T18:50:34Z","e5fbd3b3953b896b1bf897ddadb3cc4b","2026-09-25T00:15:00Z","GB","ATL",9,4.5,43
"2026-09-24T18:50:34Z","b225458a282e140c44c45651255f2f6c","2026-09-27T17:00:00Z","BUF","LAC",9,7.5,50
"2026-09-24T18:50:34Z","613b8cd3a5fab58f7be4e3fd6f76223e","2026-09-27T17:00:00Z","CLE","CAR",9,-2.5,42
"2026-09-24T18:50:34Z","71123be049587b6facce3a20c53e5d09","2026-09-27T17:00:00Z","PIT","CIN",9,-3.5,42.5
"2026-09-24T18:50:34Z","07f552badfa8a565d1be22123713e4da","2026-09-27T17:00:00Z","DET","NYJ",9,6.5,47.5
"2026-09-24T18:50:34Z","17a730b7d399feeab6a78c30767c29d2","2026-09-27T17:00:00Z","IND","HOU",9,-1.5,42.5
"2026-09-24T18:50:34Z","1f3cfd315a24d1a7dd5859a8e6b88e18","2026-09-27T17:00:00Z","JAX","NE",9,3,46
"2026-09-24T18:50:34Z","0339a0e41bcee12820eb3e64bb5fadb4","2026-09-27T17:00:00Z","MIA","KC",9,-11,46
"2026-09-24T18:50:34Z","555afd4a27aaa392662881cffa8f2eef","2026-09-27T17:00:00Z","NYG","TEN",9,2.5,38.5
"2026-09-24T18:50:34Z","2a529c108305ffa049d8b6cfdbaa4d36","2026-09-27T17:00:00Z","WAS","SEA",9,-7.5,40
"2026-09-24T18:50:34Z","9d2b09e0f9b6dd5ce0d985894f4f98fa","2026-09-27T20:05:00Z","SF","ARI",9,8.5,48
"2026-09-24T18:50:34Z","f1724dead3eab61546033032fc782375","2026-09-27T20:05:00Z","TB","MIN",9,-1.5,42.5
"2026-09-24T18:50:34Z","84cfca14efc21363fd605508404cf1ff","2026-09-27T20:25:00Z","DAL","BAL",9,-3.5,52.5
"2026-09-24T18:50:34Z","2e523fcb0497aa689473e290eb2b97de","2026-09-27T20:25:00Z","NO","LV",8,3,43.5
"2026-09-24T18:50:34Z","3bfd8bfb4b8e9a365a0877879b73b16b","2026-09-28T00:20:00Z","DEN","LA",9,-2.5,44.5
"2026-09-24T18:50:34Z","47dc7baa254659f3beb2ed2b38c207b6","2026-09-29T00:15:00Z","CHI","PHI",9,-4.5,41
"2026-09-24T18:50:34Z","d55cb69fed50a09170560b5b75d8de86","2026-10-02T00:15:00Z","CLE","PIT",8,-2.5,37.5
"2026-09-24T18:50:34Z","c9d8ed8aa4889486eaf10a630138ede0","2026-10-04T13:30:00Z","WAS","IND",7,-4.5,46
"2026-09-24T18:50:34Z","664e6bda5721dc63be16bcf7d962a436","2026-10-04T17:00:00Z","NYG","ARI",5,2.5,43.5
"2026-09-24T18:50:34Z","f01589b0e7e6dd4f4ac1220a1db81f53","2026-10-04T17:00:00Z","BAL","TEN",7,10.5,45
"2026-09-24T18:50:34Z","573cc0ef39631a4f6673ec843a8bedd4","2026-10-04T17:00:00Z","BUF","NE",7,5.5,50
"2026-09-24T18:50:34Z","164e6eb68f31bac190381903c3cccd31","2026-10-04T17:00:00Z","CHI","NYJ",7,3.5,43.5
"2026-09-24T18:50:34Z","2ea94ddf20f66432b9024fe2e2eaba5f","2026-10-04T17:00:00Z","CIN","JAX",7,2.5,50.5
"2026-09-24T18:50:34Z","daf55e2df5341c007fee5a0fc5bbc2d4","2026-10-04T17:00:00Z","HOU","DAL",7,3,47.5
"2026-09-24T18:50:34Z","99a9bae4dc0dc2590496bd3102b211f2","2026-10-04T17:00:00Z","TB","GB",8,-1.5,45.75
"2026-09-24T18:50:34Z","1b4f2e60ce83fa1d63a5dff83769d27c","2026-10-04T17:00:00Z","PHI","LA",7,-2.5,46
"2026-09-24T18:50:34Z","c327223d76a3b7b0db8c6c104442f44b","2026-10-04T20:05:00Z","MIN","MIA",7,10.5,42.5
"2026-09-24T18:50:34Z","a7e7efb75a9792ac63480ae6328dca18","2026-10-04T20:25:00Z","SF","DEN",7,3.5,46
"2026-09-24T18:50:34Z","e0cbd266dcf997089203a1b33ba0333d","2026-10-04T20:25:00Z","LV","KC",7,-5.5,45.5
"2026-09-24T18:50:34Z","96d2373cda647873b971f268482bced0","2026-10-04T20:25:00Z","SEA","LAC",7,6.5,43.5
"2026-09-24T18:50:34Z","a73a76599a4f3422803e57bd8f61b626","2026-10-05T00:20:00Z","CAR","DET",8,-2.75,49.5
"2026-09-24T18:50:34Z","8bd90781e17e6d97df3941063cedae1e","2026-10-06T00:15:00Z","NO","ATL",7,3.5,45.5
"2026-09-24T19:42:45Z","e5fbd3b3953b896b1bf897ddadb3cc4b","2026-09-25T00:15:00Z","GB","ATL",9,4.5,43
"2026-09-24T19:42:45Z","b225458a282e140c44c45651255f2f6c","2026-09-27T17:00:00Z","BUF","LAC",9,7.5,50
"2026-09-24T19:42:45Z","613b8cd3a5fab58f7be4e3fd6f76223e","2026-09-27T17:00:00Z","CLE","CAR",9,-2.5,42
"2026-09-24T19:42:45Z","71123be049587b6facce3a20c53e5d09","2026-09-27T17:00:00Z","PIT","CIN",9,-3.5,42.5
"2026-09-24T19:42:45Z","07f552badfa8a565d1be22123713e4da","2026-09-27T17:00:00Z","DET","NYJ",9,6.5,47.5
"2026-09-24T19:42:45Z","17a730b7d399feeab6a78c30767c29d2","2026-09-27T17:00:00Z","IND","HOU",9,-1.5,42.5
"2026-09-24T19:42:45Z","1f3cfd315a24d1a7dd5859a8e6b88e18","2026-09-27T17:00:00Z","JAX","NE",9,3,46
"2026-09-24T19:42:45Z","0339a0e41bcee12820eb3e64bb5fadb4","2026-09-27T17:00:00Z","MIA","KC",9,-11,46
"2026-09-24T19:42:45Z","555afd4a27aaa392662881cffa8f2eef","2026-09-27T17:00:00Z","NYG","TEN",9,2.5,38.5
"2026-09-24T19:42:45Z","2a529c108305ffa049d8b6cfdbaa4d36","2026-09-27T17:00:00Z","WAS","SEA",9,-7.5,40
"2026-09-24T19:42:45Z","9d2b09e0f9b6dd5ce0d985894f4f98fa","2026-09-27T20:05:00Z","SF","ARI",9,8.5,48
"2026-09-24T19:42:45Z","f1724dead3eab61546033032fc782375","2026-09-27T20:05:00Z","TB","MIN",9,-1.5,42.5
"2026-09-24T19:42:45Z","84cfca14efc21363fd605508404cf1ff","2026-09-27T20:25:00Z","DAL","BAL",9,-3.5,52.5
"2026-09-24T19:42:45Z","2e523fcb0497aa689473e290eb2b97de","2026-09-27T20:25:00Z","NO","LV",8,3,43.5
"2026-09-24T19:42:45Z","3bfd8bfb4b8e9a365a0877879b73b16b","2026-09-28T00:20:00Z","DEN","LA",9,-2.5,44.5
"2026-09-24T19:42:45Z","47dc7baa254659f3beb2ed2b38c207b6","2026-09-29T00:15:00Z","CHI","PHI",9,-4.5,41
"2026-09-24T19:42:45Z","d55cb69fed50a09170560b5b75d8de86","2026-10-02T00:15:00Z","CLE","PIT",7,-2.5,37.5
"2026-09-24T19:42:45Z","c9d8ed8aa4889486eaf10a630138ede0","2026-10-04T13:30:00Z","WAS","IND",7,-4.5,46
"2026-09-24T19:42:45Z","664e6bda5721dc63be16bcf7d962a436","2026-10-04T17:00:00Z","NYG","ARI",5,2.5,43.5
"2026-09-24T19:42:45Z","f01589b0e7e6dd4f4ac1220a1db81f53","2026-10-04T17:00:00Z","BAL","TEN",7,10.5,45
"2026-09-24T19:42:45Z","573cc0ef39631a4f6673ec843a8bedd4","2026-10-04T17:00:00Z","BUF","NE",7,5.5,50
"2026-09-24T19:42:45Z","164e6eb68f31bac190381903c3cccd31","2026-10-04T17:00:00Z","CHI","NYJ",7,3.5,43.5
"2026-09-24T19:42:45Z","2ea94ddf20f66432b9024fe2e2eaba5f","2026-10-04T17:00:00Z","CIN","JAX",7,2.5,50.5
"2026-09-24T19:42:45Z","daf55e2df5341c007fee5a0fc5bbc2d4","2026-10-04T17:00:00Z","HOU","DAL",7,3,47.5
"2026-09-24T19:42:45Z","99a9bae4dc0dc2590496bd3102b211f2","2026-10-04T17:00:00Z","TB","GB",8,-1.5,45.75
"2026-09-24T19:42:45Z","1b4f2e60ce83fa1d63a5dff83769d27c","2026-10-04T17:00:00Z","PHI","LA",7,-2.5,46
"2026-09-24T19:42:45Z","c327223d76a3b7b0db8c6c104442f44b","2026-10-04T20:05:00Z","MIN","MIA",7,10.5,42.5
"2026-09-24T19:42:45Z","a7e7efb75a9792ac63480ae6328dca18","2026-10-04T20:25:00Z","SF","DEN",7,3.5,46
"2026-09-24T19:42:45Z","e0cbd266dcf997089203a1b33ba0333d","2026-10-04T20:25:00Z","LV","KC",7,-5.5,45.5
"2026-09-24T19:42:45Z","96d2373cda647873b971f268482bced0","2026-10-04T20:25:00Z","SEA","LAC",7,6.5,43.5
"2026-09-24T19:42:45Z","a73a76599a4f3422803e57bd8f61b626","2026-10-05T00:20:00Z","CAR","DET",8,-2.75,49.5
"2026-09-24T19:42:45Z","8bd90781e17e6d97df3941063cedae1e","2026-10-06T00:15:00Z","NO","ATL",7,3.5,45.5
"2026-09-24T21:46:13Z","e5fbd3b3953b896b1bf897ddadb3cc4b","2026-09-25T00:15:00Z","GB","ATL",9,4.5,43
"2026-09-24T21:46:13Z","b225458a282e140c44c45651255f2f6c","2026-09-27T17:00:00Z","BUF","LAC",9,7.5,50
"2026-09-24T21:46:13Z","613b8cd3a5fab58f7be4e3fd6f76223e","2026-09-27T17:00:00Z","CLE","CAR",9,-2.5,42
"2026-09-24T21:46:13Z","71123be049587b6facce3a20c53e5d09","2026-09-27T17:00:00Z","PIT","CIN",9,-3.5,42.5
"2026-09-24T21:46:13Z","07f552badfa8a565d1be22123713e4da","2026-09-27T17:00:00Z","DET","NYJ",9,6.5,47.5
"2026-09-24T21:46:13Z","17a730b7d399feeab6a78c30767c29d2","2026-09-27T17:00:00Z","IND","HOU",9,-1.5,42.5
"2026-09-24T21:46:13Z","1f3cfd315a24d1a7dd5859a8e6b88e18","2026-09-27T17:00:00Z","JAX","NE",9,3,46
"2026-09-24T21:46:13Z","0339a0e41bcee12820eb3e64bb5fadb4","2026-09-27T17:00:00Z","MIA","KC",9,-11,46
"2026-09-24T21:46:13Z","555afd4a27aaa392662881cffa8f2eef","2026-09-27T17:00:00Z","NYG","TEN",9,2.5,38.5
"2026-09-24T21:46:13Z","2a529c108305ffa049d8b6cfdbaa4d36","2026-09-27T17:00:00Z","WAS","SEA",9,-7.5,40
"2026-09-24T21:46:13Z","9d2b09e0f9b6dd5ce0d985894f4f98fa","2026-09-27T20:05:00Z","SF","ARI",9,8.5,48
"2026-09-24T21:46:13Z","f1724dead3eab61546033032fc782375","2026-09-27T20:05:00Z","TB","MIN",9,-1.5,42.5
"2026-09-24T21:46:13Z","84cfca14efc21363fd605508404cf1ff","2026-09-27T20:25:00Z","DAL","BAL",9,-3.5,52.5
"2026-09-24T21:46:13Z","2e523fcb0497aa689473e290eb2b97de","2026-09-27T20:25:00Z","NO","LV",9,3,43.5
"2026-09-24T21:46:13Z","3bfd8bfb4b8e9a365a0877879b73b16b","2026-09-28T00:20:00Z","DEN","LA",9,-2.5,44.5
"2026-09-24T21:46:13Z","47dc7baa254659f3beb2ed2b38c207b6","2026-09-29T00:15:00Z","CHI","PHI",9,-4.5,41
"2026-09-24T21:46:13Z","d55cb69fed50a09170560b5b75d8de86","2026-10-02T00:15:00Z","CLE","PIT",7,-2.5,37.5
"2026-09-24T21:46:13Z","c9d8ed8aa4889486eaf10a630138ede0","2026-10-04T13:30:00Z","WAS","IND",7,-4.5,46
"2026-09-24T21:46:13Z","664e6bda5721dc63be16bcf7d962a436","2026-10-04T17:00:00Z","NYG","ARI",5,2.5,43.5
"2026-09-24T21:46:13Z","f01589b0e7e6dd4f4ac1220a1db81f53","2026-10-04T17:00:00Z","BAL","TEN",7,10.5,45
"2026-09-24T21:46:13Z","573cc0ef39631a4f6673ec843a8bedd4","2026-10-04T17:00:00Z","BUF","NE",7,5.5,50
"2026-09-24T21:46:13Z","164e6eb68f31bac190381903c3cccd31","2026-10-04T17:00:00Z","CHI","NYJ",7,3.5,43.5
"2026-09-24T21:46:13Z","2ea94ddf20f66432b9024fe2e2eaba5f","2026-10-04T17:00:00Z","CIN","JAX",7,2.5,50.5
"2026-09-24T21:46:13Z","daf55e2df5341c007fee5a0fc5bbc2d4","2026-10-04T17:00:00Z","HOU","DAL",7,3,47.5
"2026-09-24T21:46:13Z","99a9bae4dc0dc2590496bd3102b211f2","2026-10-04T17:00:00Z","TB","GB",8,-1.5,45.75
"2026-09-24T21:46:13Z","1b4f2e60ce83fa1d63a5dff83769d27c","2026-10-04T17:00:00Z","PHI","LA",7,-2.5,46
"2026-09-24T21:46:13Z","c327223d76a3b7b0db8c6c104442f44b","2026-10-04T20:05:00Z","MIN","MIA",7,10.5,42.5
"2026-09-24T21:46:13Z","a7e7efb75a9792ac63480ae6328dca18","2026-10-04T20:25:00Z","SF","DEN",7,3.5,46
"2026-09-24T21:46:13Z","e0cbd266dcf997089203a1b33ba0333d","2026-10-04T20:25:00Z","LV","KC",7,-5.5,45.5
"2026-09-24T21:46:13Z","96d2373cda647873b971f268482bced0","2026-10-04T20:25:00Z","SEA","LAC",7,6.5,43.5
"2026-09-24T21:46:13Z","a73a76599a4f3422803e57bd8f61b626","2026-10-05T00:20:00Z","CAR","DET",8,-2.75,49.5
"2026-09-24T21:46:13Z","8bd90781e17e6d97df3941063cedae1e","2026-10-06T00:15:00Z","NO","ATL",7,3.5,45.5
"2026-09-24T22:55:16Z","e5fbd3b3953b896b1bf897ddadb3cc4b","2026-09-25T00:15:00Z","GB","ATL",9,4.5,43
"2026-09-24T22:55:16Z","b225458a282e140c44c45651255f2f6c","2026-09-27T17:00:00Z","BUF","LAC",9,7,50
"2026-09-24T22:55:16Z","613b8cd3a5fab58f7be4e3fd6f76223e","2026-09-27T17:00:00Z","CLE","CAR",9,-2.5,42
"2026-09-24T22:55:16Z","71123be049587b6facce3a20c53e5d09","2026-09-27T17:00:00Z","PIT","CIN",9,-3.5,42.5
"2026-09-24T22:55:16Z","07f552badfa8a565d1be22123713e4da","2026-09-27T17:00:00Z","DET","NYJ",9,6.5,47.5
"2026-09-24T22:55:16Z","17a730b7d399feeab6a78c30767c29d2","2026-09-27T17:00:00Z","IND","HOU",9,-1.5,42.5
"2026-09-24T22:55:16Z","1f3cfd315a24d1a7dd5859a8e6b88e18","2026-09-27T17:00:00Z","JAX","NE",9,3,46
"2026-09-24T22:55:16Z","0339a0e41bcee12820eb3e64bb5fadb4","2026-09-27T17:00:00Z","MIA","KC",9,-11,46
"2026-09-24T22:55:16Z","555afd4a27aaa392662881cffa8f2eef","2026-09-27T17:00:00Z","NYG","TEN",9,2.5,38.5
"2026-09-24T22:55:16Z","2a529c108305ffa049d8b6cfdbaa4d36","2026-09-27T17:00:00Z","WAS","SEA",9,-7.5,40
"2026-09-24T22:55:16Z","9d2b09e0f9b6dd5ce0d985894f4f98fa","2026-09-27T20:05:00Z","SF","ARI",9,8.5,48
"2026-09-24T22:55:16Z","f1724dead3eab61546033032fc782375","2026-09-27T20:05:00Z","TB","MIN",9,-1.5,42.5
"2026-09-24T22:55:16Z","84cfca14efc21363fd605508404cf1ff","2026-09-27T20:25:00Z","DAL","BAL",9,-3.5,52.5
"2026-09-24T22:55:16Z","2e523fcb0497aa689473e290eb2b97de","2026-09-27T20:25:00Z","NO","LV",9,3,43.5
"2026-09-24T22:55:16Z","3bfd8bfb4b8e9a365a0877879b73b16b","2026-09-28T00:20:00Z","DEN","LA",9,-2.5,44.5
"2026-09-24T22:55:16Z","47dc7baa254659f3beb2ed2b38c207b6","2026-09-29T00:15:00Z","CHI","PHI",9,-4.5,41
"2026-09-24T22:55:16Z","d55cb69fed50a09170560b5b75d8de86","2026-10-02T00:15:00Z","CLE","PIT",7,-2.5,37.5
"2026-09-24T22:55:16Z","c9d8ed8aa4889486eaf10a630138ede0","2026-10-04T13:30:00Z","WAS","IND",7,-4.5,46
"2026-09-24T22:55:16Z","664e6bda5721dc63be16bcf7d962a436","2026-10-04T17:00:00Z","NYG","ARI",5,2.5,43.5
"2026-09-24T22:55:16Z","f01589b0e7e6dd4f4ac1220a1db81f53","2026-10-04T17:00:00Z","BAL","TEN",7,10.5,45
"2026-09-24T22:55:16Z","573cc0ef39631a4f6673ec843a8bedd4","2026-10-04T17:00:00Z","BUF","NE",7,5.5,50
"2026-09-24T22:55:16Z","164e6eb68f31bac190381903c3cccd31","2026-10-04T17:00:00Z","CHI","NYJ",7,3.5,43.5
"2026-09-24T22:55:16Z","2ea94ddf20f66432b9024fe2e2eaba5f","2026-10-04T17:00:00Z","CIN","JAX",7,2.5,50.5
"2026-09-24T22:55:16Z","daf55e2df5341c007fee5a0fc5bbc2d4","2026-10-04T17:00:00Z","HOU","DAL",7,3,47.5
"2026-09-24T22:55:16Z","99a9bae4dc0dc2590496bd3102b211f2","2026-10-04T17:00:00Z","TB","GB",8,-1.5,45.75
"2026-09-24T22:55:16Z","1b4f2e60ce83fa1d63a5dff83769d27c","2026-10-04T17:00:00Z","PHI","LA",7,-2.5,46
"2026-09-24T22:55:16Z","c327223d76a3b7b0db8c6c104442f44b","2026-10-04T20:05:00Z","MIN","MIA",7,10.5,42.5
"2026-09-24T22:55:16Z","a7e7efb75a9792ac63480ae6328dca18","2026-10-04T20:25:00Z","SF","DEN",7,3.5,46
"2026-09-24T22:55:16Z","e0cbd266dcf997089203a1b33ba0333d","2026-10-04T20:25:00Z","LV","KC",7,-5.5,45.5
"2026-09-24T22:55:16Z","96d2373cda647873b971f268482bced0","2026-10-04T20:25:00Z","SEA","LAC",7,6.5,43.5
"2026-09-24T22:55:16Z","a73a76599a4f3422803e57bd8f61b626","2026-10-05T00:20:00Z","CAR","DET",8,-2.75,49.5
"2026-09-24T22:55:16Z","8bd90781e17e6d97df3941063cedae1e","2026-10-06T00:15:00Z","NO","ATL",7,3.5,45.5
"2026-09-24T23:13:07Z","e5fbd3b3953b896b1bf897ddadb3cc4b","2026-09-25T00:15:00Z","GB","ATL",9,4.5,43
"2026-09-24T23:13:07Z","b225458a282e140c44c45651255f2f6c","2026-09-27T17:00:00Z","BUF","LAC",9,7,50
"2026-09-24T23:13:07Z","613b8cd3a5fab58f7be4e3fd6f76223e","2026-09-27T17:00:00Z","CLE","CAR",9,-2.5,42
"2026-09-24T23:13:07Z","71123be049587b6facce3a20c53e5d09","2026-09-27T17:00:00Z","PIT","CIN",9,-3.5,42.5
"2026-09-24T23:13:07Z","07f552badfa8a565d1be22123713e4da","2026-09-27T17:00:00Z","DET","NYJ",9,6.5,47.5
"2026-09-24T23:13:07Z","17a730b7d399feeab6a78c30767c29d2","2026-09-27T17:00:00Z","IND","HOU",9,-1.5,42.5
"2026-09-24T23:13:07Z","1f3cfd315a24d1a7dd5859a8e6b88e18","2026-09-27T17:00:00Z","JAX","NE",9,3,46
"2026-09-24T23:13:07Z","0339a0e41bcee12820eb3e64bb5fadb4","2026-09-27T17:00:00Z","MIA","KC",9,-11,46
"2026-09-24T23:13:07Z","555afd4a27aaa392662881cffa8f2eef","2026-09-27T17:00:00Z","NYG","TEN",9,2.5,38.5
"2026-09-24T23:13:07Z","2a529c108305ffa049d8b6cfdbaa4d36","2026-09-27T17:00:00Z","WAS","SEA",9,-7.5,40
"2026-09-24T23:13:07Z","9d2b09e0f9b6dd5ce0d985894f4f98fa","2026-09-27T20:05:00Z","SF","ARI",9,8.5,48
"2026-09-24T23:13:07Z","f1724dead3eab61546033032fc782375","2026-09-27T20:05:00Z","TB","MIN",9,-1.5,42.5
"2026-09-24T23:13:07Z","84cfca14efc21363fd605508404cf1ff","2026-09-27T20:25:00Z","DAL","BAL",9,-3.5,52.5
"2026-09-24T23:13:07Z","2e523fcb0497aa689473e290eb2b97de","2026-09-27T20:25:00Z","NO","LV",9,3,43.5
"2026-09-24T23:13:07Z","3bfd8bfb4b8e9a365a0877879b73b16b","2026-09-28T00:20:00Z","DEN","LA",9,-2.5,44.5
"2026-09-24T23:13:07Z","47dc7baa254659f3beb2ed2b38c207b6","2026-09-29T00:15:00Z","CHI","PHI",9,-4.5,41
"2026-09-24T23:13:07Z","d55cb69fed50a09170560b5b75d8de86","2026-10-02T00:15:00Z","CLE","PIT",7,-2.5,37.5
"2026-09-24T23:13:07Z","c9d8ed8aa4889486eaf10a630138ede0","2026-10-04T13:30:00Z","WAS","IND",7,-4.5,46
"2026-09-24T23:13:07Z","664e6bda5721dc63be16bcf7d962a436","2026-10-04T17:00:00Z","NYG","ARI",5,2.5,43.5
"2026-09-24T23:13:07Z","f01589b0e7e6dd4f4ac1220a1db81f53","2026-10-04T17:00:00Z","BAL","TEN",7,10.5,45
"2026-09-24T23:13:07Z","573cc0ef39631a4f6673ec843a8bedd4","2026-10-04T17:00:00Z","BUF","NE",7,5.5,50
"2026-09-24T23:13:07Z","164e6eb68f31bac190381903c3cccd31","2026-10-04T17:00:00Z","CHI","NYJ",7,3.5,43.5
"2026-09-24T23:13:07Z","2ea94ddf20f66432b9024fe2e2eaba5f","2026-10-04T17:00:00Z","CIN","JAX",7,2.5,50.5
"2026-09-24T23:13:07Z","daf55e2df5341c007fee5a0fc5bbc2d4","2026-10-04T17:00:00Z","HOU","DAL",7,3,47.5
"2026-09-24T23:13:07Z","99a9bae4dc0dc2590496bd3102b211f2","2026-10-04T17:00:00Z","TB","GB",8,-1.5,45.75
"2026-09-24T23:13:07Z","1b4f2e60ce83fa1d63a5dff83769d27c","2026-10-04T17:00:00Z","PHI","LA",7,-2.5,46
"2026-09-24T23:13:07Z","c327223d76a3b7b0db8c6c104442f44b","2026-10-04T20:05:00Z","MIN","MIA",7,10.5,42.5
"2026-09-24T23:13:07Z","a7e7efb75a9792ac63480ae6328dca18","2026-10-04T20:25:00Z","SF","DEN",7,3.5,46
"2026-09-24T23:13:07Z","e0cbd266dcf997089203a1b33ba0333d","2026-10-04T20:25:00Z","LV","KC",7,-5.5,45.5
"2026-09-24T23:13:07Z","96d2373cda647873b971f268482bced0","2026-10-04T20:25:00Z","SEA","LAC",7,6.5,43.5
"2026-09-24T23:13:07Z","a73a76599a4f3422803e57bd8f61b626","2026-10-05T00:20:00Z","CAR","DET",8,-2.75,49.5
"2026-09-24T23:13:07Z","8bd90781e17e6d97df3941063cedae1e","2026-10-06T00:15:00Z","NO","ATL",7,3.5,45.5
"2026-09-25T00:40:11Z","e5fbd3b3953b896b1bf897ddadb3cc4b","2026-09-25T00:15:29Z","GB","ATL",6,9.5,41.5
"2026-09-25T00:40:11Z","b225458a282e140c44c45651255f2f6c","2026-09-27T17:00:00Z","BUF","LAC",9,7,50
"2026-09-25T00:40:11Z","613b8cd3a5fab58f7be4e3fd6f76223e","2026-09-27T17:00:00Z","CLE","CAR",9,-2.5,42
"2026-09-25T00:40:11Z","71123be049587b6facce3a20c53e5d09","2026-09-27T17:00:00Z","PIT","CIN",9,-3.5,42.5
"2026-09-25T00:40:11Z","07f552badfa8a565d1be22123713e4da","2026-09-27T17:00:00Z","DET","NYJ",9,6.5,47.5
"2026-09-25T00:40:11Z","17a730b7d399feeab6a78c30767c29d2","2026-09-27T17:00:00Z","IND","HOU",9,-1.5,42.5
"2026-09-25T00:40:11Z","1f3cfd315a24d1a7dd5859a8e6b88e18","2026-09-27T17:00:00Z","JAX","NE",9,3,46
"2026-09-25T00:40:11Z","0339a0e41bcee12820eb3e64bb5fadb4","2026-09-27T17:00:00Z","MIA","KC",9,-11,46
"2026-09-25T00:40:11Z","555afd4a27aaa392662881cffa8f2eef","2026-09-27T17:00:00Z","NYG","TEN",9,2.5,38.5
"2026-09-25T00:40:11Z","2a529c108305ffa049d8b6cfdbaa4d36","2026-09-27T17:00:00Z","WAS","SEA",9,-7.5,40.5
"2026-09-25T00:40:11Z","9d2b09e0f9b6dd5ce0d985894f4f98fa","2026-09-27T20:05:00Z","SF","ARI",9,8.5,48
"2026-09-25T00:40:11Z","f1724dead3eab61546033032fc782375","2026-09-27T20:05:00Z","TB","MIN",9,-1.5,42.5
"2026-09-25T00:40:11Z","84cfca14efc21363fd605508404cf1ff","2026-09-27T20:25:00Z","DAL","BAL",9,-3.5,52.5
"2026-09-25T00:40:11Z","2e523fcb0497aa689473e290eb2b97de","2026-09-27T20:25:00Z","NO","LV",9,3,43.5
"2026-09-25T00:40:11Z","3bfd8bfb4b8e9a365a0877879b73b16b","2026-09-28T00:20:00Z","DEN","LA",9,-2.5,44.5
"2026-09-25T00:40:11Z","47dc7baa254659f3beb2ed2b38c207b6","2026-09-29T00:15:00Z","CHI","PHI",9,-4.5,41
"2026-09-25T00:40:11Z","d55cb69fed50a09170560b5b75d8de86","2026-10-02T00:15:00Z","CLE","PIT",7,-2.5,37.5
"2026-09-25T00:40:11Z","c9d8ed8aa4889486eaf10a630138ede0","2026-10-04T13:30:00Z","WAS","IND",7,-4.5,46
"2026-09-25T00:40:11Z","664e6bda5721dc63be16bcf7d962a436","2026-10-04T17:00:00Z","NYG","ARI",5,2.5,43.5
"2026-09-25T00:40:11Z","f01589b0e7e6dd4f4ac1220a1db81f53","2026-10-04T17:00:00Z","BAL","TEN",7,10.5,45
"2026-09-25T00:40:11Z","573cc0ef39631a4f6673ec843a8bedd4","2026-10-04T17:00:00Z","BUF","NE",7,5.5,50
"2026-09-25T00:40:11Z","164e6eb68f31bac190381903c3cccd31","2026-10-04T17:00:00Z","CHI","NYJ",7,3.5,43.5
"2026-09-25T00:40:11Z","2ea94ddf20f66432b9024fe2e2eaba5f","2026-10-04T17:00:00Z","CIN","JAX",7,2.5,50.5
"2026-09-25T00:40:11Z","daf55e2df5341c007fee5a0fc5bbc2d4","2026-10-04T17:00:00Z","HOU","DAL",7,3,47.5
"2026-09-25T00:40:11Z","1b4f2e60ce83fa1d63a5dff83769d27c","2026-10-04T17:00:00Z","PHI","LA",7,-2.5,46
"2026-09-25T00:40:11Z","c327223d76a3b7b0db8c6c104442f44b","2026-10-04T20:05:00Z","MIN","MIA",7,10.5,42.5
"2026-09-25T00:40:11Z","a7e7efb75a9792ac63480ae6328dca18","2026-10-04T20:25:00Z","SF","DEN",7,3.5,46
"2026-09-25T00:40:11Z","e0cbd266dcf997089203a1b33ba0333d","2026-10-04T20:25:00Z","LV","KC",7,-5.5,45.5
"2026-09-25T00:40:11Z","96d2373cda647873b971f268482bced0","2026-10-04T20:25:00Z","SEA","LAC",7,6.5,43.5
"2026-09-25T00:40:11Z","a73a76599a4f3422803e57bd8f61b626","2026-10-05T00:20:00Z","CAR","DET",8,-2.75,49.5
"2026-09-25T05:25:10Z","b225458a282e140c44c45651255f2f6c","2026-09-27T17:00:00Z","BUF","LAC",9,7,50
"2026-09-25T05:25:10Z","613b8cd3a5fab58f7be4e3fd6f76223e","2026-09-27T17:00:00Z","CLE","CAR",9,-2.5,42
"2026-09-25T05:25:10Z","71123be049587b6facce3a20c53e5d09","2026-09-27T17:00:00Z","PIT","CIN",9,-3.5,42.5
"2026-09-25T05:25:10Z","07f552badfa8a565d1be22123713e4da","2026-09-27T17:00:00Z","DET","NYJ",9,6.5,47.5
"2026-09-25T05:25:10Z","17a730b7d399feeab6a78c30767c29d2","2026-09-27T17:00:00Z","IND","HOU",9,-1.5,42.5
"2026-09-25T05:25:10Z","1f3cfd315a24d1a7dd5859a8e6b88e18","2026-09-27T17:00:00Z","JAX","NE",9,3,46
"2026-09-25T05:25:10Z","0339a0e41bcee12820eb3e64bb5fadb4","2026-09-27T17:00:00Z","MIA","KC",9,-11,46
"2026-09-25T05:25:10Z","555afd4a27aaa392662881cffa8f2eef","2026-09-27T17:00:00Z","NYG","TEN",9,2.5,38.5
"2026-09-25T05:25:10Z","2a529c108305ffa049d8b6cfdbaa4d36","2026-09-27T17:00:00Z","WAS","SEA",9,-7.5,40.5
"2026-09-25T05:25:10Z","9d2b09e0f9b6dd5ce0d985894f4f98fa","2026-09-27T20:05:00Z","SF","ARI",9,8.5,48
"2026-09-25T05:25:10Z","f1724dead3eab61546033032fc782375","2026-09-27T20:05:00Z","TB","MIN",9,-1.5,42.5
"2026-09-25T05:25:10Z","84cfca14efc21363fd605508404cf1ff","2026-09-27T20:25:00Z","DAL","BAL",9,-3.5,53
"2026-09-25T05:25:10Z","2e523fcb0497aa689473e290eb2b97de","2026-09-27T20:25:00Z","NO","LV",9,3,43.5
"2026-09-25T05:25:10Z","3bfd8bfb4b8e9a365a0877879b73b16b","2026-09-28T00:20:00Z","DEN","LA",9,-2.5,44.5
"2026-09-25T05:25:10Z","47dc7baa254659f3beb2ed2b38c207b6","2026-09-29T00:15:00Z","CHI","PHI",9,-4.5,41
"2026-09-25T05:25:10Z","d55cb69fed50a09170560b5b75d8de86","2026-10-02T00:15:00Z","CLE","PIT",7,-2.5,37.5
"2026-09-25T05:25:10Z","c9d8ed8aa4889486eaf10a630138ede0","2026-10-04T13:30:00Z","WAS","IND",7,-4.5,46
"2026-09-25T05:25:10Z","664e6bda5721dc63be16bcf7d962a436","2026-10-04T17:00:00Z","NYG","ARI",5,2.5,43.5
"2026-09-25T05:25:10Z","f01589b0e7e6dd4f4ac1220a1db81f53","2026-10-04T17:00:00Z","BAL","TEN",7,10.5,45
"2026-09-25T05:25:10Z","573cc0ef39631a4f6673ec843a8bedd4","2026-10-04T17:00:00Z","BUF","NE",7,5.5,50
"2026-09-25T05:25:10Z","164e6eb68f31bac190381903c3cccd31","2026-10-04T17:00:00Z","CHI","NYJ",7,3.5,43.5
"2026-09-25T05:25:10Z","2ea94ddf20f66432b9024fe2e2eaba5f","2026-10-04T17:00:00Z","CIN","JAX",7,2.5,50.5
"2026-09-25T05:25:10Z","daf55e2df5341c007fee5a0fc5bbc2d4","2026-10-04T17:00:00Z","HOU","DAL",7,3,47.5
"2026-09-25T05:25:10Z","1b4f2e60ce83fa1d63a5dff83769d27c","2026-10-04T17:00:00Z","PHI","LA",7,-2.5,46
"2026-09-25T05:25:10Z","c327223d76a3b7b0db8c6c104442f44b","2026-10-04T20:05:00Z","MIN","MIA",7,10.5,42.5
"2026-09-25T05:25:10Z","a7e7efb75a9792ac63480ae6328dca18","2026-10-04T20:25:00Z","SF","DEN",7,3.5,46
"2026-09-25T05:25:10Z","e0cbd266dcf997089203a1b33ba0333d","2026-10-04T20:25:00Z","LV","KC",7,-5.5,45.5
"2026-09-25T05:25:10Z","96d2373cda647873b971f268482bced0","2026-10-04T20:25:00Z","SEA","LAC",7,6.5,43.5
"2026-09-25T05:25:10Z","a73a76599a4f3422803e57bd8f61b626","2026-10-05T00:20:00Z","CAR","DET",8,-2.75,49.5
"2026-09-25T05:39:56Z","b225458a282e140c44c45651255f2f6c","2026-09-27T17:00:00Z","BUF","LAC",9,7,50
"2026-09-25T05:39:56Z","613b8cd3a5fab58f7be4e3fd6f76223e","2026-09-27T17:00:00Z","CLE","CAR",9,-2.5,42
"2026-09-25T05:39:56Z","71123be049587b6facce3a20c53e5d09","2026-09-27T17:00:00Z","PIT","CIN",9,-3.5,42.5
"2026-09-25T05:39:56Z","07f552badfa8a565d1be22123713e4da","2026-09-27T17:00:00Z","DET","NYJ",9,6.5,47.5
"2026-09-25T05:39:56Z","17a730b7d399feeab6a78c30767c29d2","2026-09-27T17:00:00Z","IND","HOU",9,-1.5,42.5
"2026-09-25T05:39:56Z","1f3cfd315a24d1a7dd5859a8e6b88e18","2026-09-27T17:00:00Z","JAX","NE",9,3,46
"2026-09-25T05:39:56Z","0339a0e41bcee12820eb3e64bb5fadb4","2026-09-27T17:00:00Z","MIA","KC",9,-11,46
"2026-09-25T05:39:56Z","555afd4a27aaa392662881cffa8f2eef","2026-09-27T17:00:00Z","NYG","TEN",9,2.5,38.5
"2026-09-25T05:39:56Z","2a529c108305ffa049d8b6cfdbaa4d36","2026-09-27T17:00:00Z","WAS","SEA",9,-7.5,40.5
"2026-09-25T05:39:56Z","9d2b09e0f9b6dd5ce0d985894f4f98fa","2026-09-27T20:05:00Z","SF","ARI",9,8.5,48
"2026-09-25T05:39:56Z","f1724dead3eab61546033032fc782375","2026-09-27T20:05:00Z","TB","MIN",9,-1.5,42.5
"2026-09-25T05:39:56Z","84cfca14efc21363fd605508404cf1ff","2026-09-27T20:25:00Z","DAL","BAL",9,-3.5,53
"2026-09-25T05:39:56Z","2e523fcb0497aa689473e290eb2b97de","2026-09-27T20:25:00Z","NO","LV",9,3,43.5
"2026-09-25T05:39:56Z","3bfd8bfb4b8e9a365a0877879b73b16b","2026-09-28T00:20:00Z","DEN","LA",9,-2.5,44.5
"2026-09-25T05:39:56Z","47dc7baa254659f3beb2ed2b38c207b6","2026-09-29T00:15:00Z","CHI","PHI",9,-4.5,41
"2026-09-25T05:39:56Z","d55cb69fed50a09170560b5b75d8de86","2026-10-02T00:15:00Z","CLE","PIT",7,-2.5,37.5
"2026-09-25T05:39:56Z","c9d8ed8aa4889486eaf10a630138ede0","2026-10-04T13:30:00Z","WAS","IND",7,-4.5,46
"2026-09-25T05:39:56Z","664e6bda5721dc63be16bcf7d962a436","2026-10-04T17:00:00Z","NYG","ARI",5,2.5,43.5
"2026-09-25T05:39:56Z","f01589b0e7e6dd4f4ac1220a1db81f53","2026-10-04T17:00:00Z","BAL","TEN",7,10.5,45
"2026-09-25T05:39:56Z","573cc0ef39631a4f6673ec843a8bedd4","2026-10-04T17:00:00Z","BUF","NE",7,5.5,50
"2026-09-25T05:39:56Z","164e6eb68f31bac190381903c3cccd31","2026-10-04T17:00:00Z","CHI","NYJ",7,3.5,43.5
"2026-09-25T05:39:56Z","2ea94ddf20f66432b9024fe2e2eaba5f","2026-10-04T17:00:00Z","CIN","JAX",7,2.5,50.5
"2026-09-25T05:39:56Z","daf55e2df5341c007fee5a0fc5bbc2d4","2026-10-04T17:00:00Z","HOU","DAL",7,3,47.5
"2026-09-25T05:39:56Z","1b4f2e60ce83fa1d63a5dff83769d27c","2026-10-04T17:00:00Z","PHI","LA",7,-2.5,46
"2026-09-25T05:39:56Z","c327223d76a3b7b0db8c6c104442f44b","2026-10-04T20:05:00Z","MIN","MIA",7,10.5,42.5
"2026-09-25T05:39:56Z","a7e7efb75a9792ac63480ae6328dca18","2026-10-04T20:25:00Z","SF","DEN",7,3.5,46
"2026-09-25T05:39:56Z","e0cbd266dcf997089203a1b33ba0333d","2026-10-04T20:25:00Z","LV","KC",7,-5.5,45.5
"2026-09-25T05:39:56Z","96d2373cda647873b971f268482bced0","2026-10-04T20:25:00Z","SEA","LAC",7,6.5,43.5
"2026-09-25T05:39:56Z","a73a76599a4f3422803e57bd8f61b626","2026-10-05T00:20:00Z","CAR","DET",8,-2.75,49.5
"2026-09-25T18:13:45Z","b225458a282e140c44c45651255f2f6c","2026-09-27T17:00:00Z","BUF","LAC",9,7,50
"2026-09-25T18:13:45Z","613b8cd3a5fab58f7be4e3fd6f76223e","2026-09-27T17:00:00Z","CLE","CAR",8,-2.5,42.5
"2026-09-25T18:13:45Z","71123be049587b6facce3a20c53e5d09","2026-09-27T17:00:00Z","PIT","CIN",9,-3.5,42.5
"2026-09-25T18:13:45Z","07f552badfa8a565d1be22123713e4da","2026-09-27T17:00:00Z","DET","NYJ",9,6.5,48
"2026-09-25T18:13:45Z","17a730b7d399feeab6a78c30767c29d2","2026-09-27T17:00:00Z","IND","HOU",9,-1.5,42.5
"2026-09-25T18:13:45Z","1f3cfd315a24d1a7dd5859a8e6b88e18","2026-09-27T17:00:00Z","JAX","NE",9,3,46
"2026-09-25T18:13:45Z","0339a0e41bcee12820eb3e64bb5fadb4","2026-09-27T17:00:00Z","MIA","KC",9,-10.5,45.5
"2026-09-25T18:13:45Z","555afd4a27aaa392662881cffa8f2eef","2026-09-27T17:00:00Z","NYG","TEN",9,2.5,38.5
"2026-09-25T18:13:45Z","2a529c108305ffa049d8b6cfdbaa4d36","2026-09-27T17:00:00Z","WAS","SEA",9,-7.5,40
"2026-09-25T18:13:45Z","9d2b09e0f9b6dd5ce0d985894f4f98fa","2026-09-27T20:05:00Z","SF","ARI",9,8.5,48
"2026-09-25T18:13:45Z","f1724dead3eab61546033032fc782375","2026-09-27T20:05:00Z","TB","MIN",9,-1.5,42.5
"2026-09-25T18:13:45Z","84cfca14efc21363fd605508404cf1ff","2026-09-27T20:25:00Z","DAL","BAL",9,-3.5,53.5
"2026-09-25T18:13:45Z","2e523fcb0497aa689473e290eb2b97de","2026-09-27T20:25:00Z","NO","LV",9,3,43.5
"2026-09-25T18:13:45Z","3bfd8bfb4b8e9a365a0877879b73b16b","2026-09-28T00:20:00Z","DEN","LA",9,-2.5,44
"2026-09-25T18:13:45Z","47dc7baa254659f3beb2ed2b38c207b6","2026-09-29T00:15:00Z","CHI","PHI",9,-4.5,41.5
"2026-09-25T18:13:45Z","d55cb69fed50a09170560b5b75d8de86","2026-10-02T00:15:00Z","CLE","PIT",7,-2.5,37.5
"2026-09-25T18:13:45Z","c9d8ed8aa4889486eaf10a630138ede0","2026-10-04T13:30:00Z","WAS","IND",7,-4.5,46
"2026-09-25T18:13:45Z","664e6bda5721dc63be16bcf7d962a436","2026-10-04T17:00:00Z","NYG","ARI",5,2.5,43.5
"2026-09-25T18:13:45Z","f01589b0e7e6dd4f4ac1220a1db81f53","2026-10-04T17:00:00Z","BAL","TEN",7,10.5,45
"2026-09-25T18:13:45Z","573cc0ef39631a4f6673ec843a8bedd4","2026-10-04T17:00:00Z","BUF","NE",7,5.5,50
"2026-09-25T18:13:45Z","164e6eb68f31bac190381903c3cccd31","2026-10-04T17:00:00Z","CHI","NYJ",7,3,43.5
"2026-09-25T18:13:45Z","2ea94ddf20f66432b9024fe2e2eaba5f","2026-10-04T17:00:00Z","CIN","JAX",7,2.5,50.5
"2026-09-25T18:13:45Z","daf55e2df5341c007fee5a0fc5bbc2d4","2026-10-04T17:00:00Z","HOU","DAL",7,3,47.5
"2026-09-25T18:13:45Z","1b4f2e60ce83fa1d63a5dff83769d27c","2026-10-04T17:00:00Z","PHI","LA",7,-2.5,46
"2026-09-25T18:13:45Z","c327223d76a3b7b0db8c6c104442f44b","2026-10-04T20:05:00Z","MIN","MIA",7,10.5,42.5
"2026-09-25T18:13:45Z","a7e7efb75a9792ac63480ae6328dca18","2026-10-04T20:25:00Z","SF","DEN",7,3,46
"2026-09-25T18:13:45Z","e0cbd266dcf997089203a1b33ba0333d","2026-10-04T20:25:00Z","LV","KC",7,-5.5,45.5
"2026-09-25T18:13:45Z","96d2373cda647873b971f268482bced0","2026-10-04T20:25:00Z","SEA","LAC",7,6.5,43.5
"2026-09-25T18:13:45Z","a73a76599a4f3422803e57bd8f61b626","2026-10-05T00:20:00Z","CAR","DET",8,-2.5,49.5
"2026-09-25T20:22:36Z","b225458a282e140c44c45651255f2f6c","2026-09-27T17:00:00Z","BUF","LAC",9,7,50
"2026-09-25T20:22:36Z","613b8cd3a5fab58f7be4e3fd6f76223e","2026-09-27T17:00:00Z","CLE","CAR",9,-2.5,42.5
"2026-09-25T20:22:36Z","71123be049587b6facce3a20c53e5d09","2026-09-27T17:00:00Z","PIT","CIN",9,-3.5,42.5
"2026-09-25T20:22:36Z","07f552badfa8a565d1be22123713e4da","2026-09-27T17:00:00Z","DET","NYJ",9,6.5,48
"2026-09-25T20:22:36Z","17a730b7d399feeab6a78c30767c29d2","2026-09-27T17:00:00Z","IND","HOU",9,-1.5,42.5
"2026-09-25T20:22:36Z","1f3cfd315a24d1a7dd5859a8e6b88e18","2026-09-27T17:00:00Z","JAX","NE",9,3,46
"2026-09-25T20:22:36Z","0339a0e41bcee12820eb3e64bb5fadb4","2026-09-27T17:00:00Z","MIA","KC",9,-10.5,45.5
"2026-09-25T20:22:36Z","555afd4a27aaa392662881cffa8f2eef","2026-09-27T17:00:00Z","NYG","TEN",9,2.5,38
"2026-09-25T20:22:36Z","2a529c108305ffa049d8b6cfdbaa4d36","2026-09-27T17:00:00Z","WAS","SEA",9,-7.5,40
"2026-09-25T20:22:36Z","9d2b09e0f9b6dd5ce0d985894f4f98fa","2026-09-27T20:05:00Z","SF","ARI",9,8.5,48
"2026-09-25T20:22:36Z","f1724dead3eab61546033032fc782375","2026-09-27T20:05:00Z","TB","MIN",9,-1.5,42.5
"2026-09-25T20:22:36Z","84cfca14efc21363fd605508404cf1ff","2026-09-27T20:25:00Z","DAL","BAL",9,-3.5,53.5
"2026-09-25T20:22:36Z","2e523fcb0497aa689473e290eb2b97de","2026-09-27T20:25:00Z","NO","LV",9,3,43.5
"2026-09-25T20:22:36Z","3bfd8bfb4b8e9a365a0877879b73b16b","2026-09-28T00:20:00Z","DEN","LA",9,-2,44
"2026-09-25T20:22:36Z","47dc7baa254659f3beb2ed2b38c207b6","2026-09-29T00:15:00Z","CHI","PHI",9,-5,41.5
"2026-09-25T20:22:36Z","d55cb69fed50a09170560b5b75d8de86","2026-10-02T00:15:00Z","CLE","PIT",7,-2.5,37.5
"2026-09-25T20:22:36Z","c9d8ed8aa4889486eaf10a630138ede0","2026-10-04T13:30:00Z","WAS","IND",7,-4.5,46
"2026-09-25T20:22:36Z","664e6bda5721dc63be16bcf7d962a436","2026-10-04T17:00:00Z","NYG","ARI",5,2.5,43.5
"2026-09-25T20:22:36Z","f01589b0e7e6dd4f4ac1220a1db81f53","2026-10-04T17:00:00Z","BAL","TEN",7,10.5,45
"2026-09-25T20:22:36Z","573cc0ef39631a4f6673ec843a8bedd4","2026-10-04T17:00:00Z","BUF","NE",7,5.5,50
"2026-09-25T20:22:36Z","164e6eb68f31bac190381903c3cccd31","2026-10-04T17:00:00Z","CHI","NYJ",7,3,43.5
"2026-09-25T20:22:36Z","2ea94ddf20f66432b9024fe2e2eaba5f","2026-10-04T17:00:00Z","CIN","JAX",7,2.5,50.5
"2026-09-25T20:22:36Z","daf55e2df5341c007fee5a0fc5bbc2d4","2026-10-04T17:00:00Z","HOU","DAL",7,3,47.5
"2026-09-25T20:22:36Z","1b4f2e60ce83fa1d63a5dff83769d27c","2026-10-04T17:00:00Z","PHI","LA",7,-2.5,46
"2026-09-25T20:22:36Z","c327223d76a3b7b0db8c6c104442f44b","2026-10-04T20:05:00Z","MIN","MIA",7,10.5,42.5
"2026-09-25T20:22:36Z","a7e7efb75a9792ac63480ae6328dca18","2026-10-04T20:25:00Z","SF","DEN",7,3,46
"2026-09-25T20:22:36Z","e0cbd266dcf997089203a1b33ba0333d","2026-10-04T20:25:00Z","LV","KC",7,-5.5,45.5
"2026-09-25T20:22:36Z","96d2373cda647873b971f268482bced0","2026-10-04T20:25:00Z","SEA","LAC",7,6.5,43.5
"2026-09-25T20:22:36Z","a73a76599a4f3422803e57bd8f61b626","2026-10-05T00:20:00Z","CAR","DET",8,-2.5,49.5
"2026-09-25T21:12:57Z","b225458a282e140c44c45651255f2f6c","2026-09-27T17:00:00Z","BUF","LAC",9,7,50
"2026-09-25T21:12:57Z","613b8cd3a5fab58f7be4e3fd6f76223e","2026-09-27T17:00:00Z","CLE","CAR",9,-2.5,42.5
"2026-09-25T21:12:57Z","71123be049587b6facce3a20c53e5d09","2026-09-27T17:00:00Z","PIT","CIN",9,-3.5,42.5
"2026-09-25T21:12:57Z","07f552badfa8a565d1be22123713e4da","2026-09-27T17:00:00Z","DET","NYJ",9,6.5,48
"2026-09-25T21:12:57Z","17a730b7d399feeab6a78c30767c29d2","2026-09-27T17:00:00Z","IND","HOU",9,-1.5,42.5
"2026-09-25T21:12:57Z","1f3cfd315a24d1a7dd5859a8e6b88e18","2026-09-27T17:00:00Z","JAX","NE",9,3,46
"2026-09-25T21:12:57Z","0339a0e41bcee12820eb3e64bb5fadb4","2026-09-27T17:00:00Z","MIA","KC",9,-10.5,45.5
"2026-09-25T21:12:57Z","555afd4a27aaa392662881cffa8f2eef","2026-09-27T17:00:00Z","NYG","TEN",9,2.5,38
"2026-09-25T21:12:57Z","2a529c108305ffa049d8b6cfdbaa4d36","2026-09-27T17:00:00Z","WAS","SEA",9,-7.5,40
"2026-09-25T21:12:57Z","9d2b09e0f9b6dd5ce0d985894f4f98fa","2026-09-27T20:05:00Z","SF","ARI",9,8.5,48
"2026-09-25T21:12:57Z","f1724dead3eab61546033032fc782375","2026-09-27T20:05:00Z","TB","MIN",9,-1.5,42.5
"2026-09-25T21:12:57Z","84cfca14efc21363fd605508404cf1ff","2026-09-27T20:25:00Z","DAL","BAL",9,-3.5,53.5
"2026-09-25T21:12:57Z","2e523fcb0497aa689473e290eb2b97de","2026-09-27T20:25:00Z","NO","LV",9,3,43.5
"2026-09-25T21:12:57Z","3bfd8bfb4b8e9a365a0877879b73b16b","2026-09-28T00:20:00Z","DEN","LA",9,-2,44
"2026-09-25T21:12:57Z","47dc7baa254659f3beb2ed2b38c207b6","2026-09-29T00:15:00Z","CHI","PHI",9,-5,41
"2026-09-25T21:12:57Z","d55cb69fed50a09170560b5b75d8de86","2026-10-02T00:15:00Z","CLE","PIT",7,-2.5,37.5
"2026-09-25T21:12:57Z","c9d8ed8aa4889486eaf10a630138ede0","2026-10-04T13:30:00Z","WAS","IND",7,-4.5,46
"2026-09-25T21:12:57Z","664e6bda5721dc63be16bcf7d962a436","2026-10-04T17:00:00Z","NYG","ARI",5,2.5,43.5
"2026-09-25T21:12:57Z","f01589b0e7e6dd4f4ac1220a1db81f53","2026-10-04T17:00:00Z","BAL","TEN",7,10.5,45
"2026-09-25T21:12:57Z","573cc0ef39631a4f6673ec843a8bedd4","2026-10-04T17:00:00Z","BUF","NE",7,5.5,50
"2026-09-25T21:12:57Z","164e6eb68f31bac190381903c3cccd31","2026-10-04T17:00:00Z","CHI","NYJ",7,3,43.5
"2026-09-25T21:12:57Z","2ea94ddf20f66432b9024fe2e2eaba5f","2026-10-04T17:00:00Z","CIN","JAX",7,2.5,50.5
"2026-09-25T21:12:57Z","daf55e2df5341c007fee5a0fc5bbc2d4","2026-10-04T17:00:00Z","HOU","DAL",7,3,47.5
"2026-09-25T21:12:57Z","1b4f2e60ce83fa1d63a5dff83769d27c","2026-10-04T17:00:00Z","PHI","LA",7,-2.5,46
"2026-09-25T21:12:57Z","c327223d76a3b7b0db8c6c104442f44b","2026-10-04T20:05:00Z","MIN","MIA",7,10.5,42.5
"2026-09-25T21:12:57Z","a7e7efb75a9792ac63480ae6328dca18","2026-10-04T20:25:00Z","SF","DEN",7,3,46
"2026-09-25T21:12:57Z","e0cbd266dcf997089203a1b33ba0333d","2026-10-04T20:25:00Z","LV","KC",7,-5.5,45.5
"2026-09-25T21:12:57Z","96d2373cda647873b971f268482bced0","2026-10-04T20:25:00Z","SEA","LAC",7,6.5,43.5
"2026-09-25T21:12:57Z","a73a76599a4f3422803e57bd8f61b626","2026-10-05T00:20:00Z","CAR","DET",8,-2.5,49.5
"2026-09-25T21:51:39Z","b225458a282e140c44c45651255f2f6c","2026-09-27T17:00:00Z","BUF","LAC",9,7,50
"2026-09-25T21:51:39Z","613b8cd3a5fab58f7be4e3fd6f76223e","2026-09-27T17:00:00Z","CLE","CAR",9,-2.5,42.5
"2026-09-25T21:51:39Z","71123be049587b6facce3a20c53e5d09","2026-09-27T17:00:00Z","PIT","CIN",9,-3.5,42.5
"2026-09-25T21:51:39Z","07f552badfa8a565d1be22123713e4da","2026-09-27T17:00:00Z","DET","NYJ",9,6.5,48
"2026-09-25T21:51:39Z","17a730b7d399feeab6a78c30767c29d2","2026-09-27T17:00:00Z","IND","HOU",9,-1.5,42.5
"2026-09-25T21:51:39Z","1f3cfd315a24d1a7dd5859a8e6b88e18","2026-09-27T17:00:00Z","JAX","NE",9,3,46
"2026-09-25T21:51:39Z","0339a0e41bcee12820eb3e64bb5fadb4","2026-09-27T17:00:00Z","MIA","KC",9,-10.5,45.5
"2026-09-25T21:51:39Z","555afd4a27aaa392662881cffa8f2eef","2026-09-27T17:00:00Z","NYG","TEN",9,2.5,38
"2026-09-25T21:51:39Z","2a529c108305ffa049d8b6cfdbaa4d36","2026-09-27T17:00:00Z","WAS","SEA",9,-7.5,40
"2026-09-25T21:51:39Z","9d2b09e0f9b6dd5ce0d985894f4f98fa","2026-09-27T20:05:00Z","SF","ARI",9,8.5,48
"2026-09-25T21:51:39Z","f1724dead3eab61546033032fc782375","2026-09-27T20:05:00Z","TB","MIN",9,-1.5,42.5
"2026-09-25T21:51:39Z","84cfca14efc21363fd605508404cf1ff","2026-09-27T20:25:00Z","DAL","BAL",9,-3.5,53.5
"2026-09-25T21:51:39Z","2e523fcb0497aa689473e290eb2b97de","2026-09-27T20:25:00Z","NO","LV",9,3,43.5
"2026-09-25T21:51:39Z","3bfd8bfb4b8e9a365a0877879b73b16b","2026-09-28T00:20:00Z","DEN","LA",9,-2,44
"2026-09-25T21:51:39Z","47dc7baa254659f3beb2ed2b38c207b6","2026-09-29T00:15:00Z","CHI","PHI",9,-5,41
"2026-09-25T21:51:39Z","d55cb69fed50a09170560b5b75d8de86","2026-10-02T00:15:00Z","CLE","PIT",7,-2.5,37.5
"2026-09-25T21:51:39Z","c9d8ed8aa4889486eaf10a630138ede0","2026-10-04T13:30:00Z","WAS","IND",7,-4.5,46
"2026-09-25T21:51:39Z","664e6bda5721dc63be16bcf7d962a436","2026-10-04T17:00:00Z","NYG","ARI",5,2.5,43.5
"2026-09-25T21:51:39Z","f01589b0e7e6dd4f4ac1220a1db81f53","2026-10-04T17:00:00Z","BAL","TEN",7,10.5,45
"2026-09-25T21:51:39Z","573cc0ef39631a4f6673ec843a8bedd4","2026-10-04T17:00:00Z","BUF","NE",7,5.5,50
"2026-09-25T21:51:39Z","164e6eb68f31bac190381903c3cccd31","2026-10-04T17:00:00Z","CHI","NYJ",7,3,43.5
"2026-09-25T21:51:39Z","2ea94ddf20f66432b9024fe2e2eaba5f","2026-10-04T17:00:00Z","CIN","JAX",7,2.5,50.5
"2026-09-25T21:51:39Z","daf55e2df5341c007fee5a0fc5bbc2d4","2026-10-04T17:00:00Z","HOU","DAL",7,3,47.5
"2026-09-25T21:51:39Z","1b4f2e60ce83fa1d63a5dff83769d27c","2026-10-04T17:00:00Z","PHI","LA",7,-2.5,46
"2026-09-25T21:51:39Z","c327223d76a3b7b0db8c6c104442f44b","2026-10-04T20:05:00Z","MIN","MIA",7,10.5,42.5
"2026-09-25T21:51:39Z","a7e7efb75a9792ac63480ae6328dca18","2026-10-04T20:25:00Z","SF","DEN",7,3,46
"2026-09-25T21:51:39Z","e0cbd266dcf997089203a1b33ba0333d","2026-10-04T20:25:00Z","LV","KC",7,-5.5,45.5
"2026-09-25T21:51:39Z","96d2373cda647873b971f268482bced0","2026-10-04T20:25:00Z","SEA","LAC",7,6.5,43.5
"2026-09-25T21:51:39Z","a73a76599a4f3422803e57bd8f61b626","2026-10-05T00:20:00Z","CAR","DET",8,-2.5,49.5
"2026-09-25T22:46:33Z","b225458a282e140c44c45651255f2f6c","2026-09-27T17:00:00Z","BUF","LAC",9,7,50
"2026-09-25T22:46:33Z","613b8cd3a5fab58f7be4e3fd6f76223e","2026-09-27T17:00:00Z","CLE","CAR",9,-2.5,42.5
"2026-09-25T22:46:33Z","71123be049587b6facce3a20c53e5d09","2026-09-27T17:00:00Z","PIT","CIN",9,-3.5,42.5
"2026-09-25T22:46:33Z","07f552badfa8a565d1be22123713e4da","2026-09-27T17:00:00Z","DET","NYJ",9,6.5,48
"2026-09-25T22:46:33Z","17a730b7d399feeab6a78c30767c29d2","2026-09-27T17:00:00Z","IND","HOU",9,-1.5,42.5
"2026-09-25T22:46:33Z","1f3cfd315a24d1a7dd5859a8e6b88e18","2026-09-27T17:00:00Z","JAX","NE",9,3,46
"2026-09-25T22:46:33Z","0339a0e41bcee12820eb3e64bb5fadb4","2026-09-27T17:00:00Z","MIA","KC",9,-10.5,45.5
"2026-09-25T22:46:33Z","555afd4a27aaa392662881cffa8f2eef","2026-09-27T17:00:00Z","NYG","TEN",9,2.5,38
"2026-09-25T22:46:33Z","2a529c108305ffa049d8b6cfdbaa4d36","2026-09-27T17:00:00Z","WAS","SEA",9,-7.5,40
"2026-09-25T22:46:33Z","9d2b09e0f9b6dd5ce0d985894f4f98fa","2026-09-27T20:05:00Z","SF","ARI",9,8.5,48
"2026-09-25T22:46:33Z","f1724dead3eab61546033032fc782375","2026-09-27T20:05:00Z","TB","MIN",9,-1.5,42.5
"2026-09-25T22:46:33Z","84cfca14efc21363fd605508404cf1ff","2026-09-27T20:25:00Z","DAL","BAL",9,-3.5,53.5
"2026-09-25T22:46:33Z","2e523fcb0497aa689473e290eb2b97de","2026-09-27T20:25:00Z","NO","LV",9,3,43.5
"2026-09-25T22:46:33Z","3bfd8bfb4b8e9a365a0877879b73b16b","2026-09-28T00:20:00Z","DEN","LA",9,-2,44
"2026-09-25T22:46:33Z","47dc7baa254659f3beb2ed2b38c207b6","2026-09-29T00:15:00Z","CHI","PHI",9,-5,41
"2026-09-25T22:46:33Z","d55cb69fed50a09170560b5b75d8de86","2026-10-02T00:15:00Z","CLE","PIT",7,-2.5,37.5
"2026-09-25T22:46:33Z","c9d8ed8aa4889486eaf10a630138ede0","2026-10-04T13:30:00Z","WAS","IND",7,-4.5,46
"2026-09-25T22:46:33Z","664e6bda5721dc63be16bcf7d962a436","2026-10-04T17:00:00Z","NYG","ARI",5,2.5,43.5
"2026-09-25T22:46:33Z","f01589b0e7e6dd4f4ac1220a1db81f53","2026-10-04T17:00:00Z","BAL","TEN",7,10.5,45
"2026-09-25T22:46:33Z","573cc0ef39631a4f6673ec843a8bedd4","2026-10-04T17:00:00Z","BUF","NE",7,5.5,50
"2026-09-25T22:46:33Z","164e6eb68f31bac190381903c3cccd31","2026-10-04T17:00:00Z","CHI","NYJ",7,3,43.5
"2026-09-25T22:46:33Z","2ea94ddf20f66432b9024fe2e2eaba5f","2026-10-04T17:00:00Z","CIN","JAX",7,2.5,50.5
"2026-09-25T22:46:33Z","daf55e2df5341c007fee5a0fc5bbc2d4","2026-10-04T17:00:00Z","HOU","DAL",7,3,47.5
"2026-09-25T22:46:33Z","1b4f2e60ce83fa1d63a5dff83769d27c","2026-10-04T17:00:00Z","PHI","LA",7,-2.5,46
"2026-09-25T22:46:33Z","c327223d76a3b7b0db8c6c104442f44b","2026-10-04T20:05:00Z","MIN","MIA",7,10.5,42.5
"2026-09-25T22:46:33Z","a7e7efb75a9792ac63480ae6328dca18","2026-10-04T20:25:00Z","SF","DEN",7,3,46
"2026-09-25T22:46:33Z","e0cbd266dcf997089203a1b33ba0333d","2026-10-04T20:25:00Z","LV","KC",7,-5.5,45.5
"2026-09-25T22:46:33Z","96d2373cda647873b971f268482bced0","2026-10-04T20:25:00Z","SEA","LAC",7,6.5,43.5
"2026-09-25T22:46:33Z","a73a76599a4f3422803e57bd8f61b626","2026-10-05T00:20:00Z","CAR","DET",8,-2.5,49.5
"2026-09-25T23:17:51Z","b225458a282e140c44c45651255f2f6c","2026-09-27T17:00:00Z","BUF","LAC",9,7,50
"2026-09-25T23:17:51Z","613b8cd3a5fab58f7be4e3fd6f76223e","2026-09-27T17:00:00Z","CLE","CAR",9,-2.5,42.5
"2026-09-25T23:17:51Z","71123be049587b6facce3a20c53e5d09","2026-09-27T17:00:00Z","PIT","CIN",9,-3.5,42.5
"2026-09-25T23:17:51Z","07f552badfa8a565d1be22123713e4da","2026-09-27T17:00:00Z","DET","NYJ",9,6.5,48
"2026-09-25T23:17:51Z","17a730b7d399feeab6a78c30767c29d2","2026-09-27T17:00:00Z","IND","HOU",9,-1.5,42.5
"2026-09-25T23:17:51Z","1f3cfd315a24d1a7dd5859a8e6b88e18","2026-09-27T17:00:00Z","JAX","NE",9,3,46
"2026-09-25T23:17:51Z","0339a0e41bcee12820eb3e64bb5fadb4","2026-09-27T17:00:00Z","MIA","KC",9,-10.5,45.5
"2026-09-25T23:17:51Z","555afd4a27aaa392662881cffa8f2eef","2026-09-27T17:00:00Z","NYG","TEN",9,2.5,38
"2026-09-25T23:17:51Z","2a529c108305ffa049d8b6cfdbaa4d36","2026-09-27T17:00:00Z","WAS","SEA",9,-7.5,40
"2026-09-25T23:17:51Z","9d2b09e0f9b6dd5ce0d985894f4f98fa","2026-09-27T20:05:00Z","SF","ARI",9,8.5,48
"2026-09-25T23:17:51Z","f1724dead3eab61546033032fc782375","2026-09-27T20:05:00Z","TB","MIN",9,-1.5,42.5
"2026-09-25T23:17:51Z","84cfca14efc21363fd605508404cf1ff","2026-09-27T20:25:00Z","DAL","BAL",9,-3.5,53.5
"2026-09-25T23:17:51Z","2e523fcb0497aa689473e290eb2b97de","2026-09-27T20:25:00Z","NO","LV",9,3,43.5
"2026-09-25T23:17:51Z","3bfd8bfb4b8e9a365a0877879b73b16b","2026-09-28T00:20:00Z","DEN","LA",9,-2,44
"2026-09-25T23:17:51Z","47dc7baa254659f3beb2ed2b38c207b6","2026-09-29T00:15:00Z","CHI","PHI",9,-5,41
"2026-09-25T23:17:51Z","d55cb69fed50a09170560b5b75d8de86","2026-10-02T00:15:00Z","CLE","PIT",7,-2.5,37.5
"2026-09-25T23:17:51Z","c9d8ed8aa4889486eaf10a630138ede0","2026-10-04T13:30:00Z","WAS","IND",7,-4.5,46
"2026-09-25T23:17:51Z","664e6bda5721dc63be16bcf7d962a436","2026-10-04T17:00:00Z","NYG","ARI",5,2.5,43.5
"2026-09-25T23:17:51Z","f01589b0e7e6dd4f4ac1220a1db81f53","2026-10-04T17:00:00Z","BAL","TEN",7,10.5,45
"2026-09-25T23:17:51Z","573cc0ef39631a4f6673ec843a8bedd4","2026-10-04T17:00:00Z","BUF","NE",7,5.5,50
"2026-09-25T23:17:51Z","164e6eb68f31bac190381903c3cccd31","2026-10-04T17:00:00Z","CHI","NYJ",7,3,43.5
"2026-09-25T23:17:51Z","2ea94ddf20f66432b9024fe2e2eaba5f","2026-10-04T17:00:00Z","CIN","JAX",7,2.5,50.5
"2026-09-25T23:17:51Z","daf55e2df5341c007fee5a0fc5bbc2d4","2026-10-04T17:00:00Z","HOU","DAL",7,3,47.5
"2026-09-25T23:17:51Z","1b4f2e60ce83fa1d63a5dff83769d27c","2026-10-04T17:00:00Z","PHI","LA",7,-2.5,46
"2026-09-25T23:17:51Z","c327223d76a3b7b0db8c6c104442f44b","2026-10-04T20:05:00Z","MIN","MIA",7,10.5,42.5
"2026-09-25T23:17:51Z","a7e7efb75a9792ac63480ae6328dca18","2026-10-04T20:25:00Z","SF","DEN",7,3,46
"2026-09-25T23:17:51Z","e0cbd266dcf997089203a1b33ba0333d","2026-10-04T20:25:00Z","LV","KC",7,-5.5,45.5
"2026-09-25T23:17:51Z","96d2373cda647873b971f268482bced0","2026-10-04T20:25:00Z","SEA","LAC",7,6.5,43.5
"2026-09-25T23:17:51Z","a73a76599a4f3422803e57bd8f61b626","2026-10-05T00:20:00Z","CAR","DET",8,-2.5,49.5
"2026-09-25T23:37:34Z","b225458a282e140c44c45651255f2f6c","2026-09-27T17:00:00Z","BUF","LAC",9,7,50
"2026-09-25T23:37:34Z","613b8cd3a5fab58f7be4e3fd6f76223e","2026-09-27T17:00:00Z","CLE","CAR",9,-2.5,42.5
"2026-09-25T23:37:34Z","71123be049587b6facce3a20c53e5d09","2026-09-27T17:00:00Z","PIT","CIN",9,-3.5,42.5
"2026-09-25T23:37:34Z","07f552badfa8a565d1be22123713e4da","2026-09-27T17:00:00Z","DET","NYJ",9,6.5,48
"2026-09-25T23:37:34Z","17a730b7d399feeab6a78c30767c29d2","2026-09-27T17:00:00Z","IND","HOU",9,-1.5,42.5
"2026-09-25T23:37:34Z","1f3cfd315a24d1a7dd5859a8e6b88e18","2026-09-27T17:00:00Z","JAX","NE",9,3,46
"2026-09-25T23:37:34Z","0339a0e41bcee12820eb3e64bb5fadb4","2026-09-27T17:00:00Z","MIA","KC",9,-10.5,45.5
"2026-09-25T23:37:34Z","555afd4a27aaa392662881cffa8f2eef","2026-09-27T17:00:00Z","NYG","TEN",9,2.5,38
"2026-09-25T23:37:34Z","2a529c108305ffa049d8b6cfdbaa4d36","2026-09-27T17:00:00Z","WAS","SEA",9,-7.5,40
"2026-09-25T23:37:34Z","9d2b09e0f9b6dd5ce0d985894f4f98fa","2026-09-27T20:05:00Z","SF","ARI",9,8.5,48
"2026-09-25T23:37:34Z","f1724dead3eab61546033032fc782375","2026-09-27T20:05:00Z","TB","MIN",9,-1.5,42.5
"2026-09-25T23:37:34Z","84cfca14efc21363fd605508404cf1ff","2026-09-27T20:25:00Z","DAL","BAL",9,-3.5,53.5
"2026-09-25T23:37:34Z","2e523fcb0497aa689473e290eb2b97de","2026-09-27T20:25:00Z","NO","LV",9,3,43.5
"2026-09-25T23:37:34Z","3bfd8bfb4b8e9a365a0877879b73b16b","2026-09-28T00:20:00Z","DEN","LA",9,-2,44
"2026-09-25T23:37:34Z","47dc7baa254659f3beb2ed2b38c207b6","2026-09-29T00:15:00Z","CHI","PHI",9,-5,41
"2026-09-25T23:37:34Z","d55cb69fed50a09170560b5b75d8de86","2026-10-02T00:15:00Z","CLE","PIT",7,-2.5,37.5
"2026-09-25T23:37:34Z","c9d8ed8aa4889486eaf10a630138ede0","2026-10-04T13:30:00Z","WAS","IND",7,-4.5,46
"2026-09-25T23:37:34Z","664e6bda5721dc63be16bcf7d962a436","2026-10-04T17:00:00Z","NYG","ARI",5,2.5,43.5
"2026-09-25T23:37:34Z","f01589b0e7e6dd4f4ac1220a1db81f53","2026-10-04T17:00:00Z","BAL","TEN",7,10.5,45
"2026-09-25T23:37:34Z","573cc0ef39631a4f6673ec843a8bedd4","2026-10-04T17:00:00Z","BUF","NE",7,5.5,50
"2026-09-25T23:37:34Z","164e6eb68f31bac190381903c3cccd31","2026-10-04T17:00:00Z","CHI","NYJ",7,3,43.5
"2026-09-25T23:37:34Z","2ea94ddf20f66432b9024fe2e2eaba5f","2026-10-04T17:00:00Z","CIN","JAX",7,2.5,50.5
"2026-09-25T23:37:34Z","daf55e2df5341c007fee5a0fc5bbc2d4","2026-10-04T17:00:00Z","HOU","DAL",7,3,47.5
"2026-09-25T23:37:34Z","1b4f2e60ce83fa1d63a5dff83769d27c","2026-10-04T17:00:00Z","PHI","LA",7,-2.5,46
"2026-09-25T23:37:34Z","c327223d76a3b7b0db8c6c104442f44b","2026-10-04T20:05:00Z","MIN","MIA",7,10.5,42.5
"2026-09-25T23:37:34Z","a7e7efb75a9792ac63480ae6328dca18","2026-10-04T20:25:00Z","SF","DEN",7,3,46
"2026-09-25T23:37:34Z","e0cbd266dcf997089203a1b33ba0333d","2026-10-04T20:25:00Z","LV","KC",7,-5.5,45.5
"2026-09-25T23:37:34Z","96d2373cda647873b971f268482bced0","2026-10-04T20:25:00Z","SEA","LAC",7,6.5,43.5
"2026-09-25T23:37:34Z","a73a76599a4f3422803e57bd8f61b626","2026-10-05T00:20:00Z","CAR","DET",8,-2.5,49.5
"2026-09-25T23:59:49Z","b225458a282e140c44c45651255f2f6c","2026-09-27T17:00:00Z","BUF","LAC",9,7,50
"2026-09-25T23:59:49Z","613b8cd3a5fab58f7be4e3fd6f76223e","2026-09-27T17:00:00Z","CLE","CAR",9,-2.5,42.5
"2026-09-25T23:59:49Z","71123be049587b6facce3a20c53e5d09","2026-09-27T17:00:00Z","PIT","CIN",9,-3.5,42.5
"2026-09-25T23:59:49Z","07f552badfa8a565d1be22123713e4da","2026-09-27T17:00:00Z","DET","NYJ",9,6.5,48
"2026-09-25T23:59:49Z","17a730b7d399feeab6a78c30767c29d2","2026-09-27T17:00:00Z","IND","HOU",9,-1.5,42.5
"2026-09-25T23:59:49Z","1f3cfd315a24d1a7dd5859a8e6b88e18","2026-09-27T17:00:00Z","JAX","NE",9,3,46
"2026-09-25T23:59:49Z","0339a0e41bcee12820eb3e64bb5fadb4","2026-09-27T17:00:00Z","MIA","KC",9,-10.5,45.5
"2026-09-25T23:59:49Z","555afd4a27aaa392662881cffa8f2eef","2026-09-27T17:00:00Z","NYG","TEN",9,2.5,38
"2026-09-25T23:59:49Z","2a529c108305ffa049d8b6cfdbaa4d36","2026-09-27T17:00:00Z","WAS","SEA",9,-7.5,40
"2026-09-25T23:59:49Z","9d2b09e0f9b6dd5ce0d985894f4f98fa","2026-09-27T20:05:00Z","SF","ARI",9,8.5,48
"2026-09-25T23:59:49Z","f1724dead3eab61546033032fc782375","2026-09-27T20:05:00Z","TB","MIN",9,-1.5,42.5
"2026-09-25T23:59:49Z","84cfca14efc21363fd605508404cf1ff","2026-09-27T20:25:00Z","DAL","BAL",9,-3.5,53.5
"2026-09-25T23:59:49Z","2e523fcb0497aa689473e290eb2b97de","2026-09-27T20:25:00Z","NO","LV",9,3,43.5
"2026-09-25T23:59:49Z","3bfd8bfb4b8e9a365a0877879b73b16b","2026-09-28T00:20:00Z","DEN","LA",9,-2,44
"2026-09-25T23:59:49Z","47dc7baa254659f3beb2ed2b38c207b6","2026-09-29T00:15:00Z","CHI","PHI",9,-5,41
"2026-09-25T23:59:49Z","d55cb69fed50a09170560b5b75d8de86","2026-10-02T00:15:00Z","CLE","PIT",7,-2.5,37.5
"2026-09-25T23:59:49Z","c9d8ed8aa4889486eaf10a630138ede0","2026-10-04T13:30:00Z","WAS","IND",7,-4.5,46
"2026-09-25T23:59:49Z","664e6bda5721dc63be16bcf7d962a436","2026-10-04T17:00:00Z","NYG","ARI",5,2.5,43.5
"2026-09-25T23:59:49Z","f01589b0e7e6dd4f4ac1220a1db81f53","2026-10-04T17:00:00Z","BAL","TEN",7,10.5,45
"2026-09-25T23:59:49Z","573cc0ef39631a4f6673ec843a8bedd4","2026-10-04T17:00:00Z","BUF","NE",7,5.5,50
"2026-09-25T23:59:49Z","164e6eb68f31bac190381903c3cccd31","2026-10-04T17:00:00Z","CHI","NYJ",7,3,43.5
"2026-09-25T23:59:49Z","2ea94ddf20f66432b9024fe2e2eaba5f","2026-10-04T17:00:00Z","CIN","JAX",7,2.5,50.5
"2026-09-25T23:59:49Z","daf55e2df5341c007fee5a0fc5bbc2d4","2026-10-04T17:00:00Z","HOU","DAL",7,3,47.5
"2026-09-25T23:59:49Z","1b4f2e60ce83fa1d63a5dff83769d27c","2026-10-04T17:00:00Z","PHI","LA",7,-2.5,46
"2026-09-25T23:59:49Z","c327223d76a3b7b0db8c6c104442f44b","2026-10-04T20:05:00Z","MIN","MIA",7,10.5,42.5
"2026-09-25T23:59:49Z","a7e7efb75a9792ac63480ae6328dca18","2026-10-04T20:25:00Z","SF","DEN",7,3,46
"2026-09-25T23:59:49Z","e0cbd266dcf997089203a1b33ba0333d","2026-10-04T20:25:00Z","LV","KC",7,-5.5,45.5
"2026-09-25T23:59:49Z","96d2373cda647873b971f268482bced0","2026-10-04T20:25:00Z","SEA","LAC",7,6.5,43.5
"2026-09-25T23:59:49Z","a73a76599a4f3422803e57bd8f61b626","2026-10-05T00:20:00Z","CAR","DET",8,-2.5,49.5
"2026-09-26T02:57:14Z","b225458a282e140c44c45651255f2f6c","2026-09-27T17:00:00Z","BUF","LAC",9,7,50
"2026-09-26T02:57:14Z","613b8cd3a5fab58f7be4e3fd6f76223e","2026-09-27T17:00:00Z","CLE","CAR",9,-2.5,42.5
"2026-09-26T02:57:14Z","71123be049587b6facce3a20c53e5d09","2026-09-27T17:00:00Z","PIT","CIN",9,-3.5,42.5
"2026-09-26T02:57:14Z","07f552badfa8a565d1be22123713e4da","2026-09-27T17:00:00Z","DET","NYJ",9,6.5,48
"2026-09-26T02:57:14Z","17a730b7d399feeab6a78c30767c29d2","2026-09-27T17:00:00Z","IND","HOU",9,-1.5,42.5
"2026-09-26T02:57:14Z","1f3cfd315a24d1a7dd5859a8e6b88e18","2026-09-27T17:00:00Z","JAX","NE",9,3,46
"2026-09-26T02:57:14Z","0339a0e41bcee12820eb3e64bb5fadb4","2026-09-27T17:00:00Z","MIA","KC",9,-10.5,45.5
"2026-09-26T02:57:14Z","555afd4a27aaa392662881cffa8f2eef","2026-09-27T17:00:00Z","NYG","TEN",9,2.5,38
"2026-09-26T02:57:14Z","2a529c108305ffa049d8b6cfdbaa4d36","2026-09-27T17:00:00Z","WAS","SEA",9,-8,40
"2026-09-26T02:57:14Z","9d2b09e0f9b6dd5ce0d985894f4f98fa","2026-09-27T20:05:00Z","SF","ARI",9,8.5,48
"2026-09-26T02:57:14Z","f1724dead3eab61546033032fc782375","2026-09-27T20:05:00Z","TB","MIN",9,-1.5,42.5
"2026-09-26T02:57:14Z","84cfca14efc21363fd605508404cf1ff","2026-09-27T20:25:00Z","DAL","BAL",9,-3.5,53.5
"2026-09-26T02:57:14Z","2e523fcb0497aa689473e290eb2b97de","2026-09-27T20:25:00Z","NO","LV",9,3,43.5
"2026-09-26T02:57:14Z","3bfd8bfb4b8e9a365a0877879b73b16b","2026-09-28T00:20:00Z","DEN","LA",9,-2,44
"2026-09-26T02:57:14Z","47dc7baa254659f3beb2ed2b38c207b6","2026-09-29T00:15:00Z","CHI","PHI",9,-5,41
"2026-09-26T02:57:14Z","d55cb69fed50a09170560b5b75d8de86","2026-10-02T00:15:00Z","CLE","PIT",7,-2.5,37.5
"2026-09-26T02:57:14Z","c9d8ed8aa4889486eaf10a630138ede0","2026-10-04T13:30:00Z","WAS","IND",7,-4.5,46
"2026-09-26T02:57:14Z","664e6bda5721dc63be16bcf7d962a436","2026-10-04T17:00:00Z","NYG","ARI",5,2.5,43.5
"2026-09-26T02:57:14Z","f01589b0e7e6dd4f4ac1220a1db81f53","2026-10-04T17:00:00Z","BAL","TEN",7,10.5,45
"2026-09-26T02:57:14Z","573cc0ef39631a4f6673ec843a8bedd4","2026-10-04T17:00:00Z","BUF","NE",7,5.5,50
"2026-09-26T02:57:14Z","164e6eb68f31bac190381903c3cccd31","2026-10-04T17:00:00Z","CHI","NYJ",7,3,43.5
"2026-09-26T02:57:14Z","2ea94ddf20f66432b9024fe2e2eaba5f","2026-10-04T17:00:00Z","CIN","JAX",7,2.5,50.5
"2026-09-26T02:57:14Z","daf55e2df5341c007fee5a0fc5bbc2d4","2026-10-04T17:00:00Z","HOU","DAL",7,3,47.5
"2026-09-26T02:57:14Z","1b4f2e60ce83fa1d63a5dff83769d27c","2026-10-04T17:00:00Z","PHI","LA",7,-2.5,46
"2026-09-26T02:57:14Z","c327223d76a3b7b0db8c6c104442f44b","2026-10-04T20:05:00Z","MIN","MIA",7,10.5,42.5
"2026-09-26T02:57:14Z","a7e7efb75a9792ac63480ae6328dca18","2026-10-04T20:25:00Z","SF","DEN",7,3,46
"2026-09-26T02:57:14Z","e0cbd266dcf997089203a1b33ba0333d","2026-10-04T20:25:00Z","LV","KC",7,-5.5,45.5
"2026-09-26T02:57:14Z","96d2373cda647873b971f268482bced0","2026-10-04T20:25:00Z","SEA","LAC",7,6.5,43.5
"2026-09-26T02:57:14Z","a73a76599a4f3422803e57bd8f61b626","2026-10-05T00:20:00Z","CAR","DET",8,-2.5,49.5
"2026-09-26T17:36:07Z","b225458a282e140c44c45651255f2f6c","2026-09-27T17:00:00Z","BUF","LAC",9,7,50
"2026-09-26T17:36:07Z","613b8cd3a5fab58f7be4e3fd6f76223e","2026-09-27T17:00:00Z","CLE","CAR",9,-2,42.5
"2026-09-26T17:36:07Z","71123be049587b6facce3a20c53e5d09","2026-09-27T17:00:00Z","PIT","CIN",9,-3.5,42.5
"2026-09-26T17:36:07Z","07f552badfa8a565d1be22123713e4da","2026-09-27T17:00:00Z","DET","NYJ",9,6.5,48
"2026-09-26T17:36:07Z","17a730b7d399feeab6a78c30767c29d2","2026-09-27T17:00:00Z","IND","HOU",9,-1.5,42.5
"2026-09-26T17:36:07Z","1f3cfd315a24d1a7dd5859a8e6b88e18","2026-09-27T17:00:00Z","JAX","NE",9,3,46
"2026-09-26T17:36:07Z","0339a0e41bcee12820eb3e64bb5fadb4","2026-09-27T17:00:00Z","MIA","KC",9,-10.5,45
"2026-09-26T17:36:07Z","555afd4a27aaa392662881cffa8f2eef","2026-09-27T17:00:00Z","NYG","TEN",9,2.5,38
"2026-09-26T17:36:07Z","2a529c108305ffa049d8b6cfdbaa4d36","2026-09-27T17:00:00Z","WAS","SEA",9,-8,40
"2026-09-26T17:36:07Z","9d2b09e0f9b6dd5ce0d985894f4f98fa","2026-09-27T20:05:00Z","SF","ARI",9,8.5,48
"2026-09-26T17:36:07Z","f1724dead3eab61546033032fc782375","2026-09-27T20:05:00Z","TB","MIN",9,-1.5,42.5
"2026-09-26T17:36:07Z","84cfca14efc21363fd605508404cf1ff","2026-09-27T20:25:00Z","DAL","BAL",9,-3.5,53.5
"2026-09-26T17:36:07Z","2e523fcb0497aa689473e290eb2b97de","2026-09-27T20:25:00Z","NO","LV",9,3,43.5
"2026-09-26T17:36:07Z","3bfd8bfb4b8e9a365a0877879b73b16b","2026-09-28T00:20:00Z","DEN","LA",9,-2,44
"2026-09-26T17:36:07Z","47dc7baa254659f3beb2ed2b38c207b6","2026-09-29T00:15:00Z","CHI","PHI",7,-3.5,42
"2026-09-26T17:36:07Z","d55cb69fed50a09170560b5b75d8de86","2026-10-02T00:15:00Z","CLE","PIT",7,-2.5,37.5
"2026-09-26T17:36:07Z","c9d8ed8aa4889486eaf10a630138ede0","2026-10-04T13:30:00Z","WAS","IND",7,-4.5,46
"2026-09-26T17:36:07Z","664e6bda5721dc63be16bcf7d962a436","2026-10-04T17:00:00Z","NYG","ARI",5,2.5,43.5
"2026-09-26T17:36:07Z","f01589b0e7e6dd4f4ac1220a1db81f53","2026-10-04T17:00:00Z","BAL","TEN",7,10.5,45
"2026-09-26T17:36:07Z","573cc0ef39631a4f6673ec843a8bedd4","2026-10-04T17:00:00Z","BUF","NE",7,5.5,50
"2026-09-26T17:36:07Z","164e6eb68f31bac190381903c3cccd31","2026-10-04T17:00:00Z","CHI","NYJ",7,3,43.5
"2026-09-26T17:36:07Z","2ea94ddf20f66432b9024fe2e2eaba5f","2026-10-04T17:00:00Z","CIN","JAX",7,2.5,50.5
"2026-09-26T17:36:07Z","daf55e2df5341c007fee5a0fc5bbc2d4","2026-10-04T17:00:00Z","HOU","DAL",7,3,47.5
"2026-09-26T17:36:07Z","1b4f2e60ce83fa1d63a5dff83769d27c","2026-10-04T17:00:00Z","PHI","LA",7,-2.5,46
"2026-09-26T17:36:07Z","c327223d76a3b7b0db8c6c104442f44b","2026-10-04T20:05:00Z","MIN","MIA",7,10.5,42.5
"2026-09-26T17:36:07Z","a7e7efb75a9792ac63480ae6328dca18","2026-10-04T20:25:00Z","SF","DEN",7,3,46
"2026-09-26T17:36:07Z","e0cbd266dcf997089203a1b33ba0333d","2026-10-04T20:25:00Z","LV","KC",7,-5.5,45.5
"2026-09-26T17:36:07Z","96d2373cda647873b971f268482bced0","2026-10-04T20:25:00Z","SEA","LAC",7,6.5,43.5
"2026-09-26T17:36:07Z","a73a76599a4f3422803e57bd8f61b626","2026-10-05T00:20:00Z","CAR","DET",8,-2.5,49.5
"2026-09-27T16:16:47Z","b225458a282e140c44c45651255f2f6c","2026-09-27T17:00:00Z","BUF","LAC",9,7,50
"2026-09-27T16:16:47Z","613b8cd3a5fab58f7be4e3fd6f76223e","2026-09-27T17:00:00Z","CLE","CAR",9,-2,41.5
"2026-09-27T16:16:47Z","71123be049587b6facce3a20c53e5d09","2026-09-27T17:00:00Z","PIT","CIN",9,-3,42.5
"2026-09-27T16:16:47Z","07f552badfa8a565d1be22123713e4da","2026-09-27T17:00:00Z","DET","NYJ",9,7,49.5
"2026-09-27T16:16:47Z","17a730b7d399feeab6a78c30767c29d2","2026-09-27T17:00:00Z","IND","HOU",9,-1.5,42.5
"2026-09-27T16:16:47Z","1f3cfd315a24d1a7dd5859a8e6b88e18","2026-09-27T17:00:00Z","JAX","NE",9,3,46
"2026-09-27T16:16:47Z","0339a0e41bcee12820eb3e64bb5fadb4","2026-09-27T17:00:00Z","MIA","KC",9,-10,45
"2026-09-27T16:16:47Z","555afd4a27aaa392662881cffa8f2eef","2026-09-27T17:00:00Z","NYG","TEN",9,2.5,37.5
"2026-09-27T16:16:47Z","2a529c108305ffa049d8b6cfdbaa4d36","2026-09-27T17:00:00Z","WAS","SEA",9,-8.5,40
"2026-09-27T16:16:47Z","9d2b09e0f9b6dd5ce0d985894f4f98fa","2026-09-27T20:05:00Z","SF","ARI",9,7.5,48
"2026-09-27T16:16:47Z","f1724dead3eab61546033032fc782375","2026-09-27T20:05:00Z","TB","MIN",9,-1,42.5
"2026-09-27T16:16:47Z","84cfca14efc21363fd605508404cf1ff","2026-09-27T20:25:00Z","DAL","BAL",9,-3,53.5
"2026-09-27T16:16:47Z","2e523fcb0497aa689473e290eb2b97de","2026-09-27T20:25:00Z","NO","LV",9,3.5,43.5
"2026-09-27T16:16:47Z","3bfd8bfb4b8e9a365a0877879b73b16b","2026-09-28T00:20:00Z","DEN","LA",9,-1.5,44
"2026-09-27T16:16:47Z","47dc7baa254659f3beb2ed2b38c207b6","2026-09-29T00:15:00Z","CHI","PHI",8,-3.5,42
"2026-09-27T16:16:47Z","d55cb69fed50a09170560b5b75d8de86","2026-10-02T00:15:00Z","CLE","PIT",4,-2.5,37.5
"2026-09-27T16:16:47Z","c9d8ed8aa4889486eaf10a630138ede0","2026-10-04T13:30:00Z","WAS","IND",4,-4.5,46.25
"2026-09-27T16:16:47Z","664e6bda5721dc63be16bcf7d962a436","2026-10-04T17:00:00Z","NYG","ARI",4,2.5,43.5
"2026-09-27T16:16:47Z","f01589b0e7e6dd4f4ac1220a1db81f53","2026-10-04T17:00:00Z","BAL","TEN",4,10.5,44.5
"2026-09-27T16:16:47Z","573cc0ef39631a4f6673ec843a8bedd4","2026-10-04T17:00:00Z","BUF","NE",4,5.5,49.75
"2026-09-27T16:16:47Z","164e6eb68f31bac190381903c3cccd31","2026-10-04T17:00:00Z","CHI","NYJ",4,3.25,43.5
"2026-09-27T16:16:47Z","2ea94ddf20f66432b9024fe2e2eaba5f","2026-10-04T17:00:00Z","CIN","JAX",4,2.75,50.25
"2026-09-27T16:16:47Z","daf55e2df5341c007fee5a0fc5bbc2d4","2026-10-04T17:00:00Z","HOU","DAL",4,2.75,47.5
"2026-09-27T16:16:47Z","1b4f2e60ce83fa1d63a5dff83769d27c","2026-10-04T17:00:00Z","PHI","LA",4,-2.5,46.25
"2026-09-27T16:16:47Z","c327223d76a3b7b0db8c6c104442f44b","2026-10-04T20:05:00Z","MIN","MIA",4,10.5,42.75
"2026-09-27T16:16:47Z","a7e7efb75a9792ac63480ae6328dca18","2026-10-04T20:25:00Z","SF","DEN",4,3,46
"2026-09-27T16:16:47Z","e0cbd266dcf997089203a1b33ba0333d","2026-10-04T20:25:00Z","LV","KC",4,-5.5,45.5
"2026-09-27T16:16:47Z","96d2373cda647873b971f268482bced0","2026-10-04T20:25:00Z","SEA","LAC",4,6.5,43
"2026-09-27T16:16:47Z","a73a76599a4f3422803e57bd8f61b626","2026-10-05T00:20:00Z","CAR","DET",4,-2.75,49.5
"2026-09-27T16:43:06Z","613b8cd3a5fab58f7be4e3fd6f76223e","2026-09-27T17:00:00Z","CLE","CAR",9,-2,41.5
"2026-09-27T16:43:06Z","1f3cfd315a24d1a7dd5859a8e6b88e18","2026-09-27T17:00:00Z","JAX","NE",9,3,46.5
"2026-09-27T16:43:06Z","b225458a282e140c44c45651255f2f6c","2026-09-27T17:05:00Z","BUF","LAC",9,7,50.5
"2026-09-27T16:43:06Z","71123be049587b6facce3a20c53e5d09","2026-09-27T17:05:00Z","PIT","CIN",9,-3,42.5
"2026-09-27T16:43:06Z","07f552badfa8a565d1be22123713e4da","2026-09-27T17:05:00Z","DET","NYJ",9,7,49.5
"2026-09-27T16:43:06Z","17a730b7d399feeab6a78c30767c29d2","2026-09-27T17:05:00Z","IND","HOU",9,-1.5,42.5
"2026-09-27T16:43:06Z","0339a0e41bcee12820eb3e64bb5fadb4","2026-09-27T17:05:00Z","MIA","KC",9,-10,45
"2026-09-27T16:43:06Z","555afd4a27aaa392662881cffa8f2eef","2026-09-27T17:05:00Z","NYG","TEN",9,2.5,37.5
"2026-09-27T16:43:06Z","2a529c108305ffa049d8b6cfdbaa4d36","2026-09-27T17:05:00Z","WAS","SEA",9,-8.5,40
"2026-09-27T16:43:06Z","9d2b09e0f9b6dd5ce0d985894f4f98fa","2026-09-27T20:05:00Z","SF","ARI",9,7.5,48
"2026-09-27T16:43:06Z","f1724dead3eab61546033032fc782375","2026-09-27T20:05:00Z","TB","MIN",9,-1,42.5
"2026-09-27T16:43:06Z","84cfca14efc21363fd605508404cf1ff","2026-09-27T20:25:00Z","DAL","BAL",9,-3.5,53.5
"2026-09-27T16:43:06Z","2e523fcb0497aa689473e290eb2b97de","2026-09-27T20:25:00Z","NO","LV",9,3.5,43.5
"2026-09-27T16:43:06Z","3bfd8bfb4b8e9a365a0877879b73b16b","2026-09-28T00:20:00Z","DEN","LA",9,-1.5,44
"2026-09-27T16:43:06Z","47dc7baa254659f3beb2ed2b38c207b6","2026-09-29T00:15:00Z","CHI","PHI",9,-3.5,41.5
"2026-09-27T16:43:06Z","d55cb69fed50a09170560b5b75d8de86","2026-10-02T00:15:00Z","CLE","PIT",4,-2.5,37.5
"2026-09-27T16:43:06Z","c9d8ed8aa4889486eaf10a630138ede0","2026-10-04T13:30:00Z","WAS","IND",4,-4.5,46.25
"2026-09-27T16:43:06Z","664e6bda5721dc63be16bcf7d962a436","2026-10-04T17:00:00Z","NYG","ARI",4,2.5,43.5
"2026-09-27T16:43:06Z","f01589b0e7e6dd4f4ac1220a1db81f53","2026-10-04T17:00:00Z","BAL","TEN",4,10.5,44.5
"2026-09-27T16:43:06Z","573cc0ef39631a4f6673ec843a8bedd4","2026-10-04T17:00:00Z","BUF","NE",4,5.5,49.75
"2026-09-27T16:43:06Z","164e6eb68f31bac190381903c3cccd31","2026-10-04T17:00:00Z","CHI","NYJ",4,3.25,43.5
"2026-09-27T16:43:06Z","2ea94ddf20f66432b9024fe2e2eaba5f","2026-10-04T17:00:00Z","CIN","JAX",4,2.75,50.25
"2026-09-27T16:43:06Z","daf55e2df5341c007fee5a0fc5bbc2d4","2026-10-04T17:00:00Z","HOU","DAL",4,2.75,47.5
"2026-09-27T16:43:06Z","1b4f2e60ce83fa1d63a5dff83769d27c","2026-10-04T17:00:00Z","PHI","LA",4,-2.5,46.25
"2026-09-27T16:43:06Z","c327223d76a3b7b0db8c6c104442f44b","2026-10-04T20:05:00Z","MIN","MIA",4,10.5,42.75
"2026-09-27T16:43:06Z","a7e7efb75a9792ac63480ae6328dca18","2026-10-04T20:25:00Z","SF","DEN",4,3,46
"2026-09-27T16:43:06Z","e0cbd266dcf997089203a1b33ba0333d","2026-10-04T20:25:00Z","LV","KC",4,-5.5,45.5
"2026-09-27T16:43:06Z","96d2373cda647873b971f268482bced0","2026-10-04T20:25:00Z","SEA","LAC",4,6.5,43
"2026-09-27T16:43:06Z","a73a76599a4f3422803e57bd8f61b626","2026-10-05T00:20:00Z","CAR","DET",4,-2.75,49.5
"2026-09-27T17:20:54Z","71123be049587b6facce3a20c53e5d09","2026-09-27T17:02:37Z","PIT","CIN",6,-2.5,49.25
"2026-09-27T17:20:54Z","0339a0e41bcee12820eb3e64bb5fadb4","2026-09-27T17:02:38Z","MIA","KC",5,-11.5,48.5
"2026-09-27T17:20:54Z","1f3cfd315a24d1a7dd5859a8e6b88e18","2026-09-27T17:02:40Z","JAX","NE",6,1.5,41.5
"2026-09-27T17:20:54Z","07f552badfa8a565d1be22123713e4da","2026-09-27T17:02:48Z","DET","NYJ",6,6,42
"2026-09-27T17:20:54Z","b225458a282e140c44c45651255f2f6c","2026-09-27T17:02:53Z","BUF","LAC",7,1.5,51.5
"2026-09-27T17:20:54Z","555afd4a27aaa392662881cffa8f2eef","2026-09-27T17:02:56Z","NYG","TEN",7,3,35.5
"2026-09-27T17:20:54Z","613b8cd3a5fab58f7be4e3fd6f76223e","2026-09-27T17:02:57Z","CLE","CAR",5,1.5,35.5
"2026-09-27T17:20:54Z","2a529c108305ffa049d8b6cfdbaa4d36","2026-09-27T17:03:12Z","WAS","SEA",6,-3.5,43.5
"2026-09-27T17:20:54Z","17a730b7d399feeab6a78c30767c29d2","2026-09-27T17:03:23Z","IND","HOU",7,2.5,38.5
"2026-09-27T17:20:54Z","9d2b09e0f9b6dd5ce0d985894f4f98fa","2026-09-27T20:05:00Z","SF","ARI",9,7.5,48
"2026-09-27T17:20:54Z","f1724dead3eab61546033032fc782375","2026-09-27T20:05:00Z","TB","MIN",9,-1,42.5
"2026-09-27T17:20:54Z","84cfca14efc21363fd605508404cf1ff","2026-09-27T20:25:00Z","DAL","BAL",9,-3.5,53.5
"2026-09-27T17:20:54Z","2e523fcb0497aa689473e290eb2b97de","2026-09-27T20:25:00Z","NO","LV",9,3.5,43.5
"2026-09-27T17:20:54Z","3bfd8bfb4b8e9a365a0877879b73b16b","2026-09-28T00:20:00Z","DEN","LA",9,-1.5,44
"2026-09-27T17:20:54Z","47dc7baa254659f3beb2ed2b38c207b6","2026-09-29T00:15:00Z","CHI","PHI",9,-3.5,41.5
"2026-09-27T19:17:36Z","71123be049587b6facce3a20c53e5d09","2026-09-27T17:02:37Z","PIT","CIN",5,1.5,57.5
"2026-09-27T19:17:36Z","0339a0e41bcee12820eb3e64bb5fadb4","2026-09-27T17:02:38Z","MIA","KC",5,-7.5,37.25
"2026-09-27T19:17:36Z","1f3cfd315a24d1a7dd5859a8e6b88e18","2026-09-27T17:02:40Z","JAX","NE",6,16.5,36.5
"2026-09-27T19:17:36Z","07f552badfa8a565d1be22123713e4da","2026-09-27T17:02:48Z","DET","NYJ",5,10.5,47.5
"2026-09-27T19:17:36Z","b225458a282e140c44c45651255f2f6c","2026-09-27T17:02:53Z","BUF","LAC",6,1,36.5
"2026-09-27T19:17:36Z","555afd4a27aaa392662881cffa8f2eef","2026-09-27T17:02:56Z","NYG","TEN",6,12.25,18.75
"2026-09-27T19:17:36Z","613b8cd3a5fab58f7be4e3fd6f76223e","2026-09-27T17:02:57Z","CLE","CAR",6,2.5,29.5
"2026-09-27T19:17:36Z","2a529c108305ffa049d8b6cfdbaa4d36","2026-09-27T17:03:12Z","WAS","SEA",5,5.5,52
"2026-09-27T19:17:36Z","17a730b7d399feeab6a78c30767c29d2","2026-09-27T17:03:23Z","IND","HOU",5,6.5,33.5
"2026-09-27T19:17:36Z","9d2b09e0f9b6dd5ce0d985894f4f98fa","2026-09-27T20:05:00Z","SF","ARI",9,7.5,48.5
"2026-09-27T19:17:36Z","f1724dead3eab61546033032fc782375","2026-09-27T20:05:00Z","TB","MIN",9,-1,42.5
"2026-09-27T19:17:36Z","84cfca14efc21363fd605508404cf1ff","2026-09-27T20:25:00Z","DAL","BAL",9,-3.5,53.5
"2026-09-27T19:17:36Z","2e523fcb0497aa689473e290eb2b97de","2026-09-27T20:25:00Z","NO","LV",9,3.5,43.5
"2026-09-27T19:17:36Z","3bfd8bfb4b8e9a365a0877879b73b16b","2026-09-28T00:20:00Z","DEN","LA",9,-1.5,44
"2026-09-27T19:17:36Z","47dc7baa254659f3beb2ed2b38c207b6","2026-09-29T00:15:00Z","CHI","PHI",9,-4,41.5
"2026-09-27T19:50:17Z","71123be049587b6facce3a20c53e5d09","2026-09-27T17:02:37Z","PIT","CIN",5,-2.5,60.5
"2026-09-27T19:50:17Z","0339a0e41bcee12820eb3e64bb5fadb4","2026-09-27T17:02:38Z","MIA","KC",3,-12.5,34.5
"2026-09-27T19:50:17Z","1f3cfd315a24d1a7dd5859a8e6b88e18","2026-09-27T17:02:40Z","JAX","NE",5,28.5,46.5
"2026-09-27T19:50:17Z","07f552badfa8a565d1be22123713e4da","2026-09-27T17:02:48Z","DET","NYJ",1,6.5,55.5
"2026-09-27T19:50:17Z","b225458a282e140c44c45651255f2f6c","2026-09-27T17:02:53Z","BUF","LAC",5,6.5,36.5
"2026-09-27T19:50:17Z","555afd4a27aaa392662881cffa8f2eef","2026-09-27T17:02:56Z","NYG","TEN",1,4.5,19.5
"2026-09-27T19:50:17Z","613b8cd3a5fab58f7be4e3fd6f76223e","2026-09-27T17:02:57Z","CLE","CAR",4,-1.5,30.5
"2026-09-27T19:50:17Z","2a529c108305ffa049d8b6cfdbaa4d36","2026-09-27T17:03:12Z","WAS","SEA",6,-2.5,55
"2026-09-27T19:50:17Z","17a730b7d399feeab6a78c30767c29d2","2026-09-27T17:03:23Z","IND","HOU",1,1.5,33.5
"2026-09-27T19:50:17Z","9d2b09e0f9b6dd5ce0d985894f4f98fa","2026-09-27T20:05:00Z","SF","ARI",9,7.5,48.5
"2026-09-27T19:50:17Z","f1724dead3eab61546033032fc782375","2026-09-27T20:05:00Z","TB","MIN",9,-1,42.5
"2026-09-27T19:50:17Z","84cfca14efc21363fd605508404cf1ff","2026-09-27T20:25:00Z","DAL","BAL",9,-3.5,53.5
"2026-09-27T19:50:17Z","2e523fcb0497aa689473e290eb2b97de","2026-09-27T20:25:00Z","NO","LV",9,3.5,43.5
"2026-09-27T19:50:17Z","3bfd8bfb4b8e9a365a0877879b73b16b","2026-09-28T00:20:00Z","DEN","LA",9,-1.5,44
"2026-09-27T19:50:17Z","47dc7baa254659f3beb2ed2b38c207b6","2026-09-29T00:15:00Z","CHI","PHI",9,-4,41.5
"2026-09-27T21:57:23Z","9d2b09e0f9b6dd5ce0d985894f4f98fa","2026-09-27T20:05:20Z","SF","ARI",6,17.5,49.5
"2026-09-27T21:57:23Z","f1724dead3eab61546033032fc782375","2026-09-27T20:05:41Z","TB","MIN",6,-5.75,46.5
"2026-09-27T21:57:23Z","2e523fcb0497aa689473e290eb2b97de","2026-09-27T20:25:32Z","NO","LV",5,-1.5,50.5
"2026-09-27T21:57:23Z","84cfca14efc21363fd605508404cf1ff","2026-09-27T20:25:38Z","DAL","BAL",5,-3.5,57.5
"2026-09-27T21:57:23Z","3bfd8bfb4b8e9a365a0877879b73b16b","2026-09-28T00:20:00Z","DEN","LA",9,-1.5,44.5
"2026-09-27T21:57:23Z","47dc7baa254659f3beb2ed2b38c207b6","2026-09-29T00:15:00Z","CHI","PHI",9,-4,41.5
"2026-09-27T21:57:23Z","d55cb69fed50a09170560b5b75d8de86","2026-10-02T00:15:00Z","CLE","PIT",2,-2.5,38.5
"2026-09-27T21:57:23Z","c9d8ed8aa4889486eaf10a630138ede0","2026-10-04T13:30:00Z","WAS","IND",1,-3.5,46.5
"2026-09-27T21:57:23Z","573cc0ef39631a4f6673ec843a8bedd4","2026-10-04T17:00:00Z","BUF","NE",1,7,48.5
"2026-09-27T21:57:23Z","164e6eb68f31bac190381903c3cccd31","2026-10-04T17:00:00Z","CHI","NYJ",1,3,42.5
"2026-09-27T21:57:23Z","2ea94ddf20f66432b9024fe2e2eaba5f","2026-10-04T17:00:00Z","CIN","JAX",1,2.5,49.5
"2026-09-27T21:57:23Z","1b4f2e60ce83fa1d63a5dff83769d27c","2026-10-04T17:00:00Z","PHI","LA",2,-2.5,45.5
"2026-09-27T21:57:23Z","96d2373cda647873b971f268482bced0","2026-10-04T20:25:00Z","SEA","LAC",1,6.5,43.5
"2026-09-28T01:42:12Z","3bfd8bfb4b8e9a365a0877879b73b16b","2026-09-28T00:22:52Z","DEN","LA",6,-7.5,38.5
"2026-09-28T01:42:12Z","47dc7baa254659f3beb2ed2b38c207b6","2026-09-29T00:15:00Z","CHI","PHI",9,-4,41.5
"2026-09-28T01:42:12Z","d55cb69fed50a09170560b5b75d8de86","2026-10-02T00:15:00Z","CLE","PIT",9,-2.5,38
"2026-09-28T01:42:12Z","c9d8ed8aa4889486eaf10a630138ede0","2026-10-04T13:30:00Z","WAS","IND",9,-3,47
"2026-09-28T01:42:12Z","664e6bda5721dc63be16bcf7d962a436","2026-10-04T17:00:00Z","NYG","ARI",9,1,43.5
"2026-09-28T01:42:12Z","f01589b0e7e6dd4f4ac1220a1db81f53","2026-10-04T17:00:00Z","BAL","TEN",8,11.25,43.5
"2026-09-28T01:42:12Z","573cc0ef39631a4f6673ec843a8bedd4","2026-10-04T17:00:00Z","BUF","NE",9,7,48.5
"2026-09-28T01:42:12Z","164e6eb68f31bac190381903c3cccd31","2026-10-04T17:00:00Z","CHI","NYJ",5,3,43
"2026-09-28T01:42:12Z","2ea94ddf20f66432b9024fe2e2eaba5f","2026-10-04T17:00:00Z","CIN","JAX",9,2.5,51
"2026-09-28T01:42:12Z","daf55e2df5341c007fee5a0fc5bbc2d4","2026-10-04T17:00:00Z","HOU","DAL",8,2.25,47.5
"2026-09-28T01:42:12Z","99a9bae4dc0dc2590496bd3102b211f2","2026-10-04T17:00:00Z","TB","GB",6,-3.25,41.25
"2026-09-28T01:42:12Z","c327223d76a3b7b0db8c6c104442f44b","2026-10-04T20:05:00Z","MIN","MIA",8,10,41.25
"2026-09-28T01:42:12Z","e0cbd266dcf997089203a1b33ba0333d","2026-10-04T20:25:00Z","LV","KC",8,-4.5,48
"2026-09-28T01:42:12Z","96d2373cda647873b971f268482bced0","2026-10-04T20:25:00Z","SEA","LAC",9,6.5,44
"2026-09-28T01:42:12Z","a73a76599a4f3422803e57bd8f61b626","2026-10-05T00:20:00Z","CAR","DET",9,-3,50
"2026-09-28T01:42:12Z","8bd90781e17e6d97df3941063cedae1e","2026-10-06T00:15:00Z","NO","ATL",8,2.5,47.5
"2026-09-29T02:31:09Z","47dc7baa254659f3beb2ed2b38c207b6","2026-09-29T00:16:16Z","CHI","PHI",6,7.5,40.5
"2026-09-29T02:31:09Z","d55cb69fed50a09170560b5b75d8de86","2026-10-02T00:15:00Z","CLE","PIT",9,-2.5,38.5
"2026-09-29T02:31:09Z","c9d8ed8aa4889486eaf10a630138ede0","2026-10-04T13:30:00Z","WAS","IND",9,-3.5,47
"2026-09-29T02:31:09Z","664e6bda5721dc63be16bcf7d962a436","2026-10-04T17:00:00Z","NYG","ARI",9,-1,44.5
"2026-09-29T02:31:09Z","f01589b0e7e6dd4f4ac1220a1db81f53","2026-10-04T17:00:00Z","BAL","TEN",8,11.5,43.5
"2026-09-29T02:31:09Z","573cc0ef39631a4f6673ec843a8bedd4","2026-10-04T17:00:00Z","BUF","NE",9,6.5,48.5
"2026-09-29T02:31:09Z","2ea94ddf20f66432b9024fe2e2eaba5f","2026-10-04T17:00:00Z","CIN","JAX",9,2.5,51.5
"2026-09-29T02:31:09Z","daf55e2df5341c007fee5a0fc5bbc2d4","2026-10-04T17:00:00Z","HOU","DAL",9,2.5,48
"2026-09-29T02:31:09Z","99a9bae4dc0dc2590496bd3102b211f2","2026-10-04T17:00:00Z","TB","GB",8,-4,39.5
"2026-09-29T02:31:09Z","c327223d76a3b7b0db8c6c104442f44b","2026-10-04T20:05:00Z","MIN","MIA",8,11,38.75
"2026-09-29T02:31:09Z","a7e7efb75a9792ac63480ae6328dca18","2026-10-04T20:25:00Z","SF","DEN",8,2.5,46.5
"2026-09-29T02:31:09Z","e0cbd266dcf997089203a1b33ba0333d","2026-10-04T20:25:00Z","LV","KC",8,-4.5,47.5
"2026-09-29T02:31:09Z","96d2373cda647873b971f268482bced0","2026-10-04T20:25:00Z","SEA","LAC",9,7,43.5
"2026-09-29T02:31:09Z","a73a76599a4f3422803e57bd8f61b626","2026-10-05T00:20:00Z","CAR","DET",9,-3.5,50.5
"2026-09-29T02:31:09Z","8bd90781e17e6d97df3941063cedae1e","2026-10-06T00:15:00Z","NO","ATL",9,2.5,48.5
"2026-09-29T04:24:50Z","d55cb69fed50a09170560b5b75d8de86","2026-10-02T00:15:00Z","CLE","PIT",9,-2.5,38.5
"2026-09-29T04:24:50Z","c9d8ed8aa4889486eaf10a630138ede0","2026-10-04T13:30:00Z","WAS","IND",9,-3.5,47
"2026-09-29T04:24:50Z","664e6bda5721dc63be16bcf7d962a436","2026-10-04T17:00:00Z","NYG","ARI",9,-1,44.5
"2026-09-29T04:24:50Z","f01589b0e7e6dd4f4ac1220a1db81f53","2026-10-04T17:00:00Z","BAL","TEN",8,11.5,43.5
"2026-09-29T04:24:50Z","573cc0ef39631a4f6673ec843a8bedd4","2026-10-04T17:00:00Z","BUF","NE",9,6.5,48.5
"2026-09-29T04:24:50Z","164e6eb68f31bac190381903c3cccd31","2026-10-04T17:00:00Z","CHI","NYJ",1,3.5,42.5
"2026-09-29T04:24:50Z","2ea94ddf20f66432b9024fe2e2eaba5f","2026-10-04T17:00:00Z","CIN","JAX",9,2.5,51.5
"2026-09-29T04:24:50Z","daf55e2df5341c007fee5a0fc5bbc2d4","2026-10-04T17:00:00Z","HOU","DAL",9,2.5,48
"2026-09-29T04:24:50Z","99a9bae4dc0dc2590496bd3102b211f2","2026-10-04T17:00:00Z","TB","GB",8,-4,39.5
"2026-09-29T04:24:50Z","1b4f2e60ce83fa1d63a5dff83769d27c","2026-10-04T17:00:00Z","PHI","LA",2,-2.75,45
"2026-09-29T04:24:50Z","c327223d76a3b7b0db8c6c104442f44b","2026-10-04T20:05:00Z","MIN","MIA",8,11,38.75
"2026-09-29T04:24:50Z","a7e7efb75a9792ac63480ae6328dca18","2026-10-04T20:25:00Z","SF","DEN",8,2.5,46.5
"2026-09-29T04:24:50Z","e0cbd266dcf997089203a1b33ba0333d","2026-10-04T20:25:00Z","LV","KC",8,-4.5,47.5
"2026-09-29T04:24:50Z","96d2373cda647873b971f268482bced0","2026-10-04T20:25:00Z","SEA","LAC",9,7,43
"2026-09-29T04:24:50Z","a73a76599a4f3422803e57bd8f61b626","2026-10-05T00:20:00Z","CAR","DET",9,-3.5,50.5
"2026-09-29T04:24:50Z","8bd90781e17e6d97df3941063cedae1e","2026-10-06T00:15:00Z","NO","ATL",9,2.5,48.5
"2026-09-29T19:06:05Z","d55cb69fed50a09170560b5b75d8de86","2026-10-02T00:15:00Z","CLE","PIT",9,-2.5,38.5
"2026-09-29T19:06:05Z","c9d8ed8aa4889486eaf10a630138ede0","2026-10-04T13:30:00Z","WAS","IND",9,-3.5,47
"2026-09-29T19:06:05Z","664e6bda5721dc63be16bcf7d962a436","2026-10-04T17:00:00Z","NYG","ARI",9,-1,44.5
"2026-09-29T19:06:05Z","f01589b0e7e6dd4f4ac1220a1db81f53","2026-10-04T17:00:00Z","BAL","TEN",9,11.5,43.5
"2026-09-29T19:06:05Z","573cc0ef39631a4f6673ec843a8bedd4","2026-10-04T17:00:00Z","BUF","NE",9,6.5,48.5
"2026-09-29T19:06:05Z","164e6eb68f31bac190381903c3cccd31","2026-10-04T17:00:00Z","CHI","NYJ",9,3,43
"2026-09-29T19:06:05Z","2ea94ddf20f66432b9024fe2e2eaba5f","2026-10-04T17:00:00Z","CIN","JAX",9,2.5,51.5
"2026-09-29T19:06:05Z","daf55e2df5341c007fee5a0fc5bbc2d4","2026-10-04T17:00:00Z","HOU","DAL",9,2.5,48
"2026-09-29T19:06:05Z","99a9bae4dc0dc2590496bd3102b211f2","2026-10-04T17:00:00Z","TB","GB",9,-4,39.5
"2026-09-29T19:06:05Z","1b4f2e60ce83fa1d63a5dff83769d27c","2026-10-04T17:00:00Z","PHI","LA",9,-3,44
"2026-09-29T19:06:05Z","c327223d76a3b7b0db8c6c104442f44b","2026-10-04T20:05:00Z","MIN","MIA",9,11,38.5
"2026-09-29T19:06:05Z","a7e7efb75a9792ac63480ae6328dca18","2026-10-04T20:25:00Z","SF","DEN",9,2.5,46.5
"2026-09-29T19:06:05Z","e0cbd266dcf997089203a1b33ba0333d","2026-10-04T20:25:00Z","LV","KC",8,-4.25,48
"2026-09-29T19:06:05Z","96d2373cda647873b971f268482bced0","2026-10-04T20:25:00Z","SEA","LAC",9,7,43
"2026-09-29T19:06:05Z","a73a76599a4f3422803e57bd8f61b626","2026-10-05T00:20:00Z","CAR","DET",9,-3.5,50.5
"2026-09-29T19:06:05Z","8bd90781e17e6d97df3941063cedae1e","2026-10-06T00:15:00Z","NO","ATL",9,2.5,48.5
"2026-09-29T19:48:05Z","d55cb69fed50a09170560b5b75d8de86","2026-10-02T00:15:00Z","CLE","PIT",9,-2.5,38.5
"2026-09-29T19:48:05Z","c9d8ed8aa4889486eaf10a630138ede0","2026-10-04T13:30:00Z","WAS","IND",9,-3.5,47
"2026-09-29T19:48:05Z","664e6bda5721dc63be16bcf7d962a436","2026-10-04T17:00:00Z","NYG","ARI",9,-1,44.5
"2026-09-29T19:48:05Z","f01589b0e7e6dd4f4ac1220a1db81f53","2026-10-04T17:00:00Z","BAL","TEN",9,11.5,43.5
"2026-09-29T19:48:05Z","573cc0ef39631a4f6673ec843a8bedd4","2026-10-04T17:00:00Z","BUF","NE",9,6.5,48.5
"2026-09-29T19:48:05Z","164e6eb68f31bac190381903c3cccd31","2026-10-04T17:00:00Z","CHI","NYJ",9,3,43
"2026-09-29T19:48:05Z","2ea94ddf20f66432b9024fe2e2eaba5f","2026-10-04T17:00:00Z","CIN","JAX",9,2.5,51.5
"2026-09-29T19:48:05Z","daf55e2df5341c007fee5a0fc5bbc2d4","2026-10-04T17:00:00Z","HOU","DAL",9,2.5,48
"2026-09-29T19:48:05Z","99a9bae4dc0dc2590496bd3102b211f2","2026-10-04T17:00:00Z","TB","GB",9,-4,39.5
"2026-09-29T19:48:05Z","1b4f2e60ce83fa1d63a5dff83769d27c","2026-10-04T17:00:00Z","PHI","LA",9,-3,44
"2026-09-29T19:48:05Z","c327223d76a3b7b0db8c6c104442f44b","2026-10-04T20:05:00Z","MIN","MIA",9,11,38.5
"2026-09-29T19:48:05Z","a7e7efb75a9792ac63480ae6328dca18","2026-10-04T20:25:00Z","SF","DEN",9,3,47
"2026-09-29T19:48:05Z","e0cbd266dcf997089203a1b33ba0333d","2026-10-04T20:25:00Z","LV","KC",8,-4.25,48
"2026-09-29T19:48:05Z","96d2373cda647873b971f268482bced0","2026-10-04T20:25:00Z","SEA","LAC",9,7,43
"2026-09-29T19:48:05Z","a73a76599a4f3422803e57bd8f61b626","2026-10-05T00:20:00Z","CAR","DET",9,-3.5,50.5
"2026-09-29T19:48:05Z","8bd90781e17e6d97df3941063cedae1e","2026-10-06T00:15:00Z","NO","ATL",9,2.5,48.5
"2026-09-29T19:48:05Z","259b5df9aa0d10257f56de78523495e0","2026-10-09T00:15:00Z","DAL","TB",3,9.5,47
"2026-09-29T19:48:05Z","21b26266f3d78af02eb672e606275d95","2026-10-11T13:30:00Z","JAX","PHI",3,2.5,44.5
"2026-09-29T19:48:05Z","2caea57b1e5cfbba1334cfbfd46f6771","2026-10-11T17:00:00Z","GB","CHI",3,2.5,45.5
"2026-09-29T19:48:05Z","c4647ca1201e6768501877267ca8251b","2026-10-11T17:00:00Z","MIA","CIN",3,-8.5,46.5
"2026-09-29T19:48:05Z","9db4ed15fe34fca1fb62f040cd244591","2026-10-11T17:00:00Z","NYJ","CLE",3,2.5,39.5
"2026-09-29T19:48:05Z","cc52bba56e74f5cddbe9011046181c3d","2026-10-11T17:00:00Z","TEN","HOU",3,-6.5,38.5
"2026-09-29T19:48:05Z","448d7cf18c6db4c811ed82ded1b72867","2026-10-11T17:00:00Z","PIT","IND",3,2.5,44.5
"2026-09-29T19:48:05Z","6b024bad1abb54f597225e4ab9b39d89","2026-10-11T17:00:00Z","NE","LV",3,3.5,44
"2026-09-29T19:48:05Z","2cda9bf0fbe35a2735f0dd8aaafe9eff","2026-10-11T17:00:00Z","NO","MIN",3,-2,45.5
"2026-09-29T19:48:05Z","fbffd0b7722fd81d68d5d62472dc80e8","2026-10-11T17:00:00Z","WAS","NYG",3,2.5,43.5
"2026-09-29T19:48:05Z","d1d408fdfd272046fb517fe992a1c5a0","2026-10-11T20:05:00Z","LAC","DEN",3,-2.5,43.5
"2026-09-29T19:48:05Z","f8e7f43f73aa983c5c99c189587f0118","2026-10-11T20:25:00Z","ARI","DET",3,-5.5,52.5
"2026-09-29T19:48:05Z","8e5d515b10d8a5ffb324640ed60bcc55","2026-10-11T20:25:00Z","SEA","SF",3,3.5,47.5
"2026-09-29T19:48:05Z","86457f91112732f21ad4bb7d37bd291c","2026-10-12T00:20:00Z","ATL","BAL",3,-6.5,49.5
"2026-09-29T19:48:05Z","e6d00eedd87d367e510314bd8cab8f6f","2026-10-13T00:15:00Z","LA","BUF",3,2.5,53
"2026-09-29T21:43:30Z","d55cb69fed50a09170560b5b75d8de86","2026-10-02T00:15:00Z","CLE","PIT",9,-2.5,38.5
"2026-09-29T21:43:30Z","c9d8ed8aa4889486eaf10a630138ede0","2026-10-04T13:30:00Z","WAS","IND",9,-3.5,47
"2026-09-29T21:43:30Z","664e6bda5721dc63be16bcf7d962a436","2026-10-04T17:00:00Z","NYG","ARI",9,-1.5,44.5
"2026-09-29T21:43:30Z","f01589b0e7e6dd4f4ac1220a1db81f53","2026-10-04T17:00:00Z","BAL","TEN",9,11.5,43.5
"2026-09-29T21:43:30Z","573cc0ef39631a4f6673ec843a8bedd4","2026-10-04T17:00:00Z","BUF","NE",9,6.5,48.5
"2026-09-29T21:43:30Z","164e6eb68f31bac190381903c3cccd31","2026-10-04T17:00:00Z","CHI","NYJ",9,3,43
"2026-09-29T21:43:30Z","2ea94ddf20f66432b9024fe2e2eaba5f","2026-10-04T17:00:00Z","CIN","JAX",9,2.5,51.5
"2026-09-29T21:43:30Z","daf55e2df5341c007fee5a0fc5bbc2d4","2026-10-04T17:00:00Z","HOU","DAL",9,2.5,48
"2026-09-29T21:43:30Z","99a9bae4dc0dc2590496bd3102b211f2","2026-10-04T17:00:00Z","TB","GB",9,-4,39.5
"2026-09-29T21:43:30Z","1b4f2e60ce83fa1d63a5dff83769d27c","2026-10-04T17:00:00Z","PHI","LA",9,-3,43.5
"2026-09-29T21:43:30Z","c327223d76a3b7b0db8c6c104442f44b","2026-10-04T20:05:00Z","MIN","MIA",9,11,38.5
"2026-09-29T21:43:30Z","a7e7efb75a9792ac63480ae6328dca18","2026-10-04T20:25:00Z","SF","DEN",9,3,47.5
"2026-09-29T21:43:30Z","e0cbd266dcf997089203a1b33ba0333d","2026-10-04T20:25:00Z","LV","KC",8,-4.25,48
"2026-09-29T21:43:30Z","96d2373cda647873b971f268482bced0","2026-10-04T20:25:00Z","SEA","LAC",9,7,43
"2026-09-29T21:43:30Z","a73a76599a4f3422803e57bd8f61b626","2026-10-05T00:20:00Z","CAR","DET",9,-3.5,50.5
"2026-09-29T21:43:30Z","8bd90781e17e6d97df3941063cedae1e","2026-10-06T00:15:00Z","NO","ATL",9,2.5,48.5
"2026-09-29T21:43:30Z","259b5df9aa0d10257f56de78523495e0","2026-10-09T00:15:00Z","DAL","TB",5,9.5,47
"2026-09-29T21:43:30Z","21b26266f3d78af02eb672e606275d95","2026-10-11T13:30:00Z","JAX","PHI",5,2.5,44
"2026-09-29T21:43:30Z","2caea57b1e5cfbba1334cfbfd46f6771","2026-10-11T17:00:00Z","GB","CHI",5,2,45.5
"2026-09-29T21:43:30Z","c4647ca1201e6768501877267ca8251b","2026-10-11T17:00:00Z","MIA","CIN",5,-9,46.5
"2026-09-29T21:43:30Z","9db4ed15fe34fca1fb62f040cd244591","2026-10-11T17:00:00Z","NYJ","CLE",5,2.5,39.5
"2026-09-29T21:43:30Z","cc52bba56e74f5cddbe9011046181c3d","2026-10-11T17:00:00Z","TEN","HOU",5,-6.5,38.5
"2026-09-29T21:43:30Z","448d7cf18c6db4c811ed82ded1b72867","2026-10-11T17:00:00Z","PIT","IND",5,1.5,44
"2026-09-29T21:43:30Z","6b024bad1abb54f597225e4ab9b39d89","2026-10-11T17:00:00Z","NE","LV",5,3,44
"2026-09-29T21:43:30Z","2cda9bf0fbe35a2735f0dd8aaafe9eff","2026-10-11T17:00:00Z","NO","MIN",5,-2.5,45
"2026-09-29T21:43:30Z","fbffd0b7722fd81d68d5d62472dc80e8","2026-10-11T17:00:00Z","WAS","NYG",5,3,43.5
"2026-09-29T21:43:30Z","d1d408fdfd272046fb517fe992a1c5a0","2026-10-11T20:05:00Z","LAC","DEN",5,-1.5,43.5
"2026-09-29T21:43:30Z","f8e7f43f73aa983c5c99c189587f0118","2026-10-11T20:25:00Z","ARI","DET",5,-5.5,52.5
"2026-09-29T21:43:30Z","8e5d515b10d8a5ffb324640ed60bcc55","2026-10-11T20:25:00Z","SEA","SF",5,3.5,47
"2026-09-29T21:43:30Z","86457f91112732f21ad4bb7d37bd291c","2026-10-12T00:20:00Z","ATL","BAL",5,-6,49.5
"2026-09-29T21:43:30Z","e6d00eedd87d367e510314bd8cab8f6f","2026-10-13T00:15:00Z","LA","BUF",5,2.5,53
"2026-09-29T23:45:36Z","d55cb69fed50a09170560b5b75d8de86","2026-10-02T00:15:00Z","CLE","PIT",9,-2.5,38.5
"2026-09-29T23:45:36Z","c9d8ed8aa4889486eaf10a630138ede0","2026-10-04T13:30:00Z","WAS","IND",9,-3.5,47
"2026-09-29T23:45:36Z","664e6bda5721dc63be16bcf7d962a436","2026-10-04T17:00:00Z","NYG","ARI",9,-1.5,44.5
"2026-09-29T23:45:36Z","f01589b0e7e6dd4f4ac1220a1db81f53","2026-10-04T17:00:00Z","BAL","TEN",9,11.5,43.5
"2026-09-29T23:45:36Z","573cc0ef39631a4f6673ec843a8bedd4","2026-10-04T17:00:00Z","BUF","NE",9,6.5,48.5
"2026-09-29T23:45:36Z","164e6eb68f31bac190381903c3cccd31","2026-10-04T17:00:00Z","CHI","NYJ",9,3,43
"2026-09-29T23:45:36Z","2ea94ddf20f66432b9024fe2e2eaba5f","2026-10-04T17:00:00Z","CIN","JAX",9,2.5,51.5
"2026-09-29T23:45:36Z","daf55e2df5341c007fee5a0fc5bbc2d4","2026-10-04T17:00:00Z","HOU","DAL",9,2.5,48
"2026-09-29T23:45:36Z","99a9bae4dc0dc2590496bd3102b211f2","2026-10-04T17:00:00Z","TB","GB",9,-4,39.5
"2026-09-29T23:45:36Z","1b4f2e60ce83fa1d63a5dff83769d27c","2026-10-04T17:00:00Z","PHI","LA",9,-3,43.5
"2026-09-29T23:45:36Z","c327223d76a3b7b0db8c6c104442f44b","2026-10-04T20:05:00Z","MIN","MIA",9,11,38.5
"2026-09-29T23:45:36Z","a7e7efb75a9792ac63480ae6328dca18","2026-10-04T20:25:00Z","SF","DEN",9,3,47.5
"2026-09-29T23:45:36Z","e0cbd266dcf997089203a1b33ba0333d","2026-10-04T20:25:00Z","LV","KC",8,-4.25,48
"2026-09-29T23:45:36Z","96d2373cda647873b971f268482bced0","2026-10-04T20:25:00Z","SEA","LAC",9,7,43
"2026-09-29T23:45:36Z","a73a76599a4f3422803e57bd8f61b626","2026-10-05T00:20:00Z","CAR","DET",9,-3.5,50.5
"2026-09-29T23:45:36Z","8bd90781e17e6d97df3941063cedae1e","2026-10-06T00:15:00Z","NO","ATL",9,2.5,48.5
"2026-09-29T23:45:36Z","259b5df9aa0d10257f56de78523495e0","2026-10-09T00:15:00Z","DAL","TB",5,9.5,47
"2026-09-29T23:45:36Z","21b26266f3d78af02eb672e606275d95","2026-10-11T13:30:00Z","JAX","PHI",5,2.5,44
"2026-09-29T23:45:36Z","2caea57b1e5cfbba1334cfbfd46f6771","2026-10-11T17:00:00Z","GB","CHI",5,2,45.5
"2026-09-29T23:45:36Z","c4647ca1201e6768501877267ca8251b","2026-10-11T17:00:00Z","MIA","CIN",5,-9,46.5
"2026-09-29T23:45:36Z","9db4ed15fe34fca1fb62f040cd244591","2026-10-11T17:00:00Z","NYJ","CLE",5,2.5,39.5
"2026-09-29T23:45:36Z","cc52bba56e74f5cddbe9011046181c3d","2026-10-11T17:00:00Z","TEN","HOU",5,-6.5,38.5
"2026-09-29T23:45:36Z","448d7cf18c6db4c811ed82ded1b72867","2026-10-11T17:00:00Z","PIT","IND",5,1.5,44
"2026-09-29T23:45:36Z","6b024bad1abb54f597225e4ab9b39d89","2026-10-11T17:00:00Z","NE","LV",5,3,44
"2026-09-29T23:45:36Z","2cda9bf0fbe35a2735f0dd8aaafe9eff","2026-10-11T17:00:00Z","NO","MIN",5,-2.5,45
"2026-09-29T23:45:36Z","fbffd0b7722fd81d68d5d62472dc80e8","2026-10-11T17:00:00Z","WAS","NYG",5,3,43.5
"2026-09-29T23:45:36Z","d1d408fdfd272046fb517fe992a1c5a0","2026-10-11T20:05:00Z","LAC","DEN",5,-1.5,43.5
"2026-09-29T23:45:36Z","f8e7f43f73aa983c5c99c189587f0118","2026-10-11T20:25:00Z","ARI","DET",5,-5.5,52.5
"2026-09-29T23:45:36Z","8e5d515b10d8a5ffb324640ed60bcc55","2026-10-11T20:25:00Z","SEA","SF",5,3.5,47
"2026-09-29T23:45:36Z","86457f91112732f21ad4bb7d37bd291c","2026-10-12T00:20:00Z","ATL","BAL",5,-6,49.5
"2026-09-29T23:45:36Z","e6d00eedd87d367e510314bd8cab8f6f","2026-10-13T00:15:00Z","LA","BUF",5,2.5,53
"2026-09-30T05:05:06Z","d55cb69fed50a09170560b5b75d8de86","2026-10-02T00:15:00Z","CLE","PIT",9,-2.5,38.5
"2026-09-30T05:05:06Z","c9d8ed8aa4889486eaf10a630138ede0","2026-10-04T13:30:00Z","WAS","IND",9,-3.5,47
"2026-09-30T05:05:06Z","664e6bda5721dc63be16bcf7d962a436","2026-10-04T17:00:00Z","NYG","ARI",9,-1.5,44.5
"2026-09-30T05:05:06Z","f01589b0e7e6dd4f4ac1220a1db81f53","2026-10-04T17:00:00Z","BAL","TEN",9,11.5,43.5
"2026-09-30T05:05:06Z","573cc0ef39631a4f6673ec843a8bedd4","2026-10-04T17:00:00Z","BUF","NE",9,6.5,48.5
"2026-09-30T05:05:06Z","164e6eb68f31bac190381903c3cccd31","2026-10-04T17:00:00Z","CHI","NYJ",9,3,43
"2026-09-30T05:05:06Z","2ea94ddf20f66432b9024fe2e2eaba5f","2026-10-04T17:00:00Z","CIN","JAX",9,2.5,51.5
"2026-09-30T05:05:06Z","daf55e2df5341c007fee5a0fc5bbc2d4","2026-10-04T17:00:00Z","HOU","DAL",9,2.5,48
"2026-09-30T05:05:06Z","99a9bae4dc0dc2590496bd3102b211f2","2026-10-04T17:00:00Z","TB","GB",9,-4,39.5
"2026-09-30T05:05:06Z","1b4f2e60ce83fa1d63a5dff83769d27c","2026-10-04T17:00:00Z","PHI","LA",9,-3,43
"2026-09-30T05:05:06Z","c327223d76a3b7b0db8c6c104442f44b","2026-10-04T20:05:00Z","MIN","MIA",9,11,38.5
"2026-09-30T05:05:06Z","a7e7efb75a9792ac63480ae6328dca18","2026-10-04T20:25:00Z","SF","DEN",7,2.5,48
"2026-09-30T05:05:06Z","e0cbd266dcf997089203a1b33ba0333d","2026-10-04T20:25:00Z","LV","KC",8,-4.25,48
"2026-09-30T05:05:06Z","96d2373cda647873b971f268482bced0","2026-10-04T20:25:00Z","SEA","LAC",9,7,43
"2026-09-30T05:05:06Z","a73a76599a4f3422803e57bd8f61b626","2026-10-05T00:20:00Z","CAR","DET",9,-3.5,50.5
"2026-09-30T05:05:06Z","8bd90781e17e6d97df3941063cedae1e","2026-10-06T00:15:00Z","NO","ATL",9,2.5,48.5
"2026-09-30T05:05:06Z","259b5df9aa0d10257f56de78523495e0","2026-10-09T00:15:00Z","DAL","TB",6,9.5,47
"2026-09-30T05:05:06Z","21b26266f3d78af02eb672e606275d95","2026-10-11T13:30:00Z","JAX","PHI",6,2.5,44.25
"2026-09-30T05:05:06Z","2caea57b1e5cfbba1334cfbfd46f6771","2026-10-11T17:00:00Z","GB","CHI",6,2.5,45.5
"2026-09-30T05:05:06Z","c4647ca1201e6768501877267ca8251b","2026-10-11T17:00:00Z","MIA","CIN",6,-9,46.5
"2026-09-30T05:05:06Z","9db4ed15fe34fca1fb62f040cd244591","2026-10-11T17:00:00Z","NYJ","CLE",6,2.5,39.5
"2026-09-30T05:05:06Z","cc52bba56e74f5cddbe9011046181c3d","2026-10-11T17:00:00Z","TEN","HOU",6,-6.5,38.5
"2026-09-30T05:05:06Z","448d7cf18c6db4c811ed82ded1b72867","2026-10-11T17:00:00Z","PIT","IND",6,2.5,44
"2026-09-30T05:05:06Z","6b024bad1abb54f597225e4ab9b39d89","2026-10-11T17:00:00Z","NE","LV",6,3.5,44
"2026-09-30T05:05:06Z","2cda9bf0fbe35a2735f0dd8aaafe9eff","2026-10-11T17:00:00Z","NO","MIN",6,-1.5,45
"2026-09-30T05:05:06Z","fbffd0b7722fd81d68d5d62472dc80e8","2026-10-11T17:00:00Z","WAS","NYG",6,2.5,43.5
"2026-09-30T05:05:06Z","d1d408fdfd272046fb517fe992a1c5a0","2026-10-11T20:05:00Z","LAC","DEN",6,-1.75,43.5
"2026-09-30T05:05:06Z","f8e7f43f73aa983c5c99c189587f0118","2026-10-11T20:25:00Z","ARI","DET",6,-5.5,52.5
"2026-09-30T05:05:06Z","8e5d515b10d8a5ffb324640ed60bcc55","2026-10-11T20:25:00Z","SEA","SF",6,3.5,47.25
"2026-09-30T05:05:06Z","86457f91112732f21ad4bb7d37bd291c","2026-10-12T00:20:00Z","ATL","BAL",6,-6.25,49.5
"2026-09-30T05:05:06Z","e6d00eedd87d367e510314bd8cab8f6f","2026-10-13T00:15:00Z","LA","BUF",6,2.5,53
"2026-09-30T16:41:57Z","d55cb69fed50a09170560b5b75d8de86","2026-10-02T00:15:00Z","CLE","PIT",9,-3,38.5
"2026-09-30T16:41:57Z","c9d8ed8aa4889486eaf10a630138ede0","2026-10-04T13:30:00Z","WAS","IND",9,-3.5,47.5
"2026-09-30T16:41:57Z","664e6bda5721dc63be16bcf7d962a436","2026-10-04T17:00:00Z","NYG","ARI",9,-2,44.5
"2026-09-30T16:41:57Z","f01589b0e7e6dd4f4ac1220a1db81f53","2026-10-04T17:00:00Z","BAL","TEN",9,11.5,43.5
"2026-09-30T16:41:57Z","573cc0ef39631a4f6673ec843a8bedd4","2026-10-04T17:00:00Z","BUF","NE",9,6.5,48.5
"2026-09-30T16:41:57Z","164e6eb68f31bac190381903c3cccd31","2026-10-04T17:00:00Z","CHI","NYJ",9,3.5,43
"2026-09-30T16:41:57Z","2ea94ddf20f66432b9024fe2e2eaba5f","2026-10-04T17:00:00Z","CIN","JAX",9,2.5,51.5
"2026-09-30T16:41:57Z","daf55e2df5341c007fee5a0fc5bbc2d4","2026-10-04T17:00:00Z","HOU","DAL",9,2.5,48
"2026-09-30T16:41:57Z","99a9bae4dc0dc2590496bd3102b211f2","2026-10-04T17:00:00Z","TB","GB",9,-3.5,39.5
"2026-09-30T16:41:57Z","1b4f2e60ce83fa1d63a5dff83769d27c","2026-10-04T17:00:00Z","PHI","LA",9,-3,43
"2026-09-30T16:41:57Z","c327223d76a3b7b0db8c6c104442f44b","2026-10-04T20:05:00Z","MIN","MIA",9,10.5,38.5
"2026-09-30T16:41:57Z","a7e7efb75a9792ac63480ae6328dca18","2026-10-04T20:25:00Z","SF","DEN",9,2.5,48
"2026-09-30T16:41:57Z","e0cbd266dcf997089203a1b33ba0333d","2026-10-04T20:25:00Z","LV","KC",8,-4.25,48
"2026-09-30T16:41:57Z","96d2373cda647873b971f268482bced0","2026-10-04T20:25:00Z","SEA","LAC",9,7,43
"2026-09-30T16:41:57Z","a73a76599a4f3422803e57bd8f61b626","2026-10-05T00:20:00Z","CAR","DET",9,-3.5,51
"2026-09-30T16:41:57Z","8bd90781e17e6d97df3941063cedae1e","2026-10-06T00:15:00Z","NO","ATL",9,2.5,48
"2026-09-30T16:41:57Z","259b5df9aa0d10257f56de78523495e0","2026-10-09T00:15:00Z","DAL","TB",6,9.5,47
"2026-09-30T16:41:57Z","21b26266f3d78af02eb672e606275d95","2026-10-11T13:30:00Z","JAX","PHI",6,2.5,44.75
"2026-09-30T16:41:57Z","2caea57b1e5cfbba1334cfbfd46f6771","2026-10-11T17:00:00Z","GB","CHI",6,2.5,45.5
"2026-09-30T16:41:57Z","c4647ca1201e6768501877267ca8251b","2026-10-11T17:00:00Z","MIA","CIN",6,-8.75,46.5
"2026-09-30T16:41:57Z","9db4ed15fe34fca1fb62f040cd244591","2026-10-11T17:00:00Z","NYJ","CLE",6,2.5,39.5
"2026-09-30T16:41:57Z","cc52bba56e74f5cddbe9011046181c3d","2026-10-11T17:00:00Z","TEN","HOU",6,-6.5,38.5
"2026-09-30T16:41:57Z","448d7cf18c6db4c811ed82ded1b72867","2026-10-11T17:00:00Z","PIT","IND",6,2.5,44
"2026-09-30T16:41:57Z","6b024bad1abb54f597225e4ab9b39d89","2026-10-11T17:00:00Z","NE","LV",6,3.5,44
"2026-09-30T16:41:57Z","2cda9bf0fbe35a2735f0dd8aaafe9eff","2026-10-11T17:00:00Z","NO","MIN",6,-1.5,45
"2026-09-30T16:41:57Z","fbffd0b7722fd81d68d5d62472dc80e8","2026-10-11T17:00:00Z","WAS","NYG",6,2.5,43.5
"2026-09-30T16:41:57Z","d1d408fdfd272046fb517fe992a1c5a0","2026-10-11T20:05:00Z","LAC","DEN",6,-1.75,43.5
"2026-09-30T16:41:57Z","f8e7f43f73aa983c5c99c189587f0118","2026-10-11T20:25:00Z","ARI","DET",6,-5.5,52.5
"2026-09-30T16:41:57Z","8e5d515b10d8a5ffb324640ed60bcc55","2026-10-11T20:25:00Z","SEA","SF",6,3.5,47.25
"2026-09-30T16:41:57Z","86457f91112732f21ad4bb7d37bd291c","2026-10-12T00:20:00Z","ATL","BAL",6,-6.25,49.5
"2026-09-30T16:41:57Z","e6d00eedd87d367e510314bd8cab8f6f","2026-10-13T00:15:00Z","LA","BUF",6,2.5,53
"2026-09-30T18:52:06Z","d55cb69fed50a09170560b5b75d8de86","2026-10-02T00:15:00Z","CLE","PIT",9,-3,38.5
"2026-09-30T18:52:06Z","c9d8ed8aa4889486eaf10a630138ede0","2026-10-04T13:30:00Z","WAS","IND",9,-3.5,47.5
"2026-09-30T18:52:06Z","664e6bda5721dc63be16bcf7d962a436","2026-10-04T17:00:00Z","NYG","ARI",9,-2,44.5
"2026-09-30T18:52:06Z","f01589b0e7e6dd4f4ac1220a1db81f53","2026-10-04T17:00:00Z","BAL","TEN",9,11.5,43.5
"2026-09-30T18:52:06Z","573cc0ef39631a4f6673ec843a8bedd4","2026-10-04T17:00:00Z","BUF","NE",9,6.5,48.5
"2026-09-30T18:52:06Z","164e6eb68f31bac190381903c3cccd31","2026-10-04T17:00:00Z","CHI","NYJ",9,3.5,43
"2026-09-30T18:52:06Z","2ea94ddf20f66432b9024fe2e2eaba5f","2026-10-04T17:00:00Z","CIN","JAX",9,2.5,51.5
"2026-09-30T18:52:06Z","daf55e2df5341c007fee5a0fc5bbc2d4","2026-10-04T17:00:00Z","HOU","DAL",9,3,48
"2026-09-30T18:52:06Z","99a9bae4dc0dc2590496bd3102b211f2","2026-10-04T17:00:00Z","TB","GB",9,-3.5,39.5
"2026-09-30T18:52:06Z","1b4f2e60ce83fa1d63a5dff83769d27c","2026-10-04T17:00:00Z","PHI","LA",9,-3,43
"2026-09-30T18:52:06Z","c327223d76a3b7b0db8c6c104442f44b","2026-10-04T20:05:00Z","MIN","MIA",9,10.5,38.5
"2026-09-30T18:52:06Z","a7e7efb75a9792ac63480ae6328dca18","2026-10-04T20:25:00Z","SF","DEN",9,2.5,48
"2026-09-30T18:52:06Z","e0cbd266dcf997089203a1b33ba0333d","2026-10-04T20:25:00Z","LV","KC",8,-4.25,48
"2026-09-30T18:52:06Z","96d2373cda647873b971f268482bced0","2026-10-04T20:25:00Z","SEA","LAC",9,7,43
"2026-09-30T18:52:06Z","a73a76599a4f3422803e57bd8f61b626","2026-10-05T00:20:00Z","CAR","DET",9,-3.5,51
"2026-09-30T18:52:06Z","8bd90781e17e6d97df3941063cedae1e","2026-10-06T00:15:00Z","NO","ATL",9,2.5,47.5
"2026-09-30T18:52:06Z","259b5df9aa0d10257f56de78523495e0","2026-10-09T00:15:00Z","DAL","TB",6,9.5,47
"2026-09-30T18:52:06Z","21b26266f3d78af02eb672e606275d95","2026-10-11T13:30:00Z","JAX","PHI",6,2.5,44.75
"2026-09-30T18:52:06Z","2caea57b1e5cfbba1334cfbfd46f6771","2026-10-11T17:00:00Z","GB","CHI",6,2.5,45.5
"2026-09-30T18:52:06Z","c4647ca1201e6768501877267ca8251b","2026-10-11T17:00:00Z","MIA","CIN",6,-8.75,46.5
"2026-09-30T18:52:06Z","9db4ed15fe34fca1fb62f040cd244591","2026-10-11T17:00:00Z","NYJ","CLE",6,2.5,39.5
"2026-09-30T18:52:06Z","cc52bba56e74f5cddbe9011046181c3d","2026-10-11T17:00:00Z","TEN","HOU",6,-6.5,38.5
"2026-09-30T18:52:06Z","448d7cf18c6db4c811ed82ded1b72867","2026-10-11T17:00:00Z","PIT","IND",6,2.5,44
"2026-09-30T18:52:06Z","6b024bad1abb54f597225e4ab9b39d89","2026-10-11T17:00:00Z","NE","LV",6,3.5,44
"2026-09-30T18:52:06Z","2cda9bf0fbe35a2735f0dd8aaafe9eff","2026-10-11T17:00:00Z","NO","MIN",6,-1.5,45
"2026-09-30T18:52:06Z","fbffd0b7722fd81d68d5d62472dc80e8","2026-10-11T17:00:00Z","WAS","NYG",6,2.5,43.5
"2026-09-30T18:52:06Z","d1d408fdfd272046fb517fe992a1c5a0","2026-10-11T20:05:00Z","LAC","DEN",6,-1.75,43.5
"2026-09-30T18:52:06Z","f8e7f43f73aa983c5c99c189587f0118","2026-10-11T20:25:00Z","ARI","DET",6,-5.5,52.5
"2026-09-30T18:52:06Z","8e5d515b10d8a5ffb324640ed60bcc55","2026-10-11T20:25:00Z","SEA","SF",6,3.5,47.25
"2026-09-30T18:52:06Z","86457f91112732f21ad4bb7d37bd291c","2026-10-12T00:20:00Z","ATL","BAL",6,-6.25,49.5
"2026-09-30T18:52:06Z","e6d00eedd87d367e510314bd8cab8f6f","2026-10-13T00:15:00Z","LA","BUF",6,2.5,53
"2026-10-01T00:47:05Z","d55cb69fed50a09170560b5b75d8de86","2026-10-02T00:15:00Z","CLE","PIT",9,-3,38.5
"2026-10-01T00:47:05Z","c9d8ed8aa4889486eaf10a630138ede0","2026-10-04T13:30:00Z","WAS","IND",9,-3.5,47.5
"2026-10-01T00:47:05Z","664e6bda5721dc63be16bcf7d962a436","2026-10-04T17:00:00Z","NYG","ARI",9,-2.5,44.5
"2026-10-01T00:47:05Z","f01589b0e7e6dd4f4ac1220a1db81f53","2026-10-04T17:00:00Z","BAL","TEN",9,11.5,42.5
"2026-10-01T00:47:05Z","573cc0ef39631a4f6673ec843a8bedd4","2026-10-04T17:00:00Z","BUF","NE",9,6.5,48.5
"2026-10-01T00:47:05Z","164e6eb68f31bac190381903c3cccd31","2026-10-04T17:00:00Z","CHI","NYJ",9,3.5,43
"2026-10-01T00:47:05Z","2ea94ddf20f66432b9024fe2e2eaba5f","2026-10-04T17:00:00Z","CIN","JAX",9,2.5,51.5
"2026-10-01T00:47:05Z","daf55e2df5341c007fee5a0fc5bbc2d4","2026-10-04T17:00:00Z","HOU","DAL",9,3,48
"2026-10-01T00:47:05Z","99a9bae4dc0dc2590496bd3102b211f2","2026-10-04T17:00:00Z","TB","GB",9,-3.5,38.5
"2026-10-01T00:47:05Z","1b4f2e60ce83fa1d63a5dff83769d27c","2026-10-04T17:00:00Z","PHI","LA",9,-3,43.5
"2026-10-01T00:47:05Z","c327223d76a3b7b0db8c6c104442f44b","2026-10-04T20:05:00Z","MIN","MIA",9,10.5,38.5
"2026-10-01T00:47:05Z","a7e7efb75a9792ac63480ae6328dca18","2026-10-04T20:25:00Z","SF","DEN",9,2.5,48
"2026-10-01T00:47:05Z","e0cbd266dcf997089203a1b33ba0333d","2026-10-04T20:25:00Z","LV","KC",8,-4.5,48
"2026-10-01T00:47:05Z","96d2373cda647873b971f268482bced0","2026-10-04T20:25:00Z","SEA","LAC",9,7,42.5
"2026-10-01T00:47:05Z","a73a76599a4f3422803e57bd8f61b626","2026-10-05T00:20:00Z","CAR","DET",9,-3.5,51
"2026-10-01T00:47:05Z","8bd90781e17e6d97df3941063cedae1e","2026-10-06T00:15:00Z","NO","ATL",9,2.5,47.5
"2026-10-01T00:47:05Z","259b5df9aa0d10257f56de78523495e0","2026-10-09T00:15:00Z","DAL","TB",7,9.5,47
"2026-10-01T00:47:05Z","21b26266f3d78af02eb672e606275d95","2026-10-11T13:30:00Z","JAX","PHI",6,2.5,44.75
"2026-10-01T00:47:05Z","2caea57b1e5cfbba1334cfbfd46f6771","2026-10-11T17:00:00Z","GB","CHI",6,2.5,45.5
"2026-10-01T00:47:05Z","c4647ca1201e6768501877267ca8251b","2026-10-11T17:00:00Z","MIA","CIN",6,-8.75,46.5
"2026-10-01T00:47:05Z","9db4ed15fe34fca1fb62f040cd244591","2026-10-11T17:00:00Z","NYJ","CLE",6,2.5,39.5
"2026-10-01T00:47:05Z","cc52bba56e74f5cddbe9011046181c3d","2026-10-11T17:00:00Z","TEN","HOU",6,-6.5,38.5
"2026-10-01T00:47:05Z","448d7cf18c6db4c811ed82ded1b72867","2026-10-11T17:00:00Z","PIT","IND",6,2.5,44
"2026-10-01T00:47:05Z","6b024bad1abb54f597225e4ab9b39d89","2026-10-11T17:00:00Z","NE","LV",6,3.5,44
"2026-10-01T00:47:05Z","2cda9bf0fbe35a2735f0dd8aaafe9eff","2026-10-11T17:00:00Z","NO","MIN",6,-1.5,45
"2026-10-01T00:47:05Z","fbffd0b7722fd81d68d5d62472dc80e8","2026-10-11T17:00:00Z","WAS","NYG",6,2.5,43.5
"2026-10-01T00:47:05Z","d1d408fdfd272046fb517fe992a1c5a0","2026-10-11T20:05:00Z","LAC","DEN",6,-1.75,43.5
"2026-10-01T00:47:05Z","f8e7f43f73aa983c5c99c189587f0118","2026-10-11T20:25:00Z","ARI","DET",6,-5.5,52.5
"2026-10-01T00:47:05Z","8e5d515b10d8a5ffb324640ed60bcc55","2026-10-11T20:25:00Z","SEA","SF",6,3.5,47.25
"2026-10-01T00:47:05Z","86457f91112732f21ad4bb7d37bd291c","2026-10-12T00:20:00Z","ATL","BAL",6,-6.25,49.5
"2026-10-01T00:47:05Z","e6d00eedd87d367e510314bd8cab8f6f","2026-10-13T00:15:00Z","LA","BUF",6,2.5,53
"2026-10-01T17:41:13Z","d55cb69fed50a09170560b5b75d8de86","2026-10-02T00:15:00Z","CLE","PIT",9,-3,37.5
"2026-10-01T17:41:13Z","c9d8ed8aa4889486eaf10a630138ede0","2026-10-04T13:30:00Z","WAS","IND",9,-3.5,47.5
"2026-10-01T17:41:13Z","664e6bda5721dc63be16bcf7d962a436","2026-10-04T17:00:00Z","NYG","ARI",9,-2.5,44
"2026-10-01T17:41:13Z","f01589b0e7e6dd4f4ac1220a1db81f53","2026-10-04T17:00:00Z","BAL","TEN",9,11.5,42.5
"2026-10-01T17:41:13Z","573cc0ef39631a4f6673ec843a8bedd4","2026-10-04T17:00:00Z","BUF","NE",9,6.5,48.5
"2026-10-01T17:41:13Z","164e6eb68f31bac190381903c3cccd31","2026-10-04T17:00:00Z","CHI","NYJ",9,3,43
"2026-10-01T17:41:13Z","2ea94ddf20f66432b9024fe2e2eaba5f","2026-10-04T17:00:00Z","CIN","JAX",9,2.5,51.5
"2026-10-01T17:41:13Z","daf55e2df5341c007fee5a0fc5bbc2d4","2026-10-04T17:00:00Z","HOU","DAL",9,3,48
"2026-10-01T17:41:13Z","99a9bae4dc0dc2590496bd3102b211f2","2026-10-04T17:00:00Z","TB","GB",9,-3.5,38.5
"2026-10-01T17:41:13Z","1b4f2e60ce83fa1d63a5dff83769d27c","2026-10-04T17:00:00Z","PHI","LA",9,-3,43.5
"2026-10-01T17:41:13Z","c327223d76a3b7b0db8c6c104442f44b","2026-10-04T20:05:00Z","MIN","MIA",9,10.5,38.5
"2026-10-01T17:41:13Z","a7e7efb75a9792ac63480ae6328dca18","2026-10-04T20:25:00Z","SF","DEN",9,2.5,48
"2026-10-01T17:41:13Z","e0cbd266dcf997089203a1b33ba0333d","2026-10-04T20:25:00Z","LV","KC",9,-4.5,47.5
"2026-10-01T17:41:13Z","96d2373cda647873b971f268482bced0","2026-10-04T20:25:00Z","SEA","LAC",9,7,42.5
"2026-10-01T17:41:13Z","a73a76599a4f3422803e57bd8f61b626","2026-10-05T00:20:00Z","CAR","DET",9,-3.5,51
"2026-10-01T17:41:13Z","8bd90781e17e6d97df3941063cedae1e","2026-10-06T00:15:00Z","NO","ATL",9,2.5,47.5
"2026-10-01T17:41:13Z","259b5df9aa0d10257f56de78523495e0","2026-10-09T00:15:00Z","DAL","TB",7,9.5,47
"2026-10-01T17:41:13Z","21b26266f3d78af02eb672e606275d95","2026-10-11T13:30:00Z","JAX","PHI",6,2.5,44.75
"2026-10-01T17:41:13Z","2caea57b1e5cfbba1334cfbfd46f6771","2026-10-11T17:00:00Z","GB","CHI",7,2,45
"2026-10-01T17:41:13Z","c4647ca1201e6768501877267ca8251b","2026-10-11T17:00:00Z","MIA","CIN",7,-8.5,46.5
"2026-10-01T17:41:13Z","9db4ed15fe34fca1fb62f040cd244591","2026-10-11T17:00:00Z","NYJ","CLE",7,2.5,39.5
"2026-10-01T17:41:13Z","cc52bba56e74f5cddbe9011046181c3d","2026-10-11T17:00:00Z","TEN","HOU",7,-6.5,38.5
"2026-10-01T17:41:13Z","448d7cf18c6db4c811ed82ded1b72867","2026-10-11T17:00:00Z","PIT","IND",7,2.5,44
"2026-10-01T17:41:13Z","6b024bad1abb54f597225e4ab9b39d89","2026-10-11T17:00:00Z","NE","LV",7,3.5,44
"2026-10-01T17:41:13Z","2cda9bf0fbe35a2735f0dd8aaafe9eff","2026-10-11T17:00:00Z","NO","MIN",7,-1.5,45
"2026-10-01T17:41:13Z","fbffd0b7722fd81d68d5d62472dc80e8","2026-10-11T17:00:00Z","WAS","NYG",7,2.5,43
"2026-10-01T17:41:13Z","d1d408fdfd272046fb517fe992a1c5a0","2026-10-11T20:05:00Z","LAC","DEN",6,-1.75,43
"2026-10-01T17:41:13Z","f8e7f43f73aa983c5c99c189587f0118","2026-10-11T20:25:00Z","ARI","DET",7,-5.5,52.5
"2026-10-01T17:41:13Z","8e5d515b10d8a5ffb324640ed60bcc55","2026-10-11T20:25:00Z","SEA","SF",7,3.5,47.5
"2026-10-01T17:41:13Z","86457f91112732f21ad4bb7d37bd291c","2026-10-12T00:20:00Z","ATL","BAL",6,-6.25,49.5
"2026-10-01T17:41:13Z","e6d00eedd87d367e510314bd8cab8f6f","2026-10-13T00:15:00Z","LA","BUF",7,2.5,53
"2026-10-01T19:17:11Z","d55cb69fed50a09170560b5b75d8de86","2026-10-02T00:15:00Z","CLE","PIT",9,-2.5,37.5
"2026-10-01T19:17:11Z","c9d8ed8aa4889486eaf10a630138ede0","2026-10-04T13:30:00Z","WAS","IND",9,-3.5,47.5
"2026-10-01T19:17:11Z","664e6bda5721dc63be16bcf7d962a436","2026-10-04T17:00:00Z","NYG","ARI",9,-2.5,44
"2026-10-01T19:17:11Z","f01589b0e7e6dd4f4ac1220a1db81f53","2026-10-04T17:00:00Z","BAL","TEN",9,11.5,42.5
"2026-10-01T19:17:11Z","573cc0ef39631a4f6673ec843a8bedd4","2026-10-04T17:00:00Z","BUF","NE",9,7,48.5
"2026-10-01T19:17:11Z","164e6eb68f31bac190381903c3cccd31","2026-10-04T17:00:00Z","CHI","NYJ",9,3,43
"2026-10-01T19:17:11Z","2ea94ddf20f66432b9024fe2e2eaba5f","2026-10-04T17:00:00Z","CIN","JAX",9,2.5,51.5
"2026-10-01T19:17:11Z","daf55e2df5341c007fee5a0fc5bbc2d4","2026-10-04T17:00:00Z","HOU","DAL",9,3,48
"2026-10-01T19:17:11Z","99a9bae4dc0dc2590496bd3102b211f2","2026-10-04T17:00:00Z","TB","GB",9,-3.5,38.5
"2026-10-01T19:17:11Z","1b4f2e60ce83fa1d63a5dff83769d27c","2026-10-04T17:00:00Z","PHI","LA",9,-3,43.5
"2026-10-01T19:17:11Z","c327223d76a3b7b0db8c6c104442f44b","2026-10-04T20:05:00Z","MIN","MIA",9,10.5,39
"2026-10-01T19:17:11Z","a7e7efb75a9792ac63480ae6328dca18","2026-10-04T20:25:00Z","SF","DEN",9,2.5,48
"2026-10-01T19:17:11Z","e0cbd266dcf997089203a1b33ba0333d","2026-10-04T20:25:00Z","LV","KC",9,-4.5,47.5
"2026-10-01T19:17:11Z","96d2373cda647873b971f268482bced0","2026-10-04T20:25:00Z","SEA","LAC",9,7,42.5
"2026-10-01T19:17:11Z","a73a76599a4f3422803e57bd8f61b626","2026-10-05T00:20:00Z","CAR","DET",9,-3.5,51
"2026-10-01T19:17:11Z","8bd90781e17e6d97df3941063cedae1e","2026-10-06T00:15:00Z","NO","ATL",9,2.5,47.5
"2026-10-01T19:17:11Z","259b5df9aa0d10257f56de78523495e0","2026-10-09T00:15:00Z","DAL","TB",7,9.5,47
"2026-10-01T19:17:11Z","21b26266f3d78af02eb672e606275d95","2026-10-11T13:30:00Z","JAX","PHI",6,2.5,44.75
"2026-10-01T19:17:11Z","2caea57b1e5cfbba1334cfbfd46f6771","2026-10-11T17:00:00Z","GB","CHI",7,2,45
"2026-10-01T19:17:11Z","c4647ca1201e6768501877267ca8251b","2026-10-11T17:00:00Z","MIA","CIN",7,-8.5,46.5
"2026-10-01T19:17:11Z","9db4ed15fe34fca1fb62f040cd244591","2026-10-11T17:00:00Z","NYJ","CLE",7,2.5,39.5
"2026-10-01T19:17:11Z","cc52bba56e74f5cddbe9011046181c3d","2026-10-11T17:00:00Z","TEN","HOU",7,-6.5,38.5
"2026-10-01T19:17:11Z","448d7cf18c6db4c811ed82ded1b72867","2026-10-11T17:00:00Z","PIT","IND",7,2.5,44
"2026-10-01T19:17:11Z","6b024bad1abb54f597225e4ab9b39d89","2026-10-11T17:00:00Z","NE","LV",7,3.5,44
"2026-10-01T19:17:11Z","2cda9bf0fbe35a2735f0dd8aaafe9eff","2026-10-11T17:00:00Z","NO","MIN",7,-1.5,45
"2026-10-01T19:17:11Z","fbffd0b7722fd81d68d5d62472dc80e8","2026-10-11T17:00:00Z","WAS","NYG",7,2.5,43
"2026-10-01T19:17:11Z","d1d408fdfd272046fb517fe992a1c5a0","2026-10-11T20:05:00Z","LAC","DEN",6,-1.75,43
"2026-10-01T19:17:11Z","f8e7f43f73aa983c5c99c189587f0118","2026-10-11T20:25:00Z","ARI","DET",7,-5.5,52.5
"2026-10-01T19:17:11Z","8e5d515b10d8a5ffb324640ed60bcc55","2026-10-11T20:25:00Z","SEA","SF",7,3.5,47.5
"2026-10-01T19:17:11Z","86457f91112732f21ad4bb7d37bd291c","2026-10-12T00:20:00Z","ATL","BAL",6,-6.25,49.5
"2026-10-01T19:17:11Z","e6d00eedd87d367e510314bd8cab8f6f","2026-10-13T00:15:00Z","LA","BUF",7,2.5,53
"2026-10-01T23:15:21Z","d55cb69fed50a09170560b5b75d8de86","2026-10-02T00:15:00Z","CLE","PIT",9,-2.5,37.5
"2026-10-01T23:15:21Z","c9d8ed8aa4889486eaf10a630138ede0","2026-10-04T13:30:00Z","WAS","IND",9,-4,48.5
"2026-10-01T23:15:21Z","664e6bda5721dc63be16bcf7d962a436","2026-10-04T17:00:00Z","NYG","ARI",9,-2.5,44
"2026-10-01T23:15:21Z","f01589b0e7e6dd4f4ac1220a1db81f53","2026-10-04T17:00:00Z","BAL","TEN",9,11.5,42.5
"2026-10-01T23:15:21Z","573cc0ef39631a4f6673ec843a8bedd4","2026-10-04T17:00:00Z","BUF","NE",9,7,49
"2026-10-01T23:15:21Z","164e6eb68f31bac190381903c3cccd31","2026-10-04T17:00:00Z","CHI","NYJ",9,3,43
"2026-10-01T23:15:21Z","2ea94ddf20f66432b9024fe2e2eaba5f","2026-10-04T17:00:00Z","CIN","JAX",9,2.5,51.5
"2026-10-01T23:15:21Z","daf55e2df5341c007fee5a0fc5bbc2d4","2026-10-04T17:00:00Z","HOU","DAL",9,3,48
"2026-10-01T23:15:21Z","99a9bae4dc0dc2590496bd3102b211f2","2026-10-04T17:00:00Z","TB","GB",9,-3.5,38.5
"2026-10-01T23:15:21Z","1b4f2e60ce83fa1d63a5dff83769d27c","2026-10-04T17:00:00Z","PHI","LA",6,-3.5,43
"2026-10-01T23:15:21Z","c327223d76a3b7b0db8c6c104442f44b","2026-10-04T20:05:00Z","MIN","MIA",9,10.5,39
"2026-10-01T23:15:21Z","a7e7efb75a9792ac63480ae6328dca18","2026-10-04T20:25:00Z","SF","DEN",9,2.5,48
"2026-10-01T23:15:21Z","e0cbd266dcf997089203a1b33ba0333d","2026-10-04T20:25:00Z","LV","KC",9,-4.5,47.5
"2026-10-01T23:15:21Z","96d2373cda647873b971f268482bced0","2026-10-04T20:25:00Z","SEA","LAC",9,7,42.5
"2026-10-01T23:15:21Z","a73a76599a4f3422803e57bd8f61b626","2026-10-05T00:20:00Z","CAR","DET",9,-3.5,51
"2026-10-01T23:15:21Z","8bd90781e17e6d97df3941063cedae1e","2026-10-06T00:15:00Z","NO","ATL",9,2.5,48
"2026-10-01T23:15:21Z","259b5df9aa0d10257f56de78523495e0","2026-10-09T00:15:00Z","DAL","TB",7,9.5,47
"2026-10-01T23:15:21Z","21b26266f3d78af02eb672e606275d95","2026-10-11T13:30:00Z","JAX","PHI",5,2.5,44.75
"2026-10-01T23:15:21Z","2caea57b1e5cfbba1334cfbfd46f6771","2026-10-11T17:00:00Z","GB","CHI",7,2,45
"2026-10-01T23:15:21Z","c4647ca1201e6768501877267ca8251b","2026-10-11T17:00:00Z","MIA","CIN",7,-9,46.5
"2026-10-01T23:15:21Z","9db4ed15fe34fca1fb62f040cd244591","2026-10-11T17:00:00Z","NYJ","CLE",7,2.5,39.5
"2026-10-01T23:15:21Z","cc52bba56e74f5cddbe9011046181c3d","2026-10-11T17:00:00Z","TEN","HOU",7,-6.5,38.5
"2026-10-01T23:15:21Z","448d7cf18c6db4c811ed82ded1b72867","2026-10-11T17:00:00Z","PIT","IND",7,2.5,44
"2026-10-01T23:15:21Z","6b024bad1abb54f597225e4ab9b39d89","2026-10-11T17:00:00Z","NE","LV",7,3.5,44
"2026-10-01T23:15:21Z","2cda9bf0fbe35a2735f0dd8aaafe9eff","2026-10-11T17:00:00Z","NO","MIN",7,-1.5,45
"2026-10-01T23:15:21Z","fbffd0b7722fd81d68d5d62472dc80e8","2026-10-11T17:00:00Z","WAS","NYG",7,2.5,43
"2026-10-01T23:15:21Z","d1d408fdfd272046fb517fe992a1c5a0","2026-10-11T20:05:00Z","LAC","DEN",6,-2,43
"2026-10-01T23:15:21Z","f8e7f43f73aa983c5c99c189587f0118","2026-10-11T20:25:00Z","ARI","DET",7,-5.5,52.5
"2026-10-01T23:15:21Z","8e5d515b10d8a5ffb324640ed60bcc55","2026-10-11T20:25:00Z","SEA","SF",7,3.5,47.5
"2026-10-01T23:15:21Z","86457f91112732f21ad4bb7d37bd291c","2026-10-12T00:20:00Z","ATL","BAL",6,-6.25,49.5
"2026-10-01T23:15:21Z","e6d00eedd87d367e510314bd8cab8f6f","2026-10-13T00:15:00Z","LA","BUF",7,2.5,53
"2026-10-02T01:46:18Z","d55cb69fed50a09170560b5b75d8de86","2026-10-02T00:15:41Z","CLE","PIT",5,9.5,49.25
"2026-10-02T01:46:18Z","c9d8ed8aa4889486eaf10a630138ede0","2026-10-04T13:30:00Z","WAS","IND",9,-4,48.5
"2026-10-02T01:46:18Z","664e6bda5721dc63be16bcf7d962a436","2026-10-04T17:00:00Z","NYG","ARI",9,-2.5,44
"2026-10-02T01:46:18Z","f01589b0e7e6dd4f4ac1220a1db81f53","2026-10-04T17:00:00Z","BAL","TEN",9,11.5,42.5
"2026-10-02T01:46:18Z","573cc0ef39631a4f6673ec843a8bedd4","2026-10-04T17:00:00Z","BUF","NE",9,7,49
"2026-10-02T01:46:18Z","164e6eb68f31bac190381903c3cccd31","2026-10-04T17:00:00Z","CHI","NYJ",9,3,43
"2026-10-02T01:46:18Z","2ea94ddf20f66432b9024fe2e2eaba5f","2026-10-04T17:00:00Z","CIN","JAX",9,2.5,51.5
"2026-10-02T01:46:18Z","daf55e2df5341c007fee5a0fc5bbc2d4","2026-10-04T17:00:00Z","HOU","DAL",9,3,48
"2026-10-02T01:46:18Z","99a9bae4dc0dc2590496bd3102b211f2","2026-10-04T17:00:00Z","TB","GB",9,-3.5,38.5
"2026-10-02T01:46:18Z","1b4f2e60ce83fa1d63a5dff83769d27c","2026-10-04T17:00:00Z","PHI","LA",8,-3.5,43
"2026-10-02T01:46:18Z","c327223d76a3b7b0db8c6c104442f44b","2026-10-04T20:05:00Z","MIN","MIA",9,10.5,39
"2026-10-02T01:46:18Z","a7e7efb75a9792ac63480ae6328dca18","2026-10-04T20:25:00Z","SF","DEN",9,2.5,48
"2026-10-02T01:46:18Z","e0cbd266dcf997089203a1b33ba0333d","2026-10-04T20:25:00Z","LV","KC",9,-4.5,47.5
"2026-10-02T01:46:18Z","96d2373cda647873b971f268482bced0","2026-10-04T20:25:00Z","SEA","LAC",9,7,42.5
"2026-10-02T01:46:18Z","a73a76599a4f3422803e57bd8f61b626","2026-10-05T00:20:00Z","CAR","DET",9,-3.5,51
"2026-10-02T01:46:18Z","8bd90781e17e6d97df3941063cedae1e","2026-10-06T00:15:00Z","NO","ATL",9,2.5,48
"2026-10-02T01:46:18Z","259b5df9aa0d10257f56de78523495e0","2026-10-09T00:15:00Z","DAL","TB",7,9.5,47
"2026-10-02T01:46:18Z","21b26266f3d78af02eb672e606275d95","2026-10-11T13:30:00Z","JAX","PHI",4,2.5,44.5
"2026-10-02T01:46:18Z","2caea57b1e5cfbba1334cfbfd46f6771","2026-10-11T17:00:00Z","GB","CHI",7,2,45
"2026-10-02T01:46:18Z","c4647ca1201e6768501877267ca8251b","2026-10-11T17:00:00Z","MIA","CIN",7,-9,46.5
"2026-10-02T01:46:18Z","cc52bba56e74f5cddbe9011046181c3d","2026-10-11T17:00:00Z","TEN","HOU",7,-6.5,38.5
"2026-10-02T01:46:18Z","6b024bad1abb54f597225e4ab9b39d89","2026-10-11T17:00:00Z","NE","LV",7,3.5,44
"2026-10-02T01:46:18Z","2cda9bf0fbe35a2735f0dd8aaafe9eff","2026-10-11T17:00:00Z","NO","MIN",7,-1.5,45
"2026-10-02T01:46:18Z","fbffd0b7722fd81d68d5d62472dc80e8","2026-10-11T17:00:00Z","WAS","NYG",7,2.5,43
"2026-10-02T01:46:18Z","d1d408fdfd272046fb517fe992a1c5a0","2026-10-11T20:05:00Z","LAC","DEN",6,-2,43
"2026-10-02T01:46:18Z","f8e7f43f73aa983c5c99c189587f0118","2026-10-11T20:25:00Z","ARI","DET",7,-5.5,52.5
"2026-10-02T01:46:18Z","8e5d515b10d8a5ffb324640ed60bcc55","2026-10-11T20:25:00Z","SEA","SF",7,3.5,47.5
"2026-10-02T01:46:18Z","86457f91112732f21ad4bb7d37bd291c","2026-10-12T00:20:00Z","ATL","BAL",6,-6.25,49.5
"2026-10-02T01:46:18Z","e6d00eedd87d367e510314bd8cab8f6f","2026-10-13T00:15:00Z","LA","BUF",7,2.5,53
"2026-10-02T16:25:06Z","c9d8ed8aa4889486eaf10a630138ede0","2026-10-04T13:30:00Z","WAS","IND",9,-4,48.5
"2026-10-02T16:25:06Z","664e6bda5721dc63be16bcf7d962a436","2026-10-04T17:00:00Z","NYG","ARI",9,-2.5,44
"2026-10-02T16:25:06Z","f01589b0e7e6dd4f4ac1220a1db81f53","2026-10-04T17:00:00Z","BAL","TEN",9,11.5,42.5
"2026-10-02T16:25:06Z","573cc0ef39631a4f6673ec843a8bedd4","2026-10-04T17:00:00Z","BUF","NE",9,7,49
"2026-10-02T16:25:06Z","164e6eb68f31bac190381903c3cccd31","2026-10-04T17:00:00Z","CHI","NYJ",9,3.5,43
"2026-10-02T16:25:06Z","2ea94ddf20f66432b9024fe2e2eaba5f","2026-10-04T17:00:00Z","CIN","JAX",9,2.5,51.5
"2026-10-02T16:25:06Z","daf55e2df5341c007fee5a0fc5bbc2d4","2026-10-04T17:00:00Z","HOU","DAL",9,3,48
"2026-10-02T16:25:06Z","99a9bae4dc0dc2590496bd3102b211f2","2026-10-04T17:00:00Z","TB","GB",9,-3.5,38.5
"2026-10-02T16:25:06Z","1b4f2e60ce83fa1d63a5dff83769d27c","2026-10-04T17:00:00Z","PHI","LA",9,-3.5,43
"2026-10-02T16:25:06Z","c327223d76a3b7b0db8c6c104442f44b","2026-10-04T20:05:00Z","MIN","MIA",9,10.5,38.5
"2026-10-02T16:25:06Z","a7e7efb75a9792ac63480ae6328dca18","2026-10-04T20:25:00Z","SF","DEN",9,2.5,48
"2026-10-02T16:25:06Z","e0cbd266dcf997089203a1b33ba0333d","2026-10-04T20:25:00Z","LV","KC",9,-4.5,47.5
"2026-10-02T16:25:06Z","96d2373cda647873b971f268482bced0","2026-10-04T20:25:00Z","SEA","LAC",9,7,42.5
"2026-10-02T16:25:06Z","a73a76599a4f3422803e57bd8f61b626","2026-10-05T00:20:00Z","CAR","DET",9,-3.5,51
"2026-10-02T16:25:06Z","8bd90781e17e6d97df3941063cedae1e","2026-10-06T00:15:00Z","NO","ATL",9,2.5,48
"2026-10-02T16:25:06Z","259b5df9aa0d10257f56de78523495e0","2026-10-09T00:15:00Z","DAL","TB",7,9.5,47
"2026-10-02T16:25:06Z","21b26266f3d78af02eb672e606275d95","2026-10-11T13:30:00Z","JAX","PHI",4,2.75,44.5
"2026-10-02T16:25:06Z","2caea57b1e5cfbba1334cfbfd46f6771","2026-10-11T17:00:00Z","GB","CHI",7,2,45
"2026-10-02T16:25:06Z","c4647ca1201e6768501877267ca8251b","2026-10-11T17:00:00Z","MIA","CIN",7,-9,46.5
"2026-10-02T16:25:06Z","cc52bba56e74f5cddbe9011046181c3d","2026-10-11T17:00:00Z","TEN","HOU",7,-6.5,38.5
"2026-10-02T16:25:06Z","6b024bad1abb54f597225e4ab9b39d89","2026-10-11T17:00:00Z","NE","LV",7,3.5,44
"2026-10-02T16:25:06Z","2cda9bf0fbe35a2735f0dd8aaafe9eff","2026-10-11T17:00:00Z","NO","MIN",7,-1.5,44.5
"2026-10-02T16:25:06Z","fbffd0b7722fd81d68d5d62472dc80e8","2026-10-11T17:00:00Z","WAS","NYG",7,2.5,43
"2026-10-02T16:25:06Z","d1d408fdfd272046fb517fe992a1c5a0","2026-10-11T20:05:00Z","LAC","DEN",6,-2,43
"2026-10-02T16:25:06Z","f8e7f43f73aa983c5c99c189587f0118","2026-10-11T20:25:00Z","ARI","DET",7,-5.5,52.5
"2026-10-02T16:25:06Z","8e5d515b10d8a5ffb324640ed60bcc55","2026-10-11T20:25:00Z","SEA","SF",7,3.5,47.5
"2026-10-02T16:25:06Z","86457f91112732f21ad4bb7d37bd291c","2026-10-12T00:20:00Z","ATL","BAL",6,-6.25,49.5
"2026-10-02T16:25:06Z","e6d00eedd87d367e510314bd8cab8f6f","2026-10-13T00:15:00Z","LA","BUF",7,2.5,53
"2026-10-02T18:57:15Z","c9d8ed8aa4889486eaf10a630138ede0","2026-10-04T13:30:00Z","WAS","IND",9,-4,47.5
"2026-10-02T18:57:15Z","664e6bda5721dc63be16bcf7d962a436","2026-10-04T17:00:00Z","NYG","ARI",9,-2.5,44
"2026-10-02T18:57:15Z","f01589b0e7e6dd4f4ac1220a1db81f53","2026-10-04T17:00:00Z","BAL","TEN",9,11.5,42.5
"2026-10-02T18:57:15Z","573cc0ef39631a4f6673ec843a8bedd4","2026-10-04T17:00:00Z","BUF","NE",9,7,50
"2026-10-02T18:57:15Z","164e6eb68f31bac190381903c3cccd31","2026-10-04T17:00:00Z","CHI","NYJ",9,3.5,43
"2026-10-02T18:57:15Z","2ea94ddf20f66432b9024fe2e2eaba5f","2026-10-04T17:00:00Z","CIN","JAX",9,2.5,51.5
"2026-10-02T18:57:15Z","daf55e2df5341c007fee5a0fc5bbc2d4","2026-10-04T17:00:00Z","HOU","DAL",9,3,48
"2026-10-02T18:57:15Z","99a9bae4dc0dc2590496bd3102b211f2","2026-10-04T17:00:00Z","TB","GB",9,-3.5,39.5
"2026-10-02T18:57:15Z","1b4f2e60ce83fa1d63a5dff83769d27c","2026-10-04T17:00:00Z","PHI","LA",9,-3.5,43
"2026-10-02T18:57:15Z","c327223d76a3b7b0db8c6c104442f44b","2026-10-04T20:05:00Z","MIN","MIA",9,10.5,38.5
"2026-10-02T18:57:15Z","a7e7efb75a9792ac63480ae6328dca18","2026-10-04T20:25:00Z","SF","DEN",9,2.5,48
"2026-10-02T18:57:15Z","e0cbd266dcf997089203a1b33ba0333d","2026-10-04T20:25:00Z","LV","KC",9,-4.5,47.5
"2026-10-02T18:57:15Z","96d2373cda647873b971f268482bced0","2026-10-04T20:25:00Z","SEA","LAC",9,7,42.5
"2026-10-02T18:57:15Z","a73a76599a4f3422803e57bd8f61b626","2026-10-05T00:20:00Z","CAR","DET",9,-3.5,51
"2026-10-02T18:57:15Z","8bd90781e17e6d97df3941063cedae1e","2026-10-06T00:15:00Z","NO","ATL",9,2.5,48
"2026-10-02T18:57:15Z","259b5df9aa0d10257f56de78523495e0","2026-10-09T00:15:00Z","DAL","TB",7,9.5,47
"2026-10-02T18:57:15Z","21b26266f3d78af02eb672e606275d95","2026-10-11T13:30:00Z","JAX","PHI",4,2.75,44.5
"2026-10-02T18:57:15Z","2caea57b1e5cfbba1334cfbfd46f6771","2026-10-11T17:00:00Z","GB","CHI",7,2,45
"2026-10-02T18:57:15Z","c4647ca1201e6768501877267ca8251b","2026-10-11T17:00:00Z","MIA","CIN",7,-9,46.5
"2026-10-02T18:57:15Z","cc52bba56e74f5cddbe9011046181c3d","2026-10-11T17:00:00Z","TEN","HOU",7,-6.5,38.5
"2026-10-02T18:57:15Z","6b024bad1abb54f597225e4ab9b39d89","2026-10-11T17:00:00Z","NE","LV",7,3.5,44
"2026-10-02T18:57:15Z","2cda9bf0fbe35a2735f0dd8aaafe9eff","2026-10-11T17:00:00Z","NO","MIN",6,-1.5,44.25
"2026-10-02T18:57:15Z","fbffd0b7722fd81d68d5d62472dc80e8","2026-10-11T17:00:00Z","WAS","NYG",7,2.5,43
"2026-10-02T18:57:15Z","d1d408fdfd272046fb517fe992a1c5a0","2026-10-11T20:05:00Z","LAC","DEN",6,-2,43
"2026-10-02T18:57:15Z","f8e7f43f73aa983c5c99c189587f0118","2026-10-11T20:25:00Z","ARI","DET",7,-5.5,52.5
"2026-10-02T18:57:15Z","8e5d515b10d8a5ffb324640ed60bcc55","2026-10-11T20:25:00Z","SEA","SF",7,3.5,47.5
"2026-10-02T18:57:15Z","86457f91112732f21ad4bb7d37bd291c","2026-10-12T00:20:00Z","ATL","BAL",6,-6.25,49.5
"2026-10-02T18:57:15Z","e6d00eedd87d367e510314bd8cab8f6f","2026-10-13T00:15:00Z","LA","BUF",7,2.5,53
"2026-10-03T00:00:50Z","c9d8ed8aa4889486eaf10a630138ede0","2026-10-04T13:30:00Z","WAS","IND",9,-4,47.5
"2026-10-03T00:00:50Z","664e6bda5721dc63be16bcf7d962a436","2026-10-04T17:00:00Z","NYG","ARI",9,-2.5,44
"2026-10-03T00:00:50Z","f01589b0e7e6dd4f4ac1220a1db81f53","2026-10-04T17:00:00Z","BAL","TEN",9,11.5,42.5
"2026-10-03T00:00:50Z","573cc0ef39631a4f6673ec843a8bedd4","2026-10-04T17:00:00Z","BUF","NE",9,7,50
"2026-10-03T00:00:50Z","164e6eb68f31bac190381903c3cccd31","2026-10-04T17:00:00Z","CHI","NYJ",9,3.5,43
"2026-10-03T00:00:50Z","2ea94ddf20f66432b9024fe2e2eaba5f","2026-10-04T17:00:00Z","CIN","JAX",9,2.5,51.5
"2026-10-03T00:00:50Z","daf55e2df5341c007fee5a0fc5bbc2d4","2026-10-04T17:00:00Z","HOU","DAL",9,3,48
"2026-10-03T00:00:50Z","99a9bae4dc0dc2590496bd3102b211f2","2026-10-04T17:00:00Z","TB","GB",9,-3.5,39.5
"2026-10-03T00:00:50Z","1b4f2e60ce83fa1d63a5dff83769d27c","2026-10-04T17:00:00Z","PHI","LA",9,-3.5,42.5
"2026-10-03T00:00:50Z","c327223d76a3b7b0db8c6c104442f44b","2026-10-04T20:05:00Z","MIN","MIA",9,10,38.5
"2026-10-03T00:00:50Z","a7e7efb75a9792ac63480ae6328dca18","2026-10-04T20:25:00Z","SF","DEN",9,2.5,48
"2026-10-03T00:00:50Z","e0cbd266dcf997089203a1b33ba0333d","2026-10-04T20:25:00Z","LV","KC",9,-4.5,47.5
"2026-10-03T00:00:50Z","96d2373cda647873b971f268482bced0","2026-10-04T20:25:00Z","SEA","LAC",9,7,42.5
"2026-10-03T00:00:50Z","a73a76599a4f3422803e57bd8f61b626","2026-10-05T00:20:00Z","CAR","DET",9,-3.5,51
"2026-10-03T00:00:50Z","8bd90781e17e6d97df3941063cedae1e","2026-10-06T00:15:00Z","NO","ATL",9,2,48
"2026-10-03T00:00:50Z","259b5df9aa0d10257f56de78523495e0","2026-10-09T00:15:00Z","DAL","TB",7,9.5,47
"2026-10-03T00:00:50Z","21b26266f3d78af02eb672e606275d95","2026-10-11T13:30:00Z","JAX","PHI",4,2.75,44.5
"2026-10-03T00:00:50Z","2caea57b1e5cfbba1334cfbfd46f6771","2026-10-11T17:00:00Z","GB","CHI",7,2,45
"2026-10-03T00:00:50Z","c4647ca1201e6768501877267ca8251b","2026-10-11T17:00:00Z","MIA","CIN",7,-9,46.5
"2026-10-03T00:00:50Z","cc52bba56e74f5cddbe9011046181c3d","2026-10-11T17:00:00Z","TEN","HOU",7,-6.5,38.5
"2026-10-03T00:00:50Z","6b024bad1abb54f597225e4ab9b39d89","2026-10-11T17:00:00Z","NE","LV",7,3.5,44
"2026-10-03T00:00:50Z","2cda9bf0fbe35a2735f0dd8aaafe9eff","2026-10-11T17:00:00Z","NO","MIN",7,-1.5,44.5
"2026-10-03T00:00:50Z","fbffd0b7722fd81d68d5d62472dc80e8","2026-10-11T17:00:00Z","WAS","NYG",7,2.5,43
"2026-10-03T00:00:50Z","d1d408fdfd272046fb517fe992a1c5a0","2026-10-11T20:05:00Z","LAC","DEN",6,-2,43
"2026-10-03T00:00:50Z","f8e7f43f73aa983c5c99c189587f0118","2026-10-11T20:25:00Z","ARI","DET",7,-5.5,52.5
"2026-10-03T00:00:50Z","8e5d515b10d8a5ffb324640ed60bcc55","2026-10-11T20:25:00Z","SEA","SF",7,3.5,47.5
"2026-10-03T00:00:50Z","86457f91112732f21ad4bb7d37bd291c","2026-10-12T00:20:00Z","ATL","BAL",6,-6.25,49.5
"2026-10-03T00:00:50Z","e6d00eedd87d367e510314bd8cab8f6f","2026-10-13T00:15:00Z","LA","BUF",7,2.5,53
"2026-10-03T00:50:28Z","c9d8ed8aa4889486eaf10a630138ede0","2026-10-04T13:30:00Z","WAS","IND",9,-4,47.5
"2026-10-03T00:50:28Z","664e6bda5721dc63be16bcf7d962a436","2026-10-04T17:00:00Z","NYG","ARI",9,-2.5,44
"2026-10-03T00:50:28Z","f01589b0e7e6dd4f4ac1220a1db81f53","2026-10-04T17:00:00Z","BAL","TEN",9,11.5,42.5
"2026-10-03T00:50:28Z","573cc0ef39631a4f6673ec843a8bedd4","2026-10-04T17:00:00Z","BUF","NE",9,7,50
"2026-10-03T00:50:28Z","164e6eb68f31bac190381903c3cccd31","2026-10-04T17:00:00Z","CHI","NYJ",9,3.5,43
"2026-10-03T00:50:28Z","2ea94ddf20f66432b9024fe2e2eaba5f","2026-10-04T17:00:00Z","CIN","JAX",9,2.5,51.5
"2026-10-03T00:50:28Z","daf55e2df5341c007fee5a0fc5bbc2d4","2026-10-04T17:00:00Z","HOU","DAL",9,3,48
"2026-10-03T00:50:28Z","99a9bae4dc0dc2590496bd3102b211f2","2026-10-04T17:00:00Z","TB","GB",9,-3.5,39.5
"2026-10-03T00:50:28Z","1b4f2e60ce83fa1d63a5dff83769d27c","2026-10-04T17:00:00Z","PHI","LA",9,-3.5,42.5
"2026-10-03T00:50:28Z","c327223d76a3b7b0db8c6c104442f44b","2026-10-04T20:05:00Z","MIN","MIA",9,10,38.5
"2026-10-03T00:50:28Z","a7e7efb75a9792ac63480ae6328dca18","2026-10-04T20:25:00Z","SF","DEN",9,2.5,48
"2026-10-03T00:50:28Z","e0cbd266dcf997089203a1b33ba0333d","2026-10-04T20:25:00Z","LV","KC",9,-4.5,47.5
"2026-10-03T00:50:28Z","96d2373cda647873b971f268482bced0","2026-10-04T20:25:00Z","SEA","LAC",9,7,42.5
"2026-10-03T00:50:28Z","a73a76599a4f3422803e57bd8f61b626","2026-10-05T00:20:00Z","CAR","DET",9,-3.5,51
"2026-10-03T00:50:28Z","8bd90781e17e6d97df3941063cedae1e","2026-10-06T00:15:00Z","NO","ATL",9,2,48
"2026-10-03T00:50:28Z","259b5df9aa0d10257f56de78523495e0","2026-10-09T00:15:00Z","DAL","TB",7,9.5,47
"2026-10-03T00:50:28Z","21b26266f3d78af02eb672e606275d95","2026-10-11T13:30:00Z","JAX","PHI",4,2.75,44.5
"2026-10-03T00:50:28Z","2caea57b1e5cfbba1334cfbfd46f6771","2026-10-11T17:00:00Z","GB","CHI",7,2,45
"2026-10-03T00:50:28Z","c4647ca1201e6768501877267ca8251b","2026-10-11T17:00:00Z","MIA","CIN",7,-9,46.5
"2026-10-03T00:50:28Z","cc52bba56e74f5cddbe9011046181c3d","2026-10-11T17:00:00Z","TEN","HOU",7,-6.5,38.5
"2026-10-03T00:50:28Z","6b024bad1abb54f597225e4ab9b39d89","2026-10-11T17:00:00Z","NE","LV",7,3.5,44
"2026-10-03T00:50:28Z","2cda9bf0fbe35a2735f0dd8aaafe9eff","2026-10-11T17:00:00Z","NO","MIN",7,-1.5,44.5
"2026-10-03T00:50:28Z","fbffd0b7722fd81d68d5d62472dc80e8","2026-10-11T17:00:00Z","WAS","NYG",7,2.5,43
"2026-10-03T00:50:28Z","d1d408fdfd272046fb517fe992a1c5a0","2026-10-11T20:05:00Z","LAC","DEN",6,-2,43
"2026-10-03T00:50:28Z","f8e7f43f73aa983c5c99c189587f0118","2026-10-11T20:25:00Z","ARI","DET",7,-5.5,52.5
"2026-10-03T00:50:28Z","8e5d515b10d8a5ffb324640ed60bcc55","2026-10-11T20:25:00Z","SEA","SF",7,3.5,47.5
"2026-10-03T00:50:28Z","86457f91112732f21ad4bb7d37bd291c","2026-10-12T00:20:00Z","ATL","BAL",6,-6.25,49.5
"2026-10-03T00:50:28Z","e6d00eedd87d367e510314bd8cab8f6f","2026-10-13T00:15:00Z","LA","BUF",7,2.5,53
"2026-10-03T17:44:30Z","c9d8ed8aa4889486eaf10a630138ede0","2026-10-04T13:30:00Z","WAS","IND",9,-4.5,46.5
"2026-10-03T17:44:30Z","664e6bda5721dc63be16bcf7d962a436","2026-10-04T17:00:00Z","NYG","ARI",9,-2.5,44.5
"2026-10-03T17:44:30Z","f01589b0e7e6dd4f4ac1220a1db81f53","2026-10-04T17:00:00Z","BAL","TEN",9,11.5,42.5
"2026-10-03T17:44:30Z","573cc0ef39631a4f6673ec843a8bedd4","2026-10-04T17:00:00Z","BUF","NE",9,7,50
"2026-10-03T17:44:30Z","164e6eb68f31bac190381903c3cccd31","2026-10-04T17:00:00Z","CHI","NYJ",9,3.5,43
"2026-10-03T17:44:30Z","2ea94ddf20f66432b9024fe2e2eaba5f","2026-10-04T17:00:00Z","CIN","JAX",9,2.5,51.5
"2026-10-03T17:44:30Z","daf55e2df5341c007fee5a0fc5bbc2d4","2026-10-04T17:00:00Z","HOU","DAL",9,3,48.5
"2026-10-03T17:44:30Z","99a9bae4dc0dc2590496bd3102b211f2","2026-10-04T17:00:00Z","TB","GB",9,-3,39.5
"2026-10-03T17:44:30Z","1b4f2e60ce83fa1d63a5dff83769d27c","2026-10-04T17:00:00Z","PHI","LA",9,-3.5,42.5
"2026-10-03T17:44:30Z","c327223d76a3b7b0db8c6c104442f44b","2026-10-04T20:05:00Z","MIN","MIA",9,10,38.5
"2026-10-03T17:44:30Z","a7e7efb75a9792ac63480ae6328dca18","2026-10-04T20:25:00Z","SF","DEN",9,2.5,48
"2026-10-03T17:44:30Z","e0cbd266dcf997089203a1b33ba0333d","2026-10-04T20:25:00Z","LV","KC",9,-4.5,47.5
"2026-10-03T17:44:30Z","96d2373cda647873b971f268482bced0","2026-10-04T20:25:00Z","SEA","LAC",9,7,42.5
"2026-10-03T17:44:30Z","a73a76599a4f3422803e57bd8f61b626","2026-10-05T00:20:00Z","CAR","DET",9,-3.5,51
"2026-10-03T17:44:30Z","8bd90781e17e6d97df3941063cedae1e","2026-10-06T00:15:00Z","NO","ATL",9,2,48
"2026-10-03T17:44:30Z","259b5df9aa0d10257f56de78523495e0","2026-10-09T00:15:00Z","DAL","TB",7,9.5,47
"2026-10-03T17:44:30Z","21b26266f3d78af02eb672e606275d95","2026-10-11T13:30:00Z","JAX","PHI",7,3,44.5
"2026-10-03T17:44:30Z","2caea57b1e5cfbba1334cfbfd46f6771","2026-10-11T17:00:00Z","GB","CHI",7,2,45
"2026-10-03T17:44:30Z","c4647ca1201e6768501877267ca8251b","2026-10-11T17:00:00Z","MIA","CIN",7,-9,46.5
"2026-10-03T17:44:30Z","cc52bba56e74f5cddbe9011046181c3d","2026-10-11T17:00:00Z","TEN","HOU",7,-6.5,38.5
"2026-10-03T17:44:30Z","6b024bad1abb54f597225e4ab9b39d89","2026-10-11T17:00:00Z","NE","LV",7,3.5,44
"2026-10-03T17:44:30Z","2cda9bf0fbe35a2735f0dd8aaafe9eff","2026-10-11T17:00:00Z","NO","MIN",7,-1.5,44.5
"2026-10-03T17:44:30Z","fbffd0b7722fd81d68d5d62472dc80e8","2026-10-11T17:00:00Z","WAS","NYG",7,2.5,43
"2026-10-03T17:44:30Z","d1d408fdfd272046fb517fe992a1c5a0","2026-10-11T20:05:00Z","LAC","DEN",6,-2,43
"2026-10-03T17:44:30Z","f8e7f43f73aa983c5c99c189587f0118","2026-10-11T20:25:00Z","ARI","DET",7,-5.5,52.5
"2026-10-03T17:44:30Z","8e5d515b10d8a5ffb324640ed60bcc55","2026-10-11T20:25:00Z","SEA","SF",7,3.5,47.5
"2026-10-03T17:44:30Z","86457f91112732f21ad4bb7d37bd291c","2026-10-12T00:20:00Z","ATL","BAL",6,-6.25,49.5
"2026-10-03T17:44:30Z","e6d00eedd87d367e510314bd8cab8f6f","2026-10-13T00:15:00Z","LA","BUF",7,2.5,53
"2026-10-03T20:55:54Z","c9d8ed8aa4889486eaf10a630138ede0","2026-10-04T13:30:00Z","WAS","IND",9,-4.5,46.5
"2026-10-03T20:55:54Z","664e6bda5721dc63be16bcf7d962a436","2026-10-04T17:00:00Z","NYG","ARI",9,-2.5,44.5
"2026-10-03T20:55:54Z","f01589b0e7e6dd4f4ac1220a1db81f53","2026-10-04T17:00:00Z","BAL","TEN",9,11.5,42.5
"2026-10-03T20:55:54Z","573cc0ef39631a4f6673ec843a8bedd4","2026-10-04T17:00:00Z","BUF","NE",9,7,50
"2026-10-03T20:55:54Z","164e6eb68f31bac190381903c3cccd31","2026-10-04T17:00:00Z","CHI","NYJ",9,3.5,43
"2026-10-03T20:55:54Z","2ea94ddf20f66432b9024fe2e2eaba5f","2026-10-04T17:00:00Z","CIN","JAX",9,2.5,51.5
"2026-10-03T20:55:54Z","daf55e2df5341c007fee5a0fc5bbc2d4","2026-10-04T17:00:00Z","HOU","DAL",9,3,48.5
"2026-10-03T20:55:54Z","99a9bae4dc0dc2590496bd3102b211f2","2026-10-04T17:00:00Z","TB","GB",9,-3,39
"2026-10-03T20:55:54Z","1b4f2e60ce83fa1d63a5dff83769d27c","2026-10-04T17:00:00Z","PHI","LA",9,-3.5,42.5
"2026-10-03T20:55:54Z","c327223d76a3b7b0db8c6c104442f44b","2026-10-04T20:05:00Z","MIN","MIA",9,10,38.5
"2026-10-03T20:55:54Z","a7e7efb75a9792ac63480ae6328dca18","2026-10-04T20:25:00Z","SF","DEN",9,2.5,48
"2026-10-03T20:55:54Z","e0cbd266dcf997089203a1b33ba0333d","2026-10-04T20:25:00Z","LV","KC",9,-4.5,47.5
"2026-10-03T20:55:54Z","96d2373cda647873b971f268482bced0","2026-10-04T20:25:00Z","SEA","LAC",9,7,42.5
"2026-10-03T20:55:54Z","a73a76599a4f3422803e57bd8f61b626","2026-10-05T00:20:00Z","CAR","DET",9,-3.5,51
"2026-10-03T20:55:54Z","8bd90781e17e6d97df3941063cedae1e","2026-10-06T00:15:00Z","NO","ATL",9,2,48
"2026-10-03T20:55:54Z","259b5df9aa0d10257f56de78523495e0","2026-10-09T00:15:00Z","DAL","TB",7,9.5,47
"2026-10-03T20:55:54Z","21b26266f3d78af02eb672e606275d95","2026-10-11T13:30:00Z","JAX","PHI",7,3,44.5
"2026-10-03T20:55:54Z","2caea57b1e5cfbba1334cfbfd46f6771","2026-10-11T17:00:00Z","GB","CHI",7,2,45
"2026-10-03T20:55:54Z","c4647ca1201e6768501877267ca8251b","2026-10-11T17:00:00Z","MIA","CIN",7,-9,46.5
"2026-10-03T20:55:54Z","cc52bba56e74f5cddbe9011046181c3d","2026-10-11T17:00:00Z","TEN","HOU",7,-6.5,38.5
"2026-10-03T20:55:54Z","6b024bad1abb54f597225e4ab9b39d89","2026-10-11T17:00:00Z","NE","LV",7,3.5,44
"2026-10-03T20:55:54Z","2cda9bf0fbe35a2735f0dd8aaafe9eff","2026-10-11T17:00:00Z","NO","MIN",7,-1.5,44.5
"2026-10-03T20:55:54Z","fbffd0b7722fd81d68d5d62472dc80e8","2026-10-11T17:00:00Z","WAS","NYG",7,2.5,43
"2026-10-03T20:55:54Z","d1d408fdfd272046fb517fe992a1c5a0","2026-10-11T20:05:00Z","LAC","DEN",7,-2,43
"2026-10-03T20:55:54Z","f8e7f43f73aa983c5c99c189587f0118","2026-10-11T20:25:00Z","ARI","DET",7,-5.5,52.5
"2026-10-03T20:55:54Z","8e5d515b10d8a5ffb324640ed60bcc55","2026-10-11T20:25:00Z","SEA","SF",7,3.5,47.5
"2026-10-03T20:55:54Z","86457f91112732f21ad4bb7d37bd291c","2026-10-12T00:20:00Z","ATL","BAL",6,-6.25,49.5
"2026-10-03T20:55:54Z","e6d00eedd87d367e510314bd8cab8f6f","2026-10-13T00:15:00Z","LA","BUF",7,2.5,53
"2026-10-04T00:15:51Z","c9d8ed8aa4889486eaf10a630138ede0","2026-10-04T13:30:00Z","WAS","IND",9,-4.5,46.5
"2026-10-04T00:15:51Z","664e6bda5721dc63be16bcf7d962a436","2026-10-04T17:00:00Z","NYG","ARI",9,-2.5,44.5
"2026-10-04T00:15:51Z","f01589b0e7e6dd4f4ac1220a1db81f53","2026-10-04T17:00:00Z","BAL","TEN",9,11.5,42.5
"2026-10-04T00:15:51Z","573cc0ef39631a4f6673ec843a8bedd4","2026-10-04T17:00:00Z","BUF","NE",9,7,50
"2026-10-04T00:15:51Z","164e6eb68f31bac190381903c3cccd31","2026-10-04T17:00:00Z","CHI","NYJ",9,3.5,43
"2026-10-04T00:15:51Z","2ea94ddf20f66432b9024fe2e2eaba5f","2026-10-04T17:00:00Z","CIN","JAX",9,2.5,51.5
"2026-10-04T00:15:51Z","daf55e2df5341c007fee5a0fc5bbc2d4","2026-10-04T17:00:00Z","HOU","DAL",9,3,48.5
"2026-10-04T00:15:51Z","99a9bae4dc0dc2590496bd3102b211f2","2026-10-04T17:00:00Z","TB","GB",9,-3,39
"2026-10-04T00:15:51Z","1b4f2e60ce83fa1d63a5dff83769d27c","2026-10-04T17:00:00Z","PHI","LA",9,-3.5,42.5
"2026-10-04T00:15:51Z","c327223d76a3b7b0db8c6c104442f44b","2026-10-04T20:05:00Z","MIN","MIA",9,10,38.5
"2026-10-04T00:15:51Z","a7e7efb75a9792ac63480ae6328dca18","2026-10-04T20:25:00Z","SF","DEN",9,2.5,48
"2026-10-04T00:15:51Z","e0cbd266dcf997089203a1b33ba0333d","2026-10-04T20:25:00Z","LV","KC",9,-4.5,47.5
"2026-10-04T00:15:51Z","96d2373cda647873b971f268482bced0","2026-10-04T20:25:00Z","SEA","LAC",9,7,42.5
"2026-10-04T00:15:51Z","a73a76599a4f3422803e57bd8f61b626","2026-10-05T00:20:00Z","CAR","DET",9,-3.5,51
"2026-10-04T00:15:51Z","8bd90781e17e6d97df3941063cedae1e","2026-10-06T00:15:00Z","NO","ATL",9,2,48
"2026-10-04T00:15:51Z","259b5df9aa0d10257f56de78523495e0","2026-10-09T00:15:00Z","DAL","TB",7,9.5,47
"2026-10-04T00:15:51Z","21b26266f3d78af02eb672e606275d95","2026-10-11T13:30:00Z","JAX","PHI",7,3,44.5
"2026-10-04T00:15:51Z","2caea57b1e5cfbba1334cfbfd46f6771","2026-10-11T17:00:00Z","GB","CHI",7,2,45
"2026-10-04T00:15:51Z","c4647ca1201e6768501877267ca8251b","2026-10-11T17:00:00Z","MIA","CIN",7,-9,46.5
"2026-10-04T00:15:51Z","cc52bba56e74f5cddbe9011046181c3d","2026-10-11T17:00:00Z","TEN","HOU",7,-6.5,38.5
"2026-10-04T00:15:51Z","6b024bad1abb54f597225e4ab9b39d89","2026-10-11T17:00:00Z","NE","LV",7,3.5,44
"2026-10-04T00:15:51Z","2cda9bf0fbe35a2735f0dd8aaafe9eff","2026-10-11T17:00:00Z","NO","MIN",7,-1.5,44.5
"2026-10-04T00:15:51Z","fbffd0b7722fd81d68d5d62472dc80e8","2026-10-11T17:00:00Z","WAS","NYG",7,2.5,43
"2026-10-04T00:15:51Z","d1d408fdfd272046fb517fe992a1c5a0","2026-10-11T20:05:00Z","LAC","DEN",7,-2,43
"2026-10-04T00:15:51Z","f8e7f43f73aa983c5c99c189587f0118","2026-10-11T20:25:00Z","ARI","DET",7,-5.5,52.5
"2026-10-04T00:15:51Z","8e5d515b10d8a5ffb324640ed60bcc55","2026-10-11T20:25:00Z","SEA","SF",7,3.5,47.5
"2026-10-04T00:15:51Z","86457f91112732f21ad4bb7d37bd291c","2026-10-12T00:20:00Z","ATL","BAL",6,-6.25,49.5
"2026-10-04T00:15:51Z","e6d00eedd87d367e510314bd8cab8f6f","2026-10-13T00:15:00Z","LA","BUF",7,2.5,53
"2026-10-04T01:23:09Z","c9d8ed8aa4889486eaf10a630138ede0","2026-10-04T13:30:00Z","WAS","IND",9,-4.5,46.5
"2026-10-04T01:23:09Z","664e6bda5721dc63be16bcf7d962a436","2026-10-04T17:00:00Z","NYG","ARI",9,-2.5,44.5
"2026-10-04T01:23:09Z","f01589b0e7e6dd4f4ac1220a1db81f53","2026-10-04T17:00:00Z","BAL","TEN",9,11.5,42.5
"2026-10-04T01:23:09Z","573cc0ef39631a4f6673ec843a8bedd4","2026-10-04T17:00:00Z","BUF","NE",9,7,50
"2026-10-04T01:23:09Z","164e6eb68f31bac190381903c3cccd31","2026-10-04T17:00:00Z","CHI","NYJ",9,3.5,43
"2026-10-04T01:23:09Z","2ea94ddf20f66432b9024fe2e2eaba5f","2026-10-04T17:00:00Z","CIN","JAX",9,2.5,51.5
"2026-10-04T01:23:09Z","daf55e2df5341c007fee5a0fc5bbc2d4","2026-10-04T17:00:00Z","HOU","DAL",9,3,48.5
"2026-10-04T01:23:09Z","99a9bae4dc0dc2590496bd3102b211f2","2026-10-04T17:00:00Z","TB","GB",9,-3,39
"2026-10-04T01:23:09Z","1b4f2e60ce83fa1d63a5dff83769d27c","2026-10-04T17:00:00Z","PHI","LA",9,-3.5,42.5
"2026-10-04T01:23:09Z","c327223d76a3b7b0db8c6c104442f44b","2026-10-04T20:05:00Z","MIN","MIA",9,10,38.5
"2026-10-04T01:23:09Z","a7e7efb75a9792ac63480ae6328dca18","2026-10-04T20:25:00Z","SF","DEN",9,2.5,48
"2026-10-04T01:23:09Z","e0cbd266dcf997089203a1b33ba0333d","2026-10-04T20:25:00Z","LV","KC",9,-4.5,48
"2026-10-04T01:23:09Z","96d2373cda647873b971f268482bced0","2026-10-04T20:25:00Z","SEA","LAC",9,7,42.5
"2026-10-04T01:23:09Z","a73a76599a4f3422803e57bd8f61b626","2026-10-05T00:20:00Z","CAR","DET",9,-3.5,51
"2026-10-04T01:23:09Z","8bd90781e17e6d97df3941063cedae1e","2026-10-06T00:15:00Z","NO","ATL",9,2,48
"2026-10-04T01:23:09Z","259b5df9aa0d10257f56de78523495e0","2026-10-09T00:15:00Z","DAL","TB",7,9.5,47
"2026-10-04T01:23:09Z","21b26266f3d78af02eb672e606275d95","2026-10-11T13:30:00Z","JAX","PHI",7,3,44.5
"2026-10-04T01:23:09Z","2caea57b1e5cfbba1334cfbfd46f6771","2026-10-11T17:00:00Z","GB","CHI",7,2,45
"2026-10-04T01:23:09Z","c4647ca1201e6768501877267ca8251b","2026-10-11T17:00:00Z","MIA","CIN",7,-9,46.5
"2026-10-04T01:23:09Z","cc52bba56e74f5cddbe9011046181c3d","2026-10-11T17:00:00Z","TEN","HOU",7,-6.5,38.5
"2026-10-04T01:23:09Z","6b024bad1abb54f597225e4ab9b39d89","2026-10-11T17:00:00Z","NE","LV",7,3.5,44
"2026-10-04T01:23:09Z","2cda9bf0fbe35a2735f0dd8aaafe9eff","2026-10-11T17:00:00Z","NO","MIN",7,-1.5,44.5
"2026-10-04T01:23:09Z","fbffd0b7722fd81d68d5d62472dc80e8","2026-10-11T17:00:00Z","WAS","NYG",7,2.5,43
"2026-10-04T01:23:09Z","d1d408fdfd272046fb517fe992a1c5a0","2026-10-11T20:05:00Z","LAC","DEN",7,-2,43
"2026-10-04T01:23:09Z","f8e7f43f73aa983c5c99c189587f0118","2026-10-11T20:25:00Z","ARI","DET",7,-5.5,52.5
"2026-10-04T01:23:09Z","8e5d515b10d8a5ffb324640ed60bcc55","2026-10-11T20:25:00Z","SEA","SF",7,3.5,47.5
"2026-10-04T01:23:09Z","86457f91112732f21ad4bb7d37bd291c","2026-10-12T00:20:00Z","ATL","BAL",7,-6,49.5
"2026-10-04T01:23:09Z","e6d00eedd87d367e510314bd8cab8f6f","2026-10-13T00:15:00Z","LA","BUF",7,2.5,53
"2026-10-04T02:54:45Z","c9d8ed8aa4889486eaf10a630138ede0","2026-10-04T13:30:00Z","WAS","IND",9,-4.5,46.5
"2026-10-04T02:54:45Z","664e6bda5721dc63be16bcf7d962a436","2026-10-04T17:00:00Z","NYG","ARI",9,-2.5,44.5
"2026-10-04T02:54:45Z","f01589b0e7e6dd4f4ac1220a1db81f53","2026-10-04T17:00:00Z","BAL","TEN",9,11.5,42.5
"2026-10-04T02:54:45Z","573cc0ef39631a4f6673ec843a8bedd4","2026-10-04T17:00:00Z","BUF","NE",9,7,50
"2026-10-04T02:54:45Z","164e6eb68f31bac190381903c3cccd31","2026-10-04T17:00:00Z","CHI","NYJ",9,3.5,43
"2026-10-04T02:54:45Z","2ea94ddf20f66432b9024fe2e2eaba5f","2026-10-04T17:00:00Z","CIN","JAX",9,2.5,51.5
"2026-10-04T02:54:45Z","daf55e2df5341c007fee5a0fc5bbc2d4","2026-10-04T17:00:00Z","HOU","DAL",9,3,48.5
"2026-10-04T02:54:45Z","99a9bae4dc0dc2590496bd3102b211f2","2026-10-04T17:00:00Z","TB","GB",9,-3,39
"2026-10-04T02:54:45Z","1b4f2e60ce83fa1d63a5dff83769d27c","2026-10-04T17:00:00Z","PHI","LA",9,-3.5,42.5
"2026-10-04T02:54:45Z","c327223d76a3b7b0db8c6c104442f44b","2026-10-04T20:05:00Z","MIN","MIA",9,10,38.5
"2026-10-04T02:54:45Z","a7e7efb75a9792ac63480ae6328dca18","2026-10-04T20:25:00Z","SF","DEN",9,2.5,48.5
"2026-10-04T02:54:45Z","e0cbd266dcf997089203a1b33ba0333d","2026-10-04T20:25:00Z","LV","KC",9,-4.5,48
"2026-10-04T02:54:45Z","96d2373cda647873b971f268482bced0","2026-10-04T20:25:00Z","SEA","LAC",9,7,42.5
"2026-10-04T02:54:45Z","a73a76599a4f3422803e57bd8f61b626","2026-10-05T00:20:00Z","CAR","DET",9,-3.5,51
"2026-10-04T02:54:45Z","8bd90781e17e6d97df3941063cedae1e","2026-10-06T00:15:00Z","NO","ATL",9,1.5,48
"2026-10-04T02:54:45Z","259b5df9aa0d10257f56de78523495e0","2026-10-09T00:15:00Z","DAL","TB",7,9.5,47
"2026-10-04T02:54:45Z","21b26266f3d78af02eb672e606275d95","2026-10-11T13:30:00Z","JAX","PHI",7,3,44.5
"2026-10-04T02:54:45Z","2caea57b1e5cfbba1334cfbfd46f6771","2026-10-11T17:00:00Z","GB","CHI",7,2,45
"2026-10-04T02:54:45Z","c4647ca1201e6768501877267ca8251b","2026-10-11T17:00:00Z","MIA","CIN",7,-9,46.5
"2026-10-04T02:54:45Z","cc52bba56e74f5cddbe9011046181c3d","2026-10-11T17:00:00Z","TEN","HOU",7,-6.5,38.5
"2026-10-04T02:54:45Z","6b024bad1abb54f597225e4ab9b39d89","2026-10-11T17:00:00Z","NE","LV",7,3.5,44
"2026-10-04T02:54:45Z","2cda9bf0fbe35a2735f0dd8aaafe9eff","2026-10-11T17:00:00Z","NO","MIN",7,-1.5,44.5
"2026-10-04T02:54:45Z","fbffd0b7722fd81d68d5d62472dc80e8","2026-10-11T17:00:00Z","WAS","NYG",7,2.5,43
"2026-10-04T02:54:45Z","d1d408fdfd272046fb517fe992a1c5a0","2026-10-11T20:05:00Z","LAC","DEN",7,-2,43
"2026-10-04T02:54:45Z","f8e7f43f73aa983c5c99c189587f0118","2026-10-11T20:25:00Z","ARI","DET",7,-5.5,52.5
"2026-10-04T02:54:45Z","8e5d515b10d8a5ffb324640ed60bcc55","2026-10-11T20:25:00Z","SEA","SF",7,3.5,47.5
"2026-10-04T02:54:45Z","86457f91112732f21ad4bb7d37bd291c","2026-10-12T00:20:00Z","ATL","BAL",7,-6,49.5
"2026-10-04T02:54:45Z","e6d00eedd87d367e510314bd8cab8f6f","2026-10-13T00:15:00Z","LA","BUF",7,2.5,53
"2026-10-04T12:52:03Z","c9d8ed8aa4889486eaf10a630138ede0","2026-10-04T13:30:00Z","WAS","IND",9,-5,46.5
"2026-10-04T12:52:03Z","664e6bda5721dc63be16bcf7d962a436","2026-10-04T17:00:00Z","NYG","ARI",9,-2.5,44.5
"2026-10-04T12:52:03Z","f01589b0e7e6dd4f4ac1220a1db81f53","2026-10-04T17:00:00Z","BAL","TEN",9,11.5,42.5
"2026-10-04T12:52:03Z","573cc0ef39631a4f6673ec843a8bedd4","2026-10-04T17:00:00Z","BUF","NE",9,7,49.5
"2026-10-04T12:52:03Z","164e6eb68f31bac190381903c3cccd31","2026-10-04T17:00:00Z","CHI","NYJ",9,3.5,43
"2026-10-04T12:52:03Z","2ea94ddf20f66432b9024fe2e2eaba5f","2026-10-04T17:00:00Z","CIN","JAX",9,2.5,51.5
"2026-10-04T12:52:03Z","daf55e2df5341c007fee5a0fc5bbc2d4","2026-10-04T17:00:00Z","HOU","DAL",9,3,48.5
"2026-10-04T12:52:03Z","99a9bae4dc0dc2590496bd3102b211f2","2026-10-04T17:00:00Z","TB","GB",9,-3,39
"2026-10-04T12:52:03Z","1b4f2e60ce83fa1d63a5dff83769d27c","2026-10-04T17:00:00Z","PHI","LA",9,-3.5,42.5
"2026-10-04T12:52:03Z","c327223d76a3b7b0db8c6c104442f44b","2026-10-04T20:05:00Z","MIN","MIA",9,10,38.5
"2026-10-04T12:52:03Z","a7e7efb75a9792ac63480ae6328dca18","2026-10-04T20:25:00Z","SF","DEN",9,2.5,48
"2026-10-04T12:52:03Z","e0cbd266dcf997089203a1b33ba0333d","2026-10-04T20:25:00Z","LV","KC",9,-4.5,48
"2026-10-04T12:52:03Z","96d2373cda647873b971f268482bced0","2026-10-04T20:25:00Z","SEA","LAC",9,7,42.5
"2026-10-04T12:52:03Z","a73a76599a4f3422803e57bd8f61b626","2026-10-05T00:20:00Z","CAR","DET",9,-3.5,51
"2026-10-04T12:52:03Z","8bd90781e17e6d97df3941063cedae1e","2026-10-06T00:15:00Z","NO","ATL",9,1.5,48
"2026-10-04T12:52:03Z","259b5df9aa0d10257f56de78523495e0","2026-10-09T00:15:00Z","DAL","TB",7,9.5,47
"2026-10-04T12:52:03Z","21b26266f3d78af02eb672e606275d95","2026-10-11T13:30:00Z","JAX","PHI",7,3,44.5
"2026-10-04T12:52:03Z","2caea57b1e5cfbba1334cfbfd46f6771","2026-10-11T17:00:00Z","GB","CHI",7,2,45
"2026-10-04T12:52:03Z","c4647ca1201e6768501877267ca8251b","2026-10-11T17:00:00Z","MIA","CIN",7,-9,46.5
"2026-10-04T12:52:03Z","cc52bba56e74f5cddbe9011046181c3d","2026-10-11T17:00:00Z","TEN","HOU",7,-6.5,38.5
"2026-10-04T12:52:03Z","6b024bad1abb54f597225e4ab9b39d89","2026-10-11T17:00:00Z","NE","LV",7,3.5,44
"2026-10-04T12:52:03Z","2cda9bf0fbe35a2735f0dd8aaafe9eff","2026-10-11T17:00:00Z","NO","MIN",7,-1.5,44.5
"2026-10-04T12:52:03Z","fbffd0b7722fd81d68d5d62472dc80e8","2026-10-11T17:00:00Z","WAS","NYG",4,2.5,43.5
"2026-10-04T12:52:03Z","d1d408fdfd272046fb517fe992a1c5a0","2026-10-11T20:05:00Z","LAC","DEN",7,-2,43
"2026-10-04T12:52:03Z","f8e7f43f73aa983c5c99c189587f0118","2026-10-11T20:25:00Z","ARI","DET",7,-5.5,52.5
"2026-10-04T12:52:03Z","8e5d515b10d8a5ffb324640ed60bcc55","2026-10-11T20:25:00Z","SEA","SF",7,3.5,47.5
"2026-10-04T12:52:03Z","86457f91112732f21ad4bb7d37bd291c","2026-10-12T00:20:00Z","ATL","BAL",7,-6,49.5
"2026-10-04T12:52:03Z","e6d00eedd87d367e510314bd8cab8f6f","2026-10-13T00:15:00Z","LA","BUF",7,2.5,53
"2026-10-04T16:02:42Z","c9d8ed8aa4889486eaf10a630138ede0","2026-10-04T13:32:19Z","WAS","IND",6,-10.5,45.75
"2026-10-04T16:02:42Z","664e6bda5721dc63be16bcf7d962a436","2026-10-04T17:00:00Z","NYG","ARI",9,-2.5,44
"2026-10-04T16:02:42Z","f01589b0e7e6dd4f4ac1220a1db81f53","2026-10-04T17:00:00Z","BAL","TEN",9,11.5,42.5
"2026-10-04T16:02:42Z","573cc0ef39631a4f6673ec843a8bedd4","2026-10-04T17:00:00Z","BUF","NE",9,7,49.5
"2026-10-04T16:02:42Z","164e6eb68f31bac190381903c3cccd31","2026-10-04T17:00:00Z","CHI","NYJ",9,3.5,43.5
"2026-10-04T16:02:42Z","2ea94ddf20f66432b9024fe2e2eaba5f","2026-10-04T17:00:00Z","CIN","JAX",9,2.5,52
"2026-10-04T16:02:42Z","daf55e2df5341c007fee5a0fc5bbc2d4","2026-10-04T17:00:00Z","HOU","DAL",9,3,48.5
"2026-10-04T16:02:42Z","99a9bae4dc0dc2590496bd3102b211f2","2026-10-04T17:00:00Z","TB","GB",9,-3,39
"2026-10-04T16:02:42Z","1b4f2e60ce83fa1d63a5dff83769d27c","2026-10-04T17:00:00Z","PHI","LA",9,-3.5,43
"2026-10-04T16:02:42Z","c327223d76a3b7b0db8c6c104442f44b","2026-10-04T20:05:00Z","MIN","MIA",9,10,38.5
"2026-10-04T16:02:42Z","a7e7efb75a9792ac63480ae6328dca18","2026-10-04T20:25:00Z","SF","DEN",9,3,48
"2026-10-04T16:02:42Z","e0cbd266dcf997089203a1b33ba0333d","2026-10-04T20:25:00Z","LV","KC",9,-4.5,47.5
"2026-10-04T16:02:42Z","96d2373cda647873b971f268482bced0","2026-10-04T20:25:00Z","SEA","LAC",9,7,42.5
"2026-10-04T16:02:42Z","a73a76599a4f3422803e57bd8f61b626","2026-10-05T00:20:00Z","CAR","DET",9,-3.5,51.5
"2026-10-04T16:02:42Z","8bd90781e17e6d97df3941063cedae1e","2026-10-06T00:15:00Z","NO","ATL",9,1.5,48
"2026-10-04T16:02:42Z","259b5df9aa0d10257f56de78523495e0","2026-10-09T00:15:00Z","DAL","TB",4,9.5,47
"2026-10-04T16:02:42Z","21b26266f3d78af02eb672e606275d95","2026-10-11T13:30:00Z","JAX","PHI",4,3,44.5
"2026-10-04T16:02:42Z","2caea57b1e5cfbba1334cfbfd46f6771","2026-10-11T17:00:00Z","GB","CHI",4,2.5,45.5
"2026-10-04T16:02:42Z","c4647ca1201e6768501877267ca8251b","2026-10-11T17:00:00Z","MIA","CIN",4,-8.5,46.5
"2026-10-04T16:02:42Z","cc52bba56e74f5cddbe9011046181c3d","2026-10-11T17:00:00Z","TEN","HOU",4,-6.5,39
"2026-10-04T16:02:42Z","6b024bad1abb54f597225e4ab9b39d89","2026-10-11T17:00:00Z","NE","LV",4,3.5,44
"2026-10-04T16:02:42Z","2cda9bf0fbe35a2735f0dd8aaafe9eff","2026-10-11T17:00:00Z","NO","MIN",4,-2,45.25
"2026-10-04T16:02:42Z","d1d408fdfd272046fb517fe992a1c5a0","2026-10-11T20:05:00Z","LAC","DEN",4,-2.5,43.5
"2026-10-04T16:02:42Z","f8e7f43f73aa983c5c99c189587f0118","2026-10-11T20:25:00Z","ARI","DET",4,-5.5,52.25
"2026-10-04T16:02:42Z","8e5d515b10d8a5ffb324640ed60bcc55","2026-10-11T20:25:00Z","SEA","SF",4,3.5,47.5
"2026-10-04T16:02:42Z","86457f91112732f21ad4bb7d37bd291c","2026-10-12T00:20:00Z","ATL","BAL",4,-6,49.5
"2026-10-04T16:02:42Z","e6d00eedd87d367e510314bd8cab8f6f","2026-10-13T00:15:00Z","LA","BUF",4,2.5,52.75
"2026-10-04T16:36:02Z","c9d8ed8aa4889486eaf10a630138ede0","2026-10-04T13:32:19Z","WAS","IND",4,-16.5,43.5
"2026-10-04T16:36:02Z","664e6bda5721dc63be16bcf7d962a436","2026-10-04T17:00:00Z","NYG","ARI",9,-2.5,44.5
"2026-10-04T16:36:02Z","f01589b0e7e6dd4f4ac1220a1db81f53","2026-10-04T17:00:00Z","BAL","TEN",9,11.5,42.5
"2026-10-04T16:36:02Z","573cc0ef39631a4f6673ec843a8bedd4","2026-10-04T17:00:00Z","BUF","NE",9,7,49.5
"2026-10-04T16:36:02Z","164e6eb68f31bac190381903c3cccd31","2026-10-04T17:00:00Z","CHI","NYJ",9,3.5,43.5
"2026-10-04T16:36:02Z","2ea94ddf20f66432b9024fe2e2eaba5f","2026-10-04T17:00:00Z","CIN","JAX",9,2.5,52
"2026-10-04T16:36:02Z","daf55e2df5341c007fee5a0fc5bbc2d4","2026-10-04T17:00:00Z","HOU","DAL",9,3,48.5
"2026-10-04T16:36:02Z","99a9bae4dc0dc2590496bd3102b211f2","2026-10-04T17:00:00Z","TB","GB",9,-3,39
"2026-10-04T16:36:02Z","1b4f2e60ce83fa1d63a5dff83769d27c","2026-10-04T17:00:00Z","PHI","LA",9,-3.5,43
"2026-10-04T16:36:02Z","c327223d76a3b7b0db8c6c104442f44b","2026-10-04T20:05:00Z","MIN","MIA",9,10,38.5
"2026-10-04T16:36:02Z","a7e7efb75a9792ac63480ae6328dca18","2026-10-04T20:25:00Z","SF","DEN",9,3,48
"2026-10-04T16:36:02Z","e0cbd266dcf997089203a1b33ba0333d","2026-10-04T20:25:00Z","LV","KC",9,-4.5,47.5
"2026-10-04T16:36:02Z","96d2373cda647873b971f268482bced0","2026-10-04T20:25:00Z","SEA","LAC",9,7,42.5
"2026-10-04T16:36:02Z","a73a76599a4f3422803e57bd8f61b626","2026-10-05T00:20:00Z","CAR","DET",9,-3.5,51.5
"2026-10-04T16:36:02Z","8bd90781e17e6d97df3941063cedae1e","2026-10-06T00:15:00Z","NO","ATL",9,1.5,48
"2026-10-04T16:36:02Z","259b5df9aa0d10257f56de78523495e0","2026-10-09T00:15:00Z","DAL","TB",4,9.5,47
"2026-10-04T16:36:02Z","21b26266f3d78af02eb672e606275d95","2026-10-11T13:30:00Z","JAX","PHI",4,3,44.5
"2026-10-04T16:36:02Z","2caea57b1e5cfbba1334cfbfd46f6771","2026-10-11T17:00:00Z","GB","CHI",4,2.5,45.5
"2026-10-04T16:36:02Z","c4647ca1201e6768501877267ca8251b","2026-10-11T17:00:00Z","MIA","CIN",4,-8.5,46.5
"2026-10-04T16:36:02Z","cc52bba56e74f5cddbe9011046181c3d","2026-10-11T17:00:00Z","TEN","HOU",4,-6.5,39
"2026-10-04T16:36:02Z","6b024bad1abb54f597225e4ab9b39d89","2026-10-11T17:00:00Z","NE","LV",4,3.5,44
"2026-10-04T16:36:02Z","2cda9bf0fbe35a2735f0dd8aaafe9eff","2026-10-11T17:00:00Z","NO","MIN",4,-2,45.25
"2026-10-04T16:36:02Z","d1d408fdfd272046fb517fe992a1c5a0","2026-10-11T20:05:00Z","LAC","DEN",4,-2.5,43.5
"2026-10-04T16:36:02Z","f8e7f43f73aa983c5c99c189587f0118","2026-10-11T20:25:00Z","ARI","DET",4,-5.5,52.25
"2026-10-04T16:36:02Z","8e5d515b10d8a5ffb324640ed60bcc55","2026-10-11T20:25:00Z","SEA","SF",4,3.5,47.5
"2026-10-04T16:36:02Z","86457f91112732f21ad4bb7d37bd291c","2026-10-12T00:20:00Z","ATL","BAL",4,-6,49.5
"2026-10-04T16:36:02Z","e6d00eedd87d367e510314bd8cab8f6f","2026-10-13T00:15:00Z","LA","BUF",4,2.5,52.75
"2026-10-04T18:48:26Z","164e6eb68f31bac190381903c3cccd31","2026-10-04T17:02:29Z","CHI","NYJ",6,10.5,33.5
"2026-10-04T18:48:26Z","f01589b0e7e6dd4f4ac1220a1db81f53","2026-10-04T17:02:31Z","BAL","TEN",6,22.5,51.5
"2026-10-04T18:48:26Z","573cc0ef39631a4f6673ec843a8bedd4","2026-10-04T17:02:33Z","BUF","NE",6,3.5,55.5
"2026-10-04T18:48:26Z","99a9bae4dc0dc2590496bd3102b211f2","2026-10-04T17:02:33Z","TB","GB",6,-7.5,40.5
"2026-10-04T18:48:26Z","664e6bda5721dc63be16bcf7d962a436","2026-10-04T17:02:35Z","NYG","ARI",5,2.5,57
"2026-10-04T18:48:26Z","2ea94ddf20f66432b9024fe2e2eaba5f","2026-10-04T17:02:35Z","CIN","JAX",6,-5.5,41.5
"2026-10-04T18:48:26Z","1b4f2e60ce83fa1d63a5dff83769d27c","2026-10-04T17:02:38Z","PHI","LA",6,5,50.5
"2026-10-04T18:48:26Z","daf55e2df5341c007fee5a0fc5bbc2d4","2026-10-04T17:02:51Z","HOU","DAL",6,3.5,51.5
"2026-10-04T18:48:26Z","c327223d76a3b7b0db8c6c104442f44b","2026-10-04T20:05:00Z","MIN","MIA",9,10,38.5
"2026-10-04T18:48:26Z","a7e7efb75a9792ac63480ae6328dca18","2026-10-04T20:25:00Z","SF","DEN",9,3,48
"2026-10-04T18:48:26Z","e0cbd266dcf997089203a1b33ba0333d","2026-10-04T20:25:00Z","LV","KC",9,-4.5,47.5
"2026-10-04T18:48:26Z","96d2373cda647873b971f268482bced0","2026-10-04T20:25:00Z","SEA","LAC",9,7,42.5
"2026-10-04T18:48:26Z","a73a76599a4f3422803e57bd8f61b626","2026-10-05T00:20:00Z","CAR","DET",9,-3.5,51.5
"2026-10-04T18:48:26Z","8bd90781e17e6d97df3941063cedae1e","2026-10-06T00:15:00Z","NO","ATL",9,1.5,48
"2026-10-04T19:46:26Z","164e6eb68f31bac190381903c3cccd31","2026-10-04T17:02:29Z","CHI","NYJ",4,11.5,37.5
"2026-10-04T19:46:26Z","f01589b0e7e6dd4f4ac1220a1db81f53","2026-10-04T17:02:31Z","BAL","TEN",6,14.5,40.5
"2026-10-04T19:46:26Z","573cc0ef39631a4f6673ec843a8bedd4","2026-10-04T17:02:33Z","BUF","NE",6,1.5,47.5
"2026-10-04T19:46:26Z","99a9bae4dc0dc2590496bd3102b211f2","2026-10-04T17:02:33Z","TB","GB",3,-2.5,34.5
"2026-10-04T19:46:26Z","664e6bda5721dc63be16bcf7d962a436","2026-10-04T17:02:35Z","NYG","ARI",5,2.5,57.5
"2026-10-04T19:46:26Z","2ea94ddf20f66432b9024fe2e2eaba5f","2026-10-04T17:02:35Z","CIN","JAX",5,-11.5,38.5
"2026-10-04T19:46:26Z","1b4f2e60ce83fa1d63a5dff83769d27c","2026-10-04T17:02:38Z","PHI","LA",6,7.5,36.5
"2026-10-04T19:46:26Z","daf55e2df5341c007fee5a0fc5bbc2d4","2026-10-04T17:02:51Z","HOU","DAL",5,-3.5,56.5
"2026-10-04T19:46:26Z","c327223d76a3b7b0db8c6c104442f44b","2026-10-04T20:10:00Z","MIN","MIA",8,10,38.25
"2026-10-04T19:46:26Z","a7e7efb75a9792ac63480ae6328dca18","2026-10-04T20:25:00Z","SF","DEN",8,3,48.25
"2026-10-04T19:46:26Z","e0cbd266dcf997089203a1b33ba0333d","2026-10-04T20:25:00Z","LV","KC",8,-4.5,47.5
"2026-10-04T19:46:26Z","96d2373cda647873b971f268482bced0","2026-10-04T20:25:00Z","SEA","LAC",8,7,42.75
"2026-10-04T19:46:26Z","a73a76599a4f3422803e57bd8f61b626","2026-10-05T00:20:00Z","CAR","DET",8,-3.5,51.75
"2026-10-04T19:46:26Z","8bd90781e17e6d97df3941063cedae1e","2026-10-06T00:15:00Z","NO","ATL",8,1.5,47.75
"2026-10-04T22:16:32Z","c327223d76a3b7b0db8c6c104442f44b","2026-10-04T20:05:42Z","MIN","MIA",6,9.5,25.5
"2026-10-04T22:16:32Z","e0cbd266dcf997089203a1b33ba0333d","2026-10-04T20:25:14Z","LV","KC",6,-2.75,42.5
"2026-10-04T22:16:32Z","96d2373cda647873b971f268482bced0","2026-10-04T20:25:39Z","SEA","LAC",6,17.5,46.25
"2026-10-04T22:16:32Z","a7e7efb75a9792ac63480ae6328dca18","2026-10-04T20:25:55Z","SF","DEN",6,2.5,28.5
"2026-10-04T22:16:32Z","a73a76599a4f3422803e57bd8f61b626","2026-10-05T00:20:00Z","CAR","DET",8,-3.5,51.5
"2026-10-04T22:16:32Z","8bd90781e17e6d97df3941063cedae1e","2026-10-06T00:15:00Z","NO","ATL",8,1.5,47.75
"2026-10-04T22:16:32Z","259b5df9aa0d10257f56de78523495e0","2026-10-09T00:15:00Z","DAL","TB",3,9.5,46.5
"2026-10-04T22:16:32Z","21b26266f3d78af02eb672e606275d95","2026-10-11T13:30:00Z","JAX","PHI",3,3.5,43.5
"2026-10-04T22:16:32Z","2caea57b1e5cfbba1334cfbfd46f6771","2026-10-11T17:00:00Z","GB","CHI",3,1,43.5
"2026-10-05T02:02:55Z","a73a76599a4f3422803e57bd8f61b626","2026-10-05T00:23:55Z","CAR","DET",6,-2.5,59.5
"2026-10-05T02:02:55Z","8bd90781e17e6d97df3941063cedae1e","2026-10-06T00:15:00Z","NO","ATL",8,1.5,47.75
"2026-10-05T02:02:55Z","259b5df9aa0d10257f56de78523495e0","2026-10-09T00:15:00Z","DAL","TB",7,9.5,47.5
"2026-10-05T02:02:55Z","21b26266f3d78af02eb672e606275d95","2026-10-11T13:30:00Z","JAX","PHI",8,4.5,43.5
"2026-10-05T02:02:55Z","2caea57b1e5cfbba1334cfbfd46f6771","2026-10-11T17:00:00Z","GB","CHI",5,-1,44
"2026-10-05T02:02:55Z","c4647ca1201e6768501877267ca8251b","2026-10-11T17:00:00Z","MIA","CIN",7,-7.5,42.5
"2026-10-05T02:02:55Z","9db4ed15fe34fca1fb62f040cd244591","2026-10-11T17:00:00Z","NYJ","CLE",8,2,40
"2026-10-05T02:02:55Z","cc52bba56e74f5cddbe9011046181c3d","2026-10-11T17:00:00Z","TEN","HOU",7,-6.5,39.5
"2026-10-05T02:02:55Z","448d7cf18c6db4c811ed82ded1b72867","2026-10-11T17:00:00Z","PIT","IND",8,2.5,43.75
"2026-10-05T02:02:55Z","6b024bad1abb54f597225e4ab9b39d89","2026-10-11T17:00:00Z","NE","LV",8,3.5,45.5
"2026-10-05T02:02:55Z","2cda9bf0fbe35a2735f0dd8aaafe9eff","2026-10-11T17:00:00Z","NO","MIN",7,-1.5,42.5
"2026-10-05T02:02:55Z","fbffd0b7722fd81d68d5d62472dc80e8","2026-10-11T17:00:00Z","WAS","NYG",7,3,44
"2026-10-05T02:02:55Z","d1d408fdfd272046fb517fe992a1c5a0","2026-10-11T20:05:00Z","LAC","DEN",5,-3.5,42.75
"2026-10-05T02:02:55Z","8e5d515b10d8a5ffb324640ed60bcc55","2026-10-11T20:25:00Z","SEA","SF",7,3,46.5
"2026-10-05T02:02:55Z","86457f91112732f21ad4bb7d37bd291c","2026-10-12T00:20:00Z","ATL","BAL",5,-4,47
"2026-10-05T02:02:55Z","e6d00eedd87d367e510314bd8cab8f6f","2026-10-13T00:15:00Z","LA","BUF",7,2.5,53.5
"2026-10-06T02:45:31Z","8bd90781e17e6d97df3941063cedae1e","2026-10-06T00:17:17Z","NO","ATL",6,-17.5,54.5
"2026-10-06T02:45:31Z","259b5df9aa0d10257f56de78523495e0","2026-10-09T00:15:00Z","DAL","TB",9,8.5,47.5
"2026-10-06T02:45:31Z","21b26266f3d78af02eb672e606275d95","2026-10-11T13:30:00Z","JAX","PHI",9,7,43
"2026-10-06T02:45:31Z","2caea57b1e5cfbba1334cfbfd46f6771","2026-10-11T17:00:00Z","GB","CHI",9,-3,45
"2026-10-06T02:45:31Z","c4647ca1201e6768501877267ca8251b","2026-10-11T17:00:00Z","MIA","CIN",9,-7,42
"2026-10-06T02:45:31Z","9db4ed15fe34fca1fb62f040cd244591","2026-10-11T17:00:00Z","NYJ","CLE",9,2,40
"2026-10-06T02:45:31Z","cc52bba56e74f5cddbe9011046181c3d","2026-10-11T17:00:00Z","TEN","HOU",9,-7,39.5
"2026-10-06T02:45:31Z","448d7cf18c6db4c811ed82ded1b72867","2026-10-11T17:00:00Z","PIT","IND",9,2.5,44.5
"2026-10-06T02:45:31Z","6b024bad1abb54f597225e4ab9b39d89","2026-10-11T17:00:00Z","NE","LV",9,3.5,45
"2026-10-06T02:45:31Z","fbffd0b7722fd81d68d5d62472dc80e8","2026-10-11T17:00:00Z","WAS","NYG",9,3.5,43.5
"2026-10-06T02:45:31Z","d1d408fdfd272046fb517fe992a1c5a0","2026-10-11T20:05:00Z","LAC","DEN",9,-3.5,42.5
"2026-10-06T02:45:31Z","f8e7f43f73aa983c5c99c189587f0118","2026-10-11T20:25:00Z","ARI","DET",9,-4.5,54.5
"2026-10-06T02:45:31Z","8e5d515b10d8a5ffb324640ed60bcc55","2026-10-11T20:25:00Z","SEA","SF",9,3,47
"2026-10-06T02:45:31Z","e6d00eedd87d367e510314bd8cab8f6f","2026-10-13T00:15:00Z","LA","BUF",9,3,54.5
"2026-10-06T18:07:51Z","259b5df9aa0d10257f56de78523495e0","2026-10-09T00:15:00Z","DAL","TB",9,8,47.5
"2026-10-06T18:07:51Z","21b26266f3d78af02eb672e606275d95","2026-10-11T13:30:00Z","JAX","PHI",9,7,42.5
"2026-10-06T18:07:51Z","2caea57b1e5cfbba1334cfbfd46f6771","2026-10-11T17:00:00Z","GB","CHI",9,-3,45.5
"2026-10-06T18:07:51Z","c4647ca1201e6768501877267ca8251b","2026-10-11T17:00:00Z","MIA","CIN",9,-7,42.5
"2026-10-06T18:07:51Z","9db4ed15fe34fca1fb62f040cd244591","2026-10-11T17:00:00Z","NYJ","CLE",9,2,40
"2026-10-06T18:07:51Z","cc52bba56e74f5cddbe9011046181c3d","2026-10-11T17:00:00Z","TEN","HOU",9,-7,38.5
"2026-10-06T18:07:51Z","448d7cf18c6db4c811ed82ded1b72867","2026-10-11T17:00:00Z","PIT","IND",9,2.5,44.5
"2026-10-06T18:07:51Z","6b024bad1abb54f597225e4ab9b39d89","2026-10-11T17:00:00Z","NE","LV",9,3.5,45
"2026-10-06T18:07:51Z","2cda9bf0fbe35a2735f0dd8aaafe9eff","2026-10-11T17:00:00Z","NO","MIN",9,-2,42
"2026-10-06T18:07:51Z","fbffd0b7722fd81d68d5d62472dc80e8","2026-10-11T17:00:00Z","WAS","NYG",9,3.5,43.5
"2026-10-06T18:07:51Z","d1d408fdfd272046fb517fe992a1c5a0","2026-10-11T20:05:00Z","LAC","DEN",9,-3.5,42
"2026-10-06T18:07:51Z","f8e7f43f73aa983c5c99c189587f0118","2026-10-11T20:25:00Z","ARI","DET",9,-5,54.5
"2026-10-06T18:07:51Z","8e5d515b10d8a5ffb324640ed60bcc55","2026-10-11T20:25:00Z","SEA","SF",9,3,47
"2026-10-06T18:07:51Z","86457f91112732f21ad4bb7d37bd291c","2026-10-12T00:20:00Z","ATL","BAL",9,3,43.5
"2026-10-06T18:07:51Z","e6d00eedd87d367e510314bd8cab8f6f","2026-10-13T00:15:00Z","LA","BUF",9,3,54.5
"2026-10-06T18:15:31Z","259b5df9aa0d10257f56de78523495e0","2026-10-09T00:15:00Z","DAL","TB",9,8,47.5
"2026-10-06T18:15:31Z","21b26266f3d78af02eb672e606275d95","2026-10-11T13:30:00Z","JAX","PHI",9,7,42.5
"2026-10-06T18:15:31Z","2caea57b1e5cfbba1334cfbfd46f6771","2026-10-11T17:00:00Z","GB","CHI",9,-3,45.5
"2026-10-06T18:15:31Z","c4647ca1201e6768501877267ca8251b","2026-10-11T17:00:00Z","MIA","CIN",9,-7,42.5
"2026-10-06T18:15:31Z","9db4ed15fe34fca1fb62f040cd244591","2026-10-11T17:00:00Z","NYJ","CLE",9,2,40
"2026-10-06T18:15:31Z","cc52bba56e74f5cddbe9011046181c3d","2026-10-11T17:00:00Z","TEN","HOU",9,-7,38.5
"2026-10-06T18:15:31Z","448d7cf18c6db4c811ed82ded1b72867","2026-10-11T17:00:00Z","PIT","IND",9,2.5,44.5
"2026-10-06T18:15:31Z","6b024bad1abb54f597225e4ab9b39d89","2026-10-11T17:00:00Z","NE","LV",9,3.5,45
"2026-10-06T18:15:31Z","2cda9bf0fbe35a2735f0dd8aaafe9eff","2026-10-11T17:00:00Z","NO","MIN",9,-2,42
"2026-10-06T18:15:31Z","fbffd0b7722fd81d68d5d62472dc80e8","2026-10-11T17:00:00Z","WAS","NYG",9,3.5,43.5
"2026-10-06T18:15:31Z","d1d408fdfd272046fb517fe992a1c5a0","2026-10-11T20:05:00Z","LAC","DEN",9,-3.5,42
"2026-10-06T18:15:31Z","f8e7f43f73aa983c5c99c189587f0118","2026-10-11T20:25:00Z","ARI","DET",9,-5,54.5
"2026-10-06T18:15:31Z","8e5d515b10d8a5ffb324640ed60bcc55","2026-10-11T20:25:00Z","SEA","SF",9,3,47
"2026-10-06T18:15:31Z","86457f91112732f21ad4bb7d37bd291c","2026-10-12T00:20:00Z","ATL","BAL",9,3.5,43.5
"2026-10-06T18:15:31Z","e6d00eedd87d367e510314bd8cab8f6f","2026-10-13T00:15:00Z","LA","BUF",9,3,54.5
"2026-10-06T19:18:15Z","259b5df9aa0d10257f56de78523495e0","2026-10-09T00:15:00Z","DAL","TB",9,8,47.5
"2026-10-06T19:18:15Z","21b26266f3d78af02eb672e606275d95","2026-10-11T13:30:00Z","JAX","PHI",9,7,42.5
"2026-10-06T19:18:15Z","2caea57b1e5cfbba1334cfbfd46f6771","2026-10-11T17:00:00Z","GB","CHI",9,-3,45.5
"2026-10-06T19:18:15Z","c4647ca1201e6768501877267ca8251b","2026-10-11T17:00:00Z","MIA","CIN",9,-7,42.5
"2026-10-06T19:18:15Z","9db4ed15fe34fca1fb62f040cd244591","2026-10-11T17:00:00Z","NYJ","CLE",9,2,40
"2026-10-06T19:18:15Z","cc52bba56e74f5cddbe9011046181c3d","2026-10-11T17:00:00Z","TEN","HOU",9,-7,38.5
"2026-10-06T19:18:15Z","448d7cf18c6db4c811ed82ded1b72867","2026-10-11T17:00:00Z","PIT","IND",9,2.5,44.5
"2026-10-06T19:18:15Z","6b024bad1abb54f597225e4ab9b39d89","2026-10-11T17:00:00Z","NE","LV",9,3.5,45
"2026-10-06T19:18:15Z","2cda9bf0fbe35a2735f0dd8aaafe9eff","2026-10-11T17:00:00Z","NO","MIN",9,-2,42
"2026-10-06T19:18:15Z","fbffd0b7722fd81d68d5d62472dc80e8","2026-10-11T17:00:00Z","WAS","NYG",9,3.5,43.5
"2026-10-06T19:18:15Z","d1d408fdfd272046fb517fe992a1c5a0","2026-10-11T20:05:00Z","LAC","DEN",9,-3.5,42
"2026-10-06T19:18:15Z","f8e7f43f73aa983c5c99c189587f0118","2026-10-11T20:25:00Z","ARI","DET",9,-5,54.5
"2026-10-06T19:18:15Z","8e5d515b10d8a5ffb324640ed60bcc55","2026-10-11T20:25:00Z","SEA","SF",9,3,47
"2026-10-06T19:18:15Z","86457f91112732f21ad4bb7d37bd291c","2026-10-12T00:20:00Z","ATL","BAL",9,3.5,43.5
"2026-10-06T19:18:15Z","e6d00eedd87d367e510314bd8cab8f6f","2026-10-13T00:15:00Z","LA","BUF",9,3,54.5
"2026-10-06T23:03:39Z","259b5df9aa0d10257f56de78523495e0","2026-10-09T00:15:00Z","DAL","TB",9,8,47.5
"2026-10-06T23:03:39Z","21b26266f3d78af02eb672e606275d95","2026-10-11T13:30:00Z","JAX","PHI",9,7.5,42
"2026-10-06T23:03:39Z","2caea57b1e5cfbba1334cfbfd46f6771","2026-10-11T17:00:00Z","GB","CHI",9,-3,45.5
"2026-10-06T23:03:39Z","c4647ca1201e6768501877267ca8251b","2026-10-11T17:00:00Z","MIA","CIN",9,-7,42.5
"2026-10-06T23:03:39Z","9db4ed15fe34fca1fb62f040cd244591","2026-10-11T17:00:00Z","NYJ","CLE",9,2,40
"2026-10-06T23:03:39Z","cc52bba56e74f5cddbe9011046181c3d","2026-10-11T17:00:00Z","TEN","HOU",9,-7.5,37.5
"2026-10-06T23:03:39Z","448d7cf18c6db4c811ed82ded1b72867","2026-10-11T17:00:00Z","PIT","IND",9,2.5,44.5
"2026-10-06T23:03:39Z","6b024bad1abb54f597225e4ab9b39d89","2026-10-11T17:00:00Z","NE","LV",9,3.5,45
"2026-10-06T23:03:39Z","2cda9bf0fbe35a2735f0dd8aaafe9eff","2026-10-11T17:00:00Z","NO","MIN",9,-2,42
"2026-10-06T23:03:39Z","fbffd0b7722fd81d68d5d62472dc80e8","2026-10-11T17:00:00Z","WAS","NYG",9,3.5,43.5
"2026-10-06T23:03:39Z","d1d408fdfd272046fb517fe992a1c5a0","2026-10-11T20:05:00Z","LAC","DEN",9,-3.5,42
"2026-10-06T23:03:39Z","f8e7f43f73aa983c5c99c189587f0118","2026-10-11T20:25:00Z","ARI","DET",9,-5,54.5
"2026-10-06T23:03:39Z","8e5d515b10d8a5ffb324640ed60bcc55","2026-10-11T20:25:00Z","SEA","SF",9,3,46.5
"2026-10-06T23:03:39Z","86457f91112732f21ad4bb7d37bd291c","2026-10-12T00:20:00Z","ATL","BAL",9,3.5,43.5
"2026-10-06T23:03:39Z","e6d00eedd87d367e510314bd8cab8f6f","2026-10-13T00:15:00Z","LA","BUF",9,3,54.5
"2026-10-06T23:03:39Z","855f58fad5f0f14b239f4f63df27998b","2026-10-16T00:15:00Z","DEN","SEA",5,-2,42
"2026-10-06T23:03:39Z","57418b2cf5aca558b3c98eafac1e264a","2026-10-18T13:30:00Z","JAX","HOU",5,3,43
"2026-10-06T23:03:39Z","7c312fdf24fb35f58b0e07c2932cc997","2026-10-18T17:00:00Z","ATL","CHI",5,-1.5,47
"2026-10-06T23:03:39Z","e86227938fd3cf008fc5648fb5128344","2026-10-18T17:00:00Z","CLE","BAL",5,-2.5,40
"2026-10-06T23:03:39Z","caca2d752fe1a1779029082e95332fcc","2026-10-18T17:00:00Z","PHI","CAR",5,2,42.5
"2026-10-06T23:03:39Z","84aa9e190e625d7e9cd67e1f157a45b4","2026-10-18T17:00:00Z","IND","TEN",5,6.5,43.5
"2026-10-06T23:03:39Z","0b0b582b32b09ab6ff6664ffae0c9653","2026-10-18T17:00:00Z","NE","NYJ",5,7,42.5
"2026-10-06T23:03:39Z","1cf74afd313e9fd300e1462012b174cb","2026-10-18T17:00:00Z","NYG","NO",5,-1.5,44.5
"2026-10-06T23:03:39Z","27f3994841ce8081c0b7349cf3d1e3d7","2026-10-18T17:00:00Z","TB","PIT",5,-2.5,39
"2026-10-06T23:03:39Z","3729ac6d2a66b642850caf2044cdc658","2026-10-18T20:05:00Z","LA","ARI",5,10.5,50.5
"2026-10-06T23:03:39Z","45b2690b350ed45145c7a716b18e8e66","2026-10-18T20:25:00Z","LV","BUF",5,-4.5,51
"2026-10-06T23:03:39Z","20fefae8c296247460ba5773caa42218","2026-10-18T20:25:00Z","KC","LAC",5,7.5,44.5
"2026-10-06T23:03:39Z","82fd5a159fa130e67abab93a9537f70b","2026-10-19T00:20:00Z","GB","DAL",5,-2,51.5
"2026-10-06T23:03:39Z","f122527f003276d3bca19efa48c902c1","2026-10-20T00:15:00Z","SF","WAS",5,7.5,49.5
