"model","season","week","system","team","time","kind","proj","implied"
"dst",2026,3,"espn","KC","2026-09-24T06:39:31Z","weekly",9.16431370693747,NA
"dst",2026,3,"espn","SEA","2026-09-24T06:39:31Z","weekly",9.07120417358725,NA
"dst",2026,3,"espn","MIN","2026-09-24T06:39:31Z","weekly",7.94351324914877,NA
"dst",2026,3,"espn","NO","2026-09-24T06:39:31Z","weekly",7.90820582058907,NA
"dst",2026,3,"espn","CAR","2026-09-24T06:39:31Z","weekly",7.78554861098073,NA
"dst",2026,3,"espn","JAX","2026-09-24T06:39:31Z","weekly",7.76824798572023,NA
"dst",2026,3,"espn","GB","2026-09-24T06:39:31Z","weekly",7.71411515677921,NA
"dst",2026,3,"espn","SF","2026-09-24T06:39:31Z","weekly",7.56440136463783,NA
"dst",2026,3,"espn","NYG","2026-09-24T06:39:31Z","weekly",7.33304242860352,NA
"dst",2026,3,"espn","HOU","2026-09-24T06:39:31Z","weekly",7.53329648474307,NA
"dst",2026,3,"espn","BUF","2026-09-24T06:39:31Z","weekly",6.57534775218372,NA
"dst",2026,3,"espn","TB","2026-09-24T06:39:31Z","weekly",6.68012754973837,NA
"dst",2026,3,"espn","TEN","2026-09-24T06:39:31Z","weekly",6.17340739028411,NA
"dst",2026,3,"espn","DET","2026-09-24T06:39:31Z","weekly",6.44120023887456,NA
"dst",2026,3,"espn","PHI","2026-09-24T06:39:31Z","weekly",6.34634500453104,NA
"dst",2026,3,"espn","CHI","2026-09-24T06:39:31Z","weekly",6.33528555395695,NA
"dst",2026,3,"espn","PIT","2026-09-24T06:39:31Z","weekly",6.24239726982729,NA
"dst",2026,3,"espn","LV","2026-09-24T06:39:31Z","weekly",6.07869662998561,NA
"dst",2026,3,"espn","CIN","2026-09-24T06:39:31Z","weekly",6.01251293825233,NA
"dst",2026,3,"espn","LA","2026-09-24T06:39:31Z","weekly",5.96210242560596,NA
"dst",2026,3,"espn","CLE","2026-09-24T06:39:31Z","weekly",5.54757103493769,NA
"dst",2026,3,"espn","ATL","2026-09-24T06:39:31Z","weekly",5.463599591678,NA
"dst",2026,3,"espn","NE","2026-09-24T06:39:31Z","weekly",5.44200078693977,NA
"dst",2026,3,"espn","IND","2026-09-24T06:39:31Z","weekly",4.7935225129514,NA
"dst",2026,3,"espn","WAS","2026-09-24T06:39:31Z","weekly",4.59223616502181,NA
"dst",2026,3,"espn","DEN","2026-09-24T06:39:31Z","weekly",4.25630258813103,NA
"dst",2026,3,"espn","BAL","2026-09-24T06:39:31Z","weekly",3.66556129780172,NA
"dst",2026,3,"espn","NYJ","2026-09-24T06:39:31Z","weekly",3.32960588689138,NA
"dst",2026,3,"espn","LAC","2026-09-24T06:39:31Z","weekly",2.1240567115602,NA
"dst",2026,3,"espn","ARI","2026-09-24T06:39:31Z","weekly",2.00284212846485,NA
"dst",2026,3,"espn","MIA","2026-09-24T06:39:31Z","weekly",1.70634693049773,NA
"dst",2026,3,"espn","DAL","2026-09-24T06:39:31Z","weekly",1.6882661297509,NA
"dst",2026,3,"yahoo","KC","2026-09-24T06:39:31Z","weekly",9.27770726893559,NA
"dst",2026,3,"yahoo","SEA","2026-09-24T06:39:31Z","weekly",8.8022612938779,NA
"dst",2026,3,"yahoo","MIN","2026-09-24T06:39:31Z","weekly",8.47457671105874,NA
"dst",2026,3,"yahoo","JAX","2026-09-24T06:39:31Z","weekly",8.37510535362972,NA
"dst",2026,3,"yahoo","NO","2026-09-24T06:39:31Z","weekly",8.10928418884997,NA
"dst",2026,3,"yahoo","CAR","2026-09-24T06:39:31Z","weekly",8.05296735358634,NA
"dst",2026,3,"yahoo","SF","2026-09-24T06:39:31Z","weekly",7.88111564936224,NA
"dst",2026,3,"yahoo","GB","2026-09-24T06:39:31Z","weekly",7.84565202913022,NA
"dst",2026,3,"yahoo","HOU","2026-09-24T06:39:31Z","weekly",7.9349151732596,NA
"dst",2026,3,"yahoo","BUF","2026-09-24T06:39:31Z","weekly",7.48925012259067,NA
"dst",2026,3,"yahoo","DET","2026-09-24T06:39:31Z","weekly",7.36332752931047,NA
"dst",2026,3,"yahoo","NYG","2026-09-24T06:39:31Z","weekly",7.34212419802788,NA
"dst",2026,3,"yahoo","CHI","2026-09-24T06:39:31Z","weekly",7.12301678691015,NA
"dst",2026,3,"yahoo","TB","2026-09-24T06:39:31Z","weekly",7.05017051208931,NA
"dst",2026,3,"yahoo","LV","2026-09-24T06:39:31Z","weekly",6.97098529057174,NA
"dst",2026,3,"yahoo","PIT","2026-09-24T06:39:31Z","weekly",6.93964917349478,NA
"dst",2026,3,"yahoo","TEN","2026-09-24T06:39:31Z","weekly",6.52207406175939,NA
"dst",2026,3,"yahoo","PHI","2026-09-24T06:39:31Z","weekly",6.44898732029121,NA
"dst",2026,3,"yahoo","LA","2026-09-24T06:39:31Z","weekly",6.47290239921764,NA
"dst",2026,3,"yahoo","NE","2026-09-24T06:39:31Z","weekly",6.45927865710135,NA
"dst",2026,3,"yahoo","CIN","2026-09-24T06:39:31Z","weekly",6.33410496096473,NA
"dst",2026,3,"yahoo","ATL","2026-09-24T06:39:31Z","weekly",6.33052522500026,NA
"dst",2026,3,"yahoo","IND","2026-09-24T06:39:31Z","weekly",6.11993834912136,NA
"dst",2026,3,"yahoo","CLE","2026-09-24T06:39:31Z","weekly",6.22823838998261,NA
"dst",2026,3,"yahoo","DEN","2026-09-24T06:39:31Z","weekly",5.51552217224072,NA
"dst",2026,3,"yahoo","WAS","2026-09-24T06:39:31Z","weekly",5.32620868346064,NA
"dst",2026,3,"yahoo","BAL","2026-09-24T06:39:31Z","weekly",5.19283890397475,NA
"dst",2026,3,"yahoo","NYJ","2026-09-24T06:39:31Z","weekly",4.76324051677828,NA
"dst",2026,3,"yahoo","LAC","2026-09-24T06:39:31Z","weekly",4.04448083837724,NA
"dst",2026,3,"yahoo","ARI","2026-09-24T06:39:31Z","weekly",3.72326281239396,NA
"dst",2026,3,"yahoo","DAL","2026-09-24T06:39:31Z","weekly",3.6230317127523,NA
"dst",2026,3,"yahoo","MIA","2026-09-24T06:39:31Z","weekly",3.3755006439275,NA
"dst",2026,3,"ffpc","KC","2026-09-24T06:39:31Z","weekly",10.5209028054875,NA
"dst",2026,3,"ffpc","SEA","2026-09-24T06:39:31Z","weekly",9.90615088736086,NA
"dst",2026,3,"ffpc","CAR","2026-09-24T06:39:31Z","weekly",9.58465350764416,NA
"dst",2026,3,"ffpc","MIN","2026-09-24T06:39:31Z","weekly",9.3209943911524,NA
"dst",2026,3,"ffpc","NO","2026-09-24T06:39:31Z","weekly",9.29448442542331,NA
"dst",2026,3,"ffpc","JAX","2026-09-24T06:39:31Z","weekly",9.13175853945642,NA
"dst",2026,3,"ffpc","GB","2026-09-24T06:39:31Z","weekly",9.10075361199716,NA
"dst",2026,3,"ffpc","SF","2026-09-24T06:39:31Z","weekly",8.87474512992694,NA
"dst",2026,3,"ffpc","HOU","2026-09-24T06:39:31Z","weekly",8.87697007988452,NA
"dst",2026,3,"ffpc","DET","2026-09-24T06:39:31Z","weekly",8.6677868212933,NA
"dst",2026,3,"ffpc","NYG","2026-09-24T06:39:31Z","weekly",8.58937810713377,NA
"dst",2026,3,"ffpc","BUF","2026-09-24T06:39:31Z","weekly",8.47345911500056,NA
"dst",2026,3,"ffpc","TB","2026-09-24T06:39:31Z","weekly",8.07040334175469,NA
"dst",2026,3,"ffpc","CHI","2026-09-24T06:39:31Z","weekly",7.9361624107507,NA
"dst",2026,3,"ffpc","PIT","2026-09-24T06:39:31Z","weekly",7.82695811577734,NA
"dst",2026,3,"ffpc","LV","2026-09-24T06:39:31Z","weekly",7.78398977055625,NA
"dst",2026,3,"ffpc","PHI","2026-09-24T06:39:31Z","weekly",7.54826532388363,NA
"dst",2026,3,"ffpc","CIN","2026-09-24T06:39:31Z","weekly",7.56094536027875,NA
"dst",2026,3,"ffpc","TEN","2026-09-24T06:39:31Z","weekly",7.3120876352412,NA
"dst",2026,3,"ffpc","LA","2026-09-24T06:39:31Z","weekly",7.39484116260555,NA
"dst",2026,3,"ffpc","CLE","2026-09-24T06:39:31Z","weekly",7.32795060308022,NA
"dst",2026,3,"ffpc","NE","2026-09-24T06:39:31Z","weekly",7.30961020721299,NA
"dst",2026,3,"ffpc","ATL","2026-09-24T06:39:31Z","weekly",7.30830591898271,NA
"dst",2026,3,"ffpc","IND","2026-09-24T06:39:31Z","weekly",7.07847334761971,NA
"dst",2026,3,"ffpc","WAS","2026-09-24T06:39:31Z","weekly",6.52914216800237,NA
"dst",2026,3,"ffpc","DEN","2026-09-24T06:39:31Z","weekly",6.36091890828399,NA
"dst",2026,3,"ffpc","BAL","2026-09-24T06:39:31Z","weekly",6.15939311543092,NA
"dst",2026,3,"ffpc","NYJ","2026-09-24T06:39:31Z","weekly",5.44056246491987,NA
"dst",2026,3,"ffpc","DAL","2026-09-24T06:39:31Z","weekly",4.66833624260361,NA
"dst",2026,3,"ffpc","LAC","2026-09-24T06:39:31Z","weekly",4.67707365015113,NA
"dst",2026,3,"ffpc","ARI","2026-09-24T06:39:31Z","weekly",4.38649940566125,NA
"dst",2026,3,"ffpc","MIA","2026-09-24T06:39:31Z","weekly",4.16838008368501,NA
"dst",2026,3,"espn","KC","2026-09-24T18:50:34Z","refresh",9.36252176147948,NA
"dst",2026,3,"espn","SEA","2026-09-24T18:50:34Z","refresh",9.26473388790089,NA
"dst",2026,3,"espn","MIN","2026-09-24T18:50:34Z","refresh",7.94351324914877,NA
"dst",2026,3,"espn","NO","2026-09-24T18:50:34Z","refresh",7.90820582058907,NA
"dst",2026,3,"espn","CAR","2026-09-24T18:50:34Z","refresh",7.87682387406121,NA
"dst",2026,3,"espn","JAX","2026-09-24T18:50:34Z","refresh",7.67702245798533,NA
"dst",2026,3,"espn","GB","2026-09-24T18:50:34Z","refresh",7.62384007289443,NA
"dst",2026,3,"espn","SF","2026-09-24T18:50:34Z","refresh",7.47342618260842,NA
"dst",2026,3,"espn","NYG","2026-09-24T18:50:34Z","refresh",7.41195305431784,NA
"dst",2026,3,"espn","HOU","2026-09-24T18:50:34Z","refresh",7.32802753210019,NA
"dst",2026,3,"espn","BUF","2026-09-24T18:50:34Z","refresh",6.76918800055584,NA
"dst",2026,3,"espn","TB","2026-09-24T18:50:34Z","refresh",6.68012754973837,NA
"dst",2026,3,"espn","TEN","2026-09-24T18:50:34Z","refresh",6.45540137572716,NA
"dst",2026,3,"espn","DET","2026-09-24T18:50:34Z","refresh",6.44120023887456,NA
"dst",2026,3,"espn","PHI","2026-09-24T18:50:34Z","refresh",6.43607472267807,NA
"dst",2026,3,"espn","CHI","2026-09-24T18:50:34Z","refresh",6.42603106392541,NA
"dst",2026,3,"espn","PIT","2026-09-24T18:50:34Z","refresh",6.24239726982729,NA
"dst",2026,3,"espn","LV","2026-09-24T18:50:34Z","refresh",6.07869662998561,NA
"dst",2026,3,"espn","CIN","2026-09-24T18:50:34Z","refresh",6.01251293825233,NA
"dst",2026,3,"espn","LA","2026-09-24T18:50:34Z","refresh",5.96210242560596,NA
"dst",2026,3,"espn","CLE","2026-09-24T18:50:34Z","refresh",5.63811953964646,NA
"dst",2026,3,"espn","ATL","2026-09-24T18:50:34Z","refresh",5.37329188319408,NA
"dst",2026,3,"espn","NE","2026-09-24T18:50:34Z","refresh",5.35177127299598,NA
"dst",2026,3,"espn","IND","2026-09-24T18:50:34Z","refresh",4.99660546195439,NA
"dst",2026,3,"espn","WAS","2026-09-24T18:50:34Z","refresh",4.58192521243972,NA
"dst",2026,3,"espn","DEN","2026-09-24T18:50:34Z","refresh",4.25630258813103,NA
"dst",2026,3,"espn","BAL","2026-09-24T18:50:34Z","refresh",3.66556129780172,NA
"dst",2026,3,"espn","NYJ","2026-09-24T18:50:34Z","refresh",3.32960588689138,NA
"dst",2026,3,"espn","LAC","2026-09-24T18:50:34Z","refresh",2.11283165505498,NA
"dst",2026,3,"espn","ARI","2026-09-24T18:50:34Z","refresh",1.91375602410253,NA
"dst",2026,3,"espn","MIA","2026-09-24T18:50:34Z","refresh",1.69610902715271,NA
"dst",2026,3,"espn","DAL","2026-09-24T18:50:34Z","refresh",1.6882661297509,NA
"dst",2026,3,"yahoo","KC","2026-09-24T18:50:34Z","refresh",9.41279831095692,NA
"dst",2026,3,"yahoo","SEA","2026-09-24T18:50:34Z","refresh",8.93267399567085,NA
"dst",2026,3,"yahoo","MIN","2026-09-24T18:50:34Z","refresh",8.47457671105874,NA
"dst",2026,3,"yahoo","JAX","2026-09-24T18:50:34Z","refresh",8.3246853961969,NA
"dst",2026,3,"yahoo","NO","2026-09-24T18:50:34Z","refresh",8.10928418884997,NA
"dst",2026,3,"yahoo","CAR","2026-09-24T18:50:34Z","refresh",8.10343704636474,NA
"dst",2026,3,"yahoo","SF","2026-09-24T18:50:34Z","refresh",7.83094603763492,NA
"dst",2026,3,"yahoo","GB","2026-09-24T18:50:34Z","refresh",7.79618251554753,NA
"dst",2026,3,"yahoo","HOU","2026-09-24T18:50:34Z","refresh",7.77426910505391,NA
"dst",2026,3,"yahoo","BUF","2026-09-24T18:50:34Z","refresh",7.6199733584421,NA
"dst",2026,3,"yahoo","DET","2026-09-24T18:50:34Z","refresh",7.36332752931047,NA
"dst",2026,3,"yahoo","NYG","2026-09-24T18:50:34Z","refresh",7.36173512535663,NA
"dst",2026,3,"yahoo","CHI","2026-09-24T18:50:34Z","refresh",7.17295672657653,NA
"dst",2026,3,"yahoo","TB","2026-09-24T18:50:34Z","refresh",7.05017051208931,NA
"dst",2026,3,"yahoo","LV","2026-09-24T18:50:34Z","refresh",6.97098529057174,NA
"dst",2026,3,"yahoo","PIT","2026-09-24T18:50:34Z","refresh",6.93964917349478,NA
"dst",2026,3,"yahoo","TEN","2026-09-24T18:50:34Z","refresh",6.70014546437967,NA
"dst",2026,3,"yahoo","PHI","2026-09-24T18:50:34Z","refresh",6.49791146813616,NA
"dst",2026,3,"yahoo","LA","2026-09-24T18:50:34Z","refresh",6.47290239921764,NA
"dst",2026,3,"yahoo","NE","2026-09-24T18:50:34Z","refresh",6.40985471345965,NA
"dst",2026,3,"yahoo","CIN","2026-09-24T18:50:34Z","refresh",6.33410496096473,NA
"dst",2026,3,"yahoo","ATL","2026-09-24T18:50:34Z","refresh",6.28102308681842,NA
"dst",2026,3,"yahoo","IND","2026-09-24T18:50:34Z","refresh",6.27839841368716,NA
"dst",2026,3,"yahoo","CLE","2026-09-24T18:50:34Z","refresh",6.27798132438929,NA
"dst",2026,3,"yahoo","DEN","2026-09-24T18:50:34Z","refresh",5.51552217224072,NA
"dst",2026,3,"yahoo","WAS","2026-09-24T18:50:34Z","refresh",5.29740360279506,NA
"dst",2026,3,"yahoo","BAL","2026-09-24T18:50:34Z","refresh",5.19283890397475,NA
"dst",2026,3,"yahoo","NYJ","2026-09-24T18:50:34Z","refresh",4.76324051677828,NA
"dst",2026,3,"yahoo","LAC","2026-09-24T18:50:34Z","refresh",4.01476165378853,NA
"dst",2026,3,"yahoo","ARI","2026-09-24T18:50:34Z","refresh",3.67498227833373,NA
"dst",2026,3,"yahoo","DAL","2026-09-24T18:50:34Z","refresh",3.6230317127523,NA
"dst",2026,3,"yahoo","MIA","2026-09-24T18:50:34Z","refresh",3.34676861249899,NA
"dst",2026,3,"ffpc","KC","2026-09-24T18:50:34Z","refresh",10.6639884619357,NA
"dst",2026,3,"ffpc","SEA","2026-09-24T18:50:34Z","refresh",10.044504618312,NA
"dst",2026,3,"ffpc","CAR","2026-09-24T18:50:34Z","refresh",9.64050668410143,NA
"dst",2026,3,"ffpc","MIN","2026-09-24T18:50:34Z","refresh",9.3209943911524,NA
"dst",2026,3,"ffpc","NO","2026-09-24T18:50:34Z","refresh",9.29448442542331,NA
"dst",2026,3,"ffpc","JAX","2026-09-24T18:50:34Z","refresh",9.0761054602055,NA
"dst",2026,3,"ffpc","GB","2026-09-24T18:50:34Z","refresh",9.0460796367242,NA
"dst",2026,3,"ffpc","SF","2026-09-24T18:50:34Z","refresh",8.81933907911409,NA
"dst",2026,3,"ffpc","HOU","2026-09-24T18:50:34Z","refresh",8.71100459385428,NA
"dst",2026,3,"ffpc","DET","2026-09-24T18:50:34Z","refresh",8.6677868212933,NA
"dst",2026,3,"ffpc","NYG","2026-09-24T18:50:34Z","refresh",8.61680860416446,NA
"dst",2026,3,"ffpc","BUF","2026-09-24T18:50:34Z","refresh",8.61220824657376,NA
"dst",2026,3,"ffpc","TB","2026-09-24T18:50:34Z","refresh",8.07040334175469,NA
"dst",2026,3,"ffpc","CHI","2026-09-24T18:50:34Z","refresh",7.99135953316044,NA
"dst",2026,3,"ffpc","PIT","2026-09-24T18:50:34Z","refresh",7.82695811577734,NA
"dst",2026,3,"ffpc","LV","2026-09-24T18:50:34Z","refresh",7.78398977055625,NA
"dst",2026,3,"ffpc","PHI","2026-09-24T18:50:34Z","refresh",7.60241814239801,NA
"dst",2026,3,"ffpc","CIN","2026-09-24T18:50:34Z","refresh",7.56094536027875,NA
"dst",2026,3,"ffpc","TEN","2026-09-24T18:50:34Z","refresh",7.50338597467039,NA
"dst",2026,3,"ffpc","LA","2026-09-24T18:50:34Z","refresh",7.39484116260555,NA
"dst",2026,3,"ffpc","CLE","2026-09-24T18:50:34Z","refresh",7.38296206852074,NA
"dst",2026,3,"ffpc","NE","2026-09-24T18:50:34Z","refresh",7.25496610373497,NA
"dst",2026,3,"ffpc","ATL","2026-09-24T18:50:34Z","refresh",7.25360637313992,NA
"dst",2026,3,"ffpc","IND","2026-09-24T18:50:34Z","refresh",7.24241408737868,NA
"dst",2026,3,"ffpc","WAS","2026-09-24T18:50:34Z","refresh",6.50285566488369,NA
"dst",2026,3,"ffpc","DEN","2026-09-24T18:50:34Z","refresh",6.36091890828399,NA
"dst",2026,3,"ffpc","BAL","2026-09-24T18:50:34Z","refresh",6.15939311543092,NA
"dst",2026,3,"ffpc","NYJ","2026-09-24T18:50:34Z","refresh",5.44056246491987,NA
"dst",2026,3,"ffpc","DAL","2026-09-24T18:50:34Z","refresh",4.66833624260361,NA
"dst",2026,3,"ffpc","LAC","2026-09-24T18:50:34Z","refresh",4.64994956195634,NA
"dst",2026,3,"ffpc","ARI","2026-09-24T18:50:34Z","refresh",4.33291828873296,NA
"dst",2026,3,"ffpc","MIA","2026-09-24T18:50:34Z","refresh",4.14220001101777,NA
"k",2026,3,"espn","HOU","2026-09-24T07:21:20Z","weekly",9.36417279499371,NA
"k",2026,3,"espn","SF","2026-09-24T07:21:20Z","weekly",9.16789120535123,NA
"k",2026,3,"espn","NO","2026-09-24T07:21:20Z","weekly",9.10828481024614,NA
"k",2026,3,"espn","DAL","2026-09-24T07:21:20Z","weekly",9.0959956353628,NA
"k",2026,3,"espn","KC","2026-09-24T07:21:20Z","weekly",9.06569261022912,NA
"k",2026,3,"espn","DET","2026-09-24T07:21:20Z","weekly",9.04615051055058,NA
"k",2026,3,"espn","MIN","2026-09-24T07:21:20Z","weekly",8.79272084818112,NA
"k",2026,3,"espn","JAX","2026-09-24T07:21:20Z","weekly",8.68696003039034,NA
"k",2026,3,"espn","TB","2026-09-24T07:21:20Z","weekly",8.66648417443584,NA
"k",2026,3,"espn","SEA","2026-09-24T07:21:20Z","weekly",8.64114343045352,NA
"k",2026,3,"espn","CIN","2026-09-24T07:21:20Z","weekly",8.59408410909073,NA
"k",2026,3,"espn","BUF","2026-09-24T07:21:20Z","weekly",8.56079657233242,NA
"k",2026,3,"espn","PHI","2026-09-24T07:21:20Z","weekly",8.43806595013259,NA
"k",2026,3,"espn","BAL","2026-09-24T07:21:20Z","weekly",8.42855739043668,NA
"k",2026,3,"espn","NYJ","2026-09-24T07:21:20Z","weekly",8.24778058602158,NA
"k",2026,3,"espn","IND","2026-09-24T07:21:20Z","weekly",8.24202029231497,NA
"k",2026,3,"espn","LV","2026-09-24T07:21:20Z","weekly",8.22361695281542,NA
"k",2026,3,"espn","PIT","2026-09-24T07:21:20Z","weekly",8.21801369643453,NA
"k",2026,3,"espn","LA","2026-09-24T07:21:20Z","weekly",8.20774959696658,NA
"k",2026,3,"espn","DEN","2026-09-24T07:21:20Z","weekly",8.01564154232723,NA
"k",2026,3,"espn","GB","2026-09-24T07:21:20Z","weekly",8.00983453569955,NA
"k",2026,3,"espn","ATL","2026-09-24T07:21:20Z","weekly",7.87160744961526,NA
"k",2026,3,"espn","LAC","2026-09-24T07:21:20Z","weekly",7.72733578638065,NA
"k",2026,3,"espn","CAR","2026-09-24T07:21:20Z","weekly",7.60920266755477,NA
"k",2026,3,"espn","NE","2026-09-24T07:21:20Z","weekly",7.59436119463381,NA
"k",2026,3,"espn","CLE","2026-09-24T07:21:20Z","weekly",7.50801102061886,NA
"k",2026,3,"espn","CHI","2026-09-24T07:21:20Z","weekly",7.31338204499363,NA
"k",2026,3,"espn","NYG","2026-09-24T07:21:20Z","weekly",7.21357581061183,NA
"k",2026,3,"espn","ARI","2026-09-24T07:21:20Z","weekly",7.1041666802603,NA
"k",2026,3,"espn","TEN","2026-09-24T07:21:20Z","weekly",6.94861812153096,NA
"k",2026,3,"espn","MIA","2026-09-24T07:21:20Z","weekly",6.68925299640323,NA
"k",2026,3,"espn","WAS","2026-09-24T07:21:20Z","weekly",6.29869995990231,NA
"k",2026,3,"dec","HOU","2026-09-24T07:21:20Z","weekly",9.80228922412683,NA
"k",2026,3,"dec","SF","2026-09-24T07:21:20Z","weekly",9.48598239612151,NA
"k",2026,3,"dec","NO","2026-09-24T07:21:20Z","weekly",9.51347332631502,NA
"k",2026,3,"dec","DAL","2026-09-24T07:21:20Z","weekly",9.49963925319473,NA
"k",2026,3,"dec","KC","2026-09-24T07:21:20Z","weekly",9.38403707838468,NA
"k",2026,3,"dec","DET","2026-09-24T07:21:20Z","weekly",9.41762037882523,NA
"k",2026,3,"dec","MIN","2026-09-24T07:21:20Z","weekly",9.16515437264899,NA
"k",2026,3,"dec","JAX","2026-09-24T07:21:20Z","weekly",9.03187162623768,NA
"k",2026,3,"dec","TB","2026-09-24T07:21:20Z","weekly",9.07469083486078,NA
"k",2026,3,"dec","SEA","2026-09-24T07:21:20Z","weekly",9.00896347820494,NA
"k",2026,3,"dec","CIN","2026-09-24T07:21:20Z","weekly",8.96543308500126,NA
"k",2026,3,"dec","BUF","2026-09-24T07:21:20Z","weekly",8.85737167459831,NA
"k",2026,3,"dec","PHI","2026-09-24T07:21:20Z","weekly",8.82258911310919,NA
"k",2026,3,"dec","BAL","2026-09-24T07:21:20Z","weekly",8.70602350913367,NA
"k",2026,3,"dec","NYJ","2026-09-24T07:21:20Z","weekly",8.6570799521453,NA
"k",2026,3,"dec","IND","2026-09-24T07:21:20Z","weekly",8.63591777528246,NA
"k",2026,3,"dec","LV","2026-09-24T07:21:20Z","weekly",8.63207296265713,NA
"k",2026,3,"dec","PIT","2026-09-24T07:21:20Z","weekly",8.64999864829265,NA
"k",2026,3,"dec","LA","2026-09-24T07:21:20Z","weekly",8.49504740554128,NA
"k",2026,3,"dec","DEN","2026-09-24T07:21:20Z","weekly",8.35108346589372,NA
"k",2026,3,"dec","GB","2026-09-24T07:21:20Z","weekly",8.34421016516978,NA
"k",2026,3,"dec","ATL","2026-09-24T07:21:20Z","weekly",8.27703006164136,NA
"k",2026,3,"dec","LAC","2026-09-24T07:21:20Z","weekly",8.07180189938026,NA
"k",2026,3,"dec","CAR","2026-09-24T07:21:20Z","weekly",7.93632640113045,NA
"k",2026,3,"dec","NE","2026-09-24T07:21:20Z","weekly",7.93621812138468,NA
"k",2026,3,"dec","CLE","2026-09-24T07:21:20Z","weekly",7.85455946244387,NA
"k",2026,3,"dec","CHI","2026-09-24T07:21:20Z","weekly",7.69393575021118,NA
"k",2026,3,"dec","NYG","2026-09-24T07:21:20Z","weekly",7.53011294314931,NA
"k",2026,3,"dec","ARI","2026-09-24T07:21:20Z","weekly",7.44174202181639,NA
"k",2026,3,"dec","TEN","2026-09-24T07:21:20Z","weekly",7.31852469537801,NA
"k",2026,3,"dec","MIA","2026-09-24T07:21:20Z","weekly",7.01848265916793,NA
"k",2026,3,"dec","WAS","2026-09-24T07:21:20Z","weekly",6.63894999434589,NA
"k",2026,3,"espn","HOU","2026-09-24T18:50:51Z","refresh",9.26598728595349,NA
"k",2026,3,"espn","SF","2026-09-24T18:50:51Z","refresh",9.08439720913901,NA
"k",2026,3,"espn","NO","2026-09-24T18:50:51Z","refresh",9.10828481024614,NA
"k",2026,3,"espn","DAL","2026-09-24T18:50:51Z","refresh",9.0959956353628,NA
"k",2026,3,"espn","KC","2026-09-24T18:50:51Z","refresh",9.10100688804923,NA
"k",2026,3,"espn","DET","2026-09-24T18:50:51Z","refresh",9.04615051055058,NA
"k",2026,3,"espn","MIN","2026-09-24T18:50:51Z","refresh",8.73877998139715,NA
"k",2026,3,"espn","JAX","2026-09-24T18:50:51Z","refresh",8.60729198165861,NA
"k",2026,3,"espn","TB","2026-09-24T18:50:51Z","refresh",8.61155800132524,NA
"k",2026,3,"espn","SEA","2026-09-24T18:50:51Z","refresh",8.78640095711102,NA
"k",2026,3,"espn","CIN","2026-09-24T18:50:51Z","refresh",8.74906827655922,NA
"k",2026,3,"espn","BUF","2026-09-24T18:50:51Z","refresh",8.59130763485185,NA
"k",2026,3,"espn","PHI","2026-09-24T18:50:51Z","refresh",8.41967818404521,NA
"k",2026,3,"espn","BAL","2026-09-24T18:50:51Z","refresh",8.42855739043668,NA
"k",2026,3,"espn","NYJ","2026-09-24T18:50:51Z","refresh",8.24778058602158,NA
"k",2026,3,"espn","IND","2026-09-24T18:50:51Z","refresh",8.33864389374885,NA
"k",2026,3,"espn","LV","2026-09-24T18:50:51Z","refresh",8.22361695281542,NA
"k",2026,3,"espn","PIT","2026-09-24T18:50:51Z","refresh",8.37818990308702,NA
"k",2026,3,"espn","LA","2026-09-24T18:50:51Z","refresh",8.15613207458464,NA
"k",2026,3,"espn","DEN","2026-09-24T18:50:51Z","refresh",7.96452228589217,NA
"k",2026,3,"espn","GB","2026-09-24T18:50:51Z","refresh",8.02952727831557,NA
"k",2026,3,"espn","ATL","2026-09-24T18:50:51Z","refresh",7.88687475430383,NA
"k",2026,3,"espn","LAC","2026-09-24T18:50:51Z","refresh",7.65988242621836,NA
"k",2026,3,"espn","CAR","2026-09-24T18:50:51Z","refresh",7.59071365734785,NA
"k",2026,3,"espn","NE","2026-09-24T18:50:51Z","refresh",7.52028920089385,NA
"k",2026,3,"espn","CLE","2026-09-24T18:50:51Z","refresh",7.49165614611143,NA
"k",2026,3,"espn","CHI","2026-09-24T18:50:51Z","refresh",7.2978335786066,NA
"k",2026,3,"espn","NYG","2026-09-24T18:50:51Z","refresh",7.0854833912588,NA
"k",2026,3,"espn","ARI","2026-09-24T18:50:51Z","refresh",7.02087779648876,NA
"k",2026,3,"espn","TEN","2026-09-24T18:50:51Z","refresh",6.92027795104826,NA
"k",2026,3,"espn","MIA","2026-09-24T18:50:51Z","refresh",6.62824172188146,NA
"k",2026,3,"espn","WAS","2026-09-24T18:50:51Z","refresh",6.33938901020613,NA
"k",2026,3,"dec","HOU","2026-09-24T18:50:51Z","refresh",9.70663636167205,NA
"k",2026,3,"dec","SF","2026-09-24T18:50:51Z","refresh",9.39816420518901,NA
"k",2026,3,"dec","NO","2026-09-24T18:50:51Z","refresh",9.51347332631502,NA
"k",2026,3,"dec","DAL","2026-09-24T18:50:51Z","refresh",9.49963925319473,NA
"k",2026,3,"dec","KC","2026-09-24T18:50:51Z","refresh",9.41994890527577,NA
"k",2026,3,"dec","DET","2026-09-24T18:50:51Z","refresh",9.41762037882523,NA
"k",2026,3,"dec","MIN","2026-09-24T18:50:51Z","refresh",9.1100732215396,NA
"k",2026,3,"dec","JAX","2026-09-24T18:50:51Z","refresh",8.94800336870129,NA
"k",2026,3,"dec","TB","2026-09-24T18:50:51Z","refresh",9.01836792078159,NA
"k",2026,3,"dec","SEA","2026-09-24T18:50:51Z","refresh",9.156783450051,NA
"k",2026,3,"dec","CIN","2026-09-24T18:50:51Z","refresh",9.12365741827661,NA
"k",2026,3,"dec","BUF","2026-09-24T18:50:51Z","refresh",8.88867186040526,NA
"k",2026,3,"dec","PHI","2026-09-24T18:50:51Z","refresh",8.80582417626995,NA
"k",2026,3,"dec","BAL","2026-09-24T18:50:51Z","refresh",8.70602350913367,NA
"k",2026,3,"dec","NYJ","2026-09-24T18:50:51Z","refresh",8.6570799521453,NA
"k",2026,3,"dec","IND","2026-09-24T18:50:51Z","refresh",8.73044800643245,NA
"k",2026,3,"dec","LV","2026-09-24T18:50:51Z","refresh",8.63207296265713,NA
"k",2026,3,"dec","PIT","2026-09-24T18:50:51Z","refresh",8.81481352800506,NA
"k",2026,3,"dec","LA","2026-09-24T18:50:51Z","refresh",8.44182984401952,NA
"k",2026,3,"dec","DEN","2026-09-24T18:50:51Z","refresh",8.29835948064335,NA
"k",2026,3,"dec","GB","2026-09-24T18:50:51Z","refresh",8.36234403672573,NA
"k",2026,3,"dec","ATL","2026-09-24T18:50:51Z","refresh",8.2907552381681,NA
"k",2026,3,"dec","LAC","2026-09-24T18:50:51Z","refresh",8.00725616522452,NA
"k",2026,3,"dec","CAR","2026-09-24T18:50:51Z","refresh",7.91949441816528,NA
"k",2026,3,"dec","NE","2026-09-24T18:50:51Z","refresh",7.85729463654075,NA
"k",2026,3,"dec","CLE","2026-09-24T18:50:51Z","refresh",7.83980582282972,NA
"k",2026,3,"dec","CHI","2026-09-24T18:50:51Z","refresh",7.67988467072986,NA
"k",2026,3,"dec","NYG","2026-09-24T18:50:51Z","refresh",7.40518692218382,NA
"k",2026,3,"dec","ARI","2026-09-24T18:50:51Z","refresh",7.35427558783317,NA
"k",2026,3,"dec","TEN","2026-09-24T18:50:51Z","refresh",7.29129530769121,NA
"k",2026,3,"dec","MIA","2026-09-24T18:50:51Z","refresh",6.95998864257488,NA
"k",2026,3,"dec","WAS","2026-09-24T18:50:51Z","refresh",6.68278397457186,NA
"dst",2026,3,"espn","KC","2026-09-24T19:42:45Z","refresh",9.35685246726923,NA
"dst",2026,3,"espn","SEA","2026-09-24T19:42:45Z","refresh",9.22784662060351,NA
"dst",2026,3,"espn","MIN","2026-09-24T19:42:45Z","refresh",7.94073522068276,NA
"dst",2026,3,"espn","NO","2026-09-24T19:42:45Z","refresh",7.90513568068804,NA
"dst",2026,3,"espn","CAR","2026-09-24T19:42:45Z","refresh",7.87200994894073,NA
"dst",2026,3,"espn","JAX","2026-09-24T19:42:45Z","refresh",7.67076227165417,NA
"dst",2026,3,"espn","GB","2026-09-24T19:42:45Z","refresh",7.60971225757342,NA
"dst",2026,3,"espn","NYG","2026-09-24T19:42:45Z","refresh",7.47893302020236,NA
"dst",2026,3,"espn","SF","2026-09-24T19:42:45Z","refresh",7.46979792425794,NA
"dst",2026,3,"espn","HOU","2026-09-24T19:42:45Z","refresh",7.32413926950534,NA
"dst",2026,3,"espn","BUF","2026-09-24T19:42:45Z","refresh",6.7676122712294,NA
"dst",2026,3,"espn","TB","2026-09-24T19:42:45Z","refresh",6.66382595938425,NA
"dst",2026,3,"espn","DET","2026-09-24T19:42:45Z","refresh",6.43755853850703,NA
"dst",2026,3,"espn","CHI","2026-09-24T19:42:45Z","refresh",6.42328990211288,NA
"dst",2026,3,"espn","PHI","2026-09-24T19:42:45Z","refresh",6.4228039389571,NA
"dst",2026,3,"espn","TEN","2026-09-24T19:42:45Z","refresh",6.28637262825536,NA
"dst",2026,3,"espn","PIT","2026-09-24T19:42:45Z","refresh",6.23766769229741,NA
"dst",2026,3,"espn","LA","2026-09-24T19:42:45Z","refresh",6.2374646843472,NA
"dst",2026,3,"espn","LV","2026-09-24T19:42:45Z","refresh",6.07448183296644,NA
"dst",2026,3,"espn","CIN","2026-09-24T19:42:45Z","refresh",6.00877262674631,NA
"dst",2026,3,"espn","CLE","2026-09-24T19:42:45Z","refresh",5.63736852387839,NA
"dst",2026,3,"espn","ATL","2026-09-24T19:42:45Z","refresh",5.37363215437828,NA
"dst",2026,3,"espn","NE","2026-09-24T19:42:45Z","refresh",5.34839791502032,NA
"dst",2026,3,"espn","IND","2026-09-24T19:42:45Z","refresh",4.99305348869398,NA
"dst",2026,3,"espn","WAS","2026-09-24T19:42:45Z","refresh",4.46025622642326,NA
"dst",2026,3,"espn","DEN","2026-09-24T19:42:45Z","refresh",4.22450346953854,NA
"dst",2026,3,"espn","BAL","2026-09-24T19:42:45Z","refresh",3.66229510614576,NA
"dst",2026,3,"espn","NYJ","2026-09-24T19:42:45Z","refresh",3.32797025442204,NA
"dst",2026,3,"espn","LAC","2026-09-24T19:42:45Z","refresh",2.11150955454058,NA
"dst",2026,3,"espn","ARI","2026-09-24T19:42:45Z","refresh",1.91008795558902,NA
"dst",2026,3,"espn","MIA","2026-09-24T19:42:45Z","refresh",1.69234599641375,NA
"dst",2026,3,"espn","DAL","2026-09-24T19:42:45Z","refresh",1.6877668394661,NA
"dst",2026,3,"yahoo","KC","2026-09-24T19:42:45Z","refresh",9.39002797566632,NA
"dst",2026,3,"yahoo","SEA","2026-09-24T19:42:45Z","refresh",8.83923848075185,NA
"dst",2026,3,"yahoo","MIN","2026-09-24T19:42:45Z","refresh",8.45574903314261,NA
"dst",2026,3,"yahoo","JAX","2026-09-24T19:42:45Z","refresh",8.30294296233219,NA
"dst",2026,3,"yahoo","NO","2026-09-24T19:42:45Z","refresh",8.08929529017046,NA
"dst",2026,3,"yahoo","CAR","2026-09-24T19:42:45Z","refresh",8.08243265315586,NA
"dst",2026,3,"yahoo","SF","2026-09-24T19:42:45Z","refresh",7.81097227323061,NA
"dst",2026,3,"yahoo","GB","2026-09-24T19:42:45Z","refresh",7.78108681138808,NA
"dst",2026,3,"yahoo","HOU","2026-09-24T19:42:45Z","refresh",7.75412503152399,NA
"dst",2026,3,"yahoo","BUF","2026-09-24T19:42:45Z","refresh",7.60234286765445,NA
"dst",2026,3,"yahoo","NYG","2026-09-24T19:42:45Z","refresh",7.42871485076522,NA
"dst",2026,3,"yahoo","DET","2026-09-24T19:42:45Z","refresh",7.34263460642234,NA
"dst",2026,3,"yahoo","CHI","2026-09-24T19:42:45Z","refresh",7.15427451855413,NA
"dst",2026,3,"yahoo","TB","2026-09-24T19:42:45Z","refresh",7.03337320592014,NA
"dst",2026,3,"yahoo","LV","2026-09-24T19:42:45Z","refresh",6.95122137109557,NA
"dst",2026,3,"yahoo","PIT","2026-09-24T19:42:45Z","refresh",6.91967842677295,NA
"dst",2026,3,"yahoo","LA","2026-09-24T19:42:45Z","refresh",6.76392816130217,NA
"dst",2026,3,"yahoo","TEN","2026-09-24T19:42:45Z","refresh",6.57407501286229,NA
"dst",2026,3,"yahoo","PHI","2026-09-24T19:42:45Z","refresh",6.48334035794008,NA
"dst",2026,3,"yahoo","NE","2026-09-24T19:42:45Z","refresh",6.39088780385072,NA
"dst",2026,3,"yahoo","CIN","2026-09-24T19:42:45Z","refresh",6.31467985984611,NA
"dst",2026,3,"yahoo","ATL","2026-09-24T19:42:45Z","refresh",6.2654835384682,NA
"dst",2026,3,"yahoo","CLE","2026-09-24T19:42:45Z","refresh",6.26106104374629,NA
"dst",2026,3,"yahoo","IND","2026-09-24T19:42:45Z","refresh",6.25867786575523,NA
"dst",2026,3,"yahoo","DEN","2026-09-24T19:42:45Z","refresh",5.47246555619921,NA
"dst",2026,3,"yahoo","WAS","2026-09-24T19:42:45Z","refresh",5.21522469244775,NA
"dst",2026,3,"yahoo","BAL","2026-09-24T19:42:45Z","refresh",5.17371884750317,NA
"dst",2026,3,"yahoo","NYJ","2026-09-24T19:42:45Z","refresh",4.74486757820091,NA
"dst",2026,3,"yahoo","LAC","2026-09-24T19:42:45Z","refresh",3.99743872799331,NA
"dst",2026,3,"yahoo","ARI","2026-09-24T19:42:45Z","refresh",3.65513928872116,NA
"dst",2026,3,"yahoo","DAL","2026-09-24T19:42:45Z","refresh",3.6057161050719,NA
"dst",2026,3,"yahoo","MIA","2026-09-24T19:42:45Z","refresh",3.32753495420023,NA
"dst",2026,3,"ffpc","KC","2026-09-24T19:42:45Z","refresh",10.650271772524,NA
"dst",2026,3,"ffpc","SEA","2026-09-24T19:42:45Z","refresh",9.98939220416551,NA
"dst",2026,3,"ffpc","CAR","2026-09-24T19:42:45Z","refresh",9.62935754027272,NA
"dst",2026,3,"ffpc","MIN","2026-09-24T19:42:45Z","refresh",9.30995957669261,NA
"dst",2026,3,"ffpc","NO","2026-09-24T19:42:45Z","refresh",9.28372701192519,NA
"dst",2026,3,"ffpc","JAX","2026-09-24T19:42:45Z","refresh",9.06385109284278,NA
"dst",2026,3,"ffpc","GB","2026-09-24T19:42:45Z","refresh",9.02636099771654,NA
"dst",2026,3,"ffpc","SF","2026-09-24T19:42:45Z","refresh",8.80836666246479,NA
"dst",2026,3,"ffpc","HOU","2026-09-24T19:42:45Z","refresh",8.70047498679863,NA
"dst",2026,3,"ffpc","NYG","2026-09-24T19:42:45Z","refresh",8.69934832417259,NA
"dst",2026,3,"ffpc","DET","2026-09-24T19:42:45Z","refresh",8.65616933890263,NA
"dst",2026,3,"ffpc","BUF","2026-09-24T19:42:45Z","refresh",8.60242935180649,NA
"dst",2026,3,"ffpc","TB","2026-09-24T19:42:45Z","refresh",8.05071092049088,NA
"dst",2026,3,"ffpc","CHI","2026-09-24T19:42:45Z","refresh",7.98154902622838,NA
"dst",2026,3,"ffpc","PIT","2026-09-24T19:42:45Z","refresh",7.81671003745254,NA
"dst",2026,3,"ffpc","LV","2026-09-24T19:42:45Z","refresh",7.7733096008442,NA
"dst",2026,3,"ffpc","LA","2026-09-24T19:42:45Z","refresh",7.68444975048898,NA
"dst",2026,3,"ffpc","PHI","2026-09-24T19:42:45Z","refresh",7.58387468188962,NA
"dst",2026,3,"ffpc","CIN","2026-09-24T19:42:45Z","refresh",7.55125822038107,NA
"dst",2026,3,"ffpc","TEN","2026-09-24T19:42:45Z","refresh",7.49925872624536,NA
"dst",2026,3,"ffpc","CLE","2026-09-24T19:42:45Z","refresh",7.37398102015381,NA
"dst",2026,3,"ffpc","ATL","2026-09-24T19:42:45Z","refresh",7.24568602605366,NA
"dst",2026,3,"ffpc","NE","2026-09-24T19:42:45Z","refresh",7.24554750504672,NA
"dst",2026,3,"ffpc","IND","2026-09-24T19:42:45Z","refresh",7.23254138351201,NA
"dst",2026,3,"ffpc","WAS","2026-09-24T19:42:45Z","refresh",6.36653356064642,NA
"dst",2026,3,"ffpc","DEN","2026-09-24T19:42:45Z","refresh",6.35602444377831,NA
"dst",2026,3,"ffpc","BAL","2026-09-24T19:42:45Z","refresh",6.15056332884412,NA
"dst",2026,3,"ffpc","NYJ","2026-09-24T19:42:45Z","refresh",5.43181993006812,NA
"dst",2026,3,"ffpc","DAL","2026-09-24T19:42:45Z","refresh",4.659981038222,NA
"dst",2026,3,"ffpc","LAC","2026-09-24T19:42:45Z","refresh",4.64173708054593,NA
"dst",2026,3,"ffpc","ARI","2026-09-24T19:42:45Z","refresh",4.32444292770003,NA
"dst",2026,3,"ffpc","MIA","2026-09-24T19:42:45Z","refresh",4.13391200297507,NA
"k",2026,3,"espn","HOU","2026-09-24T19:43:29Z","refresh",9.26598728595349,NA
"k",2026,3,"espn","NO","2026-09-24T19:43:29Z","refresh",9.10828481024614,NA
"k",2026,3,"espn","DAL","2026-09-24T19:43:29Z","refresh",9.0959956353628,NA
"k",2026,3,"espn","SF","2026-09-24T19:43:29Z","refresh",9.08439720913901,NA
"k",2026,3,"espn","DET","2026-09-24T19:43:29Z","refresh",9.04615051055058,NA
"k",2026,3,"espn","KC","2026-09-24T19:43:29Z","refresh",9.10100688804923,NA
"k",2026,3,"espn","SEA","2026-09-24T19:43:29Z","refresh",8.78640095711102,NA
"k",2026,3,"espn","CIN","2026-09-24T19:43:29Z","refresh",8.74906827655922,NA
"k",2026,3,"espn","MIN","2026-09-24T19:43:29Z","refresh",8.73877998139715,NA
"k",2026,3,"espn","TB","2026-09-24T19:43:29Z","refresh",8.61155800132524,NA
"k",2026,3,"espn","JAX","2026-09-24T19:43:29Z","refresh",8.60729198165861,NA
"k",2026,3,"espn","BUF","2026-09-24T19:43:29Z","refresh",8.59130763485185,NA
"k",2026,3,"espn","PHI","2026-09-24T19:43:29Z","refresh",8.41967818404521,NA
"k",2026,3,"espn","BAL","2026-09-24T19:43:29Z","refresh",8.42855739043668,NA
"k",2026,3,"espn","PIT","2026-09-24T19:43:29Z","refresh",8.37818990308702,NA
"k",2026,3,"espn","IND","2026-09-24T19:43:29Z","refresh",8.33864389374885,NA
"k",2026,3,"espn","NYJ","2026-09-24T19:43:29Z","refresh",8.24778058602158,NA
"k",2026,3,"espn","LV","2026-09-24T19:43:29Z","refresh",8.22361695281542,NA
"k",2026,3,"espn","LA","2026-09-24T19:43:29Z","refresh",8.15613207458464,NA
"k",2026,3,"espn","GB","2026-09-24T19:43:29Z","refresh",8.02952727831557,NA
"k",2026,3,"espn","DEN","2026-09-24T19:43:29Z","refresh",7.96452228589217,NA
"k",2026,3,"espn","ATL","2026-09-24T19:43:29Z","refresh",7.88687475430383,NA
"k",2026,3,"espn","LAC","2026-09-24T19:43:29Z","refresh",7.65988242621836,NA
"k",2026,3,"espn","CAR","2026-09-24T19:43:29Z","refresh",7.59071365734785,NA
"k",2026,3,"espn","CLE","2026-09-24T19:43:29Z","refresh",7.49165614611143,NA
"k",2026,3,"espn","NE","2026-09-24T19:43:29Z","refresh",7.52028920089385,NA
"k",2026,3,"espn","CHI","2026-09-24T19:43:29Z","refresh",7.29783357860659,NA
"k",2026,3,"espn","NYG","2026-09-24T19:43:29Z","refresh",7.0854833912588,NA
"k",2026,3,"espn","ARI","2026-09-24T19:43:29Z","refresh",7.02087779648876,NA
"k",2026,3,"espn","TEN","2026-09-24T19:43:29Z","refresh",6.92027795104826,NA
"k",2026,3,"espn","MIA","2026-09-24T19:43:29Z","refresh",6.62824172188146,NA
"k",2026,3,"espn","WAS","2026-09-24T19:43:29Z","refresh",6.33938901020613,NA
"k",2026,3,"dec","HOU","2026-09-24T19:43:29Z","refresh",9.70663636167205,NA
"k",2026,3,"dec","NO","2026-09-24T19:43:29Z","refresh",9.51347332631502,NA
"k",2026,3,"dec","DAL","2026-09-24T19:43:29Z","refresh",9.49963925319473,NA
"k",2026,3,"dec","SF","2026-09-24T19:43:29Z","refresh",9.39816420518901,NA
"k",2026,3,"dec","DET","2026-09-24T19:43:29Z","refresh",9.41762037882523,NA
"k",2026,3,"dec","KC","2026-09-24T19:43:29Z","refresh",9.41994890527577,NA
"k",2026,3,"dec","SEA","2026-09-24T19:43:29Z","refresh",9.156783450051,NA
"k",2026,3,"dec","CIN","2026-09-24T19:43:29Z","refresh",9.12365741827661,NA
"k",2026,3,"dec","MIN","2026-09-24T19:43:29Z","refresh",9.1100732215396,NA
"k",2026,3,"dec","TB","2026-09-24T19:43:29Z","refresh",9.01836792078159,NA
"k",2026,3,"dec","JAX","2026-09-24T19:43:29Z","refresh",8.94800336870129,NA
"k",2026,3,"dec","BUF","2026-09-24T19:43:29Z","refresh",8.88867186040526,NA
"k",2026,3,"dec","PHI","2026-09-24T19:43:29Z","refresh",8.80582417626995,NA
"k",2026,3,"dec","BAL","2026-09-24T19:43:29Z","refresh",8.70602350913368,NA
"k",2026,3,"dec","PIT","2026-09-24T19:43:29Z","refresh",8.81481352800506,NA
"k",2026,3,"dec","IND","2026-09-24T19:43:29Z","refresh",8.73044800643245,NA
"k",2026,3,"dec","NYJ","2026-09-24T19:43:29Z","refresh",8.65707995214529,NA
"k",2026,3,"dec","LV","2026-09-24T19:43:29Z","refresh",8.63207296265713,NA
"k",2026,3,"dec","LA","2026-09-24T19:43:29Z","refresh",8.44182984401952,NA
"k",2026,3,"dec","GB","2026-09-24T19:43:29Z","refresh",8.36234403672573,NA
"k",2026,3,"dec","DEN","2026-09-24T19:43:29Z","refresh",8.29835948064335,NA
"k",2026,3,"dec","ATL","2026-09-24T19:43:29Z","refresh",8.2907552381681,NA
"k",2026,3,"dec","LAC","2026-09-24T19:43:29Z","refresh",8.00725616522452,NA
"k",2026,3,"dec","CAR","2026-09-24T19:43:29Z","refresh",7.91949441816528,NA
"k",2026,3,"dec","CLE","2026-09-24T19:43:29Z","refresh",7.83980582282972,NA
"k",2026,3,"dec","NE","2026-09-24T19:43:29Z","refresh",7.85729463654075,NA
"k",2026,3,"dec","CHI","2026-09-24T19:43:29Z","refresh",7.67988467072986,NA
"k",2026,3,"dec","NYG","2026-09-24T19:43:29Z","refresh",7.40518692218382,NA
"k",2026,3,"dec","ARI","2026-09-24T19:43:29Z","refresh",7.35427558783317,NA
"k",2026,3,"dec","TEN","2026-09-24T19:43:29Z","refresh",7.29129530769121,NA
"k",2026,3,"dec","MIA","2026-09-24T19:43:29Z","refresh",6.95998864257488,NA
"k",2026,3,"dec","WAS","2026-09-24T19:43:29Z","refresh",6.68278397457186,NA
"dst",2026,3,"espn","KC","2026-09-24T21:46:13Z","refresh",9.58416276727539,NA
"dst",2026,3,"espn","SEA","2026-09-24T21:46:13Z","refresh",9.29960762993923,NA
"dst",2026,3,"espn","NO","2026-09-24T21:46:13Z","refresh",8.79282674216694,NA
"dst",2026,3,"espn","CAR","2026-09-24T21:46:13Z","refresh",8.58234925075395,NA
"dst",2026,3,"espn","MIN","2026-09-24T21:46:13Z","refresh",7.85002667406412,NA
"dst",2026,3,"espn","NYG","2026-09-24T21:46:13Z","refresh",7.71108057153922,NA
"dst",2026,3,"espn","HOU","2026-09-24T21:46:13Z","refresh",7.5324716735379,NA
"dst",2026,3,"espn","JAX","2026-09-24T21:46:13Z","refresh",7.48103071403065,NA
"dst",2026,3,"espn","GB","2026-09-24T21:46:13Z","refresh",7.35357142503784,NA
"dst",2026,3,"espn","SF","2026-09-24T21:46:13Z","refresh",7.10267134853335,NA
"dst",2026,3,"espn","BUF","2026-09-24T21:46:13Z","refresh",7.07597750101862,NA
"dst",2026,3,"espn","DET","2026-09-24T21:46:13Z","refresh",6.67537871736507,NA
"dst",2026,3,"espn","PHI","2026-09-24T21:46:13Z","refresh",6.60035166619815,NA
"dst",2026,3,"espn","TB","2026-09-24T21:46:13Z","refresh",6.58491267032623,NA
"dst",2026,3,"espn","LA","2026-09-24T21:46:13Z","refresh",6.3199434355072,NA
"dst",2026,3,"espn","TEN","2026-09-24T21:46:13Z","refresh",6.05106023784813,NA
"dst",2026,3,"espn","CHI","2026-09-24T21:46:13Z","refresh",5.90611506060576,NA
"dst",2026,3,"espn","CIN","2026-09-24T21:46:13Z","refresh",5.85200650266975,NA
"dst",2026,3,"espn","PIT","2026-09-24T21:46:13Z","refresh",5.84350376561828,NA
"dst",2026,3,"espn","CLE","2026-09-24T21:46:13Z","refresh",5.73521612408703,NA
"dst",2026,3,"espn","LV","2026-09-24T21:46:13Z","refresh",5.71083145655352,NA
"dst",2026,3,"espn","IND","2026-09-24T21:46:13Z","refresh",5.48907803256589,NA
"dst",2026,3,"espn","ATL","2026-09-24T21:46:13Z","refresh",5.21693997378271,NA
"dst",2026,3,"espn","NE","2026-09-24T21:46:13Z","refresh",5.20842471702416,NA
"dst",2026,3,"espn","DEN","2026-09-24T21:46:13Z","refresh",4.31369162067097,NA
"dst",2026,3,"espn","WAS","2026-09-24T21:46:13Z","refresh",4.19596566703705,NA
"dst",2026,3,"espn","BAL","2026-09-24T21:46:13Z","refresh",3.30893700501066,NA
"dst",2026,3,"espn","NYJ","2026-09-24T21:46:13Z","refresh",3.02569500301751,NA
"dst",2026,3,"espn","LAC","2026-09-24T21:46:13Z","refresh",2.10461294442848,NA
"dst",2026,3,"espn","ARI","2026-09-24T21:46:13Z","refresh",1.98688666066493,NA
"dst",2026,3,"espn","MIA","2026-09-24T21:46:13Z","refresh",1.8253292284367,NA
"dst",2026,3,"espn","DAL","2026-09-24T21:46:13Z","refresh",1.68624046447298,NA
"dst",2026,3,"yahoo","KC","2026-09-24T21:46:13Z","refresh",9.60072068111953,NA
"dst",2026,3,"yahoo","SEA","2026-09-24T21:46:13Z","refresh",8.83964957781588,NA
"dst",2026,3,"yahoo","CAR","2026-09-24T21:46:13Z","refresh",8.70040055941613,NA
"dst",2026,3,"yahoo","NO","2026-09-24T21:46:13Z","refresh",8.56626461818907,NA
"dst",2026,3,"yahoo","MIN","2026-09-24T21:46:13Z","refresh",8.51684589832606,NA
"dst",2026,3,"yahoo","JAX","2026-09-24T21:46:13Z","refresh",8.12265631495342,NA
"dst",2026,3,"yahoo","SF","2026-09-24T21:46:13Z","refresh",7.8873449268178,NA
"dst",2026,3,"yahoo","GB","2026-09-24T21:46:13Z","refresh",7.86847837280277,NA
"dst",2026,3,"yahoo","HOU","2026-09-24T21:46:13Z","refresh",7.85258849470197,NA
"dst",2026,3,"yahoo","BUF","2026-09-24T21:46:13Z","refresh",7.76886724926353,NA
"dst",2026,3,"yahoo","NYG","2026-09-24T21:46:13Z","refresh",7.63816800525106,NA
"dst",2026,3,"yahoo","DET","2026-09-24T21:46:13Z","refresh",7.49375150736092,NA
"dst",2026,3,"yahoo","CHI","2026-09-24T21:46:13Z","refresh",6.99329218899847,NA
"dst",2026,3,"yahoo","LA","2026-09-24T21:46:13Z","refresh",6.94366774132773,NA
"dst",2026,3,"yahoo","TB","2026-09-24T21:46:13Z","refresh",6.8906552116866,NA
"dst",2026,3,"yahoo","LV","2026-09-24T21:46:13Z","refresh",6.84620843517865,NA
"dst",2026,3,"yahoo","PIT","2026-09-24T21:46:13Z","refresh",6.78277157228778,NA
"dst",2026,3,"yahoo","NE","2026-09-24T21:46:13Z","refresh",6.53354682397477,NA
"dst",2026,3,"yahoo","CIN","2026-09-24T21:46:13Z","refresh",6.49330652382019,NA
"dst",2026,3,"yahoo","PHI","2026-09-24T21:46:13Z","refresh",6.4663571154873,NA
"dst",2026,3,"yahoo","TEN","2026-09-24T21:46:13Z","refresh",6.32596496424791,NA
"dst",2026,3,"yahoo","ATL","2026-09-24T21:46:13Z","refresh",6.29112555264899,NA
"dst",2026,3,"yahoo","IND","2026-09-24T21:46:13Z","refresh",6.27785444322459,NA
"dst",2026,3,"yahoo","CLE","2026-09-24T21:46:13Z","refresh",6.17714048963378,NA
"dst",2026,3,"yahoo","DEN","2026-09-24T21:46:13Z","refresh",5.3973503549198,NA
"dst",2026,3,"yahoo","WAS","2026-09-24T21:46:13Z","refresh",5.12025054667549,NA
"dst",2026,3,"yahoo","BAL","2026-09-24T21:46:13Z","refresh",5.07696405378543,NA
"dst",2026,3,"yahoo","NYJ","2026-09-24T21:46:13Z","refresh",4.65486644736142,NA
"dst",2026,3,"yahoo","LAC","2026-09-24T21:46:13Z","refresh",3.89201440373385,NA
"dst",2026,3,"yahoo","DAL","2026-09-24T21:46:13Z","refresh",3.67159701973497,NA
"dst",2026,3,"yahoo","ARI","2026-09-24T21:46:13Z","refresh",3.48629251813803,NA
"dst",2026,3,"yahoo","MIA","2026-09-24T21:46:13Z","refresh",3.29791517411657,NA
"dst",2026,3,"ffpc","KC","2026-09-24T21:46:13Z","refresh",10.6633364041088,NA
"dst",2026,3,"ffpc","SEA","2026-09-24T21:46:13Z","refresh",10.078764927836,NA
"dst",2026,3,"ffpc","CAR","2026-09-24T21:46:13Z","refresh",9.73917759387902,NA
"dst",2026,3,"ffpc","NO","2026-09-24T21:46:13Z","refresh",9.57348623296823,NA
"dst",2026,3,"ffpc","BUF","2026-09-24T21:46:13Z","refresh",9.10075199523384,NA
"dst",2026,3,"ffpc","NYG","2026-09-24T21:46:13Z","refresh",9.07982882153341,NA
"dst",2026,3,"ffpc","HOU","2026-09-24T21:46:13Z","refresh",8.882912968409,NA
"dst",2026,3,"ffpc","MIN","2026-09-24T21:46:13Z","refresh",8.82863586107085,NA
"dst",2026,3,"ffpc","JAX","2026-09-24T21:46:13Z","refresh",8.82552603675711,NA
"dst",2026,3,"ffpc","DET","2026-09-24T21:46:13Z","refresh",8.82496721301262,NA
"dst",2026,3,"ffpc","SF","2026-09-24T21:46:13Z","refresh",8.50664033489818,NA
"dst",2026,3,"ffpc","GB","2026-09-24T21:46:13Z","refresh",8.38960955119478,NA
"dst",2026,3,"ffpc","TB","2026-09-24T21:46:13Z","refresh",8.14784857273853,NA
"dst",2026,3,"ffpc","PHI","2026-09-24T21:46:13Z","refresh",8.0952935673539,NA
"dst",2026,3,"ffpc","LA","2026-09-24T21:46:13Z","refresh",7.89130204026373,NA
"dst",2026,3,"ffpc","TEN","2026-09-24T21:46:13Z","refresh",7.70924166537439,NA
"dst",2026,3,"ffpc","IND","2026-09-24T21:46:13Z","refresh",7.68573917542058,NA
"dst",2026,3,"ffpc","CHI","2026-09-24T21:46:13Z","refresh",7.6192096983438,NA
"dst",2026,3,"ffpc","CLE","2026-09-24T21:46:13Z","refresh",7.60759044939682,NA
"dst",2026,3,"ffpc","PIT","2026-09-24T21:46:13Z","refresh",7.58215657112223,NA
"dst",2026,3,"ffpc","CIN","2026-09-24T21:46:13Z","refresh",7.57536528813994,NA
"dst",2026,3,"ffpc","LV","2026-09-24T21:46:13Z","refresh",7.22076068245773,NA
"dst",2026,3,"ffpc","NE","2026-09-24T21:46:13Z","refresh",6.88940741958277,NA
"dst",2026,3,"ffpc","ATL","2026-09-24T21:46:13Z","refresh",6.63407263189169,NA
"dst",2026,3,"ffpc","DEN","2026-09-24T21:46:13Z","refresh",6.54396324325692,NA
"dst",2026,3,"ffpc","WAS","2026-09-24T21:46:13Z","refresh",6.40596941087974,NA
"dst",2026,3,"ffpc","BAL","2026-09-24T21:46:13Z","refresh",5.7541645400937,NA
"dst",2026,3,"ffpc","NYJ","2026-09-24T21:46:13Z","refresh",5.04557602475846,NA
"dst",2026,3,"ffpc","DAL","2026-09-24T21:46:13Z","refresh",4.93921952421209,NA
"dst",2026,3,"ffpc","LAC","2026-09-24T21:46:13Z","refresh",4.70152835783698,NA
"dst",2026,3,"ffpc","ARI","2026-09-24T21:46:13Z","refresh",4.55606744269656,NA
"dst",2026,3,"ffpc","MIA","2026-09-24T21:46:13Z","refresh",4.25419572320792,NA
"k",2026,3,"espn","HOU","2026-09-24T21:46:52Z","refresh",9.26598728595349,NA
"k",2026,3,"espn","NO","2026-09-24T21:46:52Z","refresh",9.10828481024614,NA
"k",2026,3,"espn","DAL","2026-09-24T21:46:52Z","refresh",9.0959956353628,NA
"k",2026,3,"espn","SF","2026-09-24T21:46:52Z","refresh",9.08439720913901,NA
"k",2026,3,"espn","DET","2026-09-24T21:46:52Z","refresh",9.04615051055058,NA
"k",2026,3,"espn","KC","2026-09-24T21:46:52Z","refresh",9.10100688804923,NA
"k",2026,3,"espn","SEA","2026-09-24T21:46:52Z","refresh",8.78640095711102,NA
"k",2026,3,"espn","CIN","2026-09-24T21:46:52Z","refresh",8.74906827655922,NA
"k",2026,3,"espn","MIN","2026-09-24T21:46:52Z","refresh",8.73877998139715,NA
"k",2026,3,"espn","TB","2026-09-24T21:46:52Z","refresh",8.61155800132524,NA
"k",2026,3,"espn","JAX","2026-09-24T21:46:52Z","refresh",8.60729198165861,NA
"k",2026,3,"espn","BUF","2026-09-24T21:46:52Z","refresh",8.59130763485185,NA
"k",2026,3,"espn","PHI","2026-09-24T21:46:52Z","refresh",8.41967818404521,NA
"k",2026,3,"espn","BAL","2026-09-24T21:46:52Z","refresh",8.42855739043668,NA
"k",2026,3,"espn","PIT","2026-09-24T21:46:52Z","refresh",8.37818990308702,NA
"k",2026,3,"espn","IND","2026-09-24T21:46:52Z","refresh",8.33864389374885,NA
"k",2026,3,"espn","NYJ","2026-09-24T21:46:52Z","refresh",8.24778058602158,NA
"k",2026,3,"espn","LV","2026-09-24T21:46:52Z","refresh",8.22361695281542,NA
"k",2026,3,"espn","GB","2026-09-24T21:46:52Z","refresh",8.02952727831557,NA
"k",2026,3,"espn","LA","2026-09-24T21:46:52Z","refresh",8.15613207458464,NA
"k",2026,3,"espn","DEN","2026-09-24T21:46:52Z","refresh",7.96452228589217,NA
"k",2026,3,"espn","ATL","2026-09-24T21:46:52Z","refresh",7.88687475430383,NA
"k",2026,3,"espn","LAC","2026-09-24T21:46:52Z","refresh",7.65988242621836,NA
"k",2026,3,"espn","CAR","2026-09-24T21:46:52Z","refresh",7.59071365734785,NA
"k",2026,3,"espn","CLE","2026-09-24T21:46:52Z","refresh",7.49165614611143,NA
"k",2026,3,"espn","NE","2026-09-24T21:46:52Z","refresh",7.52028920089385,NA
"k",2026,3,"espn","CHI","2026-09-24T21:46:52Z","refresh",7.2978335786066,NA
"k",2026,3,"espn","NYG","2026-09-24T21:46:52Z","refresh",7.0854833912588,NA
"k",2026,3,"espn","ARI","2026-09-24T21:46:52Z","refresh",7.02087779648876,NA
"k",2026,3,"espn","TEN","2026-09-24T21:46:52Z","refresh",6.92027795104826,NA
"k",2026,3,"espn","MIA","2026-09-24T21:46:52Z","refresh",6.62824172188146,NA
"k",2026,3,"espn","WAS","2026-09-24T21:46:52Z","refresh",6.33938901020613,NA
"k",2026,3,"dec","HOU","2026-09-24T21:46:52Z","refresh",9.70663636167205,NA
"k",2026,3,"dec","NO","2026-09-24T21:46:52Z","refresh",9.51347332631502,NA
"k",2026,3,"dec","DAL","2026-09-24T21:46:52Z","refresh",9.49963925319473,NA
"k",2026,3,"dec","SF","2026-09-24T21:46:52Z","refresh",9.39816420518901,NA
"k",2026,3,"dec","DET","2026-09-24T21:46:52Z","refresh",9.41762037882523,NA
"k",2026,3,"dec","KC","2026-09-24T21:46:52Z","refresh",9.41994890527577,NA
"k",2026,3,"dec","SEA","2026-09-24T21:46:52Z","refresh",9.156783450051,NA
"k",2026,3,"dec","CIN","2026-09-24T21:46:52Z","refresh",9.12365741827661,NA
"k",2026,3,"dec","MIN","2026-09-24T21:46:52Z","refresh",9.1100732215396,NA
"k",2026,3,"dec","TB","2026-09-24T21:46:52Z","refresh",9.01836792078159,NA
"k",2026,3,"dec","JAX","2026-09-24T21:46:52Z","refresh",8.94800336870129,NA
"k",2026,3,"dec","BUF","2026-09-24T21:46:52Z","refresh",8.88867186040526,NA
"k",2026,3,"dec","PHI","2026-09-24T21:46:52Z","refresh",8.80582417626995,NA
"k",2026,3,"dec","BAL","2026-09-24T21:46:52Z","refresh",8.70602350913367,NA
"k",2026,3,"dec","PIT","2026-09-24T21:46:52Z","refresh",8.81481352800506,NA
"k",2026,3,"dec","IND","2026-09-24T21:46:52Z","refresh",8.73044800643245,NA
"k",2026,3,"dec","NYJ","2026-09-24T21:46:52Z","refresh",8.6570799521453,NA
"k",2026,3,"dec","LV","2026-09-24T21:46:52Z","refresh",8.63207296265713,NA
"k",2026,3,"dec","GB","2026-09-24T21:46:52Z","refresh",8.36234403672573,NA
"k",2026,3,"dec","LA","2026-09-24T21:46:52Z","refresh",8.44182984401952,NA
"k",2026,3,"dec","DEN","2026-09-24T21:46:52Z","refresh",8.29835948064335,NA
"k",2026,3,"dec","ATL","2026-09-24T21:46:52Z","refresh",8.2907552381681,NA
"k",2026,3,"dec","LAC","2026-09-24T21:46:52Z","refresh",8.00725616522452,NA
"k",2026,3,"dec","CAR","2026-09-24T21:46:52Z","refresh",7.91949441816528,NA
"k",2026,3,"dec","CLE","2026-09-24T21:46:52Z","refresh",7.83980582282972,NA
"k",2026,3,"dec","NE","2026-09-24T21:46:52Z","refresh",7.85729463654075,NA
"k",2026,3,"dec","CHI","2026-09-24T21:46:52Z","refresh",7.67988467072986,NA
"k",2026,3,"dec","NYG","2026-09-24T21:46:52Z","refresh",7.40518692218382,NA
"k",2026,3,"dec","ARI","2026-09-24T21:46:52Z","refresh",7.35427558783317,NA
"k",2026,3,"dec","TEN","2026-09-24T21:46:52Z","refresh",7.29129530769121,NA
"k",2026,3,"dec","MIA","2026-09-24T21:46:52Z","refresh",6.95998864257488,NA
"k",2026,3,"dec","WAS","2026-09-24T21:46:52Z","refresh",6.68278397457186,NA
"dst",2026,3,"espn","KC","2026-09-24T22:55:16Z","refresh",9.62356792888062,NA
"dst",2026,3,"espn","SEA","2026-09-24T22:55:16Z","refresh",9.14382302967396,NA
"dst",2026,3,"espn","CAR","2026-09-24T22:55:16Z","refresh",8.23816881797692,NA
"dst",2026,3,"espn","NYG","2026-09-24T22:55:16Z","refresh",8.05258446701654,NA
"dst",2026,3,"espn","NO","2026-09-24T22:55:16Z","refresh",8.04609964891276,NA
"dst",2026,3,"espn","MIN","2026-09-24T22:55:16Z","refresh",7.85981404044269,NA
"dst",2026,3,"espn","GB","2026-09-24T22:55:16Z","refresh",7.54194274281088,NA
"dst",2026,3,"espn","SF","2026-09-24T22:55:16Z","refresh",7.4458205680434,NA
"dst",2026,3,"espn","HOU","2026-09-24T22:55:16Z","refresh",7.4130173379088,NA
"dst",2026,3,"espn","JAX","2026-09-24T22:55:16Z","refresh",7.35811975107347,NA
"dst",2026,3,"espn","BUF","2026-09-24T22:55:16Z","refresh",6.8714984269844,NA
"dst",2026,3,"espn","DET","2026-09-24T22:55:16Z","refresh",6.84512287670061,NA
"dst",2026,3,"espn","PHI","2026-09-24T22:55:16Z","refresh",6.53629033270476,NA
"dst",2026,3,"espn","LA","2026-09-24T22:55:16Z","refresh",6.47015305516031,NA
"dst",2026,3,"espn","CIN","2026-09-24T22:55:16Z","refresh",6.4316251814847,NA
"dst",2026,3,"espn","TB","2026-09-24T22:55:16Z","refresh",6.19102889596727,NA
"dst",2026,3,"espn","TEN","2026-09-24T22:55:16Z","refresh",6.1458565795174,NA
"dst",2026,3,"espn","LV","2026-09-24T22:55:16Z","refresh",6.05143827944532,NA
"dst",2026,3,"espn","CHI","2026-09-24T22:55:16Z","refresh",5.98457038134444,NA
"dst",2026,3,"espn","PIT","2026-09-24T22:55:16Z","refresh",5.84747591570066,NA
"dst",2026,3,"espn","CLE","2026-09-24T22:55:16Z","refresh",5.53939463202787,NA
"dst",2026,3,"espn","ATL","2026-09-24T22:55:16Z","refresh",5.38365491433831,NA
"dst",2026,3,"espn","IND","2026-09-24T22:55:16Z","refresh",5.37544147310885,NA
"dst",2026,3,"espn","NE","2026-09-24T22:55:16Z","refresh",5.2576484070771,NA
"dst",2026,3,"espn","DEN","2026-09-24T22:55:16Z","refresh",4.27169492598468,NA
"dst",2026,3,"espn","WAS","2026-09-24T22:55:16Z","refresh",4.20424192965339,NA
"dst",2026,3,"espn","BAL","2026-09-24T22:55:16Z","refresh",3.72725546753844,NA
"dst",2026,3,"espn","NYJ","2026-09-24T22:55:16Z","refresh",2.97021559690515,NA
"dst",2026,3,"espn","LAC","2026-09-24T22:55:16Z","refresh",2.18047309017271,NA
"dst",2026,3,"espn","MIA","2026-09-24T22:55:16Z","refresh",1.74991449143837,NA
"dst",2026,3,"espn","DAL","2026-09-24T22:55:16Z","refresh",1.74876236270761,NA
"dst",2026,3,"espn","ARI","2026-09-24T22:55:16Z","refresh",1.65649848512953,NA
"dst",2026,3,"yahoo","KC","2026-09-24T22:55:16Z","refresh",9.75148368411415,NA
"dst",2026,3,"yahoo","SEA","2026-09-24T22:55:16Z","refresh",8.93849937976599,NA
"dst",2026,3,"yahoo","CAR","2026-09-24T22:55:16Z","refresh",8.59171079360398,NA
"dst",2026,3,"yahoo","NO","2026-09-24T22:55:16Z","refresh",8.2538921662034,NA
"dst",2026,3,"yahoo","NYG","2026-09-24T22:55:16Z","refresh",8.07462818716619,NA
"dst",2026,3,"yahoo","MIN","2026-09-24T22:55:16Z","refresh",7.95011824200319,NA
"dst",2026,3,"yahoo","BUF","2026-09-24T22:55:16Z","refresh",7.87099791497767,NA
"dst",2026,3,"yahoo","JAX","2026-09-24T22:55:16Z","refresh",7.87023657423787,NA
"dst",2026,3,"yahoo","HOU","2026-09-24T22:55:16Z","refresh",7.79512551626712,NA
"dst",2026,3,"yahoo","DET","2026-09-24T22:55:16Z","refresh",7.7794753581184,NA
"dst",2026,3,"yahoo","GB","2026-09-24T22:55:16Z","refresh",7.65600296244391,NA
"dst",2026,3,"yahoo","SF","2026-09-24T22:55:16Z","refresh",7.52725467262556,NA
"dst",2026,3,"yahoo","LA","2026-09-24T22:55:16Z","refresh",7.02029743736306,NA
"dst",2026,3,"yahoo","PHI","2026-09-24T22:55:16Z","refresh",6.79481809473429,NA
"dst",2026,3,"yahoo","TB","2026-09-24T22:55:16Z","refresh",6.76479353082504,NA
"dst",2026,3,"yahoo","LV","2026-09-24T22:55:16Z","refresh",6.59779395953732,NA
"dst",2026,3,"yahoo","CIN","2026-09-24T22:55:16Z","refresh",6.59391099487263,NA
"dst",2026,3,"yahoo","TEN","2026-09-24T22:55:16Z","refresh",6.59221472171316,NA
"dst",2026,3,"yahoo","CHI","2026-09-24T22:55:16Z","refresh",6.57773040369811,NA
"dst",2026,3,"yahoo","IND","2026-09-24T22:55:16Z","refresh",6.55644812453351,NA
"dst",2026,3,"yahoo","PIT","2026-09-24T22:55:16Z","refresh",6.54463012088211,NA
"dst",2026,3,"yahoo","CLE","2026-09-24T22:55:16Z","refresh",6.54336178351863,NA
"dst",2026,3,"yahoo","ATL","2026-09-24T22:55:16Z","refresh",6.08336546388502,NA
"dst",2026,3,"yahoo","NE","2026-09-24T22:55:16Z","refresh",5.98041141352229,NA
"dst",2026,3,"yahoo","DEN","2026-09-24T22:55:16Z","refresh",5.59707743062082,NA
"dst",2026,3,"yahoo","WAS","2026-09-24T22:55:16Z","refresh",5.27033901218282,NA
"dst",2026,3,"yahoo","BAL","2026-09-24T22:55:16Z","refresh",5.0772176930529,NA
"dst",2026,3,"yahoo","NYJ","2026-09-24T22:55:16Z","refresh",4.43251773871864,NA
"dst",2026,3,"yahoo","LAC","2026-09-24T22:55:16Z","refresh",4.08891975901198,NA
"dst",2026,3,"yahoo","DAL","2026-09-24T22:55:16Z","refresh",4.06123320894048,NA
"dst",2026,3,"yahoo","ARI","2026-09-24T22:55:16Z","refresh",3.67922144173815,NA
"dst",2026,3,"yahoo","MIA","2026-09-24T22:55:16Z","refresh",3.50332292996001,NA
"dst",2026,3,"ffpc","KC","2026-09-24T22:55:16Z","refresh",10.9264230508565,NA
"dst",2026,3,"ffpc","SEA","2026-09-24T22:55:16Z","refresh",10.1892517220918,NA
"dst",2026,3,"ffpc","CAR","2026-09-24T22:55:16Z","refresh",9.76003731527042,NA
"dst",2026,3,"ffpc","NO","2026-09-24T22:55:16Z","refresh",9.34522581681673,NA
"dst",2026,3,"ffpc","NYG","2026-09-24T22:55:16Z","refresh",9.24485177180549,NA
"dst",2026,3,"ffpc","MIN","2026-09-24T22:55:16Z","refresh",8.97981304293877,NA
"dst",2026,3,"ffpc","JAX","2026-09-24T22:55:16Z","refresh",8.92016459805786,NA
"dst",2026,3,"ffpc","BUF","2026-09-24T22:55:16Z","refresh",8.89574528104545,NA
"dst",2026,3,"ffpc","HOU","2026-09-24T22:55:16Z","refresh",8.80879970081542,NA
"dst",2026,3,"ffpc","DET","2026-09-24T22:55:16Z","refresh",8.76959108175677,NA
"dst",2026,3,"ffpc","GB","2026-09-24T22:55:16Z","refresh",8.76118605292427,NA
"dst",2026,3,"ffpc","SF","2026-09-24T22:55:16Z","refresh",8.63096491103119,NA
"dst",2026,3,"ffpc","LA","2026-09-24T22:55:16Z","refresh",8.01113419753357,NA
"dst",2026,3,"ffpc","PHI","2026-09-24T22:55:16Z","refresh",7.9624304057235,NA
"dst",2026,3,"ffpc","TB","2026-09-24T22:55:16Z","refresh",7.77403547547082,NA
"dst",2026,3,"ffpc","TEN","2026-09-24T22:55:16Z","refresh",7.6586718234042,NA
"dst",2026,3,"ffpc","CIN","2026-09-24T22:55:16Z","refresh",7.65019166100498,NA
"dst",2026,3,"ffpc","CHI","2026-09-24T22:55:16Z","refresh",7.61549037480849,NA
"dst",2026,3,"ffpc","IND","2026-09-24T22:55:16Z","refresh",7.59404176483107,NA
"dst",2026,3,"ffpc","PIT","2026-09-24T22:55:16Z","refresh",7.49931071927176,NA
"dst",2026,3,"ffpc","CLE","2026-09-24T22:55:16Z","refresh",7.4734833773929,NA
"dst",2026,3,"ffpc","LV","2026-09-24T22:55:16Z","refresh",7.44942073489018,NA
"dst",2026,3,"ffpc","NE","2026-09-24T22:55:16Z","refresh",6.95266055249024,NA
"dst",2026,3,"ffpc","ATL","2026-09-24T22:55:16Z","refresh",6.93549017031273,NA
"dst",2026,3,"ffpc","DEN","2026-09-24T22:55:16Z","refresh",6.44935748256402,NA
"dst",2026,3,"ffpc","WAS","2026-09-24T22:55:16Z","refresh",6.24393899483746,NA
"dst",2026,3,"ffpc","BAL","2026-09-24T22:55:16Z","refresh",5.90607316403179,NA
"dst",2026,3,"ffpc","NYJ","2026-09-24T22:55:16Z","refresh",5.14255524286912,NA
"dst",2026,3,"ffpc","DAL","2026-09-24T22:55:16Z","refresh",4.84917169938877,NA
"dst",2026,3,"ffpc","LAC","2026-09-24T22:55:16Z","refresh",4.77110425245,NA
"dst",2026,3,"ffpc","ARI","2026-09-24T22:55:16Z","refresh",4.45478949757126,NA
"dst",2026,3,"ffpc","MIA","2026-09-24T22:55:16Z","refresh",4.21223687492047,NA
"k",2026,3,"espn","HOU","2026-09-24T22:55:59Z","refresh",9.26598728595349,NA
"k",2026,3,"espn","NO","2026-09-24T22:55:59Z","refresh",9.10828481024614,NA
"k",2026,3,"espn","DAL","2026-09-24T22:55:59Z","refresh",9.0959956353628,NA
"k",2026,3,"espn","SF","2026-09-24T22:55:59Z","refresh",9.08439720913901,NA
"k",2026,3,"espn","DET","2026-09-24T22:55:59Z","refresh",9.04615051055058,NA
"k",2026,3,"espn","KC","2026-09-24T22:55:59Z","refresh",9.10100688804923,NA
"k",2026,3,"espn","SEA","2026-09-24T22:55:59Z","refresh",8.78640095711102,NA
"k",2026,3,"espn","CIN","2026-09-24T22:55:59Z","refresh",8.74906827655922,NA
"k",2026,3,"espn","MIN","2026-09-24T22:55:59Z","refresh",8.73877998139715,NA
"k",2026,3,"espn","TB","2026-09-24T22:55:59Z","refresh",8.61155800132524,NA
"k",2026,3,"espn","JAX","2026-09-24T22:55:59Z","refresh",8.60729198165861,NA
"k",2026,3,"espn","BUF","2026-09-24T22:55:59Z","refresh",8.53203556365318,NA
"k",2026,3,"espn","PHI","2026-09-24T22:55:59Z","refresh",8.41967818404521,NA
"k",2026,3,"espn","BAL","2026-09-24T22:55:59Z","refresh",8.42855739043668,NA
"k",2026,3,"espn","PIT","2026-09-24T22:55:59Z","refresh",8.37818990308702,NA
"k",2026,3,"espn","IND","2026-09-24T22:55:59Z","refresh",8.33864389374885,NA
"k",2026,3,"espn","NYJ","2026-09-24T22:55:59Z","refresh",8.24778058602158,NA
"k",2026,3,"espn","LV","2026-09-24T22:55:59Z","refresh",8.22361695281542,NA
"k",2026,3,"espn","LA","2026-09-24T22:55:59Z","refresh",8.15613207458464,NA
"k",2026,3,"espn","GB","2026-09-24T22:55:59Z","refresh",8.02952727831557,NA
"k",2026,3,"espn","DEN","2026-09-24T22:55:59Z","refresh",7.96452228589217,NA
"k",2026,3,"espn","ATL","2026-09-24T22:55:59Z","refresh",7.88687475430383,NA
"k",2026,3,"espn","LAC","2026-09-24T22:55:59Z","refresh",7.70704546710953,NA
"k",2026,3,"espn","CAR","2026-09-24T22:55:59Z","refresh",7.59071365734785,NA
"k",2026,3,"espn","CLE","2026-09-24T22:55:59Z","refresh",7.49165614611143,NA
"k",2026,3,"espn","NE","2026-09-24T22:55:59Z","refresh",7.52028920089385,NA
"k",2026,3,"espn","CHI","2026-09-24T22:55:59Z","refresh",7.29783357860659,NA
"k",2026,3,"espn","NYG","2026-09-24T22:55:59Z","refresh",7.0854833912588,NA
"k",2026,3,"espn","ARI","2026-09-24T22:55:59Z","refresh",7.02087779648876,NA
"k",2026,3,"espn","TEN","2026-09-24T22:55:59Z","refresh",6.92027795104826,NA
"k",2026,3,"espn","MIA","2026-09-24T22:55:59Z","refresh",6.62824172188146,NA
"k",2026,3,"espn","WAS","2026-09-24T22:55:59Z","refresh",6.33938901020613,NA
"k",2026,3,"dec","HOU","2026-09-24T22:55:59Z","refresh",9.70663636167205,NA
"k",2026,3,"dec","NO","2026-09-24T22:55:59Z","refresh",9.51347332631502,NA
"k",2026,3,"dec","DAL","2026-09-24T22:55:59Z","refresh",9.49963925319473,NA
"k",2026,3,"dec","SF","2026-09-24T22:55:59Z","refresh",9.39816420518901,NA
"k",2026,3,"dec","DET","2026-09-24T22:55:59Z","refresh",9.41762037882523,NA
"k",2026,3,"dec","KC","2026-09-24T22:55:59Z","refresh",9.41994890527577,NA
"k",2026,3,"dec","SEA","2026-09-24T22:55:59Z","refresh",9.156783450051,NA
"k",2026,3,"dec","CIN","2026-09-24T22:55:59Z","refresh",9.12365741827661,NA
"k",2026,3,"dec","MIN","2026-09-24T22:55:59Z","refresh",9.1100732215396,NA
"k",2026,3,"dec","TB","2026-09-24T22:55:59Z","refresh",9.01836792078159,NA
"k",2026,3,"dec","JAX","2026-09-24T22:55:59Z","refresh",8.94800336870129,NA
"k",2026,3,"dec","BUF","2026-09-24T22:55:59Z","refresh",8.83046019221728,NA
"k",2026,3,"dec","PHI","2026-09-24T22:55:59Z","refresh",8.80582417626995,NA
"k",2026,3,"dec","BAL","2026-09-24T22:55:59Z","refresh",8.70602350913368,NA
"k",2026,3,"dec","PIT","2026-09-24T22:55:59Z","refresh",8.81481352800506,NA
"k",2026,3,"dec","IND","2026-09-24T22:55:59Z","refresh",8.73044800643245,NA
"k",2026,3,"dec","NYJ","2026-09-24T22:55:59Z","refresh",8.65707995214529,NA
"k",2026,3,"dec","LV","2026-09-24T22:55:59Z","refresh",8.63207296265713,NA
"k",2026,3,"dec","LA","2026-09-24T22:55:59Z","refresh",8.44182984401952,NA
"k",2026,3,"dec","GB","2026-09-24T22:55:59Z","refresh",8.36234403672573,NA
"k",2026,3,"dec","DEN","2026-09-24T22:55:59Z","refresh",8.29835948064335,NA
"k",2026,3,"dec","ATL","2026-09-24T22:55:59Z","refresh",8.2907552381681,NA
"k",2026,3,"dec","LAC","2026-09-24T22:55:59Z","refresh",8.05332876764093,NA
"k",2026,3,"dec","CAR","2026-09-24T22:55:59Z","refresh",7.91949441816528,NA
"k",2026,3,"dec","CLE","2026-09-24T22:55:59Z","refresh",7.83980582282972,NA
"k",2026,3,"dec","NE","2026-09-24T22:55:59Z","refresh",7.85729463654075,NA
"k",2026,3,"dec","CHI","2026-09-24T22:55:59Z","refresh",7.67988467072986,NA
"k",2026,3,"dec","NYG","2026-09-24T22:55:59Z","refresh",7.40518692218382,NA
"k",2026,3,"dec","ARI","2026-09-24T22:55:59Z","refresh",7.35427558783317,NA
"k",2026,3,"dec","TEN","2026-09-24T22:55:59Z","refresh",7.29129530769121,NA
"k",2026,3,"dec","MIA","2026-09-24T22:55:59Z","refresh",6.95998864257488,NA
"k",2026,3,"dec","WAS","2026-09-24T22:55:59Z","refresh",6.68278397457186,NA
"dst",2026,3,"espn","KC","2026-09-24T23:13:07Z","refresh",9.63316564843841,NA
"dst",2026,3,"espn","SEA","2026-09-24T23:13:07Z","refresh",9.34487890802948,NA
"dst",2026,3,"espn","CAR","2026-09-24T23:13:07Z","refresh",8.55589395032358,NA
"dst",2026,3,"espn","NO","2026-09-24T23:13:07Z","refresh",8.26183339238679,NA
"dst",2026,3,"espn","NYG","2026-09-24T23:13:07Z","refresh",8.04535253279995,NA
"dst",2026,3,"espn","MIN","2026-09-24T23:13:07Z","refresh",7.94866217255415,NA
"dst",2026,3,"espn","GB","2026-09-24T23:13:07Z","refresh",7.62842146981211,NA
"dst",2026,3,"espn","SF","2026-09-24T23:13:07Z","refresh",7.48942946637642,NA
"dst",2026,3,"espn","JAX","2026-09-24T23:13:07Z","refresh",7.46135985272553,NA
"dst",2026,3,"espn","HOU","2026-09-24T23:13:07Z","refresh",7.44556689710712,NA
"dst",2026,3,"espn","DET","2026-09-24T23:13:07Z","refresh",7.00216502732844,NA
"dst",2026,3,"espn","BUF","2026-09-24T23:13:07Z","refresh",6.9744828588036,NA
"dst",2026,3,"espn","PHI","2026-09-24T23:13:07Z","refresh",6.83350527595428,NA
"dst",2026,3,"espn","LA","2026-09-24T23:13:07Z","refresh",6.56189522765162,NA
"dst",2026,3,"espn","TB","2026-09-24T23:13:07Z","refresh",6.4636789198715,NA
"dst",2026,3,"espn","CIN","2026-09-24T23:13:07Z","refresh",6.46064582100875,NA
"dst",2026,3,"espn","TEN","2026-09-24T23:13:07Z","refresh",6.33603560424759,NA
"dst",2026,3,"espn","CHI","2026-09-24T23:13:07Z","refresh",6.05770620080513,NA
"dst",2026,3,"espn","LV","2026-09-24T23:13:07Z","refresh",5.93352844257771,NA
"dst",2026,3,"espn","PIT","2026-09-24T23:13:07Z","refresh",5.86327966551805,NA
"dst",2026,3,"espn","CLE","2026-09-24T23:13:07Z","refresh",5.53430969667051,NA
"dst",2026,3,"espn","ATL","2026-09-24T23:13:07Z","refresh",5.35073508886243,NA
"dst",2026,3,"espn","IND","2026-09-24T23:13:07Z","refresh",5.3063683938456,NA
"dst",2026,3,"espn","NE","2026-09-24T23:13:07Z","refresh",5.20136289506182,NA
"dst",2026,3,"espn","WAS","2026-09-24T23:13:07Z","refresh",4.33316499321698,NA
"dst",2026,3,"espn","DEN","2026-09-24T23:13:07Z","refresh",4.27870510107503,NA
"dst",2026,3,"espn","BAL","2026-09-24T23:13:07Z","refresh",3.72529436196687,NA
"dst",2026,3,"espn","NYJ","2026-09-24T23:13:07Z","refresh",3.00518522707795,NA
"dst",2026,3,"espn","LAC","2026-09-24T23:13:07Z","refresh",2.28501668025987,NA
"dst",2026,3,"espn","MIA","2026-09-24T23:13:07Z","refresh",1.94069446976679,NA
"dst",2026,3,"espn","DAL","2026-09-24T23:13:07Z","refresh",1.78775742044702,NA
"dst",2026,3,"espn","ARI","2026-09-24T23:13:07Z","refresh",1.65362247255604,NA
"dst",2026,3,"yahoo","KC","2026-09-24T23:13:07Z","refresh",9.60071437486353,NA
"dst",2026,3,"yahoo","SEA","2026-09-24T23:13:07Z","refresh",8.74735069540936,NA
"dst",2026,3,"yahoo","CAR","2026-09-24T23:13:07Z","refresh",8.69645892680895,NA
"dst",2026,3,"yahoo","NO","2026-09-24T23:13:07Z","refresh",8.6099807912982,NA
"dst",2026,3,"yahoo","MIN","2026-09-24T23:13:07Z","refresh",8.10038468402704,NA
"dst",2026,3,"yahoo","JAX","2026-09-24T23:13:07Z","refresh",8.09355746271574,NA
"dst",2026,3,"yahoo","BUF","2026-09-24T23:13:07Z","refresh",7.85439818056568,NA
"dst",2026,3,"yahoo","HOU","2026-09-24T23:13:07Z","refresh",7.72818979647471,NA
"dst",2026,3,"yahoo","NYG","2026-09-24T23:13:07Z","refresh",7.721169638243,NA
"dst",2026,3,"yahoo","GB","2026-09-24T23:13:07Z","refresh",7.63509628408712,NA
"dst",2026,3,"yahoo","SF","2026-09-24T23:13:07Z","refresh",7.62522006171586,NA
"dst",2026,3,"yahoo","DET","2026-09-24T23:13:07Z","refresh",7.46826917967022,NA
"dst",2026,3,"yahoo","LA","2026-09-24T23:13:07Z","refresh",7.11924666862271,NA
"dst",2026,3,"yahoo","PHI","2026-09-24T23:13:07Z","refresh",6.78239727056828,NA
"dst",2026,3,"yahoo","TB","2026-09-24T23:13:07Z","refresh",6.77536833126574,NA
"dst",2026,3,"yahoo","CHI","2026-09-24T23:13:07Z","refresh",6.7449681039996,NA
"dst",2026,3,"yahoo","LV","2026-09-24T23:13:07Z","refresh",6.63923499598877,NA
"dst",2026,3,"yahoo","PIT","2026-09-24T23:13:07Z","refresh",6.62682372279426,NA
"dst",2026,3,"yahoo","IND","2026-09-24T23:13:07Z","refresh",6.62217487430664,NA
"dst",2026,3,"yahoo","TEN","2026-09-24T23:13:07Z","refresh",6.39077244123284,NA
"dst",2026,3,"yahoo","CIN","2026-09-24T23:13:07Z","refresh",6.38133857196084,NA
"dst",2026,3,"yahoo","CLE","2026-09-24T23:13:07Z","refresh",6.34735850739517,NA
"dst",2026,3,"yahoo","ATL","2026-09-24T23:13:07Z","refresh",6.02563202227235,NA
"dst",2026,3,"yahoo","NE","2026-09-24T23:13:07Z","refresh",6.00371355097084,NA
"dst",2026,3,"yahoo","DEN","2026-09-24T23:13:07Z","refresh",5.53043451761324,NA
"dst",2026,3,"yahoo","WAS","2026-09-24T23:13:07Z","refresh",5.28391552276033,NA
"dst",2026,3,"yahoo","BAL","2026-09-24T23:13:07Z","refresh",4.82279146378435,NA
"dst",2026,3,"yahoo","NYJ","2026-09-24T23:13:07Z","refresh",4.51143221520853,NA
"dst",2026,3,"yahoo","LAC","2026-09-24T23:13:07Z","refresh",4.23955516201558,NA
"dst",2026,3,"yahoo","DAL","2026-09-24T23:13:07Z","refresh",3.66993718332679,NA
"dst",2026,3,"yahoo","ARI","2026-09-24T23:13:07Z","refresh",3.65185985920708,NA
"dst",2026,3,"yahoo","MIA","2026-09-24T23:13:07Z","refresh",3.65057889943964,NA
"dst",2026,3,"ffpc","KC","2026-09-24T23:13:07Z","refresh",10.7807363184096,NA
"dst",2026,3,"ffpc","SEA","2026-09-24T23:13:07Z","refresh",10.1093232210575,NA
"dst",2026,3,"ffpc","CAR","2026-09-24T23:13:07Z","refresh",10.0417511682213,NA
"dst",2026,3,"ffpc","NO","2026-09-24T23:13:07Z","refresh",9.61921536005166,NA
"dst",2026,3,"ffpc","MIN","2026-09-24T23:13:07Z","refresh",9.07422707187539,NA
"dst",2026,3,"ffpc","JAX","2026-09-24T23:13:07Z","refresh",9.04583080324693,NA
"dst",2026,3,"ffpc","NYG","2026-09-24T23:13:07Z","refresh",9.02196895105932,NA
"dst",2026,3,"ffpc","BUF","2026-09-24T23:13:07Z","refresh",8.8767272861364,NA
"dst",2026,3,"ffpc","GB","2026-09-24T23:13:07Z","refresh",8.75307146431979,NA
"dst",2026,3,"ffpc","DET","2026-09-24T23:13:07Z","refresh",8.7442600385685,NA
"dst",2026,3,"ffpc","HOU","2026-09-24T23:13:07Z","refresh",8.72221889742301,NA
"dst",2026,3,"ffpc","SF","2026-09-24T23:13:07Z","refresh",8.62784360996239,NA
"dst",2026,3,"ffpc","LA","2026-09-24T23:13:07Z","refresh",8.09059671447182,NA
"dst",2026,3,"ffpc","TB","2026-09-24T23:13:07Z","refresh",8.01809138742489,NA
"dst",2026,3,"ffpc","PHI","2026-09-24T23:13:07Z","refresh",7.93769459507132,NA
"dst",2026,3,"ffpc","CHI","2026-09-24T23:13:07Z","refresh",7.71097500535841,NA
"dst",2026,3,"ffpc","TEN","2026-09-24T23:13:07Z","refresh",7.5323247380587,NA
"dst",2026,3,"ffpc","PIT","2026-09-24T23:13:07Z","refresh",7.46603395510262,NA
"dst",2026,3,"ffpc","CLE","2026-09-24T23:13:07Z","refresh",7.45463267202754,NA
"dst",2026,3,"ffpc","LV","2026-09-24T23:13:07Z","refresh",7.44926898795107,NA
"dst",2026,3,"ffpc","IND","2026-09-24T23:13:07Z","refresh",7.42350196211305,NA
"dst",2026,3,"ffpc","CIN","2026-09-24T23:13:07Z","refresh",7.4071006588167,NA
"dst",2026,3,"ffpc","ATL","2026-09-24T23:13:07Z","refresh",7.01441774956698,NA
"dst",2026,3,"ffpc","NE","2026-09-24T23:13:07Z","refresh",6.93840409112373,NA
"dst",2026,3,"ffpc","DEN","2026-09-24T23:13:07Z","refresh",6.3830502981026,NA
"dst",2026,3,"ffpc","WAS","2026-09-24T23:13:07Z","refresh",6.27739110309092,NA
"dst",2026,3,"ffpc","BAL","2026-09-24T23:13:07Z","refresh",5.75162804275147,NA
"dst",2026,3,"ffpc","NYJ","2026-09-24T23:13:07Z","refresh",5.24666056225744,NA
"dst",2026,3,"ffpc","LAC","2026-09-24T23:13:07Z","refresh",4.7911928194828,NA
"dst",2026,3,"ffpc","DAL","2026-09-24T23:13:07Z","refresh",4.74134529138805,NA
"dst",2026,3,"ffpc","ARI","2026-09-24T23:13:07Z","refresh",4.37706993512593,NA
"dst",2026,3,"ffpc","MIA","2026-09-24T23:13:07Z","refresh",4.34531896910898,NA
"k",2026,3,"espn","HOU","2026-09-24T23:13:37Z","refresh",9.26598728595349,NA
"k",2026,3,"espn","NO","2026-09-24T23:13:37Z","refresh",9.10828481024614,NA
"k",2026,3,"espn","DAL","2026-09-24T23:13:37Z","refresh",9.0959956353628,NA
"k",2026,3,"espn","SF","2026-09-24T23:13:37Z","refresh",9.08439720913901,NA
"k",2026,3,"espn","DET","2026-09-24T23:13:37Z","refresh",9.04615051055058,NA
"k",2026,3,"espn","KC","2026-09-24T23:13:37Z","refresh",9.10100688804923,NA
"k",2026,3,"espn","SEA","2026-09-24T23:13:37Z","refresh",8.78640095711102,NA
"k",2026,3,"espn","CIN","2026-09-24T23:13:37Z","refresh",8.74906827655922,NA
"k",2026,3,"espn","MIN","2026-09-24T23:13:37Z","refresh",8.73877998139715,NA
"k",2026,3,"espn","TB","2026-09-24T23:13:37Z","refresh",8.61155800132524,NA
"k",2026,3,"espn","JAX","2026-09-24T23:13:37Z","refresh",8.60729198165861,NA
"k",2026,3,"espn","BUF","2026-09-24T23:13:37Z","refresh",8.53203556365318,NA
"k",2026,3,"espn","PHI","2026-09-24T23:13:37Z","refresh",8.41967818404521,NA
"k",2026,3,"espn","BAL","2026-09-24T23:13:37Z","refresh",8.42855739043668,NA
"k",2026,3,"espn","PIT","2026-09-24T23:13:37Z","refresh",8.37818990308702,NA
"k",2026,3,"espn","IND","2026-09-24T23:13:37Z","refresh",8.33864389374885,NA
"k",2026,3,"espn","NYJ","2026-09-24T23:13:37Z","refresh",8.24778058602158,NA
"k",2026,3,"espn","LV","2026-09-24T23:13:37Z","refresh",8.22361695281542,NA
"k",2026,3,"espn","LA","2026-09-24T23:13:37Z","refresh",8.15613207458464,NA
"k",2026,3,"espn","GB","2026-09-24T23:13:37Z","refresh",8.02952727831557,NA
"k",2026,3,"espn","DEN","2026-09-24T23:13:37Z","refresh",7.96452228589217,NA
"k",2026,3,"espn","ATL","2026-09-24T23:13:37Z","refresh",7.88687475430383,NA
"k",2026,3,"espn","LAC","2026-09-24T23:13:37Z","refresh",7.70704546710953,NA
"k",2026,3,"espn","CAR","2026-09-24T23:13:37Z","refresh",7.59071365734785,NA
"k",2026,3,"espn","CLE","2026-09-24T23:13:37Z","refresh",7.49165614611143,NA
"k",2026,3,"espn","NE","2026-09-24T23:13:37Z","refresh",7.52028920089385,NA
"k",2026,3,"espn","CHI","2026-09-24T23:13:37Z","refresh",7.29783357860659,NA
"k",2026,3,"espn","NYG","2026-09-24T23:13:37Z","refresh",7.0854833912588,NA
"k",2026,3,"espn","ARI","2026-09-24T23:13:37Z","refresh",7.02087779648876,NA
"k",2026,3,"espn","TEN","2026-09-24T23:13:37Z","refresh",6.92027795104826,NA
"k",2026,3,"espn","MIA","2026-09-24T23:13:37Z","refresh",6.62824172188146,NA
"k",2026,3,"espn","WAS","2026-09-24T23:13:37Z","refresh",6.33938901020613,NA
"k",2026,3,"dec","HOU","2026-09-24T23:13:37Z","refresh",9.70663636167205,NA
"k",2026,3,"dec","NO","2026-09-24T23:13:37Z","refresh",9.51347332631502,NA
"k",2026,3,"dec","DAL","2026-09-24T23:13:37Z","refresh",9.49963925319473,NA
"k",2026,3,"dec","SF","2026-09-24T23:13:37Z","refresh",9.39816420518901,NA
"k",2026,3,"dec","DET","2026-09-24T23:13:37Z","refresh",9.41762037882523,NA
"k",2026,3,"dec","KC","2026-09-24T23:13:37Z","refresh",9.41994890527577,NA
"k",2026,3,"dec","SEA","2026-09-24T23:13:37Z","refresh",9.156783450051,NA
"k",2026,3,"dec","CIN","2026-09-24T23:13:37Z","refresh",9.12365741827661,NA
"k",2026,3,"dec","MIN","2026-09-24T23:13:37Z","refresh",9.1100732215396,NA
"k",2026,3,"dec","TB","2026-09-24T23:13:37Z","refresh",9.01836792078159,NA
"k",2026,3,"dec","JAX","2026-09-24T23:13:37Z","refresh",8.94800336870129,NA
"k",2026,3,"dec","BUF","2026-09-24T23:13:37Z","refresh",8.83046019221728,NA
"k",2026,3,"dec","PHI","2026-09-24T23:13:37Z","refresh",8.80582417626995,NA
"k",2026,3,"dec","BAL","2026-09-24T23:13:37Z","refresh",8.70602350913368,NA
"k",2026,3,"dec","PIT","2026-09-24T23:13:37Z","refresh",8.81481352800506,NA
"k",2026,3,"dec","IND","2026-09-24T23:13:37Z","refresh",8.73044800643245,NA
"k",2026,3,"dec","NYJ","2026-09-24T23:13:37Z","refresh",8.65707995214529,NA
"k",2026,3,"dec","LV","2026-09-24T23:13:37Z","refresh",8.63207296265713,NA
"k",2026,3,"dec","LA","2026-09-24T23:13:37Z","refresh",8.44182984401952,NA
"k",2026,3,"dec","GB","2026-09-24T23:13:37Z","refresh",8.36234403672573,NA
"k",2026,3,"dec","DEN","2026-09-24T23:13:37Z","refresh",8.29835948064335,NA
"k",2026,3,"dec","ATL","2026-09-24T23:13:37Z","refresh",8.2907552381681,NA
"k",2026,3,"dec","LAC","2026-09-24T23:13:37Z","refresh",8.05332876764093,NA
"k",2026,3,"dec","CAR","2026-09-24T23:13:37Z","refresh",7.91949441816528,NA
"k",2026,3,"dec","CLE","2026-09-24T23:13:37Z","refresh",7.83980582282972,NA
"k",2026,3,"dec","NE","2026-09-24T23:13:37Z","refresh",7.85729463654075,NA
"k",2026,3,"dec","CHI","2026-09-24T23:13:37Z","refresh",7.67988467072986,NA
"k",2026,3,"dec","NYG","2026-09-24T23:13:37Z","refresh",7.40518692218382,NA
"k",2026,3,"dec","ARI","2026-09-24T23:13:37Z","refresh",7.35427558783317,NA
"k",2026,3,"dec","TEN","2026-09-24T23:13:37Z","refresh",7.29129530769121,NA
"k",2026,3,"dec","MIA","2026-09-24T23:13:37Z","refresh",6.95998864257488,NA
"k",2026,3,"dec","WAS","2026-09-24T23:13:37Z","refresh",6.68278397457186,NA
"dst",2026,3,"espn","KC","2026-09-25T00:40:11Z","refresh",9.63316564843841,NA
"dst",2026,3,"espn","SEA","2026-09-25T00:40:11Z","refresh",9.23613278222276,NA
"dst",2026,3,"espn","CAR","2026-09-25T00:40:11Z","refresh",8.55589395032358,NA
"dst",2026,3,"espn","NO","2026-09-25T00:40:11Z","refresh",8.26183339238679,NA
"dst",2026,3,"espn","NYG","2026-09-25T00:40:11Z","refresh",8.04535253279995,NA
"dst",2026,3,"espn","MIN","2026-09-25T00:40:11Z","refresh",7.94866217255415,NA
"dst",2026,3,"espn","GB","2026-09-25T00:40:11Z","refresh",7.62842146981211,NA
"dst",2026,3,"espn","SF","2026-09-25T00:40:11Z","refresh",7.48942946637642,NA
"dst",2026,3,"espn","JAX","2026-09-25T00:40:11Z","refresh",7.46135985272553,NA
"dst",2026,3,"espn","HOU","2026-09-25T00:40:11Z","refresh",7.44556689710712,NA
"dst",2026,3,"espn","DET","2026-09-25T00:40:11Z","refresh",7.00216502732844,NA
"dst",2026,3,"espn","BUF","2026-09-25T00:40:11Z","refresh",6.9744828588036,NA
"dst",2026,3,"espn","PHI","2026-09-25T00:40:11Z","refresh",6.83350527595428,NA
"dst",2026,3,"espn","LA","2026-09-25T00:40:11Z","refresh",6.56189522765162,NA
"dst",2026,3,"espn","TB","2026-09-25T00:40:11Z","refresh",6.4636789198715,NA
"dst",2026,3,"espn","CIN","2026-09-25T00:40:11Z","refresh",6.46064582100875,NA
"dst",2026,3,"espn","TEN","2026-09-25T00:40:11Z","refresh",6.33603560424759,NA
"dst",2026,3,"espn","CHI","2026-09-25T00:40:11Z","refresh",6.05770620080513,NA
"dst",2026,3,"espn","LV","2026-09-25T00:40:11Z","refresh",5.93352844257771,NA
"dst",2026,3,"espn","PIT","2026-09-25T00:40:11Z","refresh",5.86327966551805,NA
"dst",2026,3,"espn","CLE","2026-09-25T00:40:11Z","refresh",5.53430969667051,NA
"dst",2026,3,"espn","ATL","2026-09-25T00:40:11Z","refresh",5.35073508886243,NA
"dst",2026,3,"espn","IND","2026-09-25T00:40:11Z","refresh",5.3063683938456,NA
"dst",2026,3,"espn","NE","2026-09-25T00:40:11Z","refresh",5.20136289506182,NA
"dst",2026,3,"espn","DEN","2026-09-25T00:40:11Z","refresh",4.27870510107503,NA
"dst",2026,3,"espn","WAS","2026-09-25T00:40:11Z","refresh",4.22405183951014,NA
"dst",2026,3,"espn","BAL","2026-09-25T00:40:11Z","refresh",3.72529436196687,NA
"dst",2026,3,"espn","NYJ","2026-09-25T00:40:11Z","refresh",3.00518522707795,NA
"dst",2026,3,"espn","LAC","2026-09-25T00:40:11Z","refresh",2.28501668025987,NA
"dst",2026,3,"espn","MIA","2026-09-25T00:40:11Z","refresh",1.94069446976679,NA
"dst",2026,3,"espn","DAL","2026-09-25T00:40:11Z","refresh",1.78775742044702,NA
"dst",2026,3,"espn","ARI","2026-09-25T00:40:11Z","refresh",1.65362247255604,NA
"dst",2026,3,"yahoo","KC","2026-09-25T00:40:11Z","refresh",9.60071437486353,NA
"dst",2026,3,"yahoo","CAR","2026-09-25T00:40:11Z","refresh",8.69645892680895,NA
"dst",2026,3,"yahoo","SEA","2026-09-25T00:40:11Z","refresh",8.69564088399937,NA
"dst",2026,3,"yahoo","NO","2026-09-25T00:40:11Z","refresh",8.6099807912982,NA
"dst",2026,3,"yahoo","MIN","2026-09-25T00:40:11Z","refresh",8.10038468402704,NA
"dst",2026,3,"yahoo","JAX","2026-09-25T00:40:11Z","refresh",8.09355746271574,NA
"dst",2026,3,"yahoo","BUF","2026-09-25T00:40:11Z","refresh",7.85439818056568,NA
"dst",2026,3,"yahoo","HOU","2026-09-25T00:40:11Z","refresh",7.72818979647471,NA
"dst",2026,3,"yahoo","NYG","2026-09-25T00:40:11Z","refresh",7.721169638243,NA
"dst",2026,3,"yahoo","GB","2026-09-25T00:40:11Z","refresh",7.63509628408712,NA
"dst",2026,3,"yahoo","SF","2026-09-25T00:40:11Z","refresh",7.62522006171586,NA
"dst",2026,3,"yahoo","DET","2026-09-25T00:40:11Z","refresh",7.46826917967022,NA
"dst",2026,3,"yahoo","LA","2026-09-25T00:40:11Z","refresh",7.11924666862271,NA
"dst",2026,3,"yahoo","PHI","2026-09-25T00:40:11Z","refresh",6.78239727056828,NA
"dst",2026,3,"yahoo","TB","2026-09-25T00:40:11Z","refresh",6.77536833126574,NA
"dst",2026,3,"yahoo","CHI","2026-09-25T00:40:11Z","refresh",6.7449681039996,NA
"dst",2026,3,"yahoo","LV","2026-09-25T00:40:11Z","refresh",6.63923499598877,NA
"dst",2026,3,"yahoo","PIT","2026-09-25T00:40:11Z","refresh",6.62682372279426,NA
"dst",2026,3,"yahoo","IND","2026-09-25T00:40:11Z","refresh",6.62217487430664,NA
"dst",2026,3,"yahoo","TEN","2026-09-25T00:40:11Z","refresh",6.39077244123284,NA
"dst",2026,3,"yahoo","CIN","2026-09-25T00:40:11Z","refresh",6.38133857196084,NA
"dst",2026,3,"yahoo","CLE","2026-09-25T00:40:11Z","refresh",6.34735850739517,NA
"dst",2026,3,"yahoo","ATL","2026-09-25T00:40:11Z","refresh",6.02563202227235,NA
"dst",2026,3,"yahoo","NE","2026-09-25T00:40:11Z","refresh",6.00371355097084,NA
"dst",2026,3,"yahoo","DEN","2026-09-25T00:40:11Z","refresh",5.53043451761324,NA
"dst",2026,3,"yahoo","WAS","2026-09-25T00:40:11Z","refresh",5.23203097579525,NA
"dst",2026,3,"yahoo","BAL","2026-09-25T00:40:11Z","refresh",4.82279146378435,NA
"dst",2026,3,"yahoo","NYJ","2026-09-25T00:40:11Z","refresh",4.51143221520853,NA
"dst",2026,3,"yahoo","LAC","2026-09-25T00:40:11Z","refresh",4.23955516201558,NA
"dst",2026,3,"yahoo","DAL","2026-09-25T00:40:11Z","refresh",3.66993718332679,NA
"dst",2026,3,"yahoo","ARI","2026-09-25T00:40:11Z","refresh",3.65185985920708,NA
"dst",2026,3,"yahoo","MIA","2026-09-25T00:40:11Z","refresh",3.65057889943964,NA
"dst",2026,3,"ffpc","KC","2026-09-25T00:40:11Z","refresh",10.7807363184096,NA
"dst",2026,3,"ffpc","SEA","2026-09-25T00:40:11Z","refresh",10.0539732517399,NA
"dst",2026,3,"ffpc","CAR","2026-09-25T00:40:11Z","refresh",10.0417511682213,NA
"dst",2026,3,"ffpc","NO","2026-09-25T00:40:11Z","refresh",9.61921536005166,NA
"dst",2026,3,"ffpc","MIN","2026-09-25T00:40:11Z","refresh",9.07422707187539,NA
"dst",2026,3,"ffpc","JAX","2026-09-25T00:40:11Z","refresh",9.04583080324693,NA
"dst",2026,3,"ffpc","NYG","2026-09-25T00:40:11Z","refresh",9.02196895105932,NA
"dst",2026,3,"ffpc","BUF","2026-09-25T00:40:11Z","refresh",8.8767272861364,NA
"dst",2026,3,"ffpc","GB","2026-09-25T00:40:11Z","refresh",8.75307146431979,NA
"dst",2026,3,"ffpc","DET","2026-09-25T00:40:11Z","refresh",8.7442600385685,NA
"dst",2026,3,"ffpc","HOU","2026-09-25T00:40:11Z","refresh",8.72221889742301,NA
"dst",2026,3,"ffpc","SF","2026-09-25T00:40:11Z","refresh",8.62784360996239,NA
"dst",2026,3,"ffpc","LA","2026-09-25T00:40:11Z","refresh",8.09059671447182,NA
"dst",2026,3,"ffpc","TB","2026-09-25T00:40:11Z","refresh",8.01809138742489,NA
"dst",2026,3,"ffpc","PHI","2026-09-25T00:40:11Z","refresh",7.93769459507132,NA
"dst",2026,3,"ffpc","CHI","2026-09-25T00:40:11Z","refresh",7.71097500535841,NA
"dst",2026,3,"ffpc","TEN","2026-09-25T00:40:11Z","refresh",7.5323247380587,NA
"dst",2026,3,"ffpc","PIT","2026-09-25T00:40:11Z","refresh",7.46603395510262,NA
"dst",2026,3,"ffpc","CLE","2026-09-25T00:40:11Z","refresh",7.45463267202754,NA
"dst",2026,3,"ffpc","LV","2026-09-25T00:40:11Z","refresh",7.44926898795107,NA
"dst",2026,3,"ffpc","IND","2026-09-25T00:40:11Z","refresh",7.42350196211305,NA
"dst",2026,3,"ffpc","CIN","2026-09-25T00:40:11Z","refresh",7.4071006588167,NA
"dst",2026,3,"ffpc","ATL","2026-09-25T00:40:11Z","refresh",7.01441774956698,NA
"dst",2026,3,"ffpc","NE","2026-09-25T00:40:11Z","refresh",6.93840409112373,NA
"dst",2026,3,"ffpc","DEN","2026-09-25T00:40:11Z","refresh",6.3830502981026,NA
"dst",2026,3,"ffpc","WAS","2026-09-25T00:40:11Z","refresh",6.2218663982182,NA
"dst",2026,3,"ffpc","BAL","2026-09-25T00:40:11Z","refresh",5.75162804275147,NA
"dst",2026,3,"ffpc","NYJ","2026-09-25T00:40:11Z","refresh",5.24666056225744,NA
"dst",2026,3,"ffpc","LAC","2026-09-25T00:40:11Z","refresh",4.7911928194828,NA
"dst",2026,3,"ffpc","DAL","2026-09-25T00:40:11Z","refresh",4.74134529138805,NA
"dst",2026,3,"ffpc","ARI","2026-09-25T00:40:11Z","refresh",4.37706993512593,NA
"dst",2026,3,"ffpc","MIA","2026-09-25T00:40:11Z","refresh",4.34531896910898,NA
"k",2026,3,"espn","HOU","2026-09-25T00:40:49Z","refresh",9.26598728595349,NA
"k",2026,3,"espn","NO","2026-09-25T00:40:49Z","refresh",9.10828481024614,NA
"k",2026,3,"espn","DAL","2026-09-25T00:40:49Z","refresh",9.15808110272617,NA
"k",2026,3,"espn","SF","2026-09-25T00:40:49Z","refresh",9.19101616039711,NA
"k",2026,3,"espn","DET","2026-09-25T00:40:49Z","refresh",9.04615051055058,NA
"k",2026,3,"espn","KC","2026-09-25T00:40:49Z","refresh",9.10289396566334,NA
"k",2026,3,"espn","SEA","2026-09-25T00:40:49Z","refresh",8.74999249793734,NA
"k",2026,3,"espn","CIN","2026-09-25T00:40:49Z","refresh",8.59502764789779,NA
"k",2026,3,"espn","MIN","2026-09-25T00:40:49Z","refresh",8.68501062692649,NA
"k",2026,3,"espn","TB","2026-09-25T00:40:49Z","refresh",8.55680933930354,NA
"k",2026,3,"espn","JAX","2026-09-25T00:40:49Z","refresh",8.5563289298746,NA
"k",2026,3,"espn","BUF","2026-09-25T00:40:49Z","refresh",8.38643397495209,NA
"k",2026,3,"espn","PHI","2026-09-25T00:40:49Z","refresh",8.47021029436197,NA
"k",2026,3,"espn","BAL","2026-09-25T00:40:49Z","refresh",8.4780358924367,NA
"k",2026,3,"espn","PIT","2026-09-25T00:40:49Z","refresh",8.21895723524159,NA
"k",2026,3,"espn","IND","2026-09-25T00:40:49Z","refresh",8.33864389374885,NA
"k",2026,3,"espn","NYJ","2026-09-25T00:40:49Z","refresh",8.24778058602158,NA
"k",2026,3,"espn","LV","2026-09-25T00:40:49Z","refresh",8.22361695281542,NA
"k",2026,3,"espn","LA","2026-09-25T00:40:49Z","refresh",7.95504970184455,NA
"k",2026,3,"espn","GB","2026-09-25T00:40:49Z","refresh",8.02952727831557,NA
"k",2026,3,"espn","DEN","2026-09-25T00:40:49Z","refresh",7.76532518288921,NA
"k",2026,3,"espn","ATL","2026-09-25T00:40:49Z","refresh",7.88687475430383,NA
"k",2026,3,"espn","LAC","2026-09-25T00:40:49Z","refresh",7.56476950845509,NA
"k",2026,3,"espn","CAR","2026-09-25T00:40:49Z","refresh",7.54500105754054,NA
"k",2026,3,"espn","CLE","2026-09-25T00:40:49Z","refresh",7.44392901540456,NA
"k",2026,3,"espn","NE","2026-09-25T00:40:49Z","refresh",7.4736608262719,NA
"k",2026,3,"espn","CHI","2026-09-25T00:40:49Z","refresh",7.34384043425268,NA
"k",2026,3,"espn","NYG","2026-09-25T00:40:49Z","refresh",6.84939822982528,NA
"k",2026,3,"espn","ARI","2026-09-25T00:40:49Z","refresh",7.12001664403563,NA
"k",2026,3,"espn","TEN","2026-09-25T00:40:49Z","refresh",6.68577141434493,NA
"k",2026,3,"espn","MIA","2026-09-25T00:40:49Z","refresh",6.63012879949558,NA
"k",2026,3,"espn","WAS","2026-09-25T00:40:49Z","refresh",6.30448261776683,NA
"k",2026,3,"dec","HOU","2026-09-25T00:40:49Z","refresh",9.70663636167205,NA
"k",2026,3,"dec","NO","2026-09-25T00:40:49Z","refresh",9.51347332631502,NA
"k",2026,3,"dec","DAL","2026-09-25T00:40:49Z","refresh",9.56302483818876,NA
"k",2026,3,"dec","SF","2026-09-25T00:40:49Z","refresh",9.50751194579236,NA
"k",2026,3,"dec","DET","2026-09-25T00:40:49Z","refresh",9.41762037882523,NA
"k",2026,3,"dec","KC","2026-09-25T00:40:49Z","refresh",9.42167142286259,NA
"k",2026,3,"dec","SEA","2026-09-25T00:40:49Z","refresh",9.11757430390236,NA
"k",2026,3,"dec","CIN","2026-09-25T00:40:49Z","refresh",8.96629434379467,NA
"k",2026,3,"dec","MIN","2026-09-25T00:40:49Z","refresh",9.05517110020877,NA
"k",2026,3,"dec","TB","2026-09-25T00:40:49Z","refresh",8.96223081900944,NA
"k",2026,3,"dec","JAX","2026-09-25T00:40:49Z","refresh",8.8958010911917,NA
"k",2026,3,"dec","BUF","2026-09-25T00:40:49Z","refresh",8.679896611023,NA
"k",2026,3,"dec","PHI","2026-09-25T00:40:49Z","refresh",8.8577321962219,NA
"k",2026,3,"dec","BAL","2026-09-25T00:40:49Z","refresh",8.75690236123372,NA
"k",2026,3,"dec","PIT","2026-09-25T00:40:49Z","refresh",8.65085990708606,NA
"k",2026,3,"dec","IND","2026-09-25T00:40:49Z","refresh",8.73044800643245,NA
"k",2026,3,"dec","NYJ","2026-09-25T00:40:49Z","refresh",8.65707995214529,NA
"k",2026,3,"dec","LV","2026-09-25T00:40:49Z","refresh",8.63207296265713,NA
"k",2026,3,"dec","LA","2026-09-25T00:40:49Z","refresh",8.23408171695513,NA
"k",2026,3,"dec","GB","2026-09-25T00:40:49Z","refresh",8.36234403672573,NA
"k",2026,3,"dec","DEN","2026-09-25T00:40:49Z","refresh",8.09247927568511,NA
"k",2026,3,"dec","ATL","2026-09-25T00:40:49Z","refresh",8.2907552381681,NA
"k",2026,3,"dec","LAC","2026-09-25T00:40:49Z","refresh",7.90630588068149,NA
"k",2026,3,"dec","CAR","2026-09-25T00:40:49Z","refresh",7.87247442337167,NA
"k",2026,3,"dec","CLE","2026-09-25T00:40:49Z","refresh",7.79085320737514,NA
"k",2026,3,"dec","NE","2026-09-25T00:40:49Z","refresh",7.8090855304535,NA
"k",2026,3,"dec","CHI","2026-09-25T00:40:49Z","refresh",7.72723582714544,NA
"k",2026,3,"dec","NYG","2026-09-25T00:40:49Z","refresh",7.16462658997446,NA
"k",2026,3,"dec","ARI","2026-09-25T00:40:49Z","refresh",7.45611569031143,NA
"k",2026,3,"dec","TEN","2026-09-25T00:40:49Z","refresh",7.05203028029974,NA
"k",2026,3,"dec","MIA","2026-09-25T00:40:49Z","refresh",6.9617111601617,NA
"k",2026,3,"dec","WAS","2026-09-25T00:40:49Z","refresh",6.64597355750377,NA
"dst",2026,3,"espn","KC","2026-09-25T05:25:10Z","refresh",9.64357881928096,NA
"dst",2026,3,"espn","SEA","2026-09-25T05:25:10Z","refresh",9.2998393944935,NA
"dst",2026,3,"espn","CAR","2026-09-25T05:25:10Z","refresh",8.69425290066011,NA
"dst",2026,3,"espn","NO","2026-09-25T05:25:10Z","refresh",8.41075116086538,NA
"dst",2026,3,"espn","MIN","2026-09-25T05:25:10Z","refresh",8.0637652926472,NA
"dst",2026,3,"espn","NYG","2026-09-25T05:25:10Z","refresh",8.00972271635436,NA
"dst",2026,3,"espn","GB","2026-09-25T05:25:10Z","refresh",7.63737371011991,NA
"dst",2026,3,"espn","JAX","2026-09-25T05:25:10Z","refresh",7.6164577962972,NA
"dst",2026,3,"espn","HOU","2026-09-25T05:25:10Z","refresh",7.55328930559952,NA
"dst",2026,3,"espn","SF","2026-09-25T05:25:10Z","refresh",7.48396003280091,NA
"dst",2026,3,"espn","PHI","2026-09-25T05:25:10Z","refresh",6.91925263786371,NA
"dst",2026,3,"espn","BUF","2026-09-25T05:25:10Z","refresh",6.89280879472937,NA
"dst",2026,3,"espn","DET","2026-09-25T05:25:10Z","refresh",6.88680158951061,NA
"dst",2026,3,"espn","LA","2026-09-25T05:25:10Z","refresh",6.58962037184612,NA
"dst",2026,3,"espn","TB","2026-09-25T05:25:10Z","refresh",6.53208545160429,NA
"dst",2026,3,"espn","TEN","2026-09-25T05:25:10Z","refresh",6.33263626447778,NA
"dst",2026,3,"espn","CIN","2026-09-25T05:25:10Z","refresh",6.25014579515695,NA
"dst",2026,3,"espn","CHI","2026-09-25T05:25:10Z","refresh",6.15736602446696,NA
"dst",2026,3,"espn","PIT","2026-09-25T05:25:10Z","refresh",5.98209302633821,NA
"dst",2026,3,"espn","LV","2026-09-25T05:25:10Z","refresh",5.96719867456395,NA
"dst",2026,3,"espn","CLE","2026-09-25T05:25:10Z","refresh",5.49884676077635,NA
"dst",2026,3,"espn","ATL","2026-09-25T05:25:10Z","refresh",5.31297561161905,NA
"dst",2026,3,"espn","IND","2026-09-25T05:25:10Z","refresh",5.29856579415284,NA
"dst",2026,3,"espn","NE","2026-09-25T05:25:10Z","refresh",5.22892437304377,NA
"dst",2026,3,"espn","DEN","2026-09-25T05:25:10Z","refresh",4.22595231917719,NA
"dst",2026,3,"espn","WAS","2026-09-25T05:25:10Z","refresh",4.21275560785838,NA
"dst",2026,3,"espn","BAL","2026-09-25T05:25:10Z","refresh",3.51244746204386,NA
"dst",2026,3,"espn","NYJ","2026-09-25T05:25:10Z","refresh",3.08903822274441,NA
"dst",2026,3,"espn","LAC","2026-09-25T05:25:10Z","refresh",2.33873414914493,NA
"dst",2026,3,"espn","MIA","2026-09-25T05:25:10Z","refresh",1.86390954463798,NA
"dst",2026,3,"espn","ARI","2026-09-25T05:25:10Z","refresh",1.78794568565322,NA
"dst",2026,3,"espn","DAL","2026-09-25T05:25:10Z","refresh",1.49987469627641,NA
"dst",2026,3,"yahoo","KC","2026-09-25T05:25:10Z","refresh",9.54178163616335,NA
"dst",2026,3,"yahoo","SEA","2026-09-25T05:25:10Z","refresh",8.64730140527969,NA
"dst",2026,3,"yahoo","CAR","2026-09-25T05:25:10Z","refresh",8.61447993197941,NA
"dst",2026,3,"yahoo","NO","2026-09-25T05:25:10Z","refresh",8.48106779176013,NA
"dst",2026,3,"yahoo","JAX","2026-09-25T05:25:10Z","refresh",7.9905244559381,NA
"dst",2026,3,"yahoo","MIN","2026-09-25T05:25:10Z","refresh",7.95748556513971,NA
"dst",2026,3,"yahoo","BUF","2026-09-25T05:25:10Z","refresh",7.84631294461507,NA
"dst",2026,3,"yahoo","NYG","2026-09-25T05:25:10Z","refresh",7.8151136978091,NA
"dst",2026,3,"yahoo","HOU","2026-09-25T05:25:10Z","refresh",7.68954337907332,NA
"dst",2026,3,"yahoo","SF","2026-09-25T05:25:10Z","refresh",7.5969097077553,NA
"dst",2026,3,"yahoo","DET","2026-09-25T05:25:10Z","refresh",7.56341101303925,NA
"dst",2026,3,"yahoo","GB","2026-09-25T05:25:10Z","refresh",7.51507251292205,NA
"dst",2026,3,"yahoo","LA","2026-09-25T05:25:10Z","refresh",7.07571751084098,NA
"dst",2026,3,"yahoo","TB","2026-09-25T05:25:10Z","refresh",6.83793777156513,NA
"dst",2026,3,"yahoo","PHI","2026-09-25T05:25:10Z","refresh",6.8094956721181,NA
"dst",2026,3,"yahoo","CHI","2026-09-25T05:25:10Z","refresh",6.68601302875309,NA
"dst",2026,3,"yahoo","LV","2026-09-25T05:25:10Z","refresh",6.66381097053194,NA
"dst",2026,3,"yahoo","IND","2026-09-25T05:25:10Z","refresh",6.59128812005687,NA
"dst",2026,3,"yahoo","PIT","2026-09-25T05:25:10Z","refresh",6.57553156525394,NA
"dst",2026,3,"yahoo","CIN","2026-09-25T05:25:10Z","refresh",6.5486812097773,NA
"dst",2026,3,"yahoo","CLE","2026-09-25T05:25:10Z","refresh",6.47867199883723,NA
"dst",2026,3,"yahoo","TEN","2026-09-25T05:25:10Z","refresh",6.44143069591514,NA
"dst",2026,3,"yahoo","ATL","2026-09-25T05:25:10Z","refresh",6.04355204695862,NA
"dst",2026,3,"yahoo","NE","2026-09-25T05:25:10Z","refresh",6.01877261835198,NA
"dst",2026,3,"yahoo","DEN","2026-09-25T05:25:10Z","refresh",5.60211197179302,NA
"dst",2026,3,"yahoo","WAS","2026-09-25T05:25:10Z","refresh",5.37839039655115,NA
"dst",2026,3,"yahoo","BAL","2026-09-25T05:25:10Z","refresh",4.90647755479585,NA
"dst",2026,3,"yahoo","NYJ","2026-09-25T05:25:10Z","refresh",4.57514770355282,NA
"dst",2026,3,"yahoo","LAC","2026-09-25T05:25:10Z","refresh",4.26007804369907,NA
"dst",2026,3,"yahoo","DAL","2026-09-25T05:25:10Z","refresh",3.80713048355494,NA
"dst",2026,3,"yahoo","MIA","2026-09-25T05:25:10Z","refresh",3.71915406233747,NA
"dst",2026,3,"yahoo","ARI","2026-09-25T05:25:10Z","refresh",3.68759331673635,NA
"dst",2026,3,"ffpc","KC","2026-09-25T05:25:10Z","refresh",10.718095971952,NA
"dst",2026,3,"ffpc","SEA","2026-09-25T05:25:10Z","refresh",10.0005761444899,NA
"dst",2026,3,"ffpc","CAR","2026-09-25T05:25:10Z","refresh",9.94242199356031,NA
"dst",2026,3,"ffpc","NO","2026-09-25T05:25:10Z","refresh",9.53614110772781,NA
"dst",2026,3,"ffpc","NYG","2026-09-25T05:25:10Z","refresh",9.04056778704489,NA
"dst",2026,3,"ffpc","MIN","2026-09-25T05:25:10Z","refresh",8.98380205374547,NA
"dst",2026,3,"ffpc","JAX","2026-09-25T05:25:10Z","refresh",8.97877905972068,NA
"dst",2026,3,"ffpc","BUF","2026-09-25T05:25:10Z","refresh",8.84228410448216,NA
"dst",2026,3,"ffpc","DET","2026-09-25T05:25:10Z","refresh",8.76467816052213,NA
"dst",2026,3,"ffpc","HOU","2026-09-25T05:25:10Z","refresh",8.70532849388631,NA
"dst",2026,3,"ffpc","GB","2026-09-25T05:25:10Z","refresh",8.66890848273834,NA
"dst",2026,3,"ffpc","SF","2026-09-25T05:25:10Z","refresh",8.60762249124875,NA
"dst",2026,3,"ffpc","LA","2026-09-25T05:25:10Z","refresh",8.05394090710262,NA
"dst",2026,3,"ffpc","TB","2026-09-25T05:25:10Z","refresh",8.02395588376474,NA
"dst",2026,3,"ffpc","PHI","2026-09-25T05:25:10Z","refresh",7.92506561816094,NA
"dst",2026,3,"ffpc","CHI","2026-09-25T05:25:10Z","refresh",7.65136752371358,NA
"dst",2026,3,"ffpc","TEN","2026-09-25T05:25:10Z","refresh",7.5452939052348,NA
"dst",2026,3,"ffpc","CLE","2026-09-25T05:25:10Z","refresh",7.53160254104455,NA
"dst",2026,3,"ffpc","CIN","2026-09-25T05:25:10Z","refresh",7.49313783182042,NA
"dst",2026,3,"ffpc","LV","2026-09-25T05:25:10Z","refresh",7.47011932941014,NA
"dst",2026,3,"ffpc","PIT","2026-09-25T05:25:10Z","refresh",7.45647057240365,NA
"dst",2026,3,"ffpc","IND","2026-09-25T05:25:10Z","refresh",7.4283478598526,NA
"dst",2026,3,"ffpc","ATL","2026-09-25T05:25:10Z","refresh",7.0204446561266,NA
"dst",2026,3,"ffpc","NE","2026-09-25T05:25:10Z","refresh",6.96194334482153,NA
"dst",2026,3,"ffpc","DEN","2026-09-25T05:25:10Z","refresh",6.42802192674222,NA
"dst",2026,3,"ffpc","WAS","2026-09-25T05:25:10Z","refresh",6.40632887921254,NA
"dst",2026,3,"ffpc","BAL","2026-09-25T05:25:10Z","refresh",5.79375826651196,NA
"dst",2026,3,"ffpc","NYJ","2026-09-25T05:25:10Z","refresh",5.28280945919778,NA
"dst",2026,3,"ffpc","LAC","2026-09-25T05:25:10Z","refresh",4.82164847186321,NA
"dst",2026,3,"ffpc","DAL","2026-09-25T05:25:10Z","refresh",4.74347516245128,NA
"dst",2026,3,"ffpc","ARI","2026-09-25T05:25:10Z","refresh",4.41569751392184,NA
"dst",2026,3,"ffpc","MIA","2026-09-25T05:25:10Z","refresh",4.40544367254631,NA
"k",2026,3,"espn","HOU","2026-09-25T05:25:47Z","refresh",9.26245622047614,NA
"k",2026,3,"espn","DAL","2026-09-25T05:25:47Z","refresh",9.17442460413615,NA
"k",2026,3,"espn","SF","2026-09-25T05:25:47Z","refresh",9.1842968223423,NA
"k",2026,3,"espn","NO","2026-09-25T05:25:47Z","refresh",9.10296960563759,NA
"k",2026,3,"espn","DET","2026-09-25T05:25:47Z","refresh",9.04054864562201,NA
"k",2026,3,"espn","KC","2026-09-25T05:25:47Z","refresh",9.09747440839784,NA
"k",2026,3,"espn","SEA","2026-09-25T05:25:47Z","refresh",8.74632179410406,NA
"k",2026,3,"espn","MIN","2026-09-25T05:25:47Z","refresh",8.68178179517207,NA
"k",2026,3,"espn","CIN","2026-09-25T05:25:47Z","refresh",8.59175727180893,NA
"k",2026,3,"espn","JAX","2026-09-25T05:25:47Z","refresh",8.55189176117522,NA
"k",2026,3,"espn","TB","2026-09-25T05:25:47Z","refresh",8.55256786451822,NA
"k",2026,3,"espn","BAL","2026-09-25T05:25:47Z","refresh",8.49793862313398,NA
"k",2026,3,"espn","PHI","2026-09-25T05:25:47Z","refresh",8.46418461974853,NA
"k",2026,3,"espn","BUF","2026-09-25T05:25:47Z","refresh",8.37852360584749,NA
"k",2026,3,"espn","IND","2026-09-25T05:25:47Z","refresh",8.33309185587832,NA
"k",2026,3,"espn","NYJ","2026-09-25T05:25:47Z","refresh",8.24544681632163,NA
"k",2026,3,"espn","LV","2026-09-25T05:25:47Z","refresh",8.22036531643762,NA
"k",2026,3,"espn","PIT","2026-09-25T05:25:47Z","refresh",8.21415822085435,NA
"k",2026,3,"espn","GB","2026-09-25T05:25:47Z","refresh",8.040436007571,NA
"k",2026,3,"espn","LA","2026-09-25T05:25:47Z","refresh",7.95204328780462,NA
"k",2026,3,"espn","ATL","2026-09-25T05:25:47Z","refresh",7.91705191392774,NA
"k",2026,3,"espn","DEN","2026-09-25T05:25:47Z","refresh",7.7628884083332,NA
"k",2026,3,"espn","LAC","2026-09-25T05:25:47Z","refresh",7.56114540511589,NA
"k",2026,3,"espn","CAR","2026-09-25T05:25:47Z","refresh",7.53990820360929,NA
"k",2026,3,"espn","NE","2026-09-25T05:25:47Z","refresh",7.46962588512381,NA
"k",2026,3,"espn","CLE","2026-09-25T05:25:47Z","refresh",7.43881255306926,NA
"k",2026,3,"espn","CHI","2026-09-25T05:25:47Z","refresh",7.33724470020202,NA
"k",2026,3,"espn","ARI","2026-09-25T05:25:47Z","refresh",7.11992326744724,NA
"k",2026,3,"espn","NYG","2026-09-25T05:25:47Z","refresh",6.82884324958886,NA
"k",2026,3,"espn","TEN","2026-09-25T05:25:47Z","refresh",6.68189470388034,NA
"k",2026,3,"espn","MIA","2026-09-25T05:25:47Z","refresh",6.62823528755595,NA
"k",2026,3,"espn","WAS","2026-09-25T05:25:47Z","refresh",6.28730456280288,NA
"k",2026,3,"dec","HOU","2026-09-25T05:25:47Z","refresh",9.70441815724445,NA
"k",2026,3,"dec","DAL","2026-09-25T05:25:47Z","refresh",9.57690530695579,NA
"k",2026,3,"dec","SF","2026-09-25T05:25:47Z","refresh",9.49984569099656,NA
"k",2026,3,"dec","NO","2026-09-25T05:25:47Z","refresh",9.50756799474317,NA
"k",2026,3,"dec","DET","2026-09-25T05:25:47Z","refresh",9.41162240180971,NA
"k",2026,3,"dec","KC","2026-09-25T05:25:47Z","refresh",9.41552791348612,NA
"k",2026,3,"dec","SEA","2026-09-25T05:25:47Z","refresh",9.1160686692618,NA
"k",2026,3,"dec","MIN","2026-09-25T05:25:47Z","refresh",9.05083006044274,NA
"k",2026,3,"dec","CIN","2026-09-25T05:25:47Z","refresh",8.96261698626893,NA
"k",2026,3,"dec","JAX","2026-09-25T05:25:47Z","refresh",8.8906028129377,NA
"k",2026,3,"dec","TB","2026-09-25T05:25:47Z","refresh",8.95761791652946,NA
"k",2026,3,"dec","BAL","2026-09-25T05:25:47Z","refresh",8.77478767698553,NA
"k",2026,3,"dec","PHI","2026-09-25T05:25:47Z","refresh",8.85312117531852,NA
"k",2026,3,"dec","BUF","2026-09-25T05:25:47Z","refresh",8.67083911685436,NA
"k",2026,3,"dec","IND","2026-09-25T05:25:47Z","refresh",8.72321061150507,NA
"k",2026,3,"dec","NYJ","2026-09-25T05:25:47Z","refresh",8.65500247512307,NA
"k",2026,3,"dec","LV","2026-09-25T05:25:47Z","refresh",8.63003459155587,NA
"k",2026,3,"dec","PIT","2026-09-25T05:25:47Z","refresh",8.64686956524433,NA
"k",2026,3,"dec","GB","2026-09-25T05:25:47Z","refresh",8.36958648223362,NA
"k",2026,3,"dec","LA","2026-09-25T05:25:47Z","refresh",8.22999718340521,NA
"k",2026,3,"dec","ATL","2026-09-25T05:25:47Z","refresh",8.32010160073129,NA
"k",2026,3,"dec","DEN","2026-09-25T05:25:47Z","refresh",8.09106683457155,NA
"k",2026,3,"dec","LAC","2026-09-25T05:25:47Z","refresh",7.90148853059195,NA
"k",2026,3,"dec","CAR","2026-09-25T05:25:47Z","refresh",7.86669827073074,NA
"k",2026,3,"dec","NE","2026-09-25T05:25:47Z","refresh",7.8047493031327,NA
"k",2026,3,"dec","CLE","2026-09-25T05:25:47Z","refresh",7.78464730276195,NA
"k",2026,3,"dec","CHI","2026-09-25T05:25:47Z","refresh",7.72139727987921,NA
"k",2026,3,"dec","ARI","2026-09-25T05:25:47Z","refresh",7.45582481532572,NA
"k",2026,3,"dec","NYG","2026-09-25T05:25:47Z","refresh",7.14073581802985,NA
"k",2026,3,"dec","TEN","2026-09-25T05:25:47Z","refresh",7.04843894986235,NA
"k",2026,3,"dec","MIA","2026-09-25T05:25:47Z","refresh",6.95981660392916,NA
"k",2026,3,"dec","WAS","2026-09-25T05:25:47Z","refresh",6.62700407782922,NA
"dst",2026,3,"espn","KC","2026-09-25T05:39:56Z","refresh",9.77501125545587,NA
"dst",2026,3,"espn","SEA","2026-09-25T05:39:56Z","refresh",8.89013330459506,NA
"dst",2026,3,"espn","NO","2026-09-25T05:39:56Z","refresh",8.51447574281187,NA
"dst",2026,3,"espn","CAR","2026-09-25T05:39:56Z","refresh",8.38886148556736,NA
"dst",2026,3,"espn","MIN","2026-09-25T05:39:56Z","refresh",7.81760935829189,NA
"dst",2026,3,"espn","NYG","2026-09-25T05:39:56Z","refresh",7.66859108640532,NA
"dst",2026,3,"espn","SF","2026-09-25T05:39:56Z","refresh",7.53485839922431,NA
"dst",2026,3,"espn","GB","2026-09-25T05:39:56Z","refresh",7.50864525303498,NA
"dst",2026,3,"espn","JAX","2026-09-25T05:39:56Z","refresh",7.47069811615874,NA
"dst",2026,3,"espn","HOU","2026-09-25T05:39:56Z","refresh",7.42914875317154,NA
"dst",2026,3,"espn","BUF","2026-09-25T05:39:56Z","refresh",6.88112308987481,NA
"dst",2026,3,"espn","DET","2026-09-25T05:39:56Z","refresh",6.65582160778421,NA
"dst",2026,3,"espn","PHI","2026-09-25T05:39:56Z","refresh",6.53241603329271,NA
"dst",2026,3,"espn","LA","2026-09-25T05:39:56Z","refresh",6.45724866456964,NA
"dst",2026,3,"espn","CIN","2026-09-25T05:39:56Z","refresh",6.12975980107323,NA
"dst",2026,3,"espn","LV","2026-09-25T05:39:56Z","refresh",6.09675538299542,NA
"dst",2026,3,"espn","TB","2026-09-25T05:39:56Z","refresh",6.08766331217831,NA
"dst",2026,3,"espn","TEN","2026-09-25T05:39:56Z","refresh",6.06899456141035,NA
"dst",2026,3,"espn","CHI","2026-09-25T05:39:56Z","refresh",6.04030223641866,NA
"dst",2026,3,"espn","PIT","2026-09-25T05:39:56Z","refresh",5.85574444214499,NA
"dst",2026,3,"espn","CLE","2026-09-25T05:39:56Z","refresh",5.59152499715921,NA
"dst",2026,3,"espn","ATL","2026-09-25T05:39:56Z","refresh",5.38138432960805,NA
"dst",2026,3,"espn","NE","2026-09-25T05:39:56Z","refresh",5.31627918849305,NA
"dst",2026,3,"espn","IND","2026-09-25T05:39:56Z","refresh",5.24958162029488,NA
"dst",2026,3,"espn","WAS","2026-09-25T05:39:56Z","refresh",4.51030242491401,NA
"dst",2026,3,"espn","DEN","2026-09-25T05:39:56Z","refresh",4.02204047621398,NA
"dst",2026,3,"espn","BAL","2026-09-25T05:39:56Z","refresh",3.56232933828152,NA
"dst",2026,3,"espn","NYJ","2026-09-25T05:39:56Z","refresh",3.14537412868867,NA
"dst",2026,3,"espn","LAC","2026-09-25T05:39:56Z","refresh",2.31227597799969,NA
"dst",2026,3,"espn","MIA","2026-09-25T05:39:56Z","refresh",1.87837616719583,NA
"dst",2026,3,"espn","ARI","2026-09-25T05:39:56Z","refresh",1.64554729384489,NA
"dst",2026,3,"espn","DAL","2026-09-25T05:39:56Z","refresh",1.42410758876206,NA
"dst",2026,3,"yahoo","KC","2026-09-25T05:39:56Z","refresh",9.54801346147299,NA
"dst",2026,3,"yahoo","SEA","2026-09-25T05:39:56Z","refresh",8.58148646154189,NA
"dst",2026,3,"yahoo","CAR","2026-09-25T05:39:56Z","refresh",8.31162064859931,NA
"dst",2026,3,"yahoo","NO","2026-09-25T05:39:56Z","refresh",8.23058002845012,NA
"dst",2026,3,"yahoo","NYG","2026-09-25T05:39:56Z","refresh",8.02217143184157,NA
"dst",2026,3,"yahoo","BUF","2026-09-25T05:39:56Z","refresh",7.89916107550584,NA
"dst",2026,3,"yahoo","DET","2026-09-25T05:39:56Z","refresh",7.83797434504547,NA
"dst",2026,3,"yahoo","HOU","2026-09-25T05:39:56Z","refresh",7.61743607807318,NA
"dst",2026,3,"yahoo","JAX","2026-09-25T05:39:56Z","refresh",7.51390703407839,NA
"dst",2026,3,"yahoo","GB","2026-09-25T05:39:56Z","refresh",7.49405494680041,NA
"dst",2026,3,"yahoo","SF","2026-09-25T05:39:56Z","refresh",7.39479124298916,NA
"dst",2026,3,"yahoo","MIN","2026-09-25T05:39:56Z","refresh",7.38640380339695,NA
"dst",2026,3,"yahoo","TB","2026-09-25T05:39:56Z","refresh",7.12890686809085,NA
"dst",2026,3,"yahoo","PHI","2026-09-25T05:39:56Z","refresh",7.05340150088531,NA
"dst",2026,3,"yahoo","LA","2026-09-25T05:39:56Z","refresh",6.89797692781682,NA
"dst",2026,3,"yahoo","IND","2026-09-25T05:39:56Z","refresh",6.84288869670165,NA
"dst",2026,3,"yahoo","CIN","2026-09-25T05:39:56Z","refresh",6.82353884959789,NA
"dst",2026,3,"yahoo","CHI","2026-09-25T05:39:56Z","refresh",6.52778967295076,NA
"dst",2026,3,"yahoo","TEN","2026-09-25T05:39:56Z","refresh",6.44099164711487,NA
"dst",2026,3,"yahoo","CLE","2026-09-25T05:39:56Z","refresh",6.43324548856174,NA
"dst",2026,3,"yahoo","LV","2026-09-25T05:39:56Z","refresh",6.3572900534547,NA
"dst",2026,3,"yahoo","PIT","2026-09-25T05:39:56Z","refresh",6.15541607648182,NA
"dst",2026,3,"yahoo","ATL","2026-09-25T05:39:56Z","refresh",5.98262707574759,NA
"dst",2026,3,"yahoo","NE","2026-09-25T05:39:56Z","refresh",5.86487903780975,NA
"dst",2026,3,"yahoo","WAS","2026-09-25T05:39:56Z","refresh",5.84437135310862,NA
"dst",2026,3,"yahoo","DEN","2026-09-25T05:39:56Z","refresh",5.75353289762014,NA
"dst",2026,3,"yahoo","BAL","2026-09-25T05:39:56Z","refresh",5.29259919036946,NA
"dst",2026,3,"yahoo","NYJ","2026-09-25T05:39:56Z","refresh",4.84587120905337,NA
"dst",2026,3,"yahoo","DAL","2026-09-25T05:39:56Z","refresh",4.20096003020356,NA
"dst",2026,3,"yahoo","LAC","2026-09-25T05:39:56Z","refresh",4.02034480260917,NA
"dst",2026,3,"yahoo","ARI","2026-09-25T05:39:56Z","refresh",3.95199110821493,NA
"dst",2026,3,"yahoo","MIA","2026-09-25T05:39:56Z","refresh",3.62068078618347,NA
"dst",2026,3,"ffpc","KC","2026-09-25T05:39:56Z","refresh",10.7891037103512,NA
"dst",2026,3,"ffpc","CAR","2026-09-25T05:39:56Z","refresh",10.0120272214528,NA
"dst",2026,3,"ffpc","SEA","2026-09-25T05:39:56Z","refresh",10.0096942448988,NA
"dst",2026,3,"ffpc","NO","2026-09-25T05:39:56Z","refresh",9.69141221487671,NA
"dst",2026,3,"ffpc","NYG","2026-09-25T05:39:56Z","refresh",9.05237568736453,NA
"dst",2026,3,"ffpc","JAX","2026-09-25T05:39:56Z","refresh",9.02945689975742,NA
"dst",2026,3,"ffpc","MIN","2026-09-25T05:39:56Z","refresh",9.01707224140507,NA
"dst",2026,3,"ffpc","BUF","2026-09-25T05:39:56Z","refresh",8.81990086235856,NA
"dst",2026,3,"ffpc","DET","2026-09-25T05:39:56Z","refresh",8.75442893051293,NA
"dst",2026,3,"ffpc","HOU","2026-09-25T05:39:56Z","refresh",8.71395713586429,NA
"dst",2026,3,"ffpc","GB","2026-09-25T05:39:56Z","refresh",8.66418854673946,NA
"dst",2026,3,"ffpc","SF","2026-09-25T05:39:56Z","refresh",8.55286155054207,NA
"dst",2026,3,"ffpc","LA","2026-09-25T05:39:56Z","refresh",8.08244043576308,NA
"dst",2026,3,"ffpc","TB","2026-09-25T05:39:56Z","refresh",8.04716027366612,NA
"dst",2026,3,"ffpc","PHI","2026-09-25T05:39:56Z","refresh",7.91449175591573,NA
"dst",2026,3,"ffpc","CHI","2026-09-25T05:39:56Z","refresh",7.66125174455562,NA
"dst",2026,3,"ffpc","TEN","2026-09-25T05:39:56Z","refresh",7.53662332206643,NA
"dst",2026,3,"ffpc","CLE","2026-09-25T05:39:56Z","refresh",7.49837118779202,NA
"dst",2026,3,"ffpc","LV","2026-09-25T05:39:56Z","refresh",7.48686872598954,NA
"dst",2026,3,"ffpc","CIN","2026-09-25T05:39:56Z","refresh",7.46057899039877,NA
"dst",2026,3,"ffpc","PIT","2026-09-25T05:39:56Z","refresh",7.45858477792998,NA
"dst",2026,3,"ffpc","IND","2026-09-25T05:39:56Z","refresh",7.39137653542721,NA
"dst",2026,3,"ffpc","ATL","2026-09-25T05:39:56Z","refresh",7.02385827401101,NA
"dst",2026,3,"ffpc","NE","2026-09-25T05:39:56Z","refresh",6.98390445716999,NA
"dst",2026,3,"ffpc","DEN","2026-09-25T05:39:56Z","refresh",6.38963865740974,NA
"dst",2026,3,"ffpc","WAS","2026-09-25T05:39:56Z","refresh",6.3699751023301,NA
"dst",2026,3,"ffpc","BAL","2026-09-25T05:39:56Z","refresh",5.71318249528525,NA
"dst",2026,3,"ffpc","NYJ","2026-09-25T05:39:56Z","refresh",5.23487360296409,NA
"dst",2026,3,"ffpc","LAC","2026-09-25T05:39:56Z","refresh",4.81084528971704,NA
"dst",2026,3,"ffpc","DAL","2026-09-25T05:39:56Z","refresh",4.7224255811668,NA
"dst",2026,3,"ffpc","ARI","2026-09-25T05:39:56Z","refresh",4.37846452342499,NA
"dst",2026,3,"ffpc","MIA","2026-09-25T05:39:56Z","refresh",4.35721008280694,NA
"k",2026,3,"espn","HOU","2026-09-25T05:40:27Z","refresh",9.27596837011075,NA
"k",2026,3,"espn","NO","2026-09-25T05:40:27Z","refresh",9.14479243386931,NA
"k",2026,3,"espn","KC","2026-09-25T05:40:27Z","refresh",9.11521915220415,NA
"k",2026,3,"espn","DAL","2026-09-25T05:40:27Z","refresh",9.11628773176834,NA
"k",2026,3,"espn","DET","2026-09-25T05:40:27Z","refresh",9.04568538464403,NA
"k",2026,3,"espn","SF","2026-09-25T05:40:27Z","refresh",9.09816194518165,NA
"k",2026,3,"espn","SEA","2026-09-25T05:40:27Z","refresh",8.70022743038444,NA
"k",2026,3,"espn","PHI","2026-09-25T05:40:27Z","refresh",8.55689045000835,NA
"k",2026,3,"espn","MIN","2026-09-25T05:40:27Z","refresh",8.66685022860772,NA
"k",2026,3,"espn","CIN","2026-09-25T05:40:27Z","refresh",8.6077346192854,NA
"k",2026,3,"espn","BAL","2026-09-25T05:40:27Z","refresh",8.50956566098846,NA
"k",2026,3,"espn","JAX","2026-09-25T05:40:27Z","refresh",8.51202217818782,NA
"k",2026,3,"espn","TB","2026-09-25T05:40:27Z","refresh",8.55597697674879,NA
"k",2026,3,"espn","LV","2026-09-25T05:40:27Z","refresh",8.29411946184653,NA
"k",2026,3,"espn","BUF","2026-09-25T05:40:27Z","refresh",8.34216089395467,NA
"k",2026,3,"espn","IND","2026-09-25T05:40:27Z","refresh",8.25511407233747,NA
"k",2026,3,"espn","NYJ","2026-09-25T05:40:27Z","refresh",8.17716421888107,NA
"k",2026,3,"espn","PIT","2026-09-25T05:40:27Z","refresh",8.21300526991706,NA
"k",2026,3,"espn","LA","2026-09-25T05:40:27Z","refresh",7.8841609600417,NA
"k",2026,3,"espn","DEN","2026-09-25T05:40:27Z","refresh",7.76692973634705,NA
"k",2026,3,"espn","GB","2026-09-25T05:40:27Z","refresh",7.96142037312549,NA
"k",2026,3,"espn","ATL","2026-09-25T05:40:27Z","refresh",7.8597550948787,NA
"k",2026,3,"espn","CAR","2026-09-25T05:40:27Z","refresh",7.55908200980059,NA
"k",2026,3,"espn","CHI","2026-09-25T05:40:27Z","refresh",7.48180877360252,NA
"k",2026,3,"espn","NE","2026-09-25T05:40:27Z","refresh",7.48938708988059,NA
"k",2026,3,"espn","LAC","2026-09-25T05:40:27Z","refresh",7.48707409875718,NA
"k",2026,3,"espn","CLE","2026-09-25T05:40:27Z","refresh",7.37319297417661,NA
"k",2026,3,"espn","ARI","2026-09-25T05:40:27Z","refresh",7.14520930881363,NA
"k",2026,3,"espn","NYG","2026-09-25T05:40:27Z","refresh",6.80993874419856,NA
"k",2026,3,"espn","TEN","2026-09-25T05:40:27Z","refresh",6.71828231308069,NA
"k",2026,3,"espn","MIA","2026-09-25T05:40:27Z","refresh",6.56451583350053,NA
"k",2026,3,"espn","WAS","2026-09-25T05:40:27Z","refresh",6.311540549332,NA
"k",2026,3,"dec","HOU","2026-09-25T05:40:27Z","refresh",9.72933449008239,NA
"k",2026,3,"dec","NO","2026-09-25T05:40:27Z","refresh",9.56233885979072,NA
"k",2026,3,"dec","KC","2026-09-25T05:40:27Z","refresh",9.4281477549231,NA
"k",2026,3,"dec","DAL","2026-09-25T05:40:27Z","refresh",9.52242900115708,NA
"k",2026,3,"dec","DET","2026-09-25T05:40:27Z","refresh",9.42493541913319,NA
"k",2026,3,"dec","SF","2026-09-25T05:40:27Z","refresh",9.4015656385124,NA
"k",2026,3,"dec","SEA","2026-09-25T05:40:27Z","refresh",9.06527722638796,NA
"k",2026,3,"dec","PHI","2026-09-25T05:40:27Z","refresh",8.96231135637159,NA
"k",2026,3,"dec","MIN","2026-09-25T05:40:27Z","refresh",9.02557682450248,NA
"k",2026,3,"dec","CIN","2026-09-25T05:40:27Z","refresh",8.97720198600475,NA
"k",2026,3,"dec","BAL","2026-09-25T05:40:27Z","refresh",8.78501121895507,NA
"k",2026,3,"dec","JAX","2026-09-25T05:40:27Z","refresh",8.84590625465727,NA
"k",2026,3,"dec","TB","2026-09-25T05:40:27Z","refresh",8.95758679870743,NA
"k",2026,3,"dec","LV","2026-09-25T05:40:27Z","refresh",8.73287216494719,NA
"k",2026,3,"dec","BUF","2026-09-25T05:40:27Z","refresh",8.64872611201582,NA
"k",2026,3,"dec","IND","2026-09-25T05:40:27Z","refresh",8.62978378966799,NA
"k",2026,3,"dec","NYJ","2026-09-25T05:40:27Z","refresh",8.59125513698644,NA
"k",2026,3,"dec","PIT","2026-09-25T05:40:27Z","refresh",8.63303254719876,NA
"k",2026,3,"dec","LA","2026-09-25T05:40:27Z","refresh",8.16176422539615,NA
"k",2026,3,"dec","DEN","2026-09-25T05:40:27Z","refresh",8.1129432880927,NA
"k",2026,3,"dec","GB","2026-09-25T05:40:27Z","refresh",8.28519122239312,NA
"k",2026,3,"dec","ATL","2026-09-25T05:40:27Z","refresh",8.2737822559286,NA
"k",2026,3,"dec","CAR","2026-09-25T05:40:27Z","refresh",7.87011117809161,NA
"k",2026,3,"dec","CHI","2026-09-25T05:40:27Z","refresh",7.89582147362366,NA
"k",2026,3,"dec","NE","2026-09-25T05:40:27Z","refresh",7.80890722090807,NA
"k",2026,3,"dec","LAC","2026-09-25T05:40:27Z","refresh",7.80291153209686,NA
"k",2026,3,"dec","CLE","2026-09-25T05:40:27Z","refresh",7.68864595487088,NA
"k",2026,3,"dec","ARI","2026-09-25T05:40:27Z","refresh",7.45321036149377,NA
"k",2026,3,"dec","NYG","2026-09-25T05:40:27Z","refresh",7.08247233132412,NA
"k",2026,3,"dec","TEN","2026-09-25T05:40:27Z","refresh",7.0702575001239,NA
"k",2026,3,"dec","MIA","2026-09-25T05:40:27Z","refresh",6.88333939975132,NA
"k",2026,3,"dec","WAS","2026-09-25T05:40:27Z","refresh",6.64214766020003,NA
"dst",2026,3,"espn","KC","2026-09-25T18:13:45Z","refresh",9.76037808102264,NA
"dst",2026,3,"espn","SEA","2026-09-25T18:13:45Z","refresh",8.98469991506447,NA
"dst",2026,3,"espn","NO","2026-09-25T18:13:45Z","refresh",8.51447574281187,NA
"dst",2026,3,"espn","CAR","2026-09-25T18:13:45Z","refresh",8.29311125437819,NA
"dst",2026,3,"espn","MIN","2026-09-25T18:13:45Z","refresh",7.81760935829189,NA
"dst",2026,3,"espn","NYG","2026-09-25T18:13:45Z","refresh",7.66859108640532,NA
"dst",2026,3,"espn","SF","2026-09-25T18:13:45Z","refresh",7.53485839922431,NA
"dst",2026,3,"espn","GB","2026-09-25T18:13:45Z","refresh",7.50864525303498,NA
"dst",2026,3,"espn","JAX","2026-09-25T18:13:45Z","refresh",7.47069811615874,NA
"dst",2026,3,"espn","HOU","2026-09-25T18:13:45Z","refresh",7.42914875317154,NA
"dst",2026,3,"espn","BUF","2026-09-25T18:13:45Z","refresh",6.88112308987481,NA
"dst",2026,3,"espn","DET","2026-09-25T18:13:45Z","refresh",6.56051152239263,NA
"dst",2026,3,"espn","LA","2026-09-25T18:13:45Z","refresh",6.55121105182822,NA
"dst",2026,3,"espn","PHI","2026-09-25T18:13:45Z","refresh",6.4385606541994,NA
"dst",2026,3,"espn","CIN","2026-09-25T18:13:45Z","refresh",6.12975980107323,NA
"dst",2026,3,"espn","LV","2026-09-25T18:13:45Z","refresh",6.09675538299542,NA
"dst",2026,3,"espn","TB","2026-09-25T18:13:45Z","refresh",6.08766331217831,NA
"dst",2026,3,"espn","TEN","2026-09-25T18:13:45Z","refresh",6.06899456141035,NA
"dst",2026,3,"espn","CHI","2026-09-25T18:13:45Z","refresh",5.94541412222242,NA
"dst",2026,3,"espn","PIT","2026-09-25T18:13:45Z","refresh",5.85574444214499,NA
"dst",2026,3,"espn","CLE","2026-09-25T18:13:45Z","refresh",5.49678801425103,NA
"dst",2026,3,"espn","ATL","2026-09-25T18:13:45Z","refresh",5.38138432960805,NA
"dst",2026,3,"espn","NE","2026-09-25T18:13:45Z","refresh",5.31627918849305,NA
"dst",2026,3,"espn","IND","2026-09-25T18:13:45Z","refresh",5.24958162029488,NA
"dst",2026,3,"espn","WAS","2026-09-25T18:13:45Z","refresh",4.60459596243386,NA
"dst",2026,3,"espn","DEN","2026-09-25T18:13:45Z","refresh",4.11623830998214,NA
"dst",2026,3,"espn","BAL","2026-09-25T18:13:45Z","refresh",3.46854724795564,NA
"dst",2026,3,"espn","NYJ","2026-09-25T18:13:45Z","refresh",3.05092344541164,NA
"dst",2026,3,"espn","LAC","2026-09-25T18:13:45Z","refresh",2.31227597799969,NA
"dst",2026,3,"espn","MIA","2026-09-25T18:13:45Z","refresh",2.0767209630208,NA
"dst",2026,3,"espn","ARI","2026-09-25T18:13:45Z","refresh",1.64554729384489,NA
"dst",2026,3,"espn","DAL","2026-09-25T18:13:45Z","refresh",1.32990502402968,NA
"dst",2026,3,"yahoo","KC","2026-09-25T18:13:45Z","refresh",9.52112438138593,NA
"dst",2026,3,"yahoo","SEA","2026-09-25T18:13:45Z","refresh",8.64139536157271,NA
"dst",2026,3,"yahoo","CAR","2026-09-25T18:13:45Z","refresh",8.2517117485685,NA
"dst",2026,3,"yahoo","NO","2026-09-25T18:13:45Z","refresh",8.23058002845012,NA
"dst",2026,3,"yahoo","NYG","2026-09-25T18:13:45Z","refresh",8.02217143184157,NA
"dst",2026,3,"yahoo","BUF","2026-09-25T18:13:45Z","refresh",7.89916107550584,NA
"dst",2026,3,"yahoo","DET","2026-09-25T18:13:45Z","refresh",7.77806544501466,NA
"dst",2026,3,"yahoo","HOU","2026-09-25T18:13:45Z","refresh",7.61743607807318,NA
"dst",2026,3,"yahoo","JAX","2026-09-25T18:13:45Z","refresh",7.51390703407839,NA
"dst",2026,3,"yahoo","GB","2026-09-25T18:13:45Z","refresh",7.49405494680041,NA
"dst",2026,3,"yahoo","SF","2026-09-25T18:13:45Z","refresh",7.39479124298916,NA
"dst",2026,3,"yahoo","MIN","2026-09-25T18:13:45Z","refresh",7.38640380339695,NA
"dst",2026,3,"yahoo","TB","2026-09-25T18:13:45Z","refresh",7.12890686809085,NA
"dst",2026,3,"yahoo","PHI","2026-09-25T18:13:45Z","refresh",6.9934926008545,NA
"dst",2026,3,"yahoo","LA","2026-09-25T18:13:45Z","refresh",6.95788582784763,NA
"dst",2026,3,"yahoo","IND","2026-09-25T18:13:45Z","refresh",6.84288869670165,NA
"dst",2026,3,"yahoo","CIN","2026-09-25T18:13:45Z","refresh",6.82353884959789,NA
"dst",2026,3,"yahoo","CHI","2026-09-25T18:13:45Z","refresh",6.46788077291995,NA
"dst",2026,3,"yahoo","TEN","2026-09-25T18:13:45Z","refresh",6.44099164711487,NA
"dst",2026,3,"yahoo","CLE","2026-09-25T18:13:45Z","refresh",6.37333658853093,NA
"dst",2026,3,"yahoo","LV","2026-09-25T18:13:45Z","refresh",6.3572900534547,NA
"dst",2026,3,"yahoo","PIT","2026-09-25T18:13:45Z","refresh",6.15541607648182,NA
"dst",2026,3,"yahoo","ATL","2026-09-25T18:13:45Z","refresh",5.98262707574759,NA
"dst",2026,3,"yahoo","WAS","2026-09-25T18:13:45Z","refresh",5.90428025313943,NA
"dst",2026,3,"yahoo","NE","2026-09-25T18:13:45Z","refresh",5.86487903780975,NA
"dst",2026,3,"yahoo","DEN","2026-09-25T18:13:45Z","refresh",5.81344179765096,NA
"dst",2026,3,"yahoo","BAL","2026-09-25T18:13:45Z","refresh",5.23269029033865,NA
"dst",2026,3,"yahoo","NYJ","2026-09-25T18:13:45Z","refresh",4.78596230902256,NA
"dst",2026,3,"yahoo","DAL","2026-09-25T18:13:45Z","refresh",4.14105113017275,NA
"dst",2026,3,"yahoo","LAC","2026-09-25T18:13:45Z","refresh",4.02034480260917,NA
"dst",2026,3,"yahoo","ARI","2026-09-25T18:13:45Z","refresh",3.95199110821493,NA
"dst",2026,3,"yahoo","MIA","2026-09-25T18:13:45Z","refresh",3.76738766633215,NA
"dst",2026,3,"ffpc","KC","2026-09-25T18:13:45Z","refresh",10.7591406300046,NA
"dst",2026,3,"ffpc","SEA","2026-09-25T18:13:45Z","refresh",10.0651694793879,NA
"dst",2026,3,"ffpc","CAR","2026-09-25T18:13:45Z","refresh",9.95563249573104,NA
"dst",2026,3,"ffpc","NO","2026-09-25T18:13:45Z","refresh",9.69141221487671,NA
"dst",2026,3,"ffpc","NYG","2026-09-25T18:13:45Z","refresh",9.05237568736453,NA
"dst",2026,3,"ffpc","JAX","2026-09-25T18:13:45Z","refresh",9.02945689975742,NA
"dst",2026,3,"ffpc","MIN","2026-09-25T18:13:45Z","refresh",9.01707224140507,NA
"dst",2026,3,"ffpc","BUF","2026-09-25T18:13:45Z","refresh",8.81990086235856,NA
"dst",2026,3,"ffpc","HOU","2026-09-25T18:13:45Z","refresh",8.71395713586429,NA
"dst",2026,3,"ffpc","DET","2026-09-25T18:13:45Z","refresh",8.69834791445236,NA
"dst",2026,3,"ffpc","GB","2026-09-25T18:13:45Z","refresh",8.66418854673946,NA
"dst",2026,3,"ffpc","SF","2026-09-25T18:13:45Z","refresh",8.55286155054207,NA
"dst",2026,3,"ffpc","LA","2026-09-25T18:13:45Z","refresh",8.13711145108633,NA
"dst",2026,3,"ffpc","TB","2026-09-25T18:13:45Z","refresh",8.04716027366612,NA
"dst",2026,3,"ffpc","PHI","2026-09-25T18:13:45Z","refresh",7.85970748857137,NA
"dst",2026,3,"ffpc","CHI","2026-09-25T18:13:45Z","refresh",7.6056568942087,NA
"dst",2026,3,"ffpc","TEN","2026-09-25T18:13:45Z","refresh",7.53662332206643,NA
"dst",2026,3,"ffpc","LV","2026-09-25T18:13:45Z","refresh",7.48686872598954,NA
"dst",2026,3,"ffpc","CIN","2026-09-25T18:13:45Z","refresh",7.46057899039877,NA
"dst",2026,3,"ffpc","PIT","2026-09-25T18:13:45Z","refresh",7.45858477792998,NA
"dst",2026,3,"ffpc","CLE","2026-09-25T18:13:45Z","refresh",7.44273991216256,NA
"dst",2026,3,"ffpc","IND","2026-09-25T18:13:45Z","refresh",7.39137653542721,NA
"dst",2026,3,"ffpc","ATL","2026-09-25T18:13:45Z","refresh",7.02385827401101,NA
"dst",2026,3,"ffpc","NE","2026-09-25T18:13:45Z","refresh",6.98390445716999,NA
"dst",2026,3,"ffpc","DEN","2026-09-25T18:13:45Z","refresh",6.44477430775624,NA
"dst",2026,3,"ffpc","WAS","2026-09-25T18:13:45Z","refresh",6.42512052002284,NA
"dst",2026,3,"ffpc","BAL","2026-09-25T18:13:45Z","refresh",5.65860192437366,NA
"dst",2026,3,"ffpc","NYJ","2026-09-25T18:13:45Z","refresh",5.17955817530034,NA
"dst",2026,3,"ffpc","LAC","2026-09-25T18:13:45Z","refresh",4.81084528971704,NA
"dst",2026,3,"ffpc","DAL","2026-09-25T18:13:45Z","refresh",4.66726454908299,NA
"dst",2026,3,"ffpc","MIA","2026-09-25T18:13:45Z","refresh",4.49301864170517,NA
"dst",2026,3,"ffpc","ARI","2026-09-25T18:13:45Z","refresh",4.37846452342499,NA
"k",2026,3,"espn","HOU","2026-09-25T18:15:23Z","refresh",9.27596837011075,NA
"k",2026,3,"espn","NO","2026-09-25T18:15:23Z","refresh",9.14479243386931,NA
"k",2026,3,"espn","KC","2026-09-25T18:15:23Z","refresh",9.40887821174506,NA
"k",2026,3,"espn","DAL","2026-09-25T18:15:23Z","refresh",9.01633986388401,NA
"k",2026,3,"espn","DET","2026-09-25T18:15:23Z","refresh",9.06881184093931,NA
"k",2026,3,"espn","SF","2026-09-25T18:15:23Z","refresh",9.04507732232868,NA
"k",2026,3,"espn","SEA","2026-09-25T18:15:23Z","refresh",8.67741580981701,NA
"k",2026,3,"espn","PHI","2026-09-25T18:15:23Z","refresh",8.57521091088493,NA
"k",2026,3,"espn","MIN","2026-09-25T18:15:23Z","refresh",8.55954641106967,NA
"k",2026,3,"espn","CIN","2026-09-25T18:15:23Z","refresh",8.55502251253346,NA
"k",2026,3,"espn","BAL","2026-09-25T18:15:23Z","refresh",8.43212758441401,NA
"k",2026,3,"espn","JAX","2026-09-25T18:15:23Z","refresh",8.46080694665772,NA
"k",2026,3,"espn","TB","2026-09-25T18:15:23Z","refresh",8.44664884353434,NA
"k",2026,3,"espn","LV","2026-09-25T18:15:23Z","refresh",8.29411946184653,NA
"k",2026,3,"espn","BUF","2026-09-25T18:15:23Z","refresh",8.24021900077708,NA
"k",2026,3,"espn","IND","2026-09-25T18:15:23Z","refresh",8.25511407233747,NA
"k",2026,3,"espn","NYJ","2026-09-25T18:15:23Z","refresh",8.19327251993587,NA
"k",2026,3,"espn","PIT","2026-09-25T18:15:23Z","refresh",8.15861968826715,NA
"k",2026,3,"espn","LA","2026-09-25T18:15:23Z","refresh",7.86618076124485,NA
"k",2026,3,"espn","DEN","2026-09-25T18:15:23Z","refresh",7.75113268016098,NA
"k",2026,3,"espn","GB","2026-09-25T18:15:23Z","refresh",7.96142037312549,NA
"k",2026,3,"espn","ATL","2026-09-25T18:15:23Z","refresh",7.8597550948787,NA
"k",2026,3,"espn","CAR","2026-09-25T18:15:23Z","refresh",7.53010149814391,NA
"k",2026,3,"espn","CHI","2026-09-25T18:15:23Z","refresh",7.49697233741732,NA
"k",2026,3,"espn","NE","2026-09-25T18:15:23Z","refresh",7.44108051687117,NA
"k",2026,3,"espn","LAC","2026-09-25T18:15:23Z","refresh",7.38712185982291,NA
"k",2026,3,"espn","CLE","2026-09-25T18:15:23Z","refresh",7.34088003897473,NA
"k",2026,3,"espn","ARI","2026-09-25T18:15:23Z","refresh",7.0955104170616,NA
"k",2026,3,"espn","NYG","2026-09-25T18:15:23Z","refresh",7.32768415302493,NA
"k",2026,3,"espn","TEN","2026-09-25T18:15:23Z","refresh",7.23905988609852,NA
"k",2026,3,"espn","MIA","2026-09-25T18:15:23Z","refresh",6.91217972749463,NA
"k",2026,3,"espn","WAS","2026-09-25T18:15:23Z","refresh",6.29272797152006,NA
"k",2026,3,"dec","HOU","2026-09-25T18:15:23Z","refresh",9.72933449008239,NA
"k",2026,3,"dec","NO","2026-09-25T18:15:23Z","refresh",9.56233885979072,NA
"k",2026,3,"dec","KC","2026-09-25T18:15:23Z","refresh",9.73733265335711,NA
"k",2026,3,"dec","DAL","2026-09-25T18:15:23Z","refresh",9.41525960176773,NA
"k",2026,3,"dec","DET","2026-09-25T18:15:23Z","refresh",9.44651219479324,NA
"k",2026,3,"dec","SF","2026-09-25T18:15:23Z","refresh",9.34668885214298,NA
"k",2026,3,"dec","SEA","2026-09-25T18:15:23Z","refresh",9.04353329586969,NA
"k",2026,3,"dec","PHI","2026-09-25T18:15:23Z","refresh",8.97898982584242,NA
"k",2026,3,"dec","MIN","2026-09-25T18:15:23Z","refresh",8.91338209799405,NA
"k",2026,3,"dec","CIN","2026-09-25T18:15:23Z","refresh",8.92213710859499,NA
"k",2026,3,"dec","BAL","2026-09-25T18:15:23Z","refresh",8.70296342169628,NA
"k",2026,3,"dec","JAX","2026-09-25T18:15:23Z","refresh",8.79269087315886,NA
"k",2026,3,"dec","TB","2026-09-25T18:15:23Z","refresh",8.84329568255421,NA
"k",2026,3,"dec","LV","2026-09-25T18:15:23Z","refresh",8.73287216494719,NA
"k",2026,3,"dec","BUF","2026-09-25T18:15:23Z","refresh",8.54358295396771,NA
"k",2026,3,"dec","IND","2026-09-25T18:15:23Z","refresh",8.62978378966799,NA
"k",2026,3,"dec","NYJ","2026-09-25T18:15:23Z","refresh",8.60589059883677,NA
"k",2026,3,"dec","PIT","2026-09-25T18:15:23Z","refresh",8.57610830196865,NA
"k",2026,3,"dec","LA","2026-09-25T18:15:23Z","refresh",8.14535073962024,NA
"k",2026,3,"dec","DEN","2026-09-25T18:15:23Z","refresh",8.09868213943013,NA
"k",2026,3,"dec","GB","2026-09-25T18:15:23Z","refresh",8.28519122239312,NA
"k",2026,3,"dec","ATL","2026-09-25T18:15:23Z","refresh",8.2737822559286,NA
"k",2026,3,"dec","CAR","2026-09-25T18:15:23Z","refresh",7.83800445354521,NA
"k",2026,3,"dec","CHI","2026-09-25T18:15:23Z","refresh",7.90943678291048,NA
"k",2026,3,"dec","NE","2026-09-25T18:15:23Z","refresh",7.75888303848077,NA
"k",2026,3,"dec","LAC","2026-09-25T18:15:23Z","refresh",7.69896671703704,NA
"k",2026,3,"dec","CLE","2026-09-25T18:15:23Z","refresh",7.65292834046696,NA
"k",2026,3,"dec","ARI","2026-09-25T18:15:23Z","refresh",7.40150463439015,NA
"k",2026,3,"dec","NYG","2026-09-25T18:15:23Z","refresh",7.6223825569404,NA
"k",2026,3,"dec","TEN","2026-09-25T18:15:23Z","refresh",7.61418942739623,NA
"k",2026,3,"dec","MIA","2026-09-25T18:15:23Z","refresh",7.24299176610495,NA
"k",2026,3,"dec","WAS","2026-09-25T18:15:23Z","refresh",6.62422510676937,NA
"dst",2026,3,"espn","KC","2026-09-25T20:22:36Z","refresh",9.74998251419547,17.5
"dst",2026,3,"espn","SEA","2026-09-25T20:22:36Z","refresh",8.94045815493024,16.25
"dst",2026,3,"espn","NO","2026-09-25T20:22:36Z","refresh",8.50717355970729,20.25
"dst",2026,3,"espn","CAR","2026-09-25T20:22:36Z","refresh",8.28303903486922,20
"dst",2026,3,"espn","MIN","2026-09-25T20:22:36Z","refresh",7.80917256314907,20.5
"dst",2026,3,"espn","NYG","2026-09-25T20:22:36Z","refresh",7.75845698959752,17.75
"dst",2026,3,"espn","SF","2026-09-25T20:22:36Z","refresh",7.52558883306272,19.75
"dst",2026,3,"espn","GB","2026-09-25T20:22:36Z","refresh",7.48059674656282,19.25
"dst",2026,3,"espn","JAX","2026-09-25T20:22:36Z","refresh",7.46052524265737,21.5
"dst",2026,3,"espn","HOU","2026-09-25T20:22:36Z","refresh",7.42412055161678,20.5
"dst",2026,3,"espn","BUF","2026-09-25T20:22:36Z","refresh",6.87636376506027,21.5
"dst",2026,3,"espn","DET","2026-09-25T20:22:36Z","refresh",6.55327383428245,20.75
"dst",2026,3,"espn","PHI","2026-09-25T20:22:36Z","refresh",6.53549017132851,18.25
"dst",2026,3,"espn","LA","2026-09-25T20:22:36Z","refresh",6.43636660387454,21
"dst",2026,3,"espn","TEN","2026-09-25T20:22:36Z","refresh",6.15836606159293,20.25
"dst",2026,3,"espn","CIN","2026-09-25T20:22:36Z","refresh",6.12181590833146,19.5
"dst",2026,3,"espn","LV","2026-09-25T20:22:36Z","refresh",6.09012038455485,23.25
"dst",2026,3,"espn","TB","2026-09-25T20:22:36Z","refresh",6.0799092629195,22
"dst",2026,3,"espn","PIT","2026-09-25T20:22:36Z","refresh",5.84673877665741,23
"dst",2026,3,"espn","CHI","2026-09-25T20:22:36Z","refresh",5.8296649971567,23.25
"dst",2026,3,"espn","CLE","2026-09-25T20:22:36Z","refresh",5.48809178758166,22.5
"dst",2026,3,"espn","ATL","2026-09-25T20:22:36Z","refresh",5.35302064332147,23.75
"dst",2026,3,"espn","NE","2026-09-25T20:22:36Z","refresh",5.30806947855428,24.5
"dst",2026,3,"espn","IND","2026-09-25T20:22:36Z","refresh",5.24484846021451,22
"dst",2026,3,"espn","WAS","2026-09-25T20:22:36Z","refresh",4.47991845111151,23.75
"dst",2026,3,"espn","DEN","2026-09-25T20:22:36Z","refresh",4.21403396219466,23
"dst",2026,3,"espn","BAL","2026-09-25T20:22:36Z","refresh",3.46481036557345,25
"dst",2026,3,"espn","NYJ","2026-09-25T20:22:36Z","refresh",3.04572907701431,27.25
"dst",2026,3,"espn","LAC","2026-09-25T20:22:36Z","refresh",2.30859908821909,28.5
"dst",2026,3,"espn","MIA","2026-09-25T20:22:36Z","refresh",2.06988728111623,28
"dst",2026,3,"espn","ARI","2026-09-25T20:22:36Z","refresh",1.63822627888652,28.25
"dst",2026,3,"espn","DAL","2026-09-25T20:22:36Z","refresh",1.32620379850147,28.5
"dst",2026,3,"yahoo","KC","2026-09-25T20:22:36Z","refresh",9.58713686161173,17.5
"dst",2026,3,"yahoo","SEA","2026-09-25T20:22:36Z","refresh",8.53336449761881,16.25
"dst",2026,3,"yahoo","CAR","2026-09-25T20:22:36Z","refresh",8.30963281892262,20
"dst",2026,3,"yahoo","NO","2026-09-25T20:22:36Z","refresh",8.27661499381282,20.25
"dst",2026,3,"yahoo","NYG","2026-09-25T20:22:36Z","refresh",8.09040300844626,17.75
"dst",2026,3,"yahoo","BUF","2026-09-25T20:22:36Z","refresh",7.92764353424378,21.5
"dst",2026,3,"yahoo","DET","2026-09-25T20:22:36Z","refresh",7.78039628225511,20.75
"dst",2026,3,"yahoo","HOU","2026-09-25T20:22:36Z","refresh",7.65487534941453,20.5
"dst",2026,3,"yahoo","JAX","2026-09-25T20:22:36Z","refresh",7.549031064733,21.5
"dst",2026,3,"yahoo","GB","2026-09-25T20:22:36Z","refresh",7.47885915077743,19.25
"dst",2026,3,"yahoo","MIN","2026-09-25T20:22:36Z","refresh",7.42964364401727,20.5
"dst",2026,3,"yahoo","SF","2026-09-25T20:22:36Z","refresh",7.37988526271379,19.75
"dst",2026,3,"yahoo","TB","2026-09-25T20:22:36Z","refresh",7.10983167661295,22
"dst",2026,3,"yahoo","PHI","2026-09-25T20:22:36Z","refresh",7.05722998164327,18.25
"dst",2026,3,"yahoo","LA","2026-09-25T20:22:36Z","refresh",6.88085961174892,21
"dst",2026,3,"yahoo","IND","2026-09-25T20:22:36Z","refresh",6.84368225199793,22
"dst",2026,3,"yahoo","CIN","2026-09-25T20:22:36Z","refresh",6.79271667975446,19.5
"dst",2026,3,"yahoo","TEN","2026-09-25T20:22:36Z","refresh",6.47595073557966,20.25
"dst",2026,3,"yahoo","CHI","2026-09-25T20:22:36Z","refresh",6.41077025999185,23.25
"dst",2026,3,"yahoo","CLE","2026-09-25T20:22:36Z","refresh",6.39423842290099,22.5
"dst",2026,3,"yahoo","LV","2026-09-25T20:22:36Z","refresh",6.33923843908515,23.25
"dst",2026,3,"yahoo","PIT","2026-09-25T20:22:36Z","refresh",6.15199900745597,23
"dst",2026,3,"yahoo","ATL","2026-09-25T20:22:36Z","refresh",5.96076498401592,23.75
"dst",2026,3,"yahoo","DEN","2026-09-25T20:22:36Z","refresh",5.88391038727185,23
"dst",2026,3,"yahoo","NE","2026-09-25T20:22:36Z","refresh",5.8553235925755,24.5
"dst",2026,3,"yahoo","WAS","2026-09-25T20:22:36Z","refresh",5.73888472264778,23.75
"dst",2026,3,"yahoo","BAL","2026-09-25T20:22:36Z","refresh",5.19885855622609,25
"dst",2026,3,"yahoo","NYJ","2026-09-25T20:22:36Z","refresh",4.75110436893346,27.25
"dst",2026,3,"yahoo","DAL","2026-09-25T20:22:36Z","refresh",4.13650971355033,28.5
"dst",2026,3,"yahoo","LAC","2026-09-25T20:22:36Z","refresh",3.98324910427889,28.5
"dst",2026,3,"yahoo","ARI","2026-09-25T20:22:36Z","refresh",3.91984957486164,28.25
"dst",2026,3,"yahoo","MIA","2026-09-25T20:22:36Z","refresh",3.70676381723007,28
"dst",2026,3,"ffpc","KC","2026-09-25T20:22:36Z","refresh",10.7499016597272,17.5
"dst",2026,3,"ffpc","SEA","2026-09-25T20:22:36Z","refresh",10.0214303070324,16.25
"dst",2026,3,"ffpc","CAR","2026-09-25T20:22:36Z","refresh",9.94703366383924,20
"dst",2026,3,"ffpc","NO","2026-09-25T20:22:36Z","refresh",9.68427744129625,20.25
"dst",2026,3,"ffpc","NYG","2026-09-25T20:22:36Z","refresh",9.10217701630869,17.75
"dst",2026,3,"ffpc","JAX","2026-09-25T20:22:36Z","refresh",9.02083878145498,21.5
"dst",2026,3,"ffpc","MIN","2026-09-25T20:22:36Z","refresh",9.00911281956807,20.5
"dst",2026,3,"ffpc","BUF","2026-09-25T20:22:36Z","refresh",8.8135602306972,21.5
"dst",2026,3,"ffpc","HOU","2026-09-25T20:22:36Z","refresh",8.70785346050631,20.5
"dst",2026,3,"ffpc","DET","2026-09-25T20:22:36Z","refresh",8.69113822837605,20.75
"dst",2026,3,"ffpc","GB","2026-09-25T20:22:36Z","refresh",8.65275915103342,19.25
"dst",2026,3,"ffpc","SF","2026-09-25T20:22:36Z","refresh",8.54485195310256,19.75
"dst",2026,3,"ffpc","LA","2026-09-25T20:22:36Z","refresh",8.0469047524293,21
"dst",2026,3,"ffpc","TB","2026-09-25T20:22:36Z","refresh",8.04029251607439,22
"dst",2026,3,"ffpc","PHI","2026-09-25T20:22:36Z","refresh",7.93470205540658,18.25
"dst",2026,3,"ffpc","TEN","2026-09-25T20:22:36Z","refresh",7.58612089596313,20.25
"dst",2026,3,"ffpc","CHI","2026-09-25T20:22:36Z","refresh",7.51491311239233,23.25
"dst",2026,3,"ffpc","LV","2026-09-25T20:22:36Z","refresh",7.48026883204529,23.25
"dst",2026,3,"ffpc","CIN","2026-09-25T20:22:36Z","refresh",7.45376551823868,19.5
"dst",2026,3,"ffpc","PIT","2026-09-25T20:22:36Z","refresh",7.45091347517392,23
"dst",2026,3,"ffpc","CLE","2026-09-25T20:22:36Z","refresh",7.43499549093787,22.5
"dst",2026,3,"ffpc","IND","2026-09-25T20:22:36Z","refresh",7.38558170004344,22
"dst",2026,3,"ffpc","ATL","2026-09-25T20:22:36Z","refresh",7.01254324057274,23.75
"dst",2026,3,"ffpc","NE","2026-09-25T20:22:36Z","refresh",6.97679368581543,24.5
"dst",2026,3,"ffpc","DEN","2026-09-25T20:22:36Z","refresh",6.52010377762861,23
"dst",2026,3,"ffpc","WAS","2026-09-25T20:22:36Z","refresh",6.25552757725244,23.75
"dst",2026,3,"ffpc","BAL","2026-09-25T20:22:36Z","refresh",5.65368628460337,25
"dst",2026,3,"ffpc","NYJ","2026-09-25T20:22:36Z","refresh",5.17410254839684,27.25
"dst",2026,3,"ffpc","LAC","2026-09-25T20:22:36Z","refresh",4.80595495509794,28.5
"dst",2026,3,"ffpc","DAL","2026-09-25T20:22:36Z","refresh",4.6623824253196,28.5
"dst",2026,3,"ffpc","MIA","2026-09-25T20:22:36Z","refresh",4.4869902248035,28
"dst",2026,3,"ffpc","ARI","2026-09-25T20:22:36Z","refresh",4.37219498445459,28.25
"k",2026,3,"espn","KC","2026-09-25T20:23:06Z","refresh",9.40761145539088,28
"k",2026,3,"espn","HOU","2026-09-25T20:23:06Z","refresh",9.27629077219647,22
"k",2026,3,"espn","NO","2026-09-25T20:23:06Z","refresh",9.14509606421208,23.25
"k",2026,3,"espn","DET","2026-09-25T20:23:06Z","refresh",9.06922455236603,27.25
"k",2026,3,"espn","DAL","2026-09-25T20:23:06Z","refresh",9.07681428837821,25
"k",2026,3,"espn","SF","2026-09-25T20:23:06Z","refresh",9.04450106516996,28.25
"k",2026,3,"espn","SEA","2026-09-25T20:23:06Z","refresh",8.62504334199083,23.75
"k",2026,3,"espn","PHI","2026-09-25T20:23:06Z","refresh",8.62617155760955,23.25
"k",2026,3,"espn","MIN","2026-09-25T20:23:06Z","refresh",8.55920513695029,22
"k",2026,3,"espn","CIN","2026-09-25T20:23:06Z","refresh",8.50176070262759,23
"k",2026,3,"espn","JAX","2026-09-25T20:23:06Z","refresh",8.51068767039372,24.5
"k",2026,3,"espn","BAL","2026-09-25T20:23:06Z","refresh",8.48363816449551,28.5
"k",2026,3,"espn","TB","2026-09-25T20:23:06Z","refresh",8.44619545795127,20.5
"k",2026,3,"espn","LV","2026-09-25T20:23:06Z","refresh",8.29444253985295,20.25
"k",2026,3,"espn","BUF","2026-09-25T20:23:06Z","refresh",8.24194740414498,28.5
"k",2026,3,"espn","IND","2026-09-25T20:23:06Z","refresh",8.2554115639183,20.5
"k",2026,3,"espn","NYJ","2026-09-25T20:23:06Z","refresh",8.19368938073994,20.75
"k",2026,3,"espn","PIT","2026-09-25T20:23:06Z","refresh",8.10390444816416,19.5
"k",2026,3,"espn","GB","2026-09-25T20:23:06Z","refresh",7.93329110105649,23.75
"k",2026,3,"espn","LA","2026-09-25T20:23:06Z","refresh",7.81559250000378,23
"k",2026,3,"espn","ATL","2026-09-25T20:23:06Z","refresh",7.83158325292538,19.25
"k",2026,3,"espn","DEN","2026-09-25T20:23:06Z","refresh",7.7984494291696,21
"k",2026,3,"espn","CAR","2026-09-25T20:23:06Z","refresh",7.52939118429407,22.5
"k",2026,3,"espn","CHI","2026-09-25T20:23:06Z","refresh",7.45033792833868,18.25
"k",2026,3,"espn","NE","2026-09-25T20:23:06Z","refresh",7.48822001632929,21.5
"k",2026,3,"espn","LAC","2026-09-25T20:23:06Z","refresh",7.38888378441897,21.5
"k",2026,3,"espn","CLE","2026-09-25T20:23:06Z","refresh",7.34042246167243,20
"k",2026,3,"espn","NYG","2026-09-25T20:23:06Z","refresh",7.31391523564125,20.25
"k",2026,3,"espn","TEN","2026-09-25T20:23:06Z","refresh",7.22706585012107,17.75
"k",2026,3,"espn","ARI","2026-09-25T20:23:06Z","refresh",7.09504300669947,19.75
"k",2026,3,"espn","MIA","2026-09-25T20:23:06Z","refresh",6.91101618598948,17.5
"k",2026,3,"espn","WAS","2026-09-25T20:23:06Z","refresh",6.24645096752651,16.25
"k",2026,3,"dec","KC","2026-09-25T20:23:06Z","refresh",9.7360499795291,28
"k",2026,3,"dec","HOU","2026-09-25T20:23:06Z","refresh",9.72974507420634,22
"k",2026,3,"dec","NO","2026-09-25T20:23:06Z","refresh",9.56277428466202,23.25
"k",2026,3,"dec","DET","2026-09-25T20:23:06Z","refresh",9.44703133621166,27.25
"k",2026,3,"dec","DAL","2026-09-25T20:23:06Z","refresh",9.47864803858196,25
"k",2026,3,"dec","SF","2026-09-25T20:23:06Z","refresh",9.34618665274461,28.25
"k",2026,3,"dec","SEA","2026-09-25T20:23:06Z","refresh",8.98918390917846,23.75
"k",2026,3,"dec","PHI","2026-09-25T20:23:06Z","refresh",9.0291435160366,23.25
"k",2026,3,"dec","MIN","2026-09-25T20:23:06Z","refresh",8.91309258751139,22
"k",2026,3,"dec","CIN","2026-09-25T20:23:06Z","refresh",8.86658242900771,23
"k",2026,3,"dec","JAX","2026-09-25T20:23:06Z","refresh",8.84450391129685,24.5
"k",2026,3,"dec","BAL","2026-09-25T20:23:06Z","refresh",8.75606838855373,28.5
"k",2026,3,"dec","TB","2026-09-25T20:23:06Z","refresh",8.84289458771076,20.5
"k",2026,3,"dec","LV","2026-09-25T20:23:06Z","refresh",8.7332882433057,20.25
"k",2026,3,"dec","BUF","2026-09-25T20:23:06Z","refresh",8.54550530480537,28.5
"k",2026,3,"dec","IND","2026-09-25T20:23:06Z","refresh",8.6301714595426,20.5
"k",2026,3,"dec","NYJ","2026-09-25T20:23:06Z","refresh",8.60642862220658,20.75
"k",2026,3,"dec","PIT","2026-09-25T20:23:06Z","refresh",8.51891919240887,19.5
"k",2026,3,"dec","GB","2026-09-25T20:23:06Z","refresh",8.25548882863151,23.75
"k",2026,3,"dec","LA","2026-09-25T20:23:06Z","refresh",8.09571525496787,23
"k",2026,3,"dec","ATL","2026-09-25T20:23:06Z","refresh",8.2440189790299,19.25
"k",2026,3,"dec","DEN","2026-09-25T20:23:06Z","refresh",8.14512287972995,21
"k",2026,3,"dec","CAR","2026-09-25T20:23:06Z","refresh",7.83733525723391,22.5
"k",2026,3,"dec","CHI","2026-09-25T20:23:06Z","refresh",7.86359787080221,18.25
"k",2026,3,"dec","NE","2026-09-25T20:23:06Z","refresh",7.80767638531136,21.5
"k",2026,3,"dec","LAC","2026-09-25T20:23:06Z","refresh",7.70090914554899,21.5
"k",2026,3,"dec","CLE","2026-09-25T20:23:06Z","refresh",7.65251891146848,20
"k",2026,3,"dec","NYG","2026-09-25T20:23:06Z","refresh",7.6103330348955,20.25
"k",2026,3,"dec","TEN","2026-09-25T20:23:06Z","refresh",7.60389942627138,17.75
"k",2026,3,"dec","ARI","2026-09-25T20:23:06Z","refresh",7.40111005143801,19.75
"k",2026,3,"dec","MIA","2026-09-25T20:23:06Z","refresh",7.24178655406485,17.5
"k",2026,3,"dec","WAS","2026-09-25T20:23:06Z","refresh",6.57585105843043,16.25
"dst",2026,3,"espn","KC","2026-09-25T21:12:57Z","refresh",9.78341895699693,17.5
"dst",2026,3,"espn","SEA","2026-09-25T21:12:57Z","refresh",8.99725782134383,16.25
"dst",2026,3,"espn","NO","2026-09-25T21:12:57Z","refresh",8.60294053014129,20.25
"dst",2026,3,"espn","CAR","2026-09-25T21:12:57Z","refresh",8.3148212676528,20
"dst",2026,3,"espn","MIN","2026-09-25T21:12:57Z","refresh",7.87011336856309,20.5
"dst",2026,3,"espn","NYG","2026-09-25T21:12:57Z","refresh",7.8110155665795,17.75
"dst",2026,3,"espn","GB","2026-09-25T21:12:57Z","refresh",7.56713143366671,19.25
"dst",2026,3,"espn","SF","2026-09-25T21:12:57Z","refresh",7.54731921443135,19.75
"dst",2026,3,"espn","JAX","2026-09-25T21:12:57Z","refresh",7.53741360467508,21.5
"dst",2026,3,"espn","HOU","2026-09-25T21:12:57Z","refresh",7.48717199568386,20.5
"dst",2026,3,"espn","BUF","2026-09-25T21:12:57Z","refresh",6.89437802833365,21.5
"dst",2026,3,"espn","PHI","2026-09-25T21:12:57Z","refresh",6.66855676874473,18
"dst",2026,3,"espn","LA","2026-09-25T21:12:57Z","refresh",6.50391779693991,21
"dst",2026,3,"espn","DET","2026-09-25T21:12:57Z","refresh",6.42595103997557,20.75
"dst",2026,3,"espn","CIN","2026-09-25T21:12:57Z","refresh",6.17462866462305,19.5
"dst",2026,3,"espn","LV","2026-09-25T21:12:57Z","refresh",6.16289499946965,23.25
"dst",2026,3,"espn","TEN","2026-09-25T21:12:57Z","refresh",6.15237102999365,20.25
"dst",2026,3,"espn","TB","2026-09-25T21:12:57Z","refresh",6.11728255503598,22
"dst",2026,3,"espn","CHI","2026-09-25T21:12:57Z","refresh",6.05989390234711,23
"dst",2026,3,"espn","PIT","2026-09-25T21:12:57Z","refresh",6.00074970663156,23
"dst",2026,3,"espn","CLE","2026-09-25T21:12:57Z","refresh",5.34145008757813,22.5
"dst",2026,3,"espn","NE","2026-09-25T21:12:57Z","refresh",5.26949772907199,24.5
"dst",2026,3,"espn","ATL","2026-09-25T21:12:57Z","refresh",5.23514670495356,23.75
"dst",2026,3,"espn","IND","2026-09-25T21:12:57Z","refresh",5.1609240725978,22
"dst",2026,3,"espn","WAS","2026-09-25T21:12:57Z","refresh",4.46623042271336,23.75
"dst",2026,3,"espn","DEN","2026-09-25T21:12:57Z","refresh",4.16502760804155,23
"dst",2026,3,"espn","BAL","2026-09-25T21:12:57Z","refresh",3.18617998402706,25
"dst",2026,3,"espn","NYJ","2026-09-25T21:12:57Z","refresh",3.12734845400743,27.25
"dst",2026,3,"espn","LAC","2026-09-25T21:12:57Z","refresh",2.2934503149721,28.5
"dst",2026,3,"espn","MIA","2026-09-25T21:12:57Z","refresh",2.01117344903508,28
"dst",2026,3,"espn","ARI","2026-09-25T21:12:57Z","refresh",1.57745551019982,28.25
"dst",2026,3,"espn","DAL","2026-09-25T21:12:57Z","refresh",1.25522659001827,28.5
"dst",2026,3,"yahoo","KC","2026-09-25T21:12:57Z","refresh",9.58433422640823,17.5
"dst",2026,3,"yahoo","SEA","2026-09-25T21:12:57Z","refresh",8.51798629902581,16.25
"dst",2026,3,"yahoo","CAR","2026-09-25T21:12:57Z","refresh",8.34391761474449,20
"dst",2026,3,"yahoo","NO","2026-09-25T21:12:57Z","refresh",8.2590964311063,20.25
"dst",2026,3,"yahoo","NYG","2026-09-25T21:12:57Z","refresh",8.12425815471515,17.75
"dst",2026,3,"yahoo","BUF","2026-09-25T21:12:57Z","refresh",7.92272213255862,21.5
"dst",2026,3,"yahoo","DET","2026-09-25T21:12:57Z","refresh",7.81962534582325,20.75
"dst",2026,3,"yahoo","HOU","2026-09-25T21:12:57Z","refresh",7.64933117976633,20.5
"dst",2026,3,"yahoo","JAX","2026-09-25T21:12:57Z","refresh",7.50279735888208,21.5
"dst",2026,3,"yahoo","GB","2026-09-25T21:12:57Z","refresh",7.50028478919327,19.25
"dst",2026,3,"yahoo","MIN","2026-09-25T21:12:57Z","refresh",7.43589876833931,20.5
"dst",2026,3,"yahoo","SF","2026-09-25T21:12:57Z","refresh",7.36629462520186,19.75
"dst",2026,3,"yahoo","PHI","2026-09-25T21:12:57Z","refresh",7.14160454806863,18
"dst",2026,3,"yahoo","TB","2026-09-25T21:12:57Z","refresh",7.10397139208011,22
"dst",2026,3,"yahoo","LA","2026-09-25T21:12:57Z","refresh",6.89652140948047,21
"dst",2026,3,"yahoo","IND","2026-09-25T21:12:57Z","refresh",6.85115230337717,22
"dst",2026,3,"yahoo","CIN","2026-09-25T21:12:57Z","refresh",6.80965917590572,19.5
"dst",2026,3,"yahoo","CHI","2026-09-25T21:12:57Z","refresh",6.4912664717697,23
"dst",2026,3,"yahoo","TEN","2026-09-25T21:12:57Z","refresh",6.4857459994725,20.25
"dst",2026,3,"yahoo","CLE","2026-09-25T21:12:57Z","refresh",6.42085206555041,22.5
"dst",2026,3,"yahoo","LV","2026-09-25T21:12:57Z","refresh",6.371053023422,23.25
"dst",2026,3,"yahoo","PIT","2026-09-25T21:12:57Z","refresh",6.14166230942654,23
"dst",2026,3,"yahoo","ATL","2026-09-25T21:12:57Z","refresh",5.95270903585938,23.75
"dst",2026,3,"yahoo","DEN","2026-09-25T21:12:57Z","refresh",5.85528702821574,23
"dst",2026,3,"yahoo","NE","2026-09-25T21:12:57Z","refresh",5.84109056050446,24.5
"dst",2026,3,"yahoo","WAS","2026-09-25T21:12:57Z","refresh",5.70711357327561,23.75
"dst",2026,3,"yahoo","BAL","2026-09-25T21:12:57Z","refresh",5.20132445046476,25
"dst",2026,3,"yahoo","NYJ","2026-09-25T21:12:57Z","refresh",4.72352523726967,27.25
"dst",2026,3,"yahoo","DAL","2026-09-25T21:12:57Z","refresh",4.13803062171426,28.5
"dst",2026,3,"yahoo","LAC","2026-09-25T21:12:57Z","refresh",3.98451849991897,28.5
"dst",2026,3,"yahoo","ARI","2026-09-25T21:12:57Z","refresh",3.85724668802164,28.25
"dst",2026,3,"yahoo","MIA","2026-09-25T21:12:57Z","refresh",3.71712774875737,28
"dst",2026,3,"ffpc","KC","2026-09-25T21:12:57Z","refresh",10.7890512918936,17.5
"dst",2026,3,"ffpc","SEA","2026-09-25T21:12:57Z","refresh",10.126425036029,16.25
"dst",2026,3,"ffpc","NO","2026-09-25T21:12:57Z","refresh",9.53557422532866,20.25
"dst",2026,3,"ffpc","CAR","2026-09-25T21:12:57Z","refresh",9.51646316435021,20
"dst",2026,3,"ffpc","MIN","2026-09-25T21:12:57Z","refresh",9.00703137886559,20.5
"dst",2026,3,"ffpc","JAX","2026-09-25T21:12:57Z","refresh",8.98330649021055,21.5
"dst",2026,3,"ffpc","NYG","2026-09-25T21:12:57Z","refresh",8.96748942461128,17.75
"dst",2026,3,"ffpc","BUF","2026-09-25T21:12:57Z","refresh",8.95603219407019,21.5
"dst",2026,3,"ffpc","SF","2026-09-25T21:12:57Z","refresh",8.74730336520251,19.75
"dst",2026,3,"ffpc","GB","2026-09-25T21:12:57Z","refresh",8.65501759508849,19.25
"dst",2026,3,"ffpc","HOU","2026-09-25T21:12:57Z","refresh",8.63196743665053,20.5
"dst",2026,3,"ffpc","DET","2026-09-25T21:12:57Z","refresh",8.50277350889223,20.75
"dst",2026,3,"ffpc","LA","2026-09-25T21:12:57Z","refresh",8.14279467976081,21
"dst",2026,3,"ffpc","PHI","2026-09-25T21:12:57Z","refresh",8.10436894587219,18
"dst",2026,3,"ffpc","TEN","2026-09-25T21:12:57Z","refresh",7.81807040717689,20.25
"dst",2026,3,"ffpc","TB","2026-09-25T21:12:57Z","refresh",7.79021134304955,22
"dst",2026,3,"ffpc","CHI","2026-09-25T21:12:57Z","refresh",7.73011215521305,23
"dst",2026,3,"ffpc","PIT","2026-09-25T21:12:57Z","refresh",7.60972721766315,23
"dst",2026,3,"ffpc","LV","2026-09-25T21:12:57Z","refresh",7.56636302725686,23.25
"dst",2026,3,"ffpc","CIN","2026-09-25T21:12:57Z","refresh",7.56610834012792,19.5
"dst",2026,3,"ffpc","CLE","2026-09-25T21:12:57Z","refresh",7.45147738344253,22.5
"dst",2026,3,"ffpc","IND","2026-09-25T21:12:57Z","refresh",7.36747891157084,22
"dst",2026,3,"ffpc","NE","2026-09-25T21:12:57Z","refresh",6.98538154492271,24.5
"dst",2026,3,"ffpc","ATL","2026-09-25T21:12:57Z","refresh",6.92617501916846,23.75
"dst",2026,3,"ffpc","DEN","2026-09-25T21:12:57Z","refresh",6.44290272349711,23
"dst",2026,3,"ffpc","WAS","2026-09-25T21:12:57Z","refresh",6.37495058732364,23.75
"dst",2026,3,"ffpc","BAL","2026-09-25T21:12:57Z","refresh",5.47260262523933,25
"dst",2026,3,"ffpc","NYJ","2026-09-25T21:12:57Z","refresh",5.29660072092238,27.25
"dst",2026,3,"ffpc","LAC","2026-09-25T21:12:57Z","refresh",4.89579785402426,28.5
"dst",2026,3,"ffpc","DAL","2026-09-25T21:12:57Z","refresh",4.60444848806655,28.5
"dst",2026,3,"ffpc","MIA","2026-09-25T21:12:57Z","refresh",4.50736328526104,28
"dst",2026,3,"ffpc","ARI","2026-09-25T21:12:57Z","refresh",4.28017175061828,28.25
"k",2026,3,"espn","KC","2026-09-25T21:13:35Z","refresh",9.38681088000854,28
"k",2026,3,"espn","HOU","2026-09-25T21:13:35Z","refresh",9.26309845672902,22
"k",2026,3,"espn","DET","2026-09-25T21:13:35Z","refresh",9.0846919716404,27.25
"k",2026,3,"espn","NO","2026-09-25T21:13:35Z","refresh",9.10491374825534,23.25
"k",2026,3,"espn","DAL","2026-09-25T21:13:35Z","refresh",9.05577680566598,25
"k",2026,3,"espn","SF","2026-09-25T21:13:35Z","refresh",9.0162732003228,28.25
"k",2026,3,"espn","SEA","2026-09-25T21:13:35Z","refresh",8.67232945160258,23.75
"k",2026,3,"espn","MIN","2026-09-25T21:13:35Z","refresh",8.65769286330057,22
"k",2026,3,"espn","CIN","2026-09-25T21:13:35Z","refresh",8.57941388749634,23
"k",2026,3,"espn","JAX","2026-09-25T21:13:35Z","refresh",8.55065735752979,24.5
"k",2026,3,"espn","PHI","2026-09-25T21:13:35Z","refresh",8.54370771208078,23
"k",2026,3,"espn","TB","2026-09-25T21:13:35Z","refresh",8.50245085913031,20.5
"k",2026,3,"espn","BAL","2026-09-25T21:13:35Z","refresh",8.46725930683797,28.5
"k",2026,3,"espn","BUF","2026-09-25T21:13:35Z","refresh",8.28342158174076,28.5
"k",2026,3,"espn","LV","2026-09-25T21:13:35Z","refresh",8.26824735203254,20.25
"k",2026,3,"espn","IND","2026-09-25T21:13:35Z","refresh",8.26489547703149,20.5
"k",2026,3,"espn","NYJ","2026-09-25T21:13:35Z","refresh",8.21746326927289,20.75
"k",2026,3,"espn","GB","2026-09-25T21:13:35Z","refresh",7.982777162325,23.75
"k",2026,3,"espn","PIT","2026-09-25T21:13:35Z","refresh",7.93843851540248,19.5
"k",2026,3,"espn","LA","2026-09-25T21:13:35Z","refresh",7.82772639925942,23
"k",2026,3,"espn","DEN","2026-09-25T21:13:35Z","refresh",7.84986294311739,21
"k",2026,3,"espn","ATL","2026-09-25T21:13:35Z","refresh",7.69744680616329,19.25
"k",2026,3,"espn","CAR","2026-09-25T21:13:35Z","refresh",7.53199195570129,22.5
"k",2026,3,"espn","NE","2026-09-25T21:13:35Z","refresh",7.49956541224507,21.5
"k",2026,3,"espn","CHI","2026-09-25T21:13:35Z","refresh",7.3652217558654,18
"k",2026,3,"espn","CLE","2026-09-25T21:13:35Z","refresh",7.39695532433921,20
"k",2026,3,"espn","LAC","2026-09-25T21:13:35Z","refresh",7.36647438599641,21.5
"k",2026,3,"espn","NYG","2026-09-25T21:13:35Z","refresh",7.36392195046554,20.25
"k",2026,3,"espn","TEN","2026-09-25T21:13:35Z","refresh",7.25563681367378,17.75
"k",2026,3,"espn","ARI","2026-09-25T21:13:35Z","refresh",7.14809359170776,19.75
"k",2026,3,"espn","MIA","2026-09-25T21:13:35Z","refresh",6.91521471925016,17.5
"k",2026,3,"espn","WAS","2026-09-25T21:13:35Z","refresh",6.29006799855777,16.25
"k",2026,3,"dec","KC","2026-09-25T21:13:35Z","refresh",9.72073800695179,28
"k",2026,3,"dec","HOU","2026-09-25T21:13:35Z","refresh",9.70566433783486,22
"k",2026,3,"dec","DET","2026-09-25T21:13:35Z","refresh",9.46311160463238,27.25
"k",2026,3,"dec","NO","2026-09-25T21:13:35Z","refresh",9.52362732891298,23.25
"k",2026,3,"dec","DAL","2026-09-25T21:13:35Z","refresh",9.46083235210258,25
"k",2026,3,"dec","SF","2026-09-25T21:13:35Z","refresh",9.32254466070161,28.25
"k",2026,3,"dec","SEA","2026-09-25T21:13:35Z","refresh",9.02351001589736,23.75
"k",2026,3,"dec","MIN","2026-09-25T21:13:35Z","refresh",9.02340214209011,22
"k",2026,3,"dec","CIN","2026-09-25T21:13:35Z","refresh",8.94950895356666,23
"k",2026,3,"dec","JAX","2026-09-25T21:13:35Z","refresh",8.88737762372432,24.5
"k",2026,3,"dec","PHI","2026-09-25T21:13:35Z","refresh",8.93279908584591,23
"k",2026,3,"dec","TB","2026-09-25T21:13:35Z","refresh",8.90416511866436,20.5
"k",2026,3,"dec","BAL","2026-09-25T21:13:35Z","refresh",8.73942124416897,28.5
"k",2026,3,"dec","BUF","2026-09-25T21:13:35Z","refresh",8.59840833445898,28.5
"k",2026,3,"dec","LV","2026-09-25T21:13:35Z","refresh",8.69552272274242,20.25
"k",2026,3,"dec","IND","2026-09-25T21:13:35Z","refresh",8.64673014227999,20.5
"k",2026,3,"dec","NYJ","2026-09-25T21:13:35Z","refresh",8.62960193507019,20.75
"k",2026,3,"dec","GB","2026-09-25T21:13:35Z","refresh",8.31091120528665,23.75
"k",2026,3,"dec","PIT","2026-09-25T21:13:35Z","refresh",8.33592342351102,19.5
"k",2026,3,"dec","LA","2026-09-25T21:13:35Z","refresh",8.11160751013491,23
"k",2026,3,"dec","DEN","2026-09-25T21:13:35Z","refresh",8.19454019400635,21
"k",2026,3,"dec","ATL","2026-09-25T21:13:35Z","refresh",8.09250872955202,19.25
"k",2026,3,"dec","CAR","2026-09-25T21:13:35Z","refresh",7.84251457090647,22.5
"k",2026,3,"dec","NE","2026-09-25T21:13:35Z","refresh",7.81914565047626,21.5
"k",2026,3,"dec","CHI","2026-09-25T21:13:35Z","refresh",7.76852995254953,18
"k",2026,3,"dec","CLE","2026-09-25T21:13:35Z","refresh",7.71619394909161,20
"k",2026,3,"dec","LAC","2026-09-25T21:13:35Z","refresh",7.68769016486873,21.5
"k",2026,3,"dec","NYG","2026-09-25T21:13:35Z","refresh",7.67446471539441,20.25
"k",2026,3,"dec","TEN","2026-09-25T21:13:35Z","refresh",7.62801372448886,17.75
"k",2026,3,"dec","ARI","2026-09-25T21:13:35Z","refresh",7.4586854890105,19.75
"k",2026,3,"dec","MIA","2026-09-25T21:13:35Z","refresh",7.24662840344882,17.5
"k",2026,3,"dec","WAS","2026-09-25T21:13:35Z","refresh",6.62719370069783,16.25
"dst",2026,3,"espn","KC","2026-09-25T21:51:39Z","refresh",9.78341895699693,17.5
"dst",2026,3,"espn","SEA","2026-09-25T21:51:39Z","refresh",8.99725782134383,16.25
"dst",2026,3,"espn","NO","2026-09-25T21:51:39Z","refresh",8.60294053014129,20.25
"dst",2026,3,"espn","CAR","2026-09-25T21:51:39Z","refresh",8.3148212676528,20
"dst",2026,3,"espn","MIN","2026-09-25T21:51:39Z","refresh",7.87011336856308,20.5
"dst",2026,3,"espn","NYG","2026-09-25T21:51:39Z","refresh",7.8110155665795,17.75
"dst",2026,3,"espn","GB","2026-09-25T21:51:39Z","refresh",7.5671314336667,19.25
"dst",2026,3,"espn","SF","2026-09-25T21:51:39Z","refresh",7.54731921443135,19.75
"dst",2026,3,"espn","JAX","2026-09-25T21:51:39Z","refresh",7.53741360467508,21.5
"dst",2026,3,"espn","HOU","2026-09-25T21:51:39Z","refresh",7.48717199568386,20.5
"dst",2026,3,"espn","BUF","2026-09-25T21:51:39Z","refresh",6.89437802833365,21.5
"dst",2026,3,"espn","PHI","2026-09-25T21:51:39Z","refresh",6.66855676874473,18
"dst",2026,3,"espn","LA","2026-09-25T21:51:39Z","refresh",6.50391779693991,21
"dst",2026,3,"espn","DET","2026-09-25T21:51:39Z","refresh",6.42595103997557,20.75
"dst",2026,3,"espn","CIN","2026-09-25T21:51:39Z","refresh",6.17462866462305,19.5
"dst",2026,3,"espn","LV","2026-09-25T21:51:39Z","refresh",6.16289499946965,23.25
"dst",2026,3,"espn","TEN","2026-09-25T21:51:39Z","refresh",6.15237102999365,20.25
"dst",2026,3,"espn","TB","2026-09-25T21:51:39Z","refresh",6.11728255503598,22
"dst",2026,3,"espn","CHI","2026-09-25T21:51:39Z","refresh",6.05989390234711,23
"dst",2026,3,"espn","PIT","2026-09-25T21:51:39Z","refresh",6.00074970663156,23
"dst",2026,3,"espn","CLE","2026-09-25T21:51:39Z","refresh",5.34145008757813,22.5
"dst",2026,3,"espn","NE","2026-09-25T21:51:39Z","refresh",5.26949772907199,24.5
"dst",2026,3,"espn","ATL","2026-09-25T21:51:39Z","refresh",5.23514670495356,23.75
"dst",2026,3,"espn","IND","2026-09-25T21:51:39Z","refresh",5.1609240725978,22
"dst",2026,3,"espn","WAS","2026-09-25T21:51:39Z","refresh",4.46623042271336,23.75
"dst",2026,3,"espn","DEN","2026-09-25T21:51:39Z","refresh",4.16502760804155,23
"dst",2026,3,"espn","BAL","2026-09-25T21:51:39Z","refresh",3.18617998402706,25
"dst",2026,3,"espn","NYJ","2026-09-25T21:51:39Z","refresh",3.12734845400743,27.25
"dst",2026,3,"espn","LAC","2026-09-25T21:51:39Z","refresh",2.2934503149721,28.5
"dst",2026,3,"espn","MIA","2026-09-25T21:51:39Z","refresh",2.01117344903508,28
"dst",2026,3,"espn","ARI","2026-09-25T21:51:39Z","refresh",1.57745551019982,28.25
"dst",2026,3,"espn","DAL","2026-09-25T21:51:39Z","refresh",1.25522659001827,28.5
"dst",2026,3,"yahoo","KC","2026-09-25T21:51:39Z","refresh",9.58433422640823,17.5
"dst",2026,3,"yahoo","SEA","2026-09-25T21:51:39Z","refresh",8.51798629902582,16.25
"dst",2026,3,"yahoo","CAR","2026-09-25T21:51:39Z","refresh",8.34391761474449,20
"dst",2026,3,"yahoo","NO","2026-09-25T21:51:39Z","refresh",8.25909643110629,20.25
"dst",2026,3,"yahoo","NYG","2026-09-25T21:51:39Z","refresh",8.12425815471515,17.75
"dst",2026,3,"yahoo","BUF","2026-09-25T21:51:39Z","refresh",7.92272213255862,21.5
"dst",2026,3,"yahoo","DET","2026-09-25T21:51:39Z","refresh",7.81962534582325,20.75
"dst",2026,3,"yahoo","HOU","2026-09-25T21:51:39Z","refresh",7.64933117976633,20.5
"dst",2026,3,"yahoo","JAX","2026-09-25T21:51:39Z","refresh",7.50279735888208,21.5
"dst",2026,3,"yahoo","GB","2026-09-25T21:51:39Z","refresh",7.50028478919327,19.25
"dst",2026,3,"yahoo","MIN","2026-09-25T21:51:39Z","refresh",7.43589876833931,20.5
"dst",2026,3,"yahoo","SF","2026-09-25T21:51:39Z","refresh",7.36629462520186,19.75
"dst",2026,3,"yahoo","PHI","2026-09-25T21:51:39Z","refresh",7.14160454806862,18
"dst",2026,3,"yahoo","TB","2026-09-25T21:51:39Z","refresh",7.10397139208011,22
"dst",2026,3,"yahoo","LA","2026-09-25T21:51:39Z","refresh",6.89652140948047,21
"dst",2026,3,"yahoo","IND","2026-09-25T21:51:39Z","refresh",6.85115230337717,22
"dst",2026,3,"yahoo","CIN","2026-09-25T21:51:39Z","refresh",6.80965917590572,19.5
"dst",2026,3,"yahoo","CHI","2026-09-25T21:51:39Z","refresh",6.4912664717697,23
"dst",2026,3,"yahoo","TEN","2026-09-25T21:51:39Z","refresh",6.4857459994725,20.25
"dst",2026,3,"yahoo","CLE","2026-09-25T21:51:39Z","refresh",6.42085206555041,22.5
"dst",2026,3,"yahoo","LV","2026-09-25T21:51:39Z","refresh",6.371053023422,23.25
"dst",2026,3,"yahoo","PIT","2026-09-25T21:51:39Z","refresh",6.14166230942654,23
"dst",2026,3,"yahoo","ATL","2026-09-25T21:51:39Z","refresh",5.95270903585938,23.75
"dst",2026,3,"yahoo","DEN","2026-09-25T21:51:39Z","refresh",5.85528702821574,23
"dst",2026,3,"yahoo","NE","2026-09-25T21:51:39Z","refresh",5.84109056050447,24.5
"dst",2026,3,"yahoo","WAS","2026-09-25T21:51:39Z","refresh",5.70711357327561,23.75
"dst",2026,3,"yahoo","BAL","2026-09-25T21:51:39Z","refresh",5.20132445046476,25
"dst",2026,3,"yahoo","NYJ","2026-09-25T21:51:39Z","refresh",4.72352523726967,27.25
"dst",2026,3,"yahoo","DAL","2026-09-25T21:51:39Z","refresh",4.13803062171426,28.5
"dst",2026,3,"yahoo","LAC","2026-09-25T21:51:39Z","refresh",3.98451849991897,28.5
"dst",2026,3,"yahoo","ARI","2026-09-25T21:51:39Z","refresh",3.85724668802164,28.25
"dst",2026,3,"yahoo","MIA","2026-09-25T21:51:39Z","refresh",3.71712774875737,28
"dst",2026,3,"ffpc","KC","2026-09-25T21:51:39Z","refresh",10.7890512918936,17.5
"dst",2026,3,"ffpc","SEA","2026-09-25T21:51:39Z","refresh",10.126425036029,16.25
"dst",2026,3,"ffpc","NO","2026-09-25T21:51:39Z","refresh",9.53557422532866,20.25
"dst",2026,3,"ffpc","CAR","2026-09-25T21:51:39Z","refresh",9.51646316435021,20
"dst",2026,3,"ffpc","MIN","2026-09-25T21:51:39Z","refresh",9.00703137886559,20.5
"dst",2026,3,"ffpc","JAX","2026-09-25T21:51:39Z","refresh",8.98330649021055,21.5
"dst",2026,3,"ffpc","NYG","2026-09-25T21:51:39Z","refresh",8.96748942461128,17.75
"dst",2026,3,"ffpc","BUF","2026-09-25T21:51:39Z","refresh",8.95603219407019,21.5
"dst",2026,3,"ffpc","SF","2026-09-25T21:51:39Z","refresh",8.74730336520251,19.75
"dst",2026,3,"ffpc","GB","2026-09-25T21:51:39Z","refresh",8.65501759508849,19.25
"dst",2026,3,"ffpc","HOU","2026-09-25T21:51:39Z","refresh",8.63196743665053,20.5
"dst",2026,3,"ffpc","DET","2026-09-25T21:51:39Z","refresh",8.50277350889223,20.75
"dst",2026,3,"ffpc","LA","2026-09-25T21:51:39Z","refresh",8.14279467976081,21
"dst",2026,3,"ffpc","PHI","2026-09-25T21:51:39Z","refresh",8.10436894587219,18
"dst",2026,3,"ffpc","TEN","2026-09-25T21:51:39Z","refresh",7.81807040717689,20.25
"dst",2026,3,"ffpc","TB","2026-09-25T21:51:39Z","refresh",7.79021134304955,22
"dst",2026,3,"ffpc","CHI","2026-09-25T21:51:39Z","refresh",7.73011215521305,23
"dst",2026,3,"ffpc","PIT","2026-09-25T21:51:39Z","refresh",7.60972721766315,23
"dst",2026,3,"ffpc","LV","2026-09-25T21:51:39Z","refresh",7.56636302725686,23.25
"dst",2026,3,"ffpc","CIN","2026-09-25T21:51:39Z","refresh",7.56610834012792,19.5
"dst",2026,3,"ffpc","CLE","2026-09-25T21:51:39Z","refresh",7.45147738344253,22.5
"dst",2026,3,"ffpc","IND","2026-09-25T21:51:39Z","refresh",7.36747891157084,22
"dst",2026,3,"ffpc","NE","2026-09-25T21:51:39Z","refresh",6.98538154492271,24.5
"dst",2026,3,"ffpc","ATL","2026-09-25T21:51:39Z","refresh",6.92617501916846,23.75
"dst",2026,3,"ffpc","DEN","2026-09-25T21:51:39Z","refresh",6.44290272349711,23
"dst",2026,3,"ffpc","WAS","2026-09-25T21:51:39Z","refresh",6.37495058732364,23.75
"dst",2026,3,"ffpc","BAL","2026-09-25T21:51:39Z","refresh",5.47260262523933,25
"dst",2026,3,"ffpc","NYJ","2026-09-25T21:51:39Z","refresh",5.29660072092238,27.25
"dst",2026,3,"ffpc","LAC","2026-09-25T21:51:39Z","refresh",4.89579785402426,28.5
"dst",2026,3,"ffpc","DAL","2026-09-25T21:51:39Z","refresh",4.60444848806655,28.5
"dst",2026,3,"ffpc","MIA","2026-09-25T21:51:39Z","refresh",4.50736328526104,28
"dst",2026,3,"ffpc","ARI","2026-09-25T21:51:39Z","refresh",4.28017175061828,28.25
"k",2026,3,"espn","KC","2026-09-25T21:53:19Z","refresh",9.38681088000854,28
"k",2026,3,"espn","HOU","2026-09-25T21:53:19Z","refresh",9.26309845672902,22
"k",2026,3,"espn","DET","2026-09-25T21:53:19Z","refresh",9.0846919716404,27.25
"k",2026,3,"espn","NO","2026-09-25T21:53:19Z","refresh",9.10491374825534,23.25
"k",2026,3,"espn","DAL","2026-09-25T21:53:19Z","refresh",9.05577680566599,25
"k",2026,3,"espn","SF","2026-09-25T21:53:19Z","refresh",9.01627320032279,28.25
"k",2026,3,"espn","SEA","2026-09-25T21:53:19Z","refresh",8.67232945160258,23.75
"k",2026,3,"espn","MIN","2026-09-25T21:53:19Z","refresh",8.65769286330057,22
"k",2026,3,"espn","CIN","2026-09-25T21:53:19Z","refresh",8.57941388749634,23
"k",2026,3,"espn","JAX","2026-09-25T21:53:19Z","refresh",8.55065735752979,24.5
"k",2026,3,"espn","PHI","2026-09-25T21:53:19Z","refresh",8.54370771208078,23
"k",2026,3,"espn","TB","2026-09-25T21:53:19Z","refresh",8.50245085913031,20.5
"k",2026,3,"espn","BAL","2026-09-25T21:53:19Z","refresh",8.46725930683797,28.5
"k",2026,3,"espn","BUF","2026-09-25T21:53:19Z","refresh",8.28342158174076,28.5
"k",2026,3,"espn","LV","2026-09-25T21:53:19Z","refresh",8.26824735203254,20.25
"k",2026,3,"espn","IND","2026-09-25T21:53:19Z","refresh",8.26489547703149,20.5
"k",2026,3,"espn","NYJ","2026-09-25T21:53:19Z","refresh",8.21746326927289,20.75
"k",2026,3,"espn","GB","2026-09-25T21:53:19Z","refresh",7.982777162325,23.75
"k",2026,3,"espn","PIT","2026-09-25T21:53:19Z","refresh",7.93843851540248,19.5
"k",2026,3,"espn","LA","2026-09-25T21:53:19Z","refresh",7.82772639925942,23
"k",2026,3,"espn","DEN","2026-09-25T21:53:19Z","refresh",7.84986294311739,21
"k",2026,3,"espn","ATL","2026-09-25T21:53:19Z","refresh",7.69744680616329,19.25
"k",2026,3,"espn","CAR","2026-09-25T21:53:19Z","refresh",7.53199195570129,22.5
"k",2026,3,"espn","NE","2026-09-25T21:53:19Z","refresh",7.49956541224507,21.5
"k",2026,3,"espn","CHI","2026-09-25T21:53:19Z","refresh",7.3652217558654,18
"k",2026,3,"espn","CLE","2026-09-25T21:53:19Z","refresh",7.39695532433921,20
"k",2026,3,"espn","LAC","2026-09-25T21:53:19Z","refresh",7.36647438599641,21.5
"k",2026,3,"espn","NYG","2026-09-25T21:53:19Z","refresh",7.36392195046554,20.25
"k",2026,3,"espn","TEN","2026-09-25T21:53:19Z","refresh",7.25563681367378,17.75
"k",2026,3,"espn","ARI","2026-09-25T21:53:19Z","refresh",7.14809359170776,19.75
"k",2026,3,"espn","MIA","2026-09-25T21:53:19Z","refresh",6.91521471925016,17.5
"k",2026,3,"espn","WAS","2026-09-25T21:53:19Z","refresh",6.29006799855777,16.25
"k",2026,3,"dec","KC","2026-09-25T21:53:19Z","refresh",9.72073800695179,28
"k",2026,3,"dec","HOU","2026-09-25T21:53:19Z","refresh",9.70566433783486,22
"k",2026,3,"dec","DET","2026-09-25T21:53:19Z","refresh",9.46311160463238,27.25
"k",2026,3,"dec","NO","2026-09-25T21:53:19Z","refresh",9.52362732891298,23.25
"k",2026,3,"dec","DAL","2026-09-25T21:53:19Z","refresh",9.46083235210258,25
"k",2026,3,"dec","SF","2026-09-25T21:53:19Z","refresh",9.32254466070161,28.25
"k",2026,3,"dec","SEA","2026-09-25T21:53:19Z","refresh",9.02351001589736,23.75
"k",2026,3,"dec","MIN","2026-09-25T21:53:19Z","refresh",9.02340214209011,22
"k",2026,3,"dec","CIN","2026-09-25T21:53:19Z","refresh",8.94950895356666,23
"k",2026,3,"dec","JAX","2026-09-25T21:53:19Z","refresh",8.88737762372432,24.5
"k",2026,3,"dec","PHI","2026-09-25T21:53:19Z","refresh",8.93279908584591,23
"k",2026,3,"dec","TB","2026-09-25T21:53:19Z","refresh",8.90416511866436,20.5
"k",2026,3,"dec","BAL","2026-09-25T21:53:19Z","refresh",8.73942124416897,28.5
"k",2026,3,"dec","BUF","2026-09-25T21:53:19Z","refresh",8.59840833445898,28.5
"k",2026,3,"dec","LV","2026-09-25T21:53:19Z","refresh",8.69552272274242,20.25
"k",2026,3,"dec","IND","2026-09-25T21:53:19Z","refresh",8.64673014227999,20.5
"k",2026,3,"dec","NYJ","2026-09-25T21:53:19Z","refresh",8.62960193507019,20.75
"k",2026,3,"dec","GB","2026-09-25T21:53:19Z","refresh",8.31091120528665,23.75
"k",2026,3,"dec","PIT","2026-09-25T21:53:19Z","refresh",8.33592342351102,19.5
"k",2026,3,"dec","LA","2026-09-25T21:53:19Z","refresh",8.11160751013491,23
"k",2026,3,"dec","DEN","2026-09-25T21:53:19Z","refresh",8.19454019400635,21
"k",2026,3,"dec","ATL","2026-09-25T21:53:19Z","refresh",8.09250872955201,19.25
"k",2026,3,"dec","CAR","2026-09-25T21:53:19Z","refresh",7.84251457090647,22.5
"k",2026,3,"dec","NE","2026-09-25T21:53:19Z","refresh",7.81914565047626,21.5
"k",2026,3,"dec","CHI","2026-09-25T21:53:19Z","refresh",7.76852995254953,18
"k",2026,3,"dec","CLE","2026-09-25T21:53:19Z","refresh",7.71619394909161,20
"k",2026,3,"dec","LAC","2026-09-25T21:53:19Z","refresh",7.68769016486873,21.5
"k",2026,3,"dec","NYG","2026-09-25T21:53:19Z","refresh",7.67446471539441,20.25
"k",2026,3,"dec","TEN","2026-09-25T21:53:19Z","refresh",7.62801372448886,17.75
"k",2026,3,"dec","ARI","2026-09-25T21:53:19Z","refresh",7.4586854890105,19.75
"k",2026,3,"dec","MIA","2026-09-25T21:53:19Z","refresh",7.24662840344882,17.5
"k",2026,3,"dec","WAS","2026-09-25T21:53:19Z","refresh",6.62719370069783,16.25
"dst",2026,3,"espn","KC","2026-09-25T22:46:33Z","refresh",9.78341895699693,17.5
"dst",2026,3,"espn","SEA","2026-09-25T22:46:33Z","refresh",8.99725782134383,16.25
"dst",2026,3,"espn","NO","2026-09-25T22:46:33Z","refresh",8.60294053014129,20.25
"dst",2026,3,"espn","CAR","2026-09-25T22:46:33Z","refresh",8.3148212676528,20
"dst",2026,3,"espn","MIN","2026-09-25T22:46:33Z","refresh",7.87011336856308,20.5
"dst",2026,3,"espn","NYG","2026-09-25T22:46:33Z","refresh",7.8110155665795,17.75
"dst",2026,3,"espn","GB","2026-09-25T22:46:33Z","refresh",7.5671314336667,19.25
"dst",2026,3,"espn","SF","2026-09-25T22:46:33Z","refresh",7.54731921443135,19.75
"dst",2026,3,"espn","JAX","2026-09-25T22:46:33Z","refresh",7.53741360467508,21.5
"dst",2026,3,"espn","HOU","2026-09-25T22:46:33Z","refresh",7.48717199568386,20.5
"dst",2026,3,"espn","BUF","2026-09-25T22:46:33Z","refresh",6.89437802833365,21.5
"dst",2026,3,"espn","PHI","2026-09-25T22:46:33Z","refresh",6.66855676874473,18
"dst",2026,3,"espn","LA","2026-09-25T22:46:33Z","refresh",6.50391779693991,21
"dst",2026,3,"espn","DET","2026-09-25T22:46:33Z","refresh",6.42595103997557,20.75
"dst",2026,3,"espn","CIN","2026-09-25T22:46:33Z","refresh",6.17462866462305,19.5
"dst",2026,3,"espn","LV","2026-09-25T22:46:33Z","refresh",6.16289499946965,23.25
"dst",2026,3,"espn","TEN","2026-09-25T22:46:33Z","refresh",6.15237102999365,20.25
"dst",2026,3,"espn","TB","2026-09-25T22:46:33Z","refresh",6.11728255503598,22
"dst",2026,3,"espn","CHI","2026-09-25T22:46:33Z","refresh",6.05989390234711,23
"dst",2026,3,"espn","PIT","2026-09-25T22:46:33Z","refresh",6.00074970663156,23
"dst",2026,3,"espn","CLE","2026-09-25T22:46:33Z","refresh",5.34145008757813,22.5
"dst",2026,3,"espn","NE","2026-09-25T22:46:33Z","refresh",5.26949772907199,24.5
"dst",2026,3,"espn","ATL","2026-09-25T22:46:33Z","refresh",5.23514670495356,23.75
"dst",2026,3,"espn","IND","2026-09-25T22:46:33Z","refresh",5.1609240725978,22
"dst",2026,3,"espn","WAS","2026-09-25T22:46:33Z","refresh",4.46623042271336,23.75
"dst",2026,3,"espn","DEN","2026-09-25T22:46:33Z","refresh",4.16502760804155,23
"dst",2026,3,"espn","BAL","2026-09-25T22:46:33Z","refresh",3.18617998402706,25
"dst",2026,3,"espn","NYJ","2026-09-25T22:46:33Z","refresh",3.12734845400743,27.25
"dst",2026,3,"espn","LAC","2026-09-25T22:46:33Z","refresh",2.2934503149721,28.5
"dst",2026,3,"espn","MIA","2026-09-25T22:46:33Z","refresh",2.01117344903508,28
"dst",2026,3,"espn","ARI","2026-09-25T22:46:33Z","refresh",1.57745551019982,28.25
"dst",2026,3,"espn","DAL","2026-09-25T22:46:33Z","refresh",1.25522659001827,28.5
"dst",2026,3,"yahoo","KC","2026-09-25T22:46:33Z","refresh",9.58433422640823,17.5
"dst",2026,3,"yahoo","SEA","2026-09-25T22:46:33Z","refresh",8.51798629902582,16.25
"dst",2026,3,"yahoo","CAR","2026-09-25T22:46:33Z","refresh",8.34391761474449,20
"dst",2026,3,"yahoo","NO","2026-09-25T22:46:33Z","refresh",8.25909643110629,20.25
"dst",2026,3,"yahoo","NYG","2026-09-25T22:46:33Z","refresh",8.12425815471515,17.75
"dst",2026,3,"yahoo","BUF","2026-09-25T22:46:33Z","refresh",7.92272213255862,21.5
"dst",2026,3,"yahoo","DET","2026-09-25T22:46:33Z","refresh",7.81962534582325,20.75
"dst",2026,3,"yahoo","HOU","2026-09-25T22:46:33Z","refresh",7.64933117976633,20.5
"dst",2026,3,"yahoo","JAX","2026-09-25T22:46:33Z","refresh",7.50279735888208,21.5
"dst",2026,3,"yahoo","GB","2026-09-25T22:46:33Z","refresh",7.50028478919327,19.25
"dst",2026,3,"yahoo","MIN","2026-09-25T22:46:33Z","refresh",7.43589876833931,20.5
"dst",2026,3,"yahoo","SF","2026-09-25T22:46:33Z","refresh",7.36629462520186,19.75
"dst",2026,3,"yahoo","PHI","2026-09-25T22:46:33Z","refresh",7.14160454806862,18
"dst",2026,3,"yahoo","TB","2026-09-25T22:46:33Z","refresh",7.10397139208011,22
"dst",2026,3,"yahoo","LA","2026-09-25T22:46:33Z","refresh",6.89652140948047,21
"dst",2026,3,"yahoo","IND","2026-09-25T22:46:33Z","refresh",6.85115230337717,22
"dst",2026,3,"yahoo","CIN","2026-09-25T22:46:33Z","refresh",6.80965917590572,19.5
"dst",2026,3,"yahoo","CHI","2026-09-25T22:46:33Z","refresh",6.4912664717697,23
"dst",2026,3,"yahoo","TEN","2026-09-25T22:46:33Z","refresh",6.4857459994725,20.25
"dst",2026,3,"yahoo","CLE","2026-09-25T22:46:33Z","refresh",6.42085206555041,22.5
"dst",2026,3,"yahoo","LV","2026-09-25T22:46:33Z","refresh",6.371053023422,23.25
"dst",2026,3,"yahoo","PIT","2026-09-25T22:46:33Z","refresh",6.14166230942654,23
"dst",2026,3,"yahoo","ATL","2026-09-25T22:46:33Z","refresh",5.95270903585938,23.75
"dst",2026,3,"yahoo","DEN","2026-09-25T22:46:33Z","refresh",5.85528702821574,23
"dst",2026,3,"yahoo","NE","2026-09-25T22:46:33Z","refresh",5.84109056050447,24.5
"dst",2026,3,"yahoo","WAS","2026-09-25T22:46:33Z","refresh",5.70711357327561,23.75
"dst",2026,3,"yahoo","BAL","2026-09-25T22:46:33Z","refresh",5.20132445046476,25
"dst",2026,3,"yahoo","NYJ","2026-09-25T22:46:33Z","refresh",4.72352523726967,27.25
"dst",2026,3,"yahoo","DAL","2026-09-25T22:46:33Z","refresh",4.13803062171426,28.5
"dst",2026,3,"yahoo","LAC","2026-09-25T22:46:33Z","refresh",3.98451849991897,28.5
"dst",2026,3,"yahoo","ARI","2026-09-25T22:46:33Z","refresh",3.85724668802164,28.25
"dst",2026,3,"yahoo","MIA","2026-09-25T22:46:33Z","refresh",3.71712774875737,28
"dst",2026,3,"ffpc","KC","2026-09-25T22:46:33Z","refresh",10.7890512918936,17.5
"dst",2026,3,"ffpc","SEA","2026-09-25T22:46:33Z","refresh",10.126425036029,16.25
"dst",2026,3,"ffpc","NO","2026-09-25T22:46:33Z","refresh",9.53557422532866,20.25
"dst",2026,3,"ffpc","CAR","2026-09-25T22:46:33Z","refresh",9.51646316435021,20
"dst",2026,3,"ffpc","MIN","2026-09-25T22:46:33Z","refresh",9.00703137886559,20.5
"dst",2026,3,"ffpc","JAX","2026-09-25T22:46:33Z","refresh",8.98330649021055,21.5
"dst",2026,3,"ffpc","NYG","2026-09-25T22:46:33Z","refresh",8.96748942461128,17.75
"dst",2026,3,"ffpc","BUF","2026-09-25T22:46:33Z","refresh",8.95603219407019,21.5
"dst",2026,3,"ffpc","SF","2026-09-25T22:46:33Z","refresh",8.74730336520251,19.75
"dst",2026,3,"ffpc","GB","2026-09-25T22:46:33Z","refresh",8.65501759508849,19.25
"dst",2026,3,"ffpc","HOU","2026-09-25T22:46:33Z","refresh",8.63196743665053,20.5
"dst",2026,3,"ffpc","DET","2026-09-25T22:46:33Z","refresh",8.50277350889223,20.75
"dst",2026,3,"ffpc","LA","2026-09-25T22:46:33Z","refresh",8.14279467976081,21
"dst",2026,3,"ffpc","PHI","2026-09-25T22:46:33Z","refresh",8.10436894587219,18
"dst",2026,3,"ffpc","TEN","2026-09-25T22:46:33Z","refresh",7.81807040717689,20.25
"dst",2026,3,"ffpc","TB","2026-09-25T22:46:33Z","refresh",7.79021134304955,22
"dst",2026,3,"ffpc","CHI","2026-09-25T22:46:33Z","refresh",7.73011215521305,23
"dst",2026,3,"ffpc","PIT","2026-09-25T22:46:33Z","refresh",7.60972721766315,23
"dst",2026,3,"ffpc","LV","2026-09-25T22:46:33Z","refresh",7.56636302725686,23.25
"dst",2026,3,"ffpc","CIN","2026-09-25T22:46:33Z","refresh",7.56610834012792,19.5
"dst",2026,3,"ffpc","CLE","2026-09-25T22:46:33Z","refresh",7.45147738344253,22.5
"dst",2026,3,"ffpc","IND","2026-09-25T22:46:33Z","refresh",7.36747891157084,22
"dst",2026,3,"ffpc","NE","2026-09-25T22:46:33Z","refresh",6.98538154492271,24.5
"dst",2026,3,"ffpc","ATL","2026-09-25T22:46:33Z","refresh",6.92617501916846,23.75
"dst",2026,3,"ffpc","DEN","2026-09-25T22:46:33Z","refresh",6.44290272349711,23
"dst",2026,3,"ffpc","WAS","2026-09-25T22:46:33Z","refresh",6.37495058732364,23.75
"dst",2026,3,"ffpc","BAL","2026-09-25T22:46:33Z","refresh",5.47260262523933,25
"dst",2026,3,"ffpc","NYJ","2026-09-25T22:46:33Z","refresh",5.29660072092238,27.25
"dst",2026,3,"ffpc","LAC","2026-09-25T22:46:33Z","refresh",4.89579785402426,28.5
"dst",2026,3,"ffpc","DAL","2026-09-25T22:46:33Z","refresh",4.60444848806655,28.5
"dst",2026,3,"ffpc","MIA","2026-09-25T22:46:33Z","refresh",4.50736328526104,28
"dst",2026,3,"ffpc","ARI","2026-09-25T22:46:33Z","refresh",4.28017175061828,28.25
"k",2026,3,"espn","KC","2026-09-25T22:47:13Z","refresh",9.38681088000854,28
"k",2026,3,"espn","HOU","2026-09-25T22:47:13Z","refresh",9.26309845672902,22
"k",2026,3,"espn","DET","2026-09-25T22:47:13Z","refresh",9.0846919716404,27.25
"k",2026,3,"espn","NO","2026-09-25T22:47:13Z","refresh",9.10491374825534,23.25
"k",2026,3,"espn","DAL","2026-09-25T22:47:13Z","refresh",9.05577680566599,25
"k",2026,3,"espn","SF","2026-09-25T22:47:13Z","refresh",9.01627320032279,28.25
"k",2026,3,"espn","SEA","2026-09-25T22:47:13Z","refresh",8.67232945160258,23.75
"k",2026,3,"espn","MIN","2026-09-25T22:47:13Z","refresh",8.65769286330057,22
"k",2026,3,"espn","CIN","2026-09-25T22:47:13Z","refresh",8.57941388749634,23
"k",2026,3,"espn","JAX","2026-09-25T22:47:13Z","refresh",8.55065735752979,24.5
"k",2026,3,"espn","PHI","2026-09-25T22:47:13Z","refresh",8.54370771208078,23
"k",2026,3,"espn","TB","2026-09-25T22:47:13Z","refresh",8.50245085913031,20.5
"k",2026,3,"espn","BAL","2026-09-25T22:47:13Z","refresh",8.46725930683797,28.5
"k",2026,3,"espn","BUF","2026-09-25T22:47:13Z","refresh",8.28342158174076,28.5
"k",2026,3,"espn","LV","2026-09-25T22:47:13Z","refresh",8.26824735203254,20.25
"k",2026,3,"espn","IND","2026-09-25T22:47:13Z","refresh",8.26489547703149,20.5
"k",2026,3,"espn","NYJ","2026-09-25T22:47:13Z","refresh",8.21746326927289,20.75
"k",2026,3,"espn","GB","2026-09-25T22:47:13Z","refresh",7.982777162325,23.75
"k",2026,3,"espn","PIT","2026-09-25T22:47:13Z","refresh",7.93843851540248,19.5
"k",2026,3,"espn","LA","2026-09-25T22:47:13Z","refresh",7.82772639925942,23
"k",2026,3,"espn","DEN","2026-09-25T22:47:13Z","refresh",7.84986294311739,21
"k",2026,3,"espn","ATL","2026-09-25T22:47:13Z","refresh",7.69744680616329,19.25
"k",2026,3,"espn","CAR","2026-09-25T22:47:13Z","refresh",7.53199195570129,22.5
"k",2026,3,"espn","NE","2026-09-25T22:47:13Z","refresh",7.49956541224507,21.5
"k",2026,3,"espn","CHI","2026-09-25T22:47:13Z","refresh",7.3652217558654,18
"k",2026,3,"espn","CLE","2026-09-25T22:47:13Z","refresh",7.39695532433921,20
"k",2026,3,"espn","LAC","2026-09-25T22:47:13Z","refresh",7.36647438599641,21.5
"k",2026,3,"espn","NYG","2026-09-25T22:47:13Z","refresh",7.36392195046554,20.25
"k",2026,3,"espn","TEN","2026-09-25T22:47:13Z","refresh",7.25563681367378,17.75
"k",2026,3,"espn","ARI","2026-09-25T22:47:13Z","refresh",7.14809359170776,19.75
"k",2026,3,"espn","MIA","2026-09-25T22:47:13Z","refresh",6.91521471925016,17.5
"k",2026,3,"espn","WAS","2026-09-25T22:47:13Z","refresh",6.29006799855777,16.25
"k",2026,3,"dec","KC","2026-09-25T22:47:13Z","refresh",9.72073800695179,28
"k",2026,3,"dec","HOU","2026-09-25T22:47:13Z","refresh",9.70566433783486,22
"k",2026,3,"dec","DET","2026-09-25T22:47:13Z","refresh",9.46311160463238,27.25
"k",2026,3,"dec","NO","2026-09-25T22:47:13Z","refresh",9.52362732891298,23.25
"k",2026,3,"dec","DAL","2026-09-25T22:47:13Z","refresh",9.46083235210258,25
"k",2026,3,"dec","SF","2026-09-25T22:47:13Z","refresh",9.32254466070161,28.25
"k",2026,3,"dec","SEA","2026-09-25T22:47:13Z","refresh",9.02351001589736,23.75
"k",2026,3,"dec","MIN","2026-09-25T22:47:13Z","refresh",9.02340214209011,22
"k",2026,3,"dec","CIN","2026-09-25T22:47:13Z","refresh",8.94950895356666,23
"k",2026,3,"dec","JAX","2026-09-25T22:47:13Z","refresh",8.88737762372432,24.5
"k",2026,3,"dec","PHI","2026-09-25T22:47:13Z","refresh",8.93279908584591,23
"k",2026,3,"dec","TB","2026-09-25T22:47:13Z","refresh",8.90416511866436,20.5
"k",2026,3,"dec","BAL","2026-09-25T22:47:13Z","refresh",8.73942124416897,28.5
"k",2026,3,"dec","BUF","2026-09-25T22:47:13Z","refresh",8.59840833445898,28.5
"k",2026,3,"dec","LV","2026-09-25T22:47:13Z","refresh",8.69552272274242,20.25
"k",2026,3,"dec","IND","2026-09-25T22:47:13Z","refresh",8.64673014227999,20.5
"k",2026,3,"dec","NYJ","2026-09-25T22:47:13Z","refresh",8.62960193507019,20.75
"k",2026,3,"dec","GB","2026-09-25T22:47:13Z","refresh",8.31091120528665,23.75
"k",2026,3,"dec","PIT","2026-09-25T22:47:13Z","refresh",8.33592342351102,19.5
"k",2026,3,"dec","LA","2026-09-25T22:47:13Z","refresh",8.11160751013491,23
"k",2026,3,"dec","DEN","2026-09-25T22:47:13Z","refresh",8.19454019400635,21
"k",2026,3,"dec","ATL","2026-09-25T22:47:13Z","refresh",8.09250872955201,19.25
"k",2026,3,"dec","CAR","2026-09-25T22:47:13Z","refresh",7.84251457090647,22.5
"k",2026,3,"dec","NE","2026-09-25T22:47:13Z","refresh",7.81914565047626,21.5
"k",2026,3,"dec","CHI","2026-09-25T22:47:13Z","refresh",7.76852995254953,18
"k",2026,3,"dec","CLE","2026-09-25T22:47:13Z","refresh",7.71619394909161,20
"k",2026,3,"dec","LAC","2026-09-25T22:47:13Z","refresh",7.68769016486873,21.5
"k",2026,3,"dec","NYG","2026-09-25T22:47:13Z","refresh",7.67446471539441,20.25
"k",2026,3,"dec","TEN","2026-09-25T22:47:13Z","refresh",7.62801372448886,17.75
"k",2026,3,"dec","ARI","2026-09-25T22:47:13Z","refresh",7.4586854890105,19.75
"k",2026,3,"dec","MIA","2026-09-25T22:47:13Z","refresh",7.24662840344882,17.5
"k",2026,3,"dec","WAS","2026-09-25T22:47:13Z","refresh",6.62719370069783,16.25
"dst",2026,3,"espn","KC","2026-09-25T23:17:51Z","refresh",9.78341895699693,17.5
"dst",2026,3,"espn","SEA","2026-09-25T23:17:51Z","refresh",8.99725782134383,16.25
"dst",2026,3,"espn","NO","2026-09-25T23:17:51Z","refresh",8.60294053014129,20.25
"dst",2026,3,"espn","CAR","2026-09-25T23:17:51Z","refresh",8.3148212676528,20
"dst",2026,3,"espn","MIN","2026-09-25T23:17:51Z","refresh",7.87011336856309,20.5
"dst",2026,3,"espn","NYG","2026-09-25T23:17:51Z","refresh",7.8110155665795,17.75
"dst",2026,3,"espn","GB","2026-09-25T23:17:51Z","refresh",7.56713143366671,19.25
"dst",2026,3,"espn","SF","2026-09-25T23:17:51Z","refresh",7.54731921443135,19.75
"dst",2026,3,"espn","JAX","2026-09-25T23:17:51Z","refresh",7.53741360467508,21.5
"dst",2026,3,"espn","HOU","2026-09-25T23:17:51Z","refresh",7.48717199568386,20.5
"dst",2026,3,"espn","BUF","2026-09-25T23:17:51Z","refresh",6.89437802833365,21.5
"dst",2026,3,"espn","PHI","2026-09-25T23:17:51Z","refresh",6.66855676874473,18
"dst",2026,3,"espn","LA","2026-09-25T23:17:51Z","refresh",6.50391779693991,21
"dst",2026,3,"espn","DET","2026-09-25T23:17:51Z","refresh",6.42595103997557,20.75
"dst",2026,3,"espn","CIN","2026-09-25T23:17:51Z","refresh",6.17462866462305,19.5
"dst",2026,3,"espn","LV","2026-09-25T23:17:51Z","refresh",6.16289499946965,23.25
"dst",2026,3,"espn","TEN","2026-09-25T23:17:51Z","refresh",6.15237102999365,20.25
"dst",2026,3,"espn","TB","2026-09-25T23:17:51Z","refresh",6.11728255503598,22
"dst",2026,3,"espn","CHI","2026-09-25T23:17:51Z","refresh",6.05989390234711,23
"dst",2026,3,"espn","PIT","2026-09-25T23:17:51Z","refresh",6.00074970663156,23
"dst",2026,3,"espn","CLE","2026-09-25T23:17:51Z","refresh",5.34145008757813,22.5
"dst",2026,3,"espn","NE","2026-09-25T23:17:51Z","refresh",5.26949772907199,24.5
"dst",2026,3,"espn","ATL","2026-09-25T23:17:51Z","refresh",5.23514670495356,23.75
"dst",2026,3,"espn","IND","2026-09-25T23:17:51Z","refresh",5.1609240725978,22
"dst",2026,3,"espn","WAS","2026-09-25T23:17:51Z","refresh",4.46623042271336,23.75
"dst",2026,3,"espn","DEN","2026-09-25T23:17:51Z","refresh",4.16502760804155,23
"dst",2026,3,"espn","BAL","2026-09-25T23:17:51Z","refresh",3.18617998402706,25
"dst",2026,3,"espn","NYJ","2026-09-25T23:17:51Z","refresh",3.12734845400743,27.25
"dst",2026,3,"espn","LAC","2026-09-25T23:17:51Z","refresh",2.2934503149721,28.5
"dst",2026,3,"espn","MIA","2026-09-25T23:17:51Z","refresh",2.01117344903508,28
"dst",2026,3,"espn","ARI","2026-09-25T23:17:51Z","refresh",1.57745551019982,28.25
"dst",2026,3,"espn","DAL","2026-09-25T23:17:51Z","refresh",1.25522659001827,28.5
"dst",2026,3,"yahoo","KC","2026-09-25T23:17:51Z","refresh",9.58433422640823,17.5
"dst",2026,3,"yahoo","SEA","2026-09-25T23:17:51Z","refresh",8.51798629902581,16.25
"dst",2026,3,"yahoo","CAR","2026-09-25T23:17:51Z","refresh",8.34391761474449,20
"dst",2026,3,"yahoo","NO","2026-09-25T23:17:51Z","refresh",8.2590964311063,20.25
"dst",2026,3,"yahoo","NYG","2026-09-25T23:17:51Z","refresh",8.12425815471515,17.75
"dst",2026,3,"yahoo","BUF","2026-09-25T23:17:51Z","refresh",7.92272213255862,21.5
"dst",2026,3,"yahoo","DET","2026-09-25T23:17:51Z","refresh",7.81962534582325,20.75
"dst",2026,3,"yahoo","HOU","2026-09-25T23:17:51Z","refresh",7.64933117976633,20.5
"dst",2026,3,"yahoo","JAX","2026-09-25T23:17:51Z","refresh",7.50279735888208,21.5
"dst",2026,3,"yahoo","GB","2026-09-25T23:17:51Z","refresh",7.50028478919327,19.25
"dst",2026,3,"yahoo","MIN","2026-09-25T23:17:51Z","refresh",7.43589876833931,20.5
"dst",2026,3,"yahoo","SF","2026-09-25T23:17:51Z","refresh",7.36629462520186,19.75
"dst",2026,3,"yahoo","PHI","2026-09-25T23:17:51Z","refresh",7.14160454806863,18
"dst",2026,3,"yahoo","TB","2026-09-25T23:17:51Z","refresh",7.10397139208011,22
"dst",2026,3,"yahoo","LA","2026-09-25T23:17:51Z","refresh",6.89652140948047,21
"dst",2026,3,"yahoo","IND","2026-09-25T23:17:51Z","refresh",6.85115230337717,22
"dst",2026,3,"yahoo","CIN","2026-09-25T23:17:51Z","refresh",6.80965917590572,19.5
"dst",2026,3,"yahoo","CHI","2026-09-25T23:17:51Z","refresh",6.4912664717697,23
"dst",2026,3,"yahoo","TEN","2026-09-25T23:17:51Z","refresh",6.4857459994725,20.25
"dst",2026,3,"yahoo","CLE","2026-09-25T23:17:51Z","refresh",6.42085206555041,22.5
"dst",2026,3,"yahoo","LV","2026-09-25T23:17:51Z","refresh",6.371053023422,23.25
"dst",2026,3,"yahoo","PIT","2026-09-25T23:17:51Z","refresh",6.14166230942654,23
"dst",2026,3,"yahoo","ATL","2026-09-25T23:17:51Z","refresh",5.95270903585938,23.75
"dst",2026,3,"yahoo","DEN","2026-09-25T23:17:51Z","refresh",5.85528702821574,23
"dst",2026,3,"yahoo","NE","2026-09-25T23:17:51Z","refresh",5.84109056050446,24.5
"dst",2026,3,"yahoo","WAS","2026-09-25T23:17:51Z","refresh",5.70711357327561,23.75
"dst",2026,3,"yahoo","BAL","2026-09-25T23:17:51Z","refresh",5.20132445046476,25
"dst",2026,3,"yahoo","NYJ","2026-09-25T23:17:51Z","refresh",4.72352523726967,27.25
"dst",2026,3,"yahoo","DAL","2026-09-25T23:17:51Z","refresh",4.13803062171426,28.5
"dst",2026,3,"yahoo","LAC","2026-09-25T23:17:51Z","refresh",3.98451849991897,28.5
"dst",2026,3,"yahoo","ARI","2026-09-25T23:17:51Z","refresh",3.85724668802164,28.25
"dst",2026,3,"yahoo","MIA","2026-09-25T23:17:51Z","refresh",3.71712774875737,28
"dst",2026,3,"ffpc","KC","2026-09-25T23:17:51Z","refresh",10.7890512918936,17.5
"dst",2026,3,"ffpc","SEA","2026-09-25T23:17:51Z","refresh",10.126425036029,16.25
"dst",2026,3,"ffpc","NO","2026-09-25T23:17:51Z","refresh",9.53557422532866,20.25
"dst",2026,3,"ffpc","CAR","2026-09-25T23:17:51Z","refresh",9.51646316435021,20
"dst",2026,3,"ffpc","MIN","2026-09-25T23:17:51Z","refresh",9.00703137886559,20.5
"dst",2026,3,"ffpc","JAX","2026-09-25T23:17:51Z","refresh",8.98330649021055,21.5
"dst",2026,3,"ffpc","NYG","2026-09-25T23:17:51Z","refresh",8.96748942461128,17.75
"dst",2026,3,"ffpc","BUF","2026-09-25T23:17:51Z","refresh",8.95603219407019,21.5
"dst",2026,3,"ffpc","SF","2026-09-25T23:17:51Z","refresh",8.74730336520251,19.75
"dst",2026,3,"ffpc","GB","2026-09-25T23:17:51Z","refresh",8.65501759508849,19.25
"dst",2026,3,"ffpc","HOU","2026-09-25T23:17:51Z","refresh",8.63196743665053,20.5
"dst",2026,3,"ffpc","DET","2026-09-25T23:17:51Z","refresh",8.50277350889223,20.75
"dst",2026,3,"ffpc","LA","2026-09-25T23:17:51Z","refresh",8.14279467976081,21
"dst",2026,3,"ffpc","PHI","2026-09-25T23:17:51Z","refresh",8.10436894587219,18
"dst",2026,3,"ffpc","TEN","2026-09-25T23:17:51Z","refresh",7.81807040717689,20.25
"dst",2026,3,"ffpc","TB","2026-09-25T23:17:51Z","refresh",7.79021134304955,22
"dst",2026,3,"ffpc","CHI","2026-09-25T23:17:51Z","refresh",7.73011215521305,23
"dst",2026,3,"ffpc","PIT","2026-09-25T23:17:51Z","refresh",7.60972721766315,23
"dst",2026,3,"ffpc","LV","2026-09-25T23:17:51Z","refresh",7.56636302725686,23.25
"dst",2026,3,"ffpc","CIN","2026-09-25T23:17:51Z","refresh",7.56610834012792,19.5
"dst",2026,3,"ffpc","CLE","2026-09-25T23:17:51Z","refresh",7.45147738344253,22.5
"dst",2026,3,"ffpc","IND","2026-09-25T23:17:51Z","refresh",7.36747891157084,22
"dst",2026,3,"ffpc","NE","2026-09-25T23:17:51Z","refresh",6.98538154492271,24.5
"dst",2026,3,"ffpc","ATL","2026-09-25T23:17:51Z","refresh",6.92617501916846,23.75
"dst",2026,3,"ffpc","DEN","2026-09-25T23:17:51Z","refresh",6.44290272349711,23
"dst",2026,3,"ffpc","WAS","2026-09-25T23:17:51Z","refresh",6.37495058732364,23.75
"dst",2026,3,"ffpc","BAL","2026-09-25T23:17:51Z","refresh",5.47260262523933,25
"dst",2026,3,"ffpc","NYJ","2026-09-25T23:17:51Z","refresh",5.29660072092238,27.25
"dst",2026,3,"ffpc","LAC","2026-09-25T23:17:51Z","refresh",4.89579785402426,28.5
"dst",2026,3,"ffpc","DAL","2026-09-25T23:17:51Z","refresh",4.60444848806655,28.5
"dst",2026,3,"ffpc","MIA","2026-09-25T23:17:51Z","refresh",4.50736328526104,28
"dst",2026,3,"ffpc","ARI","2026-09-25T23:17:51Z","refresh",4.28017175061828,28.25
"k",2026,3,"espn","KC","2026-09-25T23:18:29Z","refresh",9.38681088000854,28
"k",2026,3,"espn","HOU","2026-09-25T23:18:29Z","refresh",9.26309845672902,22
"k",2026,3,"espn","DET","2026-09-25T23:18:29Z","refresh",9.0846919716404,27.25
"k",2026,3,"espn","NO","2026-09-25T23:18:29Z","refresh",9.10491374825534,23.25
"k",2026,3,"espn","DAL","2026-09-25T23:18:29Z","refresh",9.05577680566598,25
"k",2026,3,"espn","SF","2026-09-25T23:18:29Z","refresh",9.0162732003228,28.25
"k",2026,3,"espn","SEA","2026-09-25T23:18:29Z","refresh",8.67232945160258,23.75
"k",2026,3,"espn","MIN","2026-09-25T23:18:29Z","refresh",8.65769286330057,22
"k",2026,3,"espn","CIN","2026-09-25T23:18:29Z","refresh",8.57941388749634,23
"k",2026,3,"espn","JAX","2026-09-25T23:18:29Z","refresh",8.55065735752979,24.5
"k",2026,3,"espn","PHI","2026-09-25T23:18:29Z","refresh",8.54370771208078,23
"k",2026,3,"espn","TB","2026-09-25T23:18:29Z","refresh",8.50245085913031,20.5
"k",2026,3,"espn","BAL","2026-09-25T23:18:29Z","refresh",8.46725930683797,28.5
"k",2026,3,"espn","BUF","2026-09-25T23:18:29Z","refresh",8.28342158174076,28.5
"k",2026,3,"espn","LV","2026-09-25T23:18:29Z","refresh",8.26824735203254,20.25
"k",2026,3,"espn","IND","2026-09-25T23:18:29Z","refresh",8.26489547703149,20.5
"k",2026,3,"espn","NYJ","2026-09-25T23:18:29Z","refresh",8.21746326927289,20.75
"k",2026,3,"espn","GB","2026-09-25T23:18:29Z","refresh",7.982777162325,23.75
"k",2026,3,"espn","PIT","2026-09-25T23:18:29Z","refresh",7.93843851540248,19.5
"k",2026,3,"espn","LA","2026-09-25T23:18:29Z","refresh",7.82772639925942,23
"k",2026,3,"espn","DEN","2026-09-25T23:18:29Z","refresh",7.84986294311739,21
"k",2026,3,"espn","ATL","2026-09-25T23:18:29Z","refresh",7.69744680616329,19.25
"k",2026,3,"espn","CAR","2026-09-25T23:18:29Z","refresh",7.53199195570129,22.5
"k",2026,3,"espn","NE","2026-09-25T23:18:29Z","refresh",7.49956541224507,21.5
"k",2026,3,"espn","CHI","2026-09-25T23:18:29Z","refresh",7.3652217558654,18
"k",2026,3,"espn","CLE","2026-09-25T23:18:29Z","refresh",7.39695532433921,20
"k",2026,3,"espn","LAC","2026-09-25T23:18:29Z","refresh",7.36647438599641,21.5
"k",2026,3,"espn","NYG","2026-09-25T23:18:29Z","refresh",7.36392195046554,20.25
"k",2026,3,"espn","TEN","2026-09-25T23:18:29Z","refresh",7.25563681367378,17.75
"k",2026,3,"espn","ARI","2026-09-25T23:18:29Z","refresh",7.14809359170776,19.75
"k",2026,3,"espn","MIA","2026-09-25T23:18:29Z","refresh",6.91521471925016,17.5
"k",2026,3,"espn","WAS","2026-09-25T23:18:29Z","refresh",6.29006799855777,16.25
"k",2026,3,"dec","KC","2026-09-25T23:18:29Z","refresh",9.72073800695179,28
"k",2026,3,"dec","HOU","2026-09-25T23:18:29Z","refresh",9.70566433783486,22
"k",2026,3,"dec","DET","2026-09-25T23:18:29Z","refresh",9.46311160463238,27.25
"k",2026,3,"dec","NO","2026-09-25T23:18:29Z","refresh",9.52362732891298,23.25
"k",2026,3,"dec","DAL","2026-09-25T23:18:29Z","refresh",9.46083235210258,25
"k",2026,3,"dec","SF","2026-09-25T23:18:29Z","refresh",9.32254466070161,28.25
"k",2026,3,"dec","SEA","2026-09-25T23:18:29Z","refresh",9.02351001589736,23.75
"k",2026,3,"dec","MIN","2026-09-25T23:18:29Z","refresh",9.02340214209011,22
"k",2026,3,"dec","CIN","2026-09-25T23:18:29Z","refresh",8.94950895356666,23
"k",2026,3,"dec","JAX","2026-09-25T23:18:29Z","refresh",8.88737762372432,24.5
"k",2026,3,"dec","PHI","2026-09-25T23:18:29Z","refresh",8.93279908584591,23
"k",2026,3,"dec","TB","2026-09-25T23:18:29Z","refresh",8.90416511866436,20.5
"k",2026,3,"dec","BAL","2026-09-25T23:18:29Z","refresh",8.73942124416897,28.5
"k",2026,3,"dec","BUF","2026-09-25T23:18:29Z","refresh",8.59840833445898,28.5
"k",2026,3,"dec","LV","2026-09-25T23:18:29Z","refresh",8.69552272274242,20.25
"k",2026,3,"dec","IND","2026-09-25T23:18:29Z","refresh",8.64673014227999,20.5
"k",2026,3,"dec","NYJ","2026-09-25T23:18:29Z","refresh",8.62960193507019,20.75
"k",2026,3,"dec","GB","2026-09-25T23:18:29Z","refresh",8.31091120528665,23.75
"k",2026,3,"dec","PIT","2026-09-25T23:18:29Z","refresh",8.33592342351102,19.5
"k",2026,3,"dec","LA","2026-09-25T23:18:29Z","refresh",8.11160751013491,23
"k",2026,3,"dec","DEN","2026-09-25T23:18:29Z","refresh",8.19454019400635,21
"k",2026,3,"dec","ATL","2026-09-25T23:18:29Z","refresh",8.09250872955202,19.25
"k",2026,3,"dec","CAR","2026-09-25T23:18:29Z","refresh",7.84251457090647,22.5
"k",2026,3,"dec","NE","2026-09-25T23:18:29Z","refresh",7.81914565047626,21.5
"k",2026,3,"dec","CHI","2026-09-25T23:18:29Z","refresh",7.76852995254953,18
"k",2026,3,"dec","CLE","2026-09-25T23:18:29Z","refresh",7.71619394909161,20
"k",2026,3,"dec","LAC","2026-09-25T23:18:29Z","refresh",7.68769016486873,21.5
"k",2026,3,"dec","NYG","2026-09-25T23:18:29Z","refresh",7.67446471539441,20.25
"k",2026,3,"dec","TEN","2026-09-25T23:18:29Z","refresh",7.62801372448886,17.75
"k",2026,3,"dec","ARI","2026-09-25T23:18:29Z","refresh",7.4586854890105,19.75
"k",2026,3,"dec","MIA","2026-09-25T23:18:29Z","refresh",7.24662840344882,17.5
"k",2026,3,"dec","WAS","2026-09-25T23:18:29Z","refresh",6.62719370069783,16.25
"dst",2026,3,"espn","KC","2026-09-25T23:37:34Z","refresh",9.78341895699693,17.5
"dst",2026,3,"espn","SEA","2026-09-25T23:37:34Z","refresh",8.99725782134383,16.25
"dst",2026,3,"espn","NO","2026-09-25T23:37:34Z","refresh",8.60294053014129,20.25
"dst",2026,3,"espn","CAR","2026-09-25T23:37:34Z","refresh",8.3148212676528,20
"dst",2026,3,"espn","MIN","2026-09-25T23:37:34Z","refresh",7.87011336856308,20.5
"dst",2026,3,"espn","NYG","2026-09-25T23:37:34Z","refresh",7.8110155665795,17.75
"dst",2026,3,"espn","GB","2026-09-25T23:37:34Z","refresh",7.5671314336667,19.25
"dst",2026,3,"espn","SF","2026-09-25T23:37:34Z","refresh",7.54731921443135,19.75
"dst",2026,3,"espn","JAX","2026-09-25T23:37:34Z","refresh",7.53741360467508,21.5
"dst",2026,3,"espn","HOU","2026-09-25T23:37:34Z","refresh",7.48717199568386,20.5
"dst",2026,3,"espn","BUF","2026-09-25T23:37:34Z","refresh",6.89437802833365,21.5
"dst",2026,3,"espn","PHI","2026-09-25T23:37:34Z","refresh",6.66855676874473,18
"dst",2026,3,"espn","LA","2026-09-25T23:37:34Z","refresh",6.50391779693991,21
"dst",2026,3,"espn","DET","2026-09-25T23:37:34Z","refresh",6.42595103997557,20.75
"dst",2026,3,"espn","CIN","2026-09-25T23:37:34Z","refresh",6.17462866462305,19.5
"dst",2026,3,"espn","LV","2026-09-25T23:37:34Z","refresh",6.16289499946965,23.25
"dst",2026,3,"espn","TEN","2026-09-25T23:37:34Z","refresh",6.15237102999365,20.25
"dst",2026,3,"espn","TB","2026-09-25T23:37:34Z","refresh",6.11728255503598,22
"dst",2026,3,"espn","CHI","2026-09-25T23:37:34Z","refresh",6.05989390234711,23
"dst",2026,3,"espn","PIT","2026-09-25T23:37:34Z","refresh",6.00074970663156,23
"dst",2026,3,"espn","CLE","2026-09-25T23:37:34Z","refresh",5.34145008757813,22.5
"dst",2026,3,"espn","NE","2026-09-25T23:37:34Z","refresh",5.26949772907199,24.5
"dst",2026,3,"espn","ATL","2026-09-25T23:37:34Z","refresh",5.23514670495356,23.75
"dst",2026,3,"espn","IND","2026-09-25T23:37:34Z","refresh",5.1609240725978,22
"dst",2026,3,"espn","WAS","2026-09-25T23:37:34Z","refresh",4.46623042271336,23.75
"dst",2026,3,"espn","DEN","2026-09-25T23:37:34Z","refresh",4.16502760804155,23
"dst",2026,3,"espn","BAL","2026-09-25T23:37:34Z","refresh",3.18617998402706,25
"dst",2026,3,"espn","NYJ","2026-09-25T23:37:34Z","refresh",3.12734845400743,27.25
"dst",2026,3,"espn","LAC","2026-09-25T23:37:34Z","refresh",2.2934503149721,28.5
"dst",2026,3,"espn","MIA","2026-09-25T23:37:34Z","refresh",2.01117344903508,28
"dst",2026,3,"espn","ARI","2026-09-25T23:37:34Z","refresh",1.57745551019982,28.25
"dst",2026,3,"espn","DAL","2026-09-25T23:37:34Z","refresh",1.25522659001827,28.5
"dst",2026,3,"yahoo","KC","2026-09-25T23:37:34Z","refresh",9.58433422640823,17.5
"dst",2026,3,"yahoo","SEA","2026-09-25T23:37:34Z","refresh",8.51798629902582,16.25
"dst",2026,3,"yahoo","CAR","2026-09-25T23:37:34Z","refresh",8.34391761474449,20
"dst",2026,3,"yahoo","NO","2026-09-25T23:37:34Z","refresh",8.25909643110629,20.25
"dst",2026,3,"yahoo","NYG","2026-09-25T23:37:34Z","refresh",8.12425815471515,17.75
"dst",2026,3,"yahoo","BUF","2026-09-25T23:37:34Z","refresh",7.92272213255862,21.5
"dst",2026,3,"yahoo","DET","2026-09-25T23:37:34Z","refresh",7.81962534582325,20.75
"dst",2026,3,"yahoo","HOU","2026-09-25T23:37:34Z","refresh",7.64933117976633,20.5
"dst",2026,3,"yahoo","JAX","2026-09-25T23:37:34Z","refresh",7.50279735888208,21.5
"dst",2026,3,"yahoo","GB","2026-09-25T23:37:34Z","refresh",7.50028478919327,19.25
"dst",2026,3,"yahoo","MIN","2026-09-25T23:37:34Z","refresh",7.43589876833931,20.5
"dst",2026,3,"yahoo","SF","2026-09-25T23:37:34Z","refresh",7.36629462520186,19.75
"dst",2026,3,"yahoo","PHI","2026-09-25T23:37:34Z","refresh",7.14160454806862,18
"dst",2026,3,"yahoo","TB","2026-09-25T23:37:34Z","refresh",7.10397139208011,22
"dst",2026,3,"yahoo","LA","2026-09-25T23:37:34Z","refresh",6.89652140948047,21
"dst",2026,3,"yahoo","IND","2026-09-25T23:37:34Z","refresh",6.85115230337717,22
"dst",2026,3,"yahoo","CIN","2026-09-25T23:37:34Z","refresh",6.80965917590572,19.5
"dst",2026,3,"yahoo","CHI","2026-09-25T23:37:34Z","refresh",6.4912664717697,23
"dst",2026,3,"yahoo","TEN","2026-09-25T23:37:34Z","refresh",6.4857459994725,20.25
"dst",2026,3,"yahoo","CLE","2026-09-25T23:37:34Z","refresh",6.42085206555041,22.5
"dst",2026,3,"yahoo","LV","2026-09-25T23:37:34Z","refresh",6.371053023422,23.25
"dst",2026,3,"yahoo","PIT","2026-09-25T23:37:34Z","refresh",6.14166230942654,23
"dst",2026,3,"yahoo","ATL","2026-09-25T23:37:34Z","refresh",5.95270903585938,23.75
"dst",2026,3,"yahoo","DEN","2026-09-25T23:37:34Z","refresh",5.85528702821574,23
"dst",2026,3,"yahoo","NE","2026-09-25T23:37:34Z","refresh",5.84109056050447,24.5
"dst",2026,3,"yahoo","WAS","2026-09-25T23:37:34Z","refresh",5.70711357327561,23.75
"dst",2026,3,"yahoo","BAL","2026-09-25T23:37:34Z","refresh",5.20132445046476,25
"dst",2026,3,"yahoo","NYJ","2026-09-25T23:37:34Z","refresh",4.72352523726967,27.25
"dst",2026,3,"yahoo","DAL","2026-09-25T23:37:34Z","refresh",4.13803062171426,28.5
"dst",2026,3,"yahoo","LAC","2026-09-25T23:37:34Z","refresh",3.98451849991897,28.5
"dst",2026,3,"yahoo","ARI","2026-09-25T23:37:34Z","refresh",3.85724668802164,28.25
"dst",2026,3,"yahoo","MIA","2026-09-25T23:37:34Z","refresh",3.71712774875737,28
"dst",2026,3,"ffpc","KC","2026-09-25T23:37:34Z","refresh",10.7890512918936,17.5
"dst",2026,3,"ffpc","SEA","2026-09-25T23:37:34Z","refresh",10.126425036029,16.25
"dst",2026,3,"ffpc","NO","2026-09-25T23:37:34Z","refresh",9.53557422532866,20.25
"dst",2026,3,"ffpc","CAR","2026-09-25T23:37:34Z","refresh",9.51646316435021,20
"dst",2026,3,"ffpc","MIN","2026-09-25T23:37:34Z","refresh",9.00703137886559,20.5
"dst",2026,3,"ffpc","JAX","2026-09-25T23:37:34Z","refresh",8.98330649021055,21.5
"dst",2026,3,"ffpc","NYG","2026-09-25T23:37:34Z","refresh",8.96748942461128,17.75
"dst",2026,3,"ffpc","BUF","2026-09-25T23:37:34Z","refresh",8.95603219407019,21.5
"dst",2026,3,"ffpc","SF","2026-09-25T23:37:34Z","refresh",8.74730336520251,19.75
"dst",2026,3,"ffpc","GB","2026-09-25T23:37:34Z","refresh",8.65501759508849,19.25
"dst",2026,3,"ffpc","HOU","2026-09-25T23:37:34Z","refresh",8.63196743665053,20.5
"dst",2026,3,"ffpc","DET","2026-09-25T23:37:34Z","refresh",8.50277350889223,20.75
"dst",2026,3,"ffpc","LA","2026-09-25T23:37:34Z","refresh",8.14279467976081,21
"dst",2026,3,"ffpc","PHI","2026-09-25T23:37:34Z","refresh",8.10436894587219,18
"dst",2026,3,"ffpc","TEN","2026-09-25T23:37:34Z","refresh",7.81807040717689,20.25
"dst",2026,3,"ffpc","TB","2026-09-25T23:37:34Z","refresh",7.79021134304955,22
"dst",2026,3,"ffpc","CHI","2026-09-25T23:37:34Z","refresh",7.73011215521305,23
"dst",2026,3,"ffpc","PIT","2026-09-25T23:37:34Z","refresh",7.60972721766315,23
"dst",2026,3,"ffpc","LV","2026-09-25T23:37:34Z","refresh",7.56636302725686,23.25
"dst",2026,3,"ffpc","CIN","2026-09-25T23:37:34Z","refresh",7.56610834012792,19.5
"dst",2026,3,"ffpc","CLE","2026-09-25T23:37:34Z","refresh",7.45147738344253,22.5
"dst",2026,3,"ffpc","IND","2026-09-25T23:37:34Z","refresh",7.36747891157084,22
"dst",2026,3,"ffpc","NE","2026-09-25T23:37:34Z","refresh",6.98538154492271,24.5
"dst",2026,3,"ffpc","ATL","2026-09-25T23:37:34Z","refresh",6.92617501916846,23.75
"dst",2026,3,"ffpc","DEN","2026-09-25T23:37:34Z","refresh",6.44290272349711,23
"dst",2026,3,"ffpc","WAS","2026-09-25T23:37:34Z","refresh",6.37495058732364,23.75
"dst",2026,3,"ffpc","BAL","2026-09-25T23:37:34Z","refresh",5.47260262523933,25
"dst",2026,3,"ffpc","NYJ","2026-09-25T23:37:34Z","refresh",5.29660072092238,27.25
"dst",2026,3,"ffpc","LAC","2026-09-25T23:37:34Z","refresh",4.89579785402426,28.5
"dst",2026,3,"ffpc","DAL","2026-09-25T23:37:34Z","refresh",4.60444848806655,28.5
"dst",2026,3,"ffpc","MIA","2026-09-25T23:37:34Z","refresh",4.50736328526104,28
"dst",2026,3,"ffpc","ARI","2026-09-25T23:37:34Z","refresh",4.28017175061828,28.25
"k",2026,3,"espn","KC","2026-09-25T23:38:04Z","refresh",9.38681088000854,28
"k",2026,3,"espn","HOU","2026-09-25T23:38:04Z","refresh",9.26309845672902,22
"k",2026,3,"espn","DET","2026-09-25T23:38:04Z","refresh",9.0846919716404,27.25
"k",2026,3,"espn","NO","2026-09-25T23:38:04Z","refresh",9.10491374825534,23.25
"k",2026,3,"espn","DAL","2026-09-25T23:38:04Z","refresh",9.05577680566599,25
"k",2026,3,"espn","SF","2026-09-25T23:38:04Z","refresh",9.01627320032279,28.25
"k",2026,3,"espn","MIN","2026-09-25T23:38:04Z","refresh",8.65769286330057,22
"k",2026,3,"espn","SEA","2026-09-25T23:38:04Z","refresh",8.67232945160258,23.75
"k",2026,3,"espn","JAX","2026-09-25T23:38:04Z","refresh",8.55065735752979,24.5
"k",2026,3,"espn","CIN","2026-09-25T23:38:04Z","refresh",8.57941388749634,23
"k",2026,3,"espn","TB","2026-09-25T23:38:04Z","refresh",8.50245085913031,20.5
"k",2026,3,"espn","PHI","2026-09-25T23:38:04Z","refresh",8.54370771208078,23
"k",2026,3,"espn","BAL","2026-09-25T23:38:04Z","refresh",8.46725930683797,28.5
"k",2026,3,"espn","BUF","2026-09-25T23:38:04Z","refresh",8.28342158174076,28.5
"k",2026,3,"espn","LV","2026-09-25T23:38:04Z","refresh",8.26824735203254,20.25
"k",2026,3,"espn","IND","2026-09-25T23:38:04Z","refresh",8.26489547703149,20.5
"k",2026,3,"espn","NYJ","2026-09-25T23:38:04Z","refresh",8.21746326927289,20.75
"k",2026,3,"espn","GB","2026-09-25T23:38:04Z","refresh",7.982777162325,23.75
"k",2026,3,"espn","PIT","2026-09-25T23:38:04Z","refresh",7.93843851540248,19.5
"k",2026,3,"espn","LA","2026-09-25T23:38:04Z","refresh",7.82772639925942,23
"k",2026,3,"espn","DEN","2026-09-25T23:38:04Z","refresh",7.84986294311739,21
"k",2026,3,"espn","ATL","2026-09-25T23:38:04Z","refresh",7.69744680616329,19.25
"k",2026,3,"espn","NE","2026-09-25T23:38:04Z","refresh",7.49956541224507,21.5
"k",2026,3,"espn","CAR","2026-09-25T23:38:04Z","refresh",7.53199195570129,22.5
"k",2026,3,"espn","CHI","2026-09-25T23:38:04Z","refresh",7.3652217558654,18
"k",2026,3,"espn","CLE","2026-09-25T23:38:04Z","refresh",7.39695532433921,20
"k",2026,3,"espn","LAC","2026-09-25T23:38:04Z","refresh",7.36647438599641,21.5
"k",2026,3,"espn","NYG","2026-09-25T23:38:04Z","refresh",7.36392195046554,20.25
"k",2026,3,"espn","TEN","2026-09-25T23:38:04Z","refresh",7.25563681367378,17.75
"k",2026,3,"espn","ARI","2026-09-25T23:38:04Z","refresh",7.14809359170776,19.75
"k",2026,3,"espn","MIA","2026-09-25T23:38:04Z","refresh",6.91521471925016,17.5
"k",2026,3,"espn","WAS","2026-09-25T23:38:04Z","refresh",6.29006799855777,16.25
"k",2026,3,"dec","KC","2026-09-25T23:38:04Z","refresh",9.72073800695179,28
"k",2026,3,"dec","HOU","2026-09-25T23:38:04Z","refresh",9.70566433783486,22
"k",2026,3,"dec","DET","2026-09-25T23:38:04Z","refresh",9.46311160463238,27.25
"k",2026,3,"dec","NO","2026-09-25T23:38:04Z","refresh",9.52362732891298,23.25
"k",2026,3,"dec","DAL","2026-09-25T23:38:04Z","refresh",9.46083235210258,25
"k",2026,3,"dec","SF","2026-09-25T23:38:04Z","refresh",9.32254466070161,28.25
"k",2026,3,"dec","MIN","2026-09-25T23:38:04Z","refresh",9.02340214209011,22
"k",2026,3,"dec","SEA","2026-09-25T23:38:04Z","refresh",9.02351001589736,23.75
"k",2026,3,"dec","JAX","2026-09-25T23:38:04Z","refresh",8.88737762372432,24.5
"k",2026,3,"dec","CIN","2026-09-25T23:38:04Z","refresh",8.94950895356666,23
"k",2026,3,"dec","TB","2026-09-25T23:38:04Z","refresh",8.90416511866436,20.5
"k",2026,3,"dec","PHI","2026-09-25T23:38:04Z","refresh",8.93279908584591,23
"k",2026,3,"dec","BAL","2026-09-25T23:38:04Z","refresh",8.73942124416897,28.5
"k",2026,3,"dec","BUF","2026-09-25T23:38:04Z","refresh",8.59840833445898,28.5
"k",2026,3,"dec","LV","2026-09-25T23:38:04Z","refresh",8.69552272274242,20.25
"k",2026,3,"dec","IND","2026-09-25T23:38:04Z","refresh",8.64673014227999,20.5
"k",2026,3,"dec","NYJ","2026-09-25T23:38:04Z","refresh",8.62960193507019,20.75
"k",2026,3,"dec","GB","2026-09-25T23:38:04Z","refresh",8.31091120528665,23.75
"k",2026,3,"dec","PIT","2026-09-25T23:38:04Z","refresh",8.33592342351102,19.5
"k",2026,3,"dec","LA","2026-09-25T23:38:04Z","refresh",8.11160751013491,23
"k",2026,3,"dec","DEN","2026-09-25T23:38:04Z","refresh",8.19454019400635,21
"k",2026,3,"dec","ATL","2026-09-25T23:38:04Z","refresh",8.09250872955201,19.25
"k",2026,3,"dec","NE","2026-09-25T23:38:04Z","refresh",7.81914565047626,21.5
"k",2026,3,"dec","CAR","2026-09-25T23:38:04Z","refresh",7.84251457090647,22.5
"k",2026,3,"dec","CHI","2026-09-25T23:38:04Z","refresh",7.76852995254953,18
"k",2026,3,"dec","CLE","2026-09-25T23:38:04Z","refresh",7.71619394909161,20
"k",2026,3,"dec","LAC","2026-09-25T23:38:04Z","refresh",7.68769016486873,21.5
"k",2026,3,"dec","NYG","2026-09-25T23:38:04Z","refresh",7.67446471539441,20.25
"k",2026,3,"dec","TEN","2026-09-25T23:38:04Z","refresh",7.62801372448886,17.75
"k",2026,3,"dec","ARI","2026-09-25T23:38:04Z","refresh",7.4586854890105,19.75
"k",2026,3,"dec","MIA","2026-09-25T23:38:04Z","refresh",7.24662840344882,17.5
"k",2026,3,"dec","WAS","2026-09-25T23:38:04Z","refresh",6.62719370069783,16.25
"dst",2026,3,"espn","KC","2026-09-25T23:59:49Z","refresh",9.78341895699693,17.5
"dst",2026,3,"espn","SEA","2026-09-25T23:59:49Z","refresh",8.99725782134383,16.25
"dst",2026,3,"espn","NO","2026-09-25T23:59:49Z","refresh",8.60294053014129,20.25
"dst",2026,3,"espn","CAR","2026-09-25T23:59:49Z","refresh",8.3148212676528,20
"dst",2026,3,"espn","MIN","2026-09-25T23:59:49Z","refresh",7.87011336856309,20.5
"dst",2026,3,"espn","NYG","2026-09-25T23:59:49Z","refresh",7.8110155665795,17.75
"dst",2026,3,"espn","GB","2026-09-25T23:59:49Z","refresh",7.56713143366671,19.25
"dst",2026,3,"espn","SF","2026-09-25T23:59:49Z","refresh",7.54731921443135,19.75
"dst",2026,3,"espn","JAX","2026-09-25T23:59:49Z","refresh",7.53741360467508,21.5
"dst",2026,3,"espn","HOU","2026-09-25T23:59:49Z","refresh",7.48717199568386,20.5
"dst",2026,3,"espn","BUF","2026-09-25T23:59:49Z","refresh",6.89437802833365,21.5
"dst",2026,3,"espn","PHI","2026-09-25T23:59:49Z","refresh",6.66855676874473,18
"dst",2026,3,"espn","LA","2026-09-25T23:59:49Z","refresh",6.50391779693991,21
"dst",2026,3,"espn","DET","2026-09-25T23:59:49Z","refresh",6.42595103997557,20.75
"dst",2026,3,"espn","CIN","2026-09-25T23:59:49Z","refresh",6.17462866462305,19.5
"dst",2026,3,"espn","LV","2026-09-25T23:59:49Z","refresh",6.16289499946965,23.25
"dst",2026,3,"espn","TEN","2026-09-25T23:59:49Z","refresh",6.15237102999365,20.25
"dst",2026,3,"espn","TB","2026-09-25T23:59:49Z","refresh",6.11728255503598,22
"dst",2026,3,"espn","CHI","2026-09-25T23:59:49Z","refresh",6.05989390234711,23
"dst",2026,3,"espn","PIT","2026-09-25T23:59:49Z","refresh",6.00074970663156,23
"dst",2026,3,"espn","CLE","2026-09-25T23:59:49Z","refresh",5.34145008757813,22.5
"dst",2026,3,"espn","NE","2026-09-25T23:59:49Z","refresh",5.26949772907199,24.5
"dst",2026,3,"espn","ATL","2026-09-25T23:59:49Z","refresh",5.23514670495356,23.75
"dst",2026,3,"espn","IND","2026-09-25T23:59:49Z","refresh",5.1609240725978,22
"dst",2026,3,"espn","WAS","2026-09-25T23:59:49Z","refresh",4.46623042271336,23.75
"dst",2026,3,"espn","DEN","2026-09-25T23:59:49Z","refresh",4.16502760804155,23
"dst",2026,3,"espn","BAL","2026-09-25T23:59:49Z","refresh",3.18617998402706,25
"dst",2026,3,"espn","NYJ","2026-09-25T23:59:49Z","refresh",3.12734845400743,27.25
"dst",2026,3,"espn","LAC","2026-09-25T23:59:49Z","refresh",2.2934503149721,28.5
"dst",2026,3,"espn","MIA","2026-09-25T23:59:49Z","refresh",2.01117344903508,28
"dst",2026,3,"espn","ARI","2026-09-25T23:59:49Z","refresh",1.57745551019982,28.25
"dst",2026,3,"espn","DAL","2026-09-25T23:59:49Z","refresh",1.25522659001827,28.5
"dst",2026,3,"yahoo","KC","2026-09-25T23:59:49Z","refresh",9.58433422640823,17.5
"dst",2026,3,"yahoo","SEA","2026-09-25T23:59:49Z","refresh",8.51798629902581,16.25
"dst",2026,3,"yahoo","CAR","2026-09-25T23:59:49Z","refresh",8.34391761474449,20
"dst",2026,3,"yahoo","NO","2026-09-25T23:59:49Z","refresh",8.2590964311063,20.25
"dst",2026,3,"yahoo","NYG","2026-09-25T23:59:49Z","refresh",8.12425815471515,17.75
"dst",2026,3,"yahoo","BUF","2026-09-25T23:59:49Z","refresh",7.92272213255862,21.5
"dst",2026,3,"yahoo","DET","2026-09-25T23:59:49Z","refresh",7.81962534582325,20.75
"dst",2026,3,"yahoo","HOU","2026-09-25T23:59:49Z","refresh",7.64933117976633,20.5
"dst",2026,3,"yahoo","JAX","2026-09-25T23:59:49Z","refresh",7.50279735888208,21.5
"dst",2026,3,"yahoo","GB","2026-09-25T23:59:49Z","refresh",7.50028478919327,19.25
"dst",2026,3,"yahoo","MIN","2026-09-25T23:59:49Z","refresh",7.43589876833931,20.5
"dst",2026,3,"yahoo","SF","2026-09-25T23:59:49Z","refresh",7.36629462520186,19.75
"dst",2026,3,"yahoo","PHI","2026-09-25T23:59:49Z","refresh",7.14160454806863,18
"dst",2026,3,"yahoo","TB","2026-09-25T23:59:49Z","refresh",7.10397139208011,22
"dst",2026,3,"yahoo","LA","2026-09-25T23:59:49Z","refresh",6.89652140948047,21
"dst",2026,3,"yahoo","IND","2026-09-25T23:59:49Z","refresh",6.85115230337717,22
"dst",2026,3,"yahoo","CIN","2026-09-25T23:59:49Z","refresh",6.80965917590572,19.5
"dst",2026,3,"yahoo","CHI","2026-09-25T23:59:49Z","refresh",6.4912664717697,23
"dst",2026,3,"yahoo","TEN","2026-09-25T23:59:49Z","refresh",6.4857459994725,20.25
"dst",2026,3,"yahoo","CLE","2026-09-25T23:59:49Z","refresh",6.42085206555041,22.5
"dst",2026,3,"yahoo","LV","2026-09-25T23:59:49Z","refresh",6.371053023422,23.25
"dst",2026,3,"yahoo","PIT","2026-09-25T23:59:49Z","refresh",6.14166230942654,23
"dst",2026,3,"yahoo","ATL","2026-09-25T23:59:49Z","refresh",5.95270903585938,23.75
"dst",2026,3,"yahoo","DEN","2026-09-25T23:59:49Z","refresh",5.85528702821574,23
"dst",2026,3,"yahoo","NE","2026-09-25T23:59:49Z","refresh",5.84109056050446,24.5
"dst",2026,3,"yahoo","WAS","2026-09-25T23:59:49Z","refresh",5.70711357327561,23.75
"dst",2026,3,"yahoo","BAL","2026-09-25T23:59:49Z","refresh",5.20132445046476,25
"dst",2026,3,"yahoo","NYJ","2026-09-25T23:59:49Z","refresh",4.72352523726967,27.25
"dst",2026,3,"yahoo","DAL","2026-09-25T23:59:49Z","refresh",4.13803062171426,28.5
"dst",2026,3,"yahoo","LAC","2026-09-25T23:59:49Z","refresh",3.98451849991897,28.5
"dst",2026,3,"yahoo","ARI","2026-09-25T23:59:49Z","refresh",3.85724668802164,28.25
"dst",2026,3,"yahoo","MIA","2026-09-25T23:59:49Z","refresh",3.71712774875737,28
"dst",2026,3,"ffpc","KC","2026-09-25T23:59:49Z","refresh",10.7890512918936,17.5
"dst",2026,3,"ffpc","SEA","2026-09-25T23:59:49Z","refresh",10.126425036029,16.25
"dst",2026,3,"ffpc","NO","2026-09-25T23:59:49Z","refresh",9.53557422532866,20.25
"dst",2026,3,"ffpc","CAR","2026-09-25T23:59:49Z","refresh",9.51646316435021,20
"dst",2026,3,"ffpc","MIN","2026-09-25T23:59:49Z","refresh",9.00703137886559,20.5
"dst",2026,3,"ffpc","JAX","2026-09-25T23:59:49Z","refresh",8.98330649021055,21.5
"dst",2026,3,"ffpc","NYG","2026-09-25T23:59:49Z","refresh",8.96748942461128,17.75
"dst",2026,3,"ffpc","BUF","2026-09-25T23:59:49Z","refresh",8.95603219407019,21.5
"dst",2026,3,"ffpc","SF","2026-09-25T23:59:49Z","refresh",8.74730336520251,19.75
"dst",2026,3,"ffpc","GB","2026-09-25T23:59:49Z","refresh",8.65501759508849,19.25
"dst",2026,3,"ffpc","HOU","2026-09-25T23:59:49Z","refresh",8.63196743665053,20.5
"dst",2026,3,"ffpc","DET","2026-09-25T23:59:49Z","refresh",8.50277350889223,20.75
"dst",2026,3,"ffpc","LA","2026-09-25T23:59:49Z","refresh",8.14279467976081,21
"dst",2026,3,"ffpc","PHI","2026-09-25T23:59:49Z","refresh",8.10436894587219,18
"dst",2026,3,"ffpc","TEN","2026-09-25T23:59:49Z","refresh",7.81807040717689,20.25
"dst",2026,3,"ffpc","TB","2026-09-25T23:59:49Z","refresh",7.79021134304955,22
"dst",2026,3,"ffpc","CHI","2026-09-25T23:59:49Z","refresh",7.73011215521305,23
"dst",2026,3,"ffpc","PIT","2026-09-25T23:59:49Z","refresh",7.60972721766315,23
"dst",2026,3,"ffpc","LV","2026-09-25T23:59:49Z","refresh",7.56636302725686,23.25
"dst",2026,3,"ffpc","CIN","2026-09-25T23:59:49Z","refresh",7.56610834012792,19.5
"dst",2026,3,"ffpc","CLE","2026-09-25T23:59:49Z","refresh",7.45147738344253,22.5
"dst",2026,3,"ffpc","IND","2026-09-25T23:59:49Z","refresh",7.36747891157084,22
"dst",2026,3,"ffpc","NE","2026-09-25T23:59:49Z","refresh",6.98538154492271,24.5
"dst",2026,3,"ffpc","ATL","2026-09-25T23:59:49Z","refresh",6.92617501916846,23.75
"dst",2026,3,"ffpc","DEN","2026-09-25T23:59:49Z","refresh",6.44290272349711,23
"dst",2026,3,"ffpc","WAS","2026-09-25T23:59:49Z","refresh",6.37495058732364,23.75
"dst",2026,3,"ffpc","BAL","2026-09-25T23:59:49Z","refresh",5.47260262523933,25
"dst",2026,3,"ffpc","NYJ","2026-09-25T23:59:49Z","refresh",5.29660072092238,27.25
"dst",2026,3,"ffpc","LAC","2026-09-25T23:59:49Z","refresh",4.89579785402426,28.5
"dst",2026,3,"ffpc","DAL","2026-09-25T23:59:49Z","refresh",4.60444848806655,28.5
"dst",2026,3,"ffpc","MIA","2026-09-25T23:59:49Z","refresh",4.50736328526104,28
"dst",2026,3,"ffpc","ARI","2026-09-25T23:59:49Z","refresh",4.28017175061828,28.25
"k",2026,3,"espn","KC","2026-09-26T00:00:27Z","refresh",9.33373721056149,28
"k",2026,3,"espn","HOU","2026-09-26T00:00:27Z","refresh",9.26309845672902,22
"k",2026,3,"espn","DET","2026-09-26T00:00:27Z","refresh",9.0846919716404,27.25
"k",2026,3,"espn","NO","2026-09-26T00:00:27Z","refresh",9.10491374825534,23.25
"k",2026,3,"espn","DAL","2026-09-26T00:00:27Z","refresh",9.05577680566598,25
"k",2026,3,"espn","SF","2026-09-26T00:00:27Z","refresh",9.0162732003228,28.25
"k",2026,3,"espn","MIN","2026-09-26T00:00:27Z","refresh",8.71141044652477,22
"k",2026,3,"espn","SEA","2026-09-26T00:00:27Z","refresh",8.61939058603322,23.75
"k",2026,3,"espn","JAX","2026-09-26T00:00:27Z","refresh",8.6018754458773,24.5
"k",2026,3,"espn","CIN","2026-09-26T00:00:27Z","refresh",8.57941388749634,23
"k",2026,3,"espn","TB","2026-09-26T00:00:27Z","refresh",8.55659434659017,20.5
"k",2026,3,"espn","PHI","2026-09-26T00:00:27Z","refresh",8.54288110588615,23
"k",2026,3,"espn","BAL","2026-09-26T00:00:27Z","refresh",8.46725930683797,28.5
"k",2026,3,"espn","LV","2026-09-26T00:00:27Z","refresh",8.26824735203254,20.25
"k",2026,3,"espn","IND","2026-09-26T00:00:27Z","refresh",8.26489547703149,20.5
"k",2026,3,"espn","NYJ","2026-09-26T00:00:27Z","refresh",8.21746326927289,20.75
"k",2026,3,"espn","BUF","2026-09-26T00:00:27Z","refresh",8.23243055781586,28.5
"k",2026,3,"espn","LA","2026-09-26T00:00:27Z","refresh",7.92689639453805,23
"k",2026,3,"espn","GB","2026-09-26T00:00:27Z","refresh",7.982777162325,23.75
"k",2026,3,"espn","PIT","2026-09-26T00:00:27Z","refresh",7.93843851540248,19.5
"k",2026,3,"espn","DEN","2026-09-26T00:00:27Z","refresh",7.9494540008412,21
"k",2026,3,"espn","ATL","2026-09-26T00:00:27Z","refresh",7.69744680616329,19.25
"k",2026,3,"espn","NE","2026-09-26T00:00:27Z","refresh",7.54789003854794,21.5
"k",2026,3,"espn","CAR","2026-09-26T00:00:27Z","refresh",7.53199195570129,22.5
"k",2026,3,"espn","CHI","2026-09-26T00:00:27Z","refresh",7.36439514967076,18
"k",2026,3,"espn","CLE","2026-09-26T00:00:27Z","refresh",7.39695532433921,20
"k",2026,3,"espn","LAC","2026-09-26T00:00:27Z","refresh",7.31640096690832,21.5
"k",2026,3,"espn","NYG","2026-09-26T00:00:27Z","refresh",7.17537786832848,20.25
"k",2026,3,"espn","ARI","2026-09-26T00:00:27Z","refresh",7.14809359170776,19.75
"k",2026,3,"espn","TEN","2026-09-26T00:00:27Z","refresh",7.06631229523943,17.75
"k",2026,3,"espn","MIA","2026-09-26T00:00:27Z","refresh",6.8698730214442,17.5
"k",2026,3,"espn","WAS","2026-09-26T00:00:27Z","refresh",6.24380477699658,16.25
"k",2026,3,"dec","KC","2026-09-26T00:00:27Z","refresh",9.66602474158788,28
"k",2026,3,"dec","HOU","2026-09-26T00:00:27Z","refresh",9.70566433783486,22
"k",2026,3,"dec","DET","2026-09-26T00:00:27Z","refresh",9.46311160463238,27.25
"k",2026,3,"dec","NO","2026-09-26T00:00:27Z","refresh",9.52362732891298,23.25
"k",2026,3,"dec","DAL","2026-09-26T00:00:27Z","refresh",9.46083235210258,25
"k",2026,3,"dec","SF","2026-09-26T00:00:27Z","refresh",9.32254466070161,28.25
"k",2026,3,"dec","MIN","2026-09-26T00:00:27Z","refresh",9.0790991174634,22
"k",2026,3,"dec","SEA","2026-09-26T00:00:27Z","refresh",8.96863915697013,23.75
"k",2026,3,"dec","JAX","2026-09-26T00:00:27Z","refresh",8.9402996169773,24.5
"k",2026,3,"dec","CIN","2026-09-26T00:00:27Z","refresh",8.94950895356666,23
"k",2026,3,"dec","TB","2026-09-26T00:00:27Z","refresh",8.96034820626224,20.5
"k",2026,3,"dec","PHI","2026-09-26T00:00:27Z","refresh",8.93187240671304,23
"k",2026,3,"dec","BAL","2026-09-26T00:00:27Z","refresh",8.73942124416897,28.5
"k",2026,3,"dec","LV","2026-09-26T00:00:27Z","refresh",8.69552272274242,20.25
"k",2026,3,"dec","IND","2026-09-26T00:00:27Z","refresh",8.64673014227999,20.5
"k",2026,3,"dec","NYJ","2026-09-26T00:00:27Z","refresh",8.62960193507019,20.75
"k",2026,3,"dec","BUF","2026-09-26T00:00:27Z","refresh",8.5458111627143,28.5
"k",2026,3,"dec","LA","2026-09-26T00:00:27Z","refresh",8.21413829164925,23
"k",2026,3,"dec","GB","2026-09-26T00:00:27Z","refresh",8.31091120528665,23.75
"k",2026,3,"dec","PIT","2026-09-26T00:00:27Z","refresh",8.33592342351102,19.5
"k",2026,3,"dec","DEN","2026-09-26T00:00:27Z","refresh",8.29764015112869,21
"k",2026,3,"dec","ATL","2026-09-26T00:00:27Z","refresh",8.09250872955202,19.25
"k",2026,3,"dec","NE","2026-09-26T00:00:27Z","refresh",7.86911156417483,21.5
"k",2026,3,"dec","CAR","2026-09-26T00:00:27Z","refresh",7.84251457090647,22.5
"k",2026,3,"dec","CHI","2026-09-26T00:00:27Z","refresh",7.76760327341666,18
"k",2026,3,"dec","CLE","2026-09-26T00:00:27Z","refresh",7.71619394909161,20
"k",2026,3,"dec","LAC","2026-09-26T00:00:27Z","refresh",7.63575889233411,21.5
"k",2026,3,"dec","NYG","2026-09-26T00:00:27Z","refresh",7.47925476255215,20.25
"k",2026,3,"dec","ARI","2026-09-26T00:00:27Z","refresh",7.4586854890105,19.75
"k",2026,3,"dec","TEN","2026-09-26T00:00:27Z","refresh",7.43166630670531,17.75
"k",2026,3,"dec","MIA","2026-09-26T00:00:27Z","refresh",7.19972319198608,17.5
"k",2026,3,"dec","WAS","2026-09-26T00:00:27Z","refresh",6.57914462115596,16.25
"dst",2026,3,"espn","KC","2026-09-26T02:57:14Z","refresh",9.78341895699693,17.5
"dst",2026,3,"espn","SEA","2026-09-26T02:57:14Z","refresh",9.10528106402036,16
"dst",2026,3,"espn","NO","2026-09-26T02:57:14Z","refresh",8.60294053014129,20.25
"dst",2026,3,"espn","CAR","2026-09-26T02:57:14Z","refresh",8.3148212676528,20
"dst",2026,3,"espn","MIN","2026-09-26T02:57:14Z","refresh",7.87011336856308,20.5
"dst",2026,3,"espn","NYG","2026-09-26T02:57:14Z","refresh",7.8110155665795,17.75
"dst",2026,3,"espn","GB","2026-09-26T02:57:14Z","refresh",7.5671314336667,19.25
"dst",2026,3,"espn","SF","2026-09-26T02:57:14Z","refresh",7.54731921443135,19.75
"dst",2026,3,"espn","JAX","2026-09-26T02:57:14Z","refresh",7.53741360467508,21.5
"dst",2026,3,"espn","HOU","2026-09-26T02:57:14Z","refresh",7.48717199568386,20.5
"dst",2026,3,"espn","BUF","2026-09-26T02:57:14Z","refresh",6.89437802833365,21.5
"dst",2026,3,"espn","PHI","2026-09-26T02:57:14Z","refresh",6.66855676874473,18
"dst",2026,3,"espn","LA","2026-09-26T02:57:14Z","refresh",6.50391779693991,21
"dst",2026,3,"espn","DET","2026-09-26T02:57:14Z","refresh",6.42595103997557,20.75
"dst",2026,3,"espn","CIN","2026-09-26T02:57:14Z","refresh",6.17462866462305,19.5
"dst",2026,3,"espn","LV","2026-09-26T02:57:14Z","refresh",6.16289499946965,23.25
"dst",2026,3,"espn","TEN","2026-09-26T02:57:14Z","refresh",6.15237102999365,20.25
"dst",2026,3,"espn","TB","2026-09-26T02:57:14Z","refresh",6.11728255503598,22
"dst",2026,3,"espn","CHI","2026-09-26T02:57:14Z","refresh",6.05989390234711,23
"dst",2026,3,"espn","PIT","2026-09-26T02:57:14Z","refresh",6.00074970663156,23
"dst",2026,3,"espn","CLE","2026-09-26T02:57:14Z","refresh",5.34145008757813,22.5
"dst",2026,3,"espn","NE","2026-09-26T02:57:14Z","refresh",5.26949772907199,24.5
"dst",2026,3,"espn","ATL","2026-09-26T02:57:14Z","refresh",5.23514670495356,23.75
"dst",2026,3,"espn","IND","2026-09-26T02:57:14Z","refresh",5.1609240725978,22
"dst",2026,3,"espn","WAS","2026-09-26T02:57:14Z","refresh",4.36052454828543,24
"dst",2026,3,"espn","DEN","2026-09-26T02:57:14Z","refresh",4.16502760804155,23
"dst",2026,3,"espn","BAL","2026-09-26T02:57:14Z","refresh",3.18617998402706,25
"dst",2026,3,"espn","NYJ","2026-09-26T02:57:14Z","refresh",3.12734845400743,27.25
"dst",2026,3,"espn","LAC","2026-09-26T02:57:14Z","refresh",2.2934503149721,28.5
"dst",2026,3,"espn","MIA","2026-09-26T02:57:14Z","refresh",2.01117344903508,28
"dst",2026,3,"espn","ARI","2026-09-26T02:57:14Z","refresh",1.57745551019982,28.25
"dst",2026,3,"espn","DAL","2026-09-26T02:57:14Z","refresh",1.25522659001827,28.5
"dst",2026,3,"yahoo","KC","2026-09-26T02:57:14Z","refresh",9.58433422640823,17.5
"dst",2026,3,"yahoo","SEA","2026-09-26T02:57:14Z","refresh",8.60407509716225,16
"dst",2026,3,"yahoo","CAR","2026-09-26T02:57:14Z","refresh",8.34391761474449,20
"dst",2026,3,"yahoo","NO","2026-09-26T02:57:14Z","refresh",8.25909643110629,20.25
"dst",2026,3,"yahoo","NYG","2026-09-26T02:57:14Z","refresh",8.12425815471515,17.75
"dst",2026,3,"yahoo","BUF","2026-09-26T02:57:14Z","refresh",7.92272213255862,21.5
"dst",2026,3,"yahoo","DET","2026-09-26T02:57:14Z","refresh",7.81962534582325,20.75
"dst",2026,3,"yahoo","HOU","2026-09-26T02:57:14Z","refresh",7.64933117976633,20.5
"dst",2026,3,"yahoo","JAX","2026-09-26T02:57:14Z","refresh",7.50279735888208,21.5
"dst",2026,3,"yahoo","GB","2026-09-26T02:57:14Z","refresh",7.50028478919327,19.25
"dst",2026,3,"yahoo","MIN","2026-09-26T02:57:14Z","refresh",7.43589876833931,20.5
"dst",2026,3,"yahoo","SF","2026-09-26T02:57:14Z","refresh",7.36629462520186,19.75
"dst",2026,3,"yahoo","PHI","2026-09-26T02:57:14Z","refresh",7.14160454806862,18
"dst",2026,3,"yahoo","TB","2026-09-26T02:57:14Z","refresh",7.10397139208011,22
"dst",2026,3,"yahoo","LA","2026-09-26T02:57:14Z","refresh",6.89652140948047,21
"dst",2026,3,"yahoo","IND","2026-09-26T02:57:14Z","refresh",6.85115230337717,22
"dst",2026,3,"yahoo","CIN","2026-09-26T02:57:14Z","refresh",6.80965917590572,19.5
"dst",2026,3,"yahoo","CHI","2026-09-26T02:57:14Z","refresh",6.4912664717697,23
"dst",2026,3,"yahoo","TEN","2026-09-26T02:57:14Z","refresh",6.4857459994725,20.25
"dst",2026,3,"yahoo","CLE","2026-09-26T02:57:14Z","refresh",6.42085206555041,22.5
"dst",2026,3,"yahoo","LV","2026-09-26T02:57:14Z","refresh",6.371053023422,23.25
"dst",2026,3,"yahoo","PIT","2026-09-26T02:57:14Z","refresh",6.14166230942654,23
"dst",2026,3,"yahoo","ATL","2026-09-26T02:57:14Z","refresh",5.95270903585938,23.75
"dst",2026,3,"yahoo","DEN","2026-09-26T02:57:14Z","refresh",5.85528702821574,23
"dst",2026,3,"yahoo","NE","2026-09-26T02:57:14Z","refresh",5.84109056050447,24.5
"dst",2026,3,"yahoo","WAS","2026-09-26T02:57:14Z","refresh",5.62102477513918,24
"dst",2026,3,"yahoo","BAL","2026-09-26T02:57:14Z","refresh",5.20132445046476,25
"dst",2026,3,"yahoo","NYJ","2026-09-26T02:57:14Z","refresh",4.72352523726967,27.25
"dst",2026,3,"yahoo","DAL","2026-09-26T02:57:14Z","refresh",4.13803062171426,28.5
"dst",2026,3,"yahoo","LAC","2026-09-26T02:57:14Z","refresh",3.98451849991897,28.5
"dst",2026,3,"yahoo","ARI","2026-09-26T02:57:14Z","refresh",3.85724668802164,28.25
"dst",2026,3,"yahoo","MIA","2026-09-26T02:57:14Z","refresh",3.71712774875737,28
"dst",2026,3,"ffpc","KC","2026-09-26T02:57:14Z","refresh",10.7890512918936,17.5
"dst",2026,3,"ffpc","SEA","2026-09-26T02:57:14Z","refresh",10.2102746444657,16
"dst",2026,3,"ffpc","NO","2026-09-26T02:57:14Z","refresh",9.53557422532866,20.25
"dst",2026,3,"ffpc","CAR","2026-09-26T02:57:14Z","refresh",9.51646316435021,20
"dst",2026,3,"ffpc","MIN","2026-09-26T02:57:14Z","refresh",9.00703137886559,20.5
"dst",2026,3,"ffpc","JAX","2026-09-26T02:57:14Z","refresh",8.98330649021055,21.5
"dst",2026,3,"ffpc","NYG","2026-09-26T02:57:14Z","refresh",8.96748942461128,17.75
"dst",2026,3,"ffpc","BUF","2026-09-26T02:57:14Z","refresh",8.95603219407019,21.5
"dst",2026,3,"ffpc","SF","2026-09-26T02:57:14Z","refresh",8.74730336520251,19.75
"dst",2026,3,"ffpc","GB","2026-09-26T02:57:14Z","refresh",8.65501759508849,19.25
"dst",2026,3,"ffpc","HOU","2026-09-26T02:57:14Z","refresh",8.63196743665053,20.5
"dst",2026,3,"ffpc","DET","2026-09-26T02:57:14Z","refresh",8.50277350889223,20.75
"dst",2026,3,"ffpc","LA","2026-09-26T02:57:14Z","refresh",8.14279467976081,21
"dst",2026,3,"ffpc","PHI","2026-09-26T02:57:14Z","refresh",8.10436894587219,18
"dst",2026,3,"ffpc","TEN","2026-09-26T02:57:14Z","refresh",7.81807040717689,20.25
"dst",2026,3,"ffpc","TB","2026-09-26T02:57:14Z","refresh",7.79021134304955,22
"dst",2026,3,"ffpc","CHI","2026-09-26T02:57:14Z","refresh",7.73011215521305,23
"dst",2026,3,"ffpc","PIT","2026-09-26T02:57:14Z","refresh",7.60972721766315,23
"dst",2026,3,"ffpc","LV","2026-09-26T02:57:14Z","refresh",7.56636302725686,23.25
"dst",2026,3,"ffpc","CIN","2026-09-26T02:57:14Z","refresh",7.56610834012792,19.5
"dst",2026,3,"ffpc","CLE","2026-09-26T02:57:14Z","refresh",7.45147738344253,22.5
"dst",2026,3,"ffpc","IND","2026-09-26T02:57:14Z","refresh",7.36747891157084,22
"dst",2026,3,"ffpc","NE","2026-09-26T02:57:14Z","refresh",6.98538154492271,24.5
"dst",2026,3,"ffpc","ATL","2026-09-26T02:57:14Z","refresh",6.92617501916846,23.75
"dst",2026,3,"ffpc","DEN","2026-09-26T02:57:14Z","refresh",6.44290272349711,23
"dst",2026,3,"ffpc","WAS","2026-09-26T02:57:14Z","refresh",6.29372818586997,24
"dst",2026,3,"ffpc","BAL","2026-09-26T02:57:14Z","refresh",5.47260262523933,25
"dst",2026,3,"ffpc","NYJ","2026-09-26T02:57:14Z","refresh",5.29660072092238,27.25
"dst",2026,3,"ffpc","LAC","2026-09-26T02:57:14Z","refresh",4.89579785402426,28.5
"dst",2026,3,"ffpc","DAL","2026-09-26T02:57:14Z","refresh",4.60444848806655,28.5
"dst",2026,3,"ffpc","MIA","2026-09-26T02:57:14Z","refresh",4.50736328526104,28
"dst",2026,3,"ffpc","ARI","2026-09-26T02:57:14Z","refresh",4.28017175061828,28.25
"k",2026,3,"espn","KC","2026-09-26T02:57:54Z","refresh",9.32877757339366,28
"k",2026,3,"espn","HOU","2026-09-26T02:57:54Z","refresh",9.26309845672902,22
"k",2026,3,"espn","DET","2026-09-26T02:57:54Z","refresh",9.0846919716404,27.25
"k",2026,3,"espn","NO","2026-09-26T02:57:54Z","refresh",9.10491374825534,23.25
"k",2026,3,"espn","DAL","2026-09-26T02:57:54Z","refresh",8.99593983473974,25
"k",2026,3,"espn","SF","2026-09-26T02:57:54Z","refresh",8.96061379263066,28.25
"k",2026,3,"espn","MIN","2026-09-26T02:57:54Z","refresh",8.81770866337738,22
"k",2026,3,"espn","SEA","2026-09-26T02:57:54Z","refresh",8.77803496329598,24
"k",2026,3,"espn","JAX","2026-09-26T02:57:54Z","refresh",8.65242554679993,24.5
"k",2026,3,"espn","TB","2026-09-26T02:57:54Z","refresh",8.66373725399493,20.5
"k",2026,3,"espn","CIN","2026-09-26T02:57:54Z","refresh",8.5258704069469,23
"k",2026,3,"espn","PHI","2026-09-26T02:57:54Z","refresh",8.54288110588615,23
"k",2026,3,"espn","BAL","2026-09-26T02:57:54Z","refresh",8.4167688660554,28.5
"k",2026,3,"espn","BUF","2026-09-26T02:57:54Z","refresh",8.28176836935148,28.5
"k",2026,3,"espn","LV","2026-09-26T02:57:54Z","refresh",8.26824735203254,20.25
"k",2026,3,"espn","IND","2026-09-26T02:57:54Z","refresh",8.26489547703149,20.5
"k",2026,3,"espn","NYJ","2026-09-26T02:57:54Z","refresh",8.21746326927289,20.75
"k",2026,3,"espn","LA","2026-09-26T02:57:54Z","refresh",7.92606978834341,23
"k",2026,3,"espn","GB","2026-09-26T02:57:54Z","refresh",7.982777162325,23.75
"k",2026,3,"espn","DEN","2026-09-26T02:57:54Z","refresh",7.94862739464656,21
"k",2026,3,"espn","PIT","2026-09-26T02:57:54Z","refresh",7.88492883342637,19.5
"k",2026,3,"espn","ATL","2026-09-26T02:57:54Z","refresh",7.69744680616329,19.25
"k",2026,3,"espn","NE","2026-09-26T02:57:54Z","refresh",7.59553326775097,21.5
"k",2026,3,"espn","CAR","2026-09-26T02:57:54Z","refresh",7.44150871906758,22.5
"k",2026,3,"espn","CHI","2026-09-26T02:57:54Z","refresh",7.36439514967076,18
"k",2026,3,"espn","LAC","2026-09-26T02:57:54Z","refresh",7.36482117360713,21.5
"k",2026,3,"espn","CLE","2026-09-26T02:57:54Z","refresh",7.30391899723399,20
"k",2026,3,"espn","NYG","2026-09-26T02:57:54Z","refresh",7.08650103785897,20.25
"k",2026,3,"espn","ARI","2026-09-26T02:57:54Z","refresh",7.09541488791576,19.75
"k",2026,3,"espn","TEN","2026-09-26T02:57:54Z","refresh",6.97696776935419,17.75
"k",2026,3,"espn","MIA","2026-09-26T02:57:54Z","refresh",6.86491338427638,17.5
"k",2026,3,"espn","WAS","2026-09-26T02:57:54Z","refresh",6.29383437411598,16
"k",2026,3,"dec","KC","2026-09-26T02:57:54Z","refresh",9.66046466679066,28
"k",2026,3,"dec","HOU","2026-09-26T02:57:54Z","refresh",9.70566433783486,22
"k",2026,3,"dec","DET","2026-09-26T02:57:54Z","refresh",9.46311160463238,27.25
"k",2026,3,"dec","NO","2026-09-26T02:57:54Z","refresh",9.52362732891298,23.25
"k",2026,3,"dec","DAL","2026-09-26T02:57:54Z","refresh",9.39869327325245,25
"k",2026,3,"dec","SF","2026-09-26T02:57:54Z","refresh",9.26487822073119,28.25
"k",2026,3,"dec","MIN","2026-09-26T02:57:54Z","refresh",9.18917851174725,22
"k",2026,3,"dec","SEA","2026-09-26T02:57:54Z","refresh",9.13020010468736,24
"k",2026,3,"dec","JAX","2026-09-26T02:57:54Z","refresh",8.99245905086478,24.5
"k",2026,3,"dec","TB","2026-09-26T02:57:54Z","refresh",9.0713929705028,20.5
"k",2026,3,"dec","CIN","2026-09-26T02:57:54Z","refresh",8.89395837941,23
"k",2026,3,"dec","PHI","2026-09-26T02:57:54Z","refresh",8.93187240671304,23
"k",2026,3,"dec","BAL","2026-09-26T02:57:54Z","refresh",8.68744849241124,28.5
"k",2026,3,"dec","BUF","2026-09-26T02:57:54Z","refresh",8.59655497619324,28.5
"k",2026,3,"dec","LV","2026-09-26T02:57:54Z","refresh",8.69552272274242,20.25
"k",2026,3,"dec","IND","2026-09-26T02:57:54Z","refresh",8.64673014227999,20.5
"k",2026,3,"dec","NYJ","2026-09-26T02:57:54Z","refresh",8.62960193507019,20.75
"k",2026,3,"dec","LA","2026-09-26T02:57:54Z","refresh",8.21321161251638,23
"k",2026,3,"dec","GB","2026-09-26T02:57:54Z","refresh",8.31091120528665,23.75
"k",2026,3,"dec","DEN","2026-09-26T02:57:54Z","refresh",8.29671347199582,21
"k",2026,3,"dec","PIT","2026-09-26T02:57:54Z","refresh",8.28025628459672,19.5
"k",2026,3,"dec","ATL","2026-09-26T02:57:54Z","refresh",8.09250872955201,19.25
"k",2026,3,"dec","NE","2026-09-26T02:57:54Z","refresh",7.91830144445363,21.5
"k",2026,3,"dec","CAR","2026-09-26T02:57:54Z","refresh",7.74923588217641,22.5
"k",2026,3,"dec","CHI","2026-09-26T02:57:54Z","refresh",7.76760327341666,18
"k",2026,3,"dec","LAC","2026-09-26T02:57:54Z","refresh",7.68583680660298,21.5
"k",2026,3,"dec","CLE","2026-09-26T02:57:54Z","refresh",7.61999085941381,20
"k",2026,3,"dec","NYG","2026-09-26T02:57:54Z","refresh",7.38763038416147,20.25
"k",2026,3,"dec","ARI","2026-09-26T02:57:54Z","refresh",7.4038196398049,19.75
"k",2026,3,"dec","TEN","2026-09-26T02:57:54Z","refresh",7.33939446428564,17.75
"k",2026,3,"dec","MIA","2026-09-26T02:57:54Z","refresh",7.19416311718885,17.5
"k",2026,3,"dec","WAS","2026-09-26T02:57:54Z","refresh",6.63366370037586,16
"dst",2026,3,"espn","KC","2026-09-26T17:36:07Z","refresh",9.87892496486249,17.25
"dst",2026,3,"espn","SEA","2026-09-26T17:36:07Z","refresh",9.10528106402036,16
"dst",2026,3,"espn","NO","2026-09-26T17:36:07Z","refresh",8.60294053014129,20.25
"dst",2026,3,"espn","CAR","2026-09-26T17:36:07Z","refresh",8.20587138674057,20.25
"dst",2026,3,"espn","MIN","2026-09-26T17:36:07Z","refresh",7.87011336856308,20.5
"dst",2026,3,"espn","NYG","2026-09-26T17:36:07Z","refresh",7.8110155665795,17.75
"dst",2026,3,"espn","GB","2026-09-26T17:36:07Z","refresh",7.5671314336667,19.25
"dst",2026,3,"espn","SF","2026-09-26T17:36:07Z","refresh",7.54731921443135,19.75
"dst",2026,3,"espn","JAX","2026-09-26T17:36:07Z","refresh",7.53741360467508,21.5
"dst",2026,3,"espn","HOU","2026-09-26T17:36:07Z","refresh",7.48717199568386,20.5
"dst",2026,3,"espn","BUF","2026-09-26T17:36:07Z","refresh",6.89437802833365,21.5
"dst",2026,3,"espn","LA","2026-09-26T17:36:07Z","refresh",6.50391779693991,21
"dst",2026,3,"espn","DET","2026-09-26T17:36:07Z","refresh",6.42595103997557,20.75
"dst",2026,3,"espn","CHI","2026-09-26T17:36:07Z","refresh",6.19379897330978,22.75
"dst",2026,3,"espn","CIN","2026-09-26T17:36:07Z","refresh",6.17462866462305,19.5
"dst",2026,3,"espn","PHI","2026-09-26T17:36:07Z","refresh",6.16547387965759,19.25
"dst",2026,3,"espn","LV","2026-09-26T17:36:07Z","refresh",6.16289499946965,23.25
"dst",2026,3,"espn","TEN","2026-09-26T17:36:07Z","refresh",6.15237102999365,20.25
"dst",2026,3,"espn","TB","2026-09-26T17:36:07Z","refresh",6.11728255503598,22
"dst",2026,3,"espn","PIT","2026-09-26T17:36:07Z","refresh",6.00074970663156,23
"dst",2026,3,"espn","CLE","2026-09-26T17:36:07Z","refresh",5.44846872039573,22.25
"dst",2026,3,"espn","NE","2026-09-26T17:36:07Z","refresh",5.26949772907199,24.5
"dst",2026,3,"espn","ATL","2026-09-26T17:36:07Z","refresh",5.23514670495356,23.75
"dst",2026,3,"espn","IND","2026-09-26T17:36:07Z","refresh",5.1609240725978,22
"dst",2026,3,"espn","WAS","2026-09-26T17:36:07Z","refresh",4.36052454828543,24
"dst",2026,3,"espn","DEN","2026-09-26T17:36:07Z","refresh",4.16502760804155,23
"dst",2026,3,"espn","BAL","2026-09-26T17:36:07Z","refresh",3.18617998402706,25
"dst",2026,3,"espn","NYJ","2026-09-26T17:36:07Z","refresh",3.12734845400743,27.25
"dst",2026,3,"espn","LAC","2026-09-26T17:36:07Z","refresh",2.2934503149721,28.5
"dst",2026,3,"espn","MIA","2026-09-26T17:36:07Z","refresh",2.10403715996951,27.75
"dst",2026,3,"espn","ARI","2026-09-26T17:36:07Z","refresh",1.57745551019982,28.25
"dst",2026,3,"espn","DAL","2026-09-26T17:36:07Z","refresh",1.25522659001827,28.5
"dst",2026,3,"yahoo","KC","2026-09-26T17:36:07Z","refresh",9.64283570718799,17.25
"dst",2026,3,"yahoo","SEA","2026-09-26T17:36:07Z","refresh",8.60407509716225,16
"dst",2026,3,"yahoo","NO","2026-09-26T17:36:07Z","refresh",8.25909643110629,20.25
"dst",2026,3,"yahoo","CAR","2026-09-26T17:36:07Z","refresh",8.25782881660805,20.25
"dst",2026,3,"yahoo","NYG","2026-09-26T17:36:07Z","refresh",8.12425815471515,17.75
"dst",2026,3,"yahoo","BUF","2026-09-26T17:36:07Z","refresh",7.92272213255862,21.5
"dst",2026,3,"yahoo","DET","2026-09-26T17:36:07Z","refresh",7.81962534582325,20.75
"dst",2026,3,"yahoo","HOU","2026-09-26T17:36:07Z","refresh",7.64933117976633,20.5
"dst",2026,3,"yahoo","JAX","2026-09-26T17:36:07Z","refresh",7.50279735888208,21.5
"dst",2026,3,"yahoo","GB","2026-09-26T17:36:07Z","refresh",7.50028478919327,19.25
"dst",2026,3,"yahoo","MIN","2026-09-26T17:36:07Z","refresh",7.43589876833931,20.5
"dst",2026,3,"yahoo","SF","2026-09-26T17:36:07Z","refresh",7.36629462520186,19.75
"dst",2026,3,"yahoo","TB","2026-09-26T17:36:07Z","refresh",7.10397139208011,22
"dst",2026,3,"yahoo","LA","2026-09-26T17:36:07Z","refresh",6.89652140948047,21
"dst",2026,3,"yahoo","IND","2026-09-26T17:36:07Z","refresh",6.85115230337717,22
"dst",2026,3,"yahoo","CIN","2026-09-26T17:36:07Z","refresh",6.80965917590572,19.5
"dst",2026,3,"yahoo","PHI","2026-09-26T17:36:07Z","refresh",6.76633519209981,19.25
"dst",2026,3,"yahoo","CHI","2026-09-26T17:36:07Z","refresh",6.63252990461948,22.75
"dst",2026,3,"yahoo","CLE","2026-09-26T17:36:07Z","refresh",6.50694086368684,22.25
"dst",2026,3,"yahoo","TEN","2026-09-26T17:36:07Z","refresh",6.4857459994725,20.25
"dst",2026,3,"yahoo","LV","2026-09-26T17:36:07Z","refresh",6.371053023422,23.25
"dst",2026,3,"yahoo","PIT","2026-09-26T17:36:07Z","refresh",6.14166230942654,23
"dst",2026,3,"yahoo","ATL","2026-09-26T17:36:07Z","refresh",5.95270903585938,23.75
"dst",2026,3,"yahoo","DEN","2026-09-26T17:36:07Z","refresh",5.85528702821574,23
"dst",2026,3,"yahoo","NE","2026-09-26T17:36:07Z","refresh",5.84109056050447,24.5
"dst",2026,3,"yahoo","WAS","2026-09-26T17:36:07Z","refresh",5.62102477513918,24
"dst",2026,3,"yahoo","BAL","2026-09-26T17:36:07Z","refresh",5.20132445046476,25
"dst",2026,3,"yahoo","NYJ","2026-09-26T17:36:07Z","refresh",4.72352523726967,27.25
"dst",2026,3,"yahoo","DAL","2026-09-26T17:36:07Z","refresh",4.13803062171426,28.5
"dst",2026,3,"yahoo","LAC","2026-09-26T17:36:07Z","refresh",3.98451849991897,28.5
"dst",2026,3,"yahoo","ARI","2026-09-26T17:36:07Z","refresh",3.85724668802164,28.25
"dst",2026,3,"yahoo","MIA","2026-09-26T17:36:07Z","refresh",3.77562922953713,27.75
"dst",2026,3,"ffpc","KC","2026-09-26T17:36:07Z","refresh",10.8435843368816,17.25
"dst",2026,3,"ffpc","SEA","2026-09-26T17:36:07Z","refresh",10.2102746444657,16
"dst",2026,3,"ffpc","NO","2026-09-26T17:36:07Z","refresh",9.53557422532866,20.25
"dst",2026,3,"ffpc","CAR","2026-09-26T17:36:07Z","refresh",9.43291143336905,20.25
"dst",2026,3,"ffpc","MIN","2026-09-26T17:36:07Z","refresh",9.00703137886559,20.5
"dst",2026,3,"ffpc","JAX","2026-09-26T17:36:07Z","refresh",8.98330649021055,21.5
"dst",2026,3,"ffpc","NYG","2026-09-26T17:36:07Z","refresh",8.96748942461128,17.75
"dst",2026,3,"ffpc","BUF","2026-09-26T17:36:07Z","refresh",8.95603219407019,21.5
"dst",2026,3,"ffpc","SF","2026-09-26T17:36:07Z","refresh",8.74730336520251,19.75
"dst",2026,3,"ffpc","GB","2026-09-26T17:36:07Z","refresh",8.65501759508849,19.25
"dst",2026,3,"ffpc","HOU","2026-09-26T17:36:07Z","refresh",8.63196743665053,20.5
"dst",2026,3,"ffpc","DET","2026-09-26T17:36:07Z","refresh",8.50277350889223,20.75
"dst",2026,3,"ffpc","LA","2026-09-26T17:36:07Z","refresh",8.14279467976081,21
"dst",2026,3,"ffpc","CHI","2026-09-26T17:36:07Z","refresh",7.87142923362049,22.75
"dst",2026,3,"ffpc","TEN","2026-09-26T17:36:07Z","refresh",7.81807040717689,20.25
"dst",2026,3,"ffpc","TB","2026-09-26T17:36:07Z","refresh",7.79021134304955,22
"dst",2026,3,"ffpc","PHI","2026-09-26T17:36:07Z","refresh",7.75477250507869,19.25
"dst",2026,3,"ffpc","PIT","2026-09-26T17:36:07Z","refresh",7.60972721766315,23
"dst",2026,3,"ffpc","LV","2026-09-26T17:36:07Z","refresh",7.56636302725686,23.25
"dst",2026,3,"ffpc","CIN","2026-09-26T17:36:07Z","refresh",7.56610834012792,19.5
"dst",2026,3,"ffpc","CLE","2026-09-26T17:36:07Z","refresh",7.53424771307668,22.25
"dst",2026,3,"ffpc","IND","2026-09-26T17:36:07Z","refresh",7.36747891157084,22
"dst",2026,3,"ffpc","NE","2026-09-26T17:36:07Z","refresh",6.98538154492271,24.5
"dst",2026,3,"ffpc","ATL","2026-09-26T17:36:07Z","refresh",6.92617501916846,23.75
"dst",2026,3,"ffpc","DEN","2026-09-26T17:36:07Z","refresh",6.44290272349711,23
"dst",2026,3,"ffpc","WAS","2026-09-26T17:36:07Z","refresh",6.29372818586997,24
"dst",2026,3,"ffpc","BAL","2026-09-26T17:36:07Z","refresh",5.47260262523933,25
"dst",2026,3,"ffpc","NYJ","2026-09-26T17:36:07Z","refresh",5.29660072092238,27.25
"dst",2026,3,"ffpc","LAC","2026-09-26T17:36:07Z","refresh",4.89579785402426,28.5
"dst",2026,3,"ffpc","DAL","2026-09-26T17:36:07Z","refresh",4.60444848806655,28.5
"dst",2026,3,"ffpc","MIA","2026-09-26T17:36:07Z","refresh",4.55965447132143,27.75
"dst",2026,3,"ffpc","ARI","2026-09-26T17:36:07Z","refresh",4.28017175061828,28.25
"k",2026,3,"espn","KC","2026-09-26T17:36:45Z","refresh",9.30674685460629,27.75
"k",2026,3,"espn","HOU","2026-09-26T17:36:45Z","refresh",9.26309845672902,22
"k",2026,3,"espn","DET","2026-09-26T17:36:45Z","refresh",9.0846919716404,27.25
"k",2026,3,"espn","NO","2026-09-26T17:36:45Z","refresh",9.10491374825534,23.25
"k",2026,3,"espn","DAL","2026-09-26T17:36:45Z","refresh",9.05743001805526,25
"k",2026,3,"espn","SF","2026-09-26T17:36:45Z","refresh",8.95896058024138,28.25
"k",2026,3,"espn","MIN","2026-09-26T17:36:45Z","refresh",8.8719424936602,22
"k",2026,3,"espn","SEA","2026-09-26T17:36:45Z","refresh",8.67588953680232,24
"k",2026,3,"espn","JAX","2026-09-26T17:36:45Z","refresh",8.75565583251366,24.5
"k",2026,3,"espn","TB","2026-09-26T17:36:45Z","refresh",8.71838991762554,20.5
"k",2026,3,"espn","CIN","2026-09-26T17:36:45Z","refresh",8.52669701314154,23
"k",2026,3,"espn","PHI","2026-09-26T17:36:45Z","refresh",8.42482802360446,22.75
"k",2026,3,"espn","BAL","2026-09-26T17:36:45Z","refresh",8.46891251922725,28.5
"k",2026,3,"espn","BUF","2026-09-26T17:36:45Z","refresh",8.33457326117721,28.5
"k",2026,3,"espn","LV","2026-09-26T17:36:45Z","refresh",8.26824735203254,20.25
"k",2026,3,"espn","IND","2026-09-26T17:36:45Z","refresh",8.26489547703149,20.5
"k",2026,3,"espn","NYJ","2026-09-26T17:36:45Z","refresh",8.21746326927289,20.75
"k",2026,3,"espn","LA","2026-09-26T17:36:45Z","refresh",7.97548114375858,23
"k",2026,3,"espn","GB","2026-09-26T17:36:45Z","refresh",7.982777162325,23.75
"k",2026,3,"espn","DEN","2026-09-26T17:36:45Z","refresh",7.99823293769181,21
"k",2026,3,"espn","PIT","2026-09-26T17:36:45Z","refresh",7.88575543962101,19.5
"k",2026,3,"espn","ATL","2026-09-26T17:36:45Z","refresh",7.69744680616329,19.25
"k",2026,3,"espn","NE","2026-09-26T17:36:45Z","refresh",7.69290910441937,21.5
"k",2026,3,"espn","CAR","2026-09-26T17:36:45Z","refresh",7.48279111709694,22.25
"k",2026,3,"espn","CHI","2026-09-26T17:36:45Z","refresh",7.53401379080657,19.25
"k",2026,3,"espn","LAC","2026-09-26T17:36:45Z","refresh",7.41670444022893,21.5
"k",2026,3,"espn","CLE","2026-09-26T17:36:45Z","refresh",7.4439928928455,20.25
"k",2026,3,"espn","NYG","2026-09-26T17:36:45Z","refresh",7.17785768691239,20.25
"k",2026,3,"espn","ARI","2026-09-26T17:36:45Z","refresh",7.09376167552648,19.75
"k",2026,3,"espn","TEN","2026-09-26T17:36:45Z","refresh",7.06879211382334,17.75
"k",2026,3,"espn","MIA","2026-09-26T17:36:45Z","refresh",6.85005123043876,17.25
"k",2026,3,"espn","WAS","2026-09-26T17:36:45Z","refresh",6.20548645082925,16
"k",2026,3,"dec","KC","2026-09-26T17:36:45Z","refresh",9.64003769073478,27.75
"k",2026,3,"dec","HOU","2026-09-26T17:36:45Z","refresh",9.70566433783486,22
"k",2026,3,"dec","DET","2026-09-26T17:36:45Z","refresh",9.46311160463238,27.25
"k",2026,3,"dec","NO","2026-09-26T17:36:45Z","refresh",9.52362732891298,23.25
"k",2026,3,"dec","DAL","2026-09-26T17:36:45Z","refresh",9.46268571036832,25
"k",2026,3,"dec","SF","2026-09-26T17:36:45Z","refresh",9.26302486246544,28.25
"k",2026,3,"dec","MIN","2026-09-26T17:36:45Z","refresh",9.24541419598219,22
"k",2026,3,"dec","SEA","2026-09-26T17:36:45Z","refresh",9.02469165821867,24
"k",2026,3,"dec","JAX","2026-09-26T17:36:45Z","refresh",9.09912453636051,24.5
"k",2026,3,"dec","TB","2026-09-26T17:36:45Z","refresh",9.12810796329296,20.5
"k",2026,3,"dec","CIN","2026-09-26T17:36:45Z","refresh",8.89488505854287,23
"k",2026,3,"dec","PHI","2026-09-26T17:36:45Z","refresh",8.81308547361848,22.75
"k",2026,3,"dec","BAL","2026-09-26T17:36:45Z","refresh",8.74127460243472,28.5
"k",2026,3,"dec","BUF","2026-09-26T17:36:45Z","refresh",8.65117044198213,28.5
"k",2026,3,"dec","LV","2026-09-26T17:36:45Z","refresh",8.69552272274242,20.25
"k",2026,3,"dec","IND","2026-09-26T17:36:45Z","refresh",8.64673014227999,20.5
"k",2026,3,"dec","NYJ","2026-09-26T17:36:45Z","refresh",8.62960193507019,20.75
"k",2026,3,"dec","LA","2026-09-26T17:36:45Z","refresh",8.26426258989382,23
"k",2026,3,"dec","GB","2026-09-26T17:36:45Z","refresh",8.31091120528665,23.75
"k",2026,3,"dec","DEN","2026-09-26T17:36:45Z","refresh",8.34803270183065,21
"k",2026,3,"dec","PIT","2026-09-26T17:36:45Z","refresh",8.28118296372959,19.5
"k",2026,3,"dec","ATL","2026-09-26T17:36:45Z","refresh",8.09250872955201,19.25
"k",2026,3,"dec","NE","2026-09-26T17:36:45Z","refresh",8.01898692102801,21.5
"k",2026,3,"dec","CAR","2026-09-26T17:36:45Z","refresh",7.7942166003457,22.25
"k",2026,3,"dec","CHI","2026-09-26T17:36:45Z","refresh",7.93201698328546,19.25
"k",2026,3,"dec","LAC","2026-09-26T17:36:45Z","refresh",7.73978518513351,21.5
"k",2026,3,"dec","CLE","2026-09-26T17:36:45Z","refresh",7.76245001575464,20.25
"k",2026,3,"dec","NYG","2026-09-26T17:36:45Z","refresh",7.48203479995076,20.25
"k",2026,3,"dec","ARI","2026-09-26T17:36:45Z","refresh",7.40196628153916,19.75
"k",2026,3,"dec","TEN","2026-09-26T17:36:45Z","refresh",7.43444634410393,17.75
"k",2026,3,"dec","MIA","2026-09-26T17:36:45Z","refresh",7.18069083177235,17.25
"k",2026,3,"dec","WAS","2026-09-26T17:36:45Z","refresh",6.54223617888966,16
"dst",2026,3,"espn","KC","2026-09-27T16:16:47Z","refresh",9.76625937377507,17.5
"dst",2026,3,"espn","SEA","2026-09-27T16:16:47Z","refresh",9.21149171698871,15.75
"dst",2026,3,"espn","NO","2026-09-27T16:16:47Z","refresh",8.70970989885983,20
"dst",2026,3,"espn","CAR","2026-09-27T16:16:47Z","refresh",8.39393071729929,19.75
"dst",2026,3,"espn","NYG","2026-09-27T16:16:47Z","refresh",7.90356278970981,17.5
"dst",2026,3,"espn","MIN","2026-09-27T16:16:47Z","refresh",7.75971604183251,20.75
"dst",2026,3,"espn","GB","2026-09-27T16:16:47Z","refresh",7.56548301750651,19.25
"dst",2026,3,"espn","JAX","2026-09-27T16:16:47Z","refresh",7.53566987891659,21.5
"dst",2026,3,"espn","HOU","2026-09-27T16:16:47Z","refresh",7.48548883228806,20.5
"dst",2026,3,"espn","SF","2026-09-27T16:16:47Z","refresh",7.32869494891783,20.25
"dst",2026,3,"espn","BUF","2026-09-27T16:16:47Z","refresh",6.89287672319102,21.5
"dst",2026,3,"espn","PHI","2026-09-27T16:16:47Z","refresh",6.64238366412774,19.25
"dst",2026,3,"espn","LA","2026-09-27T16:16:47Z","refresh",6.39518787710468,21.25
"dst",2026,3,"espn","DET","2026-09-27T16:16:47Z","refresh",6.25045100501933,21.25
"dst",2026,3,"espn","TEN","2026-09-27T16:16:47Z","refresh",6.24424113486677,20
"dst",2026,3,"espn","TB","2026-09-27T16:16:47Z","refresh",6.2216993290792,21.75
"dst",2026,3,"espn","CHI","2026-09-27T16:16:47Z","refresh",6.19225307248392,22.75
"dst",2026,3,"espn","PIT","2026-09-27T16:16:47Z","refresh",6.10653325216365,22.75
"dst",2026,3,"espn","CIN","2026-09-27T16:16:47Z","refresh",6.06666068380698,19.75
"dst",2026,3,"espn","LV","2026-09-27T16:16:47Z","refresh",6.05313651454886,23.5
"dst",2026,3,"espn","CLE","2026-09-27T16:16:47Z","refresh",5.63444765886412,21.75
"dst",2026,3,"espn","NE","2026-09-27T16:16:47Z","refresh",5.26782178270384,24.5
"dst",2026,3,"espn","ATL","2026-09-27T16:16:47Z","refresh",5.23355762220745,23.75
"dst",2026,3,"espn","IND","2026-09-27T16:16:47Z","refresh",5.15948306746686,22
"dst",2026,3,"espn","DEN","2026-09-27T16:16:47Z","refresh",4.26915187787978,22.75
"dst",2026,3,"espn","WAS","2026-09-27T16:16:47Z","refresh",4.25352046464536,24.25
"dst",2026,3,"espn","BAL","2026-09-27T16:16:47Z","refresh",3.07888309554383,25.25
"dst",2026,3,"espn","NYJ","2026-09-27T16:16:47Z","refresh",2.7401508368899,28.25
"dst",2026,3,"espn","LAC","2026-09-27T16:16:47Z","refresh",2.29164996935113,28.5
"dst",2026,3,"espn","MIA","2026-09-27T16:16:47Z","refresh",2.20720051692679,27.5
"dst",2026,3,"espn","ARI","2026-09-27T16:16:47Z","refresh",1.78512167860876,27.75
"dst",2026,3,"espn","DAL","2026-09-27T16:16:47Z","refresh",1.35913439900444,28.25
"dst",2026,3,"yahoo","KC","2026-09-27T16:16:47Z","refresh",9.55756591544237,17.5
"dst",2026,3,"yahoo","SEA","2026-09-27T16:16:47Z","refresh",8.69098290168949,15.75
"dst",2026,3,"yahoo","CAR","2026-09-27T16:16:47Z","refresh",8.37565078455838,19.75
"dst",2026,3,"yahoo","NO","2026-09-27T16:16:47Z","refresh",8.34600423563353,20
"dst",2026,3,"yahoo","NYG","2026-09-27T16:16:47Z","refresh",8.18357864188572,17.5
"dst",2026,3,"yahoo","BUF","2026-09-27T16:16:47Z","refresh",7.92354113894943,21.5
"dst",2026,3,"yahoo","DET","2026-09-27T16:16:47Z","refresh",7.73102870801121,21.25
"dst",2026,3,"yahoo","HOU","2026-09-27T16:16:47Z","refresh",7.65015018615714,20.5
"dst",2026,3,"yahoo","JAX","2026-09-27T16:16:47Z","refresh",7.50361636527288,21.5
"dst",2026,3,"yahoo","GB","2026-09-27T16:16:47Z","refresh",7.50110379558407,19.25
"dst",2026,3,"yahoo","MIN","2026-09-27T16:16:47Z","refresh",7.35062897659368,20.75
"dst",2026,3,"yahoo","SF","2026-09-27T16:16:47Z","refresh",7.1949360353198,20.25
"dst",2026,3,"yahoo","TB","2026-09-27T16:16:47Z","refresh",7.19087919660735,21.75
"dst",2026,3,"yahoo","PHI","2026-09-27T16:16:47Z","refresh",7.14699342950592,19.25
"dst",2026,3,"yahoo","IND","2026-09-27T16:16:47Z","refresh",6.85197130976797,22
"dst",2026,3,"yahoo","LA","2026-09-27T16:16:47Z","refresh",6.81125161773485,21.25
"dst",2026,3,"yahoo","CIN","2026-09-27T16:16:47Z","refresh",6.7243893841601,19.75
"dst",2026,3,"yahoo","CHI","2026-09-27T16:16:47Z","refresh",6.63334891101029,22.75
"dst",2026,3,"yahoo","CLE","2026-09-27T16:16:47Z","refresh",6.62476283163717,21.75
"dst",2026,3,"yahoo","TEN","2026-09-27T16:16:47Z","refresh",6.54506648664307,20
"dst",2026,3,"yahoo","LV","2026-09-27T16:16:47Z","refresh",6.28578323167638,23.5
"dst",2026,3,"yahoo","PIT","2026-09-27T16:16:47Z","refresh",6.22857011395378,22.75
"dst",2026,3,"yahoo","ATL","2026-09-27T16:16:47Z","refresh",5.95352804225019,23.75
"dst",2026,3,"yahoo","DEN","2026-09-27T16:16:47Z","refresh",5.94219483274298,22.75
"dst",2026,3,"yahoo","NE","2026-09-27T16:16:47Z","refresh",5.84190956689527,24.5
"dst",2026,3,"yahoo","WAS","2026-09-27T16:16:47Z","refresh",5.53575498339355,24.25
"dst",2026,3,"yahoo","BAL","2026-09-27T16:16:47Z","refresh",5.11605465871914,25.25
"dst",2026,3,"yahoo","NYJ","2026-09-27T16:16:47Z","refresh",4.46275100318476,28.25
"dst",2026,3,"yahoo","DAL","2026-09-27T16:16:47Z","refresh",4.2249384262415,28.25
"dst",2026,3,"yahoo","ARI","2026-09-27T16:16:47Z","refresh",4.03024329068531,27.75
"dst",2026,3,"yahoo","LAC","2026-09-27T16:16:47Z","refresh",3.98533750630978,28.5
"dst",2026,3,"yahoo","MIA","2026-09-27T16:16:47Z","refresh",3.86253703406437,27.5
"dst",2026,3,"ffpc","KC","2026-09-27T16:16:47Z","refresh",10.7554846476736,17.5
"dst",2026,3,"ffpc","SEA","2026-09-27T16:16:47Z","refresh",10.2918002107457,15.75
"dst",2026,3,"ffpc","NO","2026-09-27T16:16:47Z","refresh",9.6168356384714,20
"dst",2026,3,"ffpc","CAR","2026-09-27T16:16:47Z","refresh",9.53853998796123,19.75
"dst",2026,3,"ffpc","NYG","2026-09-27T16:16:47Z","refresh",9.01902247912191,17.5
"dst",2026,3,"ffpc","JAX","2026-09-27T16:16:47Z","refresh",8.98101058594924,21.5
"dst",2026,3,"ffpc","BUF","2026-09-27T16:16:47Z","refresh",8.95400777390631,21.5
"dst",2026,3,"ffpc","MIN","2026-09-27T16:16:47Z","refresh",8.9211652984235,20.75
"dst",2026,3,"ffpc","GB","2026-09-27T16:16:47Z","refresh",8.6528433506331,19.25
"dst",2026,3,"ffpc","HOU","2026-09-27T16:16:47Z","refresh",8.62960960534141,20.5
"dst",2026,3,"ffpc","SF","2026-09-27T16:16:47Z","refresh",8.57793579141571,20.25
"dst",2026,3,"ffpc","DET","2026-09-27T16:16:47Z","refresh",8.42417010669163,21.25
"dst",2026,3,"ffpc","PHI","2026-09-27T16:16:47Z","refresh",8.28906611230748,19.25
"dst",2026,3,"ffpc","LA","2026-09-27T16:16:47Z","refresh",8.05799346503864,21.25
"dst",2026,3,"ffpc","TB","2026-09-27T16:16:47Z","refresh",7.86991421498017,21.75
"dst",2026,3,"ffpc","CHI","2026-09-27T16:16:47Z","refresh",7.8693342928637,22.75
"dst",2026,3,"ffpc","TEN","2026-09-27T16:16:47Z","refresh",7.86880494716528,20
"dst",2026,3,"ffpc","PIT","2026-09-27T16:16:47Z","refresh",7.69025115281219,22.75
"dst",2026,3,"ffpc","CLE","2026-09-27T16:16:47Z","refresh",7.63847059715347,21.75
"dst",2026,3,"ffpc","CIN","2026-09-27T16:16:47Z","refresh",7.4822202063417,19.75
"dst",2026,3,"ffpc","LV","2026-09-27T16:16:47Z","refresh",7.4811804639341,23.5
"dst",2026,3,"ffpc","IND","2026-09-27T16:16:47Z","refresh",7.36544427208803,22
"dst",2026,3,"ffpc","NE","2026-09-27T16:16:47Z","refresh",6.98315031124289,24.5
"dst",2026,3,"ffpc","ATL","2026-09-27T16:16:47Z","refresh",6.92401762091051,23.75
"dst",2026,3,"ffpc","DEN","2026-09-27T16:16:47Z","refresh",6.52219078106847,22.75
"dst",2026,3,"ffpc","WAS","2026-09-27T16:16:47Z","refresh",6.21070628289406,24.25
"dst",2026,3,"ffpc","BAL","2026-09-27T16:16:47Z","refresh",5.38946106156169,25.25
"dst",2026,3,"ffpc","NYJ","2026-09-27T16:16:47Z","refresh",5.05486198192824,28.25
"dst",2026,3,"ffpc","LAC","2026-09-27T16:16:47Z","refresh",4.89345170666073,28.5
"dst",2026,3,"ffpc","DAL","2026-09-27T16:16:47Z","refresh",4.68360294757165,28.25
"dst",2026,3,"ffpc","MIA","2026-09-27T16:16:47Z","refresh",4.63793270910291,27.5
"dst",2026,3,"ffpc","ARI","2026-09-27T16:16:47Z","refresh",4.43852374505296,27.75
"k",2026,3,"espn","KC","2026-09-27T16:18:26Z","refresh",9.25118360038487,27.5
"k",2026,3,"espn","HOU","2026-09-27T16:18:26Z","refresh",9.26309845672902,22
"k",2026,3,"espn","DET","2026-09-27T16:18:26Z","refresh",9.21229213015543,28.25
"k",2026,3,"espn","NO","2026-09-27T16:18:26Z","refresh",9.15455162369698,23.5
"k",2026,3,"espn","DAL","2026-09-27T16:18:26Z","refresh",9.04579580742198,25.25
"k",2026,3,"espn","SF","2026-09-27T16:18:26Z","refresh",8.95095392513175,27.75
"k",2026,3,"espn","MIN","2026-09-27T16:18:26Z","refresh",8.71555506271526,21.75
"k",2026,3,"espn","SEA","2026-09-27T16:18:26Z","refresh",8.77519336770005,24.25
"k",2026,3,"espn","JAX","2026-09-27T16:18:26Z","refresh",8.49794443547983,24.5
"k",2026,3,"espn","TB","2026-09-27T16:18:26Z","refresh",8.65574436900086,20.75
"k",2026,3,"espn","CIN","2026-09-27T16:18:26Z","refresh",8.47799112356493,22.75
"k",2026,3,"espn","PHI","2026-09-27T16:18:26Z","refresh",8.42234820502054,22.75
"k",2026,3,"espn","BAL","2026-09-27T16:18:26Z","refresh",8.36135411640005,28.25
"k",2026,3,"espn","BUF","2026-09-27T16:18:26Z","refresh",8.38753928959627,28.5
"k",2026,3,"espn","LV","2026-09-27T16:18:26Z","refresh",8.22205563553212,20
"k",2026,3,"espn","IND","2026-09-27T16:18:26Z","refresh",8.26489547703149,20.5
"k",2026,3,"espn","NYJ","2026-09-27T16:18:26Z","refresh",8.2205275700451,21.25
"k",2026,3,"espn","LA","2026-09-27T16:18:26Z","refresh",7.97562968912279,22.75
"k",2026,3,"espn","GB","2026-09-27T16:18:26Z","refresh",7.982777162325,23.75
"k",2026,3,"espn","DEN","2026-09-27T16:18:26Z","refresh",8.09747738956383,21.25
"k",2026,3,"espn","PIT","2026-09-27T16:18:26Z","refresh",7.93095904749382,19.75
"k",2026,3,"espn","ATL","2026-09-27T16:18:26Z","refresh",7.69744680616329,19.25
"k",2026,3,"espn","NE","2026-09-27T16:18:26Z","refresh",7.44973265584378,21.5
"k",2026,3,"espn","CAR","2026-09-27T16:18:26Z","refresh",7.45053695060952,21.75
"k",2026,3,"espn","CHI","2026-09-27T16:18:26Z","refresh",7.53153397222266,19.25
"k",2026,3,"espn","LAC","2026-09-27T16:18:26Z","refresh",7.46874428609117,21.5
"k",2026,3,"espn","CLE","2026-09-27T16:18:26Z","refresh",7.41500088460859,19.75
"k",2026,3,"espn","NYG","2026-09-27T16:18:26Z","refresh",7.39464175959722,20
"k",2026,3,"espn","ARI","2026-09-27T16:18:26Z","refresh",7.28364973678387,20.25
"k",2026,3,"espn","TEN","2026-09-27T16:18:26Z","refresh",7.28843567424197,17.5
"k",2026,3,"espn","MIA","2026-09-27T16:18:26Z","refresh",6.89619277475352,17.5
"k",2026,3,"espn","WAS","2026-09-27T16:18:26Z","refresh",6.20274930556539,15.75
"k",2026,3,"dec","KC","2026-09-27T16:18:26Z","refresh",9.58573832951808,27.5
"k",2026,3,"dec","HOU","2026-09-27T16:18:26Z","refresh",9.70566433783486,22
"k",2026,3,"dec","DET","2026-09-27T16:18:26Z","refresh",9.58530891261342,28.25
"k",2026,3,"dec","NO","2026-09-27T16:18:26Z","refresh",9.57221315834185,23.5
"k",2026,3,"dec","DAL","2026-09-27T16:18:26Z","refresh",9.44762454816846,25.25
"k",2026,3,"dec","SF","2026-09-27T16:18:26Z","refresh",9.26050040924892,27.75
"k",2026,3,"dec","MIN","2026-09-27T16:18:26Z","refresh",9.08610071236346,21.75
"k",2026,3,"dec","SEA","2026-09-27T16:18:26Z","refresh",9.12416978044754,24.25
"k",2026,3,"dec","JAX","2026-09-27T16:18:26Z","refresh",8.83276618100747,24.5
"k",2026,3,"dec","TB","2026-09-27T16:18:26Z","refresh",9.06028227844827,20.75
"k",2026,3,"dec","CIN","2026-09-27T16:18:26Z","refresh",8.8472876537752,22.75
"k",2026,3,"dec","PHI","2026-09-27T16:18:26Z","refresh",8.81030543621987,22.75
"k",2026,3,"dec","BAL","2026-09-27T16:18:26Z","refresh",8.6331660629902,28.25
"k",2026,3,"dec","BUF","2026-09-27T16:18:26Z","refresh",8.705951300389,28.5
"k",2026,3,"dec","LV","2026-09-27T16:18:26Z","refresh",8.65024385052251,20
"k",2026,3,"dec","IND","2026-09-27T16:18:26Z","refresh",8.64673014227999,20.5
"k",2026,3,"dec","NYJ","2026-09-27T16:18:26Z","refresh",8.62928899474661,21.25
"k",2026,3,"dec","LA","2026-09-27T16:18:26Z","refresh",8.26714671626992,22.75
"k",2026,3,"dec","GB","2026-09-27T16:18:26Z","refresh",8.31091120528665,23.75
"k",2026,3,"dec","DEN","2026-09-27T16:18:26Z","refresh",8.44824371393567,21.25
"k",2026,3,"dec","PIT","2026-09-27T16:18:26Z","refresh",8.32550819779584,19.75
"k",2026,3,"dec","ATL","2026-09-27T16:18:26Z","refresh",8.09250872955201,19.25
"k",2026,3,"dec","NE","2026-09-27T16:18:26Z","refresh",7.76747692693546,21.5
"k",2026,3,"dec","CAR","2026-09-27T16:18:26Z","refresh",7.76513449132735,21.75
"k",2026,3,"dec","CHI","2026-09-27T16:18:26Z","refresh",7.92923694588684,19.25
"k",2026,3,"dec","LAC","2026-09-27T16:18:26Z","refresh",7.79389721958963,21.5
"k",2026,3,"dec","CLE","2026-09-27T16:18:26Z","refresh",7.73653817033385,19.75
"k",2026,3,"dec","NYG","2026-09-27T16:18:26Z","refresh",7.70821294156848,20
"k",2026,3,"dec","ARI","2026-09-27T16:18:26Z","refresh",7.59345898825586,20.25
"k",2026,3,"dec","TEN","2026-09-27T16:18:26Z","refresh",7.66393435820797,17.5
"k",2026,3,"dec","MIA","2026-09-27T16:18:26Z","refresh",7.22615937743087,17.5
"k",2026,3,"dec","WAS","2026-09-27T16:18:26Z","refresh",6.54139383967071,15.75
"dst",2026,3,"espn","KC","2026-09-27T16:43:06Z","refresh",9.76625937377507,17.5
"dst",2026,3,"espn","SEA","2026-09-27T16:43:06Z","refresh",9.21149171698872,15.75
"dst",2026,3,"espn","NO","2026-09-27T16:43:06Z","refresh",8.70970989885983,20
"dst",2026,3,"espn","CAR","2026-09-27T16:43:06Z","refresh",8.39393071729929,19.75
"dst",2026,3,"espn","NYG","2026-09-27T16:43:06Z","refresh",7.90356278970981,17.5
"dst",2026,3,"espn","MIN","2026-09-27T16:43:06Z","refresh",7.75971604183251,20.75
"dst",2026,3,"espn","GB","2026-09-27T16:43:06Z","refresh",7.56548301750651,19.25
"dst",2026,3,"espn","HOU","2026-09-27T16:43:06Z","refresh",7.48548883228806,20.5
"dst",2026,3,"espn","JAX","2026-09-27T16:43:06Z","refresh",7.44129289802827,21.75
"dst",2026,3,"espn","SF","2026-09-27T16:43:06Z","refresh",7.32869494891783,20.25
"dst",2026,3,"espn","BUF","2026-09-27T16:43:06Z","refresh",6.79875288823289,21.75
"dst",2026,3,"espn","PHI","2026-09-27T16:43:06Z","refresh",6.7350095034504,19
"dst",2026,3,"espn","LA","2026-09-27T16:43:06Z","refresh",6.39518787710468,21.25
"dst",2026,3,"espn","CHI","2026-09-27T16:43:06Z","refresh",6.28617577576578,22.5
"dst",2026,3,"espn","DET","2026-09-27T16:43:06Z","refresh",6.25045100501933,21.25
"dst",2026,3,"espn","TEN","2026-09-27T16:43:06Z","refresh",6.24424113486677,20
"dst",2026,3,"espn","TB","2026-09-27T16:43:06Z","refresh",6.2216993290792,21.75
"dst",2026,3,"espn","PIT","2026-09-27T16:43:06Z","refresh",6.10653325216365,22.75
"dst",2026,3,"espn","CIN","2026-09-27T16:43:06Z","refresh",6.06666068380698,19.75
"dst",2026,3,"espn","LV","2026-09-27T16:43:06Z","refresh",6.05313651454886,23.5
"dst",2026,3,"espn","CLE","2026-09-27T16:43:06Z","refresh",5.63444765886412,21.75
"dst",2026,3,"espn","ATL","2026-09-27T16:43:06Z","refresh",5.23355762220745,23.75
"dst",2026,3,"espn","NE","2026-09-27T16:43:06Z","refresh",5.17438518196761,24.75
"dst",2026,3,"espn","IND","2026-09-27T16:43:06Z","refresh",5.15948306746686,22
"dst",2026,3,"espn","DEN","2026-09-27T16:43:06Z","refresh",4.26915187787978,22.75
"dst",2026,3,"espn","WAS","2026-09-27T16:43:06Z","refresh",4.25352046464536,24.25
"dst",2026,3,"espn","BAL","2026-09-27T16:43:06Z","refresh",3.1844103104641,25
"dst",2026,3,"espn","NYJ","2026-09-27T16:43:06Z","refresh",2.7401508368899,28.25
"dst",2026,3,"espn","MIA","2026-09-27T16:43:06Z","refresh",2.20720051692679,27.5
"dst",2026,3,"espn","LAC","2026-09-27T16:43:06Z","refresh",2.19878821556025,28.75
"dst",2026,3,"espn","ARI","2026-09-27T16:43:06Z","refresh",1.78512167860876,27.75
"dst",2026,3,"espn","DAL","2026-09-27T16:43:06Z","refresh",1.25365294428688,28.5
"dst",2026,3,"yahoo","KC","2026-09-27T16:43:06Z","refresh",9.55756591544237,17.5
"dst",2026,3,"yahoo","SEA","2026-09-27T16:43:06Z","refresh",8.69098290168949,15.75
"dst",2026,3,"yahoo","CAR","2026-09-27T16:43:06Z","refresh",8.37565078455838,19.75
"dst",2026,3,"yahoo","NO","2026-09-27T16:43:06Z","refresh",8.34600423563353,20
"dst",2026,3,"yahoo","NYG","2026-09-27T16:43:06Z","refresh",8.18357864188572,17.5
"dst",2026,3,"yahoo","BUF","2026-09-27T16:43:06Z","refresh",7.86503965816967,21.75
"dst",2026,3,"yahoo","DET","2026-09-27T16:43:06Z","refresh",7.73102870801121,21.25
"dst",2026,3,"yahoo","HOU","2026-09-27T16:43:06Z","refresh",7.65015018615714,20.5
"dst",2026,3,"yahoo","GB","2026-09-27T16:43:06Z","refresh",7.50110379558407,19.25
"dst",2026,3,"yahoo","JAX","2026-09-27T16:43:06Z","refresh",7.44511488449312,21.75
"dst",2026,3,"yahoo","MIN","2026-09-27T16:43:06Z","refresh",7.35062897659369,20.75
"dst",2026,3,"yahoo","PHI","2026-09-27T16:43:06Z","refresh",7.20549491028568,19
"dst",2026,3,"yahoo","SF","2026-09-27T16:43:06Z","refresh",7.1949360353198,20.25
"dst",2026,3,"yahoo","TB","2026-09-27T16:43:06Z","refresh",7.19087919660735,21.75
"dst",2026,3,"yahoo","IND","2026-09-27T16:43:06Z","refresh",6.85197130976797,22
"dst",2026,3,"yahoo","LA","2026-09-27T16:43:06Z","refresh",6.81125161773485,21.25
"dst",2026,3,"yahoo","CIN","2026-09-27T16:43:06Z","refresh",6.7243893841601,19.75
"dst",2026,3,"yahoo","CHI","2026-09-27T16:43:06Z","refresh",6.69185039179005,22.5
"dst",2026,3,"yahoo","CLE","2026-09-27T16:43:06Z","refresh",6.62476283163717,21.75
"dst",2026,3,"yahoo","TEN","2026-09-27T16:43:06Z","refresh",6.54506648664307,20
"dst",2026,3,"yahoo","LV","2026-09-27T16:43:06Z","refresh",6.28578323167638,23.5
"dst",2026,3,"yahoo","PIT","2026-09-27T16:43:06Z","refresh",6.22857011395378,22.75
"dst",2026,3,"yahoo","ATL","2026-09-27T16:43:06Z","refresh",5.95352804225018,23.75
"dst",2026,3,"yahoo","DEN","2026-09-27T16:43:06Z","refresh",5.94219483274298,22.75
"dst",2026,3,"yahoo","NE","2026-09-27T16:43:06Z","refresh",5.78340808611551,24.75
"dst",2026,3,"yahoo","WAS","2026-09-27T16:43:06Z","refresh",5.53575498339355,24.25
"dst",2026,3,"yahoo","BAL","2026-09-27T16:43:06Z","refresh",5.20214345685557,25
"dst",2026,3,"yahoo","NYJ","2026-09-27T16:43:06Z","refresh",4.46275100318476,28.25
"dst",2026,3,"yahoo","DAL","2026-09-27T16:43:06Z","refresh",4.13884962810507,28.5
"dst",2026,3,"yahoo","ARI","2026-09-27T16:43:06Z","refresh",4.03024329068531,27.75
"dst",2026,3,"yahoo","LAC","2026-09-27T16:43:06Z","refresh",3.92683602553002,28.75
"dst",2026,3,"yahoo","MIA","2026-09-27T16:43:06Z","refresh",3.86253703406437,27.5
"dst",2026,3,"ffpc","KC","2026-09-27T16:43:06Z","refresh",10.7554846476736,17.5
"dst",2026,3,"ffpc","SEA","2026-09-27T16:43:06Z","refresh",10.2918002107457,15.75
"dst",2026,3,"ffpc","NO","2026-09-27T16:43:06Z","refresh",9.6168356384714,20
"dst",2026,3,"ffpc","CAR","2026-09-27T16:43:06Z","refresh",9.53853998796123,19.75
"dst",2026,3,"ffpc","NYG","2026-09-27T16:43:06Z","refresh",9.01902247912191,17.5
"dst",2026,3,"ffpc","JAX","2026-09-27T16:43:06Z","refresh",8.92755812511527,21.75
"dst",2026,3,"ffpc","MIN","2026-09-27T16:43:06Z","refresh",8.9211652984235,20.75
"dst",2026,3,"ffpc","BUF","2026-09-27T16:43:06Z","refresh",8.90025545711964,21.75
"dst",2026,3,"ffpc","GB","2026-09-27T16:43:06Z","refresh",8.6528433506331,19.25
"dst",2026,3,"ffpc","HOU","2026-09-27T16:43:06Z","refresh",8.62960960534141,20.5
"dst",2026,3,"ffpc","SF","2026-09-27T16:43:06Z","refresh",8.57793579141571,20.25
"dst",2026,3,"ffpc","DET","2026-09-27T16:43:06Z","refresh",8.42417010669163,21.25
"dst",2026,3,"ffpc","PHI","2026-09-27T16:43:06Z","refresh",8.34118041563169,19
"dst",2026,3,"ffpc","LA","2026-09-27T16:43:06Z","refresh",8.05799346503864,21.25
"dst",2026,3,"ffpc","CHI","2026-09-27T16:43:06Z","refresh",7.92251470539089,22.5
"dst",2026,3,"ffpc","TB","2026-09-27T16:43:06Z","refresh",7.86991421498017,21.75
"dst",2026,3,"ffpc","TEN","2026-09-27T16:43:06Z","refresh",7.86880494716528,20
"dst",2026,3,"ffpc","PIT","2026-09-27T16:43:06Z","refresh",7.69025115281219,22.75
"dst",2026,3,"ffpc","CLE","2026-09-27T16:43:06Z","refresh",7.63847059715347,21.75
"dst",2026,3,"ffpc","CIN","2026-09-27T16:43:06Z","refresh",7.4822202063417,19.75
"dst",2026,3,"ffpc","LV","2026-09-27T16:43:06Z","refresh",7.4811804639341,23.5
"dst",2026,3,"ffpc","IND","2026-09-27T16:43:06Z","refresh",7.36544427208803,22
"dst",2026,3,"ffpc","NE","2026-09-27T16:43:06Z","refresh",6.9304382516965,24.75
"dst",2026,3,"ffpc","ATL","2026-09-27T16:43:06Z","refresh",6.92401762091051,23.75
"dst",2026,3,"ffpc","DEN","2026-09-27T16:43:06Z","refresh",6.52219078106847,22.75
"dst",2026,3,"ffpc","WAS","2026-09-27T16:43:06Z","refresh",6.21070628289406,24.25
"dst",2026,3,"ffpc","BAL","2026-09-27T16:43:06Z","refresh",5.47031244217863,25
"dst",2026,3,"ffpc","NYJ","2026-09-27T16:43:06Z","refresh",5.05486198192824,28.25
"dst",2026,3,"ffpc","LAC","2026-09-27T16:43:06Z","refresh",4.84127832267274,28.75
"dst",2026,3,"ffpc","MIA","2026-09-27T16:43:06Z","refresh",4.63793270910291,27.5
"dst",2026,3,"ffpc","DAL","2026-09-27T16:43:06Z","refresh",4.60245733719081,28.5
"dst",2026,3,"ffpc","ARI","2026-09-27T16:43:06Z","refresh",4.43852374505296,27.75
"k",2026,3,"espn","KC","2026-09-27T16:43:36Z","refresh",9.25118360038487,27.5
"k",2026,3,"espn","HOU","2026-09-27T16:43:36Z","refresh",9.26309845672902,22
"k",2026,3,"espn","DET","2026-09-27T16:43:36Z","refresh",9.21229213015543,28.25
"k",2026,3,"espn","NO","2026-09-27T16:43:36Z","refresh",9.15455162369698,23.5
"k",2026,3,"espn","DAL","2026-09-27T16:43:36Z","refresh",8.99759304712902,25
"k",2026,3,"espn","SF","2026-09-27T16:43:36Z","refresh",8.95095392513175,27.75
"k",2026,3,"espn","MIN","2026-09-27T16:43:36Z","refresh",8.71555506271526,21.75
"k",2026,3,"espn","SEA","2026-09-27T16:43:36Z","refresh",8.77519336770005,24.25
"k",2026,3,"espn","JAX","2026-09-27T16:43:36Z","refresh",8.51732185050184,24.75
"k",2026,3,"espn","TB","2026-09-27T16:43:36Z","refresh",8.65574436900086,20.75
"k",2026,3,"espn","CIN","2026-09-27T16:43:36Z","refresh",8.47799112356493,22.75
"k",2026,3,"espn","PHI","2026-09-27T16:43:36Z","refresh",8.40433344110403,22.5
"k",2026,3,"espn","BAL","2026-09-27T16:43:36Z","refresh",8.41842207844468,28.5
"k",2026,3,"espn","BUF","2026-09-27T16:43:36Z","refresh",8.41119695587557,28.75
"k",2026,3,"espn","LV","2026-09-27T16:43:36Z","refresh",8.22205563553212,20
"k",2026,3,"espn","IND","2026-09-27T16:43:36Z","refresh",8.26489547703149,20.5
"k",2026,3,"espn","NYJ","2026-09-27T16:43:36Z","refresh",8.2205275700451,21.25
"k",2026,3,"espn","LA","2026-09-27T16:43:36Z","refresh",7.97562968912279,22.75
"k",2026,3,"espn","GB","2026-09-27T16:43:36Z","refresh",7.982777162325,23.75
"k",2026,3,"espn","DEN","2026-09-27T16:43:36Z","refresh",8.09747738956383,21.25
"k",2026,3,"espn","PIT","2026-09-27T16:43:36Z","refresh",7.93095904749382,19.75
"k",2026,3,"espn","ATL","2026-09-27T16:43:36Z","refresh",7.69744680616329,19.25
"k",2026,3,"espn","NE","2026-09-27T16:43:36Z","refresh",7.46693597217596,21.75
"k",2026,3,"espn","CAR","2026-09-27T16:43:36Z","refresh",7.45053695060952,21.75
"k",2026,3,"espn","CHI","2026-09-27T16:43:36Z","refresh",7.51598977540823,19
"k",2026,3,"espn","LAC","2026-09-27T16:43:36Z","refresh",7.48479143406405,21.75
"k",2026,3,"espn","CLE","2026-09-27T16:43:36Z","refresh",7.41500088460859,19.75
"k",2026,3,"espn","NYG","2026-09-27T16:43:36Z","refresh",7.39464175959722,20
"k",2026,3,"espn","ARI","2026-09-27T16:43:36Z","refresh",7.28364973678386,20.25
"k",2026,3,"espn","TEN","2026-09-27T16:43:36Z","refresh",7.28843567424197,17.5
"k",2026,3,"espn","MIA","2026-09-27T16:43:36Z","refresh",6.89619277475352,17.5
"k",2026,3,"espn","WAS","2026-09-27T16:43:36Z","refresh",6.20274930556539,15.75
"k",2026,3,"dec","KC","2026-09-27T16:43:36Z","refresh",9.58573832951808,27.5
"k",2026,3,"dec","HOU","2026-09-27T16:43:36Z","refresh",9.70566433783486,22
"k",2026,3,"dec","DET","2026-09-27T16:43:36Z","refresh",9.58530891261342,28.25
"k",2026,3,"dec","NO","2026-09-27T16:43:36Z","refresh",9.57221315834185,23.5
"k",2026,3,"dec","DAL","2026-09-27T16:43:36Z","refresh",9.40054663151819,25
"k",2026,3,"dec","SF","2026-09-27T16:43:36Z","refresh",9.26050040924892,27.75
"k",2026,3,"dec","MIN","2026-09-27T16:43:36Z","refresh",9.08610071236346,21.75
"k",2026,3,"dec","SEA","2026-09-27T16:43:36Z","refresh",9.12416978044754,24.25
"k",2026,3,"dec","JAX","2026-09-27T16:43:36Z","refresh",8.85063839242957,24.75
"k",2026,3,"dec","TB","2026-09-27T16:43:36Z","refresh",9.06028227844827,20.75
"k",2026,3,"dec","CIN","2026-09-27T16:43:36Z","refresh",8.8472876537752,22.75
"k",2026,3,"dec","PHI","2026-09-27T16:43:36Z","refresh",8.79389230456717,22.5
"k",2026,3,"dec","BAL","2026-09-27T16:43:36Z","refresh",8.68930185067698,28.5
"k",2026,3,"dec","BUF","2026-09-27T16:43:36Z","refresh",8.72811823854978,28.75
"k",2026,3,"dec","LV","2026-09-27T16:43:36Z","refresh",8.65024385052251,20
"k",2026,3,"dec","IND","2026-09-27T16:43:36Z","refresh",8.64673014227999,20.5
"k",2026,3,"dec","NYJ","2026-09-27T16:43:36Z","refresh",8.62928899474661,21.25
"k",2026,3,"dec","LA","2026-09-27T16:43:36Z","refresh",8.26714671626992,22.75
"k",2026,3,"dec","GB","2026-09-27T16:43:36Z","refresh",8.31091120528665,23.75
"k",2026,3,"dec","DEN","2026-09-27T16:43:36Z","refresh",8.44824371393568,21.25
"k",2026,3,"dec","PIT","2026-09-27T16:43:36Z","refresh",8.32550819779584,19.75
"k",2026,3,"dec","ATL","2026-09-27T16:43:36Z","refresh",8.09250872955202,19.25
"k",2026,3,"dec","NE","2026-09-27T16:43:36Z","refresh",7.78321489301342,21.75
"k",2026,3,"dec","CAR","2026-09-27T16:43:36Z","refresh",7.76513449132735,21.75
"k",2026,3,"dec","CHI","2026-09-27T16:43:36Z","refresh",7.91521965612246,19
"k",2026,3,"dec","LAC","2026-09-27T16:43:36Z","refresh",7.80854050106725,21.75
"k",2026,3,"dec","CLE","2026-09-27T16:43:36Z","refresh",7.73653817033385,19.75
"k",2026,3,"dec","NYG","2026-09-27T16:43:36Z","refresh",7.70821294156848,20
"k",2026,3,"dec","ARI","2026-09-27T16:43:36Z","refresh",7.59345898825586,20.25
"k",2026,3,"dec","TEN","2026-09-27T16:43:36Z","refresh",7.66393435820797,17.5
"k",2026,3,"dec","MIA","2026-09-27T16:43:36Z","refresh",7.22615937743087,17.5
"k",2026,3,"dec","WAS","2026-09-27T16:43:36Z","refresh",6.54139383967071,15.75
"dst",2026,3,"espn","KC","2026-09-27T17:20:54Z","refresh",9.76625937377507,17.5
"dst",2026,3,"espn","SEA","2026-09-27T17:20:54Z","refresh",9.21149171698871,15.75
"dst",2026,3,"espn","NO","2026-09-27T17:20:54Z","refresh",8.70970989885983,20
"dst",2026,3,"espn","CAR","2026-09-27T17:20:54Z","refresh",8.39393071729929,19.75
"dst",2026,3,"espn","NYG","2026-09-27T17:20:54Z","refresh",7.90356278970981,17.5
"dst",2026,3,"espn","MIN","2026-09-27T17:20:54Z","refresh",7.75971604183251,20.75
"dst",2026,3,"espn","GB","2026-09-27T17:20:54Z","refresh",7.56548301750651,19.25
"dst",2026,3,"espn","HOU","2026-09-27T17:20:54Z","refresh",7.48548883228806,20.5
"dst",2026,3,"espn","JAX","2026-09-27T17:20:54Z","refresh",7.44129289802826,21.75
"dst",2026,3,"espn","SF","2026-09-27T17:20:54Z","refresh",7.32869494891783,20.25
"dst",2026,3,"espn","BUF","2026-09-27T17:20:54Z","refresh",6.79875288823289,21.75
"dst",2026,3,"espn","PHI","2026-09-27T17:20:54Z","refresh",6.7350095034504,19
"dst",2026,3,"espn","LA","2026-09-27T17:20:54Z","refresh",6.39518787710468,21.25
"dst",2026,3,"espn","CHI","2026-09-27T17:20:54Z","refresh",6.28617577576578,22.5
"dst",2026,3,"espn","DET","2026-09-27T17:20:54Z","refresh",6.25045100501933,21.25
"dst",2026,3,"espn","TEN","2026-09-27T17:20:54Z","refresh",6.24424113486677,20
"dst",2026,3,"espn","TB","2026-09-27T17:20:54Z","refresh",6.2216993290792,21.75
"dst",2026,3,"espn","PIT","2026-09-27T17:20:54Z","refresh",6.10653325216365,22.75
"dst",2026,3,"espn","CIN","2026-09-27T17:20:54Z","refresh",6.06666068380698,19.75
"dst",2026,3,"espn","LV","2026-09-27T17:20:54Z","refresh",6.05313651454886,23.5
"dst",2026,3,"espn","CLE","2026-09-27T17:20:54Z","refresh",5.63444765886412,21.75
"dst",2026,3,"espn","ATL","2026-09-27T17:20:54Z","refresh",5.23355762220745,23.75
"dst",2026,3,"espn","NE","2026-09-27T17:20:54Z","refresh",5.17438518196761,24.75
"dst",2026,3,"espn","IND","2026-09-27T17:20:54Z","refresh",5.15948306746686,22
"dst",2026,3,"espn","DEN","2026-09-27T17:20:54Z","refresh",4.26915187787978,22.75
"dst",2026,3,"espn","WAS","2026-09-27T17:20:54Z","refresh",4.25352046464536,24.25
"dst",2026,3,"espn","BAL","2026-09-27T17:20:54Z","refresh",3.1844103104641,25
"dst",2026,3,"espn","NYJ","2026-09-27T17:20:54Z","refresh",2.7401508368899,28.25
"dst",2026,3,"espn","MIA","2026-09-27T17:20:54Z","refresh",2.20720051692679,27.5
"dst",2026,3,"espn","LAC","2026-09-27T17:20:54Z","refresh",2.19878821556025,28.75
"dst",2026,3,"espn","ARI","2026-09-27T17:20:54Z","refresh",1.78512167860876,27.75
"dst",2026,3,"espn","DAL","2026-09-27T17:20:54Z","refresh",1.25365294428688,28.5
"dst",2026,3,"yahoo","KC","2026-09-27T17:20:54Z","refresh",9.55756591544237,17.5
"dst",2026,3,"yahoo","SEA","2026-09-27T17:20:54Z","refresh",8.69098290168949,15.75
"dst",2026,3,"yahoo","CAR","2026-09-27T17:20:54Z","refresh",8.37565078455838,19.75
"dst",2026,3,"yahoo","NO","2026-09-27T17:20:54Z","refresh",8.34600423563353,20
"dst",2026,3,"yahoo","NYG","2026-09-27T17:20:54Z","refresh",8.18357864188572,17.5
"dst",2026,3,"yahoo","BUF","2026-09-27T17:20:54Z","refresh",7.86503965816967,21.75
"dst",2026,3,"yahoo","DET","2026-09-27T17:20:54Z","refresh",7.73102870801121,21.25
"dst",2026,3,"yahoo","HOU","2026-09-27T17:20:54Z","refresh",7.65015018615714,20.5
"dst",2026,3,"yahoo","GB","2026-09-27T17:20:54Z","refresh",7.50110379558407,19.25
"dst",2026,3,"yahoo","JAX","2026-09-27T17:20:54Z","refresh",7.44511488449312,21.75
"dst",2026,3,"yahoo","MIN","2026-09-27T17:20:54Z","refresh",7.35062897659368,20.75
"dst",2026,3,"yahoo","PHI","2026-09-27T17:20:54Z","refresh",7.20549491028568,19
"dst",2026,3,"yahoo","SF","2026-09-27T17:20:54Z","refresh",7.1949360353198,20.25
"dst",2026,3,"yahoo","TB","2026-09-27T17:20:54Z","refresh",7.19087919660735,21.75
"dst",2026,3,"yahoo","IND","2026-09-27T17:20:54Z","refresh",6.85197130976797,22
"dst",2026,3,"yahoo","LA","2026-09-27T17:20:54Z","refresh",6.81125161773485,21.25
"dst",2026,3,"yahoo","CIN","2026-09-27T17:20:54Z","refresh",6.7243893841601,19.75
"dst",2026,3,"yahoo","CHI","2026-09-27T17:20:54Z","refresh",6.69185039179005,22.5
"dst",2026,3,"yahoo","CLE","2026-09-27T17:20:54Z","refresh",6.62476283163717,21.75
"dst",2026,3,"yahoo","TEN","2026-09-27T17:20:54Z","refresh",6.54506648664307,20
"dst",2026,3,"yahoo","LV","2026-09-27T17:20:54Z","refresh",6.28578323167638,23.5
"dst",2026,3,"yahoo","PIT","2026-09-27T17:20:54Z","refresh",6.22857011395378,22.75
"dst",2026,3,"yahoo","ATL","2026-09-27T17:20:54Z","refresh",5.95352804225019,23.75
"dst",2026,3,"yahoo","DEN","2026-09-27T17:20:54Z","refresh",5.94219483274298,22.75
"dst",2026,3,"yahoo","NE","2026-09-27T17:20:54Z","refresh",5.78340808611551,24.75
"dst",2026,3,"yahoo","WAS","2026-09-27T17:20:54Z","refresh",5.53575498339355,24.25
"dst",2026,3,"yahoo","BAL","2026-09-27T17:20:54Z","refresh",5.20214345685557,25
"dst",2026,3,"yahoo","NYJ","2026-09-27T17:20:54Z","refresh",4.46275100318476,28.25
"dst",2026,3,"yahoo","DAL","2026-09-27T17:20:54Z","refresh",4.13884962810507,28.5
"dst",2026,3,"yahoo","ARI","2026-09-27T17:20:54Z","refresh",4.03024329068531,27.75
"dst",2026,3,"yahoo","LAC","2026-09-27T17:20:54Z","refresh",3.92683602553002,28.75
"dst",2026,3,"yahoo","MIA","2026-09-27T17:20:54Z","refresh",3.86253703406437,27.5
"dst",2026,3,"ffpc","KC","2026-09-27T17:20:54Z","refresh",10.7554846476736,17.5
"dst",2026,3,"ffpc","SEA","2026-09-27T17:20:54Z","refresh",10.2918002107457,15.75
"dst",2026,3,"ffpc","NO","2026-09-27T17:20:54Z","refresh",9.6168356384714,20
"dst",2026,3,"ffpc","CAR","2026-09-27T17:20:54Z","refresh",9.53853998796123,19.75
"dst",2026,3,"ffpc","NYG","2026-09-27T17:20:54Z","refresh",9.01902247912191,17.5
"dst",2026,3,"ffpc","JAX","2026-09-27T17:20:54Z","refresh",8.92755812511527,21.75
"dst",2026,3,"ffpc","MIN","2026-09-27T17:20:54Z","refresh",8.9211652984235,20.75
"dst",2026,3,"ffpc","BUF","2026-09-27T17:20:54Z","refresh",8.90025545711964,21.75
"dst",2026,3,"ffpc","GB","2026-09-27T17:20:54Z","refresh",8.6528433506331,19.25
"dst",2026,3,"ffpc","HOU","2026-09-27T17:20:54Z","refresh",8.62960960534141,20.5
"dst",2026,3,"ffpc","SF","2026-09-27T17:20:54Z","refresh",8.57793579141571,20.25
"dst",2026,3,"ffpc","DET","2026-09-27T17:20:54Z","refresh",8.42417010669163,21.25
"dst",2026,3,"ffpc","PHI","2026-09-27T17:20:54Z","refresh",8.34118041563169,19
"dst",2026,3,"ffpc","LA","2026-09-27T17:20:54Z","refresh",8.05799346503864,21.25
"dst",2026,3,"ffpc","CHI","2026-09-27T17:20:54Z","refresh",7.92251470539089,22.5
"dst",2026,3,"ffpc","TB","2026-09-27T17:20:54Z","refresh",7.86991421498017,21.75
"dst",2026,3,"ffpc","TEN","2026-09-27T17:20:54Z","refresh",7.86880494716528,20
"dst",2026,3,"ffpc","PIT","2026-09-27T17:20:54Z","refresh",7.69025115281219,22.75
"dst",2026,3,"ffpc","CLE","2026-09-27T17:20:54Z","refresh",7.63847059715347,21.75
"dst",2026,3,"ffpc","CIN","2026-09-27T17:20:54Z","refresh",7.4822202063417,19.75
"dst",2026,3,"ffpc","LV","2026-09-27T17:20:54Z","refresh",7.4811804639341,23.5
"dst",2026,3,"ffpc","IND","2026-09-27T17:20:54Z","refresh",7.36544427208803,22
"dst",2026,3,"ffpc","NE","2026-09-27T17:20:54Z","refresh",6.9304382516965,24.75
"dst",2026,3,"ffpc","ATL","2026-09-27T17:20:54Z","refresh",6.92401762091051,23.75
"dst",2026,3,"ffpc","DEN","2026-09-27T17:20:54Z","refresh",6.52219078106847,22.75
"dst",2026,3,"ffpc","WAS","2026-09-27T17:20:54Z","refresh",6.21070628289406,24.25
"dst",2026,3,"ffpc","BAL","2026-09-27T17:20:54Z","refresh",5.47031244217863,25
"dst",2026,3,"ffpc","NYJ","2026-09-27T17:20:54Z","refresh",5.05486198192824,28.25
"dst",2026,3,"ffpc","LAC","2026-09-27T17:20:54Z","refresh",4.84127832267274,28.75
"dst",2026,3,"ffpc","MIA","2026-09-27T17:20:54Z","refresh",4.63793270910291,27.5
"dst",2026,3,"ffpc","DAL","2026-09-27T17:20:54Z","refresh",4.60245733719081,28.5
"dst",2026,3,"ffpc","ARI","2026-09-27T17:20:54Z","refresh",4.43852374505296,27.75
"k",2026,3,"espn","KC","2026-09-27T17:21:30Z","refresh",9.25118360038487,27.5
"k",2026,3,"espn","HOU","2026-09-27T17:21:30Z","refresh",9.26309845672902,22
"k",2026,3,"espn","DET","2026-09-27T17:21:30Z","refresh",9.21229213015543,28.25
"k",2026,3,"espn","NO","2026-09-27T17:21:30Z","refresh",9.15455162369698,23.5
"k",2026,3,"espn","DAL","2026-09-27T17:21:30Z","refresh",8.99759304712902,25
"k",2026,3,"espn","SF","2026-09-27T17:21:30Z","refresh",8.95095392513175,27.75
"k",2026,3,"espn","MIN","2026-09-27T17:21:30Z","refresh",8.66176319118703,21.75
"k",2026,3,"espn","SEA","2026-09-27T17:21:30Z","refresh",8.77519336770005,24.25
"k",2026,3,"espn","JAX","2026-09-27T17:21:30Z","refresh",8.51732185050184,24.75
"k",2026,3,"espn","TB","2026-09-27T17:21:30Z","refresh",8.60134433882698,20.75
"k",2026,3,"espn","CIN","2026-09-27T17:21:30Z","refresh",8.47799112356493,22.75
"k",2026,3,"espn","PHI","2026-09-27T17:21:30Z","refresh",8.40433344110403,22.5
"k",2026,3,"espn","BAL","2026-09-27T17:21:30Z","refresh",8.41842207844468,28.5
"k",2026,3,"espn","BUF","2026-09-27T17:21:30Z","refresh",8.41119695587557,28.75
"k",2026,3,"espn","LV","2026-09-27T17:21:30Z","refresh",8.22205563553212,20
"k",2026,3,"espn","IND","2026-09-27T17:21:30Z","refresh",8.26489547703149,20.5
"k",2026,3,"espn","NYJ","2026-09-27T17:21:30Z","refresh",8.2205275700451,21.25
"k",2026,3,"espn","LA","2026-09-27T17:21:30Z","refresh",7.87443864356583,22.75
"k",2026,3,"espn","GB","2026-09-27T17:21:30Z","refresh",7.982777162325,23.75
"k",2026,3,"espn","DEN","2026-09-27T17:21:30Z","refresh",7.99543080185606,21.25
"k",2026,3,"espn","PIT","2026-09-27T17:21:30Z","refresh",7.93095904749382,19.75
"k",2026,3,"espn","ATL","2026-09-27T17:21:30Z","refresh",7.69744680616329,19.25
"k",2026,3,"espn","NE","2026-09-27T17:21:30Z","refresh",7.46693597217596,21.75
"k",2026,3,"espn","CAR","2026-09-27T17:21:30Z","refresh",7.45053695060952,21.75
"k",2026,3,"espn","CHI","2026-09-27T17:21:30Z","refresh",7.51598977540823,19
"k",2026,3,"espn","LAC","2026-09-27T17:21:30Z","refresh",7.48479143406405,21.75
"k",2026,3,"espn","CLE","2026-09-27T17:21:30Z","refresh",7.41500088460859,19.75
"k",2026,3,"espn","NYG","2026-09-27T17:21:30Z","refresh",7.39464175959722,20
"k",2026,3,"espn","ARI","2026-09-27T17:21:30Z","refresh",7.28364973678387,20.25
"k",2026,3,"espn","TEN","2026-09-27T17:21:30Z","refresh",7.28843567424197,17.5
"k",2026,3,"espn","MIA","2026-09-27T17:21:30Z","refresh",6.89619277475352,17.5
"k",2026,3,"espn","WAS","2026-09-27T17:21:30Z","refresh",6.20274930556539,15.75
"k",2026,3,"dec","KC","2026-09-27T17:21:30Z","refresh",9.58573832951808,27.5
"k",2026,3,"dec","HOU","2026-09-27T17:21:30Z","refresh",9.70566433783486,22
"k",2026,3,"dec","DET","2026-09-27T17:21:30Z","refresh",9.58530891261342,28.25
"k",2026,3,"dec","NO","2026-09-27T17:21:30Z","refresh",9.57221315834185,23.5
"k",2026,3,"dec","DAL","2026-09-27T17:21:30Z","refresh",9.40054663151819,25
"k",2026,3,"dec","SF","2026-09-27T17:21:30Z","refresh",9.26050040924892,27.75
"k",2026,3,"dec","MIN","2026-09-27T17:21:30Z","refresh",9.03031810488605,21.75
"k",2026,3,"dec","SEA","2026-09-27T17:21:30Z","refresh",9.12416978044754,24.25
"k",2026,3,"dec","JAX","2026-09-27T17:21:30Z","refresh",8.85063839242958,24.75
"k",2026,3,"dec","TB","2026-09-27T17:21:30Z","refresh",9.00383931321986,20.75
"k",2026,3,"dec","CIN","2026-09-27T17:21:30Z","refresh",8.8472876537752,22.75
"k",2026,3,"dec","PHI","2026-09-27T17:21:30Z","refresh",8.79389230456717,22.5
"k",2026,3,"dec","BAL","2026-09-27T17:21:30Z","refresh",8.68930185067698,28.5
"k",2026,3,"dec","BUF","2026-09-27T17:21:30Z","refresh",8.72811823854978,28.75
"k",2026,3,"dec","LV","2026-09-27T17:21:30Z","refresh",8.65024385052251,20
"k",2026,3,"dec","IND","2026-09-27T17:21:30Z","refresh",8.64673014227999,20.5
"k",2026,3,"dec","NYJ","2026-09-27T17:21:30Z","refresh",8.62928899474661,21.25
"k",2026,3,"dec","LA","2026-09-27T17:21:30Z","refresh",8.16236685711525,22.75
"k",2026,3,"dec","GB","2026-09-27T17:21:30Z","refresh",8.31091120528665,23.75
"k",2026,3,"dec","DEN","2026-09-27T17:21:30Z","refresh",8.34246901617602,21.25
"k",2026,3,"dec","PIT","2026-09-27T17:21:30Z","refresh",8.32550819779584,19.75
"k",2026,3,"dec","ATL","2026-09-27T17:21:30Z","refresh",8.09250872955201,19.25
"k",2026,3,"dec","NE","2026-09-27T17:21:30Z","refresh",7.78321489301342,21.75
"k",2026,3,"dec","CAR","2026-09-27T17:21:30Z","refresh",7.76513449132735,21.75
"k",2026,3,"dec","CHI","2026-09-27T17:21:30Z","refresh",7.91521965612246,19
"k",2026,3,"dec","LAC","2026-09-27T17:21:30Z","refresh",7.80854050106725,21.75
"k",2026,3,"dec","CLE","2026-09-27T17:21:30Z","refresh",7.73653817033385,19.75
"k",2026,3,"dec","NYG","2026-09-27T17:21:30Z","refresh",7.70821294156848,20
"k",2026,3,"dec","ARI","2026-09-27T17:21:30Z","refresh",7.59345898825586,20.25
"k",2026,3,"dec","TEN","2026-09-27T17:21:30Z","refresh",7.66393435820797,17.5
"k",2026,3,"dec","MIA","2026-09-27T17:21:30Z","refresh",7.22615937743087,17.5
"k",2026,3,"dec","WAS","2026-09-27T17:21:30Z","refresh",6.54139383967071,15.75
"dst",2026,3,"espn","KC","2026-09-27T19:17:36Z","refresh",9.76625937377507,17.5
"dst",2026,3,"espn","SEA","2026-09-27T19:17:36Z","refresh",9.21149171698871,15.75
"dst",2026,3,"espn","NO","2026-09-27T19:17:36Z","refresh",8.70970989885983,20
"dst",2026,3,"espn","CAR","2026-09-27T19:17:36Z","refresh",8.39393071729929,19.75
"dst",2026,3,"espn","NYG","2026-09-27T19:17:36Z","refresh",7.90356278970981,17.5
"dst",2026,3,"espn","MIN","2026-09-27T19:17:36Z","refresh",7.75971604183251,20.75
"dst",2026,3,"espn","GB","2026-09-27T19:17:36Z","refresh",7.56548301750651,19.25
"dst",2026,3,"espn","HOU","2026-09-27T19:17:36Z","refresh",7.48548883228806,20.5
"dst",2026,3,"espn","JAX","2026-09-27T19:17:36Z","refresh",7.44129289802826,21.75
"dst",2026,3,"espn","SF","2026-09-27T19:17:36Z","refresh",7.23454137564371,20.5
"dst",2026,3,"espn","PHI","2026-09-27T19:17:36Z","refresh",6.84152345135376,18.75
"dst",2026,3,"espn","BUF","2026-09-27T19:17:36Z","refresh",6.79875288823289,21.75
"dst",2026,3,"espn","LA","2026-09-27T19:17:36Z","refresh",6.39518787710468,21.25
"dst",2026,3,"espn","DET","2026-09-27T19:17:36Z","refresh",6.25045100501933,21.25
"dst",2026,3,"espn","TEN","2026-09-27T19:17:36Z","refresh",6.24424113486677,20
"dst",2026,3,"espn","TB","2026-09-27T19:17:36Z","refresh",6.2216993290792,21.75
"dst",2026,3,"espn","CHI","2026-09-27T19:17:36Z","refresh",6.17888061548735,22.75
"dst",2026,3,"espn","PIT","2026-09-27T19:17:36Z","refresh",6.10653325216365,22.75
"dst",2026,3,"espn","CIN","2026-09-27T19:17:36Z","refresh",6.06666068380698,19.75
"dst",2026,3,"espn","LV","2026-09-27T19:17:36Z","refresh",6.05313651454886,23.5
"dst",2026,3,"espn","CLE","2026-09-27T19:17:36Z","refresh",5.63444765886412,21.75
"dst",2026,3,"espn","ATL","2026-09-27T19:17:36Z","refresh",5.23355762220745,23.75
"dst",2026,3,"espn","NE","2026-09-27T19:17:36Z","refresh",5.17438518196761,24.75
"dst",2026,3,"espn","IND","2026-09-27T19:17:36Z","refresh",5.15948306746686,22
"dst",2026,3,"espn","DEN","2026-09-27T19:17:36Z","refresh",4.26915187787978,22.75
"dst",2026,3,"espn","WAS","2026-09-27T19:17:36Z","refresh",4.25352046464536,24.25
"dst",2026,3,"espn","BAL","2026-09-27T19:17:36Z","refresh",3.1844103104641,25
"dst",2026,3,"espn","NYJ","2026-09-27T19:17:36Z","refresh",2.7401508368899,28.25
"dst",2026,3,"espn","MIA","2026-09-27T19:17:36Z","refresh",2.20720051692679,27.5
"dst",2026,3,"espn","LAC","2026-09-27T19:17:36Z","refresh",2.19878821556025,28.75
"dst",2026,3,"espn","ARI","2026-09-27T19:17:36Z","refresh",1.69278826406983,28
"dst",2026,3,"espn","DAL","2026-09-27T19:17:36Z","refresh",1.25365294428688,28.5
"dst",2026,3,"yahoo","KC","2026-09-27T19:17:36Z","refresh",9.55756591544237,17.5
"dst",2026,3,"yahoo","SEA","2026-09-27T19:17:36Z","refresh",8.69098290168949,15.75
"dst",2026,3,"yahoo","CAR","2026-09-27T19:17:36Z","refresh",8.37565078455838,19.75
"dst",2026,3,"yahoo","NO","2026-09-27T19:17:36Z","refresh",8.34600423563353,20
"dst",2026,3,"yahoo","NYG","2026-09-27T19:17:36Z","refresh",8.18357864188572,17.5
"dst",2026,3,"yahoo","BUF","2026-09-27T19:17:36Z","refresh",7.86503965816967,21.75
"dst",2026,3,"yahoo","DET","2026-09-27T19:17:36Z","refresh",7.73102870801121,21.25
"dst",2026,3,"yahoo","HOU","2026-09-27T19:17:36Z","refresh",7.65015018615714,20.5
"dst",2026,3,"yahoo","GB","2026-09-27T19:17:36Z","refresh",7.50110379558407,19.25
"dst",2026,3,"yahoo","JAX","2026-09-27T19:17:36Z","refresh",7.44511488449312,21.75
"dst",2026,3,"yahoo","MIN","2026-09-27T19:17:36Z","refresh",7.35062897659368,20.75
"dst",2026,3,"yahoo","PHI","2026-09-27T19:17:36Z","refresh",7.29158370842211,18.75
"dst",2026,3,"yahoo","TB","2026-09-27T19:17:36Z","refresh",7.19087919660735,21.75
"dst",2026,3,"yahoo","SF","2026-09-27T19:17:36Z","refresh",7.13643455454004,20.5
"dst",2026,3,"yahoo","IND","2026-09-27T19:17:36Z","refresh",6.85197130976797,22
"dst",2026,3,"yahoo","LA","2026-09-27T19:17:36Z","refresh",6.81125161773485,21.25
"dst",2026,3,"yahoo","CIN","2026-09-27T19:17:36Z","refresh",6.7243893841601,19.75
"dst",2026,3,"yahoo","CLE","2026-09-27T19:17:36Z","refresh",6.62476283163717,21.75
"dst",2026,3,"yahoo","CHI","2026-09-27T19:17:36Z","refresh",6.60576159365362,22.75
"dst",2026,3,"yahoo","TEN","2026-09-27T19:17:36Z","refresh",6.54506648664307,20
"dst",2026,3,"yahoo","LV","2026-09-27T19:17:36Z","refresh",6.28578323167638,23.5
"dst",2026,3,"yahoo","PIT","2026-09-27T19:17:36Z","refresh",6.22857011395378,22.75
"dst",2026,3,"yahoo","ATL","2026-09-27T19:17:36Z","refresh",5.95352804225019,23.75
"dst",2026,3,"yahoo","DEN","2026-09-27T19:17:36Z","refresh",5.94219483274298,22.75
"dst",2026,3,"yahoo","NE","2026-09-27T19:17:36Z","refresh",5.78340808611551,24.75
"dst",2026,3,"yahoo","WAS","2026-09-27T19:17:36Z","refresh",5.53575498339355,24.25
"dst",2026,3,"yahoo","BAL","2026-09-27T19:17:36Z","refresh",5.20214345685557,25
"dst",2026,3,"yahoo","NYJ","2026-09-27T19:17:36Z","refresh",4.46275100318476,28.25
"dst",2026,3,"yahoo","DAL","2026-09-27T19:17:36Z","refresh",4.13884962810507,28.5
"dst",2026,3,"yahoo","ARI","2026-09-27T19:17:36Z","refresh",3.97174180990555,28
"dst",2026,3,"yahoo","LAC","2026-09-27T19:17:36Z","refresh",3.92683602553002,28.75
"dst",2026,3,"yahoo","MIA","2026-09-27T19:17:36Z","refresh",3.86253703406437,27.5
"dst",2026,3,"ffpc","KC","2026-09-27T19:17:36Z","refresh",10.7554846476736,17.5
"dst",2026,3,"ffpc","SEA","2026-09-27T19:17:36Z","refresh",10.2918002107457,15.75
"dst",2026,3,"ffpc","NO","2026-09-27T19:17:36Z","refresh",9.6168356384714,20
"dst",2026,3,"ffpc","CAR","2026-09-27T19:17:36Z","refresh",9.53853998796123,19.75
"dst",2026,3,"ffpc","NYG","2026-09-27T19:17:36Z","refresh",9.01902247912191,17.5
"dst",2026,3,"ffpc","JAX","2026-09-27T19:17:36Z","refresh",8.92755812511527,21.75
"dst",2026,3,"ffpc","MIN","2026-09-27T19:17:36Z","refresh",8.9211652984235,20.75
"dst",2026,3,"ffpc","BUF","2026-09-27T19:17:36Z","refresh",8.90025545711964,21.75
"dst",2026,3,"ffpc","GB","2026-09-27T19:17:36Z","refresh",8.6528433506331,19.25
"dst",2026,3,"ffpc","HOU","2026-09-27T19:17:36Z","refresh",8.62960960534141,20.5
"dst",2026,3,"ffpc","SF","2026-09-27T19:17:36Z","refresh",8.5245858136341,20.5
"dst",2026,3,"ffpc","DET","2026-09-27T19:17:36Z","refresh",8.42417010669163,21.25
"dst",2026,3,"ffpc","PHI","2026-09-27T19:17:36Z","refresh",8.42357174277421,18.75
"dst",2026,3,"ffpc","LA","2026-09-27T19:17:36Z","refresh",8.05799346503864,21.25
"dst",2026,3,"ffpc","TB","2026-09-27T19:17:36Z","refresh",7.86991421498017,21.75
"dst",2026,3,"ffpc","TEN","2026-09-27T19:17:36Z","refresh",7.86880494716528,20
"dst",2026,3,"ffpc","CHI","2026-09-27T19:17:36Z","refresh",7.83991426168839,22.75
"dst",2026,3,"ffpc","PIT","2026-09-27T19:17:36Z","refresh",7.69025115281219,22.75
"dst",2026,3,"ffpc","CLE","2026-09-27T19:17:36Z","refresh",7.63847059715347,21.75
"dst",2026,3,"ffpc","CIN","2026-09-27T19:17:36Z","refresh",7.4822202063417,19.75
"dst",2026,3,"ffpc","LV","2026-09-27T19:17:36Z","refresh",7.4811804639341,23.5
"dst",2026,3,"ffpc","IND","2026-09-27T19:17:36Z","refresh",7.36544427208803,22
"dst",2026,3,"ffpc","NE","2026-09-27T19:17:36Z","refresh",6.9304382516965,24.75
"dst",2026,3,"ffpc","ATL","2026-09-27T19:17:36Z","refresh",6.92401762091051,23.75
"dst",2026,3,"ffpc","DEN","2026-09-27T19:17:36Z","refresh",6.52219078106847,22.75
"dst",2026,3,"ffpc","WAS","2026-09-27T19:17:36Z","refresh",6.21070628289406,24.25
"dst",2026,3,"ffpc","BAL","2026-09-27T19:17:36Z","refresh",5.47031244217863,25
"dst",2026,3,"ffpc","NYJ","2026-09-27T19:17:36Z","refresh",5.05486198192824,28.25
"dst",2026,3,"ffpc","LAC","2026-09-27T19:17:36Z","refresh",4.84127832267274,28.75
"dst",2026,3,"ffpc","MIA","2026-09-27T19:17:36Z","refresh",4.63793270910291,27.5
"dst",2026,3,"ffpc","DAL","2026-09-27T19:17:36Z","refresh",4.60245733719081,28.5
"dst",2026,3,"ffpc","ARI","2026-09-27T19:17:36Z","refresh",4.38680129575355,28
"k",2026,3,"espn","KC","2026-09-27T19:18:13Z","refresh",9.25118360038487,27.5
"k",2026,3,"espn","HOU","2026-09-27T19:18:13Z","refresh",9.26309845672902,22
"k",2026,3,"espn","DET","2026-09-27T19:18:13Z","refresh",9.21229213015543,28.25
"k",2026,3,"espn","NO","2026-09-27T19:18:13Z","refresh",9.15455162369698,23.5
"k",2026,3,"espn","DAL","2026-09-27T19:18:13Z","refresh",9.05743001805526,25
"k",2026,3,"espn","SF","2026-09-27T19:18:13Z","refresh",8.86816063306057,28
"k",2026,3,"espn","MIN","2026-09-27T19:18:13Z","refresh",8.71555506271526,21.75
"k",2026,3,"espn","SEA","2026-09-27T19:18:13Z","refresh",8.77519336770005,24.25
"k",2026,3,"espn","JAX","2026-09-27T19:18:13Z","refresh",8.51732185050184,24.75
"k",2026,3,"espn","TB","2026-09-27T19:18:13Z","refresh",8.65574436900086,20.75
"k",2026,3,"espn","CIN","2026-09-27T19:18:13Z","refresh",8.47799112356493,22.75
"k",2026,3,"espn","PHI","2026-09-27T19:18:13Z","refresh",8.45545772183066,22.75
"k",2026,3,"espn","BAL","2026-09-27T19:18:13Z","refresh",8.46891251922725,28.5
"k",2026,3,"espn","BUF","2026-09-27T19:18:13Z","refresh",8.41119695587557,28.75
"k",2026,3,"espn","LV","2026-09-27T19:18:13Z","refresh",8.22205563553212,20
"k",2026,3,"espn","IND","2026-09-27T19:18:13Z","refresh",8.26489547703149,20.5
"k",2026,3,"espn","NYJ","2026-09-27T19:18:13Z","refresh",8.2205275700451,21.25
"k",2026,3,"espn","LA","2026-09-27T19:18:13Z","refresh",8.02439758322672,22.75
"k",2026,3,"espn","GB","2026-09-27T19:18:13Z","refresh",7.982777162325,23.75
"k",2026,3,"espn","DEN","2026-09-27T19:18:13Z","refresh",8.14665864269763,21.25
"k",2026,3,"espn","PIT","2026-09-27T19:18:13Z","refresh",7.93095904749382,19.75
"k",2026,3,"espn","ATL","2026-09-27T19:18:13Z","refresh",7.69744680616329,19.25
"k",2026,3,"espn","NE","2026-09-27T19:18:13Z","refresh",7.46693597217596,21.75
"k",2026,3,"espn","CAR","2026-09-27T19:18:13Z","refresh",7.45053695060952,21.75
"k",2026,3,"espn","CHI","2026-09-27T19:18:13Z","refresh",7.46930459686586,18.75
"k",2026,3,"espn","LAC","2026-09-27T19:18:13Z","refresh",7.48479143406405,21.75
"k",2026,3,"espn","CLE","2026-09-27T19:18:13Z","refresh",7.41500088460859,19.75
"k",2026,3,"espn","NYG","2026-09-27T19:18:13Z","refresh",7.39464175959722,20
"k",2026,3,"espn","ARI","2026-09-27T19:18:13Z","refresh",7.1992228560457,20.5
"k",2026,3,"espn","TEN","2026-09-27T19:18:13Z","refresh",7.28843567424197,17.5
"k",2026,3,"espn","MIA","2026-09-27T19:18:13Z","refresh",6.89619277475352,17.5
"k",2026,3,"espn","WAS","2026-09-27T19:18:13Z","refresh",6.20274930556539,15.75
"k",2026,3,"dec","KC","2026-09-27T19:18:13Z","refresh",9.58573832951808,27.5
"k",2026,3,"dec","HOU","2026-09-27T19:18:13Z","refresh",9.70566433783486,22
"k",2026,3,"dec","DET","2026-09-27T19:18:13Z","refresh",9.58530891261342,28.25
"k",2026,3,"dec","NO","2026-09-27T19:18:13Z","refresh",9.57221315834185,23.5
"k",2026,3,"dec","DAL","2026-09-27T19:18:13Z","refresh",9.46268571036832,25
"k",2026,3,"dec","SF","2026-09-27T19:18:13Z","refresh",9.17286450796097,28
"k",2026,3,"dec","MIN","2026-09-27T19:18:13Z","refresh",9.08610071236346,21.75
"k",2026,3,"dec","SEA","2026-09-27T19:18:13Z","refresh",9.12416978044754,24.25
"k",2026,3,"dec","JAX","2026-09-27T19:18:13Z","refresh",8.85063839242958,24.75
"k",2026,3,"dec","TB","2026-09-27T19:18:13Z","refresh",9.06028227844827,20.75
"k",2026,3,"dec","CIN","2026-09-27T19:18:13Z","refresh",8.8472876537752,22.75
"k",2026,3,"dec","PHI","2026-09-27T19:18:13Z","refresh",8.84418957268073,22.75
"k",2026,3,"dec","BAL","2026-09-27T19:18:13Z","refresh",8.74127460243472,28.5
"k",2026,3,"dec","BUF","2026-09-27T19:18:13Z","refresh",8.72811823854978,28.75
"k",2026,3,"dec","LV","2026-09-27T19:18:13Z","refresh",8.65024385052251,20
"k",2026,3,"dec","IND","2026-09-27T19:18:13Z","refresh",8.64673014227999,20.5
"k",2026,3,"dec","NYJ","2026-09-27T19:18:13Z","refresh",8.62928899474661,21.25
"k",2026,3,"dec","LA","2026-09-27T19:18:13Z","refresh",8.31746804999412,22.75
"k",2026,3,"dec","GB","2026-09-27T19:18:13Z","refresh",8.31091120528665,23.75
"k",2026,3,"dec","DEN","2026-09-27T19:18:13Z","refresh",8.49904797203428,21.25
"k",2026,3,"dec","PIT","2026-09-27T19:18:13Z","refresh",8.32550819779584,19.75
"k",2026,3,"dec","ATL","2026-09-27T19:18:13Z","refresh",8.09250872955201,19.25
"k",2026,3,"dec","NE","2026-09-27T19:18:13Z","refresh",7.78321489301342,21.75
"k",2026,3,"dec","CAR","2026-09-27T19:18:13Z","refresh",7.76513449132735,21.75
"k",2026,3,"dec","CHI","2026-09-27T19:18:13Z","refresh",7.86925592730536,18.75
"k",2026,3,"dec","LAC","2026-09-27T19:18:13Z","refresh",7.80854050106725,21.75
"k",2026,3,"dec","CLE","2026-09-27T19:18:13Z","refresh",7.73653817033385,19.75
"k",2026,3,"dec","NYG","2026-09-27T19:18:13Z","refresh",7.70821294156848,20
"k",2026,3,"dec","ARI","2026-09-27T19:18:13Z","refresh",7.50395124717928,20.5
"k",2026,3,"dec","TEN","2026-09-27T19:18:13Z","refresh",7.66393435820797,17.5
"k",2026,3,"dec","MIA","2026-09-27T19:18:13Z","refresh",7.22615937743087,17.5
"k",2026,3,"dec","WAS","2026-09-27T19:18:13Z","refresh",6.54139383967071,15.75
"dst",2026,3,"espn","KC","2026-09-27T19:50:17Z","refresh",9.76625937377507,17.5
"dst",2026,3,"espn","SEA","2026-09-27T19:50:17Z","refresh",9.21149171698871,15.75
"dst",2026,3,"espn","NO","2026-09-27T19:50:17Z","refresh",8.70970989885983,20
"dst",2026,3,"espn","CAR","2026-09-27T19:50:17Z","refresh",8.39393071729929,19.75
"dst",2026,3,"espn","NYG","2026-09-27T19:50:17Z","refresh",7.90356278970981,17.5
"dst",2026,3,"espn","MIN","2026-09-27T19:50:17Z","refresh",7.75971604183251,20.75
"dst",2026,3,"espn","GB","2026-09-27T19:50:17Z","refresh",7.56548301750651,19.25
"dst",2026,3,"espn","HOU","2026-09-27T19:50:17Z","refresh",7.48548883228806,20.5
"dst",2026,3,"espn","JAX","2026-09-27T19:50:17Z","refresh",7.44129289802826,21.75
"dst",2026,3,"espn","SF","2026-09-27T19:50:17Z","refresh",7.23454137564371,20.5
"dst",2026,3,"espn","PHI","2026-09-27T19:50:17Z","refresh",6.84152345135376,18.75
"dst",2026,3,"espn","BUF","2026-09-27T19:50:17Z","refresh",6.79875288823289,21.75
"dst",2026,3,"espn","LA","2026-09-27T19:50:17Z","refresh",6.39518787710468,21.25
"dst",2026,3,"espn","DET","2026-09-27T19:50:17Z","refresh",6.25045100501933,21.25
"dst",2026,3,"espn","TEN","2026-09-27T19:50:17Z","refresh",6.24424113486677,20
"dst",2026,3,"espn","TB","2026-09-27T19:50:17Z","refresh",6.2216993290792,21.75
"dst",2026,3,"espn","CHI","2026-09-27T19:50:17Z","refresh",6.17888061548735,22.75
"dst",2026,3,"espn","PIT","2026-09-27T19:50:17Z","refresh",6.10653325216365,22.75
"dst",2026,3,"espn","CIN","2026-09-27T19:50:17Z","refresh",6.06666068380698,19.75
"dst",2026,3,"espn","LV","2026-09-27T19:50:17Z","refresh",6.05313651454886,23.5
"dst",2026,3,"espn","CLE","2026-09-27T19:50:17Z","refresh",5.63444765886412,21.75
"dst",2026,3,"espn","ATL","2026-09-27T19:50:17Z","refresh",5.23355762220745,23.75
"dst",2026,3,"espn","NE","2026-09-27T19:50:17Z","refresh",5.17438518196761,24.75
"dst",2026,3,"espn","IND","2026-09-27T19:50:17Z","refresh",5.15948306746686,22
"dst",2026,3,"espn","DEN","2026-09-27T19:50:17Z","refresh",4.26915187787978,22.75
"dst",2026,3,"espn","WAS","2026-09-27T19:50:17Z","refresh",4.25352046464536,24.25
"dst",2026,3,"espn","BAL","2026-09-27T19:50:17Z","refresh",3.1844103104641,25
"dst",2026,3,"espn","NYJ","2026-09-27T19:50:17Z","refresh",2.7401508368899,28.25
"dst",2026,3,"espn","MIA","2026-09-27T19:50:17Z","refresh",2.20720051692679,27.5
"dst",2026,3,"espn","LAC","2026-09-27T19:50:17Z","refresh",2.19878821556025,28.75
"dst",2026,3,"espn","ARI","2026-09-27T19:50:17Z","refresh",1.69278826406983,28
"dst",2026,3,"espn","DAL","2026-09-27T19:50:17Z","refresh",1.25365294428688,28.5
"dst",2026,3,"yahoo","KC","2026-09-27T19:50:17Z","refresh",9.55756591544237,17.5
"dst",2026,3,"yahoo","SEA","2026-09-27T19:50:17Z","refresh",8.69098290168949,15.75
"dst",2026,3,"yahoo","CAR","2026-09-27T19:50:17Z","refresh",8.37565078455838,19.75
"dst",2026,3,"yahoo","NO","2026-09-27T19:50:17Z","refresh",8.34600423563353,20
"dst",2026,3,"yahoo","NYG","2026-09-27T19:50:17Z","refresh",8.18357864188572,17.5
"dst",2026,3,"yahoo","BUF","2026-09-27T19:50:17Z","refresh",7.86503965816967,21.75
"dst",2026,3,"yahoo","DET","2026-09-27T19:50:17Z","refresh",7.73102870801121,21.25
"dst",2026,3,"yahoo","HOU","2026-09-27T19:50:17Z","refresh",7.65015018615714,20.5
"dst",2026,3,"yahoo","GB","2026-09-27T19:50:17Z","refresh",7.50110379558407,19.25
"dst",2026,3,"yahoo","JAX","2026-09-27T19:50:17Z","refresh",7.44511488449312,21.75
"dst",2026,3,"yahoo","MIN","2026-09-27T19:50:17Z","refresh",7.35062897659368,20.75
"dst",2026,3,"yahoo","PHI","2026-09-27T19:50:17Z","refresh",7.29158370842211,18.75
"dst",2026,3,"yahoo","TB","2026-09-27T19:50:17Z","refresh",7.19087919660735,21.75
"dst",2026,3,"yahoo","SF","2026-09-27T19:50:17Z","refresh",7.13643455454004,20.5
"dst",2026,3,"yahoo","IND","2026-09-27T19:50:17Z","refresh",6.85197130976797,22
"dst",2026,3,"yahoo","LA","2026-09-27T19:50:17Z","refresh",6.81125161773485,21.25
"dst",2026,3,"yahoo","CIN","2026-09-27T19:50:17Z","refresh",6.7243893841601,19.75
"dst",2026,3,"yahoo","CLE","2026-09-27T19:50:17Z","refresh",6.62476283163717,21.75
"dst",2026,3,"yahoo","CHI","2026-09-27T19:50:17Z","refresh",6.60576159365362,22.75
"dst",2026,3,"yahoo","TEN","2026-09-27T19:50:17Z","refresh",6.54506648664307,20
"dst",2026,3,"yahoo","LV","2026-09-27T19:50:17Z","refresh",6.28578323167638,23.5
"dst",2026,3,"yahoo","PIT","2026-09-27T19:50:17Z","refresh",6.22857011395378,22.75
"dst",2026,3,"yahoo","ATL","2026-09-27T19:50:17Z","refresh",5.95352804225019,23.75
"dst",2026,3,"yahoo","DEN","2026-09-27T19:50:17Z","refresh",5.94219483274298,22.75
"dst",2026,3,"yahoo","NE","2026-09-27T19:50:17Z","refresh",5.78340808611551,24.75
"dst",2026,3,"yahoo","WAS","2026-09-27T19:50:17Z","refresh",5.53575498339355,24.25
"dst",2026,3,"yahoo","BAL","2026-09-27T19:50:17Z","refresh",5.20214345685557,25
"dst",2026,3,"yahoo","NYJ","2026-09-27T19:50:17Z","refresh",4.46275100318476,28.25
"dst",2026,3,"yahoo","DAL","2026-09-27T19:50:17Z","refresh",4.13884962810507,28.5
"dst",2026,3,"yahoo","ARI","2026-09-27T19:50:17Z","refresh",3.97174180990555,28
"dst",2026,3,"yahoo","LAC","2026-09-27T19:50:17Z","refresh",3.92683602553002,28.75
"dst",2026,3,"yahoo","MIA","2026-09-27T19:50:17Z","refresh",3.86253703406437,27.5
"dst",2026,3,"ffpc","KC","2026-09-27T19:50:17Z","refresh",10.7554846476736,17.5
"dst",2026,3,"ffpc","SEA","2026-09-27T19:50:17Z","refresh",10.2918002107457,15.75
"dst",2026,3,"ffpc","NO","2026-09-27T19:50:17Z","refresh",9.6168356384714,20
"dst",2026,3,"ffpc","CAR","2026-09-27T19:50:17Z","refresh",9.53853998796123,19.75
"dst",2026,3,"ffpc","NYG","2026-09-27T19:50:17Z","refresh",9.01902247912191,17.5
"dst",2026,3,"ffpc","JAX","2026-09-27T19:50:17Z","refresh",8.92755812511527,21.75
"dst",2026,3,"ffpc","MIN","2026-09-27T19:50:17Z","refresh",8.9211652984235,20.75
"dst",2026,3,"ffpc","BUF","2026-09-27T19:50:17Z","refresh",8.90025545711964,21.75
"dst",2026,3,"ffpc","GB","2026-09-27T19:50:17Z","refresh",8.6528433506331,19.25
"dst",2026,3,"ffpc","HOU","2026-09-27T19:50:17Z","refresh",8.62960960534141,20.5
"dst",2026,3,"ffpc","SF","2026-09-27T19:50:17Z","refresh",8.5245858136341,20.5
"dst",2026,3,"ffpc","DET","2026-09-27T19:50:17Z","refresh",8.42417010669163,21.25
"dst",2026,3,"ffpc","PHI","2026-09-27T19:50:17Z","refresh",8.42357174277421,18.75
"dst",2026,3,"ffpc","LA","2026-09-27T19:50:17Z","refresh",8.05799346503864,21.25
"dst",2026,3,"ffpc","TB","2026-09-27T19:50:17Z","refresh",7.86991421498017,21.75
"dst",2026,3,"ffpc","TEN","2026-09-27T19:50:17Z","refresh",7.86880494716528,20
"dst",2026,3,"ffpc","CHI","2026-09-27T19:50:17Z","refresh",7.83991426168839,22.75
"dst",2026,3,"ffpc","PIT","2026-09-27T19:50:17Z","refresh",7.69025115281219,22.75
"dst",2026,3,"ffpc","CLE","2026-09-27T19:50:17Z","refresh",7.63847059715347,21.75
"dst",2026,3,"ffpc","CIN","2026-09-27T19:50:17Z","refresh",7.4822202063417,19.75
"dst",2026,3,"ffpc","LV","2026-09-27T19:50:17Z","refresh",7.4811804639341,23.5
"dst",2026,3,"ffpc","IND","2026-09-27T19:50:17Z","refresh",7.36544427208803,22
"dst",2026,3,"ffpc","NE","2026-09-27T19:50:17Z","refresh",6.9304382516965,24.75
"dst",2026,3,"ffpc","ATL","2026-09-27T19:50:17Z","refresh",6.92401762091051,23.75
"dst",2026,3,"ffpc","DEN","2026-09-27T19:50:17Z","refresh",6.52219078106847,22.75
"dst",2026,3,"ffpc","WAS","2026-09-27T19:50:17Z","refresh",6.21070628289406,24.25
"dst",2026,3,"ffpc","BAL","2026-09-27T19:50:17Z","refresh",5.47031244217863,25
"dst",2026,3,"ffpc","NYJ","2026-09-27T19:50:17Z","refresh",5.05486198192824,28.25
"dst",2026,3,"ffpc","LAC","2026-09-27T19:50:17Z","refresh",4.84127832267274,28.75
"dst",2026,3,"ffpc","MIA","2026-09-27T19:50:17Z","refresh",4.63793270910291,27.5
"dst",2026,3,"ffpc","DAL","2026-09-27T19:50:17Z","refresh",4.60245733719081,28.5
"dst",2026,3,"ffpc","ARI","2026-09-27T19:50:17Z","refresh",4.38680129575355,28
"k",2026,3,"espn","KC","2026-09-27T19:50:51Z","refresh",9.25118360038487,27.5
"k",2026,3,"espn","HOU","2026-09-27T19:50:51Z","refresh",9.26309845672902,22
"k",2026,3,"espn","DET","2026-09-27T19:50:51Z","refresh",9.21229213015543,28.25
"k",2026,3,"espn","NO","2026-09-27T19:50:51Z","refresh",9.15455162369698,23.5
"k",2026,3,"espn","DAL","2026-09-27T19:50:51Z","refresh",9.05743001805526,25
"k",2026,3,"espn","SF","2026-09-27T19:50:51Z","refresh",8.86816063306057,28
"k",2026,3,"espn","MIN","2026-09-27T19:50:51Z","refresh",8.71555506271526,21.75
"k",2026,3,"espn","SEA","2026-09-27T19:50:51Z","refresh",8.77519336770005,24.25
"k",2026,3,"espn","JAX","2026-09-27T19:50:51Z","refresh",8.51732185050184,24.75
"k",2026,3,"espn","TB","2026-09-27T19:50:51Z","refresh",8.65574436900086,20.75
"k",2026,3,"espn","CIN","2026-09-27T19:50:51Z","refresh",8.47799112356493,22.75
"k",2026,3,"espn","PHI","2026-09-27T19:50:51Z","refresh",8.45545772183066,22.75
"k",2026,3,"espn","BAL","2026-09-27T19:50:51Z","refresh",8.46891251922725,28.5
"k",2026,3,"espn","BUF","2026-09-27T19:50:51Z","refresh",8.41119695587557,28.75
"k",2026,3,"espn","LV","2026-09-27T19:50:51Z","refresh",8.22205563553212,20
"k",2026,3,"espn","IND","2026-09-27T19:50:51Z","refresh",8.26489547703149,20.5
"k",2026,3,"espn","NYJ","2026-09-27T19:50:51Z","refresh",8.2205275700451,21.25
"k",2026,3,"espn","LA","2026-09-27T19:50:51Z","refresh",8.02439758322672,22.75
"k",2026,3,"espn","GB","2026-09-27T19:50:51Z","refresh",7.982777162325,23.75
"k",2026,3,"espn","DEN","2026-09-27T19:50:51Z","refresh",8.14665864269763,21.25
"k",2026,3,"espn","PIT","2026-09-27T19:50:51Z","refresh",7.93095904749382,19.75
"k",2026,3,"espn","ATL","2026-09-27T19:50:51Z","refresh",7.69744680616329,19.25
"k",2026,3,"espn","NE","2026-09-27T19:50:51Z","refresh",7.46693597217596,21.75
"k",2026,3,"espn","CAR","2026-09-27T19:50:51Z","refresh",7.45053695060952,21.75
"k",2026,3,"espn","CHI","2026-09-27T19:50:51Z","refresh",7.46930459686586,18.75
"k",2026,3,"espn","LAC","2026-09-27T19:50:51Z","refresh",7.48479143406405,21.75
"k",2026,3,"espn","CLE","2026-09-27T19:50:51Z","refresh",7.41500088460859,19.75
"k",2026,3,"espn","NYG","2026-09-27T19:50:51Z","refresh",7.39464175959722,20
"k",2026,3,"espn","ARI","2026-09-27T19:50:51Z","refresh",7.1992228560457,20.5
"k",2026,3,"espn","TEN","2026-09-27T19:50:51Z","refresh",7.28843567424197,17.5
"k",2026,3,"espn","MIA","2026-09-27T19:50:51Z","refresh",6.89619277475352,17.5
"k",2026,3,"espn","WAS","2026-09-27T19:50:51Z","refresh",6.20274930556539,15.75
"k",2026,3,"dec","KC","2026-09-27T19:50:51Z","refresh",9.58573832951808,27.5
"k",2026,3,"dec","HOU","2026-09-27T19:50:51Z","refresh",9.70566433783486,22
"k",2026,3,"dec","DET","2026-09-27T19:50:51Z","refresh",9.58530891261342,28.25
"k",2026,3,"dec","NO","2026-09-27T19:50:51Z","refresh",9.57221315834185,23.5
"k",2026,3,"dec","DAL","2026-09-27T19:50:51Z","refresh",9.46268571036832,25
"k",2026,3,"dec","SF","2026-09-27T19:50:51Z","refresh",9.17286450796097,28
"k",2026,3,"dec","MIN","2026-09-27T19:50:51Z","refresh",9.08610071236346,21.75
"k",2026,3,"dec","SEA","2026-09-27T19:50:51Z","refresh",9.12416978044754,24.25
"k",2026,3,"dec","JAX","2026-09-27T19:50:51Z","refresh",8.85063839242958,24.75
"k",2026,3,"dec","TB","2026-09-27T19:50:51Z","refresh",9.06028227844827,20.75
"k",2026,3,"dec","CIN","2026-09-27T19:50:51Z","refresh",8.8472876537752,22.75
"k",2026,3,"dec","PHI","2026-09-27T19:50:51Z","refresh",8.84418957268073,22.75
"k",2026,3,"dec","BAL","2026-09-27T19:50:51Z","refresh",8.74127460243472,28.5
"k",2026,3,"dec","BUF","2026-09-27T19:50:51Z","refresh",8.72811823854978,28.75
"k",2026,3,"dec","LV","2026-09-27T19:50:51Z","refresh",8.65024385052251,20
"k",2026,3,"dec","IND","2026-09-27T19:50:51Z","refresh",8.64673014227999,20.5
"k",2026,3,"dec","NYJ","2026-09-27T19:50:51Z","refresh",8.62928899474661,21.25
"k",2026,3,"dec","LA","2026-09-27T19:50:51Z","refresh",8.31746804999412,22.75
"k",2026,3,"dec","GB","2026-09-27T19:50:51Z","refresh",8.31091120528665,23.75
"k",2026,3,"dec","DEN","2026-09-27T19:50:51Z","refresh",8.49904797203428,21.25
"k",2026,3,"dec","PIT","2026-09-27T19:50:51Z","refresh",8.32550819779584,19.75
"k",2026,3,"dec","ATL","2026-09-27T19:50:51Z","refresh",8.09250872955201,19.25
"k",2026,3,"dec","NE","2026-09-27T19:50:51Z","refresh",7.78321489301342,21.75
"k",2026,3,"dec","CAR","2026-09-27T19:50:51Z","refresh",7.76513449132735,21.75
"k",2026,3,"dec","CHI","2026-09-27T19:50:51Z","refresh",7.86925592730536,18.75
"k",2026,3,"dec","LAC","2026-09-27T19:50:51Z","refresh",7.80854050106725,21.75
"k",2026,3,"dec","CLE","2026-09-27T19:50:51Z","refresh",7.73653817033385,19.75
"k",2026,3,"dec","NYG","2026-09-27T19:50:51Z","refresh",7.70821294156848,20
"k",2026,3,"dec","ARI","2026-09-27T19:50:51Z","refresh",7.50395124717928,20.5
"k",2026,3,"dec","TEN","2026-09-27T19:50:51Z","refresh",7.66393435820797,17.5
"k",2026,3,"dec","MIA","2026-09-27T19:50:51Z","refresh",7.22615937743087,17.5
"k",2026,3,"dec","WAS","2026-09-27T19:50:51Z","refresh",6.54139383967071,15.75
"dst",2026,3,"espn","KC","2026-09-27T21:57:23Z","refresh",9.76625937377507,17.5
"dst",2026,3,"espn","SEA","2026-09-27T21:57:23Z","refresh",9.21149171698872,15.75
"dst",2026,3,"espn","NO","2026-09-27T21:57:23Z","refresh",8.70970989885983,20
"dst",2026,3,"espn","CAR","2026-09-27T21:57:23Z","refresh",8.39393071729929,19.75
"dst",2026,3,"espn","NYG","2026-09-27T21:57:23Z","refresh",7.90356278970981,17.5
"dst",2026,3,"espn","MIN","2026-09-27T21:57:23Z","refresh",7.75971604183251,20.75
"dst",2026,3,"espn","GB","2026-09-27T21:57:23Z","refresh",7.56548301750651,19.25
"dst",2026,3,"espn","HOU","2026-09-27T21:57:23Z","refresh",7.48548883228806,20.5
"dst",2026,3,"espn","JAX","2026-09-27T21:57:23Z","refresh",7.44129289802827,21.75
"dst",2026,3,"espn","SF","2026-09-27T21:57:23Z","refresh",7.23454137564371,20.5
"dst",2026,3,"espn","PHI","2026-09-27T21:57:23Z","refresh",6.84152345135376,18.75
"dst",2026,3,"espn","BUF","2026-09-27T21:57:23Z","refresh",6.79875288823289,21.75
"dst",2026,3,"espn","LA","2026-09-27T21:57:23Z","refresh",6.30221955635941,21.5
"dst",2026,3,"espn","DET","2026-09-27T21:57:23Z","refresh",6.25045100501933,21.25
"dst",2026,3,"espn","TEN","2026-09-27T21:57:23Z","refresh",6.24424113486677,20
"dst",2026,3,"espn","TB","2026-09-27T21:57:23Z","refresh",6.2216993290792,21.75
"dst",2026,3,"espn","CHI","2026-09-27T21:57:23Z","refresh",6.17888061548735,22.75
"dst",2026,3,"espn","PIT","2026-09-27T21:57:23Z","refresh",6.10653325216365,22.75
"dst",2026,3,"espn","CIN","2026-09-27T21:57:23Z","refresh",6.06666068380698,19.75
"dst",2026,3,"espn","LV","2026-09-27T21:57:23Z","refresh",6.05313651454886,23.5
"dst",2026,3,"espn","CLE","2026-09-27T21:57:23Z","refresh",5.63444765886412,21.75
"dst",2026,3,"espn","ATL","2026-09-27T21:57:23Z","refresh",5.23355762220745,23.75
"dst",2026,3,"espn","NE","2026-09-27T21:57:23Z","refresh",5.17438518196761,24.75
"dst",2026,3,"espn","IND","2026-09-27T21:57:23Z","refresh",5.15948306746686,22
"dst",2026,3,"espn","WAS","2026-09-27T21:57:23Z","refresh",4.25352046464536,24.25
"dst",2026,3,"espn","DEN","2026-09-27T21:57:23Z","refresh",4.17590966679105,23
"dst",2026,3,"espn","BAL","2026-09-27T21:57:23Z","refresh",3.1844103104641,25
"dst",2026,3,"espn","NYJ","2026-09-27T21:57:23Z","refresh",2.7401508368899,28.25
"dst",2026,3,"espn","MIA","2026-09-27T21:57:23Z","refresh",2.20720051692679,27.5
"dst",2026,3,"espn","LAC","2026-09-27T21:57:23Z","refresh",2.19878821556025,28.75
"dst",2026,3,"espn","ARI","2026-09-27T21:57:23Z","refresh",1.69278826406983,28
"dst",2026,3,"espn","DAL","2026-09-27T21:57:23Z","refresh",1.25365294428688,28.5
"dst",2026,3,"yahoo","KC","2026-09-27T21:57:23Z","refresh",9.55756591544237,17.5
"dst",2026,3,"yahoo","SEA","2026-09-27T21:57:23Z","refresh",8.69098290168949,15.75
"dst",2026,3,"yahoo","CAR","2026-09-27T21:57:23Z","refresh",8.37565078455838,19.75
"dst",2026,3,"yahoo","NO","2026-09-27T21:57:23Z","refresh",8.34600423563353,20
"dst",2026,3,"yahoo","NYG","2026-09-27T21:57:23Z","refresh",8.18357864188572,17.5
"dst",2026,3,"yahoo","BUF","2026-09-27T21:57:23Z","refresh",7.86503965816967,21.75
"dst",2026,3,"yahoo","DET","2026-09-27T21:57:23Z","refresh",7.73102870801121,21.25
"dst",2026,3,"yahoo","HOU","2026-09-27T21:57:23Z","refresh",7.65015018615714,20.5
"dst",2026,3,"yahoo","GB","2026-09-27T21:57:23Z","refresh",7.50110379558407,19.25
"dst",2026,3,"yahoo","JAX","2026-09-27T21:57:23Z","refresh",7.44511488449312,21.75
"dst",2026,3,"yahoo","MIN","2026-09-27T21:57:23Z","refresh",7.35062897659369,20.75
"dst",2026,3,"yahoo","PHI","2026-09-27T21:57:23Z","refresh",7.29158370842211,18.75
"dst",2026,3,"yahoo","TB","2026-09-27T21:57:23Z","refresh",7.19087919660735,21.75
"dst",2026,3,"yahoo","SF","2026-09-27T21:57:23Z","refresh",7.13643455454004,20.5
"dst",2026,3,"yahoo","IND","2026-09-27T21:57:23Z","refresh",6.85197130976797,22
"dst",2026,3,"yahoo","LA","2026-09-27T21:57:23Z","refresh",6.75275013695509,21.5
"dst",2026,3,"yahoo","CIN","2026-09-27T21:57:23Z","refresh",6.7243893841601,19.75
"dst",2026,3,"yahoo","CLE","2026-09-27T21:57:23Z","refresh",6.62476283163717,21.75
"dst",2026,3,"yahoo","CHI","2026-09-27T21:57:23Z","refresh",6.60576159365362,22.75
"dst",2026,3,"yahoo","TEN","2026-09-27T21:57:23Z","refresh",6.54506648664307,20
"dst",2026,3,"yahoo","LV","2026-09-27T21:57:23Z","refresh",6.28578323167638,23.5
"dst",2026,3,"yahoo","PIT","2026-09-27T21:57:23Z","refresh",6.22857011395378,22.75
"dst",2026,3,"yahoo","ATL","2026-09-27T21:57:23Z","refresh",5.95352804225018,23.75
"dst",2026,3,"yahoo","DEN","2026-09-27T21:57:23Z","refresh",5.88369335196322,23
"dst",2026,3,"yahoo","NE","2026-09-27T21:57:23Z","refresh",5.78340808611551,24.75
"dst",2026,3,"yahoo","WAS","2026-09-27T21:57:23Z","refresh",5.53575498339355,24.25
"dst",2026,3,"yahoo","BAL","2026-09-27T21:57:23Z","refresh",5.20214345685557,25
"dst",2026,3,"yahoo","NYJ","2026-09-27T21:57:23Z","refresh",4.46275100318476,28.25
"dst",2026,3,"yahoo","DAL","2026-09-27T21:57:23Z","refresh",4.13884962810507,28.5
"dst",2026,3,"yahoo","ARI","2026-09-27T21:57:23Z","refresh",3.97174180990555,28
"dst",2026,3,"yahoo","LAC","2026-09-27T21:57:23Z","refresh",3.92683602553002,28.75
"dst",2026,3,"yahoo","MIA","2026-09-27T21:57:23Z","refresh",3.86253703406437,27.5
"dst",2026,3,"ffpc","KC","2026-09-27T21:57:23Z","refresh",10.7554846476736,17.5
"dst",2026,3,"ffpc","SEA","2026-09-27T21:57:23Z","refresh",10.2918002107457,15.75
"dst",2026,3,"ffpc","NO","2026-09-27T21:57:23Z","refresh",9.6168356384714,20
"dst",2026,3,"ffpc","CAR","2026-09-27T21:57:23Z","refresh",9.53853998796123,19.75
"dst",2026,3,"ffpc","NYG","2026-09-27T21:57:23Z","refresh",9.01902247912191,17.5
"dst",2026,3,"ffpc","JAX","2026-09-27T21:57:23Z","refresh",8.92755812511527,21.75
"dst",2026,3,"ffpc","MIN","2026-09-27T21:57:23Z","refresh",8.9211652984235,20.75
"dst",2026,3,"ffpc","BUF","2026-09-27T21:57:23Z","refresh",8.90025545711964,21.75
"dst",2026,3,"ffpc","GB","2026-09-27T21:57:23Z","refresh",8.6528433506331,19.25
"dst",2026,3,"ffpc","HOU","2026-09-27T21:57:23Z","refresh",8.62960960534141,20.5
"dst",2026,3,"ffpc","SF","2026-09-27T21:57:23Z","refresh",8.5245858136341,20.5
"dst",2026,3,"ffpc","DET","2026-09-27T21:57:23Z","refresh",8.42417010669163,21.25
"dst",2026,3,"ffpc","PHI","2026-09-27T21:57:23Z","refresh",8.42357174277421,18.75
"dst",2026,3,"ffpc","LA","2026-09-27T21:57:23Z","refresh",8.00572500758366,21.5
"dst",2026,3,"ffpc","TB","2026-09-27T21:57:23Z","refresh",7.86991421498017,21.75
"dst",2026,3,"ffpc","TEN","2026-09-27T21:57:23Z","refresh",7.86880494716528,20
"dst",2026,3,"ffpc","CHI","2026-09-27T21:57:23Z","refresh",7.83991426168839,22.75
"dst",2026,3,"ffpc","PIT","2026-09-27T21:57:23Z","refresh",7.69025115281219,22.75
"dst",2026,3,"ffpc","CLE","2026-09-27T21:57:23Z","refresh",7.63847059715347,21.75
"dst",2026,3,"ffpc","CIN","2026-09-27T21:57:23Z","refresh",7.4822202063417,19.75
"dst",2026,3,"ffpc","LV","2026-09-27T21:57:23Z","refresh",7.4811804639341,23.5
"dst",2026,3,"ffpc","IND","2026-09-27T21:57:23Z","refresh",7.36544427208803,22
"dst",2026,3,"ffpc","NE","2026-09-27T21:57:23Z","refresh",6.9304382516965,24.75
"dst",2026,3,"ffpc","ATL","2026-09-27T21:57:23Z","refresh",6.92401762091051,23.75
"dst",2026,3,"ffpc","DEN","2026-09-27T21:57:23Z","refresh",6.46942701448076,23
"dst",2026,3,"ffpc","WAS","2026-09-27T21:57:23Z","refresh",6.21070628289406,24.25
"dst",2026,3,"ffpc","BAL","2026-09-27T21:57:23Z","refresh",5.47031244217863,25
"dst",2026,3,"ffpc","NYJ","2026-09-27T21:57:23Z","refresh",5.05486198192824,28.25
"dst",2026,3,"ffpc","LAC","2026-09-27T21:57:23Z","refresh",4.84127832267274,28.75
"dst",2026,3,"ffpc","MIA","2026-09-27T21:57:23Z","refresh",4.63793270910291,27.5
"dst",2026,3,"ffpc","DAL","2026-09-27T21:57:23Z","refresh",4.60245733719081,28.5
"dst",2026,3,"ffpc","ARI","2026-09-27T21:57:23Z","refresh",4.38680129575355,28
"k",2026,3,"espn","KC","2026-09-27T21:57:57Z","refresh",9.25118360038487,27.5
"k",2026,3,"espn","HOU","2026-09-27T21:57:57Z","refresh",9.26309845672902,22
"k",2026,3,"espn","DET","2026-09-27T21:57:57Z","refresh",9.21229213015543,28.25
"k",2026,3,"espn","NO","2026-09-27T21:57:57Z","refresh",9.15455162369698,23.5
"k",2026,3,"espn","DAL","2026-09-27T21:57:57Z","refresh",9.05743001805526,25
"k",2026,3,"espn","SF","2026-09-27T21:57:57Z","refresh",8.86816063306057,28
"k",2026,3,"espn","MIN","2026-09-27T21:57:57Z","refresh",8.71555506271526,21.75
"k",2026,3,"espn","SEA","2026-09-27T21:57:57Z","refresh",8.77519336770005,24.25
"k",2026,3,"espn","JAX","2026-09-27T21:57:57Z","refresh",8.51732185050184,24.75
"k",2026,3,"espn","TB","2026-09-27T21:57:57Z","refresh",8.65574436900086,20.75
"k",2026,3,"espn","CIN","2026-09-27T21:57:57Z","refresh",8.47799112356493,22.75
"k",2026,3,"espn","PHI","2026-09-27T21:57:57Z","refresh",8.4562843280253,22.75
"k",2026,3,"espn","BAL","2026-09-27T21:57:57Z","refresh",8.46891251922725,28.5
"k",2026,3,"espn","BUF","2026-09-27T21:57:57Z","refresh",8.41119695587557,28.75
"k",2026,3,"espn","LV","2026-09-27T21:57:57Z","refresh",8.22205563553212,20
"k",2026,3,"espn","IND","2026-09-27T21:57:57Z","refresh",8.26489547703149,20.5
"k",2026,3,"espn","NYJ","2026-09-27T21:57:57Z","refresh",8.2205275700451,21.25
"k",2026,3,"espn","LA","2026-09-27T21:57:57Z","refresh",8.08983195208552,23
"k",2026,3,"espn","GB","2026-09-27T21:57:57Z","refresh",7.982777162325,23.75
"k",2026,3,"espn","DEN","2026-09-27T21:57:57Z","refresh",8.21090167397763,21.5
"k",2026,3,"espn","PIT","2026-09-27T21:57:57Z","refresh",7.93095904749382,19.75
"k",2026,3,"espn","ATL","2026-09-27T21:57:57Z","refresh",7.69744680616329,19.25
"k",2026,3,"espn","NE","2026-09-27T21:57:57Z","refresh",7.46693597217596,21.75
"k",2026,3,"espn","CAR","2026-09-27T21:57:57Z","refresh",7.45053695060952,21.75
"k",2026,3,"espn","CHI","2026-09-27T21:57:57Z","refresh",7.4701312030605,18.75
"k",2026,3,"espn","LAC","2026-09-27T21:57:57Z","refresh",7.48479143406405,21.75
"k",2026,3,"espn","CLE","2026-09-27T21:57:57Z","refresh",7.41500088460859,19.75
"k",2026,3,"espn","NYG","2026-09-27T21:57:57Z","refresh",7.39464175959722,20
"k",2026,3,"espn","ARI","2026-09-27T21:57:57Z","refresh",7.1992228560457,20.5
"k",2026,3,"espn","TEN","2026-09-27T21:57:57Z","refresh",7.28843567424197,17.5
"k",2026,3,"espn","MIA","2026-09-27T21:57:57Z","refresh",6.89619277475352,17.5
"k",2026,3,"espn","WAS","2026-09-27T21:57:57Z","refresh",6.20274930556539,15.75
"k",2026,3,"dec","KC","2026-09-27T21:57:57Z","refresh",9.58573832951808,27.5
"k",2026,3,"dec","HOU","2026-09-27T21:57:57Z","refresh",9.70566433783486,22
"k",2026,3,"dec","DET","2026-09-27T21:57:57Z","refresh",9.58530891261342,28.25
"k",2026,3,"dec","NO","2026-09-27T21:57:57Z","refresh",9.57221315834185,23.5
"k",2026,3,"dec","DAL","2026-09-27T21:57:57Z","refresh",9.46268571036832,25
"k",2026,3,"dec","SF","2026-09-27T21:57:57Z","refresh",9.17286450796097,28
"k",2026,3,"dec","MIN","2026-09-27T21:57:57Z","refresh",9.08610071236346,21.75
"k",2026,3,"dec","SEA","2026-09-27T21:57:57Z","refresh",9.12416978044754,24.25
"k",2026,3,"dec","JAX","2026-09-27T21:57:57Z","refresh",8.85063839242957,24.75
"k",2026,3,"dec","TB","2026-09-27T21:57:57Z","refresh",9.06028227844827,20.75
"k",2026,3,"dec","CIN","2026-09-27T21:57:57Z","refresh",8.8472876537752,22.75
"k",2026,3,"dec","PHI","2026-09-27T21:57:57Z","refresh",8.8451162518136,22.75
"k",2026,3,"dec","BAL","2026-09-27T21:57:57Z","refresh",8.74127460243472,28.5
"k",2026,3,"dec","BUF","2026-09-27T21:57:57Z","refresh",8.72811823854978,28.75
"k",2026,3,"dec","LV","2026-09-27T21:57:57Z","refresh",8.65024385052251,20
"k",2026,3,"dec","IND","2026-09-27T21:57:57Z","refresh",8.64673014227999,20.5
"k",2026,3,"dec","NYJ","2026-09-27T21:57:57Z","refresh",8.62928899474661,21.25
"k",2026,3,"dec","LA","2026-09-27T21:57:57Z","refresh",8.38272426528482,23
"k",2026,3,"dec","GB","2026-09-27T21:57:57Z","refresh",8.31091120528665,23.75
"k",2026,3,"dec","DEN","2026-09-27T21:57:57Z","refresh",8.56319282307713,21.5
"k",2026,3,"dec","PIT","2026-09-27T21:57:57Z","refresh",8.32550819779584,19.75
"k",2026,3,"dec","ATL","2026-09-27T21:57:57Z","refresh",8.09250872955202,19.25
"k",2026,3,"dec","NE","2026-09-27T21:57:57Z","refresh",7.78321489301342,21.75
"k",2026,3,"dec","CAR","2026-09-27T21:57:57Z","refresh",7.76513449132735,21.75
"k",2026,3,"dec","CHI","2026-09-27T21:57:57Z","refresh",7.87018260643823,18.75
"k",2026,3,"dec","LAC","2026-09-27T21:57:57Z","refresh",7.80854050106725,21.75
"k",2026,3,"dec","CLE","2026-09-27T21:57:57Z","refresh",7.73653817033385,19.75
"k",2026,3,"dec","NYG","2026-09-27T21:57:57Z","refresh",7.70821294156848,20
"k",2026,3,"dec","ARI","2026-09-27T21:57:57Z","refresh",7.50395124717928,20.5
"k",2026,3,"dec","TEN","2026-09-27T21:57:57Z","refresh",7.66393435820797,17.5
"k",2026,3,"dec","MIA","2026-09-27T21:57:57Z","refresh",7.22615937743087,17.5
"k",2026,3,"dec","WAS","2026-09-27T21:57:57Z","refresh",6.54139383967071,15.75
"dst",2026,3,"espn","KC","2026-09-28T01:42:12Z","refresh",9.76770269689408,17.5
"dst",2026,3,"espn","SEA","2026-09-28T01:42:12Z","refresh",9.21337053881897,15.75
"dst",2026,3,"espn","NO","2026-09-28T01:42:12Z","refresh",8.71129683284509,20
"dst",2026,3,"espn","CAR","2026-09-28T01:42:12Z","refresh",8.39535981898763,19.75
"dst",2026,3,"espn","NYG","2026-09-28T01:42:12Z","refresh",7.90518366033164,17.5
"dst",2026,3,"espn","MIN","2026-09-28T01:42:12Z","refresh",7.76120801576422,20.75
"dst",2026,3,"espn","GB","2026-09-28T01:42:12Z","refresh",7.56713143366671,19.25
"dst",2026,3,"espn","HOU","2026-09-28T01:42:12Z","refresh",7.48717199568386,20.5
"dst",2026,3,"espn","JAX","2026-09-28T01:42:12Z","refresh",7.44304522946707,21.75
"dst",2026,3,"espn","SF","2026-09-28T01:42:12Z","refresh",7.2361781184212,20.5
"dst",2026,3,"espn","BUF","2026-09-28T01:42:12Z","refresh",6.80026159928935,21.75
"dst",2026,3,"espn","PHI","2026-09-28T01:42:12Z","refresh",6.36404975527047,18.75
"dst",2026,3,"espn","LA","2026-09-28T01:42:12Z","refresh",6.3041167720317,21.5
"dst",2026,3,"espn","DET","2026-09-28T01:42:12Z","refresh",6.25210315670467,21.25
"dst",2026,3,"espn","TEN","2026-09-28T01:42:12Z","refresh",6.24587243867708,20
"dst",2026,3,"espn","TB","2026-09-28T01:42:12Z","refresh",6.22325566014288,21.75
"dst",2026,3,"espn","CHI","2026-09-28T01:42:12Z","refresh",6.18041623911175,22.75
"dst",2026,3,"espn","PIT","2026-09-28T01:42:12Z","refresh",6.10827221419273,22.75
"dst",2026,3,"espn","CIN","2026-09-28T01:42:12Z","refresh",6.06818946579617,19.75
"dst",2026,3,"espn","LV","2026-09-28T01:42:12Z","refresh",6.05487342429699,23.5
"dst",2026,3,"espn","CLE","2026-09-28T01:42:12Z","refresh",5.63601772867566,21.75
"dst",2026,3,"espn","ATL","2026-09-28T01:42:12Z","refresh",5.23514670495356,23.75
"dst",2026,3,"espn","NE","2026-09-28T01:42:12Z","refresh",5.17606787898722,24.75
"dst",2026,3,"espn","IND","2026-09-28T01:42:12Z","refresh",5.1609240725978,22
"dst",2026,3,"espn","WAS","2026-09-28T01:42:12Z","refresh",4.25487105575293,24.25
"dst",2026,3,"espn","DEN","2026-09-28T01:42:12Z","refresh",4.17747320705313,23
"dst",2026,3,"espn","BAL","2026-09-28T01:42:12Z","refresh",3.18617998402706,25
"dst",2026,3,"espn","NYJ","2026-09-28T01:42:12Z","refresh",2.7415517838025,28.25
"dst",2026,3,"espn","MIA","2026-09-28T01:42:12Z","refresh",2.2088018757068,27.5
"dst",2026,3,"espn","LAC","2026-09-28T01:42:12Z","refresh",2.20059464365821,28.75
"dst",2026,3,"espn","ARI","2026-09-28T01:42:12Z","refresh",1.6946577634619,28
"dst",2026,3,"espn","DAL","2026-09-28T01:42:12Z","refresh",1.25522659001827,28.5
"dst",2026,3,"yahoo","KC","2026-09-28T01:42:12Z","refresh",9.55674690905156,17.5
"dst",2026,3,"yahoo","SEA","2026-09-28T01:42:12Z","refresh",8.69016389529868,15.75
"dst",2026,3,"yahoo","CAR","2026-09-28T01:42:12Z","refresh",8.37483177816758,19.75
"dst",2026,3,"yahoo","NO","2026-09-28T01:42:12Z","refresh",8.34518522924273,20
"dst",2026,3,"yahoo","NYG","2026-09-28T01:42:12Z","refresh",8.18275963549491,17.5
"dst",2026,3,"yahoo","BUF","2026-09-28T01:42:12Z","refresh",7.86422065177886,21.75
"dst",2026,3,"yahoo","DET","2026-09-28T01:42:12Z","refresh",7.7302097016204,21.25
"dst",2026,3,"yahoo","HOU","2026-09-28T01:42:12Z","refresh",7.64933117976633,20.5
"dst",2026,3,"yahoo","GB","2026-09-28T01:42:12Z","refresh",7.50028478919327,19.25
"dst",2026,3,"yahoo","JAX","2026-09-28T01:42:12Z","refresh",7.44429587810231,21.75
"dst",2026,3,"yahoo","MIN","2026-09-28T01:42:12Z","refresh",7.34980997020288,20.75
"dst",2026,3,"yahoo","TB","2026-09-28T01:42:12Z","refresh",7.19006019021654,21.75
"dst",2026,3,"yahoo","SF","2026-09-28T01:42:12Z","refresh",7.13561554814923,20.5
"dst",2026,3,"yahoo","PHI","2026-09-28T01:42:12Z","refresh",6.910925471016,18.75
"dst",2026,3,"yahoo","IND","2026-09-28T01:42:12Z","refresh",6.85115230337717,22
"dst",2026,3,"yahoo","LA","2026-09-28T01:42:12Z","refresh",6.75193113056428,21.5
"dst",2026,3,"yahoo","CIN","2026-09-28T01:42:12Z","refresh",6.72357037776929,19.75
"dst",2026,3,"yahoo","CLE","2026-09-28T01:42:12Z","refresh",6.62394382524637,21.75
"dst",2026,3,"yahoo","CHI","2026-09-28T01:42:12Z","refresh",6.60494258726281,22.75
"dst",2026,3,"yahoo","TEN","2026-09-28T01:42:12Z","refresh",6.54424748025226,20
"dst",2026,3,"yahoo","LV","2026-09-28T01:42:12Z","refresh",6.28496422528557,23.5
"dst",2026,3,"yahoo","PIT","2026-09-28T01:42:12Z","refresh",6.22775110756297,22.75
"dst",2026,3,"yahoo","ATL","2026-09-28T01:42:12Z","refresh",5.95270903585938,23.75
"dst",2026,3,"yahoo","DEN","2026-09-28T01:42:12Z","refresh",5.88287434557241,23
"dst",2026,3,"yahoo","NE","2026-09-28T01:42:12Z","refresh",5.7825890797247,24.75
"dst",2026,3,"yahoo","WAS","2026-09-28T01:42:12Z","refresh",5.53493597700274,24.25
"dst",2026,3,"yahoo","BAL","2026-09-28T01:42:12Z","refresh",5.20132445046476,25
"dst",2026,3,"yahoo","NYJ","2026-09-28T01:42:12Z","refresh",4.46193199679395,28.25
"dst",2026,3,"yahoo","DAL","2026-09-28T01:42:12Z","refresh",4.13803062171426,28.5
"dst",2026,3,"yahoo","ARI","2026-09-28T01:42:12Z","refresh",3.97092280351474,28
"dst",2026,3,"yahoo","LAC","2026-09-28T01:42:12Z","refresh",3.92601701913921,28.75
"dst",2026,3,"yahoo","MIA","2026-09-28T01:42:12Z","refresh",3.86171802767357,27.5
"dst",2026,3,"ffpc","KC","2026-09-28T01:42:12Z","refresh",10.7575943623337,17.5
"dst",2026,3,"ffpc","SEA","2026-09-28T01:42:12Z","refresh",10.2941886635236,15.75
"dst",2026,3,"ffpc","NO","2026-09-28T01:42:12Z","refresh",9.61899612202774,20
"dst",2026,3,"ffpc","CAR","2026-09-28T01:42:12Z","refresh",9.54050885965117,19.75
"dst",2026,3,"ffpc","NYG","2026-09-28T01:42:12Z","refresh",9.02114811224733,17.5
"dst",2026,3,"ffpc","JAX","2026-09-28T01:42:12Z","refresh",8.9298616056246,21.75
"dst",2026,3,"ffpc","MIN","2026-09-28T01:42:12Z","refresh",8.92315580509134,20.75
"dst",2026,3,"ffpc","BUF","2026-09-28T01:42:12Z","refresh",8.9022868207465,21.75
"dst",2026,3,"ffpc","GB","2026-09-28T01:42:12Z","refresh",8.65501759508849,19.25
"dst",2026,3,"ffpc","HOU","2026-09-28T01:42:12Z","refresh",8.63196743665053,20.5
"dst",2026,3,"ffpc","SF","2026-09-28T01:42:12Z","refresh",8.5267717247614,20.5
"dst",2026,3,"ffpc","DET","2026-09-28T01:42:12Z","refresh",8.42641980858304,21.25
"dst",2026,3,"ffpc","LA","2026-09-28T01:42:12Z","refresh",8.00816904688325,21.5
"dst",2026,3,"ffpc","PHI","2026-09-28T01:42:12Z","refresh",7.88868962935164,18.75
"dst",2026,3,"ffpc","TB","2026-09-28T01:42:12Z","refresh",7.87194030402321,21.75
"dst",2026,3,"ffpc","TEN","2026-09-28T01:42:12Z","refresh",7.87098084672871,20
"dst",2026,3,"ffpc","CHI","2026-09-28T01:42:12Z","refresh",7.84199810783378,22.75
"dst",2026,3,"ffpc","PIT","2026-09-28T01:42:12Z","refresh",7.69257797055753,22.75
"dst",2026,3,"ffpc","CLE","2026-09-28T01:42:12Z","refresh",7.64064863329422,21.75
"dst",2026,3,"ffpc","CIN","2026-09-28T01:42:12Z","refresh",7.48431112166757,19.75
"dst",2026,3,"ffpc","LV","2026-09-28T01:42:12Z","refresh",7.48343337444581,23.5
"dst",2026,3,"ffpc","IND","2026-09-28T01:42:12Z","refresh",7.36747891157084,22
"dst",2026,3,"ffpc","NE","2026-09-28T01:42:12Z","refresh",6.93267560676806,24.75
"dst",2026,3,"ffpc","ATL","2026-09-28T01:42:12Z","refresh",6.92617501916846,23.75
"dst",2026,3,"ffpc","DEN","2026-09-28T01:42:12Z","refresh",6.47146226085079,23
"dst",2026,3,"ffpc","WAS","2026-09-28T01:42:12Z","refresh",6.21255466832962,24.25
"dst",2026,3,"ffpc","BAL","2026-09-28T01:42:12Z","refresh",5.47260262523933,25
"dst",2026,3,"ffpc","NYJ","2026-09-28T01:42:12Z","refresh",5.05680157029025,28.25
"dst",2026,3,"ffpc","LAC","2026-09-28T01:42:12Z","refresh",4.84363016899867,28.75
"dst",2026,3,"ffpc","MIA","2026-09-28T01:42:12Z","refresh",4.64006680018101,27.5
"dst",2026,3,"ffpc","DAL","2026-09-28T01:42:12Z","refresh",4.60444848806655,28.5
"dst",2026,3,"ffpc","ARI","2026-09-28T01:42:12Z","refresh",4.38917570441993,28
"k",2026,3,"espn","KC","2026-09-28T01:42:43Z","refresh",9.25118360038487,27.5
"k",2026,3,"espn","HOU","2026-09-28T01:42:43Z","refresh",9.26309845672902,22
"k",2026,3,"espn","DET","2026-09-28T01:42:43Z","refresh",9.21229213015543,28.25
"k",2026,3,"espn","NO","2026-09-28T01:42:43Z","refresh",9.15455162369698,23.5
"k",2026,3,"espn","DAL","2026-09-28T01:42:43Z","refresh",9.05743001805526,25
"k",2026,3,"espn","SF","2026-09-28T01:42:43Z","refresh",8.86816063306057,28
"k",2026,3,"espn","MIN","2026-09-28T01:42:43Z","refresh",8.71555506271526,21.75
"k",2026,3,"espn","SEA","2026-09-28T01:42:43Z","refresh",8.77519336770005,24.25
"k",2026,3,"espn","JAX","2026-09-28T01:42:43Z","refresh",8.51732185050184,24.75
"k",2026,3,"espn","TB","2026-09-28T01:42:43Z","refresh",8.65574436900086,20.75
"k",2026,3,"espn","CIN","2026-09-28T01:42:43Z","refresh",8.47799112356493,22.75
"k",2026,3,"espn","PHI","2026-09-28T01:42:43Z","refresh",8.4562843280253,22.75
"k",2026,3,"espn","BAL","2026-09-28T01:42:43Z","refresh",8.46891251922725,28.5
"k",2026,3,"espn","BUF","2026-09-28T01:42:43Z","refresh",8.41119695587557,28.75
"k",2026,3,"espn","LV","2026-09-28T01:42:43Z","refresh",8.22205563553212,20
"k",2026,3,"espn","IND","2026-09-28T01:42:43Z","refresh",8.26489547703149,20.5
"k",2026,3,"espn","NYJ","2026-09-28T01:42:43Z","refresh",8.2205275700451,21.25
"k",2026,3,"espn","LA","2026-09-28T01:42:43Z","refresh",8.08983195208552,23
"k",2026,3,"espn","GB","2026-09-28T01:42:43Z","refresh",7.982777162325,23.75
"k",2026,3,"espn","DEN","2026-09-28T01:42:43Z","refresh",8.21090167397763,21.5
"k",2026,3,"espn","PIT","2026-09-28T01:42:43Z","refresh",7.93095904749382,19.75
"k",2026,3,"espn","ATL","2026-09-28T01:42:43Z","refresh",7.69744680616329,19.25
"k",2026,3,"espn","NE","2026-09-28T01:42:43Z","refresh",7.46693597217596,21.75
"k",2026,3,"espn","CAR","2026-09-28T01:42:43Z","refresh",7.45053695060952,21.75
"k",2026,3,"espn","CHI","2026-09-28T01:42:43Z","refresh",7.4701312030605,18.75
"k",2026,3,"espn","LAC","2026-09-28T01:42:43Z","refresh",7.48479143406405,21.75
"k",2026,3,"espn","CLE","2026-09-28T01:42:43Z","refresh",7.41500088460859,19.75
"k",2026,3,"espn","NYG","2026-09-28T01:42:43Z","refresh",7.39464175959722,20
"k",2026,3,"espn","ARI","2026-09-28T01:42:43Z","refresh",7.1992228560457,20.5
"k",2026,3,"espn","TEN","2026-09-28T01:42:43Z","refresh",7.28843567424197,17.5
"k",2026,3,"espn","MIA","2026-09-28T01:42:43Z","refresh",6.89619277475352,17.5
"k",2026,3,"espn","WAS","2026-09-28T01:42:43Z","refresh",6.20274930556539,15.75
"k",2026,3,"dec","KC","2026-09-28T01:42:43Z","refresh",9.58573832951808,27.5
"k",2026,3,"dec","HOU","2026-09-28T01:42:43Z","refresh",9.70566433783486,22
"k",2026,3,"dec","DET","2026-09-28T01:42:43Z","refresh",9.58530891261342,28.25
"k",2026,3,"dec","NO","2026-09-28T01:42:43Z","refresh",9.57221315834185,23.5
"k",2026,3,"dec","DAL","2026-09-28T01:42:43Z","refresh",9.46268571036832,25
"k",2026,3,"dec","SF","2026-09-28T01:42:43Z","refresh",9.17286450796097,28
"k",2026,3,"dec","MIN","2026-09-28T01:42:43Z","refresh",9.08610071236346,21.75
"k",2026,3,"dec","SEA","2026-09-28T01:42:43Z","refresh",9.12416978044754,24.25
"k",2026,3,"dec","JAX","2026-09-28T01:42:43Z","refresh",8.85063839242957,24.75
"k",2026,3,"dec","TB","2026-09-28T01:42:43Z","refresh",9.06028227844827,20.75
"k",2026,3,"dec","CIN","2026-09-28T01:42:43Z","refresh",8.8472876537752,22.75
"k",2026,3,"dec","PHI","2026-09-28T01:42:43Z","refresh",8.8451162518136,22.75
"k",2026,3,"dec","BAL","2026-09-28T01:42:43Z","refresh",8.74127460243472,28.5
"k",2026,3,"dec","BUF","2026-09-28T01:42:43Z","refresh",8.72811823854978,28.75
"k",2026,3,"dec","LV","2026-09-28T01:42:43Z","refresh",8.65024385052251,20
"k",2026,3,"dec","IND","2026-09-28T01:42:43Z","refresh",8.64673014227999,20.5
"k",2026,3,"dec","NYJ","2026-09-28T01:42:43Z","refresh",8.62928899474661,21.25
"k",2026,3,"dec","LA","2026-09-28T01:42:43Z","refresh",8.38272426528482,23
"k",2026,3,"dec","GB","2026-09-28T01:42:43Z","refresh",8.31091120528665,23.75
"k",2026,3,"dec","DEN","2026-09-28T01:42:43Z","refresh",8.56319282307713,21.5
"k",2026,3,"dec","PIT","2026-09-28T01:42:43Z","refresh",8.32550819779584,19.75
"k",2026,3,"dec","ATL","2026-09-28T01:42:43Z","refresh",8.09250872955202,19.25
"k",2026,3,"dec","NE","2026-09-28T01:42:43Z","refresh",7.78321489301342,21.75
"k",2026,3,"dec","CAR","2026-09-28T01:42:43Z","refresh",7.76513449132735,21.75
"k",2026,3,"dec","CHI","2026-09-28T01:42:43Z","refresh",7.87018260643823,18.75
"k",2026,3,"dec","LAC","2026-09-28T01:42:43Z","refresh",7.80854050106725,21.75
"k",2026,3,"dec","CLE","2026-09-28T01:42:43Z","refresh",7.73653817033385,19.75
"k",2026,3,"dec","NYG","2026-09-28T01:42:43Z","refresh",7.70821294156848,20
"k",2026,3,"dec","ARI","2026-09-28T01:42:43Z","refresh",7.50395124717928,20.5
"k",2026,3,"dec","TEN","2026-09-28T01:42:43Z","refresh",7.66393435820797,17.5
"k",2026,3,"dec","MIA","2026-09-28T01:42:43Z","refresh",7.22615937743087,17.5
"k",2026,3,"dec","WAS","2026-09-28T01:42:43Z","refresh",6.54139383967071,15.75
"dst",2026,3,"espn","KC","2026-09-29T02:31:09Z","refresh",9.76770269689408,17.5
"dst",2026,3,"espn","SEA","2026-09-29T02:31:09Z","refresh",9.21337053881897,15.75
"dst",2026,3,"espn","NO","2026-09-29T02:31:09Z","refresh",8.71129683284509,20
"dst",2026,3,"espn","CAR","2026-09-29T02:31:09Z","refresh",8.39535981898763,19.75
"dst",2026,3,"espn","NYG","2026-09-29T02:31:09Z","refresh",7.90518366033164,17.5
"dst",2026,3,"espn","MIN","2026-09-29T02:31:09Z","refresh",7.76120801576422,20.75
"dst",2026,3,"espn","GB","2026-09-29T02:31:09Z","refresh",7.56713143366671,19.25
"dst",2026,3,"espn","HOU","2026-09-29T02:31:09Z","refresh",7.48717199568386,20.5
"dst",2026,3,"espn","JAX","2026-09-29T02:31:09Z","refresh",7.44304522946707,21.75
"dst",2026,3,"espn","SF","2026-09-29T02:31:09Z","refresh",7.2361781184212,20.5
"dst",2026,3,"espn","BUF","2026-09-29T02:31:09Z","refresh",6.80026159928935,21.75
"dst",2026,3,"espn","PHI","2026-09-29T02:31:09Z","refresh",6.36404975527047,18.75
"dst",2026,3,"espn","LA","2026-09-29T02:31:09Z","refresh",6.3041167720317,21.5
"dst",2026,3,"espn","DET","2026-09-29T02:31:09Z","refresh",6.25210315670467,21.25
"dst",2026,3,"espn","TEN","2026-09-29T02:31:09Z","refresh",6.24587243867708,20
"dst",2026,3,"espn","TB","2026-09-29T02:31:09Z","refresh",6.22325566014288,21.75
"dst",2026,3,"espn","CHI","2026-09-29T02:31:09Z","refresh",6.18041623911175,22.75
"dst",2026,3,"espn","PIT","2026-09-29T02:31:09Z","refresh",6.10827221419273,22.75
"dst",2026,3,"espn","CIN","2026-09-29T02:31:09Z","refresh",6.06818946579617,19.75
"dst",2026,3,"espn","LV","2026-09-29T02:31:09Z","refresh",6.05487342429699,23.5
"dst",2026,3,"espn","CLE","2026-09-29T02:31:09Z","refresh",5.63601772867566,21.75
"dst",2026,3,"espn","ATL","2026-09-29T02:31:09Z","refresh",5.23514670495356,23.75
"dst",2026,3,"espn","NE","2026-09-29T02:31:09Z","refresh",5.17606787898722,24.75
"dst",2026,3,"espn","IND","2026-09-29T02:31:09Z","refresh",5.1609240725978,22
"dst",2026,3,"espn","WAS","2026-09-29T02:31:09Z","refresh",4.25487105575293,24.25
"dst",2026,3,"espn","DEN","2026-09-29T02:31:09Z","refresh",4.17747320705313,23
"dst",2026,3,"espn","BAL","2026-09-29T02:31:09Z","refresh",3.18617998402706,25
"dst",2026,3,"espn","NYJ","2026-09-29T02:31:09Z","refresh",2.7415517838025,28.25
"dst",2026,3,"espn","MIA","2026-09-29T02:31:09Z","refresh",2.2088018757068,27.5
"dst",2026,3,"espn","LAC","2026-09-29T02:31:09Z","refresh",2.20059464365821,28.75
"dst",2026,3,"espn","ARI","2026-09-29T02:31:09Z","refresh",1.6946577634619,28
"dst",2026,3,"espn","DAL","2026-09-29T02:31:09Z","refresh",1.25522659001827,28.5
"dst",2026,3,"yahoo","KC","2026-09-29T02:31:09Z","refresh",9.55674690905156,17.5
"dst",2026,3,"yahoo","SEA","2026-09-29T02:31:09Z","refresh",8.69016389529868,15.75
"dst",2026,3,"yahoo","CAR","2026-09-29T02:31:09Z","refresh",8.37483177816758,19.75
"dst",2026,3,"yahoo","NO","2026-09-29T02:31:09Z","refresh",8.34518522924273,20
"dst",2026,3,"yahoo","NYG","2026-09-29T02:31:09Z","refresh",8.18275963549491,17.5
"dst",2026,3,"yahoo","BUF","2026-09-29T02:31:09Z","refresh",7.86422065177886,21.75
"dst",2026,3,"yahoo","DET","2026-09-29T02:31:09Z","refresh",7.7302097016204,21.25
"dst",2026,3,"yahoo","HOU","2026-09-29T02:31:09Z","refresh",7.64933117976633,20.5
"dst",2026,3,"yahoo","GB","2026-09-29T02:31:09Z","refresh",7.50028478919327,19.25
"dst",2026,3,"yahoo","JAX","2026-09-29T02:31:09Z","refresh",7.44429587810231,21.75
"dst",2026,3,"yahoo","MIN","2026-09-29T02:31:09Z","refresh",7.34980997020288,20.75
"dst",2026,3,"yahoo","TB","2026-09-29T02:31:09Z","refresh",7.19006019021654,21.75
"dst",2026,3,"yahoo","SF","2026-09-29T02:31:09Z","refresh",7.13561554814923,20.5
"dst",2026,3,"yahoo","PHI","2026-09-29T02:31:09Z","refresh",6.910925471016,18.75
"dst",2026,3,"yahoo","IND","2026-09-29T02:31:09Z","refresh",6.85115230337717,22
"dst",2026,3,"yahoo","LA","2026-09-29T02:31:09Z","refresh",6.75193113056428,21.5
"dst",2026,3,"yahoo","CIN","2026-09-29T02:31:09Z","refresh",6.72357037776929,19.75
"dst",2026,3,"yahoo","CLE","2026-09-29T02:31:09Z","refresh",6.62394382524637,21.75
"dst",2026,3,"yahoo","CHI","2026-09-29T02:31:09Z","refresh",6.60494258726281,22.75
"dst",2026,3,"yahoo","TEN","2026-09-29T02:31:09Z","refresh",6.54424748025226,20
"dst",2026,3,"yahoo","LV","2026-09-29T02:31:09Z","refresh",6.28496422528557,23.5
"dst",2026,3,"yahoo","PIT","2026-09-29T02:31:09Z","refresh",6.22775110756297,22.75
"dst",2026,3,"yahoo","ATL","2026-09-29T02:31:09Z","refresh",5.95270903585938,23.75
"dst",2026,3,"yahoo","DEN","2026-09-29T02:31:09Z","refresh",5.88287434557241,23
"dst",2026,3,"yahoo","NE","2026-09-29T02:31:09Z","refresh",5.7825890797247,24.75
"dst",2026,3,"yahoo","WAS","2026-09-29T02:31:09Z","refresh",5.53493597700274,24.25
"dst",2026,3,"yahoo","BAL","2026-09-29T02:31:09Z","refresh",5.20132445046476,25
"dst",2026,3,"yahoo","NYJ","2026-09-29T02:31:09Z","refresh",4.46193199679395,28.25
"dst",2026,3,"yahoo","DAL","2026-09-29T02:31:09Z","refresh",4.13803062171426,28.5
"dst",2026,3,"yahoo","ARI","2026-09-29T02:31:09Z","refresh",3.97092280351474,28
"dst",2026,3,"yahoo","LAC","2026-09-29T02:31:09Z","refresh",3.92601701913921,28.75
"dst",2026,3,"yahoo","MIA","2026-09-29T02:31:09Z","refresh",3.86171802767357,27.5
"dst",2026,3,"ffpc","KC","2026-09-29T02:31:09Z","refresh",10.7575943623337,17.5
"dst",2026,3,"ffpc","SEA","2026-09-29T02:31:09Z","refresh",10.2941886635236,15.75
"dst",2026,3,"ffpc","NO","2026-09-29T02:31:09Z","refresh",9.61899612202774,20
"dst",2026,3,"ffpc","CAR","2026-09-29T02:31:09Z","refresh",9.54050885965117,19.75
"dst",2026,3,"ffpc","NYG","2026-09-29T02:31:09Z","refresh",9.02114811224733,17.5
"dst",2026,3,"ffpc","JAX","2026-09-29T02:31:09Z","refresh",8.9298616056246,21.75
"dst",2026,3,"ffpc","MIN","2026-09-29T02:31:09Z","refresh",8.92315580509134,20.75
"dst",2026,3,"ffpc","BUF","2026-09-29T02:31:09Z","refresh",8.9022868207465,21.75
"dst",2026,3,"ffpc","GB","2026-09-29T02:31:09Z","refresh",8.65501759508849,19.25
"dst",2026,3,"ffpc","HOU","2026-09-29T02:31:09Z","refresh",8.63196743665053,20.5
"dst",2026,3,"ffpc","SF","2026-09-29T02:31:09Z","refresh",8.5267717247614,20.5
"dst",2026,3,"ffpc","DET","2026-09-29T02:31:09Z","refresh",8.42641980858304,21.25
"dst",2026,3,"ffpc","LA","2026-09-29T02:31:09Z","refresh",8.00816904688325,21.5
"dst",2026,3,"ffpc","PHI","2026-09-29T02:31:09Z","refresh",7.88868962935164,18.75
"dst",2026,3,"ffpc","TB","2026-09-29T02:31:09Z","refresh",7.87194030402321,21.75
"dst",2026,3,"ffpc","TEN","2026-09-29T02:31:09Z","refresh",7.87098084672871,20
"dst",2026,3,"ffpc","CHI","2026-09-29T02:31:09Z","refresh",7.84199810783378,22.75
"dst",2026,3,"ffpc","PIT","2026-09-29T02:31:09Z","refresh",7.69257797055753,22.75
"dst",2026,3,"ffpc","CLE","2026-09-29T02:31:09Z","refresh",7.64064863329422,21.75
"dst",2026,3,"ffpc","CIN","2026-09-29T02:31:09Z","refresh",7.48431112166757,19.75
"dst",2026,3,"ffpc","LV","2026-09-29T02:31:09Z","refresh",7.48343337444581,23.5
"dst",2026,3,"ffpc","IND","2026-09-29T02:31:09Z","refresh",7.36747891157084,22
"dst",2026,3,"ffpc","NE","2026-09-29T02:31:09Z","refresh",6.93267560676806,24.75
"dst",2026,3,"ffpc","ATL","2026-09-29T02:31:09Z","refresh",6.92617501916846,23.75
"dst",2026,3,"ffpc","DEN","2026-09-29T02:31:09Z","refresh",6.47146226085079,23
"dst",2026,3,"ffpc","WAS","2026-09-29T02:31:09Z","refresh",6.21255466832962,24.25
"dst",2026,3,"ffpc","BAL","2026-09-29T02:31:09Z","refresh",5.47260262523933,25
"dst",2026,3,"ffpc","NYJ","2026-09-29T02:31:09Z","refresh",5.05680157029025,28.25
"dst",2026,3,"ffpc","LAC","2026-09-29T02:31:09Z","refresh",4.84363016899867,28.75
"dst",2026,3,"ffpc","MIA","2026-09-29T02:31:09Z","refresh",4.64006680018101,27.5
"dst",2026,3,"ffpc","DAL","2026-09-29T02:31:09Z","refresh",4.60444848806655,28.5
"dst",2026,3,"ffpc","ARI","2026-09-29T02:31:09Z","refresh",4.38917570441993,28
"k",2026,3,"espn","KC","2026-09-29T02:31:40Z","refresh",9.25118360038487,27.5
"k",2026,3,"espn","HOU","2026-09-29T02:31:40Z","refresh",9.26309845672902,22
"k",2026,3,"espn","DET","2026-09-29T02:31:40Z","refresh",9.21229213015543,28.25
"k",2026,3,"espn","NO","2026-09-29T02:31:40Z","refresh",9.15455162369698,23.5
"k",2026,3,"espn","DAL","2026-09-29T02:31:40Z","refresh",9.05743001805526,25
"k",2026,3,"espn","SF","2026-09-29T02:31:40Z","refresh",8.86816063306057,28
"k",2026,3,"espn","MIN","2026-09-29T02:31:40Z","refresh",8.71555506271526,21.75
"k",2026,3,"espn","SEA","2026-09-29T02:31:40Z","refresh",8.77519336770005,24.25
"k",2026,3,"espn","JAX","2026-09-29T02:31:40Z","refresh",8.51732185050184,24.75
"k",2026,3,"espn","TB","2026-09-29T02:31:40Z","refresh",8.65574436900086,20.75
"k",2026,3,"espn","CIN","2026-09-29T02:31:40Z","refresh",8.47799112356493,22.75
"k",2026,3,"espn","PHI","2026-09-29T02:31:40Z","refresh",8.4562843280253,22.75
"k",2026,3,"espn","BAL","2026-09-29T02:31:40Z","refresh",8.46891251922725,28.5
"k",2026,3,"espn","BUF","2026-09-29T02:31:40Z","refresh",8.41119695587557,28.75
"k",2026,3,"espn","LV","2026-09-29T02:31:40Z","refresh",8.22205563553212,20
"k",2026,3,"espn","IND","2026-09-29T02:31:40Z","refresh",8.26489547703149,20.5
"k",2026,3,"espn","NYJ","2026-09-29T02:31:40Z","refresh",8.2205275700451,21.25
"k",2026,3,"espn","LA","2026-09-29T02:31:40Z","refresh",8.08983195208552,23
"k",2026,3,"espn","GB","2026-09-29T02:31:40Z","refresh",7.982777162325,23.75
"k",2026,3,"espn","DEN","2026-09-29T02:31:40Z","refresh",8.21090167397763,21.5
"k",2026,3,"espn","PIT","2026-09-29T02:31:40Z","refresh",7.93095904749382,19.75
"k",2026,3,"espn","ATL","2026-09-29T02:31:40Z","refresh",7.69744680616329,19.25
"k",2026,3,"espn","NE","2026-09-29T02:31:40Z","refresh",7.46693597217596,21.75
"k",2026,3,"espn","CAR","2026-09-29T02:31:40Z","refresh",7.45053695060952,21.75
"k",2026,3,"espn","CHI","2026-09-29T02:31:40Z","refresh",7.4701312030605,18.75
"k",2026,3,"espn","LAC","2026-09-29T02:31:40Z","refresh",7.48479143406405,21.75
"k",2026,3,"espn","CLE","2026-09-29T02:31:40Z","refresh",7.41500088460859,19.75
"k",2026,3,"espn","NYG","2026-09-29T02:31:40Z","refresh",7.39464175959722,20
"k",2026,3,"espn","ARI","2026-09-29T02:31:40Z","refresh",7.1992228560457,20.5
"k",2026,3,"espn","TEN","2026-09-29T02:31:40Z","refresh",7.28843567424197,17.5
"k",2026,3,"espn","MIA","2026-09-29T02:31:40Z","refresh",6.89619277475352,17.5
"k",2026,3,"espn","WAS","2026-09-29T02:31:40Z","refresh",6.20274930556539,15.75
"k",2026,3,"dec","KC","2026-09-29T02:31:40Z","refresh",9.58573832951808,27.5
"k",2026,3,"dec","HOU","2026-09-29T02:31:40Z","refresh",9.70566433783486,22
"k",2026,3,"dec","DET","2026-09-29T02:31:40Z","refresh",9.58530891261342,28.25
"k",2026,3,"dec","NO","2026-09-29T02:31:40Z","refresh",9.57221315834185,23.5
"k",2026,3,"dec","DAL","2026-09-29T02:31:40Z","refresh",9.46268571036832,25
"k",2026,3,"dec","SF","2026-09-29T02:31:40Z","refresh",9.17286450796097,28
"k",2026,3,"dec","MIN","2026-09-29T02:31:40Z","refresh",9.08610071236346,21.75
"k",2026,3,"dec","SEA","2026-09-29T02:31:40Z","refresh",9.12416978044754,24.25
"k",2026,3,"dec","JAX","2026-09-29T02:31:40Z","refresh",8.85063839242957,24.75
"k",2026,3,"dec","TB","2026-09-29T02:31:40Z","refresh",9.06028227844827,20.75
"k",2026,3,"dec","CIN","2026-09-29T02:31:40Z","refresh",8.8472876537752,22.75
"k",2026,3,"dec","PHI","2026-09-29T02:31:40Z","refresh",8.8451162518136,22.75
"k",2026,3,"dec","BAL","2026-09-29T02:31:40Z","refresh",8.74127460243472,28.5
"k",2026,3,"dec","BUF","2026-09-29T02:31:40Z","refresh",8.72811823854978,28.75
"k",2026,3,"dec","LV","2026-09-29T02:31:40Z","refresh",8.65024385052251,20
"k",2026,3,"dec","IND","2026-09-29T02:31:40Z","refresh",8.64673014227999,20.5
"k",2026,3,"dec","NYJ","2026-09-29T02:31:40Z","refresh",8.62928899474661,21.25
"k",2026,3,"dec","LA","2026-09-29T02:31:40Z","refresh",8.38272426528482,23
"k",2026,3,"dec","GB","2026-09-29T02:31:40Z","refresh",8.31091120528665,23.75
"k",2026,3,"dec","DEN","2026-09-29T02:31:40Z","refresh",8.56319282307713,21.5
"k",2026,3,"dec","PIT","2026-09-29T02:31:40Z","refresh",8.32550819779584,19.75
"k",2026,3,"dec","ATL","2026-09-29T02:31:40Z","refresh",8.09250872955202,19.25
"k",2026,3,"dec","NE","2026-09-29T02:31:40Z","refresh",7.78321489301342,21.75
"k",2026,3,"dec","CAR","2026-09-29T02:31:40Z","refresh",7.76513449132735,21.75
"k",2026,3,"dec","CHI","2026-09-29T02:31:40Z","refresh",7.87018260643823,18.75
"k",2026,3,"dec","LAC","2026-09-29T02:31:40Z","refresh",7.80854050106725,21.75
"k",2026,3,"dec","CLE","2026-09-29T02:31:40Z","refresh",7.73653817033385,19.75
"k",2026,3,"dec","NYG","2026-09-29T02:31:40Z","refresh",7.70821294156848,20
"k",2026,3,"dec","ARI","2026-09-29T02:31:40Z","refresh",7.50395124717928,20.5
"k",2026,3,"dec","TEN","2026-09-29T02:31:40Z","refresh",7.66393435820797,17.5
"k",2026,3,"dec","MIA","2026-09-29T02:31:40Z","refresh",7.22615937743087,17.5
"k",2026,3,"dec","WAS","2026-09-29T02:31:40Z","refresh",6.54139383967071,15.75
"dst",2026,3,"espn","KC","2026-09-29T04:24:50Z","refresh",9.76770269689408,17.5
"dst",2026,3,"espn","SEA","2026-09-29T04:24:50Z","refresh",9.21337053881897,15.75
"dst",2026,3,"espn","NO","2026-09-29T04:24:50Z","refresh",8.71129683284509,20
"dst",2026,3,"espn","CAR","2026-09-29T04:24:50Z","refresh",8.39535981898763,19.75
"dst",2026,3,"espn","NYG","2026-09-29T04:24:50Z","refresh",7.90518366033165,17.5
"dst",2026,3,"espn","MIN","2026-09-29T04:24:50Z","refresh",7.76120801576422,20.75
"dst",2026,3,"espn","GB","2026-09-29T04:24:50Z","refresh",7.5671314336667,19.25
"dst",2026,3,"espn","HOU","2026-09-29T04:24:50Z","refresh",7.48717199568386,20.5
"dst",2026,3,"espn","JAX","2026-09-29T04:24:50Z","refresh",7.44304522946707,21.75
"dst",2026,3,"espn","SF","2026-09-29T04:24:50Z","refresh",7.23617811842119,20.5
"dst",2026,3,"espn","BUF","2026-09-29T04:24:50Z","refresh",6.80026159928935,21.75
"dst",2026,3,"espn","PHI","2026-09-29T04:24:50Z","refresh",6.36404975527047,18.75
"dst",2026,3,"espn","LA","2026-09-29T04:24:50Z","refresh",6.3041167720317,21.5
"dst",2026,3,"espn","DET","2026-09-29T04:24:50Z","refresh",6.25210315670467,21.25
"dst",2026,3,"espn","TEN","2026-09-29T04:24:50Z","refresh",6.24587243867708,20
"dst",2026,3,"espn","TB","2026-09-29T04:24:50Z","refresh",6.22325566014288,21.75
"dst",2026,3,"espn","CHI","2026-09-29T04:24:50Z","refresh",6.18041623911175,22.75
"dst",2026,3,"espn","PIT","2026-09-29T04:24:50Z","refresh",6.10827221419273,22.75
"dst",2026,3,"espn","CIN","2026-09-29T04:24:50Z","refresh",6.06818946579617,19.75
"dst",2026,3,"espn","LV","2026-09-29T04:24:50Z","refresh",6.05487342429699,23.5
"dst",2026,3,"espn","CLE","2026-09-29T04:24:50Z","refresh",5.63601772867566,21.75
"dst",2026,3,"espn","ATL","2026-09-29T04:24:50Z","refresh",5.23514670495356,23.75
"dst",2026,3,"espn","NE","2026-09-29T04:24:50Z","refresh",5.17606787898722,24.75
"dst",2026,3,"espn","IND","2026-09-29T04:24:50Z","refresh",5.1609240725978,22
"dst",2026,3,"espn","WAS","2026-09-29T04:24:50Z","refresh",4.25487105575293,24.25
"dst",2026,3,"espn","DEN","2026-09-29T04:24:50Z","refresh",4.17747320705314,23
"dst",2026,3,"espn","BAL","2026-09-29T04:24:50Z","refresh",3.18617998402706,25
"dst",2026,3,"espn","NYJ","2026-09-29T04:24:50Z","refresh",2.7415517838025,28.25
"dst",2026,3,"espn","MIA","2026-09-29T04:24:50Z","refresh",2.2088018757068,27.5
"dst",2026,3,"espn","LAC","2026-09-29T04:24:50Z","refresh",2.20059464365821,28.75
"dst",2026,3,"espn","ARI","2026-09-29T04:24:50Z","refresh",1.6946577634619,28
"dst",2026,3,"espn","DAL","2026-09-29T04:24:50Z","refresh",1.25522659001827,28.5
"dst",2026,3,"yahoo","KC","2026-09-29T04:24:50Z","refresh",9.55674690905156,17.5
"dst",2026,3,"yahoo","SEA","2026-09-29T04:24:50Z","refresh",8.69016389529868,15.75
"dst",2026,3,"yahoo","CAR","2026-09-29T04:24:50Z","refresh",8.37483177816758,19.75
"dst",2026,3,"yahoo","NO","2026-09-29T04:24:50Z","refresh",8.34518522924273,20
"dst",2026,3,"yahoo","NYG","2026-09-29T04:24:50Z","refresh",8.18275963549491,17.5
"dst",2026,3,"yahoo","BUF","2026-09-29T04:24:50Z","refresh",7.86422065177886,21.75
"dst",2026,3,"yahoo","DET","2026-09-29T04:24:50Z","refresh",7.7302097016204,21.25
"dst",2026,3,"yahoo","HOU","2026-09-29T04:24:50Z","refresh",7.64933117976633,20.5
"dst",2026,3,"yahoo","GB","2026-09-29T04:24:50Z","refresh",7.50028478919327,19.25
"dst",2026,3,"yahoo","JAX","2026-09-29T04:24:50Z","refresh",7.44429587810231,21.75
"dst",2026,3,"yahoo","MIN","2026-09-29T04:24:50Z","refresh",7.34980997020288,20.75
"dst",2026,3,"yahoo","TB","2026-09-29T04:24:50Z","refresh",7.19006019021654,21.75
"dst",2026,3,"yahoo","SF","2026-09-29T04:24:50Z","refresh",7.13561554814923,20.5
"dst",2026,3,"yahoo","PHI","2026-09-29T04:24:50Z","refresh",6.910925471016,18.75
"dst",2026,3,"yahoo","IND","2026-09-29T04:24:50Z","refresh",6.85115230337717,22
"dst",2026,3,"yahoo","LA","2026-09-29T04:24:50Z","refresh",6.75193113056428,21.5
"dst",2026,3,"yahoo","CIN","2026-09-29T04:24:50Z","refresh",6.72357037776929,19.75
"dst",2026,3,"yahoo","CLE","2026-09-29T04:24:50Z","refresh",6.62394382524637,21.75
"dst",2026,3,"yahoo","CHI","2026-09-29T04:24:50Z","refresh",6.60494258726281,22.75
"dst",2026,3,"yahoo","TEN","2026-09-29T04:24:50Z","refresh",6.54424748025226,20
"dst",2026,3,"yahoo","LV","2026-09-29T04:24:50Z","refresh",6.28496422528557,23.5
"dst",2026,3,"yahoo","PIT","2026-09-29T04:24:50Z","refresh",6.22775110756297,22.75
"dst",2026,3,"yahoo","ATL","2026-09-29T04:24:50Z","refresh",5.95270903585938,23.75
"dst",2026,3,"yahoo","DEN","2026-09-29T04:24:50Z","refresh",5.88287434557241,23
"dst",2026,3,"yahoo","NE","2026-09-29T04:24:50Z","refresh",5.7825890797247,24.75
"dst",2026,3,"yahoo","WAS","2026-09-29T04:24:50Z","refresh",5.53493597700274,24.25
"dst",2026,3,"yahoo","BAL","2026-09-29T04:24:50Z","refresh",5.20132445046476,25
"dst",2026,3,"yahoo","NYJ","2026-09-29T04:24:50Z","refresh",4.46193199679396,28.25
"dst",2026,3,"yahoo","DAL","2026-09-29T04:24:50Z","refresh",4.13803062171426,28.5
"dst",2026,3,"yahoo","ARI","2026-09-29T04:24:50Z","refresh",3.97092280351474,28
"dst",2026,3,"yahoo","LAC","2026-09-29T04:24:50Z","refresh",3.92601701913921,28.75
"dst",2026,3,"yahoo","MIA","2026-09-29T04:24:50Z","refresh",3.86171802767357,27.5
"dst",2026,3,"ffpc","KC","2026-09-29T04:24:50Z","refresh",10.7575943623337,17.5
"dst",2026,3,"ffpc","SEA","2026-09-29T04:24:50Z","refresh",10.2941886635236,15.75
"dst",2026,3,"ffpc","NO","2026-09-29T04:24:50Z","refresh",9.61899612202774,20
"dst",2026,3,"ffpc","CAR","2026-09-29T04:24:50Z","refresh",9.54050885965117,19.75
"dst",2026,3,"ffpc","NYG","2026-09-29T04:24:50Z","refresh",9.02114811224733,17.5
"dst",2026,3,"ffpc","JAX","2026-09-29T04:24:50Z","refresh",8.9298616056246,21.75
"dst",2026,3,"ffpc","MIN","2026-09-29T04:24:50Z","refresh",8.92315580509134,20.75
"dst",2026,3,"ffpc","BUF","2026-09-29T04:24:50Z","refresh",8.9022868207465,21.75
"dst",2026,3,"ffpc","GB","2026-09-29T04:24:50Z","refresh",8.65501759508849,19.25
"dst",2026,3,"ffpc","HOU","2026-09-29T04:24:50Z","refresh",8.63196743665053,20.5
"dst",2026,3,"ffpc","SF","2026-09-29T04:24:50Z","refresh",8.5267717247614,20.5
"dst",2026,3,"ffpc","DET","2026-09-29T04:24:50Z","refresh",8.42641980858304,21.25
"dst",2026,3,"ffpc","LA","2026-09-29T04:24:50Z","refresh",8.00816904688325,21.5
"dst",2026,3,"ffpc","PHI","2026-09-29T04:24:50Z","refresh",7.88868962935164,18.75
"dst",2026,3,"ffpc","TB","2026-09-29T04:24:50Z","refresh",7.87194030402321,21.75
"dst",2026,3,"ffpc","TEN","2026-09-29T04:24:50Z","refresh",7.87098084672871,20
"dst",2026,3,"ffpc","CHI","2026-09-29T04:24:50Z","refresh",7.84199810783378,22.75
"dst",2026,3,"ffpc","PIT","2026-09-29T04:24:50Z","refresh",7.69257797055753,22.75
"dst",2026,3,"ffpc","CLE","2026-09-29T04:24:50Z","refresh",7.64064863329422,21.75
"dst",2026,3,"ffpc","CIN","2026-09-29T04:24:50Z","refresh",7.48431112166757,19.75
"dst",2026,3,"ffpc","LV","2026-09-29T04:24:50Z","refresh",7.48343337444581,23.5
"dst",2026,3,"ffpc","IND","2026-09-29T04:24:50Z","refresh",7.36747891157084,22
"dst",2026,3,"ffpc","NE","2026-09-29T04:24:50Z","refresh",6.93267560676806,24.75
"dst",2026,3,"ffpc","ATL","2026-09-29T04:24:50Z","refresh",6.92617501916846,23.75
"dst",2026,3,"ffpc","DEN","2026-09-29T04:24:50Z","refresh",6.47146226085079,23
"dst",2026,3,"ffpc","WAS","2026-09-29T04:24:50Z","refresh",6.21255466832962,24.25
"dst",2026,3,"ffpc","BAL","2026-09-29T04:24:50Z","refresh",5.47260262523933,25
"dst",2026,3,"ffpc","NYJ","2026-09-29T04:24:50Z","refresh",5.05680157029025,28.25
"dst",2026,3,"ffpc","LAC","2026-09-29T04:24:50Z","refresh",4.84363016899867,28.75
"dst",2026,3,"ffpc","MIA","2026-09-29T04:24:50Z","refresh",4.64006680018101,27.5
"dst",2026,3,"ffpc","DAL","2026-09-29T04:24:50Z","refresh",4.60444848806655,28.5
"dst",2026,3,"ffpc","ARI","2026-09-29T04:24:50Z","refresh",4.38917570441993,28
"k",2026,3,"espn","KC","2026-09-29T04:25:22Z","refresh",9.25118360038487,27.5
"k",2026,3,"espn","HOU","2026-09-29T04:25:22Z","refresh",9.26309845672902,22
"k",2026,3,"espn","DET","2026-09-29T04:25:22Z","refresh",9.21229213015543,28.25
"k",2026,3,"espn","NO","2026-09-29T04:25:22Z","refresh",9.15455162369698,23.5
"k",2026,3,"espn","DAL","2026-09-29T04:25:22Z","refresh",9.05743001805526,25
"k",2026,3,"espn","SF","2026-09-29T04:25:22Z","refresh",8.86816063306057,28
"k",2026,3,"espn","MIN","2026-09-29T04:25:22Z","refresh",8.71555506271526,21.75
"k",2026,3,"espn","SEA","2026-09-29T04:25:22Z","refresh",8.77519336770005,24.25
"k",2026,3,"espn","JAX","2026-09-29T04:25:22Z","refresh",8.51732185050184,24.75
"k",2026,3,"espn","TB","2026-09-29T04:25:22Z","refresh",8.65574436900086,20.75
"k",2026,3,"espn","CIN","2026-09-29T04:25:22Z","refresh",8.47799112356493,22.75
"k",2026,3,"espn","PHI","2026-09-29T04:25:22Z","refresh",8.4562843280253,22.75
"k",2026,3,"espn","BAL","2026-09-29T04:25:22Z","refresh",8.46891251922725,28.5
"k",2026,3,"espn","BUF","2026-09-29T04:25:22Z","refresh",8.41119695587557,28.75
"k",2026,3,"espn","LV","2026-09-29T04:25:22Z","refresh",8.22205563553212,20
"k",2026,3,"espn","IND","2026-09-29T04:25:22Z","refresh",8.26489547703149,20.5
"k",2026,3,"espn","NYJ","2026-09-29T04:25:22Z","refresh",8.2205275700451,21.25
"k",2026,3,"espn","LA","2026-09-29T04:25:22Z","refresh",8.08983195208552,23
"k",2026,3,"espn","GB","2026-09-29T04:25:22Z","refresh",7.982777162325,23.75
"k",2026,3,"espn","DEN","2026-09-29T04:25:22Z","refresh",8.21090167397763,21.5
"k",2026,3,"espn","PIT","2026-09-29T04:25:22Z","refresh",7.93095904749382,19.75
"k",2026,3,"espn","ATL","2026-09-29T04:25:22Z","refresh",7.69744680616329,19.25
"k",2026,3,"espn","NE","2026-09-29T04:25:22Z","refresh",7.46693597217596,21.75
"k",2026,3,"espn","CAR","2026-09-29T04:25:22Z","refresh",7.45053695060952,21.75
"k",2026,3,"espn","CHI","2026-09-29T04:25:22Z","refresh",7.4701312030605,18.75
"k",2026,3,"espn","LAC","2026-09-29T04:25:22Z","refresh",7.48479143406405,21.75
"k",2026,3,"espn","CLE","2026-09-29T04:25:22Z","refresh",7.41500088460859,19.75
"k",2026,3,"espn","NYG","2026-09-29T04:25:22Z","refresh",7.39464175959722,20
"k",2026,3,"espn","ARI","2026-09-29T04:25:22Z","refresh",7.1992228560457,20.5
"k",2026,3,"espn","TEN","2026-09-29T04:25:22Z","refresh",7.28843567424197,17.5
"k",2026,3,"espn","MIA","2026-09-29T04:25:22Z","refresh",6.89619277475352,17.5
"k",2026,3,"espn","WAS","2026-09-29T04:25:22Z","refresh",6.20274930556539,15.75
"k",2026,3,"dec","KC","2026-09-29T04:25:22Z","refresh",9.58573832951808,27.5
"k",2026,3,"dec","HOU","2026-09-29T04:25:22Z","refresh",9.70566433783486,22
"k",2026,3,"dec","DET","2026-09-29T04:25:22Z","refresh",9.58530891261342,28.25
"k",2026,3,"dec","NO","2026-09-29T04:25:22Z","refresh",9.57221315834185,23.5
"k",2026,3,"dec","DAL","2026-09-29T04:25:22Z","refresh",9.46268571036832,25
"k",2026,3,"dec","SF","2026-09-29T04:25:22Z","refresh",9.17286450796097,28
"k",2026,3,"dec","MIN","2026-09-29T04:25:22Z","refresh",9.08610071236346,21.75
"k",2026,3,"dec","SEA","2026-09-29T04:25:22Z","refresh",9.12416978044754,24.25
"k",2026,3,"dec","JAX","2026-09-29T04:25:22Z","refresh",8.85063839242958,24.75
"k",2026,3,"dec","TB","2026-09-29T04:25:22Z","refresh",9.06028227844827,20.75
"k",2026,3,"dec","CIN","2026-09-29T04:25:22Z","refresh",8.8472876537752,22.75
"k",2026,3,"dec","PHI","2026-09-29T04:25:22Z","refresh",8.8451162518136,22.75
"k",2026,3,"dec","BAL","2026-09-29T04:25:22Z","refresh",8.74127460243472,28.5
"k",2026,3,"dec","BUF","2026-09-29T04:25:22Z","refresh",8.72811823854978,28.75
"k",2026,3,"dec","LV","2026-09-29T04:25:22Z","refresh",8.65024385052251,20
"k",2026,3,"dec","IND","2026-09-29T04:25:22Z","refresh",8.64673014227999,20.5
"k",2026,3,"dec","NYJ","2026-09-29T04:25:22Z","refresh",8.62928899474661,21.25
"k",2026,3,"dec","LA","2026-09-29T04:25:22Z","refresh",8.38272426528482,23
"k",2026,3,"dec","GB","2026-09-29T04:25:22Z","refresh",8.31091120528665,23.75
"k",2026,3,"dec","DEN","2026-09-29T04:25:22Z","refresh",8.56319282307713,21.5
"k",2026,3,"dec","PIT","2026-09-29T04:25:22Z","refresh",8.32550819779584,19.75
"k",2026,3,"dec","ATL","2026-09-29T04:25:22Z","refresh",8.09250872955201,19.25
"k",2026,3,"dec","NE","2026-09-29T04:25:22Z","refresh",7.78321489301342,21.75
"k",2026,3,"dec","CAR","2026-09-29T04:25:22Z","refresh",7.76513449132735,21.75
"k",2026,3,"dec","CHI","2026-09-29T04:25:22Z","refresh",7.87018260643823,18.75
"k",2026,3,"dec","LAC","2026-09-29T04:25:22Z","refresh",7.80854050106725,21.75
"k",2026,3,"dec","CLE","2026-09-29T04:25:22Z","refresh",7.73653817033385,19.75
"k",2026,3,"dec","NYG","2026-09-29T04:25:22Z","refresh",7.70821294156848,20
"k",2026,3,"dec","ARI","2026-09-29T04:25:22Z","refresh",7.50395124717928,20.5
"k",2026,3,"dec","TEN","2026-09-29T04:25:22Z","refresh",7.66393435820797,17.5
"k",2026,3,"dec","MIA","2026-09-29T04:25:22Z","refresh",7.22615937743087,17.5
"k",2026,3,"dec","WAS","2026-09-29T04:25:22Z","refresh",6.54139383967071,15.75
"dst",2026,3,"espn","KC","2026-09-29T19:06:05Z","refresh",9.76770269689408,17.5
"dst",2026,3,"espn","SEA","2026-09-29T19:06:05Z","refresh",9.21337053881897,15.75
"dst",2026,3,"espn","NO","2026-09-29T19:06:05Z","refresh",8.71129683284509,20
"dst",2026,3,"espn","CAR","2026-09-29T19:06:05Z","refresh",8.39535981898763,19.75
"dst",2026,3,"espn","NYG","2026-09-29T19:06:05Z","refresh",7.90518366033165,17.5
"dst",2026,3,"espn","MIN","2026-09-29T19:06:05Z","refresh",7.76120801576422,20.75
"dst",2026,3,"espn","GB","2026-09-29T19:06:05Z","refresh",7.5671314336667,19.25
"dst",2026,3,"espn","HOU","2026-09-29T19:06:05Z","refresh",7.48717199568386,20.5
"dst",2026,3,"espn","JAX","2026-09-29T19:06:05Z","refresh",7.44304522946707,21.75
"dst",2026,3,"espn","SF","2026-09-29T19:06:05Z","refresh",7.23617811842119,20.5
"dst",2026,3,"espn","BUF","2026-09-29T19:06:05Z","refresh",6.80026159928935,21.75
"dst",2026,3,"espn","PHI","2026-09-29T19:06:05Z","refresh",6.36404975527047,18.75
"dst",2026,3,"espn","LA","2026-09-29T19:06:05Z","refresh",6.3041167720317,21.5
"dst",2026,3,"espn","DET","2026-09-29T19:06:05Z","refresh",6.25210315670467,21.25
"dst",2026,3,"espn","TEN","2026-09-29T19:06:05Z","refresh",6.24587243867708,20
"dst",2026,3,"espn","TB","2026-09-29T19:06:05Z","refresh",6.22325566014288,21.75
"dst",2026,3,"espn","CHI","2026-09-29T19:06:05Z","refresh",6.18041623911175,22.75
"dst",2026,3,"espn","PIT","2026-09-29T19:06:05Z","refresh",6.10827221419273,22.75
"dst",2026,3,"espn","CIN","2026-09-29T19:06:05Z","refresh",6.06818946579617,19.75
"dst",2026,3,"espn","LV","2026-09-29T19:06:05Z","refresh",6.05487342429699,23.5
"dst",2026,3,"espn","CLE","2026-09-29T19:06:05Z","refresh",5.63601772867566,21.75
"dst",2026,3,"espn","ATL","2026-09-29T19:06:05Z","refresh",5.23514670495356,23.75
"dst",2026,3,"espn","NE","2026-09-29T19:06:05Z","refresh",5.17606787898722,24.75
"dst",2026,3,"espn","IND","2026-09-29T19:06:05Z","refresh",5.1609240725978,22
"dst",2026,3,"espn","WAS","2026-09-29T19:06:05Z","refresh",4.25487105575293,24.25
"dst",2026,3,"espn","DEN","2026-09-29T19:06:05Z","refresh",4.17747320705314,23
"dst",2026,3,"espn","BAL","2026-09-29T19:06:05Z","refresh",3.18617998402706,25
"dst",2026,3,"espn","NYJ","2026-09-29T19:06:05Z","refresh",2.7415517838025,28.25
"dst",2026,3,"espn","MIA","2026-09-29T19:06:05Z","refresh",2.2088018757068,27.5
"dst",2026,3,"espn","LAC","2026-09-29T19:06:05Z","refresh",2.20059464365821,28.75
"dst",2026,3,"espn","ARI","2026-09-29T19:06:05Z","refresh",1.6946577634619,28
"dst",2026,3,"espn","DAL","2026-09-29T19:06:05Z","refresh",1.25522659001827,28.5
"dst",2026,3,"yahoo","KC","2026-09-29T19:06:05Z","refresh",9.55674690905156,17.5
"dst",2026,3,"yahoo","SEA","2026-09-29T19:06:05Z","refresh",8.69016389529868,15.75
"dst",2026,3,"yahoo","CAR","2026-09-29T19:06:05Z","refresh",8.37483177816758,19.75
"dst",2026,3,"yahoo","NO","2026-09-29T19:06:05Z","refresh",8.34518522924273,20
"dst",2026,3,"yahoo","NYG","2026-09-29T19:06:05Z","refresh",8.18275963549491,17.5
"dst",2026,3,"yahoo","BUF","2026-09-29T19:06:05Z","refresh",7.86422065177886,21.75
"dst",2026,3,"yahoo","DET","2026-09-29T19:06:05Z","refresh",7.7302097016204,21.25
"dst",2026,3,"yahoo","HOU","2026-09-29T19:06:05Z","refresh",7.64933117976633,20.5
"dst",2026,3,"yahoo","GB","2026-09-29T19:06:05Z","refresh",7.50028478919327,19.25
"dst",2026,3,"yahoo","JAX","2026-09-29T19:06:05Z","refresh",7.44429587810231,21.75
"dst",2026,3,"yahoo","MIN","2026-09-29T19:06:05Z","refresh",7.34980997020288,20.75
"dst",2026,3,"yahoo","TB","2026-09-29T19:06:05Z","refresh",7.19006019021654,21.75
"dst",2026,3,"yahoo","SF","2026-09-29T19:06:05Z","refresh",7.13561554814923,20.5
"dst",2026,3,"yahoo","PHI","2026-09-29T19:06:05Z","refresh",6.910925471016,18.75
"dst",2026,3,"yahoo","IND","2026-09-29T19:06:05Z","refresh",6.85115230337717,22
"dst",2026,3,"yahoo","LA","2026-09-29T19:06:05Z","refresh",6.75193113056428,21.5
"dst",2026,3,"yahoo","CIN","2026-09-29T19:06:05Z","refresh",6.72357037776929,19.75
"dst",2026,3,"yahoo","CLE","2026-09-29T19:06:05Z","refresh",6.62394382524637,21.75
"dst",2026,3,"yahoo","CHI","2026-09-29T19:06:05Z","refresh",6.60494258726281,22.75
"dst",2026,3,"yahoo","TEN","2026-09-29T19:06:05Z","refresh",6.54424748025226,20
"dst",2026,3,"yahoo","LV","2026-09-29T19:06:05Z","refresh",6.28496422528557,23.5
"dst",2026,3,"yahoo","PIT","2026-09-29T19:06:05Z","refresh",6.22775110756297,22.75
"dst",2026,3,"yahoo","ATL","2026-09-29T19:06:05Z","refresh",5.95270903585938,23.75
"dst",2026,3,"yahoo","DEN","2026-09-29T19:06:05Z","refresh",5.88287434557241,23
"dst",2026,3,"yahoo","NE","2026-09-29T19:06:05Z","refresh",5.7825890797247,24.75
"dst",2026,3,"yahoo","WAS","2026-09-29T19:06:05Z","refresh",5.53493597700274,24.25
"dst",2026,3,"yahoo","BAL","2026-09-29T19:06:05Z","refresh",5.20132445046476,25
"dst",2026,3,"yahoo","NYJ","2026-09-29T19:06:05Z","refresh",4.46193199679396,28.25
"dst",2026,3,"yahoo","DAL","2026-09-29T19:06:05Z","refresh",4.13803062171426,28.5
"dst",2026,3,"yahoo","ARI","2026-09-29T19:06:05Z","refresh",3.97092280351474,28
"dst",2026,3,"yahoo","LAC","2026-09-29T19:06:05Z","refresh",3.92601701913921,28.75
"dst",2026,3,"yahoo","MIA","2026-09-29T19:06:05Z","refresh",3.86171802767357,27.5
"dst",2026,3,"ffpc","KC","2026-09-29T19:06:05Z","refresh",10.7575943623337,17.5
"dst",2026,3,"ffpc","SEA","2026-09-29T19:06:05Z","refresh",10.2941886635236,15.75
"dst",2026,3,"ffpc","NO","2026-09-29T19:06:05Z","refresh",9.61899612202774,20
"dst",2026,3,"ffpc","CAR","2026-09-29T19:06:05Z","refresh",9.54050885965117,19.75
"dst",2026,3,"ffpc","NYG","2026-09-29T19:06:05Z","refresh",9.02114811224733,17.5
"dst",2026,3,"ffpc","JAX","2026-09-29T19:06:05Z","refresh",8.9298616056246,21.75
"dst",2026,3,"ffpc","MIN","2026-09-29T19:06:05Z","refresh",8.92315580509134,20.75
"dst",2026,3,"ffpc","BUF","2026-09-29T19:06:05Z","refresh",8.9022868207465,21.75
"dst",2026,3,"ffpc","GB","2026-09-29T19:06:05Z","refresh",8.65501759508849,19.25
"dst",2026,3,"ffpc","HOU","2026-09-29T19:06:05Z","refresh",8.63196743665053,20.5
"dst",2026,3,"ffpc","SF","2026-09-29T19:06:05Z","refresh",8.5267717247614,20.5
"dst",2026,3,"ffpc","DET","2026-09-29T19:06:05Z","refresh",8.42641980858304,21.25
"dst",2026,3,"ffpc","LA","2026-09-29T19:06:05Z","refresh",8.00816904688325,21.5
"dst",2026,3,"ffpc","PHI","2026-09-29T19:06:05Z","refresh",7.88868962935164,18.75
"dst",2026,3,"ffpc","TB","2026-09-29T19:06:05Z","refresh",7.87194030402321,21.75
"dst",2026,3,"ffpc","TEN","2026-09-29T19:06:05Z","refresh",7.87098084672871,20
"dst",2026,3,"ffpc","CHI","2026-09-29T19:06:05Z","refresh",7.84199810783378,22.75
"dst",2026,3,"ffpc","PIT","2026-09-29T19:06:05Z","refresh",7.69257797055753,22.75
"dst",2026,3,"ffpc","CLE","2026-09-29T19:06:05Z","refresh",7.64064863329422,21.75
"dst",2026,3,"ffpc","CIN","2026-09-29T19:06:05Z","refresh",7.48431112166757,19.75
"dst",2026,3,"ffpc","LV","2026-09-29T19:06:05Z","refresh",7.48343337444581,23.5
"dst",2026,3,"ffpc","IND","2026-09-29T19:06:05Z","refresh",7.36747891157084,22
"dst",2026,3,"ffpc","NE","2026-09-29T19:06:05Z","refresh",6.93267560676806,24.75
"dst",2026,3,"ffpc","ATL","2026-09-29T19:06:05Z","refresh",6.92617501916846,23.75
"dst",2026,3,"ffpc","DEN","2026-09-29T19:06:05Z","refresh",6.47146226085079,23
"dst",2026,3,"ffpc","WAS","2026-09-29T19:06:05Z","refresh",6.21255466832962,24.25
"dst",2026,3,"ffpc","BAL","2026-09-29T19:06:05Z","refresh",5.47260262523933,25
"dst",2026,3,"ffpc","NYJ","2026-09-29T19:06:05Z","refresh",5.05680157029025,28.25
"dst",2026,3,"ffpc","LAC","2026-09-29T19:06:05Z","refresh",4.84363016899867,28.75
"dst",2026,3,"ffpc","MIA","2026-09-29T19:06:05Z","refresh",4.64006680018101,27.5
"dst",2026,3,"ffpc","DAL","2026-09-29T19:06:05Z","refresh",4.60444848806655,28.5
"dst",2026,3,"ffpc","ARI","2026-09-29T19:06:05Z","refresh",4.38917570441993,28
"k",2026,3,"espn","KC","2026-09-29T19:06:36Z","refresh",9.25118360038487,27.5
"k",2026,3,"espn","HOU","2026-09-29T19:06:36Z","refresh",9.26309845672902,22
"k",2026,3,"espn","DET","2026-09-29T19:06:36Z","refresh",9.21229213015543,28.25
"k",2026,3,"espn","NO","2026-09-29T19:06:36Z","refresh",9.15455162369698,23.5
"k",2026,3,"espn","DAL","2026-09-29T19:06:36Z","refresh",9.05743001805526,25
"k",2026,3,"espn","SF","2026-09-29T19:06:36Z","refresh",8.86816063306057,28
"k",2026,3,"espn","MIN","2026-09-29T19:06:36Z","refresh",8.71555506271526,21.75
"k",2026,3,"espn","SEA","2026-09-29T19:06:36Z","refresh",8.77519336770005,24.25
"k",2026,3,"espn","JAX","2026-09-29T19:06:36Z","refresh",8.51732185050184,24.75
"k",2026,3,"espn","TB","2026-09-29T19:06:36Z","refresh",8.65574436900086,20.75
"k",2026,3,"espn","CIN","2026-09-29T19:06:36Z","refresh",8.47799112356493,22.75
"k",2026,3,"espn","PHI","2026-09-29T19:06:36Z","refresh",8.4562843280253,22.75
"k",2026,3,"espn","BAL","2026-09-29T19:06:36Z","refresh",8.46891251922725,28.5
"k",2026,3,"espn","BUF","2026-09-29T19:06:36Z","refresh",8.41119695587557,28.75
"k",2026,3,"espn","LV","2026-09-29T19:06:36Z","refresh",8.22205563553212,20
"k",2026,3,"espn","IND","2026-09-29T19:06:36Z","refresh",8.26489547703149,20.5
"k",2026,3,"espn","NYJ","2026-09-29T19:06:36Z","refresh",8.2205275700451,21.25
"k",2026,3,"espn","LA","2026-09-29T19:06:36Z","refresh",8.08983195208552,23
"k",2026,3,"espn","GB","2026-09-29T19:06:36Z","refresh",7.982777162325,23.75
"k",2026,3,"espn","DEN","2026-09-29T19:06:36Z","refresh",8.21090167397763,21.5
"k",2026,3,"espn","PIT","2026-09-29T19:06:36Z","refresh",7.93095904749382,19.75
"k",2026,3,"espn","ATL","2026-09-29T19:06:36Z","refresh",7.69744680616329,19.25
"k",2026,3,"espn","NE","2026-09-29T19:06:36Z","refresh",7.46693597217596,21.75
"k",2026,3,"espn","CAR","2026-09-29T19:06:36Z","refresh",7.45053695060952,21.75
"k",2026,3,"espn","CHI","2026-09-29T19:06:36Z","refresh",7.4701312030605,18.75
"k",2026,3,"espn","LAC","2026-09-29T19:06:36Z","refresh",7.48479143406405,21.75
"k",2026,3,"espn","CLE","2026-09-29T19:06:36Z","refresh",7.41500088460859,19.75
"k",2026,3,"espn","NYG","2026-09-29T19:06:36Z","refresh",7.39464175959722,20
"k",2026,3,"espn","ARI","2026-09-29T19:06:36Z","refresh",7.1992228560457,20.5
"k",2026,3,"espn","TEN","2026-09-29T19:06:36Z","refresh",7.28843567424197,17.5
"k",2026,3,"espn","MIA","2026-09-29T19:06:36Z","refresh",6.89619277475352,17.5
"k",2026,3,"espn","WAS","2026-09-29T19:06:36Z","refresh",6.20274930556539,15.75
"k",2026,3,"dec","KC","2026-09-29T19:06:36Z","refresh",9.58573832951808,27.5
"k",2026,3,"dec","HOU","2026-09-29T19:06:36Z","refresh",9.70566433783486,22
"k",2026,3,"dec","DET","2026-09-29T19:06:36Z","refresh",9.58530891261342,28.25
"k",2026,3,"dec","NO","2026-09-29T19:06:36Z","refresh",9.57221315834185,23.5
"k",2026,3,"dec","DAL","2026-09-29T19:06:36Z","refresh",9.46268571036832,25
"k",2026,3,"dec","SF","2026-09-29T19:06:36Z","refresh",9.17286450796097,28
"k",2026,3,"dec","MIN","2026-09-29T19:06:36Z","refresh",9.08610071236346,21.75
"k",2026,3,"dec","SEA","2026-09-29T19:06:36Z","refresh",9.12416978044754,24.25
"k",2026,3,"dec","JAX","2026-09-29T19:06:36Z","refresh",8.85063839242958,24.75
"k",2026,3,"dec","TB","2026-09-29T19:06:36Z","refresh",9.06028227844827,20.75
"k",2026,3,"dec","CIN","2026-09-29T19:06:36Z","refresh",8.8472876537752,22.75
"k",2026,3,"dec","PHI","2026-09-29T19:06:36Z","refresh",8.8451162518136,22.75
"k",2026,3,"dec","BAL","2026-09-29T19:06:36Z","refresh",8.74127460243472,28.5
"k",2026,3,"dec","BUF","2026-09-29T19:06:36Z","refresh",8.72811823854978,28.75
"k",2026,3,"dec","LV","2026-09-29T19:06:36Z","refresh",8.65024385052251,20
"k",2026,3,"dec","IND","2026-09-29T19:06:36Z","refresh",8.64673014227999,20.5
"k",2026,3,"dec","NYJ","2026-09-29T19:06:36Z","refresh",8.62928899474661,21.25
"k",2026,3,"dec","LA","2026-09-29T19:06:36Z","refresh",8.38272426528482,23
"k",2026,3,"dec","GB","2026-09-29T19:06:36Z","refresh",8.31091120528665,23.75
"k",2026,3,"dec","DEN","2026-09-29T19:06:36Z","refresh",8.56319282307713,21.5
"k",2026,3,"dec","PIT","2026-09-29T19:06:36Z","refresh",8.32550819779584,19.75
"k",2026,3,"dec","ATL","2026-09-29T19:06:36Z","refresh",8.09250872955201,19.25
"k",2026,3,"dec","NE","2026-09-29T19:06:36Z","refresh",7.78321489301342,21.75
"k",2026,3,"dec","CAR","2026-09-29T19:06:36Z","refresh",7.76513449132735,21.75
"k",2026,3,"dec","CHI","2026-09-29T19:06:36Z","refresh",7.87018260643823,18.75
"k",2026,3,"dec","LAC","2026-09-29T19:06:36Z","refresh",7.80854050106725,21.75
"k",2026,3,"dec","CLE","2026-09-29T19:06:36Z","refresh",7.73653817033385,19.75
"k",2026,3,"dec","NYG","2026-09-29T19:06:36Z","refresh",7.70821294156848,20
"k",2026,3,"dec","ARI","2026-09-29T19:06:36Z","refresh",7.50395124717928,20.5
"k",2026,3,"dec","TEN","2026-09-29T19:06:36Z","refresh",7.66393435820797,17.5
"k",2026,3,"dec","MIA","2026-09-29T19:06:36Z","refresh",7.22615937743087,17.5
"k",2026,3,"dec","WAS","2026-09-29T19:06:36Z","refresh",6.54139383967071,15.75
"dst",2026,4,"espn","MIN","2026-09-29T19:40:24Z","weekly",12.1779143882518,13.5
"dst",2026,4,"espn","GB","2026-09-29T19:40:24Z","weekly",7.95633761170733,18
"dst",2026,4,"espn","SEA","2026-09-29T19:40:24Z","weekly",9.42695980999627,17.75
"dst",2026,4,"espn","PIT","2026-09-29T19:40:24Z","weekly",9.05398955579057,18
"dst",2026,4,"espn","BAL","2026-09-29T19:40:24Z","weekly",8.38180192010899,16
"dst",2026,4,"espn","CHI","2026-09-29T19:40:24Z","weekly",8.02148551945596,19.5
"dst",2026,4,"espn","KC","2026-09-29T19:40:24Z","weekly",7.74984222916884,21.5
"dst",2026,4,"espn","BUF","2026-09-29T19:40:24Z","weekly",7.06133433423263,20.75
"dst",2026,4,"espn","LA","2026-09-29T19:40:24Z","weekly",6.98765148067918,20.25
"dst",2026,4,"espn","TB","2026-09-29T19:40:24Z","weekly",6.41913106670577,21.5
"dst",2026,4,"espn","NYG","2026-09-29T19:40:24Z","weekly",5.55389243679252,23
"dst",2026,4,"espn","IND","2026-09-29T19:40:24Z","weekly",5.45066520254408,22
"dst",2026,4,"espn","NO","2026-09-29T19:40:24Z","weekly",5.43784977953027,22.75
"dst",2026,4,"espn","LAC","2026-09-29T19:40:24Z","weekly",5.52951145444493,24.75
"dst",2026,4,"espn","CLE","2026-09-29T19:40:24Z","weekly",5.27856429950126,20.5
"dst",2026,4,"espn","ARI","2026-09-29T19:40:24Z","weekly",5.3405480513019,21.5
"dst",2026,4,"espn","SF","2026-09-29T19:40:24Z","weekly",5.08939101577569,21.75
"dst",2026,4,"espn","ATL","2026-09-29T19:40:24Z","weekly",4.8183145467389,25.75
"dst",2026,4,"espn","DET","2026-09-29T19:40:24Z","weekly",4.89540189791751,23.5
"dst",2026,4,"espn","HOU","2026-09-29T19:40:24Z","weekly",4.92827609576553,22.5
"dst",2026,4,"espn","WAS","2026-09-29T19:40:24Z","weekly",4.70606692095645,25.5
"dst",2026,4,"espn","MIA","2026-09-29T19:40:24Z","weekly",4.60967908825979,25
"dst",2026,4,"espn","CIN","2026-09-29T19:40:24Z","weekly",4.45032482812695,24.5
"dst",2026,4,"espn","CAR","2026-09-29T19:40:24Z","weekly",4.4189673829515,27
"dst",2026,4,"espn","DAL","2026-09-29T19:40:24Z","weekly",4.4446199280521,25
"dst",2026,4,"espn","JAX","2026-09-29T19:40:24Z","weekly",4.23341223186749,27
"dst",2026,4,"espn","NYJ","2026-09-29T19:40:24Z","weekly",3.97735076472417,23
"dst",2026,4,"espn","DEN","2026-09-29T19:40:24Z","weekly",3.99307060538586,24.75
"dst",2026,4,"espn","PHI","2026-09-29T19:40:24Z","weekly",3.89156515327194,23.25
"dst",2026,4,"espn","LV","2026-09-29T19:40:24Z","weekly",3.71969247544106,26
"dst",2026,4,"espn","TEN","2026-09-29T19:40:24Z","weekly",2.48788997799316,27.5
"dst",2026,4,"espn","NE","2026-09-29T19:40:24Z","weekly",1.96653463054418,27.75
"dst",2026,4,"yahoo","MIN","2026-09-29T19:40:24Z","weekly",11.0295519233467,13.5
"dst",2026,4,"yahoo","PIT","2026-09-29T19:40:24Z","weekly",8.9802327621266,18
"dst",2026,4,"yahoo","SEA","2026-09-29T19:40:24Z","weekly",8.91356077252312,17.75
"dst",2026,4,"yahoo","BAL","2026-09-29T19:40:24Z","weekly",8.7842852540659,16
"dst",2026,4,"yahoo","GB","2026-09-29T19:40:24Z","weekly",7.20169228891005,18
"dst",2026,4,"yahoo","CHI","2026-09-29T19:40:24Z","weekly",8.22604348948682,19.5
"dst",2026,4,"yahoo","KC","2026-09-29T19:40:24Z","weekly",8.09435973952746,21.5
"dst",2026,4,"yahoo","BUF","2026-09-29T19:40:24Z","weekly",7.70659388759669,20.75
"dst",2026,4,"yahoo","LA","2026-09-29T19:40:24Z","weekly",7.32560123272637,20.25
"dst",2026,4,"yahoo","CLE","2026-09-29T19:40:24Z","weekly",6.72460212563933,20.5
"dst",2026,4,"yahoo","TB","2026-09-29T19:40:24Z","weekly",6.75997125726217,21.5
"dst",2026,4,"yahoo","IND","2026-09-29T19:40:24Z","weekly",6.64783746824451,22
"dst",2026,4,"yahoo","NO","2026-09-29T19:40:24Z","weekly",6.65560132315925,22.75
"dst",2026,4,"yahoo","NYG","2026-09-29T19:40:24Z","weekly",6.41199330724491,23
"dst",2026,4,"yahoo","DET","2026-09-29T19:40:24Z","weekly",6.36301367545373,23.5
"dst",2026,4,"yahoo","LAC","2026-09-29T19:40:24Z","weekly",6.51729735094188,24.75
"dst",2026,4,"yahoo","HOU","2026-09-29T19:40:24Z","weekly",6.28199279867751,22.5
"dst",2026,4,"yahoo","ARI","2026-09-29T19:40:24Z","weekly",6.27685091446949,21.5
"dst",2026,4,"yahoo","DAL","2026-09-29T19:40:24Z","weekly",6.0982542042036,25
"dst",2026,4,"yahoo","ATL","2026-09-29T19:40:24Z","weekly",5.92005204108783,25.75
"dst",2026,4,"yahoo","SF","2026-09-29T19:40:24Z","weekly",5.93173239402155,21.75
"dst",2026,4,"yahoo","DEN","2026-09-29T19:40:24Z","weekly",5.92888237089775,24.75
"dst",2026,4,"yahoo","CIN","2026-09-29T19:40:24Z","weekly",5.66845237971932,24.5
"dst",2026,4,"yahoo","MIA","2026-09-29T19:40:24Z","weekly",5.56044369299606,25
"dst",2026,4,"yahoo","WAS","2026-09-29T19:40:24Z","weekly",5.52779469032794,25.5
"dst",2026,4,"yahoo","CAR","2026-09-29T19:40:24Z","weekly",5.49223960079152,27
"dst",2026,4,"yahoo","JAX","2026-09-29T19:40:24Z","weekly",5.13058106841212,27
"dst",2026,4,"yahoo","PHI","2026-09-29T19:40:24Z","weekly",5.15454456332331,23.25
"dst",2026,4,"yahoo","NYJ","2026-09-29T19:40:24Z","weekly",5.00316072616118,23
"dst",2026,4,"yahoo","LV","2026-09-29T19:40:24Z","weekly",4.87292965489881,26
"dst",2026,4,"yahoo","NE","2026-09-29T19:40:24Z","weekly",3.88038560188679,27.75
"dst",2026,4,"yahoo","TEN","2026-09-29T19:40:24Z","weekly",3.88460531909966,27.5
"dst",2026,4,"ffpc","MIN","2026-09-29T19:40:24Z","weekly",12.4612446768881,13.5
"dst",2026,4,"ffpc","SEA","2026-09-29T19:40:24Z","weekly",10.5068902373304,17.75
"dst",2026,4,"ffpc","GB","2026-09-29T19:40:24Z","weekly",8.70238583245338,18
"dst",2026,4,"ffpc","PIT","2026-09-29T19:40:24Z","weekly",9.94028930626044,18
"dst",2026,4,"ffpc","BAL","2026-09-29T19:40:24Z","weekly",9.55600740116812,16
"dst",2026,4,"ffpc","CHI","2026-09-29T19:40:24Z","weekly",9.25187458211944,19.5
"dst",2026,4,"ffpc","KC","2026-09-29T19:40:24Z","weekly",9.05578903163709,21.5
"dst",2026,4,"ffpc","BUF","2026-09-29T19:40:24Z","weekly",8.87018933700978,20.75
"dst",2026,4,"ffpc","LA","2026-09-29T19:40:24Z","weekly",8.4971975890117,20.25
"dst",2026,4,"ffpc","TB","2026-09-29T19:40:24Z","weekly",7.6787773834024,21.5
"dst",2026,4,"ffpc","IND","2026-09-29T19:40:24Z","weekly",7.29315800685898,22
"dst",2026,4,"ffpc","NYG","2026-09-29T19:40:24Z","weekly",7.4367714403184,23
"dst",2026,4,"ffpc","LAC","2026-09-29T19:40:24Z","weekly",7.53127442557826,24.75
"dst",2026,4,"ffpc","DET","2026-09-29T19:40:24Z","weekly",7.42600793399361,23.5
"dst",2026,4,"ffpc","NO","2026-09-29T19:40:24Z","weekly",7.40888023790921,22.75
"dst",2026,4,"ffpc","ATL","2026-09-29T19:40:24Z","weekly",7.1741555950329,25.75
"dst",2026,4,"ffpc","ARI","2026-09-29T19:40:24Z","weekly",7.32443012413359,21.5
"dst",2026,4,"ffpc","CLE","2026-09-29T19:40:24Z","weekly",7.19543486697619,20.5
"dst",2026,4,"ffpc","HOU","2026-09-29T19:40:24Z","weekly",6.83232320795768,22.5
"dst",2026,4,"ffpc","SF","2026-09-29T19:40:24Z","weekly",6.79120950469008,21.75
"dst",2026,4,"ffpc","CIN","2026-09-29T19:40:24Z","weekly",6.71315685338461,24.5
"dst",2026,4,"ffpc","DAL","2026-09-29T19:40:24Z","weekly",6.70146476582442,25
"dst",2026,4,"ffpc","CAR","2026-09-29T19:40:24Z","weekly",6.62741875504761,27
"dst",2026,4,"ffpc","JAX","2026-09-29T19:40:24Z","weekly",6.58849169542281,27
"dst",2026,4,"ffpc","DEN","2026-09-29T19:40:24Z","weekly",6.64063843137354,24.75
"dst",2026,4,"ffpc","WAS","2026-09-29T19:40:24Z","weekly",6.50073406777081,25.5
"dst",2026,4,"ffpc","MIA","2026-09-29T19:40:24Z","weekly",6.45350188845636,25
"dst",2026,4,"ffpc","NYJ","2026-09-29T19:40:24Z","weekly",5.68665631120064,23
"dst",2026,4,"ffpc","LV","2026-09-29T19:40:24Z","weekly",5.68580918656827,26
"dst",2026,4,"ffpc","PHI","2026-09-29T19:40:24Z","weekly",5.70879883901946,23.25
"dst",2026,4,"ffpc","TEN","2026-09-29T19:40:24Z","weekly",4.87901401664539,27.5
"dst",2026,4,"ffpc","NE","2026-09-29T19:40:24Z","weekly",4.6953524936592,27.75
"dst",2026,4,"espn","MIN","2026-09-29T19:48:05Z","refresh",12.0551624289613,13.75
"dst",2026,4,"espn","GB","2026-09-29T19:48:05Z","refresh",9.43320160071324,17.75
"dst",2026,4,"espn","SEA","2026-09-29T19:48:05Z","refresh",9.32412894340917,18
"dst",2026,4,"espn","PIT","2026-09-29T19:48:05Z","refresh",9.04370758185755,18
"dst",2026,4,"espn","BAL","2026-09-29T19:48:05Z","refresh",8.37222779783654,16
"dst",2026,4,"espn","CHI","2026-09-29T19:48:05Z","refresh",7.81171584126013,20
"dst",2026,4,"espn","KC","2026-09-29T19:48:05Z","refresh",7.59494779256503,21.875
"dst",2026,4,"espn","BUF","2026-09-29T19:48:05Z","refresh",6.94471251798874,21
"dst",2026,4,"espn","LA","2026-09-29T19:48:05Z","refresh",6.88599226183352,20.5
"dst",2026,4,"espn","TB","2026-09-29T19:48:05Z","refresh",6.30661120294354,21.75
"dst",2026,4,"espn","NYG","2026-09-29T19:48:05Z","refresh",5.64921120596331,22.75
"dst",2026,4,"espn","IND","2026-09-29T19:48:05Z","refresh",5.4894601331417,21.75
"dst",2026,4,"espn","NO","2026-09-29T19:48:05Z","refresh",5.32482475825323,23
"dst",2026,4,"espn","LAC","2026-09-29T19:48:05Z","refresh",5.29891209415873,25
"dst",2026,4,"espn","CLE","2026-09-29T19:48:05Z","refresh",5.27012532254017,20.5
"dst",2026,4,"espn","ARI","2026-09-29T19:48:05Z","refresh",5.22694108710196,21.75
"dst",2026,4,"espn","SF","2026-09-29T19:48:05Z","refresh",4.98929015364188,22
"dst",2026,4,"espn","ATL","2026-09-29T19:48:05Z","refresh",4.9138177856537,25.5
"dst",2026,4,"espn","DET","2026-09-29T19:48:05Z","refresh",4.88572727864997,23.5
"dst",2026,4,"espn","HOU","2026-09-29T19:48:05Z","refresh",4.82761284956636,22.75
"dst",2026,4,"espn","WAS","2026-09-29T19:48:05Z","refresh",4.78926173725198,25.25
"dst",2026,4,"espn","MIA","2026-09-29T19:48:05Z","refresh",4.70411243094183,24.75
"dst",2026,4,"espn","CIN","2026-09-29T19:48:05Z","refresh",4.44131212428457,24.5
"dst",2026,4,"espn","CAR","2026-09-29T19:48:05Z","refresh",4.40984152554008,27
"dst",2026,4,"espn","DAL","2026-09-29T19:48:05Z","refresh",4.34339549912104,25.25
"dst",2026,4,"espn","JAX","2026-09-29T19:48:05Z","refresh",4.22416293163683,27
"dst",2026,4,"espn","NYJ","2026-09-29T19:48:05Z","refresh",3.97997961835516,23
"dst",2026,4,"espn","DEN","2026-09-29T19:48:05Z","refresh",3.89295579816623,25
"dst",2026,4,"espn","PHI","2026-09-29T19:48:05Z","refresh",3.79130384936335,23.5
"dst",2026,4,"espn","LV","2026-09-29T19:48:05Z","refresh",3.67085672633341,26.125
"dst",2026,4,"espn","TEN","2026-09-29T19:48:05Z","refresh",2.47967789863512,27.5
"dst",2026,4,"espn","NE","2026-09-29T19:48:05Z","refresh",2.060965803792,27.5
"dst",2026,4,"yahoo","MIN","2026-09-29T19:48:05Z","refresh",10.9423169834894,13.75
"dst",2026,4,"yahoo","PIT","2026-09-29T19:48:05Z","refresh",8.97818616081319,18
"dst",2026,4,"yahoo","SEA","2026-09-29T19:48:05Z","refresh",8.85274235152499,18
"dst",2026,4,"yahoo","BAL","2026-09-29T19:48:05Z","refresh",8.78223865275249,16
"dst",2026,4,"yahoo","GB","2026-09-29T19:48:05Z","refresh",8.46083088357284,17.75
"dst",2026,4,"yahoo","CHI","2026-09-29T19:48:05Z","refresh",8.08003672994473,20
"dst",2026,4,"yahoo","KC","2026-09-29T19:48:05Z","refresh",7.99094714925735,21.875
"dst",2026,4,"yahoo","BUF","2026-09-29T19:48:05Z","refresh",7.61935894773933,21
"dst",2026,4,"yahoo","LA","2026-09-29T19:48:05Z","refresh",7.26478281172824,20.5
"dst",2026,4,"yahoo","CLE","2026-09-29T19:48:05Z","refresh",6.72255552432592,20.5
"dst",2026,4,"yahoo","TB","2026-09-29T19:48:05Z","refresh",6.67273631740481,21.75
"dst",2026,4,"yahoo","IND","2026-09-29T19:48:05Z","refresh",6.57798664625113,21.75
"dst",2026,4,"yahoo","NO","2026-09-29T19:48:05Z","refresh",6.56836638330189,23
"dst",2026,4,"yahoo","NYG","2026-09-29T19:48:05Z","refresh",6.49513504447547,22.75
"dst",2026,4,"yahoo","DET","2026-09-29T19:48:05Z","refresh",6.36096707414033,23.5
"dst",2026,4,"yahoo","LAC","2026-09-29T19:48:05Z","refresh",6.28039698570862,25
"dst",2026,4,"yahoo","HOU","2026-09-29T19:48:05Z","refresh",6.22117437767938,22.75
"dst",2026,4,"yahoo","ARI","2026-09-29T19:48:05Z","refresh",6.18961597461213,21.75
"dst",2026,4,"yahoo","DAL","2026-09-29T19:48:05Z","refresh",6.03743578320548,25.25
"dst",2026,4,"yahoo","ATL","2026-09-29T19:48:05Z","refresh",6.00319377831839,25.5
"dst",2026,4,"yahoo","SF","2026-09-29T19:48:05Z","refresh",5.87091397302342,22
"dst",2026,4,"yahoo","DEN","2026-09-29T19:48:05Z","refresh",5.86806394989962,25
"dst",2026,4,"yahoo","CIN","2026-09-29T19:48:05Z","refresh",5.66640577840591,24.5
"dst",2026,4,"yahoo","MIA","2026-09-29T19:48:05Z","refresh",5.64358543022662,24.75
"dst",2026,4,"yahoo","WAS","2026-09-29T19:48:05Z","refresh",5.58451990869926,25.25
"dst",2026,4,"yahoo","CAR","2026-09-29T19:48:05Z","refresh",5.49019299947811,27
"dst",2026,4,"yahoo","JAX","2026-09-29T19:48:05Z","refresh",5.12853446709871,27
"dst",2026,4,"yahoo","PHI","2026-09-29T19:48:05Z","refresh",5.09372614232519,23.5
"dst",2026,4,"yahoo","NYJ","2026-09-29T19:48:05Z","refresh",5.02753064370701,23
"dst",2026,4,"yahoo","LV","2026-09-29T19:48:05Z","refresh",4.85470540317267,26.125
"dst",2026,4,"yahoo","NE","2026-09-29T19:48:05Z","refresh",3.96352733911735,27.5
"dst",2026,4,"yahoo","TEN","2026-09-29T19:48:05Z","refresh",3.88255871778626,27.5
"dst",2026,4,"ffpc","MIN","2026-09-29T19:48:05Z","refresh",12.3500748638742,13.75
"dst",2026,4,"ffpc","SEA","2026-09-29T19:48:05Z","refresh",10.4303619156733,18
"dst",2026,4,"ffpc","GB","2026-09-29T19:48:05Z","refresh",10.1531948162151,17.75
"dst",2026,4,"ffpc","PIT","2026-09-29T19:48:05Z","refresh",9.91830759916157,18
"dst",2026,4,"ffpc","BAL","2026-09-29T19:48:05Z","refresh",9.53516288810757,16
"dst",2026,4,"ffpc","CHI","2026-09-29T19:48:05Z","refresh",9.09272230708754,20
"dst",2026,4,"ffpc","KC","2026-09-29T19:48:05Z","refresh",8.93985707761309,21.875
"dst",2026,4,"ffpc","BUF","2026-09-29T19:48:05Z","refresh",8.7649457731421,21
"dst",2026,4,"ffpc","LA","2026-09-29T19:48:05Z","refresh",8.42268457298046,20.5
"dst",2026,4,"ffpc","TB","2026-09-29T19:48:05Z","refresh",7.5781623924591,21.75
"dst",2026,4,"ffpc","IND","2026-09-29T19:48:05Z","refresh",7.55511976996078,21.75
"dst",2026,4,"ffpc","NYG","2026-09-29T19:48:05Z","refresh",7.49776537123628,22.75
"dst",2026,4,"ffpc","LAC","2026-09-29T19:48:05Z","refresh",7.47813815279202,25
"dst",2026,4,"ffpc","DET","2026-09-29T19:48:05Z","refresh",7.40476105417441,23.5
"dst",2026,4,"ffpc","NO","2026-09-29T19:48:05Z","refresh",7.30750276877241,23
"dst",2026,4,"ffpc","ATL","2026-09-29T19:48:05Z","refresh",7.23488436314487,25.5
"dst",2026,4,"ffpc","ARI","2026-09-29T19:48:05Z","refresh",7.22267846407925,21.75
"dst",2026,4,"ffpc","CLE","2026-09-29T19:48:05Z","refresh",7.17554122091595,20.5
"dst",2026,4,"ffpc","HOU","2026-09-29T19:48:05Z","refresh",6.75876506248011,22.75
"dst",2026,4,"ffpc","SF","2026-09-29T19:48:05Z","refresh",6.71896620079879,22
"dst",2026,4,"ffpc","CIN","2026-09-29T19:48:05Z","refresh",6.69275921423538,24.5
"dst",2026,4,"ffpc","DAL","2026-09-29T19:48:05Z","refresh",6.62780643353529,25.25
"dst",2026,4,"ffpc","CAR","2026-09-29T19:48:05Z","refresh",6.60673781327384,27
"dst",2026,4,"ffpc","JAX","2026-09-29T19:48:05Z","refresh",6.56751947804396,27
"dst",2026,4,"ffpc","DEN","2026-09-29T19:48:05Z","refresh",6.56722303155157,25
"dst",2026,4,"ffpc","WAS","2026-09-29T19:48:05Z","refresh",6.53424212339227,25.25
"dst",2026,4,"ffpc","MIA","2026-09-29T19:48:05Z","refresh",6.51387092693066,24.75
"dst",2026,4,"ffpc","NYJ","2026-09-29T19:48:05Z","refresh",5.69430137422768,23
"dst",2026,4,"ffpc","LV","2026-09-29T19:48:05Z","refresh",5.65249569444244,26.125
"dst",2026,4,"ffpc","PHI","2026-09-29T19:48:05Z","refresh",5.63637926367126,23.5
"dst",2026,4,"ffpc","TEN","2026-09-29T19:48:05Z","refresh",4.85980150280567,27.5
"dst",2026,4,"ffpc","NE","2026-09-29T19:48:05Z","refresh",4.75558061984946,27.5
"k",2026,4,"espn","MIN","2026-09-29T19:46:56Z","weekly",10.226998836623,25
"k",2026,4,"espn","DAL","2026-09-29T19:46:56Z","weekly",9.58907498727131,22.5
"k",2026,4,"espn","HOU","2026-09-29T19:46:56Z","weekly",9.46651386485912,25
"k",2026,4,"espn","NO","2026-09-29T19:46:56Z","weekly",9.28370746232839,25.75
"k",2026,4,"espn","CIN","2026-09-29T19:46:56Z","weekly",9.17033226332822,27
"k",2026,4,"espn","SEA","2026-09-29T19:46:56Z","weekly",9.07825230073421,24.75
"k",2026,4,"espn","KC","2026-09-29T19:46:56Z","weekly",9.0433285321909,26
"k",2026,4,"espn","BAL","2026-09-29T19:46:56Z","weekly",8.99681853202455,27.5
"k",2026,4,"espn","PIT","2026-09-29T19:46:56Z","weekly",8.60339186090569,20.5
"k",2026,4,"espn","SF","2026-09-29T19:46:56Z","weekly",8.55609790955128,24.75
"k",2026,4,"espn","DET","2026-09-29T19:46:56Z","weekly",8.4996557979724,27
"k",2026,4,"espn","IND","2026-09-29T19:46:56Z","weekly",8.49069003280914,25.5
"k",2026,4,"espn","BUF","2026-09-29T19:46:56Z","weekly",8.46879306947698,27.75
"k",2026,4,"espn","ATL","2026-09-29T19:46:56Z","weekly",8.45748810461467,22.75
"k",2026,4,"espn","JAX","2026-09-29T19:46:56Z","weekly",8.32054599006545,24.5
"k",2026,4,"espn","TB","2026-09-29T19:46:56Z","weekly",8.20184154636749,18
"k",2026,4,"espn","LV","2026-09-29T19:46:56Z","weekly",8.14092750290419,21.5
"k",2026,4,"espn","ARI","2026-09-29T19:46:56Z","weekly",8.07288393882525,23
"k",2026,4,"espn","CHI","2026-09-29T19:46:56Z","weekly",7.90955636165617,23
"k",2026,4,"espn","LA","2026-09-29T19:46:56Z","weekly",7.89688817121396,23.25
"k",2026,4,"espn","DEN","2026-09-29T19:46:56Z","weekly",7.68728743703651,21.75
"k",2026,4,"espn","LAC","2026-09-29T19:46:56Z","weekly",7.62930212929854,17.75
"k",2026,4,"espn","NYJ","2026-09-29T19:46:56Z","weekly",7.61669637034518,19.5
"k",2026,4,"espn","PHI","2026-09-29T19:46:56Z","weekly",7.58065121999353,20.25
"k",2026,4,"espn","CAR","2026-09-29T19:46:56Z","weekly",7.56404413738078,23.5
"k",2026,4,"espn","GB","2026-09-29T19:46:56Z","weekly",7.49790107722054,21.5
"k",2026,4,"espn","CLE","2026-09-29T19:46:56Z","weekly",7.42795171737527,18
"k",2026,4,"espn","NYG","2026-09-29T19:46:56Z","weekly",7.30590641136313,21.5
"k",2026,4,"espn","WAS","2026-09-29T19:46:56Z","weekly",7.17001121760827,22
"k",2026,4,"espn","MIA","2026-09-29T19:46:56Z","weekly",6.99744393124446,13.5
"k",2026,4,"espn","NE","2026-09-29T19:46:56Z","weekly",6.98378750302767,20.75
"k",2026,4,"espn","TEN","2026-09-29T19:46:56Z","weekly",6.93569239959223,16
"k",2026,4,"dec","MIN","2026-09-29T19:46:56Z","weekly",10.6422164882204,25
"k",2026,4,"dec","DAL","2026-09-29T19:46:56Z","weekly",10.0942761532302,22.5
"k",2026,4,"dec","HOU","2026-09-29T19:46:56Z","weekly",9.89527369146496,25
"k",2026,4,"dec","NO","2026-09-29T19:46:56Z","weekly",9.68990416870037,25.75
"k",2026,4,"dec","CIN","2026-09-29T19:46:56Z","weekly",9.52896941259785,27
"k",2026,4,"dec","SEA","2026-09-29T19:46:56Z","weekly",9.44420903103099,24.75
"k",2026,4,"dec","KC","2026-09-29T19:46:56Z","weekly",9.43468784248834,26
"k",2026,4,"dec","BAL","2026-09-29T19:46:56Z","weekly",9.28623732644864,27.5
"k",2026,4,"dec","PIT","2026-09-29T19:46:56Z","weekly",9.03260578129067,20.5
"k",2026,4,"dec","SF","2026-09-29T19:46:56Z","weekly",8.90217764601089,24.75
"k",2026,4,"dec","DET","2026-09-29T19:46:56Z","weekly",8.83581872256334,27
"k",2026,4,"dec","IND","2026-09-29T19:46:56Z","weekly",8.80085771708115,25.5
"k",2026,4,"dec","BUF","2026-09-29T19:46:56Z","weekly",8.7964421428329,27.75
"k",2026,4,"dec","ATL","2026-09-29T19:46:56Z","weekly",8.89426965064447,22.75
"k",2026,4,"dec","JAX","2026-09-29T19:46:56Z","weekly",8.65472938180437,24.5
"k",2026,4,"dec","TB","2026-09-29T19:46:56Z","weekly",8.61723153510254,18
"k",2026,4,"dec","LV","2026-09-29T19:46:56Z","weekly",8.54502413102813,21.5
"k",2026,4,"dec","ARI","2026-09-29T19:46:56Z","weekly",8.39832848260367,23
"k",2026,4,"dec","CHI","2026-09-29T19:46:56Z","weekly",8.28589321167958,23
"k",2026,4,"dec","LA","2026-09-29T19:46:56Z","weekly",8.2094766365169,23.25
"k",2026,4,"dec","DEN","2026-09-29T19:46:56Z","weekly",8.02916946054859,21.75
"k",2026,4,"dec","LAC","2026-09-29T19:46:56Z","weekly",8.00803834520923,17.75
"k",2026,4,"dec","NYJ","2026-09-29T19:46:56Z","weekly",7.99573150473451,19.5
"k",2026,4,"dec","PHI","2026-09-29T19:46:56Z","weekly",7.96384821850907,20.25
"k",2026,4,"dec","CAR","2026-09-29T19:46:56Z","weekly",7.86431881538085,23.5
"k",2026,4,"dec","GB","2026-09-29T19:46:56Z","weekly",7.83797802916891,21.5
"k",2026,4,"dec","CLE","2026-09-29T19:46:56Z","weekly",7.78811044969338,18
"k",2026,4,"dec","NYG","2026-09-29T19:46:56Z","weekly",7.62936439899358,21.5
"k",2026,4,"dec","WAS","2026-09-29T19:46:56Z","weekly",7.49133243763826,22
"k",2026,4,"dec","MIA","2026-09-29T19:46:56Z","weekly",7.40678065303008,13.5
"k",2026,4,"dec","NE","2026-09-29T19:46:56Z","weekly",7.28846826958047,20.75
"k",2026,4,"dec","TEN","2026-09-29T19:46:56Z","weekly",7.31481511074401,16
"k",2026,4,"espn","MIN","2026-09-29T19:48:44Z","refresh",10.1752716838103,24.75
"k",2026,4,"espn","DAL","2026-09-29T19:48:44Z","refresh",9.60696832791165,22.75
"k",2026,4,"espn","HOU","2026-09-29T19:48:44Z","refresh",9.48568254416919,25.25
"k",2026,4,"espn","NO","2026-09-29T19:48:44Z","refresh",9.23242160348027,25.5
"k",2026,4,"espn","CIN","2026-09-29T19:48:44Z","refresh",9.17033226332822,27
"k",2026,4,"espn","SEA","2026-09-29T19:48:44Z","refresh",9.09760964008145,25
"k",2026,4,"espn","KC","2026-09-29T19:48:44Z","refresh",9.03747317342699,26.125
"k",2026,4,"espn","BAL","2026-09-29T19:48:44Z","refresh",8.99681853202455,27.5
"k",2026,4,"espn","PIT","2026-09-29T19:48:44Z","refresh",8.60339186090569,20.5
"k",2026,4,"espn","SF","2026-09-29T19:48:44Z","refresh",8.57633328704862,25
"k",2026,4,"espn","DET","2026-09-29T19:48:44Z","refresh",8.4996557979724,27
"k",2026,4,"espn","IND","2026-09-29T19:48:44Z","refresh",8.47119917853168,25.25
"k",2026,4,"espn","BUF","2026-09-29T19:48:44Z","refresh",8.41267101411815,27.5
"k",2026,4,"espn","ATL","2026-09-29T19:48:44Z","refresh",8.50556282498169,23
"k",2026,4,"espn","JAX","2026-09-29T19:48:44Z","refresh",8.32054599006545,24.5
"k",2026,4,"espn","TB","2026-09-29T19:48:44Z","refresh",8.15880417532067,17.75
"k",2026,4,"espn","LV","2026-09-29T19:48:44Z","refresh",8.18140132279567,21.875
"k",2026,4,"espn","ARI","2026-09-29T19:48:44Z","refresh",8.023518655106,22.75
"k",2026,4,"espn","CHI","2026-09-29T19:48:44Z","refresh",7.87697933376468,23
"k",2026,4,"espn","LA","2026-09-29T19:48:44Z","refresh",7.91536562681802,23.5
"k",2026,4,"espn","DEN","2026-09-29T19:48:44Z","refresh",7.70400232617241,22
"k",2026,4,"espn","LAC","2026-09-29T19:48:44Z","refresh",7.64356581832923,18
"k",2026,4,"espn","NYJ","2026-09-29T19:48:44Z","refresh",7.67718078328916,20
"k",2026,4,"espn","PHI","2026-09-29T19:48:44Z","refresh",7.59681363569948,20.5
"k",2026,4,"espn","CAR","2026-09-29T19:48:44Z","refresh",7.56404413738078,23.5
"k",2026,4,"espn","GB","2026-09-29T19:48:44Z","refresh",7.54732272969817,21.75
"k",2026,4,"espn","CLE","2026-09-29T19:48:44Z","refresh",7.42795171737527,18
"k",2026,4,"espn","NYG","2026-09-29T19:48:44Z","refresh",7.35359129920837,21.75
"k",2026,4,"espn","WAS","2026-09-29T19:48:44Z","refresh",7.15338987407526,21.75
"k",2026,4,"espn","MIA","2026-09-29T19:48:44Z","refresh",7.0389850193776,13.75
"k",2026,4,"espn","NE","2026-09-29T19:48:44Z","refresh",7.02962814916353,21
"k",2026,4,"espn","TEN","2026-09-29T19:48:44Z","refresh",6.93569239959223,16
"k",2026,4,"dec","MIN","2026-09-29T19:48:44Z","refresh",10.5916590833565,24.75
"k",2026,4,"dec","DAL","2026-09-29T19:48:44Z","refresh",10.1105115918382,22.75
"k",2026,4,"dec","HOU","2026-09-29T19:48:44Z","refresh",9.91277263075803,25.25
"k",2026,4,"dec","NO","2026-09-29T19:48:44Z","refresh",9.63969518917217,25.5
"k",2026,4,"dec","CIN","2026-09-29T19:48:44Z","refresh",9.52896941259785,27
"k",2026,4,"dec","SEA","2026-09-29T19:48:44Z","refresh",9.46188435031141,25
"k",2026,4,"dec","KC","2026-09-29T19:48:44Z","refresh",9.42766258403548,26.125
"k",2026,4,"dec","BAL","2026-09-29T19:48:44Z","refresh",9.28623732644864,27.5
"k",2026,4,"dec","PIT","2026-09-29T19:48:44Z","refresh",9.03260578129067,20.5
"k",2026,4,"dec","SF","2026-09-29T19:48:44Z","refresh",8.92080253686925,25
"k",2026,4,"dec","DET","2026-09-29T19:48:44Z","refresh",8.83581872256334,27
"k",2026,4,"dec","IND","2026-09-29T19:48:44Z","refresh",8.78301907078235,25.25
"k",2026,4,"dec","BUF","2026-09-29T19:48:44Z","refresh",8.74118184331032,27.5
"k",2026,4,"dec","ATL","2026-09-29T19:48:44Z","refresh",8.94147772987958,23
"k",2026,4,"dec","JAX","2026-09-29T19:48:44Z","refresh",8.65472938180437,24.5
"k",2026,4,"dec","TB","2026-09-29T19:48:44Z","refresh",8.57520642402677,17.75
"k",2026,4,"dec","LV","2026-09-29T19:48:44Z","refresh",8.5834559532137,21.875
"k",2026,4,"dec","ARI","2026-09-29T19:48:44Z","refresh",8.34997284049182,22.75
"k",2026,4,"dec","CHI","2026-09-29T19:48:44Z","refresh",8.25240266930391,23
"k",2026,4,"dec","LA","2026-09-29T19:48:44Z","refresh",8.22630029083302,23.5
"k",2026,4,"dec","DEN","2026-09-29T19:48:44Z","refresh",8.04429876430394,22
"k",2026,4,"dec","LAC","2026-09-29T19:48:44Z","refresh",8.02073113379444,18
"k",2026,4,"dec","NYJ","2026-09-29T19:48:44Z","refresh",8.05371986003238,20
"k",2026,4,"dec","PHI","2026-09-29T19:48:44Z","refresh",7.97839784176981,20.5
"k",2026,4,"dec","CAR","2026-09-29T19:48:44Z","refresh",7.86431881538085,23.5
"k",2026,4,"dec","GB","2026-09-29T19:48:44Z","refresh",7.88658087352633,21.75
"k",2026,4,"dec","CLE","2026-09-29T19:48:44Z","refresh",7.78811044969338,18
"k",2026,4,"dec","NYG","2026-09-29T19:48:44Z","refresh",7.67618164171285,21.75
"k",2026,4,"dec","WAS","2026-09-29T19:48:44Z","refresh",7.4762788505466,21.75
"k",2026,4,"dec","MIA","2026-09-29T19:48:44Z","refresh",7.44752510515981,13.75
"k",2026,4,"dec","NE","2026-09-29T19:48:44Z","refresh",7.33343009100938,21
"k",2026,4,"dec","TEN","2026-09-29T19:48:44Z","refresh",7.31481511074401,16
"dst",2026,4,"espn","MIN","2026-09-29T21:43:30Z","refresh",12.0551624289613,13.75
"dst",2026,4,"espn","GB","2026-09-29T21:43:30Z","refresh",9.43320160071324,17.75
"dst",2026,4,"espn","SEA","2026-09-29T21:43:30Z","refresh",9.32412894340917,18
"dst",2026,4,"espn","PIT","2026-09-29T21:43:30Z","refresh",9.04370758185755,18
"dst",2026,4,"espn","BAL","2026-09-29T21:43:30Z","refresh",8.37222779783654,16
"dst",2026,4,"espn","CHI","2026-09-29T21:43:30Z","refresh",7.81171584126013,20
"dst",2026,4,"espn","KC","2026-09-29T21:43:30Z","refresh",7.59494779256503,21.875
"dst",2026,4,"espn","LA","2026-09-29T21:43:30Z","refresh",6.9784079950828,20.25
"dst",2026,4,"espn","BUF","2026-09-29T21:43:30Z","refresh",6.94471251798874,21
"dst",2026,4,"espn","TB","2026-09-29T21:43:30Z","refresh",6.30661120294354,21.75
"dst",2026,4,"espn","NYG","2026-09-29T21:43:30Z","refresh",5.54468477645823,23
"dst",2026,4,"espn","IND","2026-09-29T21:43:30Z","refresh",5.4894601331417,21.75
"dst",2026,4,"espn","ARI","2026-09-29T21:43:30Z","refresh",5.33127940620522,21.5
"dst",2026,4,"espn","NO","2026-09-29T21:43:30Z","refresh",5.32482475825323,23
"dst",2026,4,"espn","LAC","2026-09-29T21:43:30Z","refresh",5.29891209415873,25
"dst",2026,4,"espn","CLE","2026-09-29T21:43:30Z","refresh",5.27012532254017,20.5
"dst",2026,4,"espn","ATL","2026-09-29T21:43:30Z","refresh",4.9138177856537,25.5
"dst",2026,4,"espn","SF","2026-09-29T21:43:30Z","refresh",4.89784267149076,22.25
"dst",2026,4,"espn","DET","2026-09-29T21:43:30Z","refresh",4.88572727864997,23.5
"dst",2026,4,"espn","HOU","2026-09-29T21:43:30Z","refresh",4.82761284956636,22.75
"dst",2026,4,"espn","WAS","2026-09-29T21:43:30Z","refresh",4.78926173725198,25.25
"dst",2026,4,"espn","MIA","2026-09-29T21:43:30Z","refresh",4.70411243094183,24.75
"dst",2026,4,"espn","CIN","2026-09-29T21:43:30Z","refresh",4.44131212428457,24.5
"dst",2026,4,"espn","CAR","2026-09-29T21:43:30Z","refresh",4.40984152554008,27
"dst",2026,4,"espn","DAL","2026-09-29T21:43:30Z","refresh",4.34339549912104,25.25
"dst",2026,4,"espn","JAX","2026-09-29T21:43:30Z","refresh",4.22416293163683,27
"dst",2026,4,"espn","NYJ","2026-09-29T21:43:30Z","refresh",3.97997961835516,23
"dst",2026,4,"espn","PHI","2026-09-29T21:43:30Z","refresh",3.88318741937126,23.25
"dst",2026,4,"espn","DEN","2026-09-29T21:43:30Z","refresh",3.80158858178564,25.25
"dst",2026,4,"espn","LV","2026-09-29T21:43:30Z","refresh",3.67085672633341,26.125
"dst",2026,4,"espn","TEN","2026-09-29T21:43:30Z","refresh",2.47967789863512,27.5
"dst",2026,4,"espn","NE","2026-09-29T21:43:30Z","refresh",2.060965803792,27.5
"dst",2026,4,"yahoo","MIN","2026-09-29T21:43:30Z","refresh",10.9423169834894,13.75
"dst",2026,4,"yahoo","PIT","2026-09-29T21:43:30Z","refresh",8.97818616081319,18
"dst",2026,4,"yahoo","SEA","2026-09-29T21:43:30Z","refresh",8.85274235152499,18
"dst",2026,4,"yahoo","BAL","2026-09-29T21:43:30Z","refresh",8.78223865275249,16
"dst",2026,4,"yahoo","GB","2026-09-29T21:43:30Z","refresh",8.46083088357284,17.75
"dst",2026,4,"yahoo","CHI","2026-09-29T21:43:30Z","refresh",8.08003672994473,20
"dst",2026,4,"yahoo","KC","2026-09-29T21:43:30Z","refresh",7.99094714925735,21.875
"dst",2026,4,"yahoo","BUF","2026-09-29T21:43:30Z","refresh",7.61935894773933,21
"dst",2026,4,"yahoo","LA","2026-09-29T21:43:30Z","refresh",7.32355463141297,20.25
"dst",2026,4,"yahoo","CLE","2026-09-29T21:43:30Z","refresh",6.72255552432592,20.5
"dst",2026,4,"yahoo","TB","2026-09-29T21:43:30Z","refresh",6.67273631740481,21.75
"dst",2026,4,"yahoo","IND","2026-09-29T21:43:30Z","refresh",6.57798664625113,21.75
"dst",2026,4,"yahoo","NO","2026-09-29T21:43:30Z","refresh",6.56836638330189,23
"dst",2026,4,"yahoo","NYG","2026-09-29T21:43:30Z","refresh",6.40994670593151,23
"dst",2026,4,"yahoo","DET","2026-09-29T21:43:30Z","refresh",6.36096707414033,23.5
"dst",2026,4,"yahoo","LAC","2026-09-29T21:43:30Z","refresh",6.28039698570862,25
"dst",2026,4,"yahoo","ARI","2026-09-29T21:43:30Z","refresh",6.27480431315609,21.5
"dst",2026,4,"yahoo","HOU","2026-09-29T21:43:30Z","refresh",6.22117437767938,22.75
"dst",2026,4,"yahoo","DAL","2026-09-29T21:43:30Z","refresh",6.03743578320548,25.25
"dst",2026,4,"yahoo","ATL","2026-09-29T21:43:30Z","refresh",6.00319377831839,25.5
"dst",2026,4,"yahoo","SF","2026-09-29T21:43:30Z","refresh",5.8121421533387,22.25
"dst",2026,4,"yahoo","DEN","2026-09-29T21:43:30Z","refresh",5.80929213021489,25.25
"dst",2026,4,"yahoo","CIN","2026-09-29T21:43:30Z","refresh",5.66640577840591,24.5
"dst",2026,4,"yahoo","MIA","2026-09-29T21:43:30Z","refresh",5.64358543022662,24.75
"dst",2026,4,"yahoo","WAS","2026-09-29T21:43:30Z","refresh",5.58451990869926,25.25
"dst",2026,4,"yahoo","CAR","2026-09-29T21:43:30Z","refresh",5.49019299947811,27
"dst",2026,4,"yahoo","PHI","2026-09-29T21:43:30Z","refresh",5.15249796200991,23.25
"dst",2026,4,"yahoo","JAX","2026-09-29T21:43:30Z","refresh",5.12853446709871,27
"dst",2026,4,"yahoo","NYJ","2026-09-29T21:43:30Z","refresh",5.02753064370701,23
"dst",2026,4,"yahoo","LV","2026-09-29T21:43:30Z","refresh",4.85470540317267,26.125
"dst",2026,4,"yahoo","NE","2026-09-29T21:43:30Z","refresh",3.96352733911735,27.5
"dst",2026,4,"yahoo","TEN","2026-09-29T21:43:30Z","refresh",3.88255871778626,27.5
"dst",2026,4,"ffpc","MIN","2026-09-29T21:43:30Z","refresh",12.3500748638742,13.75
"dst",2026,4,"ffpc","SEA","2026-09-29T21:43:30Z","refresh",10.4303619156733,18
"dst",2026,4,"ffpc","GB","2026-09-29T21:43:30Z","refresh",10.1531948162151,17.75
"dst",2026,4,"ffpc","PIT","2026-09-29T21:43:30Z","refresh",9.91830759916157,18
"dst",2026,4,"ffpc","BAL","2026-09-29T21:43:30Z","refresh",9.53516288810757,16
"dst",2026,4,"ffpc","CHI","2026-09-29T21:43:30Z","refresh",9.09272230708754,20
"dst",2026,4,"ffpc","KC","2026-09-29T21:43:30Z","refresh",8.93985707761309,21.875
"dst",2026,4,"ffpc","BUF","2026-09-29T21:43:30Z","refresh",8.7649457731421,21
"dst",2026,4,"ffpc","LA","2026-09-29T21:43:30Z","refresh",8.47644872353984,20.25
"dst",2026,4,"ffpc","TB","2026-09-29T21:43:30Z","refresh",7.5781623924591,21.75
"dst",2026,4,"ffpc","IND","2026-09-29T21:43:30Z","refresh",7.55511976996078,21.75
"dst",2026,4,"ffpc","LAC","2026-09-29T21:43:30Z","refresh",7.47813815279202,25
"dst",2026,4,"ffpc","NYG","2026-09-29T21:43:30Z","refresh",7.41616561469485,23
"dst",2026,4,"ffpc","DET","2026-09-29T21:43:30Z","refresh",7.40476105417441,23.5
"dst",2026,4,"ffpc","NO","2026-09-29T21:43:30Z","refresh",7.30750276877241,23
"dst",2026,4,"ffpc","ARI","2026-09-29T21:43:30Z","refresh",7.30396231597381,21.5
"dst",2026,4,"ffpc","ATL","2026-09-29T21:43:30Z","refresh",7.23488436314487,25.5
"dst",2026,4,"ffpc","CLE","2026-09-29T21:43:30Z","refresh",7.17554122091595,20.5
"dst",2026,4,"ffpc","HOU","2026-09-29T21:43:30Z","refresh",6.75876506248011,22.75
"dst",2026,4,"ffpc","CIN","2026-09-29T21:43:30Z","refresh",6.69275921423538,24.5
"dst",2026,4,"ffpc","SF","2026-09-29T21:43:30Z","refresh",6.66621296676479,22.25
"dst",2026,4,"ffpc","DAL","2026-09-29T21:43:30Z","refresh",6.62780643353529,25.25
"dst",2026,4,"ffpc","CAR","2026-09-29T21:43:30Z","refresh",6.60673781327384,27
"dst",2026,4,"ffpc","JAX","2026-09-29T21:43:30Z","refresh",6.56751947804396,27
"dst",2026,4,"ffpc","WAS","2026-09-29T21:43:30Z","refresh",6.53424212339227,25.25
"dst",2026,4,"ffpc","DEN","2026-09-29T21:43:30Z","refresh",6.51439322171627,25.25
"dst",2026,4,"ffpc","MIA","2026-09-29T21:43:30Z","refresh",6.51387092693066,24.75
"dst",2026,4,"ffpc","NYJ","2026-09-29T21:43:30Z","refresh",5.69430137422768,23
"dst",2026,4,"ffpc","PHI","2026-09-29T21:43:30Z","refresh",5.68953168495927,23.25
"dst",2026,4,"ffpc","LV","2026-09-29T21:43:30Z","refresh",5.65249569444244,26.125
"dst",2026,4,"ffpc","TEN","2026-09-29T21:43:30Z","refresh",4.85980150280567,27.5
"dst",2026,4,"ffpc","NE","2026-09-29T21:43:30Z","refresh",4.75558061984946,27.5
"k",2026,4,"espn","MIN","2026-09-29T21:44:13Z","refresh",10.1752716838103,24.75
"k",2026,4,"espn","DAL","2026-09-29T21:44:13Z","refresh",9.60696832791165,22.75
"k",2026,4,"espn","HOU","2026-09-29T21:44:13Z","refresh",9.48568254416919,25.25
"k",2026,4,"espn","NO","2026-09-29T21:44:13Z","refresh",9.23242160348027,25.5
"k",2026,4,"espn","CIN","2026-09-29T21:44:13Z","refresh",9.17033226332822,27
"k",2026,4,"espn","SEA","2026-09-29T21:44:13Z","refresh",9.09760964008145,25
"k",2026,4,"espn","KC","2026-09-29T21:44:13Z","refresh",9.03747317342699,26.125
"k",2026,4,"espn","BAL","2026-09-29T21:44:13Z","refresh",8.99681853202455,27.5
"k",2026,4,"espn","PIT","2026-09-29T21:44:13Z","refresh",8.60339186090569,20.5
"k",2026,4,"espn","SF","2026-09-29T21:44:13Z","refresh",8.59681458813177,25.25
"k",2026,4,"espn","DET","2026-09-29T21:44:13Z","refresh",8.4996557979724,27
"k",2026,4,"espn","IND","2026-09-29T21:44:13Z","refresh",8.77506594240971,25.25
"k",2026,4,"espn","BUF","2026-09-29T21:44:13Z","refresh",8.41267101411815,27.5
"k",2026,4,"espn","ATL","2026-09-29T21:44:13Z","refresh",8.50556282498169,23
"k",2026,4,"espn","JAX","2026-09-29T21:44:13Z","refresh",8.32054599006545,24.5
"k",2026,4,"espn","TB","2026-09-29T21:44:13Z","refresh",8.15880417532067,17.75
"k",2026,4,"espn","LV","2026-09-29T21:44:13Z","refresh",8.18140132279567,21.875
"k",2026,4,"espn","ARI","2026-09-29T21:44:13Z","refresh",8.07288393882525,23
"k",2026,4,"espn","CHI","2026-09-29T21:44:13Z","refresh",7.87697933376468,23
"k",2026,4,"espn","LA","2026-09-29T21:44:13Z","refresh",7.89688817121396,23.25
"k",2026,4,"espn","DEN","2026-09-29T21:44:13Z","refresh",7.7209140681548,22.25
"k",2026,4,"espn","LAC","2026-09-29T21:44:13Z","refresh",7.64356581832923,18
"k",2026,4,"espn","NYJ","2026-09-29T21:44:13Z","refresh",7.67718078328916,20
"k",2026,4,"espn","PHI","2026-09-29T21:44:13Z","refresh",7.58065121999353,20.25
"k",2026,4,"espn","CAR","2026-09-29T21:44:13Z","refresh",7.56404413738078,23.5
"k",2026,4,"espn","GB","2026-09-29T21:44:13Z","refresh",7.54732272969817,21.75
"k",2026,4,"espn","CLE","2026-09-29T21:44:13Z","refresh",7.42795171737527,18
"k",2026,4,"espn","NYG","2026-09-29T21:44:13Z","refresh",7.30590641136313,21.5
"k",2026,4,"espn","WAS","2026-09-29T21:44:13Z","refresh",7.43832714570379,21.75
"k",2026,4,"espn","MIA","2026-09-29T21:44:13Z","refresh",7.0389850193776,13.75
"k",2026,4,"espn","NE","2026-09-29T21:44:13Z","refresh",7.02962814916353,21
"k",2026,4,"espn","TEN","2026-09-29T21:44:13Z","refresh",6.93569239959223,16
"k",2026,4,"dec","MIN","2026-09-29T21:44:13Z","refresh",10.5916590833565,24.75
"k",2026,4,"dec","DAL","2026-09-29T21:44:13Z","refresh",10.1105115918382,22.75
"k",2026,4,"dec","HOU","2026-09-29T21:44:13Z","refresh",9.91277263075803,25.25
"k",2026,4,"dec","NO","2026-09-29T21:44:13Z","refresh",9.63969518917217,25.5
"k",2026,4,"dec","CIN","2026-09-29T21:44:13Z","refresh",9.52896941259785,27
"k",2026,4,"dec","SEA","2026-09-29T21:44:13Z","refresh",9.46188435031141,25
"k",2026,4,"dec","KC","2026-09-29T21:44:13Z","refresh",9.42766258403548,26.125
"k",2026,4,"dec","BAL","2026-09-29T21:44:13Z","refresh",9.28623732644864,27.5
"k",2026,4,"dec","PIT","2026-09-29T21:44:13Z","refresh",9.03260578129067,20.5
"k",2026,4,"dec","SF","2026-09-29T21:44:13Z","refresh",8.93967672578004,25.25
"k",2026,4,"dec","DET","2026-09-29T21:44:13Z","refresh",8.83581872256334,27
"k",2026,4,"dec","IND","2026-09-29T21:44:13Z","refresh",9.09627029381065,25.25
"k",2026,4,"dec","BUF","2026-09-29T21:44:13Z","refresh",8.74118184331032,27.5
"k",2026,4,"dec","ATL","2026-09-29T21:44:13Z","refresh",8.94147772987958,23
"k",2026,4,"dec","JAX","2026-09-29T21:44:13Z","refresh",8.65472938180437,24.5
"k",2026,4,"dec","TB","2026-09-29T21:44:13Z","refresh",8.57520642402677,17.75
"k",2026,4,"dec","LV","2026-09-29T21:44:13Z","refresh",8.5834559532137,21.875
"k",2026,4,"dec","ARI","2026-09-29T21:44:13Z","refresh",8.39832848260367,23
"k",2026,4,"dec","CHI","2026-09-29T21:44:13Z","refresh",8.25240266930391,23
"k",2026,4,"dec","LA","2026-09-29T21:44:13Z","refresh",8.2094766365169,23.25
"k",2026,4,"dec","DEN","2026-09-29T21:44:13Z","refresh",8.05962822986283,22.25
"k",2026,4,"dec","LAC","2026-09-29T21:44:13Z","refresh",8.02073113379444,18
"k",2026,4,"dec","NYJ","2026-09-29T21:44:13Z","refresh",8.05371986003238,20
"k",2026,4,"dec","PHI","2026-09-29T21:44:13Z","refresh",7.96384821850907,20.25
"k",2026,4,"dec","CAR","2026-09-29T21:44:13Z","refresh",7.86431881538085,23.5
"k",2026,4,"dec","GB","2026-09-29T21:44:13Z","refresh",7.88658087352633,21.75
"k",2026,4,"dec","CLE","2026-09-29T21:44:13Z","refresh",7.78811044969338,18
"k",2026,4,"dec","NYG","2026-09-29T21:44:13Z","refresh",7.62936439899358,21.5
"k",2026,4,"dec","WAS","2026-09-29T21:44:13Z","refresh",7.77041071075969,21.75
"k",2026,4,"dec","MIA","2026-09-29T21:44:13Z","refresh",7.44752510515981,13.75
"k",2026,4,"dec","NE","2026-09-29T21:44:13Z","refresh",7.33343009100938,21
"k",2026,4,"dec","TEN","2026-09-29T21:44:13Z","refresh",7.31481511074401,16
"dst",2026,4,"espn","MIN","2026-09-29T23:45:36Z","refresh",12.0551624289613,13.75
"dst",2026,4,"espn","GB","2026-09-29T23:45:36Z","refresh",9.43320160071324,17.75
"dst",2026,4,"espn","SEA","2026-09-29T23:45:36Z","refresh",9.32412894340917,18
"dst",2026,4,"espn","PIT","2026-09-29T23:45:36Z","refresh",9.04370758185755,18
"dst",2026,4,"espn","BAL","2026-09-29T23:45:36Z","refresh",8.37222779783654,16
"dst",2026,4,"espn","CHI","2026-09-29T23:45:36Z","refresh",7.81171584126013,20
"dst",2026,4,"espn","KC","2026-09-29T23:45:36Z","refresh",7.59494779256503,21.875
"dst",2026,4,"espn","LA","2026-09-29T23:45:36Z","refresh",6.9784079950828,20.25
"dst",2026,4,"espn","BUF","2026-09-29T23:45:36Z","refresh",6.94471251798874,21
"dst",2026,4,"espn","TB","2026-09-29T23:45:36Z","refresh",6.30661120294354,21.75
"dst",2026,4,"espn","NYG","2026-09-29T23:45:36Z","refresh",5.54468477645823,23
"dst",2026,4,"espn","IND","2026-09-29T23:45:36Z","refresh",5.4894601331417,21.75
"dst",2026,4,"espn","ARI","2026-09-29T23:45:36Z","refresh",5.33127940620522,21.5
"dst",2026,4,"espn","NO","2026-09-29T23:45:36Z","refresh",5.32482475825323,23
"dst",2026,4,"espn","LAC","2026-09-29T23:45:36Z","refresh",5.29891209415873,25
"dst",2026,4,"espn","CLE","2026-09-29T23:45:36Z","refresh",5.27012532254017,20.5
"dst",2026,4,"espn","ATL","2026-09-29T23:45:36Z","refresh",4.9138177856537,25.5
"dst",2026,4,"espn","SF","2026-09-29T23:45:36Z","refresh",4.89784267149076,22.25
"dst",2026,4,"espn","DET","2026-09-29T23:45:36Z","refresh",4.88572727864997,23.5
"dst",2026,4,"espn","HOU","2026-09-29T23:45:36Z","refresh",4.82761284956636,22.75
"dst",2026,4,"espn","WAS","2026-09-29T23:45:36Z","refresh",4.78926173725198,25.25
"dst",2026,4,"espn","MIA","2026-09-29T23:45:36Z","refresh",4.70411243094183,24.75
"dst",2026,4,"espn","CIN","2026-09-29T23:45:36Z","refresh",4.44131212428457,24.5
"dst",2026,4,"espn","CAR","2026-09-29T23:45:36Z","refresh",4.40984152554008,27
"dst",2026,4,"espn","DAL","2026-09-29T23:45:36Z","refresh",4.34339549912104,25.25
"dst",2026,4,"espn","JAX","2026-09-29T23:45:36Z","refresh",4.22416293163683,27
"dst",2026,4,"espn","NYJ","2026-09-29T23:45:36Z","refresh",3.97997961835516,23
"dst",2026,4,"espn","PHI","2026-09-29T23:45:36Z","refresh",3.88318741937126,23.25
"dst",2026,4,"espn","DEN","2026-09-29T23:45:36Z","refresh",3.80158858178564,25.25
"dst",2026,4,"espn","LV","2026-09-29T23:45:36Z","refresh",3.67085672633341,26.125
"dst",2026,4,"espn","TEN","2026-09-29T23:45:36Z","refresh",2.47967789863512,27.5
"dst",2026,4,"espn","NE","2026-09-29T23:45:36Z","refresh",2.060965803792,27.5
"dst",2026,4,"yahoo","MIN","2026-09-29T23:45:36Z","refresh",10.9423169834894,13.75
"dst",2026,4,"yahoo","PIT","2026-09-29T23:45:36Z","refresh",8.97818616081319,18
"dst",2026,4,"yahoo","SEA","2026-09-29T23:45:36Z","refresh",8.85274235152499,18
"dst",2026,4,"yahoo","BAL","2026-09-29T23:45:36Z","refresh",8.78223865275249,16
"dst",2026,4,"yahoo","GB","2026-09-29T23:45:36Z","refresh",8.46083088357284,17.75
"dst",2026,4,"yahoo","CHI","2026-09-29T23:45:36Z","refresh",8.08003672994473,20
"dst",2026,4,"yahoo","KC","2026-09-29T23:45:36Z","refresh",7.99094714925735,21.875
"dst",2026,4,"yahoo","BUF","2026-09-29T23:45:36Z","refresh",7.61935894773933,21
"dst",2026,4,"yahoo","LA","2026-09-29T23:45:36Z","refresh",7.32355463141297,20.25
"dst",2026,4,"yahoo","CLE","2026-09-29T23:45:36Z","refresh",6.72255552432592,20.5
"dst",2026,4,"yahoo","TB","2026-09-29T23:45:36Z","refresh",6.67273631740481,21.75
"dst",2026,4,"yahoo","IND","2026-09-29T23:45:36Z","refresh",6.57798664625113,21.75
"dst",2026,4,"yahoo","NO","2026-09-29T23:45:36Z","refresh",6.56836638330189,23
"dst",2026,4,"yahoo","NYG","2026-09-29T23:45:36Z","refresh",6.40994670593151,23
"dst",2026,4,"yahoo","DET","2026-09-29T23:45:36Z","refresh",6.36096707414033,23.5
"dst",2026,4,"yahoo","LAC","2026-09-29T23:45:36Z","refresh",6.28039698570862,25
"dst",2026,4,"yahoo","ARI","2026-09-29T23:45:36Z","refresh",6.27480431315609,21.5
"dst",2026,4,"yahoo","HOU","2026-09-29T23:45:36Z","refresh",6.22117437767938,22.75
"dst",2026,4,"yahoo","DAL","2026-09-29T23:45:36Z","refresh",6.03743578320548,25.25
"dst",2026,4,"yahoo","ATL","2026-09-29T23:45:36Z","refresh",6.00319377831839,25.5
"dst",2026,4,"yahoo","SF","2026-09-29T23:45:36Z","refresh",5.8121421533387,22.25
"dst",2026,4,"yahoo","DEN","2026-09-29T23:45:36Z","refresh",5.80929213021489,25.25
"dst",2026,4,"yahoo","CIN","2026-09-29T23:45:36Z","refresh",5.66640577840591,24.5
"dst",2026,4,"yahoo","MIA","2026-09-29T23:45:36Z","refresh",5.64358543022662,24.75
"dst",2026,4,"yahoo","WAS","2026-09-29T23:45:36Z","refresh",5.58451990869926,25.25
"dst",2026,4,"yahoo","CAR","2026-09-29T23:45:36Z","refresh",5.49019299947811,27
"dst",2026,4,"yahoo","PHI","2026-09-29T23:45:36Z","refresh",5.15249796200991,23.25
"dst",2026,4,"yahoo","JAX","2026-09-29T23:45:36Z","refresh",5.12853446709871,27
"dst",2026,4,"yahoo","NYJ","2026-09-29T23:45:36Z","refresh",5.02753064370701,23
"dst",2026,4,"yahoo","LV","2026-09-29T23:45:36Z","refresh",4.85470540317267,26.125
"dst",2026,4,"yahoo","NE","2026-09-29T23:45:36Z","refresh",3.96352733911735,27.5
"dst",2026,4,"yahoo","TEN","2026-09-29T23:45:36Z","refresh",3.88255871778626,27.5
"dst",2026,4,"ffpc","MIN","2026-09-29T23:45:36Z","refresh",12.3500748638742,13.75
"dst",2026,4,"ffpc","SEA","2026-09-29T23:45:36Z","refresh",10.4303619156733,18
"dst",2026,4,"ffpc","GB","2026-09-29T23:45:36Z","refresh",10.1531948162151,17.75
"dst",2026,4,"ffpc","PIT","2026-09-29T23:45:36Z","refresh",9.91830759916157,18
"dst",2026,4,"ffpc","BAL","2026-09-29T23:45:36Z","refresh",9.53516288810757,16
"dst",2026,4,"ffpc","CHI","2026-09-29T23:45:36Z","refresh",9.09272230708754,20
"dst",2026,4,"ffpc","KC","2026-09-29T23:45:36Z","refresh",8.93985707761309,21.875
"dst",2026,4,"ffpc","BUF","2026-09-29T23:45:36Z","refresh",8.7649457731421,21
"dst",2026,4,"ffpc","LA","2026-09-29T23:45:36Z","refresh",8.47644872353984,20.25
"dst",2026,4,"ffpc","TB","2026-09-29T23:45:36Z","refresh",7.5781623924591,21.75
"dst",2026,4,"ffpc","IND","2026-09-29T23:45:36Z","refresh",7.55511976996078,21.75
"dst",2026,4,"ffpc","LAC","2026-09-29T23:45:36Z","refresh",7.47813815279202,25
"dst",2026,4,"ffpc","NYG","2026-09-29T23:45:36Z","refresh",7.41616561469485,23
"dst",2026,4,"ffpc","DET","2026-09-29T23:45:36Z","refresh",7.40476105417441,23.5
"dst",2026,4,"ffpc","NO","2026-09-29T23:45:36Z","refresh",7.30750276877241,23
"dst",2026,4,"ffpc","ARI","2026-09-29T23:45:36Z","refresh",7.30396231597381,21.5
"dst",2026,4,"ffpc","ATL","2026-09-29T23:45:36Z","refresh",7.23488436314487,25.5
"dst",2026,4,"ffpc","CLE","2026-09-29T23:45:36Z","refresh",7.17554122091595,20.5
"dst",2026,4,"ffpc","HOU","2026-09-29T23:45:36Z","refresh",6.75876506248011,22.75
"dst",2026,4,"ffpc","CIN","2026-09-29T23:45:36Z","refresh",6.69275921423538,24.5
"dst",2026,4,"ffpc","SF","2026-09-29T23:45:36Z","refresh",6.66621296676479,22.25
"dst",2026,4,"ffpc","DAL","2026-09-29T23:45:36Z","refresh",6.62780643353529,25.25
"dst",2026,4,"ffpc","CAR","2026-09-29T23:45:36Z","refresh",6.60673781327384,27
"dst",2026,4,"ffpc","JAX","2026-09-29T23:45:36Z","refresh",6.56751947804396,27
"dst",2026,4,"ffpc","WAS","2026-09-29T23:45:36Z","refresh",6.53424212339227,25.25
"dst",2026,4,"ffpc","DEN","2026-09-29T23:45:36Z","refresh",6.51439322171627,25.25
"dst",2026,4,"ffpc","MIA","2026-09-29T23:45:36Z","refresh",6.51387092693066,24.75
"dst",2026,4,"ffpc","NYJ","2026-09-29T23:45:36Z","refresh",5.69430137422768,23
"dst",2026,4,"ffpc","PHI","2026-09-29T23:45:36Z","refresh",5.68953168495928,23.25
"dst",2026,4,"ffpc","LV","2026-09-29T23:45:36Z","refresh",5.65249569444244,26.125
"dst",2026,4,"ffpc","TEN","2026-09-29T23:45:36Z","refresh",4.85980150280567,27.5
"dst",2026,4,"ffpc","NE","2026-09-29T23:45:36Z","refresh",4.75558061984946,27.5
"k",2026,4,"espn","MIN","2026-09-29T23:46:18Z","refresh",10.1752716838103,24.75
"k",2026,4,"espn","DAL","2026-09-29T23:46:18Z","refresh",9.60696832791165,22.75
"k",2026,4,"espn","HOU","2026-09-29T23:46:18Z","refresh",9.48568254416919,25.25
"k",2026,4,"espn","NO","2026-09-29T23:46:18Z","refresh",9.23242160348027,25.5
"k",2026,4,"espn","CIN","2026-09-29T23:46:18Z","refresh",9.22485328112456,27
"k",2026,4,"espn","SEA","2026-09-29T23:46:18Z","refresh",9.09760964008145,25
"k",2026,4,"espn","KC","2026-09-29T23:46:18Z","refresh",9.03747317342699,26.125
"k",2026,4,"espn","BAL","2026-09-29T23:46:18Z","refresh",9.00252818795377,27.5
"k",2026,4,"espn","PIT","2026-09-29T23:46:18Z","refresh",8.50082739040641,20.5
"k",2026,4,"espn","SF","2026-09-29T23:46:18Z","refresh",8.59776619745331,25.25
"k",2026,4,"espn","DET","2026-09-29T23:46:18Z","refresh",8.50155901661547,27
"k",2026,4,"espn","IND","2026-09-29T23:46:18Z","refresh",8.77506594240971,25.25
"k",2026,4,"espn","BUF","2026-09-29T23:46:18Z","refresh",8.36131461743998,27.5
"k",2026,4,"espn","ATL","2026-09-29T23:46:18Z","refresh",8.50556282498169,23
"k",2026,4,"espn","JAX","2026-09-29T23:46:18Z","refresh",8.37075544880655,24.5
"k",2026,4,"espn","TB","2026-09-29T23:46:18Z","refresh",8.15975578464221,17.75
"k",2026,4,"espn","LV","2026-09-29T23:46:18Z","refresh",8.18140132279567,21.875
"k",2026,4,"espn","ARI","2026-09-29T23:46:18Z","refresh",8.28345777899909,23
"k",2026,4,"espn","CHI","2026-09-29T23:46:18Z","refresh",7.87697933376468,23
"k",2026,4,"espn","LA","2026-09-29T23:46:18Z","refresh",8.04575260868765,23.25
"k",2026,4,"espn","DEN","2026-09-29T23:46:18Z","refresh",7.72186567747633,22.25
"k",2026,4,"espn","LAC","2026-09-29T23:46:18Z","refresh",7.64356581832923,18
"k",2026,4,"espn","NYJ","2026-09-29T23:46:18Z","refresh",7.67718078328916,20
"k",2026,4,"espn","PHI","2026-09-29T23:46:18Z","refresh",7.73496031608684,20.25
"k",2026,4,"espn","CAR","2026-09-29T23:46:18Z","refresh",7.56594735602386,23.5
"k",2026,4,"espn","GB","2026-09-29T23:46:18Z","refresh",7.54827433901971,21.75
"k",2026,4,"espn","CLE","2026-09-29T23:46:18Z","refresh",7.33711066873115,18
"k",2026,4,"espn","NYG","2026-09-29T23:46:18Z","refresh",7.50210894557011,21.5
"k",2026,4,"espn","WAS","2026-09-29T23:46:18Z","refresh",7.43832714570379,21.75
"k",2026,4,"espn","MIA","2026-09-29T23:46:18Z","refresh",7.0389850193776,13.75
"k",2026,4,"espn","NE","2026-09-29T23:46:18Z","refresh",6.98132522083695,21
"k",2026,4,"espn","TEN","2026-09-29T23:46:18Z","refresh",6.94140205552145,16
"k",2026,4,"dec","MIN","2026-09-29T23:46:18Z","refresh",10.5916590833565,24.75
"k",2026,4,"dec","DAL","2026-09-29T23:46:18Z","refresh",10.1105115918382,22.75
"k",2026,4,"dec","HOU","2026-09-29T23:46:18Z","refresh",9.91277263075803,25.25
"k",2026,4,"dec","NO","2026-09-29T23:46:18Z","refresh",9.63969518917217,25.5
"k",2026,4,"dec","CIN","2026-09-29T23:46:18Z","refresh",9.58524005543908,27
"k",2026,4,"dec","SEA","2026-09-29T23:46:18Z","refresh",9.46188435031141,25
"k",2026,4,"dec","KC","2026-09-29T23:46:18Z","refresh",9.42766258403548,26.125
"k",2026,4,"dec","BAL","2026-09-29T23:46:18Z","refresh",9.29281228164838,27.5
"k",2026,4,"dec","PIT","2026-09-29T23:46:18Z","refresh",8.92646624220329,20.5
"k",2026,4,"dec","SF","2026-09-29T23:46:18Z","refresh",8.94077255164667,25.25
"k",2026,4,"dec","DET","2026-09-29T23:46:18Z","refresh",8.83801037429659,27
"k",2026,4,"dec","IND","2026-09-29T23:46:18Z","refresh",9.09627029381065,25.25
"k",2026,4,"dec","BUF","2026-09-29T23:46:18Z","refresh",8.68811950296038,27.5
"k",2026,4,"dec","ATL","2026-09-29T23:46:18Z","refresh",8.94147772987958,23
"k",2026,4,"dec","JAX","2026-09-29T23:46:18Z","refresh",8.70654483298019,24.5
"k",2026,4,"dec","TB","2026-09-29T23:46:18Z","refresh",8.57630224989339,17.75
"k",2026,4,"dec","LV","2026-09-29T23:46:18Z","refresh",8.5834559532137,21.875
"k",2026,4,"dec","ARI","2026-09-29T23:46:18Z","refresh",8.61702868177886,23
"k",2026,4,"dec","CHI","2026-09-29T23:46:18Z","refresh",8.25240266930391,23
"k",2026,4,"dec","LA","2026-09-29T23:46:18Z","refresh",8.36382738604146,23.25
"k",2026,4,"dec","DEN","2026-09-29T23:46:18Z","refresh",8.06072405572945,22.25
"k",2026,4,"dec","LAC","2026-09-29T23:46:18Z","refresh",8.02073113379444,18
"k",2026,4,"dec","NYJ","2026-09-29T23:46:18Z","refresh",8.05371986003238,20
"k",2026,4,"dec","PHI","2026-09-29T23:46:18Z","refresh",8.12437025650876,20.25
"k",2026,4,"dec","CAR","2026-09-29T23:46:18Z","refresh",7.8665104671141,23.5
"k",2026,4,"dec","GB","2026-09-29T23:46:18Z","refresh",7.88767669939295,21.75
"k",2026,4,"dec","CLE","2026-09-29T23:46:18Z","refresh",7.69422825331385,18
"k",2026,4,"dec","NYG","2026-09-29T23:46:18Z","refresh",7.83317508683333,21.5
"k",2026,4,"dec","WAS","2026-09-29T23:46:18Z","refresh",7.77041071075969,21.75
"k",2026,4,"dec","MIA","2026-09-29T23:46:18Z","refresh",7.44752510515981,13.75
"k",2026,4,"dec","NE","2026-09-29T23:46:18Z","refresh",7.28331533135786,21
"k",2026,4,"dec","TEN","2026-09-29T23:46:18Z","refresh",7.32139006594374,16
"dst",2026,4,"espn","MIN","2026-09-30T05:05:06Z","refresh",12.0551624289613,13.75
"dst",2026,4,"espn","GB","2026-09-30T05:05:06Z","refresh",9.43320160071324,17.75
"dst",2026,4,"espn","SEA","2026-09-30T05:05:06Z","refresh",9.32412894340917,18
"dst",2026,4,"espn","PIT","2026-09-30T05:05:06Z","refresh",9.04370758185755,18
"dst",2026,4,"espn","BAL","2026-09-30T05:05:06Z","refresh",8.37222779783654,16
"dst",2026,4,"espn","CHI","2026-09-30T05:05:06Z","refresh",7.81171584126013,20
"dst",2026,4,"espn","KC","2026-09-30T05:05:06Z","refresh",7.59494779256503,21.875
"dst",2026,4,"espn","LA","2026-09-30T05:05:06Z","refresh",7.07084463741665,20
"dst",2026,4,"espn","BUF","2026-09-30T05:05:06Z","refresh",6.94471251798874,21
"dst",2026,4,"espn","TB","2026-09-30T05:05:06Z","refresh",6.30661120294354,21.75
"dst",2026,4,"espn","NYG","2026-09-30T05:05:06Z","refresh",5.54468477645823,23
"dst",2026,4,"espn","IND","2026-09-30T05:05:06Z","refresh",5.4894601331417,21.75
"dst",2026,4,"espn","ARI","2026-09-30T05:05:06Z","refresh",5.33127940620522,21.5
"dst",2026,4,"espn","NO","2026-09-30T05:05:06Z","refresh",5.32482475825323,23
"dst",2026,4,"espn","LAC","2026-09-30T05:05:06Z","refresh",5.29891209415873,25
"dst",2026,4,"espn","CLE","2026-09-30T05:05:06Z","refresh",5.27012532254017,20.5
"dst",2026,4,"espn","ATL","2026-09-30T05:05:06Z","refresh",4.9138177856537,25.5
"dst",2026,4,"espn","DET","2026-09-30T05:05:06Z","refresh",4.88572727864997,23.5
"dst",2026,4,"espn","HOU","2026-09-30T05:05:06Z","refresh",4.82761284956636,22.75
"dst",2026,4,"espn","WAS","2026-09-30T05:05:06Z","refresh",4.78926173725198,25.25
"dst",2026,4,"espn","MIA","2026-09-30T05:05:06Z","refresh",4.70411243094183,24.75
"dst",2026,4,"espn","SF","2026-09-30T05:05:06Z","refresh",4.70328886882907,22.75
"dst",2026,4,"espn","CIN","2026-09-30T05:05:06Z","refresh",4.44131212428457,24.5
"dst",2026,4,"espn","CAR","2026-09-30T05:05:06Z","refresh",4.40984152554008,27
"dst",2026,4,"espn","DAL","2026-09-30T05:05:06Z","refresh",4.34339549912104,25.25
"dst",2026,4,"espn","JAX","2026-09-30T05:05:06Z","refresh",4.22416293163683,27
"dst",2026,4,"espn","NYJ","2026-09-30T05:05:06Z","refresh",3.97997961835516,23
"dst",2026,4,"espn","PHI","2026-09-30T05:05:06Z","refresh",3.97508791419757,23
"dst",2026,4,"espn","DEN","2026-09-30T05:05:06Z","refresh",3.81377476376717,25.25
"dst",2026,4,"espn","LV","2026-09-30T05:05:06Z","refresh",3.67085672633341,26.125
"dst",2026,4,"espn","TEN","2026-09-30T05:05:06Z","refresh",2.47967789863512,27.5
"dst",2026,4,"espn","NE","2026-09-30T05:05:06Z","refresh",2.060965803792,27.5
"dst",2026,4,"yahoo","MIN","2026-09-30T05:05:06Z","refresh",10.9423169834894,13.75
"dst",2026,4,"yahoo","PIT","2026-09-30T05:05:06Z","refresh",8.97818616081319,18
"dst",2026,4,"yahoo","SEA","2026-09-30T05:05:06Z","refresh",8.85274235152499,18
"dst",2026,4,"yahoo","BAL","2026-09-30T05:05:06Z","refresh",8.78223865275249,16
"dst",2026,4,"yahoo","GB","2026-09-30T05:05:06Z","refresh",8.46083088357284,17.75
"dst",2026,4,"yahoo","CHI","2026-09-30T05:05:06Z","refresh",8.08003672994473,20
"dst",2026,4,"yahoo","KC","2026-09-30T05:05:06Z","refresh",7.99094714925735,21.875
"dst",2026,4,"yahoo","BUF","2026-09-30T05:05:06Z","refresh",7.61935894773933,21
"dst",2026,4,"yahoo","LA","2026-09-30T05:05:06Z","refresh",7.38232645109769,20
"dst",2026,4,"yahoo","CLE","2026-09-30T05:05:06Z","refresh",6.72255552432592,20.5
"dst",2026,4,"yahoo","TB","2026-09-30T05:05:06Z","refresh",6.67273631740481,21.75
"dst",2026,4,"yahoo","IND","2026-09-30T05:05:06Z","refresh",6.57798664625113,21.75
"dst",2026,4,"yahoo","NO","2026-09-30T05:05:06Z","refresh",6.56836638330189,23
"dst",2026,4,"yahoo","NYG","2026-09-30T05:05:06Z","refresh",6.40994670593151,23
"dst",2026,4,"yahoo","DET","2026-09-30T05:05:06Z","refresh",6.36096707414033,23.5
"dst",2026,4,"yahoo","LAC","2026-09-30T05:05:06Z","refresh",6.28039698570862,25
"dst",2026,4,"yahoo","ARI","2026-09-30T05:05:06Z","refresh",6.27480431315609,21.5
"dst",2026,4,"yahoo","HOU","2026-09-30T05:05:06Z","refresh",6.22117437767938,22.75
"dst",2026,4,"yahoo","DAL","2026-09-30T05:05:06Z","refresh",6.03743578320548,25.25
"dst",2026,4,"yahoo","ATL","2026-09-30T05:05:06Z","refresh",6.00319377831839,25.5
"dst",2026,4,"yahoo","DEN","2026-09-30T05:05:06Z","refresh",5.83570864907413,25.25
"dst",2026,4,"yahoo","SF","2026-09-30T05:05:06Z","refresh",5.66818199511001,22.75
"dst",2026,4,"yahoo","CIN","2026-09-30T05:05:06Z","refresh",5.66640577840591,24.5
"dst",2026,4,"yahoo","MIA","2026-09-30T05:05:06Z","refresh",5.64358543022662,24.75
"dst",2026,4,"yahoo","WAS","2026-09-30T05:05:06Z","refresh",5.58451990869926,25.25
"dst",2026,4,"yahoo","CAR","2026-09-30T05:05:06Z","refresh",5.49019299947811,27
"dst",2026,4,"yahoo","PHI","2026-09-30T05:05:06Z","refresh",5.21126978169463,23
"dst",2026,4,"yahoo","JAX","2026-09-30T05:05:06Z","refresh",5.12853446709871,27
"dst",2026,4,"yahoo","NYJ","2026-09-30T05:05:06Z","refresh",5.02753064370701,23
"dst",2026,4,"yahoo","LV","2026-09-30T05:05:06Z","refresh",4.85470540317267,26.125
"dst",2026,4,"yahoo","NE","2026-09-30T05:05:06Z","refresh",3.96352733911735,27.5
"dst",2026,4,"yahoo","TEN","2026-09-30T05:05:06Z","refresh",3.88255871778626,27.5
"dst",2026,4,"ffpc","MIN","2026-09-30T05:05:06Z","refresh",12.3500748638742,13.75
"dst",2026,4,"ffpc","SEA","2026-09-30T05:05:06Z","refresh",10.4303619156733,18
"dst",2026,4,"ffpc","GB","2026-09-30T05:05:06Z","refresh",10.1531948162151,17.75
"dst",2026,4,"ffpc","PIT","2026-09-30T05:05:06Z","refresh",9.91830759916157,18
"dst",2026,4,"ffpc","BAL","2026-09-30T05:05:06Z","refresh",9.53516288810757,16
"dst",2026,4,"ffpc","CHI","2026-09-30T05:05:06Z","refresh",9.09272230708754,20
"dst",2026,4,"ffpc","KC","2026-09-30T05:05:06Z","refresh",8.93985707761309,21.875
"dst",2026,4,"ffpc","BUF","2026-09-30T05:05:06Z","refresh",8.7649457731421,21
"dst",2026,4,"ffpc","LA","2026-09-30T05:05:06Z","refresh",8.53023250340802,20
"dst",2026,4,"ffpc","TB","2026-09-30T05:05:06Z","refresh",7.5781623924591,21.75
"dst",2026,4,"ffpc","IND","2026-09-30T05:05:06Z","refresh",7.55511976996078,21.75
"dst",2026,4,"ffpc","LAC","2026-09-30T05:05:06Z","refresh",7.47813815279202,25
"dst",2026,4,"ffpc","NYG","2026-09-30T05:05:06Z","refresh",7.41616561469485,23
"dst",2026,4,"ffpc","DET","2026-09-30T05:05:06Z","refresh",7.40476105417441,23.5
"dst",2026,4,"ffpc","NO","2026-09-30T05:05:06Z","refresh",7.30750276877241,23
"dst",2026,4,"ffpc","ARI","2026-09-30T05:05:06Z","refresh",7.30396231597381,21.5
"dst",2026,4,"ffpc","ATL","2026-09-30T05:05:06Z","refresh",7.23488436314487,25.5
"dst",2026,4,"ffpc","CLE","2026-09-30T05:05:06Z","refresh",7.17554122091595,20.5
"dst",2026,4,"ffpc","HOU","2026-09-30T05:05:06Z","refresh",6.75876506248011,22.75
"dst",2026,4,"ffpc","CIN","2026-09-30T05:05:06Z","refresh",6.69275921423538,24.5
"dst",2026,4,"ffpc","DAL","2026-09-30T05:05:06Z","refresh",6.62780643353529,25.25
"dst",2026,4,"ffpc","CAR","2026-09-30T05:05:06Z","refresh",6.60673781327384,27
"dst",2026,4,"ffpc","JAX","2026-09-30T05:05:06Z","refresh",6.56751947804396,27
"dst",2026,4,"ffpc","DEN","2026-09-30T05:05:06Z","refresh",6.54230392211445,25.25
"dst",2026,4,"ffpc","WAS","2026-09-30T05:05:06Z","refresh",6.53424212339227,25.25
"dst",2026,4,"ffpc","SF","2026-09-30T05:05:06Z","refresh",6.53347013672302,22.75
"dst",2026,4,"ffpc","MIA","2026-09-30T05:05:06Z","refresh",6.51387092693066,24.75
"dst",2026,4,"ffpc","PHI","2026-09-30T05:05:06Z","refresh",5.74269951267788,23
"dst",2026,4,"ffpc","NYJ","2026-09-30T05:05:06Z","refresh",5.69430137422768,23
"dst",2026,4,"ffpc","LV","2026-09-30T05:05:06Z","refresh",5.65249569444244,26.125
"dst",2026,4,"ffpc","TEN","2026-09-30T05:05:06Z","refresh",4.85980150280567,27.5
"dst",2026,4,"ffpc","NE","2026-09-30T05:05:06Z","refresh",4.75558061984946,27.5
"k",2026,4,"espn","MIN","2026-09-30T05:05:45Z","refresh",10.1752716838103,24.75
"k",2026,4,"espn","DAL","2026-09-30T05:05:45Z","refresh",9.60696832791165,22.75
"k",2026,4,"espn","HOU","2026-09-30T05:05:45Z","refresh",9.48568254416919,25.25
"k",2026,4,"espn","NO","2026-09-30T05:05:45Z","refresh",9.23242160348027,25.5
"k",2026,4,"espn","CIN","2026-09-30T05:05:45Z","refresh",9.22485328112456,27
"k",2026,4,"espn","SEA","2026-09-30T05:05:45Z","refresh",9.09760964008145,25
"k",2026,4,"espn","KC","2026-09-30T05:05:45Z","refresh",9.03747317342699,26.125
"k",2026,4,"espn","BAL","2026-09-30T05:05:45Z","refresh",9.00252818795377,27.5
"k",2026,4,"espn","PIT","2026-09-30T05:05:45Z","refresh",8.50082739040641,20.5
"k",2026,4,"espn","SF","2026-09-30T05:05:45Z","refresh",8.56557854424274,25.25
"k",2026,4,"espn","DET","2026-09-30T05:05:45Z","refresh",8.50155901661547,27
"k",2026,4,"espn","IND","2026-09-30T05:05:45Z","refresh",8.77506594240971,25.25
"k",2026,4,"espn","BUF","2026-09-30T05:05:45Z","refresh",8.36131461743998,27.5
"k",2026,4,"espn","ATL","2026-09-30T05:05:45Z","refresh",8.50556282498169,23
"k",2026,4,"espn","JAX","2026-09-30T05:05:45Z","refresh",8.37075544880655,24.5
"k",2026,4,"espn","TB","2026-09-30T05:05:45Z","refresh",8.15975578464221,17.75
"k",2026,4,"espn","LV","2026-09-30T05:05:45Z","refresh",8.18140132279567,21.875
"k",2026,4,"espn","ARI","2026-09-30T05:05:45Z","refresh",8.28345777899909,23
"k",2026,4,"espn","CHI","2026-09-30T05:05:45Z","refresh",7.87697933376468,23
"k",2026,4,"espn","LA","2026-09-30T05:05:45Z","refresh",8.0271499286825,23
"k",2026,4,"espn","DEN","2026-09-30T05:05:45Z","refresh",7.78744557965638,22.75
"k",2026,4,"espn","LAC","2026-09-30T05:05:45Z","refresh",7.64356581832923,18
"k",2026,4,"espn","NYJ","2026-09-30T05:05:45Z","refresh",7.67718078328916,20
"k",2026,4,"espn","PHI","2026-09-30T05:05:45Z","refresh",7.71869499749434,20
"k",2026,4,"espn","CAR","2026-09-30T05:05:45Z","refresh",7.56594735602386,23.5
"k",2026,4,"espn","GB","2026-09-30T05:05:45Z","refresh",7.54827433901971,21.75
"k",2026,4,"espn","CLE","2026-09-30T05:05:45Z","refresh",7.33711066873115,18
"k",2026,4,"espn","NYG","2026-09-30T05:05:45Z","refresh",7.50210894557011,21.5
"k",2026,4,"espn","WAS","2026-09-30T05:05:45Z","refresh",7.43832714570379,21.75
"k",2026,4,"espn","MIA","2026-09-30T05:05:45Z","refresh",7.0389850193776,13.75
"k",2026,4,"espn","NE","2026-09-30T05:05:45Z","refresh",6.98132522083696,21
"k",2026,4,"espn","TEN","2026-09-30T05:05:45Z","refresh",6.94140205552145,16
"k",2026,4,"dec","MIN","2026-09-30T05:05:45Z","refresh",10.5916590833565,24.75
"k",2026,4,"dec","DAL","2026-09-30T05:05:45Z","refresh",10.1105115918382,22.75
"k",2026,4,"dec","HOU","2026-09-30T05:05:45Z","refresh",9.91277263075803,25.25
"k",2026,4,"dec","NO","2026-09-30T05:05:45Z","refresh",9.63969518917217,25.5
"k",2026,4,"dec","CIN","2026-09-30T05:05:45Z","refresh",9.58524005543908,27
"k",2026,4,"dec","SEA","2026-09-30T05:05:45Z","refresh",9.46188435031141,25
"k",2026,4,"dec","KC","2026-09-30T05:05:45Z","refresh",9.42766258403548,26.125
"k",2026,4,"dec","BAL","2026-09-30T05:05:45Z","refresh",9.29281228164838,27.5
"k",2026,4,"dec","PIT","2026-09-30T05:05:45Z","refresh",8.92646624220329,20.5
"k",2026,4,"dec","SF","2026-09-30T05:05:45Z","refresh",8.90801674227893,25.25
"k",2026,4,"dec","DET","2026-09-30T05:05:45Z","refresh",8.83801037429659,27
"k",2026,4,"dec","IND","2026-09-30T05:05:45Z","refresh",9.09627029381065,25.25
"k",2026,4,"dec","BUF","2026-09-30T05:05:45Z","refresh",8.68811950296038,27.5
"k",2026,4,"dec","ATL","2026-09-30T05:05:45Z","refresh",8.94147772987958,23
"k",2026,4,"dec","JAX","2026-09-30T05:05:45Z","refresh",8.70654483298019,24.5
"k",2026,4,"dec","TB","2026-09-30T05:05:45Z","refresh",8.57630224989339,17.75
"k",2026,4,"dec","LV","2026-09-30T05:05:45Z","refresh",8.5834559532137,21.875
"k",2026,4,"dec","ARI","2026-09-30T05:05:45Z","refresh",8.61702868177886,23
"k",2026,4,"dec","CHI","2026-09-30T05:05:45Z","refresh",8.25240266930391,23
"k",2026,4,"dec","LA","2026-09-30T05:05:45Z","refresh",8.34688515206356,23
"k",2026,4,"dec","DEN","2026-09-30T05:05:45Z","refresh",8.1237685822461,22.75
"k",2026,4,"dec","LAC","2026-09-30T05:05:45Z","refresh",8.02073113379444,18
"k",2026,4,"dec","NYJ","2026-09-30T05:05:45Z","refresh",8.05371986003238,20
"k",2026,4,"dec","PHI","2026-09-30T05:05:45Z","refresh",8.10972351649387,20
"k",2026,4,"dec","CAR","2026-09-30T05:05:45Z","refresh",7.8665104671141,23.5
"k",2026,4,"dec","GB","2026-09-30T05:05:45Z","refresh",7.88767669939296,21.75
"k",2026,4,"dec","CLE","2026-09-30T05:05:45Z","refresh",7.69422825331385,18
"k",2026,4,"dec","NYG","2026-09-30T05:05:45Z","refresh",7.83317508683333,21.5
"k",2026,4,"dec","WAS","2026-09-30T05:05:45Z","refresh",7.77041071075969,21.75
"k",2026,4,"dec","MIA","2026-09-30T05:05:45Z","refresh",7.44752510515981,13.75
"k",2026,4,"dec","NE","2026-09-30T05:05:45Z","refresh",7.28331533135786,21
"k",2026,4,"dec","TEN","2026-09-30T05:05:45Z","refresh",7.32139006594374,16
"dst",2026,4,"espn","MIN","2026-09-30T16:41:57Z","refresh",11.9448321603964,14
"dst",2026,4,"espn","GB","2026-09-30T16:41:57Z","refresh",9.32620932072677,18
"dst",2026,4,"espn","SEA","2026-09-30T16:41:57Z","refresh",9.32412894340917,18
"dst",2026,4,"espn","PIT","2026-09-30T16:41:57Z","refresh",9.15030143267745,17.75
"dst",2026,4,"espn","BAL","2026-09-30T16:41:57Z","refresh",8.37222779783654,16
"dst",2026,4,"espn","CHI","2026-09-30T16:41:57Z","refresh",7.91812439874011,19.75
"dst",2026,4,"espn","KC","2026-09-30T16:41:57Z","refresh",7.59494779256503,21.875
"dst",2026,4,"espn","LA","2026-09-30T16:41:57Z","refresh",7.07084463741665,20
"dst",2026,4,"espn","BUF","2026-09-30T16:41:57Z","refresh",6.94471251798874,21
"dst",2026,4,"espn","TB","2026-09-30T16:41:57Z","refresh",6.41029724224013,21.5
"dst",2026,4,"espn","NYG","2026-09-30T16:41:57Z","refresh",5.44021683252166,23.25
"dst",2026,4,"espn","ARI","2026-09-30T16:41:57Z","refresh",5.43567525703628,21.25
"dst",2026,4,"espn","NO","2026-09-30T16:41:57Z","refresh",5.41674062276088,22.75
"dst",2026,4,"espn","IND","2026-09-30T16:41:57Z","refresh",5.39713832730758,22
"dst",2026,4,"espn","LAC","2026-09-30T16:41:57Z","refresh",5.29891209415873,25
"dst",2026,4,"espn","CLE","2026-09-30T16:41:57Z","refresh",5.16722037970024,20.75
"dst",2026,4,"espn","ATL","2026-09-30T16:41:57Z","refresh",5.00634071839902,25.25
"dst",2026,4,"espn","HOU","2026-09-30T16:41:57Z","refresh",4.82761284956636,22.75
"dst",2026,4,"espn","MIA","2026-09-30T16:41:57Z","refresh",4.8069140606324,24.5
"dst",2026,4,"espn","DET","2026-09-30T16:41:57Z","refresh",4.79334388062577,23.75
"dst",2026,4,"espn","SF","2026-09-30T16:41:57Z","refresh",4.70328886882907,22.75
"dst",2026,4,"espn","WAS","2026-09-30T16:41:57Z","refresh",4.69705633557216,25.5
"dst",2026,4,"espn","CIN","2026-09-30T16:41:57Z","refresh",4.44131212428457,24.5
"dst",2026,4,"espn","DAL","2026-09-30T16:41:57Z","refresh",4.34339549912104,25.25
"dst",2026,4,"espn","CAR","2026-09-30T16:41:57Z","refresh",4.31775751336465,27.25
"dst",2026,4,"espn","JAX","2026-09-30T16:41:57Z","refresh",4.22416293163683,27
"dst",2026,4,"espn","PHI","2026-09-30T16:41:57Z","refresh",3.97508791419757,23
"dst",2026,4,"espn","NYJ","2026-09-30T16:41:57Z","refresh",3.87766080944652,23.25
"dst",2026,4,"espn","DEN","2026-09-30T16:41:57Z","refresh",3.81377476376717,25.25
"dst",2026,4,"espn","LV","2026-09-30T16:41:57Z","refresh",3.67085672633341,26.125
"dst",2026,4,"espn","TEN","2026-09-30T16:41:57Z","refresh",2.47967789863512,27.5
"dst",2026,4,"espn","NE","2026-09-30T16:41:57Z","refresh",2.060965803792,27.5
"dst",2026,4,"yahoo","MIN","2026-09-30T16:41:57Z","refresh",10.8571286449454,14
"dst",2026,4,"yahoo","PIT","2026-09-30T16:41:57Z","refresh",9.06337449935716,17.75
"dst",2026,4,"yahoo","SEA","2026-09-30T16:41:57Z","refresh",8.85274235152499,18
"dst",2026,4,"yahoo","BAL","2026-09-30T16:41:57Z","refresh",8.78223865275249,16
"dst",2026,4,"yahoo","GB","2026-09-30T16:41:57Z","refresh",8.37564254502888,18
"dst",2026,4,"yahoo","CHI","2026-09-30T16:41:57Z","refresh",8.1652250684887,19.75
"dst",2026,4,"yahoo","KC","2026-09-30T16:41:57Z","refresh",7.99094714925735,21.875
"dst",2026,4,"yahoo","BUF","2026-09-30T16:41:57Z","refresh",7.61935894773933,21
"dst",2026,4,"yahoo","LA","2026-09-30T16:41:57Z","refresh",7.38232645109769,20
"dst",2026,4,"yahoo","TB","2026-09-30T16:41:57Z","refresh",6.75792465594877,21.5
"dst",2026,4,"yahoo","CLE","2026-09-30T16:41:57Z","refresh",6.63736718578196,20.75
"dst",2026,4,"yahoo","NO","2026-09-30T16:41:57Z","refresh",6.62713820298661,22.75
"dst",2026,4,"yahoo","IND","2026-09-30T16:41:57Z","refresh",6.5192148265664,22
"dst",2026,4,"yahoo","ARI","2026-09-30T16:41:57Z","refresh",6.35999265170005,21.25
"dst",2026,4,"yahoo","NYG","2026-09-30T16:41:57Z","refresh",6.32475836738755,23.25
"dst",2026,4,"yahoo","DET","2026-09-30T16:41:57Z","refresh",6.3021952544556,23.75
"dst",2026,4,"yahoo","LAC","2026-09-30T16:41:57Z","refresh",6.28039698570862,25
"dst",2026,4,"yahoo","HOU","2026-09-30T16:41:57Z","refresh",6.22117437767938,22.75
"dst",2026,4,"yahoo","ATL","2026-09-30T16:41:57Z","refresh",6.06196559800311,25.25
"dst",2026,4,"yahoo","DAL","2026-09-30T16:41:57Z","refresh",6.03743578320548,25.25
"dst",2026,4,"yahoo","DEN","2026-09-30T16:41:57Z","refresh",5.83570864907413,25.25
"dst",2026,4,"yahoo","MIA","2026-09-30T16:41:57Z","refresh",5.72877376877058,24.5
"dst",2026,4,"yahoo","SF","2026-09-30T16:41:57Z","refresh",5.66818199511001,22.75
"dst",2026,4,"yahoo","CIN","2026-09-30T16:41:57Z","refresh",5.66640577840591,24.5
"dst",2026,4,"yahoo","WAS","2026-09-30T16:41:57Z","refresh",5.52574808901454,25.5
"dst",2026,4,"yahoo","CAR","2026-09-30T16:41:57Z","refresh",5.43142117979339,27.25
"dst",2026,4,"yahoo","PHI","2026-09-30T16:41:57Z","refresh",5.21126978169463,23
"dst",2026,4,"yahoo","JAX","2026-09-30T16:41:57Z","refresh",5.12853446709871,27
"dst",2026,4,"yahoo","NYJ","2026-09-30T16:41:57Z","refresh",4.94234230516305,23.25
"dst",2026,4,"yahoo","LV","2026-09-30T16:41:57Z","refresh",4.85470540317267,26.125
"dst",2026,4,"yahoo","NE","2026-09-30T16:41:57Z","refresh",3.96352733911735,27.5
"dst",2026,4,"yahoo","TEN","2026-09-30T16:41:57Z","refresh",3.88255871778626,27.5
"dst",2026,4,"ffpc","MIN","2026-09-30T16:41:57Z","refresh",12.2636007706963,14
"dst",2026,4,"ffpc","SEA","2026-09-30T16:41:57Z","refresh",10.4303619156733,18
"dst",2026,4,"ffpc","GB","2026-09-30T16:41:57Z","refresh",10.0696081158368,18
"dst",2026,4,"ffpc","PIT","2026-09-30T16:41:57Z","refresh",10.0012972448957,17.75
"dst",2026,4,"ffpc","BAL","2026-09-30T16:41:57Z","refresh",9.53516288810757,16
"dst",2026,4,"ffpc","CHI","2026-09-30T16:41:57Z","refresh",9.17572954960437,19.75
"dst",2026,4,"ffpc","KC","2026-09-30T16:41:57Z","refresh",8.93985707761309,21.875
"dst",2026,4,"ffpc","BUF","2026-09-30T16:41:57Z","refresh",8.7649457731421,21
"dst",2026,4,"ffpc","LA","2026-09-30T16:41:57Z","refresh",8.53023250340802,20
"dst",2026,4,"ffpc","TB","2026-09-30T16:41:57Z","refresh",7.65875250663527,21.5
"dst",2026,4,"ffpc","IND","2026-09-30T16:41:57Z","refresh",7.50138221876038,22
"dst",2026,4,"ffpc","LAC","2026-09-30T16:41:57Z","refresh",7.47813815279202,25
"dst",2026,4,"ffpc","ARI","2026-09-30T16:41:57Z","refresh",7.3853002314347,21.25
"dst",2026,4,"ffpc","NO","2026-09-30T16:41:57Z","refresh",7.36085540721736,22.75
"dst",2026,4,"ffpc","DET","2026-09-30T16:41:57Z","refresh",7.35112266545051,23.75
"dst",2026,4,"ffpc","NYG","2026-09-30T16:41:57Z","refresh",7.33462157749349,23.25
"dst",2026,4,"ffpc","ATL","2026-09-30T16:41:57Z","refresh",7.28858752122299,25.25
"dst",2026,4,"ffpc","CLE","2026-09-30T16:41:57Z","refresh",7.09542331312296,20.75
"dst",2026,4,"ffpc","HOU","2026-09-30T16:41:57Z","refresh",6.75876506248011,22.75
"dst",2026,4,"ffpc","CIN","2026-09-30T16:41:57Z","refresh",6.69275921423538,24.5
"dst",2026,4,"ffpc","DAL","2026-09-30T16:41:57Z","refresh",6.62780643353529,25.25
"dst",2026,4,"ffpc","MIA","2026-09-30T16:41:57Z","refresh",6.5937805689586,24.5
"dst",2026,4,"ffpc","JAX","2026-09-30T16:41:57Z","refresh",6.56751947804396,27
"dst",2026,4,"ffpc","CAR","2026-09-30T16:41:57Z","refresh",6.55334155931544,27.25
"dst",2026,4,"ffpc","DEN","2026-09-30T16:41:57Z","refresh",6.54230392211445,25.25
"dst",2026,4,"ffpc","SF","2026-09-30T16:41:57Z","refresh",6.53347013672302,22.75
"dst",2026,4,"ffpc","WAS","2026-09-30T16:41:57Z","refresh",6.48077692601617,25.5
"dst",2026,4,"ffpc","PHI","2026-09-30T16:41:57Z","refresh",5.74269951267789,23
"dst",2026,4,"ffpc","LV","2026-09-30T16:41:57Z","refresh",5.65249569444244,26.125
"dst",2026,4,"ffpc","NYJ","2026-09-30T16:41:57Z","refresh",5.6149415316885,23.25
"dst",2026,4,"ffpc","TEN","2026-09-30T16:41:57Z","refresh",4.85980150280567,27.5
"dst",2026,4,"ffpc","NE","2026-09-30T16:41:57Z","refresh",4.75558061984946,27.5
"k",2026,4,"espn","MIN","2026-09-30T16:42:37Z","refresh",10.1239408319656,24.5
"k",2026,4,"espn","DAL","2026-09-30T16:42:37Z","refresh",9.60696832791165,22.75
"k",2026,4,"espn","HOU","2026-09-30T16:42:37Z","refresh",9.48568254416919,25.25
"k",2026,4,"espn","NO","2026-09-30T16:42:37Z","refresh",9.21254692429552,25.25
"k",2026,4,"espn","CIN","2026-09-30T16:42:37Z","refresh",9.28145928760576,27
"k",2026,4,"espn","SEA","2026-09-30T16:42:37Z","refresh",9.04505054600328,25
"k",2026,4,"espn","KC","2026-09-30T16:42:37Z","refresh",9.03747317342699,26.125
"k",2026,4,"espn","BAL","2026-09-30T16:42:37Z","refresh",8.95026311800859,27.5
"k",2026,4,"espn","PIT","2026-09-30T16:42:37Z","refresh",8.75478602494543,20.75
"k",2026,4,"espn","SF","2026-09-30T16:42:37Z","refresh",8.56557854424274,25.25
"k",2026,4,"espn","DET","2026-09-30T16:42:37Z","refresh",8.6281608908476,27.25
"k",2026,4,"espn","IND","2026-09-30T16:42:37Z","refresh",8.64274177253504,25.5
"k",2026,4,"espn","BUF","2026-09-30T16:42:37Z","refresh",8.46418103592039,27.5
"k",2026,4,"espn","ATL","2026-09-30T16:42:37Z","refresh",8.48772760733613,22.75
"k",2026,4,"espn","JAX","2026-09-30T16:42:37Z","refresh",8.42302567312849,24.5
"k",2026,4,"espn","TB","2026-09-30T16:42:37Z","refresh",8.25303087106995,18
"k",2026,4,"espn","LV","2026-09-30T16:42:37Z","refresh",8.18140132279567,21.875
"k",2026,4,"espn","ARI","2026-09-30T16:42:37Z","refresh",8.28350048075742,23.25
"k",2026,4,"espn","CHI","2026-09-30T16:42:37Z","refresh",8.06846347666598,23.25
"k",2026,4,"espn","LA","2026-09-30T16:42:37Z","refresh",8.0271499286825,23
"k",2026,4,"espn","DEN","2026-09-30T16:42:37Z","refresh",7.78744557965638,22.75
"k",2026,4,"espn","LAC","2026-09-30T16:42:37Z","refresh",7.59489787208164,18
"k",2026,4,"espn","NYJ","2026-09-30T16:42:37Z","refresh",7.77274469626649,19.75
"k",2026,4,"espn","PHI","2026-09-30T16:42:37Z","refresh",7.71869499749434,20
"k",2026,4,"espn","CAR","2026-09-30T16:42:37Z","refresh",7.67825993701771,23.75
"k",2026,4,"espn","GB","2026-09-30T16:42:37Z","refresh",7.5433253221894,21.5
"k",2026,4,"espn","CLE","2026-09-30T16:42:37Z","refresh",7.47534596905183,17.75
"k",2026,4,"espn","NYG","2026-09-30T16:42:37Z","refresh",7.40796890314994,21.25
"k",2026,4,"espn","WAS","2026-09-30T16:42:37Z","refresh",7.31257715647422,22
"k",2026,4,"espn","MIA","2026-09-30T16:42:37Z","refresh",7.08075751913278,14
"k",2026,4,"espn","NE","2026-09-30T16:42:37Z","refresh",7.0780708553824,21
"k",2026,4,"espn","TEN","2026-09-30T16:42:37Z","refresh",6.89210692933885,16
"k",2026,4,"dec","MIN","2026-09-30T16:42:37Z","refresh",10.5414943111128,24.5
"k",2026,4,"dec","DAL","2026-09-30T16:42:37Z","refresh",10.1105115918382,22.75
"k",2026,4,"dec","HOU","2026-09-30T16:42:37Z","refresh",9.91277263075803,25.25
"k",2026,4,"dec","NO","2026-09-30T16:42:37Z","refresh",9.62147008851201,25.25
"k",2026,4,"dec","CIN","2026-09-30T16:42:37Z","refresh",9.64389034000833,27
"k",2026,4,"dec","SEA","2026-09-30T16:42:37Z","refresh",9.4076421706668,25
"k",2026,4,"dec","KC","2026-09-30T16:42:37Z","refresh",9.42766258403548,26.125
"k",2026,4,"dec","BAL","2026-09-30T16:42:37Z","refresh",9.23883627428902,27.5
"k",2026,4,"dec","PIT","2026-09-30T16:42:37Z","refresh",9.18678248372465,20.75
"k",2026,4,"dec","SF","2026-09-30T16:42:37Z","refresh",8.90801674227893,25.25
"k",2026,4,"dec","DET","2026-09-30T16:42:37Z","refresh",8.96624924210096,27.25
"k",2026,4,"dec","IND","2026-09-30T16:42:37Z","refresh",8.95764621955012,25.5
"k",2026,4,"dec","BUF","2026-09-30T16:42:37Z","refresh",8.79440157425778,27.5
"k",2026,4,"dec","ATL","2026-09-30T16:42:37Z","refresh",8.92525873890676,22.75
"k",2026,4,"dec","JAX","2026-09-30T16:42:37Z","refresh",8.7607149825853,24.5
"k",2026,4,"dec","TB","2026-09-30T16:42:37Z","refresh",8.67022286890106,18
"k",2026,4,"dec","LV","2026-09-30T16:42:37Z","refresh",8.5834559532137,21.875
"k",2026,4,"dec","ARI","2026-09-30T16:42:37Z","refresh",8.61444083255347,23.25
"k",2026,4,"dec","CHI","2026-09-30T16:42:37Z","refresh",8.44763799555295,23.25
"k",2026,4,"dec","LA","2026-09-30T16:42:37Z","refresh",8.34688515206356,23
"k",2026,4,"dec","DEN","2026-09-30T16:42:37Z","refresh",8.12376858224611,22.75
"k",2026,4,"dec","LAC","2026-09-30T16:42:37Z","refresh",7.97034549651961,18
"k",2026,4,"dec","NYJ","2026-09-30T16:42:37Z","refresh",8.15502198274049,19.75
"k",2026,4,"dec","PHI","2026-09-30T16:42:37Z","refresh",8.10972351649387,20
"k",2026,4,"dec","CAR","2026-09-30T16:42:37Z","refresh",7.98021904836197,23.75
"k",2026,4,"dec","GB","2026-09-30T16:42:37Z","refresh",7.88472798091739,21.5
"k",2026,4,"dec","CLE","2026-09-30T16:42:37Z","refresh",7.83951988829838,17.75
"k",2026,4,"dec","NYG","2026-09-30T16:42:37Z","refresh",7.73842835630937,21.25
"k",2026,4,"dec","WAS","2026-09-30T16:42:37Z","refresh",7.63853857825995,22
"k",2026,4,"dec","MIA","2026-09-30T16:42:37Z","refresh",7.48849921697596,14
"k",2026,4,"dec","NE","2026-09-30T16:42:37Z","refresh",7.38369009947469,21
"k",2026,4,"dec","TEN","2026-09-30T16:42:37Z","refresh",7.27007095578211,16
"dst",2026,4,"espn","MIN","2026-09-30T18:52:06Z","refresh",11.9448321603964,14
"dst",2026,4,"espn","GB","2026-09-30T18:52:06Z","refresh",9.32620932072677,18
"dst",2026,4,"espn","SEA","2026-09-30T18:52:06Z","refresh",9.32412894340917,18
"dst",2026,4,"espn","PIT","2026-09-30T18:52:06Z","refresh",9.15030143267745,17.75
"dst",2026,4,"espn","BAL","2026-09-30T18:52:06Z","refresh",8.37222779783654,16
"dst",2026,4,"espn","CHI","2026-09-30T18:52:06Z","refresh",7.91812439874011,19.75
"dst",2026,4,"espn","KC","2026-09-30T18:52:06Z","refresh",7.59494779256503,21.875
"dst",2026,4,"espn","LA","2026-09-30T18:52:06Z","refresh",7.07084463741665,20
"dst",2026,4,"espn","BUF","2026-09-30T18:52:06Z","refresh",6.94471251798874,21
"dst",2026,4,"espn","TB","2026-09-30T18:52:06Z","refresh",6.41029724224013,21.5
"dst",2026,4,"espn","NO","2026-09-30T18:52:06Z","refresh",5.5086758036245,22.5
"dst",2026,4,"espn","NYG","2026-09-30T18:52:06Z","refresh",5.44021683252166,23.25
"dst",2026,4,"espn","ARI","2026-09-30T18:52:06Z","refresh",5.43567525703628,21.25
"dst",2026,4,"espn","IND","2026-09-30T18:52:06Z","refresh",5.39713832730758,22
"dst",2026,4,"espn","LAC","2026-09-30T18:52:06Z","refresh",5.29891209415873,25
"dst",2026,4,"espn","CLE","2026-09-30T18:52:06Z","refresh",5.16722037970024,20.75
"dst",2026,4,"espn","ATL","2026-09-30T18:52:06Z","refresh",5.09888600620878,25
"dst",2026,4,"espn","HOU","2026-09-30T18:52:06Z","refresh",4.93135870014892,22.5
"dst",2026,4,"espn","MIA","2026-09-30T18:52:06Z","refresh",4.8069140606324,24.5
"dst",2026,4,"espn","DET","2026-09-30T18:52:06Z","refresh",4.79334388062577,23.75
"dst",2026,4,"espn","SF","2026-09-30T18:52:06Z","refresh",4.70328886882907,22.75
"dst",2026,4,"espn","WAS","2026-09-30T18:52:06Z","refresh",4.69705633557216,25.5
"dst",2026,4,"espn","CIN","2026-09-30T18:52:06Z","refresh",4.44131212428457,24.5
"dst",2026,4,"espn","CAR","2026-09-30T18:52:06Z","refresh",4.31775751336465,27.25
"dst",2026,4,"espn","DAL","2026-09-30T18:52:06Z","refresh",4.23947431887253,25.5
"dst",2026,4,"espn","JAX","2026-09-30T18:52:06Z","refresh",4.22416293163683,27
"dst",2026,4,"espn","PHI","2026-09-30T18:52:06Z","refresh",3.97508791419757,23
"dst",2026,4,"espn","NYJ","2026-09-30T18:52:06Z","refresh",3.87766080944652,23.25
"dst",2026,4,"espn","DEN","2026-09-30T18:52:06Z","refresh",3.81377476376717,25.25
"dst",2026,4,"espn","LV","2026-09-30T18:52:06Z","refresh",3.67085672633341,26.125
"dst",2026,4,"espn","TEN","2026-09-30T18:52:06Z","refresh",2.47967789863512,27.5
"dst",2026,4,"espn","NE","2026-09-30T18:52:06Z","refresh",2.060965803792,27.5
"dst",2026,4,"yahoo","MIN","2026-09-30T18:52:06Z","refresh",10.8571286449454,14
"dst",2026,4,"yahoo","PIT","2026-09-30T18:52:06Z","refresh",9.06337449935715,17.75
"dst",2026,4,"yahoo","SEA","2026-09-30T18:52:06Z","refresh",8.85274235152499,18
"dst",2026,4,"yahoo","BAL","2026-09-30T18:52:06Z","refresh",8.78223865275249,16
"dst",2026,4,"yahoo","GB","2026-09-30T18:52:06Z","refresh",8.37564254502888,18
"dst",2026,4,"yahoo","CHI","2026-09-30T18:52:06Z","refresh",8.1652250684887,19.75
"dst",2026,4,"yahoo","KC","2026-09-30T18:52:06Z","refresh",7.99094714925735,21.875
"dst",2026,4,"yahoo","BUF","2026-09-30T18:52:06Z","refresh",7.61935894773933,21
"dst",2026,4,"yahoo","LA","2026-09-30T18:52:06Z","refresh",7.38232645109769,20
"dst",2026,4,"yahoo","TB","2026-09-30T18:52:06Z","refresh",6.75792465594877,21.5
"dst",2026,4,"yahoo","NO","2026-09-30T18:52:06Z","refresh",6.68591002267134,22.5
"dst",2026,4,"yahoo","CLE","2026-09-30T18:52:06Z","refresh",6.63736718578196,20.75
"dst",2026,4,"yahoo","IND","2026-09-30T18:52:06Z","refresh",6.5192148265664,22
"dst",2026,4,"yahoo","ARI","2026-09-30T18:52:06Z","refresh",6.35999265170005,21.25
"dst",2026,4,"yahoo","NYG","2026-09-30T18:52:06Z","refresh",6.32475836738755,23.25
"dst",2026,4,"yahoo","HOU","2026-09-30T18:52:06Z","refresh",6.30636271622334,22.5
"dst",2026,4,"yahoo","DET","2026-09-30T18:52:06Z","refresh",6.3021952544556,23.75
"dst",2026,4,"yahoo","LAC","2026-09-30T18:52:06Z","refresh",6.28039698570862,25
"dst",2026,4,"yahoo","ATL","2026-09-30T18:52:06Z","refresh",6.12073741768784,25
"dst",2026,4,"yahoo","DAL","2026-09-30T18:52:06Z","refresh",5.95224744466151,25.5
"dst",2026,4,"yahoo","DEN","2026-09-30T18:52:06Z","refresh",5.83570864907413,25.25
"dst",2026,4,"yahoo","MIA","2026-09-30T18:52:06Z","refresh",5.72877376877058,24.5
"dst",2026,4,"yahoo","SF","2026-09-30T18:52:06Z","refresh",5.66818199511001,22.75
"dst",2026,4,"yahoo","CIN","2026-09-30T18:52:06Z","refresh",5.66640577840591,24.5
"dst",2026,4,"yahoo","WAS","2026-09-30T18:52:06Z","refresh",5.52574808901454,25.5
"dst",2026,4,"yahoo","CAR","2026-09-30T18:52:06Z","refresh",5.43142117979339,27.25
"dst",2026,4,"yahoo","PHI","2026-09-30T18:52:06Z","refresh",5.21126978169463,23
"dst",2026,4,"yahoo","JAX","2026-09-30T18:52:06Z","refresh",5.12853446709871,27
"dst",2026,4,"yahoo","NYJ","2026-09-30T18:52:06Z","refresh",4.94234230516305,23.25
"dst",2026,4,"yahoo","LV","2026-09-30T18:52:06Z","refresh",4.85470540317267,26.125
"dst",2026,4,"yahoo","NE","2026-09-30T18:52:06Z","refresh",3.96352733911735,27.5
"dst",2026,4,"yahoo","TEN","2026-09-30T18:52:06Z","refresh",3.88255871778626,27.5
"dst",2026,4,"ffpc","MIN","2026-09-30T18:52:06Z","refresh",12.2636007706963,14
"dst",2026,4,"ffpc","SEA","2026-09-30T18:52:06Z","refresh",10.4303619156733,18
"dst",2026,4,"ffpc","GB","2026-09-30T18:52:06Z","refresh",10.0696081158368,18
"dst",2026,4,"ffpc","PIT","2026-09-30T18:52:06Z","refresh",10.0012972448957,17.75
"dst",2026,4,"ffpc","BAL","2026-09-30T18:52:06Z","refresh",9.53516288810757,16
"dst",2026,4,"ffpc","CHI","2026-09-30T18:52:06Z","refresh",9.17572954960437,19.75
"dst",2026,4,"ffpc","KC","2026-09-30T18:52:06Z","refresh",8.93985707761309,21.875
"dst",2026,4,"ffpc","BUF","2026-09-30T18:52:06Z","refresh",8.7649457731421,21
"dst",2026,4,"ffpc","LA","2026-09-30T18:52:06Z","refresh",8.53023250340802,20
"dst",2026,4,"ffpc","TB","2026-09-30T18:52:06Z","refresh",7.65875250663527,21.5
"dst",2026,4,"ffpc","IND","2026-09-30T18:52:06Z","refresh",7.50138221876038,22
"dst",2026,4,"ffpc","LAC","2026-09-30T18:52:06Z","refresh",7.47813815279202,25
"dst",2026,4,"ffpc","NO","2026-09-30T18:52:06Z","refresh",7.41422611491042,22.5
"dst",2026,4,"ffpc","ARI","2026-09-30T18:52:06Z","refresh",7.38530023143469,21.25
"dst",2026,4,"ffpc","DET","2026-09-30T18:52:06Z","refresh",7.35112266545051,23.75
"dst",2026,4,"ffpc","ATL","2026-09-30T18:52:06Z","refresh",7.34231127734501,25
"dst",2026,4,"ffpc","NYG","2026-09-30T18:52:06Z","refresh",7.33462157749349,23.25
"dst",2026,4,"ffpc","CLE","2026-09-30T18:52:06Z","refresh",7.09542331312296,20.75
"dst",2026,4,"ffpc","HOU","2026-09-30T18:52:06Z","refresh",6.83924743394726,22.5
"dst",2026,4,"ffpc","CIN","2026-09-30T18:52:06Z","refresh",6.69275921423538,24.5
"dst",2026,4,"ffpc","MIA","2026-09-30T18:52:06Z","refresh",6.5937805689586,24.5
"dst",2026,4,"ffpc","JAX","2026-09-30T18:52:06Z","refresh",6.56751947804396,27
"dst",2026,4,"ffpc","CAR","2026-09-30T18:52:06Z","refresh",6.55334155931544,27.25
"dst",2026,4,"ffpc","DAL","2026-09-30T18:52:06Z","refresh",6.54687735503576,25.5
"dst",2026,4,"ffpc","DEN","2026-09-30T18:52:06Z","refresh",6.54230392211445,25.25
"dst",2026,4,"ffpc","SF","2026-09-30T18:52:06Z","refresh",6.53347013672302,22.75
"dst",2026,4,"ffpc","WAS","2026-09-30T18:52:06Z","refresh",6.48077692601617,25.5
"dst",2026,4,"ffpc","PHI","2026-09-30T18:52:06Z","refresh",5.74269951267788,23
"dst",2026,4,"ffpc","LV","2026-09-30T18:52:06Z","refresh",5.65249569444244,26.125
"dst",2026,4,"ffpc","NYJ","2026-09-30T18:52:06Z","refresh",5.6149415316885,23.25
"dst",2026,4,"ffpc","TEN","2026-09-30T18:52:06Z","refresh",4.85980150280567,27.5
"dst",2026,4,"ffpc","NE","2026-09-30T18:52:06Z","refresh",4.75558061984946,27.5
"k",2026,4,"espn","MIN","2026-09-30T18:52:40Z","refresh",10.1239408319656,24.5
"k",2026,4,"espn","DAL","2026-09-30T18:52:40Z","refresh",9.56189228076526,22.5
"k",2026,4,"espn","HOU","2026-09-30T18:52:40Z","refresh",9.53572629435621,25.5
"k",2026,4,"espn","NO","2026-09-30T18:52:40Z","refresh",9.19291560402834,25
"k",2026,4,"espn","CIN","2026-09-30T18:52:40Z","refresh",9.27955606896269,27
"k",2026,4,"espn","SEA","2026-09-30T18:52:40Z","refresh",9.09760964008145,25
"k",2026,4,"espn","KC","2026-09-30T18:52:40Z","refresh",9.03747317342699,26.125
"k",2026,4,"espn","BAL","2026-09-30T18:52:40Z","refresh",9.09705787012247,27.5
"k",2026,4,"espn","PIT","2026-09-30T18:52:40Z","refresh",8.75478602494543,20.75
"k",2026,4,"espn","SF","2026-09-30T18:52:40Z","refresh",8.56653015356427,25.25
"k",2026,4,"espn","DET","2026-09-30T18:52:40Z","refresh",8.57574172795547,27.25
"k",2026,4,"espn","IND","2026-09-30T18:52:40Z","refresh",8.64274177253504,25.5
"k",2026,4,"espn","BUF","2026-09-30T18:52:40Z","refresh",8.41552584208276,27.5
"k",2026,4,"espn","ATL","2026-09-30T18:52:40Z","refresh",8.47010694743864,22.5
"k",2026,4,"espn","JAX","2026-09-30T18:52:40Z","refresh",8.42112245448541,24.5
"k",2026,4,"espn","TB","2026-09-30T18:52:40Z","refresh",8.25493408971303,18
"k",2026,4,"espn","LV","2026-09-30T18:52:40Z","refresh",8.18140132279567,21.875
"k",2026,4,"espn","ARI","2026-09-30T18:52:40Z","refresh",8.18368026967463,23.25
"k",2026,4,"espn","CHI","2026-09-30T18:52:40Z","refresh",8.16504997226564,23.25
"k",2026,4,"espn","LA","2026-09-30T18:52:40Z","refresh",7.97941429921309,23
"k",2026,4,"espn","DEN","2026-09-30T18:52:40Z","refresh",7.78839718897791,22.75
"k",2026,4,"espn","LAC","2026-09-30T18:52:40Z","refresh",7.64356581832923,18
"k",2026,4,"espn","NYJ","2026-09-30T18:52:40Z","refresh",7.86920855815596,19.75
"k",2026,4,"espn","PHI","2026-09-30T18:52:40Z","refresh",7.66911562204388,20
"k",2026,4,"espn","CAR","2026-09-30T18:52:40Z","refresh",7.63083990401689,23.75
"k",2026,4,"espn","GB","2026-09-30T18:52:40Z","refresh",7.54522854083248,21.5
"k",2026,4,"espn","CLE","2026-09-30T18:52:40Z","refresh",7.47534596905183,17.75
"k",2026,4,"espn","NYG","2026-09-30T18:52:40Z","refresh",7.31581492821889,21.25
"k",2026,4,"espn","WAS","2026-09-30T18:52:40Z","refresh",7.31257715647421,22
"k",2026,4,"espn","MIA","2026-09-30T18:52:40Z","refresh",7.08075751913278,14
"k",2026,4,"espn","NE","2026-09-30T18:52:40Z","refresh",7.03248297712814,21
"k",2026,4,"espn","TEN","2026-09-30T18:52:40Z","refresh",7.02992129742809,16
"k",2026,4,"dec","MIN","2026-09-30T18:52:40Z","refresh",10.5414943111128,24.5
"k",2026,4,"dec","DAL","2026-09-30T18:52:40Z","refresh",10.0665331607151,22.5
"k",2026,4,"dec","HOU","2026-09-30T18:52:40Z","refresh",9.96171155962391,25.5
"k",2026,4,"dec","NO","2026-09-30T18:52:40Z","refresh",9.6034919404054,25
"k",2026,4,"dec","CIN","2026-09-30T18:52:40Z","refresh",9.64169868827508,27
"k",2026,4,"dec","SEA","2026-09-30T18:52:40Z","refresh",9.46188435031141,25
"k",2026,4,"dec","KC","2026-09-30T18:52:40Z","refresh",9.42766258403548,26.125
"k",2026,4,"dec","BAL","2026-09-30T18:52:40Z","refresh",9.3891884721872,27.5
"k",2026,4,"dec","PIT","2026-09-30T18:52:40Z","refresh",9.18678248372465,20.75
"k",2026,4,"dec","SF","2026-09-30T18:52:40Z","refresh",8.90911256814555,25.25
"k",2026,4,"dec","DET","2026-09-30T18:52:40Z","refresh",8.91213497024997,27.25
"k",2026,4,"dec","IND","2026-09-30T18:52:40Z","refresh",8.95764621955012,25.5
"k",2026,4,"dec","BUF","2026-09-30T18:52:40Z","refresh",8.74446932091019,27.5
"k",2026,4,"dec","ATL","2026-09-30T18:52:40Z","refresh",8.90925777190208,22.5
"k",2026,4,"dec","JAX","2026-09-30T18:52:40Z","refresh",8.75852333085206,24.5
"k",2026,4,"dec","TB","2026-09-30T18:52:40Z","refresh",8.6724145206343,18
"k",2026,4,"dec","LV","2026-09-30T18:52:40Z","refresh",8.5834559532137,21.875
"k",2026,4,"dec","ARI","2026-09-30T18:52:40Z","refresh",8.51142905756949,23.25
"k",2026,4,"dec","CHI","2026-09-30T18:52:40Z","refresh",8.54749138559536,23.25
"k",2026,4,"dec","LA","2026-09-30T18:52:40Z","refresh",8.29760441647491,23
"k",2026,4,"dec","DEN","2026-09-30T18:52:40Z","refresh",8.12486440811273,22.75
"k",2026,4,"dec","LAC","2026-09-30T18:52:40Z","refresh",8.02073113379444,18
"k",2026,4,"dec","NYJ","2026-09-30T18:52:40Z","refresh",8.25499237441627,19.75
"k",2026,4,"dec","PHI","2026-09-30T18:52:40Z","refresh",8.05835521528465,20
"k",2026,4,"dec","CAR","2026-09-30T18:52:40Z","refresh",7.93125664697136,23.75
"k",2026,4,"dec","GB","2026-09-30T18:52:40Z","refresh",7.88691963265064,21.5
"k",2026,4,"dec","CLE","2026-09-30T18:52:40Z","refresh",7.83951988829838,17.75
"k",2026,4,"dec","NYG","2026-09-30T18:52:40Z","refresh",7.64333190236843,21.25
"k",2026,4,"dec","WAS","2026-09-30T18:52:40Z","refresh",7.63853857825995,22
"k",2026,4,"dec","MIA","2026-09-30T18:52:40Z","refresh",7.48849921697596,14
"k",2026,4,"dec","NE","2026-09-30T18:52:40Z","refresh",7.33671756860925,21
"k",2026,4,"dec","TEN","2026-09-30T18:52:40Z","refresh",7.41238930879654,16
"dst",2026,4,"espn","MIN","2026-10-01T00:47:05Z","refresh",11.9448321603964,14
"dst",2026,4,"espn","GB","2026-10-01T00:47:05Z","refresh",9.51115920098163,17.5
"dst",2026,4,"espn","SEA","2026-10-01T00:47:05Z","refresh",9.41705142976486,17.75
"dst",2026,4,"espn","PIT","2026-10-01T00:47:05Z","refresh",9.15030143267745,17.75
"dst",2026,4,"espn","BAL","2026-10-01T00:47:05Z","refresh",8.55741865964074,15.5
"dst",2026,4,"espn","CHI","2026-10-01T00:47:05Z","refresh",7.91812439874011,19.75
"dst",2026,4,"espn","KC","2026-10-01T00:47:05Z","refresh",7.64764753090066,21.75
"dst",2026,4,"espn","LA","2026-10-01T00:47:05Z","refresh",6.9784079950828,20.25
"dst",2026,4,"espn","BUF","2026-10-01T00:47:05Z","refresh",6.94471251798874,21
"dst",2026,4,"espn","TB","2026-10-01T00:47:05Z","refresh",6.59450116610119,21
"dst",2026,4,"espn","ARI","2026-10-01T00:47:05Z","refresh",5.54012899519519,21
"dst",2026,4,"espn","NO","2026-10-01T00:47:05Z","refresh",5.5086758036245,22.5
"dst",2026,4,"espn","IND","2026-10-01T00:47:05Z","refresh",5.39713832730758,22
"dst",2026,4,"espn","LAC","2026-10-01T00:47:05Z","refresh",5.39091122544925,24.75
"dst",2026,4,"espn","NYG","2026-10-01T00:47:05Z","refresh",5.33580701370644,23.5
"dst",2026,4,"espn","CLE","2026-10-01T00:47:05Z","refresh",5.16722037970024,20.75
"dst",2026,4,"espn","ATL","2026-10-01T00:47:05Z","refresh",5.09888600620878,25
"dst",2026,4,"espn","HOU","2026-10-01T00:47:05Z","refresh",4.93135870014892,22.5
"dst",2026,4,"espn","MIA","2026-10-01T00:47:05Z","refresh",4.8069140606324,24.5
"dst",2026,4,"espn","DET","2026-10-01T00:47:05Z","refresh",4.79334388062577,23.75
"dst",2026,4,"espn","SF","2026-10-01T00:47:05Z","refresh",4.70328886882907,22.75
"dst",2026,4,"espn","WAS","2026-10-01T00:47:05Z","refresh",4.69705633557216,25.5
"dst",2026,4,"espn","CIN","2026-10-01T00:47:05Z","refresh",4.44131212428457,24.5
"dst",2026,4,"espn","CAR","2026-10-01T00:47:05Z","refresh",4.31775751336465,27.25
"dst",2026,4,"espn","DAL","2026-10-01T00:47:05Z","refresh",4.23947431887253,25.5
"dst",2026,4,"espn","JAX","2026-10-01T00:47:05Z","refresh",4.22416293163683,27
"dst",2026,4,"espn","PHI","2026-10-01T00:47:05Z","refresh",3.88318741937126,23.25
"dst",2026,4,"espn","NYJ","2026-10-01T00:47:05Z","refresh",3.87766080944652,23.25
"dst",2026,4,"espn","DEN","2026-10-01T00:47:05Z","refresh",3.81377476376717,25.25
"dst",2026,4,"espn","LV","2026-10-01T00:47:05Z","refresh",3.61888553751346,26.25
"dst",2026,4,"espn","TEN","2026-10-01T00:47:05Z","refresh",2.66368469010279,27
"dst",2026,4,"espn","NE","2026-10-01T00:47:05Z","refresh",2.060965803792,27.5
"dst",2026,4,"yahoo","MIN","2026-10-01T00:47:05Z","refresh",10.8571286449454,14
"dst",2026,4,"yahoo","PIT","2026-10-01T00:47:05Z","refresh",9.06337449935715,17.75
"dst",2026,4,"yahoo","SEA","2026-10-01T00:47:05Z","refresh",8.91151417120971,17.75
"dst",2026,4,"yahoo","BAL","2026-10-01T00:47:05Z","refresh",8.89978229212194,15.5
"dst",2026,4,"yahoo","GB","2026-10-01T00:47:05Z","refresh",8.49318618439833,17.5
"dst",2026,4,"yahoo","CHI","2026-10-01T00:47:05Z","refresh",8.1652250684887,19.75
"dst",2026,4,"yahoo","KC","2026-10-01T00:47:05Z","refresh",8.03354131852933,21.75
"dst",2026,4,"yahoo","BUF","2026-10-01T00:47:05Z","refresh",7.61935894773933,21
"dst",2026,4,"yahoo","LA","2026-10-01T00:47:05Z","refresh",7.32355463141297,20.25
"dst",2026,4,"yahoo","TB","2026-10-01T00:47:05Z","refresh",6.87546829531822,21
"dst",2026,4,"yahoo","NO","2026-10-01T00:47:05Z","refresh",6.68591002267134,22.5
"dst",2026,4,"yahoo","CLE","2026-10-01T00:47:05Z","refresh",6.63736718578196,20.75
"dst",2026,4,"yahoo","IND","2026-10-01T00:47:05Z","refresh",6.5192148265664,22
"dst",2026,4,"yahoo","ARI","2026-10-01T00:47:05Z","refresh",6.44518099024401,21
"dst",2026,4,"yahoo","LAC","2026-10-01T00:47:05Z","refresh",6.33916880539334,24.75
"dst",2026,4,"yahoo","HOU","2026-10-01T00:47:05Z","refresh",6.30636271622334,22.5
"dst",2026,4,"yahoo","DET","2026-10-01T00:47:05Z","refresh",6.3021952544556,23.75
"dst",2026,4,"yahoo","NYG","2026-10-01T00:47:05Z","refresh",6.23957002884358,23.5
"dst",2026,4,"yahoo","ATL","2026-10-01T00:47:05Z","refresh",6.12073741768784,25
"dst",2026,4,"yahoo","DAL","2026-10-01T00:47:05Z","refresh",5.95224744466151,25.5
"dst",2026,4,"yahoo","DEN","2026-10-01T00:47:05Z","refresh",5.83570864907413,25.25
"dst",2026,4,"yahoo","MIA","2026-10-01T00:47:05Z","refresh",5.72877376877058,24.5
"dst",2026,4,"yahoo","SF","2026-10-01T00:47:05Z","refresh",5.66818199511001,22.75
"dst",2026,4,"yahoo","CIN","2026-10-01T00:47:05Z","refresh",5.66640577840591,24.5
"dst",2026,4,"yahoo","WAS","2026-10-01T00:47:05Z","refresh",5.52574808901454,25.5
"dst",2026,4,"yahoo","CAR","2026-10-01T00:47:05Z","refresh",5.43142117979339,27.25
"dst",2026,4,"yahoo","PHI","2026-10-01T00:47:05Z","refresh",5.15249796200991,23.25
"dst",2026,4,"yahoo","JAX","2026-10-01T00:47:05Z","refresh",5.12853446709871,27
"dst",2026,4,"yahoo","NYJ","2026-10-01T00:47:05Z","refresh",4.94234230516305,23.25
"dst",2026,4,"yahoo","LV","2026-10-01T00:47:05Z","refresh",4.81211123390068,26.25
"dst",2026,4,"yahoo","TEN","2026-10-01T00:47:05Z","refresh",4.00010235715571,27
"dst",2026,4,"yahoo","NE","2026-10-01T00:47:05Z","refresh",3.96352733911735,27.5
"dst",2026,4,"ffpc","MIN","2026-10-01T00:47:05Z","refresh",12.2636007706963,14
"dst",2026,4,"ffpc","SEA","2026-10-01T00:47:05Z","refresh",10.4849283908228,17.75
"dst",2026,4,"ffpc","GB","2026-10-01T00:47:05Z","refresh",10.176774211969,17.5
"dst",2026,4,"ffpc","PIT","2026-10-01T00:47:05Z","refresh",10.0012972448957,17.75
"dst",2026,4,"ffpc","BAL","2026-10-01T00:47:05Z","refresh",9.64322875799045,15.5
"dst",2026,4,"ffpc","CHI","2026-10-01T00:47:05Z","refresh",9.17572954960437,19.75
"dst",2026,4,"ffpc","KC","2026-10-01T00:47:05Z","refresh",8.98090826700963,21.75
"dst",2026,4,"ffpc","BUF","2026-10-01T00:47:05Z","refresh",8.7649457731421,21
"dst",2026,4,"ffpc","LA","2026-10-01T00:47:05Z","refresh",8.47644872353984,20.25
"dst",2026,4,"ffpc","TB","2026-10-01T00:47:05Z","refresh",7.76568584817646,21
"dst",2026,4,"ffpc","LAC","2026-10-01T00:47:05Z","refresh",7.53145956035359,24.75
"dst",2026,4,"ffpc","IND","2026-10-01T00:47:05Z","refresh",7.50138221876038,22
"dst",2026,4,"ffpc","ARI","2026-10-01T00:47:05Z","refresh",7.46669253031318,21
"dst",2026,4,"ffpc","NO","2026-10-01T00:47:05Z","refresh",7.41422611491042,22.5
"dst",2026,4,"ffpc","DET","2026-10-01T00:47:05Z","refresh",7.35112266545051,23.75
"dst",2026,4,"ffpc","ATL","2026-10-01T00:47:05Z","refresh",7.34231127734501,25
"dst",2026,4,"ffpc","NYG","2026-10-01T00:47:05Z","refresh",7.25313293093717,23.5
"dst",2026,4,"ffpc","CLE","2026-10-01T00:47:05Z","refresh",7.09542331312296,20.75
"dst",2026,4,"ffpc","HOU","2026-10-01T00:47:05Z","refresh",6.83924743394726,22.5
"dst",2026,4,"ffpc","CIN","2026-10-01T00:47:05Z","refresh",6.69275921423538,24.5
"dst",2026,4,"ffpc","MIA","2026-10-01T00:47:05Z","refresh",6.5937805689586,24.5
"dst",2026,4,"ffpc","JAX","2026-10-01T00:47:05Z","refresh",6.56751947804396,27
"dst",2026,4,"ffpc","CAR","2026-10-01T00:47:05Z","refresh",6.55334155931544,27.25
"dst",2026,4,"ffpc","DAL","2026-10-01T00:47:05Z","refresh",6.54687735503576,25.5
"dst",2026,4,"ffpc","DEN","2026-10-01T00:47:05Z","refresh",6.54230392211445,25.25
"dst",2026,4,"ffpc","SF","2026-10-01T00:47:05Z","refresh",6.53347013672302,22.75
"dst",2026,4,"ffpc","WAS","2026-10-01T00:47:05Z","refresh",6.48077692601617,25.5
"dst",2026,4,"ffpc","PHI","2026-10-01T00:47:05Z","refresh",5.68953168495927,23.25
"dst",2026,4,"ffpc","NYJ","2026-10-01T00:47:05Z","refresh",5.6149415316885,23.25
"dst",2026,4,"ffpc","LV","2026-10-01T00:47:05Z","refresh",5.61228711422802,26.25
"dst",2026,4,"ffpc","TEN","2026-10-01T00:47:05Z","refresh",4.9667143036436,27
"dst",2026,4,"ffpc","NE","2026-10-01T00:47:05Z","refresh",4.75558061984946,27.5
"k",2026,4,"espn","MIN","2026-10-01T00:47:43Z","refresh",10.1239408319656,24.5
"k",2026,4,"espn","DAL","2026-10-01T00:47:43Z","refresh",9.56189228076526,22.5
"k",2026,4,"espn","HOU","2026-10-01T00:47:43Z","refresh",9.53572629435621,25.5
"k",2026,4,"espn","NO","2026-10-01T00:47:43Z","refresh",9.19291560402834,25
"k",2026,4,"espn","CIN","2026-10-01T00:47:43Z","refresh",9.27765285031961,27
"k",2026,4,"espn","SEA","2026-10-01T00:47:43Z","refresh",9.07920391005575,24.75
"k",2026,4,"espn","KC","2026-10-01T00:47:43Z","refresh",9.06404264006002,26.25
"k",2026,4,"espn","BAL","2026-10-01T00:47:43Z","refresh",8.80162941157107,27
"k",2026,4,"espn","PIT","2026-10-01T00:47:43Z","refresh",8.54867683969305,20.75
"k",2026,4,"espn","SF","2026-10-01T00:47:43Z","refresh",8.61599686549239,25.25
"k",2026,4,"espn","DET","2026-10-01T00:47:43Z","refresh",8.47140719579673,27.25
"k",2026,4,"espn","IND","2026-10-01T00:47:43Z","refresh",8.84399086218307,25.5
"k",2026,4,"espn","BUF","2026-10-01T00:47:43Z","refresh",8.46608425456346,27.5
"k",2026,4,"espn","ATL","2026-10-01T00:47:43Z","refresh",8.47010694743864,22.5
"k",2026,4,"espn","JAX","2026-10-01T00:47:43Z","refresh",8.41921923584234,24.5
"k",2026,4,"espn","TB","2026-10-01T00:47:43Z","refresh",8.17324965455724,17.5
"k",2026,4,"espn","LV","2026-10-01T00:47:43Z","refresh",8.15808695660944,21.75
"k",2026,4,"espn","ARI","2026-10-01T00:47:43Z","refresh",8.28475505998826,23.5
"k",2026,4,"espn","CHI","2026-10-01T00:47:43Z","refresh",8.1640983629441,23.25
"k",2026,4,"espn","LA","2026-10-01T00:47:43Z","refresh",7.90259782714318,23.25
"k",2026,4,"espn","DEN","2026-10-01T00:47:43Z","refresh",7.83483990506816,22.75
"k",2026,4,"espn","LAC","2026-10-01T00:47:43Z","refresh",7.63025373862007,17.75
"k",2026,4,"espn","NYJ","2026-10-01T00:47:43Z","refresh",7.86825694883442,19.75
"k",2026,4,"espn","PHI","2026-10-01T00:47:43Z","refresh",7.58636087592276,20.25
"k",2026,4,"espn","CAR","2026-10-01T00:47:43Z","refresh",7.53640396966029,23.75
"k",2026,4,"espn","GB","2026-10-01T00:47:43Z","refresh",7.46427909273063,21
"k",2026,4,"espn","CLE","2026-10-01T00:47:43Z","refresh",7.2935194736037,17.75
"k",2026,4,"espn","NYG","2026-10-01T00:47:43Z","refresh",7.31545767766511,21
"k",2026,4,"espn","WAS","2026-10-01T00:47:43Z","refresh",7.50096929403414,22
"k",2026,4,"espn","MIA","2026-10-01T00:47:43Z","refresh",7.08075751913278,14
"k",2026,4,"espn","NE","2026-10-01T00:47:43Z","refresh",7.07997407402547,21
"k",2026,4,"espn","TEN","2026-10-01T00:47:43Z","refresh",6.76796497401733,15.5
"k",2026,4,"dec","MIN","2026-10-01T00:47:43Z","refresh",10.5414943111128,24.5
"k",2026,4,"dec","DAL","2026-10-01T00:47:43Z","refresh",10.0665331607151,22.5
"k",2026,4,"dec","HOU","2026-10-01T00:47:43Z","refresh",9.96171155962391,25.5
"k",2026,4,"dec","NO","2026-10-01T00:47:43Z","refresh",9.6034919404054,25
"k",2026,4,"dec","CIN","2026-10-01T00:47:43Z","refresh",9.63950703654183,27
"k",2026,4,"dec","SEA","2026-10-01T00:47:43Z","refresh",9.44530485689761,24.75
"k",2026,4,"dec","KC","2026-10-01T00:47:43Z","refresh",9.45373610896764,26.25
"k",2026,4,"dec","BAL","2026-10-01T00:47:43Z","refresh",9.0901301075925,27
"k",2026,4,"dec","PIT","2026-10-01T00:47:43Z","refresh",8.97351404174378,20.75
"k",2026,4,"dec","SF","2026-10-01T00:47:43Z","refresh",8.9599707474069,25.25
"k",2026,4,"dec","DET","2026-10-01T00:47:43Z","refresh",8.80442449970046,27.25
"k",2026,4,"dec","IND","2026-10-01T00:47:43Z","refresh",9.16471179611558,25.5
"k",2026,4,"dec","BUF","2026-10-01T00:47:43Z","refresh",8.79659322599103,27.5
"k",2026,4,"dec","ATL","2026-10-01T00:47:43Z","refresh",8.90925777190208,22.5
"k",2026,4,"dec","JAX","2026-10-01T00:47:43Z","refresh",8.75633167911881,24.5
"k",2026,4,"dec","TB","2026-10-01T00:47:43Z","refresh",8.59176733038207,17.5
"k",2026,4,"dec","LV","2026-10-01T00:47:43Z","refresh",8.56062269832206,21.75
"k",2026,4,"dec","ARI","2026-10-01T00:47:43Z","refresh",8.61321743984137,23.5
"k",2026,4,"dec","CHI","2026-10-01T00:47:43Z","refresh",8.54639555972874,23.25
"k",2026,4,"dec","LA","2026-10-01T00:47:43Z","refresh",8.21605159171664,23.25
"k",2026,4,"dec","DEN","2026-10-01T00:47:43Z","refresh",8.17264518377531,22.75
"k",2026,4,"dec","LAC","2026-10-01T00:47:43Z","refresh",8.00913417107585,17.75
"k",2026,4,"dec","NYJ","2026-10-01T00:47:43Z","refresh",8.25389654854965,19.75
"k",2026,4,"dec","PHI","2026-10-01T00:47:43Z","refresh",7.97042317370881,20.25
"k",2026,4,"dec","CAR","2026-10-01T00:47:43Z","refresh",7.83374824372546,23.75
"k",2026,4,"dec","GB","2026-10-01T00:47:43Z","refresh",7.80752807560671,21
"k",2026,4,"dec","CLE","2026-10-01T00:47:43Z","refresh",7.65158196045748,17.75
"k",2026,4,"dec","NYG","2026-10-01T00:47:43Z","refresh",7.6454528909526,21
"k",2026,4,"dec","WAS","2026-10-01T00:47:43Z","refresh",7.83262212893619,22
"k",2026,4,"dec","MIA","2026-10-01T00:47:43Z","refresh",7.48849921697596,14
"k",2026,4,"dec","NE","2026-10-01T00:47:43Z","refresh",7.38588175120794,21
"k",2026,4,"dec","TEN","2026-10-01T00:47:43Z","refresh",7.1449329139703,15.5
"dst",2026,4,"espn","MIN","2026-10-01T17:41:13Z","refresh",11.9448321603964,14
"dst",2026,4,"espn","GB","2026-10-01T17:41:13Z","refresh",9.51115920098163,17.5
"dst",2026,4,"espn","SEA","2026-10-01T17:41:13Z","refresh",9.41705142976486,17.75
"dst",2026,4,"espn","PIT","2026-10-01T17:41:13Z","refresh",9.33781249601036,17.25
"dst",2026,4,"espn","BAL","2026-10-01T17:41:13Z","refresh",8.55741865964074,15.5
"dst",2026,4,"espn","CHI","2026-10-01T17:41:13Z","refresh",7.81171584126013,20
"dst",2026,4,"espn","KC","2026-10-01T17:41:13Z","refresh",7.74012870783132,21.5
"dst",2026,4,"espn","LA","2026-10-01T17:41:13Z","refresh",6.9784079950828,20.25
"dst",2026,4,"espn","BUF","2026-10-01T17:41:13Z","refresh",6.94471251798874,21
"dst",2026,4,"espn","TB","2026-10-01T17:41:13Z","refresh",6.59450116610119,21
"dst",2026,4,"espn","ARI","2026-10-01T17:41:13Z","refresh",5.63215705873549,20.75
"dst",2026,4,"espn","NO","2026-10-01T17:41:13Z","refresh",5.5086758036245,22.5
"dst",2026,4,"espn","NYG","2026-10-01T17:41:13Z","refresh",5.4280786664258,23.25
"dst",2026,4,"espn","IND","2026-10-01T17:41:13Z","refresh",5.39713832730758,22
"dst",2026,4,"espn","LAC","2026-10-01T17:41:13Z","refresh",5.39091122544925,24.75
"dst",2026,4,"espn","CLE","2026-10-01T17:41:13Z","refresh",5.35163274427744,20.25
"dst",2026,4,"espn","ATL","2026-10-01T17:41:13Z","refresh",5.09888600620878,25
"dst",2026,4,"espn","HOU","2026-10-01T17:41:13Z","refresh",4.93135870014892,22.5
"dst",2026,4,"espn","MIA","2026-10-01T17:41:13Z","refresh",4.8069140606324,24.5
"dst",2026,4,"espn","DET","2026-10-01T17:41:13Z","refresh",4.79334388062577,23.75
"dst",2026,4,"espn","SF","2026-10-01T17:41:13Z","refresh",4.70328886882907,22.75
"dst",2026,4,"espn","WAS","2026-10-01T17:41:13Z","refresh",4.69705633557216,25.5
"dst",2026,4,"espn","CIN","2026-10-01T17:41:13Z","refresh",4.44131212428457,24.5
"dst",2026,4,"espn","CAR","2026-10-01T17:41:13Z","refresh",4.31775751336465,27.25
"dst",2026,4,"espn","DAL","2026-10-01T17:41:13Z","refresh",4.23947431887253,25.5
"dst",2026,4,"espn","JAX","2026-10-01T17:41:13Z","refresh",4.22416293163683,27
"dst",2026,4,"espn","NYJ","2026-10-01T17:41:13Z","refresh",3.97997961835516,23
"dst",2026,4,"espn","PHI","2026-10-01T17:41:13Z","refresh",3.88318741937126,23.25
"dst",2026,4,"espn","DEN","2026-10-01T17:41:13Z","refresh",3.81377476376717,25.25
"dst",2026,4,"espn","LV","2026-10-01T17:41:13Z","refresh",3.71081967702296,26
"dst",2026,4,"espn","TEN","2026-10-01T17:41:13Z","refresh",2.66368469010279,27
"dst",2026,4,"espn","NE","2026-10-01T17:41:13Z","refresh",2.060965803792,27.5
"dst",2026,4,"yahoo","MIN","2026-10-01T17:41:13Z","refresh",10.8571286449454,14
"dst",2026,4,"yahoo","PIT","2026-10-01T17:41:13Z","refresh",9.18091813872661,17.25
"dst",2026,4,"yahoo","SEA","2026-10-01T17:41:13Z","refresh",8.91151417120971,17.75
"dst",2026,4,"yahoo","BAL","2026-10-01T17:41:13Z","refresh",8.89978229212194,15.5
"dst",2026,4,"yahoo","GB","2026-10-01T17:41:13Z","refresh",8.49318618439833,17.5
"dst",2026,4,"yahoo","KC","2026-10-01T17:41:13Z","refresh",8.09231313821406,21.5
"dst",2026,4,"yahoo","CHI","2026-10-01T17:41:13Z","refresh",8.08003672994473,20
"dst",2026,4,"yahoo","BUF","2026-10-01T17:41:13Z","refresh",7.61935894773933,21
"dst",2026,4,"yahoo","LA","2026-10-01T17:41:13Z","refresh",7.32355463141297,20.25
"dst",2026,4,"yahoo","TB","2026-10-01T17:41:13Z","refresh",6.87546829531822,21
"dst",2026,4,"yahoo","CLE","2026-10-01T17:41:13Z","refresh",6.75491082515141,20.25
"dst",2026,4,"yahoo","NO","2026-10-01T17:41:13Z","refresh",6.68591002267134,22.5
"dst",2026,4,"yahoo","IND","2026-10-01T17:41:13Z","refresh",6.5192148265664,22
"dst",2026,4,"yahoo","ARI","2026-10-01T17:41:13Z","refresh",6.50395280992874,20.75
"dst",2026,4,"yahoo","LAC","2026-10-01T17:41:13Z","refresh",6.33916880539334,24.75
"dst",2026,4,"yahoo","HOU","2026-10-01T17:41:13Z","refresh",6.30636271622334,22.5
"dst",2026,4,"yahoo","DET","2026-10-01T17:41:13Z","refresh",6.3021952544556,23.75
"dst",2026,4,"yahoo","NYG","2026-10-01T17:41:13Z","refresh",6.29834184852831,23.25
"dst",2026,4,"yahoo","ATL","2026-10-01T17:41:13Z","refresh",6.12073741768784,25
"dst",2026,4,"yahoo","DAL","2026-10-01T17:41:13Z","refresh",5.95224744466151,25.5
"dst",2026,4,"yahoo","DEN","2026-10-01T17:41:13Z","refresh",5.83570864907413,25.25
"dst",2026,4,"yahoo","MIA","2026-10-01T17:41:13Z","refresh",5.72877376877058,24.5
"dst",2026,4,"yahoo","SF","2026-10-01T17:41:13Z","refresh",5.66818199511001,22.75
"dst",2026,4,"yahoo","CIN","2026-10-01T17:41:13Z","refresh",5.66640577840591,24.5
"dst",2026,4,"yahoo","WAS","2026-10-01T17:41:13Z","refresh",5.52574808901454,25.5
"dst",2026,4,"yahoo","CAR","2026-10-01T17:41:13Z","refresh",5.43142117979339,27.25
"dst",2026,4,"yahoo","PHI","2026-10-01T17:41:13Z","refresh",5.15249796200991,23.25
"dst",2026,4,"yahoo","JAX","2026-10-01T17:41:13Z","refresh",5.12853446709871,27
"dst",2026,4,"yahoo","NYJ","2026-10-01T17:41:13Z","refresh",5.02753064370701,23
"dst",2026,4,"yahoo","LV","2026-10-01T17:41:13Z","refresh",4.87088305358541,26
"dst",2026,4,"yahoo","TEN","2026-10-01T17:41:13Z","refresh",4.00010235715571,27
"dst",2026,4,"yahoo","NE","2026-10-01T17:41:13Z","refresh",3.96352733911735,27.5
"dst",2026,4,"ffpc","MIN","2026-10-01T17:41:13Z","refresh",12.2636007706963,14
"dst",2026,4,"ffpc","SEA","2026-10-01T17:41:13Z","refresh",10.4849283908228,17.75
"dst",2026,4,"ffpc","GB","2026-10-01T17:41:13Z","refresh",10.176774211969,17.5
"dst",2026,4,"ffpc","PIT","2026-10-01T17:41:13Z","refresh",10.1111374814094,17.25
"dst",2026,4,"ffpc","BAL","2026-10-01T17:41:13Z","refresh",9.64322875799045,15.5
"dst",2026,4,"ffpc","CHI","2026-10-01T17:41:13Z","refresh",9.09272230708754,20
"dst",2026,4,"ffpc","KC","2026-10-01T17:41:13Z","refresh",9.03466235450933,21.5
"dst",2026,4,"ffpc","BUF","2026-10-01T17:41:13Z","refresh",8.7649457731421,21
"dst",2026,4,"ffpc","LA","2026-10-01T17:41:13Z","refresh",8.47644872353984,20.25
"dst",2026,4,"ffpc","TB","2026-10-01T17:41:13Z","refresh",7.76568584817646,21
"dst",2026,4,"ffpc","LAC","2026-10-01T17:41:13Z","refresh",7.53145956035359,24.75
"dst",2026,4,"ffpc","ARI","2026-10-01T17:41:13Z","refresh",7.52007495827914,20.75
"dst",2026,4,"ffpc","IND","2026-10-01T17:41:13Z","refresh",7.50138221876038,22
"dst",2026,4,"ffpc","NO","2026-10-01T17:41:13Z","refresh",7.41422611491042,22.5
"dst",2026,4,"ffpc","DET","2026-10-01T17:41:13Z","refresh",7.35112266545051,23.75
"dst",2026,4,"ffpc","ATL","2026-10-01T17:41:13Z","refresh",7.34231127734501,25
"dst",2026,4,"ffpc","NYG","2026-10-01T17:41:13Z","refresh",7.30685165569141,23.25
"dst",2026,4,"ffpc","CLE","2026-10-01T17:41:13Z","refresh",7.20264913987628,20.25
"dst",2026,4,"ffpc","HOU","2026-10-01T17:41:13Z","refresh",6.83924743394726,22.5
"dst",2026,4,"ffpc","CIN","2026-10-01T17:41:13Z","refresh",6.69275921423538,24.5
"dst",2026,4,"ffpc","MIA","2026-10-01T17:41:13Z","refresh",6.5937805689586,24.5
"dst",2026,4,"ffpc","JAX","2026-10-01T17:41:13Z","refresh",6.56751947804396,27
"dst",2026,4,"ffpc","CAR","2026-10-01T17:41:13Z","refresh",6.55334155931544,27.25
"dst",2026,4,"ffpc","DAL","2026-10-01T17:41:13Z","refresh",6.54687735503576,25.5
"dst",2026,4,"ffpc","DEN","2026-10-01T17:41:13Z","refresh",6.54230392211445,25.25
"dst",2026,4,"ffpc","SF","2026-10-01T17:41:13Z","refresh",6.53347013672302,22.75
"dst",2026,4,"ffpc","WAS","2026-10-01T17:41:13Z","refresh",6.48077692601617,25.5
"dst",2026,4,"ffpc","NYJ","2026-10-01T17:41:13Z","refresh",5.69430137422768,23
"dst",2026,4,"ffpc","PHI","2026-10-01T17:41:13Z","refresh",5.68953168495927,23.25
"dst",2026,4,"ffpc","LV","2026-10-01T17:41:13Z","refresh",5.66554119359299,26
"dst",2026,4,"ffpc","TEN","2026-10-01T17:41:13Z","refresh",4.9667143036436,27
"dst",2026,4,"ffpc","NE","2026-10-01T17:41:13Z","refresh",4.75558061984946,27.5
"k",2026,4,"espn","MIN","2026-10-01T17:41:46Z","refresh",10.1239408319656,24.5
"k",2026,4,"espn","DAL","2026-10-01T17:41:46Z","refresh",9.56189228076526,22.5
"k",2026,4,"espn","HOU","2026-10-01T17:41:46Z","refresh",9.53572629435621,25.5
"k",2026,4,"espn","NO","2026-10-01T17:41:46Z","refresh",9.19291560402834,25
"k",2026,4,"espn","CIN","2026-10-01T17:41:46Z","refresh",9.27860445964115,27
"k",2026,4,"espn","SEA","2026-10-01T17:41:46Z","refresh",9.08015551937729,24.75
"k",2026,4,"espn","KC","2026-10-01T17:41:46Z","refresh",9.0433285321909,26
"k",2026,4,"espn","BAL","2026-10-01T17:41:46Z","refresh",8.8025810208926,27
"k",2026,4,"espn","PIT","2026-10-01T17:41:46Z","refresh",8.62213554081067,20.25
"k",2026,4,"espn","SF","2026-10-01T17:41:46Z","refresh",8.66371542348416,25.25
"k",2026,4,"espn","DET","2026-10-01T17:41:46Z","refresh",8.62720928152606,27.25
"k",2026,4,"espn","IND","2026-10-01T17:41:46Z","refresh",8.69185330524141,25.5
"k",2026,4,"espn","BUF","2026-10-01T17:41:46Z","refresh",8.56385762996254,27.5
"k",2026,4,"espn","ATL","2026-10-01T17:41:46Z","refresh",8.47010694743864,22.5
"k",2026,4,"espn","JAX","2026-10-01T17:41:46Z","refresh",8.42017084516388,24.5
"k",2026,4,"espn","TB","2026-10-01T17:41:46Z","refresh",8.17420126387878,17.5
"k",2026,4,"espn","LV","2026-10-01T17:41:46Z","refresh",8.14092750290419,21.5
"k",2026,4,"espn","ARI","2026-10-01T17:41:46Z","refresh",8.26312653141079,23.25
"k",2026,4,"espn","CHI","2026-10-01T17:41:46Z","refresh",8.16135496652906,23
"k",2026,4,"espn","LA","2026-10-01T17:41:46Z","refresh",7.99409268923244,23.25
"k",2026,4,"espn","DEN","2026-10-01T17:41:46Z","refresh",7.87951524415844,22.75
"k",2026,4,"espn","LAC","2026-10-01T17:41:46Z","refresh",7.63120534794161,17.75
"k",2026,4,"espn","NYJ","2026-10-01T17:41:46Z","refresh",7.96258856442604,20
"k",2026,4,"espn","PHI","2026-10-01T17:41:46Z","refresh",7.68147541749851,20.25
"k",2026,4,"espn","CAR","2026-10-01T17:41:46Z","refresh",7.67730832769618,23.75
"k",2026,4,"espn","GB","2026-10-01T17:41:46Z","refresh",7.46523070205217,21
"k",2026,4,"espn","CLE","2026-10-01T17:41:46Z","refresh",7.35815443290501,17.25
"k",2026,4,"espn","NYG","2026-10-01T17:41:46Z","refresh",7.29550969511349,20.75
"k",2026,4,"espn","WAS","2026-10-01T17:41:46Z","refresh",7.35849718596951,22
"k",2026,4,"espn","MIA","2026-10-01T17:41:46Z","refresh",7.08075751913278,14
"k",2026,4,"espn","NE","2026-10-01T17:41:46Z","refresh",7.17156958013839,21
"k",2026,4,"espn","TEN","2026-10-01T17:41:46Z","refresh",6.76891658333886,15.5
"k",2026,4,"dec","MIN","2026-10-01T17:41:46Z","refresh",10.5414943111128,24.5
"k",2026,4,"dec","DAL","2026-10-01T17:41:46Z","refresh",10.0665331607151,22.5
"k",2026,4,"dec","HOU","2026-10-01T17:41:46Z","refresh",9.96171155962391,25.5
"k",2026,4,"dec","NO","2026-10-01T17:41:46Z","refresh",9.6034919404054,25
"k",2026,4,"dec","CIN","2026-10-01T17:41:46Z","refresh",9.64060286240846,27
"k",2026,4,"dec","SEA","2026-10-01T17:41:46Z","refresh",9.44640068276423,24.75
"k",2026,4,"dec","KC","2026-10-01T17:41:46Z","refresh",9.43468784248834,26
"k",2026,4,"dec","BAL","2026-10-01T17:41:46Z","refresh",9.09122593345912,27
"k",2026,4,"dec","PIT","2026-10-01T17:41:46Z","refresh",9.05417222809335,20.25
"k",2026,4,"dec","SF","2026-10-01T17:41:46Z","refresh",9.00879707599925,25.25
"k",2026,4,"dec","DET","2026-10-01T17:41:46Z","refresh",8.96515341623434,27.25
"k",2026,4,"dec","IND","2026-10-01T17:41:46Z","refresh",9.00805938627703,25.5
"k",2026,4,"dec","BUF","2026-10-01T17:41:46Z","refresh",8.8969319431975,27.5
"k",2026,4,"dec","ATL","2026-10-01T17:41:46Z","refresh",8.90925777190208,22.5
"k",2026,4,"dec","JAX","2026-10-01T17:41:46Z","refresh",8.75742750498543,24.5
"k",2026,4,"dec","TB","2026-10-01T17:41:46Z","refresh",8.59286315624869,17.5
"k",2026,4,"dec","LV","2026-10-01T17:41:46Z","refresh",8.54502413102813,21.5
"k",2026,4,"dec","ARI","2026-10-01T17:41:46Z","refresh",8.59267406707844,23.25
"k",2026,4,"dec","CHI","2026-10-01T17:41:46Z","refresh",8.54599301713896,23
"k",2026,4,"dec","LA","2026-10-01T17:41:46Z","refresh",8.31004646724465,23.25
"k",2026,4,"dec","DEN","2026-10-01T17:41:46Z","refresh",8.21837469463113,22.75
"k",2026,4,"dec","LAC","2026-10-01T17:41:46Z","refresh",8.01022999694247,17.75
"k",2026,4,"dec","NYJ","2026-10-01T17:41:46Z","refresh",8.34902496591458,20
"k",2026,4,"dec","PHI","2026-10-01T17:41:46Z","refresh",8.06852031523996,20.25
"k",2026,4,"dec","CAR","2026-10-01T17:41:46Z","refresh",7.97912322249535,23.75
"k",2026,4,"dec","GB","2026-10-01T17:41:46Z","refresh",7.80862390147333,21
"k",2026,4,"dec","CLE","2026-10-01T17:41:46Z","refresh",7.72267424349393,17.25
"k",2026,4,"dec","NYG","2026-10-01T17:41:46Z","refresh",7.62650138616361,20.75
"k",2026,4,"dec","WAS","2026-10-01T17:41:46Z","refresh",7.68572858279452,22
"k",2026,4,"dec","MIA","2026-10-01T17:41:46Z","refresh",7.48849921697596,14
"k",2026,4,"dec","NE","2026-10-01T17:41:46Z","refresh",7.48026286930624,21
"k",2026,4,"dec","TEN","2026-10-01T17:41:46Z","refresh",7.14602873983692,15.5
"dst",2026,4,"espn","MIN","2026-10-01T19:17:11Z","refresh",11.8546467136765,14.25
"dst",2026,4,"espn","GB","2026-10-01T19:17:11Z","refresh",9.51576117153456,17.5
"dst",2026,4,"espn","SEA","2026-10-01T19:17:11Z","refresh",9.42126956656184,17.75
"dst",2026,4,"espn","PIT","2026-10-01T19:17:11Z","refresh",9.23535459447752,17.5
"dst",2026,4,"espn","BAL","2026-10-01T19:17:11Z","refresh",8.56157852836457,15.5
"dst",2026,4,"espn","CHI","2026-10-01T19:17:11Z","refresh",7.81609241906662,20
"dst",2026,4,"espn","KC","2026-10-01T19:17:11Z","refresh",7.74437177817303,21.5
"dst",2026,4,"espn","BUF","2026-10-01T19:17:11Z","refresh",7.055460407722,20.75
"dst",2026,4,"espn","LA","2026-10-01T19:17:11Z","refresh",6.98246819613507,20.25
"dst",2026,4,"espn","TB","2026-10-01T19:17:11Z","refresh",6.59846798833478,21
"dst",2026,4,"espn","ARI","2026-10-01T19:17:11Z","refresh",5.63635179995482,20.75
"dst",2026,4,"espn","NO","2026-10-01T19:17:11Z","refresh",5.51276891655153,22.5
"dst",2026,4,"espn","CLE","2026-10-01T19:17:11Z","refresh",5.45833764447876,20
"dst",2026,4,"espn","IND","2026-10-01T19:17:11Z","refresh",5.44566559910835,22
"dst",2026,4,"espn","NYG","2026-10-01T19:17:11Z","refresh",5.43213639041684,23.25
"dst",2026,4,"espn","LAC","2026-10-01T19:17:11Z","refresh",5.39501194843878,24.75
"dst",2026,4,"espn","ATL","2026-10-01T19:17:11Z","refresh",5.10306864900809,25
"dst",2026,4,"espn","HOU","2026-10-01T19:17:11Z","refresh",4.935379806513,22.5
"dst",2026,4,"espn","DET","2026-10-01T19:17:11Z","refresh",4.79759701921287,23.75
"dst",2026,4,"espn","MIA","2026-10-01T19:17:11Z","refresh",4.718834094567,24.75
"dst",2026,4,"espn","SF","2026-10-01T19:17:11Z","refresh",4.70732455816712,22.75
"dst",2026,4,"espn","WAS","2026-10-01T19:17:11Z","refresh",4.70107517497122,25.5
"dst",2026,4,"espn","CIN","2026-10-01T19:17:11Z","refresh",4.44541218259686,24.5
"dst",2026,4,"espn","CAR","2026-10-01T19:17:11Z","refresh",4.32185159860385,27.25
"dst",2026,4,"espn","DAL","2026-10-01T19:17:11Z","refresh",4.24340568770922,25.5
"dst",2026,4,"espn","JAX","2026-10-01T19:17:11Z","refresh",4.22838333365533,27
"dst",2026,4,"espn","NYJ","2026-10-01T19:17:11Z","refresh",3.98378591300142,23
"dst",2026,4,"espn","PHI","2026-10-01T19:17:11Z","refresh",3.88701276865495,23.25
"dst",2026,4,"espn","DEN","2026-10-01T19:17:11Z","refresh",3.81788683083301,25.25
"dst",2026,4,"espn","LV","2026-10-01T19:17:11Z","refresh",3.71484017237175,26
"dst",2026,4,"espn","TEN","2026-10-01T19:17:11Z","refresh",2.66741252682698,27
"dst",2026,4,"espn","NE","2026-10-01T19:17:11Z","refresh",1.96197562045799,27.75
"dst",2026,4,"yahoo","MIN","2026-10-01T19:17:11Z","refresh",10.7991449723516,14.25
"dst",2026,4,"yahoo","PIT","2026-10-01T19:17:11Z","refresh",9.09651794727358,17.5
"dst",2026,4,"yahoo","SEA","2026-10-01T19:17:11Z","refresh",8.91230231830065,17.75
"dst",2026,4,"yahoo","BAL","2026-10-01T19:17:11Z","refresh",8.90057043921288,15.5
"dst",2026,4,"yahoo","GB","2026-10-01T19:17:11Z","refresh",8.49397433148927,17.5
"dst",2026,4,"yahoo","KC","2026-10-01T19:17:11Z","refresh",8.09310128530499,21.5
"dst",2026,4,"yahoo","CHI","2026-10-01T19:17:11Z","refresh",8.08082487703567,20
"dst",2026,4,"yahoo","BUF","2026-10-01T19:17:11Z","refresh",7.70533543337423,20.75
"dst",2026,4,"yahoo","LA","2026-10-01T19:17:11Z","refresh",7.32434277850391,20.25
"dst",2026,4,"yahoo","TB","2026-10-01T19:17:11Z","refresh",6.87625644240916,21
"dst",2026,4,"yahoo","CLE","2026-10-01T19:17:11Z","refresh",6.84088731078631,20
"dst",2026,4,"yahoo","NO","2026-10-01T19:17:11Z","refresh",6.68669816976228,22.5
"dst",2026,4,"yahoo","IND","2026-10-01T19:17:11Z","refresh",6.64657901402204,22
"dst",2026,4,"yahoo","ARI","2026-10-01T19:17:11Z","refresh",6.50474095701968,20.75
"dst",2026,4,"yahoo","LAC","2026-10-01T19:17:11Z","refresh",6.33995695248428,24.75
"dst",2026,4,"yahoo","HOU","2026-10-01T19:17:11Z","refresh",6.30715086331428,22.5
"dst",2026,4,"yahoo","DET","2026-10-01T19:17:11Z","refresh",6.30298340154654,23.75
"dst",2026,4,"yahoo","NYG","2026-10-01T19:17:11Z","refresh",6.29912999561925,23.25
"dst",2026,4,"yahoo","ATL","2026-10-01T19:17:11Z","refresh",6.12152556477878,25
"dst",2026,4,"yahoo","DAL","2026-10-01T19:17:11Z","refresh",5.95303559175245,25.5
"dst",2026,4,"yahoo","DEN","2026-10-01T19:17:11Z","refresh",5.83649679616507,25.25
"dst",2026,4,"yahoo","MIA","2026-10-01T19:17:11Z","refresh",5.67079009617679,24.75
"dst",2026,4,"yahoo","SF","2026-10-01T19:17:11Z","refresh",5.66897014220095,22.75
"dst",2026,4,"yahoo","CIN","2026-10-01T19:17:11Z","refresh",5.66719392549685,24.5
"dst",2026,4,"yahoo","WAS","2026-10-01T19:17:11Z","refresh",5.52653623610548,25.5
"dst",2026,4,"yahoo","CAR","2026-10-01T19:17:11Z","refresh",5.43220932688433,27.25
"dst",2026,4,"yahoo","PHI","2026-10-01T19:17:11Z","refresh",5.15328610910085,23.25
"dst",2026,4,"yahoo","JAX","2026-10-01T19:17:11Z","refresh",5.12932261418965,27
"dst",2026,4,"yahoo","NYJ","2026-10-01T19:17:11Z","refresh",5.02831879079795,23
"dst",2026,4,"yahoo","LV","2026-10-01T19:17:11Z","refresh",4.87167120067635,26
"dst",2026,4,"yahoo","TEN","2026-10-01T19:17:11Z","refresh",4.00089050424665,27
"dst",2026,4,"yahoo","NE","2026-10-01T19:17:11Z","refresh",3.87912714766433,27.75
"dst",2026,4,"ffpc","MIN","2026-10-01T19:17:11Z","refresh",12.2219261839577,14.25
"dst",2026,4,"ffpc","SEA","2026-10-01T19:17:11Z","refresh",10.4981545095117,17.75
"dst",2026,4,"ffpc","GB","2026-10-01T19:17:11Z","refresh",10.1904818043149,17.5
"dst",2026,4,"ffpc","PIT","2026-10-01T19:17:11Z","refresh",10.0412245833303,17.5
"dst",2026,4,"ffpc","BAL","2026-10-01T19:17:11Z","refresh",9.65597898829206,15.5
"dst",2026,4,"ffpc","CHI","2026-10-01T19:17:11Z","refresh",9.10606319766126,20
"dst",2026,4,"ffpc","KC","2026-10-01T19:17:11Z","refresh",9.04759097825054,21.5
"dst",2026,4,"ffpc","BUF","2026-10-01T19:17:11Z","refresh",8.86151793711639,20.75
"dst",2026,4,"ffpc","LA","2026-10-01T19:17:11Z","refresh",8.48928902038935,20.25
"dst",2026,4,"ffpc","TB","2026-10-01T19:17:11Z","refresh",7.77811492272069,21
"dst",2026,4,"ffpc","LAC","2026-10-01T19:17:11Z","refresh",7.54426232707048,24.75
"dst",2026,4,"ffpc","ARI","2026-10-01T19:17:11Z","refresh",7.53276142965759,20.75
"dst",2026,4,"ffpc","NO","2026-10-01T19:17:11Z","refresh",7.42687377515631,22.5
"dst",2026,4,"ffpc","DET","2026-10-01T19:17:11Z","refresh",7.36417059927256,23.75
"dst",2026,4,"ffpc","ATL","2026-10-01T19:17:11Z","refresh",7.35541178091953,25
"dst",2026,4,"ffpc","NYG","2026-10-01T19:17:11Z","refresh",7.31952834026591,23.25
"dst",2026,4,"ffpc","CLE","2026-10-01T19:17:11Z","refresh",7.29509678630243,20
"dst",2026,4,"ffpc","IND","2026-10-01T19:17:11Z","refresh",7.28555624466595,22
"dst",2026,4,"ffpc","HOU","2026-10-01T19:17:11Z","refresh",6.8517162320167,22.5
"dst",2026,4,"ffpc","CIN","2026-10-01T19:17:11Z","refresh",6.70543338688522,24.5
"dst",2026,4,"ffpc","JAX","2026-10-01T19:17:11Z","refresh",6.58039870803163,27
"dst",2026,4,"ffpc","CAR","2026-10-01T19:17:11Z","refresh",6.56594670250272,27.25
"dst",2026,4,"ffpc","DAL","2026-10-01T19:17:11Z","refresh",6.55956663769899,25.5
"dst",2026,4,"ffpc","DEN","2026-10-01T19:17:11Z","refresh",6.55506069320704,25.25
"dst",2026,4,"ffpc","MIA","2026-10-01T19:17:11Z","refresh",6.55257332435362,24.75
"dst",2026,4,"ffpc","SF","2026-10-01T19:17:11Z","refresh",6.54578778845747,22.75
"dst",2026,4,"ffpc","WAS","2026-10-01T19:17:11Z","refresh",6.49329566697133,25.5
"dst",2026,4,"ffpc","NYJ","2026-10-01T19:17:11Z","refresh",5.70626219409945,23
"dst",2026,4,"ffpc","PHI","2026-10-01T19:17:11Z","refresh",5.70163640933868,23.25
"dst",2026,4,"ffpc","LV","2026-10-01T19:17:11Z","refresh",5.6780210024575,26
"dst",2026,4,"ffpc","TEN","2026-10-01T19:17:11Z","refresh",4.97886545525106,27
"dst",2026,4,"ffpc","NE","2026-10-01T19:17:11Z","refresh",4.68809255896695,27.75
"k",2026,4,"espn","MIN","2026-10-01T19:17:50Z","refresh",10.1426732937007,24.75
"k",2026,4,"espn","DAL","2026-10-01T19:17:50Z","refresh",9.56189228076526,22.5
"k",2026,4,"espn","HOU","2026-10-01T19:17:50Z","refresh",9.53572629435621,25.5
"k",2026,4,"espn","NO","2026-10-01T19:17:50Z","refresh",9.19291560402834,25
"k",2026,4,"espn","CIN","2026-10-01T19:17:50Z","refresh",9.27860445964115,27
"k",2026,4,"espn","SEA","2026-10-01T19:17:50Z","refresh",9.08015551937729,24.75
"k",2026,4,"espn","KC","2026-10-01T19:17:50Z","refresh",9.0433285321909,26
"k",2026,4,"espn","BAL","2026-10-01T19:17:50Z","refresh",8.8025810208926,27
"k",2026,4,"espn","PIT","2026-10-01T19:17:50Z","refresh",8.57538571365968,20
"k",2026,4,"espn","SF","2026-10-01T19:17:50Z","refresh",8.66371542348416,25.25
"k",2026,4,"espn","DET","2026-10-01T19:17:50Z","refresh",8.62720928152606,27.25
"k",2026,4,"espn","IND","2026-10-01T19:17:50Z","refresh",8.69185330524141,25.5
"k",2026,4,"espn","BUF","2026-10-01T19:17:50Z","refresh",8.62053953120527,27.75
"k",2026,4,"espn","ATL","2026-10-01T19:17:50Z","refresh",8.47010694743864,22.5
"k",2026,4,"espn","JAX","2026-10-01T19:17:50Z","refresh",8.42017084516388,24.5
"k",2026,4,"espn","TB","2026-10-01T19:17:50Z","refresh",8.17420126387878,17.5
"k",2026,4,"espn","LV","2026-10-01T19:17:50Z","refresh",8.14092750290419,21.5
"k",2026,4,"espn","ARI","2026-10-01T19:17:50Z","refresh",8.26312653141079,23.25
"k",2026,4,"espn","CHI","2026-10-01T19:17:50Z","refresh",8.16135496652906,23
"k",2026,4,"espn","LA","2026-10-01T19:17:50Z","refresh",7.99409268923244,23.25
"k",2026,4,"espn","DEN","2026-10-01T19:17:50Z","refresh",7.87951524415844,22.75
"k",2026,4,"espn","LAC","2026-10-01T19:17:50Z","refresh",7.63120534794161,17.75
"k",2026,4,"espn","NYJ","2026-10-01T19:17:50Z","refresh",7.96258856442604,20
"k",2026,4,"espn","PHI","2026-10-01T19:17:50Z","refresh",7.68147541749851,20.25
"k",2026,4,"espn","CAR","2026-10-01T19:17:50Z","refresh",7.67730832769618,23.75
"k",2026,4,"espn","GB","2026-10-01T19:17:50Z","refresh",7.46523070205217,21
"k",2026,4,"espn","CLE","2026-10-01T19:17:50Z","refresh",7.40260832102505,17.5
"k",2026,4,"espn","NYG","2026-10-01T19:17:50Z","refresh",7.29550969511349,20.75
"k",2026,4,"espn","WAS","2026-10-01T19:17:50Z","refresh",7.35849718596951,22
"k",2026,4,"espn","MIA","2026-10-01T19:17:50Z","refresh",7.0934119379066,14.25
"k",2026,4,"espn","NE","2026-10-01T19:17:50Z","refresh",7.12540667150096,20.75
"k",2026,4,"espn","TEN","2026-10-01T19:17:50Z","refresh",6.76891658333886,15.5
"k",2026,4,"dec","MIN","2026-10-01T19:17:50Z","refresh",10.5584798041981,24.75
"k",2026,4,"dec","DAL","2026-10-01T19:17:50Z","refresh",10.0665331607151,22.5
"k",2026,4,"dec","HOU","2026-10-01T19:17:50Z","refresh",9.96171155962391,25.5
"k",2026,4,"dec","NO","2026-10-01T19:17:50Z","refresh",9.6034919404054,25
"k",2026,4,"dec","CIN","2026-10-01T19:17:50Z","refresh",9.64060286240846,27
"k",2026,4,"dec","SEA","2026-10-01T19:17:50Z","refresh",9.44640068276423,24.75
"k",2026,4,"dec","KC","2026-10-01T19:17:50Z","refresh",9.43468784248834,26
"k",2026,4,"dec","BAL","2026-10-01T19:17:50Z","refresh",9.09122593345912,27
"k",2026,4,"dec","PIT","2026-10-01T19:17:50Z","refresh",9.00836670726438,20
"k",2026,4,"dec","SF","2026-10-01T19:17:50Z","refresh",9.00879707599925,25.25
"k",2026,4,"dec","DET","2026-10-01T19:17:50Z","refresh",8.96515341623434,27.25
"k",2026,4,"dec","IND","2026-10-01T19:17:50Z","refresh",9.00805938627703,25.5
"k",2026,4,"dec","BUF","2026-10-01T19:17:50Z","refresh",8.95274658613065,27.75
"k",2026,4,"dec","ATL","2026-10-01T19:17:50Z","refresh",8.90925777190208,22.5
"k",2026,4,"dec","JAX","2026-10-01T19:17:50Z","refresh",8.75742750498543,24.5
"k",2026,4,"dec","TB","2026-10-01T19:17:50Z","refresh",8.59286315624869,17.5
"k",2026,4,"dec","LV","2026-10-01T19:17:50Z","refresh",8.54502413102813,21.5
"k",2026,4,"dec","ARI","2026-10-01T19:17:50Z","refresh",8.59267406707844,23.25
"k",2026,4,"dec","CHI","2026-10-01T19:17:50Z","refresh",8.54599301713896,23
"k",2026,4,"dec","LA","2026-10-01T19:17:50Z","refresh",8.31004646724465,23.25
"k",2026,4,"dec","DEN","2026-10-01T19:17:50Z","refresh",8.21837469463113,22.75
"k",2026,4,"dec","LAC","2026-10-01T19:17:50Z","refresh",8.01022999694247,17.75
"k",2026,4,"dec","NYJ","2026-10-01T19:17:50Z","refresh",8.34902496591458,20
"k",2026,4,"dec","PHI","2026-10-01T19:17:50Z","refresh",8.06852031523996,20.25
"k",2026,4,"dec","CAR","2026-10-01T19:17:50Z","refresh",7.97912322249535,23.75
"k",2026,4,"dec","GB","2026-10-01T19:17:50Z","refresh",7.80862390147333,21
"k",2026,4,"dec","CLE","2026-10-01T19:17:50Z","refresh",7.7663317363274,17.5
"k",2026,4,"dec","NYG","2026-10-01T19:17:50Z","refresh",7.62650138616361,20.75
"k",2026,4,"dec","WAS","2026-10-01T19:17:50Z","refresh",7.68572858279452,22
"k",2026,4,"dec","MIA","2026-10-01T19:17:50Z","refresh",7.49959621285019,14.25
"k",2026,4,"dec","NE","2026-10-01T19:17:50Z","refresh",7.4349853286803,20.75
"k",2026,4,"dec","TEN","2026-10-01T19:17:50Z","refresh",7.14602873983693,15.5
"dst",2026,4,"espn","MIN","2026-10-01T23:15:21Z","refresh",11.8546467136765,14.25
"dst",2026,4,"espn","GB","2026-10-01T23:15:21Z","refresh",9.51576117153456,17.5
"dst",2026,4,"espn","SEA","2026-10-01T23:15:21Z","refresh",9.42126956656184,17.75
"dst",2026,4,"espn","PIT","2026-10-01T23:15:21Z","refresh",9.23535459447752,17.5
"dst",2026,4,"espn","BAL","2026-10-01T23:15:21Z","refresh",8.56157852836457,15.5
"dst",2026,4,"espn","CHI","2026-10-01T23:15:21Z","refresh",7.81609241906663,20
"dst",2026,4,"espn","KC","2026-10-01T23:15:21Z","refresh",7.74437177817303,21.5
"dst",2026,4,"espn","LA","2026-10-01T23:15:21Z","refresh",7.17956126846209,19.75
"dst",2026,4,"espn","BUF","2026-10-01T23:15:21Z","refresh",6.96249497478203,21
"dst",2026,4,"espn","TB","2026-10-01T23:15:21Z","refresh",6.59846798833478,21
"dst",2026,4,"espn","ARI","2026-10-01T23:15:21Z","refresh",5.63635179995482,20.75
"dst",2026,4,"espn","CLE","2026-10-01T23:15:21Z","refresh",5.45833764447876,20
"dst",2026,4,"espn","NYG","2026-10-01T23:15:21Z","refresh",5.43213639041684,23.25
"dst",2026,4,"espn","NO","2026-10-01T23:15:21Z","refresh",5.42083622849684,22.75
"dst",2026,4,"espn","LAC","2026-10-01T23:15:21Z","refresh",5.39501194843878,24.75
"dst",2026,4,"espn","IND","2026-10-01T23:15:21Z","refresh",5.3650646281203,22.25
"dst",2026,4,"espn","ATL","2026-10-01T23:15:21Z","refresh",5.0105256716463,25.25
"dst",2026,4,"espn","HOU","2026-10-01T23:15:21Z","refresh",4.935379806513,22.5
"dst",2026,4,"espn","DET","2026-10-01T23:15:21Z","refresh",4.79759701921287,23.75
"dst",2026,4,"espn","MIA","2026-10-01T23:15:21Z","refresh",4.718834094567,24.75
"dst",2026,4,"espn","SF","2026-10-01T23:15:21Z","refresh",4.70732455816712,22.75
"dst",2026,4,"espn","CIN","2026-10-01T23:15:21Z","refresh",4.44541218259686,24.5
"dst",2026,4,"espn","WAS","2026-10-01T23:15:21Z","refresh",4.41280163002806,26.25
"dst",2026,4,"espn","CAR","2026-10-01T23:15:21Z","refresh",4.32185159860385,27.25
"dst",2026,4,"espn","DAL","2026-10-01T23:15:21Z","refresh",4.24340568770922,25.5
"dst",2026,4,"espn","JAX","2026-10-01T23:15:21Z","refresh",4.22838333365533,27
"dst",2026,4,"espn","NYJ","2026-10-01T23:15:21Z","refresh",3.98378591300142,23
"dst",2026,4,"espn","PHI","2026-10-01T23:15:21Z","refresh",3.8761861419104,23.25
"dst",2026,4,"espn","DEN","2026-10-01T23:15:21Z","refresh",3.81788683083301,25.25
"dst",2026,4,"espn","LV","2026-10-01T23:15:21Z","refresh",3.71484017237175,26
"dst",2026,4,"espn","TEN","2026-10-01T23:15:21Z","refresh",2.66741252682698,27
"dst",2026,4,"espn","NE","2026-10-01T23:15:21Z","refresh",1.87017326158957,28
"dst",2026,4,"yahoo","MIN","2026-10-01T23:15:21Z","refresh",10.7991449723516,14.25
"dst",2026,4,"yahoo","PIT","2026-10-01T23:15:21Z","refresh",9.09651794727358,17.5
"dst",2026,4,"yahoo","SEA","2026-10-01T23:15:21Z","refresh",8.91230231830065,17.75
"dst",2026,4,"yahoo","BAL","2026-10-01T23:15:21Z","refresh",8.90057043921288,15.5
"dst",2026,4,"yahoo","GB","2026-10-01T23:15:21Z","refresh",8.49397433148927,17.5
"dst",2026,4,"yahoo","KC","2026-10-01T23:15:21Z","refresh",8.09310128530499,21.5
"dst",2026,4,"yahoo","CHI","2026-10-01T23:15:21Z","refresh",8.08082487703567,20
"dst",2026,4,"yahoo","BUF","2026-10-01T23:15:21Z","refresh",7.6465636136895,21
"dst",2026,4,"yahoo","LA","2026-10-01T23:15:21Z","refresh",7.46830293673259,19.75
"dst",2026,4,"yahoo","TB","2026-10-01T23:15:21Z","refresh",6.87625644240916,21
"dst",2026,4,"yahoo","CLE","2026-10-01T23:15:21Z","refresh",6.84088731078631,20
"dst",2026,4,"yahoo","NO","2026-10-01T23:15:21Z","refresh",6.62792635007755,22.75
"dst",2026,4,"yahoo","IND","2026-10-01T23:15:21Z","refresh",6.61422371319656,22.25
"dst",2026,4,"yahoo","ARI","2026-10-01T23:15:21Z","refresh",6.50474095701968,20.75
"dst",2026,4,"yahoo","LAC","2026-10-01T23:15:21Z","refresh",6.33995695248428,24.75
"dst",2026,4,"yahoo","HOU","2026-10-01T23:15:21Z","refresh",6.30715086331428,22.5
"dst",2026,4,"yahoo","DET","2026-10-01T23:15:21Z","refresh",6.30298340154654,23.75
"dst",2026,4,"yahoo","NYG","2026-10-01T23:15:21Z","refresh",6.29912999561925,23.25
"dst",2026,4,"yahoo","ATL","2026-10-01T23:15:21Z","refresh",6.06275374509405,25.25
"dst",2026,4,"yahoo","DAL","2026-10-01T23:15:21Z","refresh",5.95303559175245,25.5
"dst",2026,4,"yahoo","DEN","2026-10-01T23:15:21Z","refresh",5.83649679616507,25.25
"dst",2026,4,"yahoo","MIA","2026-10-01T23:15:21Z","refresh",5.67079009617679,24.75
"dst",2026,4,"yahoo","SF","2026-10-01T23:15:21Z","refresh",5.66897014220095,22.75
"dst",2026,4,"yahoo","CIN","2026-10-01T23:15:21Z","refresh",5.66719392549685,24.5
"dst",2026,4,"yahoo","CAR","2026-10-01T23:15:21Z","refresh",5.43220932688433,27.25
"dst",2026,4,"yahoo","WAS","2026-10-01T23:15:21Z","refresh",5.32380425819207,26.25
"dst",2026,4,"yahoo","JAX","2026-10-01T23:15:21Z","refresh",5.12932261418965,27
"dst",2026,4,"yahoo","PHI","2026-10-01T23:15:21Z","refresh",5.12686959024161,23.25
"dst",2026,4,"yahoo","NYJ","2026-10-01T23:15:21Z","refresh",5.02831879079795,23
"dst",2026,4,"yahoo","LV","2026-10-01T23:15:21Z","refresh",4.87167120067635,26
"dst",2026,4,"yahoo","TEN","2026-10-01T23:15:21Z","refresh",4.00089050424665,27
"dst",2026,4,"yahoo","NE","2026-10-01T23:15:21Z","refresh",3.8203553279796,28
"dst",2026,4,"ffpc","MIN","2026-10-01T23:15:21Z","refresh",12.2219261839577,14.25
"dst",2026,4,"ffpc","SEA","2026-10-01T23:15:21Z","refresh",10.4981545095117,17.75
"dst",2026,4,"ffpc","GB","2026-10-01T23:15:21Z","refresh",10.1904818043149,17.5
"dst",2026,4,"ffpc","PIT","2026-10-01T23:15:21Z","refresh",10.0412245833303,17.5
"dst",2026,4,"ffpc","BAL","2026-10-01T23:15:21Z","refresh",9.65597898829206,15.5
"dst",2026,4,"ffpc","CHI","2026-10-01T23:15:21Z","refresh",9.10606319766126,20
"dst",2026,4,"ffpc","KC","2026-10-01T23:15:21Z","refresh",9.04759097825054,21.5
"dst",2026,4,"ffpc","BUF","2026-10-01T23:15:21Z","refresh",8.80725690039883,21
"dst",2026,4,"ffpc","LA","2026-10-01T23:15:21Z","refresh",8.62466495522292,19.75
"dst",2026,4,"ffpc","TB","2026-10-01T23:15:21Z","refresh",7.77811492272069,21
"dst",2026,4,"ffpc","LAC","2026-10-01T23:15:21Z","refresh",7.54426232707048,24.75
"dst",2026,4,"ffpc","ARI","2026-10-01T23:15:21Z","refresh",7.53276142965759,20.75
"dst",2026,4,"ffpc","NO","2026-10-01T23:15:21Z","refresh",7.37350227779209,22.75
"dst",2026,4,"ffpc","DET","2026-10-01T23:15:21Z","refresh",7.36417059927256,23.75
"dst",2026,4,"ffpc","NYG","2026-10-01T23:15:21Z","refresh",7.31952834026591,23.25
"dst",2026,4,"ffpc","ATL","2026-10-01T23:15:21Z","refresh",7.3016868150998,25.25
"dst",2026,4,"ffpc","CLE","2026-10-01T23:15:21Z","refresh",7.29509678630243,20
"dst",2026,4,"ffpc","IND","2026-10-01T23:15:21Z","refresh",7.25925875721398,22.25
"dst",2026,4,"ffpc","HOU","2026-10-01T23:15:21Z","refresh",6.8517162320167,22.5
"dst",2026,4,"ffpc","CIN","2026-10-01T23:15:21Z","refresh",6.70543338688522,24.5
"dst",2026,4,"ffpc","JAX","2026-10-01T23:15:21Z","refresh",6.58039870803163,27
"dst",2026,4,"ffpc","CAR","2026-10-01T23:15:21Z","refresh",6.56594670250272,27.25
"dst",2026,4,"ffpc","DAL","2026-10-01T23:15:21Z","refresh",6.55956663769899,25.5
"dst",2026,4,"ffpc","DEN","2026-10-01T23:15:21Z","refresh",6.55506069320704,25.25
"dst",2026,4,"ffpc","MIA","2026-10-01T23:15:21Z","refresh",6.55257332435362,24.75
"dst",2026,4,"ffpc","SF","2026-10-01T23:15:21Z","refresh",6.54578778845747,22.75
"dst",2026,4,"ffpc","WAS","2026-10-01T23:15:21Z","refresh",6.30570610381546,26.25
"dst",2026,4,"ffpc","NYJ","2026-10-01T23:15:21Z","refresh",5.70626219409945,23
"dst",2026,4,"ffpc","LV","2026-10-01T23:15:21Z","refresh",5.6780210024575,26
"dst",2026,4,"ffpc","PHI","2026-10-01T23:15:21Z","refresh",5.6753111450582,23.25
"dst",2026,4,"ffpc","TEN","2026-10-01T23:15:21Z","refresh",4.97886545525106,27
"dst",2026,4,"ffpc","NE","2026-10-01T23:15:21Z","refresh",4.63496743193809,28
"k",2026,4,"espn","MIN","2026-10-01T23:16:06Z","refresh",10.1426732937007,24.75
"k",2026,4,"espn","DAL","2026-10-01T23:16:06Z","refresh",9.56189228076526,22.5
"k",2026,4,"espn","HOU","2026-10-01T23:16:06Z","refresh",9.53572629435621,25.5
"k",2026,4,"espn","NO","2026-10-01T23:16:06Z","refresh",9.21254692429552,25.25
"k",2026,4,"espn","CIN","2026-10-01T23:16:06Z","refresh",9.27860445964115,27
"k",2026,4,"espn","SEA","2026-10-01T23:16:06Z","refresh",9.08015551937729,24.75
"k",2026,4,"espn","KC","2026-10-01T23:16:06Z","refresh",9.0433285321909,26
"k",2026,4,"espn","BAL","2026-10-01T23:16:06Z","refresh",8.8025810208926,27
"k",2026,4,"espn","PIT","2026-10-01T23:16:06Z","refresh",8.52516636595045,20
"k",2026,4,"espn","SF","2026-10-01T23:16:06Z","refresh",8.66371542348416,25.25
"k",2026,4,"espn","DET","2026-10-01T23:16:06Z","refresh",8.62720928152606,27.25
"k",2026,4,"espn","IND","2026-10-01T23:16:06Z","refresh",8.83561508630703,26.25
"k",2026,4,"espn","BUF","2026-10-01T23:16:06Z","refresh",8.64428945493727,28
"k",2026,4,"espn","ATL","2026-10-01T23:16:06Z","refresh",8.48772760733613,22.75
"k",2026,4,"espn","JAX","2026-10-01T23:16:06Z","refresh",8.42017084516388,24.5
"k",2026,4,"espn","TB","2026-10-01T23:16:06Z","refresh",8.17420126387878,17.5
"k",2026,4,"espn","LV","2026-10-01T23:16:06Z","refresh",8.14092750290419,21.5
"k",2026,4,"espn","ARI","2026-10-01T23:16:06Z","refresh",8.26312653141079,23.25
"k",2026,4,"espn","CHI","2026-10-01T23:16:06Z","refresh",8.16135496652906,23
"k",2026,4,"espn","LA","2026-10-01T23:16:06Z","refresh",8.02726660293406,23.25
"k",2026,4,"espn","DEN","2026-10-01T23:16:06Z","refresh",7.87951524415844,22.75
"k",2026,4,"espn","LAC","2026-10-01T23:16:06Z","refresh",7.63120534794161,17.75
"k",2026,4,"espn","NYJ","2026-10-01T23:16:06Z","refresh",7.96258856442604,20
"k",2026,4,"espn","PHI","2026-10-01T23:16:06Z","refresh",7.61899887690792,19.75
"k",2026,4,"espn","CAR","2026-10-01T23:16:06Z","refresh",7.67730832769618,23.75
"k",2026,4,"espn","GB","2026-10-01T23:16:06Z","refresh",7.46523070205217,21
"k",2026,4,"espn","CLE","2026-10-01T23:16:06Z","refresh",7.35823148106419,17.5
"k",2026,4,"espn","NYG","2026-10-01T23:16:06Z","refresh",7.29550969511349,20.75
"k",2026,4,"espn","WAS","2026-10-01T23:16:06Z","refresh",7.39123678756679,22.25
"k",2026,4,"espn","MIA","2026-10-01T23:16:06Z","refresh",7.0934119379066,14.25
"k",2026,4,"espn","NE","2026-10-01T23:16:06Z","refresh",7.14188938754828,21
"k",2026,4,"espn","TEN","2026-10-01T23:16:06Z","refresh",6.76891658333886,15.5
"k",2026,4,"dec","MIN","2026-10-01T23:16:06Z","refresh",10.5584798041981,24.75
"k",2026,4,"dec","DAL","2026-10-01T23:16:06Z","refresh",10.0665331607151,22.5
"k",2026,4,"dec","HOU","2026-10-01T23:16:06Z","refresh",9.96171155962391,25.5
"k",2026,4,"dec","NO","2026-10-01T23:16:06Z","refresh",9.62147008851201,25.25
"k",2026,4,"dec","CIN","2026-10-01T23:16:06Z","refresh",9.64060286240846,27
"k",2026,4,"dec","SEA","2026-10-01T23:16:06Z","refresh",9.44640068276423,24.75
"k",2026,4,"dec","KC","2026-10-01T23:16:06Z","refresh",9.43468784248834,26
"k",2026,4,"dec","BAL","2026-10-01T23:16:06Z","refresh",9.09122593345912,27
"k",2026,4,"dec","PIT","2026-10-01T23:16:06Z","refresh",8.95649950517669,20
"k",2026,4,"dec","SF","2026-10-01T23:16:06Z","refresh",9.00879707599925,25.25
"k",2026,4,"dec","DET","2026-10-01T23:16:06Z","refresh",8.96515341623434,27.25
"k",2026,4,"dec","IND","2026-10-01T23:16:06Z","refresh",9.1488477606302,26.25
"k",2026,4,"dec","BUF","2026-10-01T23:16:06Z","refresh",8.97487852555843,28
"k",2026,4,"dec","ATL","2026-10-01T23:16:06Z","refresh",8.92525873890676,22.75
"k",2026,4,"dec","JAX","2026-10-01T23:16:06Z","refresh",8.75742750498543,24.5
"k",2026,4,"dec","TB","2026-10-01T23:16:06Z","refresh",8.59286315624869,17.5
"k",2026,4,"dec","LV","2026-10-01T23:16:06Z","refresh",8.54502413102813,21.5
"k",2026,4,"dec","ARI","2026-10-01T23:16:06Z","refresh",8.59267406707844,23.25
"k",2026,4,"dec","CHI","2026-10-01T23:16:06Z","refresh",8.54599301713896,23
"k",2026,4,"dec","LA","2026-10-01T23:16:06Z","refresh",8.34406695230997,23.25
"k",2026,4,"dec","DEN","2026-10-01T23:16:06Z","refresh",8.21837469463113,22.75
"k",2026,4,"dec","LAC","2026-10-01T23:16:06Z","refresh",8.01022999694247,17.75
"k",2026,4,"dec","NYJ","2026-10-01T23:16:06Z","refresh",8.34902496591458,20
"k",2026,4,"dec","PHI","2026-10-01T23:16:06Z","refresh",8.0084896927839,19.75
"k",2026,4,"dec","CAR","2026-10-01T23:16:06Z","refresh",7.97912322249535,23.75
"k",2026,4,"dec","GB","2026-10-01T23:16:06Z","refresh",7.80862390147333,21
"k",2026,4,"dec","CLE","2026-10-01T23:16:06Z","refresh",7.72057433987525,17.5
"k",2026,4,"dec","NYG","2026-10-01T23:16:06Z","refresh",7.62650138616361,20.75
"k",2026,4,"dec","WAS","2026-10-01T23:16:06Z","refresh",7.71752674885254,22.25
"k",2026,4,"dec","MIA","2026-10-01T23:16:06Z","refresh",7.49959621285019,14.25
"k",2026,4,"dec","NE","2026-10-01T23:16:06Z","refresh",7.44994815893348,21
"k",2026,4,"dec","TEN","2026-10-01T23:16:06Z","refresh",7.14602873983692,15.5
"dst",2026,4,"espn","MIN","2026-10-02T01:46:18Z","refresh",11.8546467136765,14.25
"dst",2026,4,"espn","GB","2026-10-02T01:46:18Z","refresh",9.51576117153456,17.5
"dst",2026,4,"espn","SEA","2026-10-02T01:46:18Z","refresh",9.42126956656184,17.75
"dst",2026,4,"espn","PIT","2026-10-02T01:46:18Z","refresh",9.23535459447752,17.5
"dst",2026,4,"espn","BAL","2026-10-02T01:46:18Z","refresh",8.56157852836457,15.5
"dst",2026,4,"espn","CHI","2026-10-02T01:46:18Z","refresh",7.81609241906663,20
"dst",2026,4,"espn","KC","2026-10-02T01:46:18Z","refresh",7.74437177817303,21.5
"dst",2026,4,"espn","LA","2026-10-02T01:46:18Z","refresh",7.17956126846209,19.75
"dst",2026,4,"espn","BUF","2026-10-02T01:46:18Z","refresh",6.96249497478203,21
"dst",2026,4,"espn","TB","2026-10-02T01:46:18Z","refresh",6.59846798833478,21
"dst",2026,4,"espn","ARI","2026-10-02T01:46:18Z","refresh",5.63635179995482,20.75
"dst",2026,4,"espn","CLE","2026-10-02T01:46:18Z","refresh",5.45833764447876,20
"dst",2026,4,"espn","NYG","2026-10-02T01:46:18Z","refresh",5.43213639041684,23.25
"dst",2026,4,"espn","NO","2026-10-02T01:46:18Z","refresh",5.42083622849684,22.75
"dst",2026,4,"espn","LAC","2026-10-02T01:46:18Z","refresh",5.39501194843878,24.75
"dst",2026,4,"espn","IND","2026-10-02T01:46:18Z","refresh",5.3650646281203,22.25
"dst",2026,4,"espn","ATL","2026-10-02T01:46:18Z","refresh",5.0105256716463,25.25
"dst",2026,4,"espn","HOU","2026-10-02T01:46:18Z","refresh",4.935379806513,22.5
"dst",2026,4,"espn","DET","2026-10-02T01:46:18Z","refresh",4.79759701921287,23.75
"dst",2026,4,"espn","MIA","2026-10-02T01:46:18Z","refresh",4.718834094567,24.75
"dst",2026,4,"espn","SF","2026-10-02T01:46:18Z","refresh",4.70732455816712,22.75
"dst",2026,4,"espn","CIN","2026-10-02T01:46:18Z","refresh",4.44541218259686,24.5
"dst",2026,4,"espn","WAS","2026-10-02T01:46:18Z","refresh",4.41280163002806,26.25
"dst",2026,4,"espn","CAR","2026-10-02T01:46:18Z","refresh",4.32185159860385,27.25
"dst",2026,4,"espn","DAL","2026-10-02T01:46:18Z","refresh",4.24340568770922,25.5
"dst",2026,4,"espn","JAX","2026-10-02T01:46:18Z","refresh",4.22838333365533,27
"dst",2026,4,"espn","NYJ","2026-10-02T01:46:18Z","refresh",3.98378591300142,23
"dst",2026,4,"espn","PHI","2026-10-02T01:46:18Z","refresh",3.8761861419104,23.25
"dst",2026,4,"espn","DEN","2026-10-02T01:46:18Z","refresh",3.81788683083301,25.25
"dst",2026,4,"espn","LV","2026-10-02T01:46:18Z","refresh",3.71484017237175,26
"dst",2026,4,"espn","TEN","2026-10-02T01:46:18Z","refresh",2.66741252682698,27
"dst",2026,4,"espn","NE","2026-10-02T01:46:18Z","refresh",1.87017326158957,28
"dst",2026,4,"yahoo","MIN","2026-10-02T01:46:18Z","refresh",10.7991449723516,14.25
"dst",2026,4,"yahoo","PIT","2026-10-02T01:46:18Z","refresh",9.09651794727358,17.5
"dst",2026,4,"yahoo","SEA","2026-10-02T01:46:18Z","refresh",8.91230231830065,17.75
"dst",2026,4,"yahoo","BAL","2026-10-02T01:46:18Z","refresh",8.90057043921288,15.5
"dst",2026,4,"yahoo","GB","2026-10-02T01:46:18Z","refresh",8.49397433148927,17.5
"dst",2026,4,"yahoo","KC","2026-10-02T01:46:18Z","refresh",8.09310128530499,21.5
"dst",2026,4,"yahoo","CHI","2026-10-02T01:46:18Z","refresh",8.08082487703567,20
"dst",2026,4,"yahoo","BUF","2026-10-02T01:46:18Z","refresh",7.6465636136895,21
"dst",2026,4,"yahoo","LA","2026-10-02T01:46:18Z","refresh",7.46830293673259,19.75
"dst",2026,4,"yahoo","TB","2026-10-02T01:46:18Z","refresh",6.87625644240916,21
"dst",2026,4,"yahoo","CLE","2026-10-02T01:46:18Z","refresh",6.84088731078631,20
"dst",2026,4,"yahoo","NO","2026-10-02T01:46:18Z","refresh",6.62792635007755,22.75
"dst",2026,4,"yahoo","IND","2026-10-02T01:46:18Z","refresh",6.61422371319656,22.25
"dst",2026,4,"yahoo","ARI","2026-10-02T01:46:18Z","refresh",6.50474095701968,20.75
"dst",2026,4,"yahoo","LAC","2026-10-02T01:46:18Z","refresh",6.33995695248428,24.75
"dst",2026,4,"yahoo","HOU","2026-10-02T01:46:18Z","refresh",6.30715086331428,22.5
"dst",2026,4,"yahoo","DET","2026-10-02T01:46:18Z","refresh",6.30298340154654,23.75
"dst",2026,4,"yahoo","NYG","2026-10-02T01:46:18Z","refresh",6.29912999561925,23.25
"dst",2026,4,"yahoo","ATL","2026-10-02T01:46:18Z","refresh",6.06275374509405,25.25
"dst",2026,4,"yahoo","DAL","2026-10-02T01:46:18Z","refresh",5.95303559175245,25.5
"dst",2026,4,"yahoo","DEN","2026-10-02T01:46:18Z","refresh",5.83649679616507,25.25
"dst",2026,4,"yahoo","MIA","2026-10-02T01:46:18Z","refresh",5.67079009617679,24.75
"dst",2026,4,"yahoo","SF","2026-10-02T01:46:18Z","refresh",5.66897014220095,22.75
"dst",2026,4,"yahoo","CIN","2026-10-02T01:46:18Z","refresh",5.66719392549685,24.5
"dst",2026,4,"yahoo","CAR","2026-10-02T01:46:18Z","refresh",5.43220932688433,27.25
"dst",2026,4,"yahoo","WAS","2026-10-02T01:46:18Z","refresh",5.32380425819207,26.25
"dst",2026,4,"yahoo","JAX","2026-10-02T01:46:18Z","refresh",5.12932261418965,27
"dst",2026,4,"yahoo","PHI","2026-10-02T01:46:18Z","refresh",5.12686959024161,23.25
"dst",2026,4,"yahoo","NYJ","2026-10-02T01:46:18Z","refresh",5.02831879079795,23
"dst",2026,4,"yahoo","LV","2026-10-02T01:46:18Z","refresh",4.87167120067635,26
"dst",2026,4,"yahoo","TEN","2026-10-02T01:46:18Z","refresh",4.00089050424665,27
"dst",2026,4,"yahoo","NE","2026-10-02T01:46:18Z","refresh",3.8203553279796,28
"dst",2026,4,"ffpc","MIN","2026-10-02T01:46:18Z","refresh",12.2219261839577,14.25
"dst",2026,4,"ffpc","SEA","2026-10-02T01:46:18Z","refresh",10.4981545095117,17.75
"dst",2026,4,"ffpc","GB","2026-10-02T01:46:18Z","refresh",10.1904818043149,17.5
"dst",2026,4,"ffpc","PIT","2026-10-02T01:46:18Z","refresh",10.0412245833303,17.5
"dst",2026,4,"ffpc","BAL","2026-10-02T01:46:18Z","refresh",9.65597898829206,15.5
"dst",2026,4,"ffpc","CHI","2026-10-02T01:46:18Z","refresh",9.10606319766126,20
"dst",2026,4,"ffpc","KC","2026-10-02T01:46:18Z","refresh",9.04759097825054,21.5
"dst",2026,4,"ffpc","BUF","2026-10-02T01:46:18Z","refresh",8.80725690039883,21
"dst",2026,4,"ffpc","LA","2026-10-02T01:46:18Z","refresh",8.62466495522292,19.75
"dst",2026,4,"ffpc","TB","2026-10-02T01:46:18Z","refresh",7.77811492272069,21
"dst",2026,4,"ffpc","LAC","2026-10-02T01:46:18Z","refresh",7.54426232707048,24.75
"dst",2026,4,"ffpc","ARI","2026-10-02T01:46:18Z","refresh",7.53276142965759,20.75
"dst",2026,4,"ffpc","NO","2026-10-02T01:46:18Z","refresh",7.37350227779209,22.75
"dst",2026,4,"ffpc","DET","2026-10-02T01:46:18Z","refresh",7.36417059927256,23.75
"dst",2026,4,"ffpc","NYG","2026-10-02T01:46:18Z","refresh",7.31952834026591,23.25
"dst",2026,4,"ffpc","ATL","2026-10-02T01:46:18Z","refresh",7.3016868150998,25.25
"dst",2026,4,"ffpc","CLE","2026-10-02T01:46:18Z","refresh",7.29509678630243,20
"dst",2026,4,"ffpc","IND","2026-10-02T01:46:18Z","refresh",7.25925875721398,22.25
"dst",2026,4,"ffpc","HOU","2026-10-02T01:46:18Z","refresh",6.8517162320167,22.5
"dst",2026,4,"ffpc","CIN","2026-10-02T01:46:18Z","refresh",6.70543338688522,24.5
"dst",2026,4,"ffpc","JAX","2026-10-02T01:46:18Z","refresh",6.58039870803163,27
"dst",2026,4,"ffpc","CAR","2026-10-02T01:46:18Z","refresh",6.56594670250272,27.25
"dst",2026,4,"ffpc","DAL","2026-10-02T01:46:18Z","refresh",6.55956663769899,25.5
"dst",2026,4,"ffpc","DEN","2026-10-02T01:46:18Z","refresh",6.55506069320704,25.25
"dst",2026,4,"ffpc","MIA","2026-10-02T01:46:18Z","refresh",6.55257332435362,24.75
"dst",2026,4,"ffpc","SF","2026-10-02T01:46:18Z","refresh",6.54578778845747,22.75
"dst",2026,4,"ffpc","WAS","2026-10-02T01:46:18Z","refresh",6.30570610381546,26.25
"dst",2026,4,"ffpc","NYJ","2026-10-02T01:46:18Z","refresh",5.70626219409945,23
"dst",2026,4,"ffpc","LV","2026-10-02T01:46:18Z","refresh",5.6780210024575,26
"dst",2026,4,"ffpc","PHI","2026-10-02T01:46:18Z","refresh",5.6753111450582,23.25
"dst",2026,4,"ffpc","TEN","2026-10-02T01:46:18Z","refresh",4.97886545525106,27
"dst",2026,4,"ffpc","NE","2026-10-02T01:46:18Z","refresh",4.63496743193809,28
"k",2026,4,"espn","MIN","2026-10-02T01:47:02Z","refresh",10.1426732937007,24.75
"k",2026,4,"espn","DAL","2026-10-02T01:47:02Z","refresh",9.56189228076526,22.5
"k",2026,4,"espn","HOU","2026-10-02T01:47:02Z","refresh",9.53572629435621,25.5
"k",2026,4,"espn","NO","2026-10-02T01:47:02Z","refresh",9.21254692429552,25.25
"k",2026,4,"espn","CIN","2026-10-02T01:47:02Z","refresh",9.28050767828422,27
"k",2026,4,"espn","SEA","2026-10-02T01:47:02Z","refresh",9.13275096799849,24.75
"k",2026,4,"espn","KC","2026-10-02T01:47:02Z","refresh",9.0433285321909,26
"k",2026,4,"espn","BAL","2026-10-02T01:47:02Z","refresh",8.95325587457328,27
"k",2026,4,"espn","PIT","2026-10-02T01:47:02Z","refresh",8.52516636595045,20
"k",2026,4,"espn","SF","2026-10-02T01:47:02Z","refresh",8.56557854424274,25.25
"k",2026,4,"espn","DET","2026-10-02T01:47:02Z","refresh",8.62720928152606,27.25
"k",2026,4,"espn","IND","2026-10-02T01:47:02Z","refresh",8.83561508630703,26.25
"k",2026,4,"espn","BUF","2026-10-02T01:47:02Z","refresh",8.64333784561573,28
"k",2026,4,"espn","ATL","2026-10-02T01:47:02Z","refresh",8.48772760733613,22.75
"k",2026,4,"espn","JAX","2026-10-02T01:47:02Z","refresh",8.42207406380695,24.5
"k",2026,4,"espn","TB","2026-10-02T01:47:02Z","refresh",8.1722980452357,17.5
"k",2026,4,"espn","LV","2026-10-02T01:47:02Z","refresh",8.14092750290419,21.5
"k",2026,4,"espn","ARI","2026-10-02T01:47:02Z","refresh",8.16550109308715,23.25
"k",2026,4,"espn","CHI","2026-10-02T01:47:02Z","refresh",8.11443005443264,23
"k",2026,4,"espn","LA","2026-10-02T01:47:02Z","refresh",7.93380823379568,23.25
"k",2026,4,"espn","DEN","2026-10-02T01:47:02Z","refresh",7.78744557965638,22.75
"k",2026,4,"espn","LAC","2026-10-02T01:47:02Z","refresh",7.67993766792151,17.75
"k",2026,4,"espn","NYJ","2026-10-02T01:47:02Z","refresh",7.91549439378838,20
"k",2026,4,"espn","PHI","2026-10-02T01:47:02Z","refresh",7.52237618895565,19.75
"k",2026,4,"espn","CAR","2026-10-02T01:47:02Z","refresh",7.67730832769618,23.75
"k",2026,4,"espn","GB","2026-10-02T01:47:02Z","refresh",7.46332748340909,21
"k",2026,4,"espn","CLE","2026-10-02T01:47:02Z","refresh",7.35823148106419,17.5
"k",2026,4,"espn","NYG","2026-10-02T01:47:02Z","refresh",7.20594903763349,20.75
"k",2026,4,"espn","WAS","2026-10-02T01:47:02Z","refresh",7.39123678756679,22.25
"k",2026,4,"espn","MIA","2026-10-02T01:47:02Z","refresh",7.0934119379066,14.25
"k",2026,4,"espn","NE","2026-10-02T01:47:02Z","refresh",7.14093777822674,21
"k",2026,4,"espn","TEN","2026-10-02T01:47:02Z","refresh",6.91123689428653,15.5
"k",2026,4,"dec","MIN","2026-10-02T01:47:02Z","refresh",10.5584798041981,24.75
"k",2026,4,"dec","DAL","2026-10-02T01:47:02Z","refresh",10.0665331607151,22.5
"k",2026,4,"dec","HOU","2026-10-02T01:47:02Z","refresh",9.96171155962391,25.5
"k",2026,4,"dec","NO","2026-10-02T01:47:02Z","refresh",9.62147008851201,25.25
"k",2026,4,"dec","CIN","2026-10-02T01:47:02Z","refresh",9.6427945141417,27
"k",2026,4,"dec","SEA","2026-10-02T01:47:02Z","refresh",9.50068561245657,24.75
"k",2026,4,"dec","KC","2026-10-02T01:47:02Z","refresh",9.43468784248834,26
"k",2026,4,"dec","BAL","2026-10-02T01:47:02Z","refresh",9.24630776702937,27
"k",2026,4,"dec","PIT","2026-10-02T01:47:02Z","refresh",8.95649950517669,20
"k",2026,4,"dec","SF","2026-10-02T01:47:02Z","refresh",8.90801674227893,25.25
"k",2026,4,"dec","DET","2026-10-02T01:47:02Z","refresh",8.96515341623434,27.25
"k",2026,4,"dec","IND","2026-10-02T01:47:02Z","refresh",9.1488477606302,26.25
"k",2026,4,"dec","BUF","2026-10-02T01:47:02Z","refresh",8.9737826996918,28
"k",2026,4,"dec","ATL","2026-10-02T01:47:02Z","refresh",8.92525873890676,22.75
"k",2026,4,"dec","JAX","2026-10-02T01:47:02Z","refresh",8.75961915671868,24.5
"k",2026,4,"dec","TB","2026-10-02T01:47:02Z","refresh",8.59067150451545,17.5
"k",2026,4,"dec","LV","2026-10-02T01:47:02Z","refresh",8.54502413102813,21.5
"k",2026,4,"dec","ARI","2026-10-02T01:47:02Z","refresh",8.4921616551733,23.25
"k",2026,4,"dec","CHI","2026-10-02T01:47:02Z","refresh",8.49764336839432,23
"k",2026,4,"dec","LA","2026-10-02T01:47:02Z","refresh",8.24782140486348,23.25
"k",2026,4,"dec","DEN","2026-10-02T01:47:02Z","refresh",8.1237685822461,22.75
"k",2026,4,"dec","LAC","2026-10-02T01:47:02Z","refresh",8.06068728556236,17.75
"k",2026,4,"dec","NYJ","2026-10-02T01:47:02Z","refresh",8.30038975458012,20
"k",2026,4,"dec","PHI","2026-10-02T01:47:02Z","refresh",7.90858864316954,19.75
"k",2026,4,"dec","CAR","2026-10-02T01:47:02Z","refresh",7.97912322249535,23.75
"k",2026,4,"dec","GB","2026-10-02T01:47:02Z","refresh",7.80643224974008,21
"k",2026,4,"dec","CLE","2026-10-02T01:47:02Z","refresh",7.72057433987525,17.5
"k",2026,4,"dec","NYG","2026-10-02T01:47:02Z","refresh",7.5342909717023,20.75
"k",2026,4,"dec","WAS","2026-10-02T01:47:02Z","refresh",7.71752674885254,22.25
"k",2026,4,"dec","MIA","2026-10-02T01:47:02Z","refresh",7.49959621285019,14.25
"k",2026,4,"dec","NE","2026-10-02T01:47:02Z","refresh",7.44885233306685,21
"k",2026,4,"dec","TEN","2026-10-02T01:47:02Z","refresh",7.2936861331007,15.5
"dst",2026,4,"espn","MIN","2026-10-02T16:25:06Z","refresh",11.9448321603964,14
"dst",2026,4,"espn","GB","2026-10-02T16:25:06Z","refresh",9.51115920098163,17.5
"dst",2026,4,"espn","SEA","2026-10-02T16:25:06Z","refresh",9.41705142976486,17.75
"dst",2026,4,"espn","PIT","2026-10-02T16:25:06Z","refresh",9.23116886177531,17.5
"dst",2026,4,"espn","BAL","2026-10-02T16:25:06Z","refresh",8.55741865964074,15.5
"dst",2026,4,"espn","CHI","2026-10-02T16:25:06Z","refresh",7.91812439874011,19.75
"dst",2026,4,"espn","KC","2026-10-02T16:25:06Z","refresh",7.74012870783132,21.5
"dst",2026,4,"espn","LA","2026-10-02T16:25:06Z","refresh",7.17549409190924,19.75
"dst",2026,4,"espn","BUF","2026-10-02T16:25:06Z","refresh",6.95816024090892,21
"dst",2026,4,"espn","TB","2026-10-02T16:25:06Z","refresh",6.59450116610119,21
"dst",2026,4,"espn","ARI","2026-10-02T16:25:06Z","refresh",5.63215705873549,20.75
"dst",2026,4,"espn","CLE","2026-10-02T16:25:06Z","refresh",5.45456555669489,20
"dst",2026,4,"espn","NYG","2026-10-02T16:25:06Z","refresh",5.4280786664258,23.25
"dst",2026,4,"espn","NO","2026-10-02T16:25:06Z","refresh",5.41674062276088,22.75
"dst",2026,4,"espn","LAC","2026-10-02T16:25:06Z","refresh",5.39091122544925,24.75
"dst",2026,4,"espn","IND","2026-10-02T16:25:06Z","refresh",5.31670109230052,22.25
"dst",2026,4,"espn","ATL","2026-10-02T16:25:06Z","refresh",5.00634071839902,25.25
"dst",2026,4,"espn","HOU","2026-10-02T16:25:06Z","refresh",4.93135870014892,22.5
"dst",2026,4,"espn","MIA","2026-10-02T16:25:06Z","refresh",4.8069140606324,24.5
"dst",2026,4,"espn","DET","2026-10-02T16:25:06Z","refresh",4.79334388062577,23.75
"dst",2026,4,"espn","SF","2026-10-02T16:25:06Z","refresh",4.70328886882907,22.75
"dst",2026,4,"espn","CIN","2026-10-02T16:25:06Z","refresh",4.44131212428457,24.5
"dst",2026,4,"espn","WAS","2026-10-02T16:25:06Z","refresh",4.40878718497839,26.25
"dst",2026,4,"espn","CAR","2026-10-02T16:25:06Z","refresh",4.31775751336465,27.25
"dst",2026,4,"espn","DAL","2026-10-02T16:25:06Z","refresh",4.23947431887253,25.5
"dst",2026,4,"espn","JAX","2026-10-02T16:25:06Z","refresh",4.22416293163683,27
"dst",2026,4,"espn","NYJ","2026-10-02T16:25:06Z","refresh",3.87766080944652,23.25
"dst",2026,4,"espn","PHI","2026-10-02T16:25:06Z","refresh",3.87237042986088,23.25
"dst",2026,4,"espn","DEN","2026-10-02T16:25:06Z","refresh",3.81377476376717,25.25
"dst",2026,4,"espn","LV","2026-10-02T16:25:06Z","refresh",3.71081967702296,26
"dst",2026,4,"espn","TEN","2026-10-02T16:25:06Z","refresh",2.66368469010279,27
"dst",2026,4,"espn","NE","2026-10-02T16:25:06Z","refresh",1.86630786934131,28
"dst",2026,4,"yahoo","MIN","2026-10-02T16:25:06Z","refresh",10.8571286449454,14
"dst",2026,4,"yahoo","PIT","2026-10-02T16:25:06Z","refresh",9.09572980018264,17.5
"dst",2026,4,"yahoo","SEA","2026-10-02T16:25:06Z","refresh",8.91151417120971,17.75
"dst",2026,4,"yahoo","BAL","2026-10-02T16:25:06Z","refresh",8.89978229212194,15.5
"dst",2026,4,"yahoo","GB","2026-10-02T16:25:06Z","refresh",8.49318618439833,17.5
"dst",2026,4,"yahoo","CHI","2026-10-02T16:25:06Z","refresh",8.1652250684887,19.75
"dst",2026,4,"yahoo","KC","2026-10-02T16:25:06Z","refresh",8.09231313821406,21.5
"dst",2026,4,"yahoo","BUF","2026-10-02T16:25:06Z","refresh",7.64577546659856,21
"dst",2026,4,"yahoo","LA","2026-10-02T16:25:06Z","refresh",7.46751478964165,19.75
"dst",2026,4,"yahoo","TB","2026-10-02T16:25:06Z","refresh",6.87546829531822,21
"dst",2026,4,"yahoo","CLE","2026-10-02T16:25:06Z","refresh",6.84009916369537,20
"dst",2026,4,"yahoo","NO","2026-10-02T16:25:06Z","refresh",6.62713820298661,22.75
"dst",2026,4,"yahoo","ARI","2026-10-02T16:25:06Z","refresh",6.50395280992874,20.75
"dst",2026,4,"yahoo","IND","2026-10-02T16:25:06Z","refresh",6.48685952574092,22.25
"dst",2026,4,"yahoo","LAC","2026-10-02T16:25:06Z","refresh",6.33916880539334,24.75
"dst",2026,4,"yahoo","HOU","2026-10-02T16:25:06Z","refresh",6.30636271622334,22.5
"dst",2026,4,"yahoo","DET","2026-10-02T16:25:06Z","refresh",6.3021952544556,23.75
"dst",2026,4,"yahoo","NYG","2026-10-02T16:25:06Z","refresh",6.29834184852831,23.25
"dst",2026,4,"yahoo","ATL","2026-10-02T16:25:06Z","refresh",6.06196559800311,25.25
"dst",2026,4,"yahoo","DAL","2026-10-02T16:25:06Z","refresh",5.95224744466151,25.5
"dst",2026,4,"yahoo","DEN","2026-10-02T16:25:06Z","refresh",5.83570864907413,25.25
"dst",2026,4,"yahoo","MIA","2026-10-02T16:25:06Z","refresh",5.72877376877058,24.5
"dst",2026,4,"yahoo","SF","2026-10-02T16:25:06Z","refresh",5.66818199511001,22.75
"dst",2026,4,"yahoo","CIN","2026-10-02T16:25:06Z","refresh",5.66640577840591,24.5
"dst",2026,4,"yahoo","CAR","2026-10-02T16:25:06Z","refresh",5.43142117979339,27.25
"dst",2026,4,"yahoo","WAS","2026-10-02T16:25:06Z","refresh",5.32301611110113,26.25
"dst",2026,4,"yahoo","JAX","2026-10-02T16:25:06Z","refresh",5.12853446709871,27
"dst",2026,4,"yahoo","PHI","2026-10-02T16:25:06Z","refresh",5.12608144315067,23.25
"dst",2026,4,"yahoo","NYJ","2026-10-02T16:25:06Z","refresh",4.94234230516305,23.25
"dst",2026,4,"yahoo","LV","2026-10-02T16:25:06Z","refresh",4.87088305358541,26
"dst",2026,4,"yahoo","TEN","2026-10-02T16:25:06Z","refresh",4.00010235715571,27
"dst",2026,4,"yahoo","NE","2026-10-02T16:25:06Z","refresh",3.81956718088867,28
"dst",2026,4,"ffpc","MIN","2026-10-02T16:25:06Z","refresh",12.2636007706963,14
"dst",2026,4,"ffpc","SEA","2026-10-02T16:25:06Z","refresh",10.4849283908228,17.75
"dst",2026,4,"ffpc","GB","2026-10-02T16:25:06Z","refresh",10.176774211969,17.5
"dst",2026,4,"ffpc","PIT","2026-10-02T16:25:06Z","refresh",10.0281061062827,17.5
"dst",2026,4,"ffpc","BAL","2026-10-02T16:25:06Z","refresh",9.64322875799045,15.5
"dst",2026,4,"ffpc","CHI","2026-10-02T16:25:06Z","refresh",9.17572954960437,19.75
"dst",2026,4,"ffpc","KC","2026-10-02T16:25:06Z","refresh",9.03466235450933,21.5
"dst",2026,4,"ffpc","BUF","2026-10-02T16:25:06Z","refresh",8.79391671713064,21
"dst",2026,4,"ffpc","LA","2026-10-02T16:25:06Z","refresh",8.61180568227821,19.75
"dst",2026,4,"ffpc","TB","2026-10-02T16:25:06Z","refresh",7.76568584817646,21
"dst",2026,4,"ffpc","LAC","2026-10-02T16:25:06Z","refresh",7.53145956035359,24.75
"dst",2026,4,"ffpc","ARI","2026-10-02T16:25:06Z","refresh",7.52007495827914,20.75
"dst",2026,4,"ffpc","IND","2026-10-02T16:25:06Z","refresh",7.47529360968793,22.25
"dst",2026,4,"ffpc","NO","2026-10-02T16:25:06Z","refresh",7.36085540721736,22.75
"dst",2026,4,"ffpc","DET","2026-10-02T16:25:06Z","refresh",7.35112266545051,23.75
"dst",2026,4,"ffpc","NYG","2026-10-02T16:25:06Z","refresh",7.30685165569141,23.25
"dst",2026,4,"ffpc","ATL","2026-10-02T16:25:06Z","refresh",7.28858752122299,25.25
"dst",2026,4,"ffpc","CLE","2026-10-02T16:25:06Z","refresh",7.28279170404247,20
"dst",2026,4,"ffpc","HOU","2026-10-02T16:25:06Z","refresh",6.83924743394726,22.5
"dst",2026,4,"ffpc","CIN","2026-10-02T16:25:06Z","refresh",6.69275921423538,24.5
"dst",2026,4,"ffpc","MIA","2026-10-02T16:25:06Z","refresh",6.5937805689586,24.5
"dst",2026,4,"ffpc","JAX","2026-10-02T16:25:06Z","refresh",6.56751947804396,27
"dst",2026,4,"ffpc","CAR","2026-10-02T16:25:06Z","refresh",6.55334155931544,27.25
"dst",2026,4,"ffpc","DAL","2026-10-02T16:25:06Z","refresh",6.54687735503576,25.5
"dst",2026,4,"ffpc","DEN","2026-10-02T16:25:06Z","refresh",6.54230392211445,25.25
"dst",2026,4,"ffpc","SF","2026-10-02T16:25:06Z","refresh",6.53347013672302,22.75
"dst",2026,4,"ffpc","WAS","2026-10-02T16:25:06Z","refresh",6.29320544936234,26.25
"dst",2026,4,"ffpc","LV","2026-10-02T16:25:06Z","refresh",5.66554119359299,26
"dst",2026,4,"ffpc","PHI","2026-10-02T16:25:06Z","refresh",5.6632197670345,23.25
"dst",2026,4,"ffpc","NYJ","2026-10-02T16:25:06Z","refresh",5.6149415316885,23.25
"dst",2026,4,"ffpc","TEN","2026-10-02T16:25:06Z","refresh",4.9667143036436,27
"dst",2026,4,"ffpc","NE","2026-10-02T16:25:06Z","refresh",4.62277461729021,28
"k",2026,4,"espn","MIN","2026-10-02T16:25:45Z","refresh",10.1239408319656,24.5
"k",2026,4,"espn","DAL","2026-10-02T16:25:45Z","refresh",9.56189228076526,22.5
"k",2026,4,"espn","HOU","2026-10-02T16:25:45Z","refresh",9.53572629435621,25.5
"k",2026,4,"espn","NO","2026-10-02T16:25:45Z","refresh",9.21254692429552,25.25
"k",2026,4,"espn","CIN","2026-10-02T16:25:45Z","refresh",9.33539262972658,27
"k",2026,4,"espn","SEA","2026-10-02T16:25:45Z","refresh",9.18646120167426,24.75
"k",2026,4,"espn","KC","2026-10-02T16:25:45Z","refresh",9.0433285321909,26
"k",2026,4,"espn","BAL","2026-10-02T16:25:45Z","refresh",8.9012927219407,27
"k",2026,4,"espn","PIT","2026-10-02T16:25:45Z","refresh",8.52516636595045,20
"k",2026,4,"espn","SF","2026-10-02T16:25:45Z","refresh",8.61314203752778,25.25
"k",2026,4,"espn","DET","2026-10-02T16:25:45Z","refresh",8.6281608908476,27.25
"k",2026,4,"espn","IND","2026-10-02T16:25:45Z","refresh",8.83751830495011,26.25
"k",2026,4,"espn","BUF","2026-10-02T16:25:45Z","refresh",8.54201859717871,28
"k",2026,4,"espn","ATL","2026-10-02T16:25:45Z","refresh",8.48772760733613,22.75
"k",2026,4,"espn","JAX","2026-10-02T16:25:45Z","refresh",8.47259888110354,24.5
"k",2026,4,"espn","TB","2026-10-02T16:25:45Z","refresh",8.12238071320705,17.5
"k",2026,4,"espn","LV","2026-10-02T16:25:45Z","refresh",8.14092750290419,21.5
"k",2026,4,"espn","ARI","2026-10-02T16:25:45Z","refresh",8.11597242057477,23.25
"k",2026,4,"espn","CHI","2026-10-02T16:25:45Z","refresh",8.11811924009024,23.25
"k",2026,4,"espn","LA","2026-10-02T16:25:45Z","refresh",7.93190501515261,23.25
"k",2026,4,"espn","DEN","2026-10-02T16:25:45Z","refresh",7.83198507710355,22.75
"k",2026,4,"espn","LAC","2026-10-02T16:25:45Z","refresh",7.72976557253864,17.75
"k",2026,4,"espn","NYJ","2026-10-02T16:25:45Z","refresh",7.8223404807601,19.75
"k",2026,4,"espn","PHI","2026-10-02T16:25:45Z","refresh",7.52047297031258,19.75
"k",2026,4,"espn","CAR","2026-10-02T16:25:45Z","refresh",7.67825993701771,23.75
"k",2026,4,"espn","GB","2026-10-02T16:25:45Z","refresh",7.41918406433888,21
"k",2026,4,"espn","CLE","2026-10-02T16:25:45Z","refresh",7.35823148106419,17.5
"k",2026,4,"espn","NYG","2026-10-02T16:25:45Z","refresh",7.16041900997184,20.75
"k",2026,4,"espn","WAS","2026-10-02T16:25:45Z","refresh",7.39314000620986,22.25
"k",2026,4,"espn","MIA","2026-10-02T16:25:45Z","refresh",7.08075751913278,14
"k",2026,4,"espn","NE","2026-10-02T16:25:45Z","refresh",7.04651456690009,21
"k",2026,4,"espn","TEN","2026-10-02T16:25:45Z","refresh",6.86207979056772,15.5
"k",2026,4,"dec","MIN","2026-10-02T16:25:45Z","refresh",10.5414943111128,24.5
"k",2026,4,"dec","DAL","2026-10-02T16:25:45Z","refresh",10.0665331607151,22.5
"k",2026,4,"dec","HOU","2026-10-02T16:25:45Z","refresh",9.96171155962391,25.5
"k",2026,4,"dec","NO","2026-10-02T16:25:45Z","refresh",9.62147008851201,25.25
"k",2026,4,"dec","CIN","2026-10-02T16:25:45Z","refresh",9.69944150486856,27
"k",2026,4,"dec","SEA","2026-10-02T16:25:45Z","refresh",9.55623517321509,24.75
"k",2026,4,"dec","KC","2026-10-02T16:25:45Z","refresh",9.43468784248834,26
"k",2026,4,"dec","BAL","2026-10-02T16:25:45Z","refresh",9.19263156795316,27
"k",2026,4,"dec","PIT","2026-10-02T16:25:45Z","refresh",8.95649950517669,20
"k",2026,4,"dec","SF","2026-10-02T16:25:45Z","refresh",8.95668326980703,25.25
"k",2026,4,"dec","DET","2026-10-02T16:25:45Z","refresh",8.96624924210096,27.25
"k",2026,4,"dec","IND","2026-10-02T16:25:45Z","refresh",9.15103941236345,26.25
"k",2026,4,"dec","BUF","2026-10-02T16:25:45Z","refresh",8.86947089620126,28
"k",2026,4,"dec","ATL","2026-10-02T16:25:45Z","refresh",8.92525873890676,22.75
"k",2026,4,"dec","JAX","2026-10-02T16:25:45Z","refresh",8.8117609401311,24.5
"k",2026,4,"dec","TB","2026-10-02T16:25:45Z","refresh",8.53910264850645,17.5
"k",2026,4,"dec","LV","2026-10-02T16:25:45Z","refresh",8.54502413102813,21.5
"k",2026,4,"dec","ARI","2026-10-02T16:25:45Z","refresh",8.44105398719888,23.25
"k",2026,4,"dec","CHI","2026-10-02T16:25:45Z","refresh",8.49914171952508,23.25
"k",2026,4,"dec","LA","2026-10-02T16:25:45Z","refresh",8.24562975313023,23.25
"k",2026,4,"dec","DEN","2026-10-02T16:25:45Z","refresh",8.16935770617544,22.75
"k",2026,4,"dec","LAC","2026-10-02T16:25:45Z","refresh",8.11239082081581,17.75
"k",2026,4,"dec","NYJ","2026-10-02T16:25:45Z","refresh",8.20658501287538,19.75
"k",2026,4,"dec","PHI","2026-10-02T16:25:45Z","refresh",7.9063969914363,19.75
"k",2026,4,"dec","CAR","2026-10-02T16:25:45Z","refresh",7.98021904836197,23.75
"k",2026,4,"dec","GB","2026-10-02T16:25:45Z","refresh",7.76110956468428,21
"k",2026,4,"dec","CLE","2026-10-02T16:25:45Z","refresh",7.72057433987525,17.5
"k",2026,4,"dec","NYG","2026-10-02T16:25:45Z","refresh",7.48729938995643,20.75
"k",2026,4,"dec","WAS","2026-10-02T16:25:45Z","refresh",7.71971840058578,22.25
"k",2026,4,"dec","MIA","2026-10-02T16:25:45Z","refresh",7.48849921697596,14
"k",2026,4,"dec","NE","2026-10-02T16:25:45Z","refresh",7.35120829565635,21
"k",2026,4,"dec","TEN","2026-10-02T16:25:45Z","refresh",7.24250346494789,15.5
"dst",2026,4,"espn","MIN","2026-10-02T18:57:15Z","refresh",11.9448321603964,14
"dst",2026,4,"espn","SEA","2026-10-02T18:57:15Z","refresh",9.41705142976486,17.75
"dst",2026,4,"espn","GB","2026-10-02T18:57:15Z","refresh",9.32620932072677,18
"dst",2026,4,"espn","PIT","2026-10-02T18:57:15Z","refresh",9.23116886177531,17.5
"dst",2026,4,"espn","BAL","2026-10-02T18:57:15Z","refresh",8.55741865964074,15.5
"dst",2026,4,"espn","CHI","2026-10-02T18:57:15Z","refresh",7.91812439874011,19.75
"dst",2026,4,"espn","KC","2026-10-02T18:57:15Z","refresh",7.74012870783132,21.5
"dst",2026,4,"espn","LA","2026-10-02T18:57:15Z","refresh",7.17549409190924,19.75
"dst",2026,4,"espn","BUF","2026-10-02T18:57:15Z","refresh",6.77230025877012,21.5
"dst",2026,4,"espn","TB","2026-10-02T18:57:15Z","refresh",6.41029724224013,21.5
"dst",2026,4,"espn","ARI","2026-10-02T18:57:15Z","refresh",5.63215705873549,20.75
"dst",2026,4,"espn","IND","2026-10-02T18:57:15Z","refresh",5.50131435192723,21.75
"dst",2026,4,"espn","CLE","2026-10-02T18:57:15Z","refresh",5.45456555669489,20
"dst",2026,4,"espn","NYG","2026-10-02T18:57:15Z","refresh",5.4280786664258,23.25
"dst",2026,4,"espn","NO","2026-10-02T18:57:15Z","refresh",5.41674062276088,22.75
"dst",2026,4,"espn","LAC","2026-10-02T18:57:15Z","refresh",5.39091122544925,24.75
"dst",2026,4,"espn","ATL","2026-10-02T18:57:15Z","refresh",5.00634071839902,25.25
"dst",2026,4,"espn","HOU","2026-10-02T18:57:15Z","refresh",4.93135870014892,22.5
"dst",2026,4,"espn","MIA","2026-10-02T18:57:15Z","refresh",4.8069140606324,24.5
"dst",2026,4,"espn","DET","2026-10-02T18:57:15Z","refresh",4.79334388062577,23.75
"dst",2026,4,"espn","SF","2026-10-02T18:57:15Z","refresh",4.70328886882907,22.75
"dst",2026,4,"espn","WAS","2026-10-02T18:57:15Z","refresh",4.59311081587009,25.75
"dst",2026,4,"espn","CIN","2026-10-02T18:57:15Z","refresh",4.44131212428457,24.5
"dst",2026,4,"espn","CAR","2026-10-02T18:57:15Z","refresh",4.31775751336465,27.25
"dst",2026,4,"espn","DAL","2026-10-02T18:57:15Z","refresh",4.23947431887253,25.5
"dst",2026,4,"espn","JAX","2026-10-02T18:57:15Z","refresh",4.22416293163683,27
"dst",2026,4,"espn","NYJ","2026-10-02T18:57:15Z","refresh",3.87766080944652,23.25
"dst",2026,4,"espn","PHI","2026-10-02T18:57:15Z","refresh",3.87237042986088,23.25
"dst",2026,4,"espn","DEN","2026-10-02T18:57:15Z","refresh",3.81377476376717,25.25
"dst",2026,4,"espn","LV","2026-10-02T18:57:15Z","refresh",3.71081967702296,26
"dst",2026,4,"espn","TEN","2026-10-02T18:57:15Z","refresh",2.66368469010279,27
"dst",2026,4,"espn","NE","2026-10-02T18:57:15Z","refresh",1.68274962418213,28.5
"dst",2026,4,"yahoo","MIN","2026-10-02T18:57:15Z","refresh",10.8571286449454,14
"dst",2026,4,"yahoo","PIT","2026-10-02T18:57:15Z","refresh",9.09572980018264,17.5
"dst",2026,4,"yahoo","SEA","2026-10-02T18:57:15Z","refresh",8.91151417120971,17.75
"dst",2026,4,"yahoo","BAL","2026-10-02T18:57:15Z","refresh",8.89978229212194,15.5
"dst",2026,4,"yahoo","GB","2026-10-02T18:57:15Z","refresh",8.37564254502888,18
"dst",2026,4,"yahoo","CHI","2026-10-02T18:57:15Z","refresh",8.1652250684887,19.75
"dst",2026,4,"yahoo","KC","2026-10-02T18:57:15Z","refresh",8.09231313821406,21.5
"dst",2026,4,"yahoo","BUF","2026-10-02T18:57:15Z","refresh",7.52823182722911,21.5
"dst",2026,4,"yahoo","LA","2026-10-02T18:57:15Z","refresh",7.46751478964165,19.75
"dst",2026,4,"yahoo","CLE","2026-10-02T18:57:15Z","refresh",6.84009916369537,20
"dst",2026,4,"yahoo","TB","2026-10-02T18:57:15Z","refresh",6.75792465594877,21.5
"dst",2026,4,"yahoo","NO","2026-10-02T18:57:15Z","refresh",6.62713820298661,22.75
"dst",2026,4,"yahoo","IND","2026-10-02T18:57:15Z","refresh",6.60440316511037,21.75
"dst",2026,4,"yahoo","ARI","2026-10-02T18:57:15Z","refresh",6.50395280992874,20.75
"dst",2026,4,"yahoo","LAC","2026-10-02T18:57:15Z","refresh",6.33916880539334,24.75
"dst",2026,4,"yahoo","HOU","2026-10-02T18:57:15Z","refresh",6.30636271622334,22.5
"dst",2026,4,"yahoo","DET","2026-10-02T18:57:15Z","refresh",6.3021952544556,23.75
"dst",2026,4,"yahoo","NYG","2026-10-02T18:57:15Z","refresh",6.29834184852831,23.25
"dst",2026,4,"yahoo","ATL","2026-10-02T18:57:15Z","refresh",6.06196559800311,25.25
"dst",2026,4,"yahoo","DAL","2026-10-02T18:57:15Z","refresh",5.95224744466151,25.5
"dst",2026,4,"yahoo","DEN","2026-10-02T18:57:15Z","refresh",5.83570864907413,25.25
"dst",2026,4,"yahoo","MIA","2026-10-02T18:57:15Z","refresh",5.72877376877058,24.5
"dst",2026,4,"yahoo","SF","2026-10-02T18:57:15Z","refresh",5.66818199511001,22.75
"dst",2026,4,"yahoo","CIN","2026-10-02T18:57:15Z","refresh",5.66640577840591,24.5
"dst",2026,4,"yahoo","WAS","2026-10-02T18:57:15Z","refresh",5.44055975047058,25.75
"dst",2026,4,"yahoo","CAR","2026-10-02T18:57:15Z","refresh",5.43142117979339,27.25
"dst",2026,4,"yahoo","JAX","2026-10-02T18:57:15Z","refresh",5.12853446709871,27
"dst",2026,4,"yahoo","PHI","2026-10-02T18:57:15Z","refresh",5.12608144315067,23.25
"dst",2026,4,"yahoo","NYJ","2026-10-02T18:57:15Z","refresh",4.94234230516305,23.25
"dst",2026,4,"yahoo","LV","2026-10-02T18:57:15Z","refresh",4.87088305358541,26
"dst",2026,4,"yahoo","TEN","2026-10-02T18:57:15Z","refresh",4.00010235715571,27
"dst",2026,4,"yahoo","NE","2026-10-02T18:57:15Z","refresh",3.70202354151921,28.5
"dst",2026,4,"ffpc","MIN","2026-10-02T18:57:15Z","refresh",12.2636007706963,14
"dst",2026,4,"ffpc","SEA","2026-10-02T18:57:15Z","refresh",10.4849283908228,17.75
"dst",2026,4,"ffpc","GB","2026-10-02T18:57:15Z","refresh",10.0696081158368,18
"dst",2026,4,"ffpc","PIT","2026-10-02T18:57:15Z","refresh",10.0281061062827,17.5
"dst",2026,4,"ffpc","BAL","2026-10-02T18:57:15Z","refresh",9.64322875799045,15.5
"dst",2026,4,"ffpc","CHI","2026-10-02T18:57:15Z","refresh",9.17572954960437,19.75
"dst",2026,4,"ffpc","KC","2026-10-02T18:57:15Z","refresh",9.03466235450933,21.5
"dst",2026,4,"ffpc","BUF","2026-10-02T18:57:15Z","refresh",8.68546930474791,21.5
"dst",2026,4,"ffpc","LA","2026-10-02T18:57:15Z","refresh",8.61180568227821,19.75
"dst",2026,4,"ffpc","TB","2026-10-02T18:57:15Z","refresh",7.65875250663527,21.5
"dst",2026,4,"ffpc","IND","2026-10-02T18:57:15Z","refresh",7.58273684545311,21.75
"dst",2026,4,"ffpc","LAC","2026-10-02T18:57:15Z","refresh",7.53145956035359,24.75
"dst",2026,4,"ffpc","ARI","2026-10-02T18:57:15Z","refresh",7.52007495827914,20.75
"dst",2026,4,"ffpc","NO","2026-10-02T18:57:15Z","refresh",7.36085540721736,22.75
"dst",2026,4,"ffpc","DET","2026-10-02T18:57:15Z","refresh",7.35112266545051,23.75
"dst",2026,4,"ffpc","NYG","2026-10-02T18:57:15Z","refresh",7.30685165569141,23.25
"dst",2026,4,"ffpc","ATL","2026-10-02T18:57:15Z","refresh",7.28858752122299,25.25
"dst",2026,4,"ffpc","CLE","2026-10-02T18:57:15Z","refresh",7.28279170404247,20
"dst",2026,4,"ffpc","HOU","2026-10-02T18:57:15Z","refresh",6.83924743394726,22.5
"dst",2026,4,"ffpc","CIN","2026-10-02T18:57:15Z","refresh",6.69275921423538,24.5
"dst",2026,4,"ffpc","MIA","2026-10-02T18:57:15Z","refresh",6.5937805689586,24.5
"dst",2026,4,"ffpc","JAX","2026-10-02T18:57:15Z","refresh",6.56751947804396,27
"dst",2026,4,"ffpc","CAR","2026-10-02T18:57:15Z","refresh",6.55334155931544,27.25
"dst",2026,4,"ffpc","DAL","2026-10-02T18:57:15Z","refresh",6.54687735503576,25.5
"dst",2026,4,"ffpc","DEN","2026-10-02T18:57:15Z","refresh",6.54230392211445,25.25
"dst",2026,4,"ffpc","SF","2026-10-02T18:57:15Z","refresh",6.53347013672302,22.75
"dst",2026,4,"ffpc","WAS","2026-10-02T18:57:15Z","refresh",6.40005901619981,25.75
"dst",2026,4,"ffpc","LV","2026-10-02T18:57:15Z","refresh",5.66554119359299,26
"dst",2026,4,"ffpc","PHI","2026-10-02T18:57:15Z","refresh",5.6632197670345,23.25
"dst",2026,4,"ffpc","NYJ","2026-10-02T18:57:15Z","refresh",5.6149415316885,23.25
"dst",2026,4,"ffpc","TEN","2026-10-02T18:57:15Z","refresh",4.9667143036436,27
"dst",2026,4,"ffpc","NE","2026-10-02T18:57:15Z","refresh",4.51657222374878,28.5
"k",2026,4,"espn","MIN","2026-10-02T18:57:58Z","refresh",10.1239408319656,24.5
"k",2026,4,"espn","DAL","2026-10-02T18:57:58Z","refresh",9.56189228076526,22.5
"k",2026,4,"espn","HOU","2026-10-02T18:57:58Z","refresh",9.53572629435621,25.5
"k",2026,4,"espn","NO","2026-10-02T18:57:58Z","refresh",9.21254692429552,25.25
"k",2026,4,"espn","CIN","2026-10-02T18:57:58Z","refresh",9.28050767828422,27
"k",2026,4,"espn","SEA","2026-10-02T18:57:58Z","refresh",9.13370257732003,24.75
"k",2026,4,"espn","KC","2026-10-02T18:57:58Z","refresh",9.0433285321909,26
"k",2026,4,"espn","BAL","2026-10-02T18:57:58Z","refresh",8.85423996048065,27
"k",2026,4,"espn","PIT","2026-10-02T18:57:58Z","refresh",8.52516636595045,20
"k",2026,4,"espn","SF","2026-10-02T18:57:58Z","refresh",8.56653015356427,25.25
"k",2026,4,"espn","DET","2026-10-02T18:57:58Z","refresh",8.73255370900088,27.25
"k",2026,4,"espn","IND","2026-10-02T18:57:58Z","refresh",8.74754288875679,25.75
"k",2026,4,"espn","BUF","2026-10-02T18:57:58Z","refresh",8.63637915035029,28.5
"k",2026,4,"espn","ATL","2026-10-02T18:57:58Z","refresh",8.48772760733613,22.75
"k",2026,4,"espn","JAX","2026-10-02T18:57:58Z","refresh",8.42207406380695,24.5
"k",2026,4,"espn","TB","2026-10-02T18:57:58Z","refresh",8.15081169440756,18
"k",2026,4,"espn","LV","2026-10-02T18:57:58Z","refresh",8.14092750290419,21.5
"k",2026,4,"espn","ARI","2026-10-02T18:57:58Z","refresh",8.11216598328862,23.25
"k",2026,4,"espn","CHI","2026-10-02T18:57:58Z","refresh",8.07131830463059,23.25
"k",2026,4,"espn","LA","2026-10-02T18:57:58Z","refresh",7.83898462587115,23.25
"k",2026,4,"espn","DEN","2026-10-02T18:57:58Z","refresh",7.78839718897791,22.75
"k",2026,4,"espn","LAC","2026-10-02T18:57:58Z","refresh",7.68088927724305,17.75
"k",2026,4,"espn","NYJ","2026-10-02T18:57:58Z","refresh",7.7755995242311,19.75
"k",2026,4,"espn","PHI","2026-10-02T18:57:58Z","refresh",7.4244246972424,19.75
"k",2026,4,"espn","CAR","2026-10-02T18:57:58Z","refresh",7.77255402472505,23.75
"k",2026,4,"espn","GB","2026-10-02T18:57:58Z","refresh",7.45261007309178,21.5
"k",2026,4,"espn","CLE","2026-10-02T18:57:58Z","refresh",7.35823148106419,17.5
"k",2026,4,"espn","NYG","2026-10-02T18:57:58Z","refresh",7.1566125726857,20.75
"k",2026,4,"espn","WAS","2026-10-02T18:57:58Z","refresh",7.31366705500924,21.75
"k",2026,4,"espn","MIA","2026-10-02T18:57:58Z","refresh",7.08075751913278,14
"k",2026,4,"espn","NE","2026-10-02T18:57:58Z","refresh",7.12270950937812,21.5
"k",2026,4,"espn","TEN","2026-10-02T18:57:58Z","refresh",6.81781169797383,15.5
"k",2026,4,"dec","MIN","2026-10-02T18:57:58Z","refresh",10.5414943111128,24.5
"k",2026,4,"dec","DAL","2026-10-02T18:57:58Z","refresh",10.0665331607151,22.5
"k",2026,4,"dec","HOU","2026-10-02T18:57:58Z","refresh",9.96171155962391,25.5
"k",2026,4,"dec","NO","2026-10-02T18:57:58Z","refresh",9.62147008851201,25.25
"k",2026,4,"dec","CIN","2026-10-02T18:57:58Z","refresh",9.6427945141417,27
"k",2026,4,"dec","SEA","2026-10-02T18:57:58Z","refresh",9.50178143832319,24.75
"k",2026,4,"dec","KC","2026-10-02T18:57:58Z","refresh",9.43468784248834,26
"k",2026,4,"dec","BAL","2026-10-02T18:57:58Z","refresh",9.14459052780394,27
"k",2026,4,"dec","PIT","2026-10-02T18:57:58Z","refresh",8.95649950517669,20
"k",2026,4,"dec","SF","2026-10-02T18:57:58Z","refresh",8.90911256814555,25.25
"k",2026,4,"dec","DET","2026-10-02T18:57:58Z","refresh",9.07390222429366,27.25
"k",2026,4,"dec","IND","2026-10-02T18:57:58Z","refresh",9.06321523531162,25.75
"k",2026,4,"dec","BUF","2026-10-02T18:57:58Z","refresh",8.96145292780939,28.5
"k",2026,4,"dec","ATL","2026-10-02T18:57:58Z","refresh",8.92525873890676,22.75
"k",2026,4,"dec","JAX","2026-10-02T18:57:58Z","refresh",8.75961915671868,24.5
"k",2026,4,"dec","TB","2026-10-02T18:57:58Z","refresh",8.56440726542813,18
"k",2026,4,"dec","LV","2026-10-02T18:57:58Z","refresh",8.54502413102813,21.5
"k",2026,4,"dec","ARI","2026-10-02T18:57:58Z","refresh",8.43667068373238,23.25
"k",2026,4,"dec","CHI","2026-10-02T18:57:58Z","refresh",8.45092547315282,23.25
"k",2026,4,"dec","LA","2026-10-02T18:57:58Z","refresh",8.14993735924759,23.25
"k",2026,4,"dec","DEN","2026-10-02T18:57:58Z","refresh",8.12486440811273,22.75
"k",2026,4,"dec","LAC","2026-10-02T18:57:58Z","refresh",8.06178311142898,17.75
"k",2026,4,"dec","NYJ","2026-10-02T18:57:58Z","refresh",8.15830946034036,19.75
"k",2026,4,"dec","PHI","2026-10-02T18:57:58Z","refresh",7.80709314087181,19.75
"k",2026,4,"dec","CAR","2026-10-02T18:57:58Z","refresh",8.07746581823823,23.75
"k",2026,4,"dec","GB","2026-10-02T18:57:58Z","refresh",7.79136576801205,21.5
"k",2026,4,"dec","CLE","2026-10-02T18:57:58Z","refresh",7.72057433987525,17.5
"k",2026,4,"dec","NYG","2026-10-02T18:57:58Z","refresh",7.48291608648993,20.75
"k",2026,4,"dec","WAS","2026-10-02T18:57:58Z","refresh",7.64223915160337,21.75
"k",2026,4,"dec","MIA","2026-10-02T18:57:58Z","refresh",7.48849921697596,14
"k",2026,4,"dec","NE","2026-10-02T18:57:58Z","refresh",7.42533309585165,21.5
"k",2026,4,"dec","TEN","2026-10-02T18:57:58Z","refresh",7.19693705709965,15.5
"dst",2026,4,"espn","MIN","2026-10-03T00:00:50Z","refresh",11.8345979882892,14.25
"dst",2026,4,"espn","SEA","2026-10-03T00:00:50Z","refresh",9.41705142976486,17.75
"dst",2026,4,"espn","GB","2026-10-03T00:00:50Z","refresh",9.32620932072677,18
"dst",2026,4,"espn","PIT","2026-10-03T00:00:50Z","refresh",9.23116886177531,17.5
"dst",2026,4,"espn","BAL","2026-10-03T00:00:50Z","refresh",8.55741865964074,15.5
"dst",2026,4,"espn","CHI","2026-10-03T00:00:50Z","refresh",7.91812439874011,19.75
"dst",2026,4,"espn","KC","2026-10-03T00:00:50Z","refresh",7.74012870783132,21.5
"dst",2026,4,"espn","LA","2026-10-03T00:00:50Z","refresh",7.26796788957466,19.5
"dst",2026,4,"espn","BUF","2026-10-03T00:00:50Z","refresh",6.77230025877012,21.5
"dst",2026,4,"espn","TB","2026-10-03T00:00:50Z","refresh",6.41029724224013,21.5
"dst",2026,4,"espn","ARI","2026-10-03T00:00:50Z","refresh",5.63215705873549,20.75
"dst",2026,4,"espn","IND","2026-10-03T00:00:50Z","refresh",5.50131435192723,21.75
"dst",2026,4,"espn","CLE","2026-10-03T00:00:50Z","refresh",5.45456555669489,20
"dst",2026,4,"espn","NYG","2026-10-03T00:00:50Z","refresh",5.4280786664258,23.25
"dst",2026,4,"espn","LAC","2026-10-03T00:00:50Z","refresh",5.39091122544925,24.75
"dst",2026,4,"espn","NO","2026-10-03T00:00:50Z","refresh",5.31281800429824,23
"dst",2026,4,"espn","ATL","2026-10-03T00:00:50Z","refresh",5.11148179326119,25
"dst",2026,4,"espn","HOU","2026-10-03T00:00:50Z","refresh",4.93135870014892,22.5
"dst",2026,4,"espn","MIA","2026-10-03T00:00:50Z","refresh",4.9097639696152,24.25
"dst",2026,4,"espn","DET","2026-10-03T00:00:50Z","refresh",4.79334388062577,23.75
"dst",2026,4,"espn","SF","2026-10-03T00:00:50Z","refresh",4.70328886882907,22.75
"dst",2026,4,"espn","WAS","2026-10-03T00:00:50Z","refresh",4.59311081587009,25.75
"dst",2026,4,"espn","CIN","2026-10-03T00:00:50Z","refresh",4.44131212428457,24.5
"dst",2026,4,"espn","CAR","2026-10-03T00:00:50Z","refresh",4.31775751336465,27.25
"dst",2026,4,"espn","DAL","2026-10-03T00:00:50Z","refresh",4.23947431887253,25.5
"dst",2026,4,"espn","JAX","2026-10-03T00:00:50Z","refresh",4.22416293163683,27
"dst",2026,4,"espn","PHI","2026-10-03T00:00:50Z","refresh",3.96427589663813,23
"dst",2026,4,"espn","NYJ","2026-10-03T00:00:50Z","refresh",3.87766080944652,23.25
"dst",2026,4,"espn","DEN","2026-10-03T00:00:50Z","refresh",3.81377476376717,25.25
"dst",2026,4,"espn","LV","2026-10-03T00:00:50Z","refresh",3.71081967702296,26
"dst",2026,4,"espn","TEN","2026-10-03T00:00:50Z","refresh",2.66368469010279,27
"dst",2026,4,"espn","NE","2026-10-03T00:00:50Z","refresh",1.68274962418213,28.5
"dst",2026,4,"yahoo","MIN","2026-10-03T00:00:50Z","refresh",10.7719403064014,14.25
"dst",2026,4,"yahoo","PIT","2026-10-03T00:00:50Z","refresh",9.09572980018264,17.5
"dst",2026,4,"yahoo","SEA","2026-10-03T00:00:50Z","refresh",8.91151417120971,17.75
"dst",2026,4,"yahoo","BAL","2026-10-03T00:00:50Z","refresh",8.89978229212194,15.5
"dst",2026,4,"yahoo","GB","2026-10-03T00:00:50Z","refresh",8.37564254502888,18
"dst",2026,4,"yahoo","CHI","2026-10-03T00:00:50Z","refresh",8.1652250684887,19.75
"dst",2026,4,"yahoo","KC","2026-10-03T00:00:50Z","refresh",8.09231313821406,21.5
"dst",2026,4,"yahoo","BUF","2026-10-03T00:00:50Z","refresh",7.52823182722911,21.5
"dst",2026,4,"yahoo","LA","2026-10-03T00:00:50Z","refresh",7.52628660932638,19.5
"dst",2026,4,"yahoo","CLE","2026-10-03T00:00:50Z","refresh",6.84009916369537,20
"dst",2026,4,"yahoo","TB","2026-10-03T00:00:50Z","refresh",6.75792465594877,21.5
"dst",2026,4,"yahoo","IND","2026-10-03T00:00:50Z","refresh",6.60440316511037,21.75
"dst",2026,4,"yahoo","NO","2026-10-03T00:00:50Z","refresh",6.54194986444265,23
"dst",2026,4,"yahoo","ARI","2026-10-03T00:00:50Z","refresh",6.50395280992874,20.75
"dst",2026,4,"yahoo","LAC","2026-10-03T00:00:50Z","refresh",6.33916880539334,24.75
"dst",2026,4,"yahoo","HOU","2026-10-03T00:00:50Z","refresh",6.30636271622334,22.5
"dst",2026,4,"yahoo","DET","2026-10-03T00:00:50Z","refresh",6.3021952544556,23.75
"dst",2026,4,"yahoo","NYG","2026-10-03T00:00:50Z","refresh",6.29834184852831,23.25
"dst",2026,4,"yahoo","ATL","2026-10-03T00:00:50Z","refresh",6.14715393654707,25
"dst",2026,4,"yahoo","DAL","2026-10-03T00:00:50Z","refresh",5.95224744466151,25.5
"dst",2026,4,"yahoo","DEN","2026-10-03T00:00:50Z","refresh",5.83570864907413,25.25
"dst",2026,4,"yahoo","MIA","2026-10-03T00:00:50Z","refresh",5.81396210731454,24.25
"dst",2026,4,"yahoo","SF","2026-10-03T00:00:50Z","refresh",5.66818199511001,22.75
"dst",2026,4,"yahoo","CIN","2026-10-03T00:00:50Z","refresh",5.66640577840591,24.5
"dst",2026,4,"yahoo","WAS","2026-10-03T00:00:50Z","refresh",5.44055975047058,25.75
"dst",2026,4,"yahoo","CAR","2026-10-03T00:00:50Z","refresh",5.43142117979339,27.25
"dst",2026,4,"yahoo","PHI","2026-10-03T00:00:50Z","refresh",5.1848532628354,23
"dst",2026,4,"yahoo","JAX","2026-10-03T00:00:50Z","refresh",5.12853446709871,27
"dst",2026,4,"yahoo","NYJ","2026-10-03T00:00:50Z","refresh",4.94234230516305,23.25
"dst",2026,4,"yahoo","LV","2026-10-03T00:00:50Z","refresh",4.87088305358541,26
"dst",2026,4,"yahoo","TEN","2026-10-03T00:00:50Z","refresh",4.00010235715571,27
"dst",2026,4,"yahoo","NE","2026-10-03T00:00:50Z","refresh",3.70202354151921,28.5
"dst",2026,4,"ffpc","MIN","2026-10-03T00:00:50Z","refresh",12.1772125484916,14.25
"dst",2026,4,"ffpc","SEA","2026-10-03T00:00:50Z","refresh",10.4849283908228,17.75
"dst",2026,4,"ffpc","GB","2026-10-03T00:00:50Z","refresh",10.0696081158368,18
"dst",2026,4,"ffpc","PIT","2026-10-03T00:00:50Z","refresh",10.0281061062827,17.5
"dst",2026,4,"ffpc","BAL","2026-10-03T00:00:50Z","refresh",9.64322875799045,15.5
"dst",2026,4,"ffpc","CHI","2026-10-03T00:00:50Z","refresh",9.17572954960437,19.75
"dst",2026,4,"ffpc","KC","2026-10-03T00:00:50Z","refresh",9.03466235450933,21.5
"dst",2026,4,"ffpc","BUF","2026-10-03T00:00:50Z","refresh",8.68546930474791,21.5
"dst",2026,4,"ffpc","LA","2026-10-03T00:00:50Z","refresh",8.66562303945643,19.5
"dst",2026,4,"ffpc","TB","2026-10-03T00:00:50Z","refresh",7.65875250663527,21.5
"dst",2026,4,"ffpc","IND","2026-10-03T00:00:50Z","refresh",7.58273684545311,21.75
"dst",2026,4,"ffpc","LAC","2026-10-03T00:00:50Z","refresh",7.53145956035359,24.75
"dst",2026,4,"ffpc","ARI","2026-10-03T00:00:50Z","refresh",7.52007495827914,20.75
"dst",2026,4,"ffpc","ATL","2026-10-03T00:00:50Z","refresh",7.37052068079779,25
"dst",2026,4,"ffpc","DET","2026-10-03T00:00:50Z","refresh",7.35112266545051,23.75
"dst",2026,4,"ffpc","NYG","2026-10-03T00:00:50Z","refresh",7.30685165569141,23.25
"dst",2026,4,"ffpc","CLE","2026-10-03T00:00:50Z","refresh",7.28279170404247,20
"dst",2026,4,"ffpc","NO","2026-10-03T00:00:50Z","refresh",7.28002740140688,23
"dst",2026,4,"ffpc","HOU","2026-10-03T00:00:50Z","refresh",6.83924743394726,22.5
"dst",2026,4,"ffpc","CIN","2026-10-03T00:00:50Z","refresh",6.69275921423538,24.5
"dst",2026,4,"ffpc","MIA","2026-10-03T00:00:50Z","refresh",6.67373641652447,24.25
"dst",2026,4,"ffpc","JAX","2026-10-03T00:00:50Z","refresh",6.56751947804396,27
"dst",2026,4,"ffpc","CAR","2026-10-03T00:00:50Z","refresh",6.55334155931544,27.25
"dst",2026,4,"ffpc","DAL","2026-10-03T00:00:50Z","refresh",6.54687735503576,25.5
"dst",2026,4,"ffpc","DEN","2026-10-03T00:00:50Z","refresh",6.54230392211445,25.25
"dst",2026,4,"ffpc","SF","2026-10-03T00:00:50Z","refresh",6.53347013672302,22.75
"dst",2026,4,"ffpc","WAS","2026-10-03T00:00:50Z","refresh",6.40005901619981,25.75
"dst",2026,4,"ffpc","PHI","2026-10-03T00:00:50Z","refresh",5.71639353407412,23
"dst",2026,4,"ffpc","LV","2026-10-03T00:00:50Z","refresh",5.66554119359299,26
"dst",2026,4,"ffpc","NYJ","2026-10-03T00:00:50Z","refresh",5.6149415316885,23.25
"dst",2026,4,"ffpc","TEN","2026-10-03T00:00:50Z","refresh",4.9667143036436,27
"dst",2026,4,"ffpc","NE","2026-10-03T00:00:50Z","refresh",4.51657222374878,28.5
"k",2026,4,"espn","MIN","2026-10-03T00:02:29Z","refresh",10.0730014524136,24.25
"k",2026,4,"espn","DAL","2026-10-03T00:02:29Z","refresh",9.56189228076526,22.5
"k",2026,4,"espn","HOU","2026-10-03T00:02:29Z","refresh",9.53572629435621,25.5
"k",2026,4,"espn","NO","2026-10-03T00:02:29Z","refresh",9.16187986929533,25
"k",2026,4,"espn","CIN","2026-10-03T00:02:29Z","refresh",9.28050767828422,27
"k",2026,4,"espn","SEA","2026-10-03T00:02:29Z","refresh",9.13370257732003,24.75
"k",2026,4,"espn","KC","2026-10-03T00:02:29Z","refresh",9.0433285321909,26
"k",2026,4,"espn","BAL","2026-10-03T00:02:29Z","refresh",8.90414754990531,27
"k",2026,4,"espn","PIT","2026-10-03T00:02:29Z","refresh",8.52516636595045,20
"k",2026,4,"espn","SF","2026-10-03T00:02:29Z","refresh",8.61790008413546,25.25
"k",2026,4,"espn","DET","2026-10-03T00:02:29Z","refresh",8.67979698747111,27.25
"k",2026,4,"espn","IND","2026-10-03T00:02:29Z","refresh",8.74754288875679,25.75
"k",2026,4,"espn","BUF","2026-10-03T00:02:29Z","refresh",8.74056918365617,28.5
"k",2026,4,"espn","ATL","2026-10-03T00:02:29Z","refresh",8.53594372963554,23
"k",2026,4,"espn","JAX","2026-10-03T00:02:29Z","refresh",8.42207406380695,24.5
"k",2026,4,"espn","TB","2026-10-03T00:02:29Z","refresh",8.25303087106995,18
"k",2026,4,"espn","LV","2026-10-03T00:02:29Z","refresh",8.14092750290419,21.5
"k",2026,4,"espn","ARI","2026-10-03T00:02:29Z","refresh",8.21042876726089,23.25
"k",2026,4,"espn","CHI","2026-10-03T00:02:29Z","refresh",8.07036669530905,23.25
"k",2026,4,"espn","LA","2026-10-03T00:02:29Z","refresh",7.91367189929099,23
"k",2026,4,"espn","DEN","2026-10-03T00:02:29Z","refresh",7.83674312371124,22.75
"k",2026,4,"espn","LAC","2026-10-03T00:02:29Z","refresh",7.68088927724305,17.75
"k",2026,4,"espn","NYJ","2026-10-03T00:02:29Z","refresh",7.77464791490956,19.75
"k",2026,4,"espn","PHI","2026-10-03T00:02:29Z","refresh",7.50485665268279,19.5
"k",2026,4,"espn","CAR","2026-10-03T00:02:29Z","refresh",7.72486346840397,23.75
"k",2026,4,"espn","GB","2026-10-03T00:02:29Z","refresh",7.5433253221894,21.5
"k",2026,4,"espn","CLE","2026-10-03T00:02:29Z","refresh",7.35823148106419,17.5
"k",2026,4,"espn","NYG","2026-10-03T00:02:29Z","refresh",7.24685558155514,20.75
"k",2026,4,"espn","WAS","2026-10-03T00:02:29Z","refresh",7.31366705500924,21.75
"k",2026,4,"espn","MIA","2026-10-03T00:02:29Z","refresh",7.12276420188944,14.25
"k",2026,4,"espn","NE","2026-10-03T00:02:29Z","refresh",7.21970511139648,21.5
"k",2026,4,"espn","TEN","2026-10-03T00:02:29Z","refresh",6.86493461853234,15.5
"k",2026,4,"dec","MIN","2026-10-03T00:02:29Z","refresh",10.4917174150112,24.25
"k",2026,4,"dec","DAL","2026-10-03T00:02:29Z","refresh",10.0665331607151,22.5
"k",2026,4,"dec","HOU","2026-10-03T00:02:29Z","refresh",9.96171155962391,25.5
"k",2026,4,"dec","NO","2026-10-03T00:02:29Z","refresh",9.57187244045662,25
"k",2026,4,"dec","CIN","2026-10-03T00:02:29Z","refresh",9.6427945141417,27
"k",2026,4,"dec","SEA","2026-10-03T00:02:29Z","refresh",9.50178143832319,24.75
"k",2026,4,"dec","KC","2026-10-03T00:02:29Z","refresh",9.43468784248834,26
"k",2026,4,"dec","BAL","2026-10-03T00:02:29Z","refresh",9.19591904555303,27
"k",2026,4,"dec","PIT","2026-10-03T00:02:29Z","refresh",8.95649950517669,20
"k",2026,4,"dec","SF","2026-10-03T00:02:29Z","refresh",8.96216239914015,25.25
"k",2026,4,"dec","DET","2026-10-03T00:02:29Z","refresh",9.01944095973762,27.25
"k",2026,4,"dec","IND","2026-10-03T00:02:29Z","refresh",9.06321523531162,25.75
"k",2026,4,"dec","BUF","2026-10-03T00:02:29Z","refresh",9.06892788799706,28.5
"k",2026,4,"dec","ATL","2026-10-03T00:02:29Z","refresh",8.97261071064364,23
"k",2026,4,"dec","JAX","2026-10-03T00:02:29Z","refresh",8.75961915671868,24.5
"k",2026,4,"dec","TB","2026-10-03T00:02:29Z","refresh",8.67022286890106,18
"k",2026,4,"dec","LV","2026-10-03T00:02:29Z","refresh",8.54502413102813,21.5
"k",2026,4,"dec","ARI","2026-10-03T00:02:29Z","refresh",8.53795305592125,23.25
"k",2026,4,"dec","CHI","2026-10-03T00:02:29Z","refresh",8.44982964728619,23.25
"k",2026,4,"dec","LA","2026-10-03T00:02:29Z","refresh",8.22906246537024,23
"k",2026,4,"dec","DEN","2026-10-03T00:02:29Z","refresh",8.17483683550855,22.75
"k",2026,4,"dec","LAC","2026-10-03T00:02:29Z","refresh",8.06178311142898,17.75
"k",2026,4,"dec","NYJ","2026-10-03T00:02:29Z","refresh",8.15721363447374,19.75
"k",2026,4,"dec","PHI","2026-10-03T00:02:29Z","refresh",7.89239619864075,19.5
"k",2026,4,"dec","CAR","2026-10-03T00:02:29Z","refresh",8.02822479257593,23.75
"k",2026,4,"dec","GB","2026-10-03T00:02:29Z","refresh",7.88472798091739,21.5
"k",2026,4,"dec","CLE","2026-10-03T00:02:29Z","refresh",7.72057433987525,17.5
"k",2026,4,"dec","NYG","2026-10-03T00:02:29Z","refresh",7.57594302227017,20.75
"k",2026,4,"dec","WAS","2026-10-03T00:02:29Z","refresh",7.64223915160337,21.75
"k",2026,4,"dec","MIA","2026-10-03T00:02:29Z","refresh",7.52970571681645,14.25
"k",2026,4,"dec","NE","2026-10-03T00:02:29Z","refresh",7.52584520881491,21.5
"k",2026,4,"dec","TEN","2026-10-03T00:02:29Z","refresh",7.24579094254776,15.5
"dst",2026,4,"espn","MIN","2026-10-03T00:50:28Z","refresh",11.8345979882892,14.25
"dst",2026,4,"espn","SEA","2026-10-03T00:50:28Z","refresh",9.41705142976486,17.75
"dst",2026,4,"espn","GB","2026-10-03T00:50:28Z","refresh",9.32620932072677,18
"dst",2026,4,"espn","PIT","2026-10-03T00:50:28Z","refresh",9.23116886177531,17.5
"dst",2026,4,"espn","BAL","2026-10-03T00:50:28Z","refresh",8.55741865964074,15.5
"dst",2026,4,"espn","CHI","2026-10-03T00:50:28Z","refresh",7.91812439874011,19.75
"dst",2026,4,"espn","KC","2026-10-03T00:50:28Z","refresh",7.74012870783132,21.5
"dst",2026,4,"espn","LA","2026-10-03T00:50:28Z","refresh",7.26796788957466,19.5
"dst",2026,4,"espn","BUF","2026-10-03T00:50:28Z","refresh",6.77230025877012,21.5
"dst",2026,4,"espn","TB","2026-10-03T00:50:28Z","refresh",6.41029724224013,21.5
"dst",2026,4,"espn","ARI","2026-10-03T00:50:28Z","refresh",5.63215705873549,20.75
"dst",2026,4,"espn","IND","2026-10-03T00:50:28Z","refresh",5.50131435192723,21.75
"dst",2026,4,"espn","CLE","2026-10-03T00:50:28Z","refresh",5.45456555669489,20
"dst",2026,4,"espn","NYG","2026-10-03T00:50:28Z","refresh",5.4280786664258,23.25
"dst",2026,4,"espn","LAC","2026-10-03T00:50:28Z","refresh",5.39091122544925,24.75
"dst",2026,4,"espn","NO","2026-10-03T00:50:28Z","refresh",5.31281800429824,23
"dst",2026,4,"espn","ATL","2026-10-03T00:50:28Z","refresh",5.11148179326119,25
"dst",2026,4,"espn","HOU","2026-10-03T00:50:28Z","refresh",4.93135870014892,22.5
"dst",2026,4,"espn","MIA","2026-10-03T00:50:28Z","refresh",4.9097639696152,24.25
"dst",2026,4,"espn","DET","2026-10-03T00:50:28Z","refresh",4.79334388062577,23.75
"dst",2026,4,"espn","SF","2026-10-03T00:50:28Z","refresh",4.70328886882907,22.75
"dst",2026,4,"espn","WAS","2026-10-03T00:50:28Z","refresh",4.59311081587009,25.75
"dst",2026,4,"espn","CIN","2026-10-03T00:50:28Z","refresh",4.44131212428457,24.5
"dst",2026,4,"espn","CAR","2026-10-03T00:50:28Z","refresh",4.31775751336465,27.25
"dst",2026,4,"espn","DAL","2026-10-03T00:50:28Z","refresh",4.23947431887253,25.5
"dst",2026,4,"espn","JAX","2026-10-03T00:50:28Z","refresh",4.22416293163683,27
"dst",2026,4,"espn","PHI","2026-10-03T00:50:28Z","refresh",3.96427589663813,23
"dst",2026,4,"espn","NYJ","2026-10-03T00:50:28Z","refresh",3.87766080944652,23.25
"dst",2026,4,"espn","DEN","2026-10-03T00:50:28Z","refresh",3.81377476376717,25.25
"dst",2026,4,"espn","LV","2026-10-03T00:50:28Z","refresh",3.71081967702296,26
"dst",2026,4,"espn","TEN","2026-10-03T00:50:28Z","refresh",2.66368469010279,27
"dst",2026,4,"espn","NE","2026-10-03T00:50:28Z","refresh",1.68274962418213,28.5
"dst",2026,4,"yahoo","MIN","2026-10-03T00:50:28Z","refresh",10.7719403064014,14.25
"dst",2026,4,"yahoo","PIT","2026-10-03T00:50:28Z","refresh",9.09572980018264,17.5
"dst",2026,4,"yahoo","SEA","2026-10-03T00:50:28Z","refresh",8.91151417120971,17.75
"dst",2026,4,"yahoo","BAL","2026-10-03T00:50:28Z","refresh",8.89978229212194,15.5
"dst",2026,4,"yahoo","GB","2026-10-03T00:50:28Z","refresh",8.37564254502888,18
"dst",2026,4,"yahoo","CHI","2026-10-03T00:50:28Z","refresh",8.1652250684887,19.75
"dst",2026,4,"yahoo","KC","2026-10-03T00:50:28Z","refresh",8.09231313821406,21.5
"dst",2026,4,"yahoo","BUF","2026-10-03T00:50:28Z","refresh",7.52823182722911,21.5
"dst",2026,4,"yahoo","LA","2026-10-03T00:50:28Z","refresh",7.52628660932638,19.5
"dst",2026,4,"yahoo","CLE","2026-10-03T00:50:28Z","refresh",6.84009916369537,20
"dst",2026,4,"yahoo","TB","2026-10-03T00:50:28Z","refresh",6.75792465594877,21.5
"dst",2026,4,"yahoo","IND","2026-10-03T00:50:28Z","refresh",6.60440316511037,21.75
"dst",2026,4,"yahoo","NO","2026-10-03T00:50:28Z","refresh",6.54194986444265,23
"dst",2026,4,"yahoo","ARI","2026-10-03T00:50:28Z","refresh",6.50395280992874,20.75
"dst",2026,4,"yahoo","LAC","2026-10-03T00:50:28Z","refresh",6.33916880539334,24.75
"dst",2026,4,"yahoo","HOU","2026-10-03T00:50:28Z","refresh",6.30636271622334,22.5
"dst",2026,4,"yahoo","DET","2026-10-03T00:50:28Z","refresh",6.3021952544556,23.75
"dst",2026,4,"yahoo","NYG","2026-10-03T00:50:28Z","refresh",6.29834184852831,23.25
"dst",2026,4,"yahoo","ATL","2026-10-03T00:50:28Z","refresh",6.14715393654707,25
"dst",2026,4,"yahoo","DAL","2026-10-03T00:50:28Z","refresh",5.95224744466151,25.5
"dst",2026,4,"yahoo","DEN","2026-10-03T00:50:28Z","refresh",5.83570864907413,25.25
"dst",2026,4,"yahoo","MIA","2026-10-03T00:50:28Z","refresh",5.81396210731454,24.25
"dst",2026,4,"yahoo","SF","2026-10-03T00:50:28Z","refresh",5.66818199511001,22.75
"dst",2026,4,"yahoo","CIN","2026-10-03T00:50:28Z","refresh",5.66640577840591,24.5
"dst",2026,4,"yahoo","WAS","2026-10-03T00:50:28Z","refresh",5.44055975047058,25.75
"dst",2026,4,"yahoo","CAR","2026-10-03T00:50:28Z","refresh",5.43142117979339,27.25
"dst",2026,4,"yahoo","PHI","2026-10-03T00:50:28Z","refresh",5.1848532628354,23
"dst",2026,4,"yahoo","JAX","2026-10-03T00:50:28Z","refresh",5.12853446709871,27
"dst",2026,4,"yahoo","NYJ","2026-10-03T00:50:28Z","refresh",4.94234230516305,23.25
"dst",2026,4,"yahoo","LV","2026-10-03T00:50:28Z","refresh",4.87088305358541,26
"dst",2026,4,"yahoo","TEN","2026-10-03T00:50:28Z","refresh",4.00010235715571,27
"dst",2026,4,"yahoo","NE","2026-10-03T00:50:28Z","refresh",3.70202354151921,28.5
"dst",2026,4,"ffpc","MIN","2026-10-03T00:50:28Z","refresh",12.1772125484916,14.25
"dst",2026,4,"ffpc","SEA","2026-10-03T00:50:28Z","refresh",10.4849283908228,17.75
"dst",2026,4,"ffpc","GB","2026-10-03T00:50:28Z","refresh",10.0696081158368,18
"dst",2026,4,"ffpc","PIT","2026-10-03T00:50:28Z","refresh",10.0281061062827,17.5
"dst",2026,4,"ffpc","BAL","2026-10-03T00:50:28Z","refresh",9.64322875799045,15.5
"dst",2026,4,"ffpc","CHI","2026-10-03T00:50:28Z","refresh",9.17572954960437,19.75
"dst",2026,4,"ffpc","KC","2026-10-03T00:50:28Z","refresh",9.03466235450933,21.5
"dst",2026,4,"ffpc","BUF","2026-10-03T00:50:28Z","refresh",8.68546930474791,21.5
"dst",2026,4,"ffpc","LA","2026-10-03T00:50:28Z","refresh",8.66562303945643,19.5
"dst",2026,4,"ffpc","TB","2026-10-03T00:50:28Z","refresh",7.65875250663527,21.5
"dst",2026,4,"ffpc","IND","2026-10-03T00:50:28Z","refresh",7.58273684545311,21.75
"dst",2026,4,"ffpc","LAC","2026-10-03T00:50:28Z","refresh",7.53145956035359,24.75
"dst",2026,4,"ffpc","ARI","2026-10-03T00:50:28Z","refresh",7.52007495827914,20.75
"dst",2026,4,"ffpc","ATL","2026-10-03T00:50:28Z","refresh",7.37052068079779,25
"dst",2026,4,"ffpc","DET","2026-10-03T00:50:28Z","refresh",7.35112266545051,23.75
"dst",2026,4,"ffpc","NYG","2026-10-03T00:50:28Z","refresh",7.30685165569141,23.25
"dst",2026,4,"ffpc","CLE","2026-10-03T00:50:28Z","refresh",7.28279170404247,20
"dst",2026,4,"ffpc","NO","2026-10-03T00:50:28Z","refresh",7.28002740140688,23
"dst",2026,4,"ffpc","HOU","2026-10-03T00:50:28Z","refresh",6.83924743394726,22.5
"dst",2026,4,"ffpc","CIN","2026-10-03T00:50:28Z","refresh",6.69275921423538,24.5
"dst",2026,4,"ffpc","MIA","2026-10-03T00:50:28Z","refresh",6.67373641652447,24.25
"dst",2026,4,"ffpc","JAX","2026-10-03T00:50:28Z","refresh",6.56751947804396,27
"dst",2026,4,"ffpc","CAR","2026-10-03T00:50:28Z","refresh",6.55334155931544,27.25
"dst",2026,4,"ffpc","DAL","2026-10-03T00:50:28Z","refresh",6.54687735503576,25.5
"dst",2026,4,"ffpc","DEN","2026-10-03T00:50:28Z","refresh",6.54230392211445,25.25
"dst",2026,4,"ffpc","SF","2026-10-03T00:50:28Z","refresh",6.53347013672302,22.75
"dst",2026,4,"ffpc","WAS","2026-10-03T00:50:28Z","refresh",6.40005901619981,25.75
"dst",2026,4,"ffpc","PHI","2026-10-03T00:50:28Z","refresh",5.71639353407412,23
"dst",2026,4,"ffpc","LV","2026-10-03T00:50:28Z","refresh",5.66554119359299,26
"dst",2026,4,"ffpc","NYJ","2026-10-03T00:50:28Z","refresh",5.6149415316885,23.25
"dst",2026,4,"ffpc","TEN","2026-10-03T00:50:28Z","refresh",4.9667143036436,27
"dst",2026,4,"ffpc","NE","2026-10-03T00:50:28Z","refresh",4.51657222374878,28.5
"k",2026,4,"espn","MIN","2026-10-03T00:51:11Z","refresh",10.0730014524136,24.25
"k",2026,4,"espn","DAL","2026-10-03T00:51:11Z","refresh",9.56189228076526,22.5
"k",2026,4,"espn","HOU","2026-10-03T00:51:11Z","refresh",9.53572629435621,25.5
"k",2026,4,"espn","NO","2026-10-03T00:51:11Z","refresh",9.16187986929533,25
"k",2026,4,"espn","CIN","2026-10-03T00:51:11Z","refresh",9.28050767828422,27
"k",2026,4,"espn","SEA","2026-10-03T00:51:11Z","refresh",9.13370257732003,24.75
"k",2026,4,"espn","KC","2026-10-03T00:51:11Z","refresh",9.0433285321909,26
"k",2026,4,"espn","BAL","2026-10-03T00:51:11Z","refresh",8.90414754990531,27
"k",2026,4,"espn","PIT","2026-10-03T00:51:11Z","refresh",8.52516636595045,20
"k",2026,4,"espn","SF","2026-10-03T00:51:11Z","refresh",8.61790008413546,25.25
"k",2026,4,"espn","DET","2026-10-03T00:51:11Z","refresh",8.67979698747111,27.25
"k",2026,4,"espn","IND","2026-10-03T00:51:11Z","refresh",8.74754288875679,25.75
"k",2026,4,"espn","BUF","2026-10-03T00:51:11Z","refresh",8.74056918365617,28.5
"k",2026,4,"espn","ATL","2026-10-03T00:51:11Z","refresh",8.53594372963554,23
"k",2026,4,"espn","JAX","2026-10-03T00:51:11Z","refresh",8.42207406380695,24.5
"k",2026,4,"espn","TB","2026-10-03T00:51:11Z","refresh",8.25303087106995,18
"k",2026,4,"espn","LV","2026-10-03T00:51:11Z","refresh",8.14092750290419,21.5
"k",2026,4,"espn","ARI","2026-10-03T00:51:11Z","refresh",8.21042876726089,23.25
"k",2026,4,"espn","CHI","2026-10-03T00:51:11Z","refresh",8.07036669530905,23.25
"k",2026,4,"espn","LA","2026-10-03T00:51:11Z","refresh",7.91367189929099,23
"k",2026,4,"espn","DEN","2026-10-03T00:51:11Z","refresh",7.83674312371124,22.75
"k",2026,4,"espn","LAC","2026-10-03T00:51:11Z","refresh",7.68088927724305,17.75
"k",2026,4,"espn","NYJ","2026-10-03T00:51:11Z","refresh",7.77464791490956,19.75
"k",2026,4,"espn","PHI","2026-10-03T00:51:11Z","refresh",7.50485665268279,19.5
"k",2026,4,"espn","CAR","2026-10-03T00:51:11Z","refresh",7.72486346840397,23.75
"k",2026,4,"espn","GB","2026-10-03T00:51:11Z","refresh",7.5433253221894,21.5
"k",2026,4,"espn","CLE","2026-10-03T00:51:11Z","refresh",7.35823148106419,17.5
"k",2026,4,"espn","NYG","2026-10-03T00:51:11Z","refresh",7.24685558155514,20.75
"k",2026,4,"espn","WAS","2026-10-03T00:51:11Z","refresh",7.31366705500924,21.75
"k",2026,4,"espn","MIA","2026-10-03T00:51:11Z","refresh",7.12276420188944,14.25
"k",2026,4,"espn","NE","2026-10-03T00:51:11Z","refresh",7.21970511139648,21.5
"k",2026,4,"espn","TEN","2026-10-03T00:51:11Z","refresh",6.86493461853234,15.5
"k",2026,4,"dec","MIN","2026-10-03T00:51:11Z","refresh",10.4917174150112,24.25
"k",2026,4,"dec","DAL","2026-10-03T00:51:11Z","refresh",10.0665331607151,22.5
"k",2026,4,"dec","HOU","2026-10-03T00:51:11Z","refresh",9.96171155962391,25.5
"k",2026,4,"dec","NO","2026-10-03T00:51:11Z","refresh",9.57187244045662,25
"k",2026,4,"dec","CIN","2026-10-03T00:51:11Z","refresh",9.6427945141417,27
"k",2026,4,"dec","SEA","2026-10-03T00:51:11Z","refresh",9.50178143832319,24.75
"k",2026,4,"dec","KC","2026-10-03T00:51:11Z","refresh",9.43468784248834,26
"k",2026,4,"dec","BAL","2026-10-03T00:51:11Z","refresh",9.19591904555303,27
"k",2026,4,"dec","PIT","2026-10-03T00:51:11Z","refresh",8.95649950517669,20
"k",2026,4,"dec","SF","2026-10-03T00:51:11Z","refresh",8.96216239914015,25.25
"k",2026,4,"dec","DET","2026-10-03T00:51:11Z","refresh",9.01944095973762,27.25
"k",2026,4,"dec","IND","2026-10-03T00:51:11Z","refresh",9.06321523531162,25.75
"k",2026,4,"dec","BUF","2026-10-03T00:51:11Z","refresh",9.06892788799706,28.5
"k",2026,4,"dec","ATL","2026-10-03T00:51:11Z","refresh",8.97261071064364,23
"k",2026,4,"dec","JAX","2026-10-03T00:51:11Z","refresh",8.75961915671868,24.5
"k",2026,4,"dec","TB","2026-10-03T00:51:11Z","refresh",8.67022286890106,18
"k",2026,4,"dec","LV","2026-10-03T00:51:11Z","refresh",8.54502413102813,21.5
"k",2026,4,"dec","ARI","2026-10-03T00:51:11Z","refresh",8.53795305592125,23.25
"k",2026,4,"dec","CHI","2026-10-03T00:51:11Z","refresh",8.44982964728619,23.25
"k",2026,4,"dec","LA","2026-10-03T00:51:11Z","refresh",8.22906246537024,23
"k",2026,4,"dec","DEN","2026-10-03T00:51:11Z","refresh",8.17483683550855,22.75
"k",2026,4,"dec","LAC","2026-10-03T00:51:11Z","refresh",8.06178311142898,17.75
"k",2026,4,"dec","NYJ","2026-10-03T00:51:11Z","refresh",8.15721363447374,19.75
"k",2026,4,"dec","PHI","2026-10-03T00:51:11Z","refresh",7.89239619864075,19.5
"k",2026,4,"dec","CAR","2026-10-03T00:51:11Z","refresh",8.02822479257593,23.75
"k",2026,4,"dec","GB","2026-10-03T00:51:11Z","refresh",7.88472798091739,21.5
"k",2026,4,"dec","CLE","2026-10-03T00:51:11Z","refresh",7.72057433987525,17.5
"k",2026,4,"dec","NYG","2026-10-03T00:51:11Z","refresh",7.57594302227017,20.75
"k",2026,4,"dec","WAS","2026-10-03T00:51:11Z","refresh",7.64223915160337,21.75
"k",2026,4,"dec","MIA","2026-10-03T00:51:11Z","refresh",7.52970571681645,14.25
"k",2026,4,"dec","NE","2026-10-03T00:51:11Z","refresh",7.52584520881491,21.5
"k",2026,4,"dec","TEN","2026-10-03T00:51:11Z","refresh",7.24579094254776,15.5
"dst",2026,4,"espn","MIN","2026-10-03T17:44:30Z","refresh",11.8345979882892,14.25
"dst",2026,4,"espn","SEA","2026-10-03T17:44:30Z","refresh",9.41705142976486,17.75
"dst",2026,4,"espn","PIT","2026-10-03T17:44:30Z","refresh",9.23116886177531,17.5
"dst",2026,4,"espn","GB","2026-10-03T17:44:30Z","refresh",9.21929013826035,18.25
"dst",2026,4,"espn","BAL","2026-10-03T17:44:30Z","refresh",8.55741865964074,15.5
"dst",2026,4,"espn","CHI","2026-10-03T17:44:30Z","refresh",7.91812439874011,19.75
"dst",2026,4,"espn","KC","2026-10-03T17:44:30Z","refresh",7.74012870783132,21.5
"dst",2026,4,"espn","LA","2026-10-03T17:44:30Z","refresh",7.26796788957466,19.5
"dst",2026,4,"espn","BUF","2026-10-03T17:44:30Z","refresh",6.77230025877012,21.5
"dst",2026,4,"espn","TB","2026-10-03T17:44:30Z","refresh",6.51403697360769,21.25
"dst",2026,4,"espn","IND","2026-10-03T17:44:30Z","refresh",5.79027228652355,21
"dst",2026,4,"espn","ARI","2026-10-03T17:44:30Z","refresh",5.54012899519519,21
"dst",2026,4,"espn","CLE","2026-10-03T17:44:30Z","refresh",5.45456555669489,20
"dst",2026,4,"espn","LAC","2026-10-03T17:44:30Z","refresh",5.39091122544925,24.75
"dst",2026,4,"espn","NYG","2026-10-03T17:44:30Z","refresh",5.33580701370644,23.5
"dst",2026,4,"espn","NO","2026-10-03T17:44:30Z","refresh",5.31281800429824,23
"dst",2026,4,"espn","ATL","2026-10-03T17:44:30Z","refresh",5.11148179326119,25
"dst",2026,4,"espn","MIA","2026-10-03T17:44:30Z","refresh",4.9097639696152,24.25
"dst",2026,4,"espn","HOU","2026-10-03T17:44:30Z","refresh",4.83950579046251,22.75
"dst",2026,4,"espn","DET","2026-10-03T17:44:30Z","refresh",4.79334388062577,23.75
"dst",2026,4,"espn","SF","2026-10-03T17:44:30Z","refresh",4.70328886882907,22.75
"dst",2026,4,"espn","WAS","2026-10-03T17:44:30Z","refresh",4.67359385015471,25.5
"dst",2026,4,"espn","CIN","2026-10-03T17:44:30Z","refresh",4.44131212428457,24.5
"dst",2026,4,"espn","CAR","2026-10-03T17:44:30Z","refresh",4.31775751336465,27.25
"dst",2026,4,"espn","JAX","2026-10-03T17:44:30Z","refresh",4.22416293163683,27
"dst",2026,4,"espn","DAL","2026-10-03T17:44:30Z","refresh",4.14718493081047,25.75
"dst",2026,4,"espn","PHI","2026-10-03T17:44:30Z","refresh",3.96427589663813,23
"dst",2026,4,"espn","NYJ","2026-10-03T17:44:30Z","refresh",3.87766080944652,23.25
"dst",2026,4,"espn","DEN","2026-10-03T17:44:30Z","refresh",3.81377476376717,25.25
"dst",2026,4,"espn","LV","2026-10-03T17:44:30Z","refresh",3.71081967702295,26
"dst",2026,4,"espn","TEN","2026-10-03T17:44:30Z","refresh",2.66368469010279,27
"dst",2026,4,"espn","NE","2026-10-03T17:44:30Z","refresh",1.68274962418213,28.5
"dst",2026,4,"yahoo","MIN","2026-10-03T17:44:30Z","refresh",10.7719403064014,14.25
"dst",2026,4,"yahoo","PIT","2026-10-03T17:44:30Z","refresh",9.09572980018264,17.5
"dst",2026,4,"yahoo","SEA","2026-10-03T17:44:30Z","refresh",8.91151417120971,17.75
"dst",2026,4,"yahoo","BAL","2026-10-03T17:44:30Z","refresh",8.89978229212194,15.5
"dst",2026,4,"yahoo","GB","2026-10-03T17:44:30Z","refresh",8.29045420648491,18.25
"dst",2026,4,"yahoo","CHI","2026-10-03T17:44:30Z","refresh",8.1652250684887,19.75
"dst",2026,4,"yahoo","KC","2026-10-03T17:44:30Z","refresh",8.09231313821406,21.5
"dst",2026,4,"yahoo","BUF","2026-10-03T17:44:30Z","refresh",7.52823182722911,21.5
"dst",2026,4,"yahoo","LA","2026-10-03T17:44:30Z","refresh",7.52628660932638,19.5
"dst",2026,4,"yahoo","TB","2026-10-03T17:44:30Z","refresh",6.84311299449273,21.25
"dst",2026,4,"yahoo","CLE","2026-10-03T17:44:30Z","refresh",6.84009916369537,20
"dst",2026,4,"yahoo","IND","2026-10-03T17:44:30Z","refresh",6.80713514302378,21
"dst",2026,4,"yahoo","NO","2026-10-03T17:44:30Z","refresh",6.54194986444265,23
"dst",2026,4,"yahoo","ARI","2026-10-03T17:44:30Z","refresh",6.44518099024401,21
"dst",2026,4,"yahoo","LAC","2026-10-03T17:44:30Z","refresh",6.33916880539334,24.75
"dst",2026,4,"yahoo","DET","2026-10-03T17:44:30Z","refresh",6.3021952544556,23.75
"dst",2026,4,"yahoo","HOU","2026-10-03T17:44:30Z","refresh",6.24759089653862,22.75
"dst",2026,4,"yahoo","NYG","2026-10-03T17:44:30Z","refresh",6.23957002884358,23.5
"dst",2026,4,"yahoo","ATL","2026-10-03T17:44:30Z","refresh",6.14715393654707,25
"dst",2026,4,"yahoo","DAL","2026-10-03T17:44:30Z","refresh",5.89347562497679,25.75
"dst",2026,4,"yahoo","DEN","2026-10-03T17:44:30Z","refresh",5.83570864907413,25.25
"dst",2026,4,"yahoo","MIA","2026-10-03T17:44:30Z","refresh",5.81396210731454,24.25
"dst",2026,4,"yahoo","SF","2026-10-03T17:44:30Z","refresh",5.66818199511001,22.75
"dst",2026,4,"yahoo","CIN","2026-10-03T17:44:30Z","refresh",5.66640577840591,24.5
"dst",2026,4,"yahoo","WAS","2026-10-03T17:44:30Z","refresh",5.47291505129606,25.5
"dst",2026,4,"yahoo","CAR","2026-10-03T17:44:30Z","refresh",5.43142117979339,27.25
"dst",2026,4,"yahoo","PHI","2026-10-03T17:44:30Z","refresh",5.1848532628354,23
"dst",2026,4,"yahoo","JAX","2026-10-03T17:44:30Z","refresh",5.12853446709871,27
"dst",2026,4,"yahoo","NYJ","2026-10-03T17:44:30Z","refresh",4.94234230516305,23.25
"dst",2026,4,"yahoo","LV","2026-10-03T17:44:30Z","refresh",4.87088305358541,26
"dst",2026,4,"yahoo","TEN","2026-10-03T17:44:30Z","refresh",4.00010235715571,27
"dst",2026,4,"yahoo","NE","2026-10-03T17:44:30Z","refresh",3.70202354151922,28.5
"dst",2026,4,"ffpc","MIN","2026-10-03T17:44:30Z","refresh",12.1772125484916,14.25
"dst",2026,4,"ffpc","SEA","2026-10-03T17:44:30Z","refresh",10.4849283908228,17.75
"dst",2026,4,"ffpc","PIT","2026-10-03T17:44:30Z","refresh",10.0281061062827,17.5
"dst",2026,4,"ffpc","GB","2026-10-03T17:44:30Z","refresh",9.98608824720577,18.25
"dst",2026,4,"ffpc","BAL","2026-10-03T17:44:30Z","refresh",9.64322875799045,15.5
"dst",2026,4,"ffpc","CHI","2026-10-03T17:44:30Z","refresh",9.17572954960437,19.75
"dst",2026,4,"ffpc","KC","2026-10-03T17:44:30Z","refresh",9.03466235450933,21.5
"dst",2026,4,"ffpc","BUF","2026-10-03T17:44:30Z","refresh",8.68546930474791,21.5
"dst",2026,4,"ffpc","LA","2026-10-03T17:44:30Z","refresh",8.66562303945643,19.5
"dst",2026,4,"ffpc","IND","2026-10-03T17:44:30Z","refresh",7.77169503400405,21
"dst",2026,4,"ffpc","TB","2026-10-03T17:44:30Z","refresh",7.73939267193689,21.25
"dst",2026,4,"ffpc","LAC","2026-10-03T17:44:30Z","refresh",7.53145956035359,24.75
"dst",2026,4,"ffpc","ARI","2026-10-03T17:44:30Z","refresh",7.46669253031318,21
"dst",2026,4,"ffpc","ATL","2026-10-03T17:44:30Z","refresh",7.37052068079779,25
"dst",2026,4,"ffpc","DET","2026-10-03T17:44:30Z","refresh",7.35112266545051,23.75
"dst",2026,4,"ffpc","CLE","2026-10-03T17:44:30Z","refresh",7.28279170404247,20
"dst",2026,4,"ffpc","NO","2026-10-03T17:44:30Z","refresh",7.28002740140688,23
"dst",2026,4,"ffpc","NYG","2026-10-03T17:44:30Z","refresh",7.25313293093717,23.5
"dst",2026,4,"ffpc","HOU","2026-10-03T17:44:30Z","refresh",6.78617168116839,22.75
"dst",2026,4,"ffpc","CIN","2026-10-03T17:44:30Z","refresh",6.69275921423538,24.5
"dst",2026,4,"ffpc","MIA","2026-10-03T17:44:30Z","refresh",6.67373641652447,24.25
"dst",2026,4,"ffpc","JAX","2026-10-03T17:44:30Z","refresh",6.56751947804396,27
"dst",2026,4,"ffpc","CAR","2026-10-03T17:44:30Z","refresh",6.55334155931544,27.25
"dst",2026,4,"ffpc","DEN","2026-10-03T17:44:30Z","refresh",6.54230392211445,25.25
"dst",2026,4,"ffpc","SF","2026-10-03T17:44:30Z","refresh",6.53347013672302,22.75
"dst",2026,4,"ffpc","DAL","2026-10-03T17:44:30Z","refresh",6.49318275944928,25.75
"dst",2026,4,"ffpc","WAS","2026-10-03T17:44:30Z","refresh",6.42629397348422,25.5
"dst",2026,4,"ffpc","PHI","2026-10-03T17:44:30Z","refresh",5.71639353407412,23
"dst",2026,4,"ffpc","LV","2026-10-03T17:44:30Z","refresh",5.66554119359299,26
"dst",2026,4,"ffpc","NYJ","2026-10-03T17:44:30Z","refresh",5.6149415316885,23.25
"dst",2026,4,"ffpc","TEN","2026-10-03T17:44:30Z","refresh",4.9667143036436,27
"dst",2026,4,"ffpc","NE","2026-10-03T17:44:30Z","refresh",4.51657222374878,28.5
"k",2026,4,"espn","MIN","2026-10-03T17:45:01Z","refresh",10.0730014524136,24.25
"k",2026,4,"espn","DAL","2026-10-03T17:45:01Z","refresh",9.57980485086814,22.75
"k",2026,4,"espn","HOU","2026-10-03T17:45:01Z","refresh",9.55536039248845,25.75
"k",2026,4,"espn","NO","2026-10-03T17:45:01Z","refresh",9.16187986929533,25
"k",2026,4,"espn","CIN","2026-10-03T17:45:01Z","refresh",9.2258048904461,27
"k",2026,4,"espn","SEA","2026-10-03T17:45:01Z","refresh",9.18360637370965,24.75
"k",2026,4,"espn","KC","2026-10-03T17:45:01Z","refresh",9.0433285321909,26
"k",2026,4,"espn","BAL","2026-10-03T17:45:01Z","refresh",8.80353263021414,27
"k",2026,4,"espn","PIT","2026-10-03T17:45:01Z","refresh",8.52516636595045,20
"k",2026,4,"espn","SF","2026-10-03T17:45:01Z","refresh",8.51055684438273,25.25
"k",2026,4,"espn","DET","2026-10-03T17:45:01Z","refresh",8.63196732813374,27.25
"k",2026,4,"espn","IND","2026-10-03T17:45:01Z","refresh",8.71093312507028,25.5
"k",2026,4,"espn","BUF","2026-10-03T17:45:01Z","refresh",8.43943364788795,28.5
"k",2026,4,"espn","ATL","2026-10-03T17:45:01Z","refresh",8.53594372963554,23
"k",2026,4,"espn","JAX","2026-10-03T17:45:01Z","refresh",8.37170705812808,24.5
"k",2026,4,"espn","TB","2026-10-03T17:45:01Z","refresh",8.45113287026146,18.25
"k",2026,4,"espn","LV","2026-10-03T17:45:01Z","refresh",8.14092750290419,21.5
"k",2026,4,"espn","ARI","2026-10-03T17:45:01Z","refresh",8.27428735745136,23.5
"k",2026,4,"espn","CHI","2026-10-03T17:45:01Z","refresh",8.06656025802291,23.25
"k",2026,4,"espn","LA","2026-10-03T17:45:01Z","refresh",7.91176868064792,23
"k",2026,4,"espn","DEN","2026-10-03T17:45:01Z","refresh",7.73542879987745,22.75
"k",2026,4,"espn","LAC","2026-10-03T17:45:01Z","refresh",7.72691074457402,17.75
"k",2026,4,"espn","NYJ","2026-10-03T17:45:01Z","refresh",7.77084147762341,19.75
"k",2026,4,"espn","PHI","2026-10-03T17:45:01Z","refresh",7.50295343403972,19.5
"k",2026,4,"espn","CAR","2026-10-03T17:45:01Z","refresh",7.68206637430386,23.75
"k",2026,4,"espn","GB","2026-10-03T17:45:01Z","refresh",7.6307779575301,21.25
"k",2026,4,"espn","CLE","2026-10-03T17:45:01Z","refresh",7.35823148106419,17.5
"k",2026,4,"espn","NYG","2026-10-03T17:45:01Z","refresh",7.3049899751282,21
"k",2026,4,"espn","WAS","2026-10-03T17:45:01Z","refresh",7.18766625022761,21
"k",2026,4,"espn","MIA","2026-10-03T17:45:01Z","refresh",7.12276420188944,14.25
"k",2026,4,"espn","NE","2026-10-03T17:45:01Z","refresh",6.93993800808753,21.5
"k",2026,4,"espn","TEN","2026-10-03T17:45:01Z","refresh",6.7698681926604,15.5
"k",2026,4,"dec","MIN","2026-10-03T17:45:01Z","refresh",10.4917174150112,24.25
"k",2026,4,"dec","DAL","2026-10-03T17:45:01Z","refresh",10.0827959502119,22.75
"k",2026,4,"dec","HOU","2026-10-03T17:45:01Z","refresh",9.97967501508123,25.75
"k",2026,4,"dec","NO","2026-10-03T17:45:01Z","refresh",9.57187244045662,25
"k",2026,4,"dec","CIN","2026-10-03T17:45:01Z","refresh",9.5863358813057,27
"k",2026,4,"dec","SEA","2026-10-03T17:45:01Z","refresh",9.55294769561522,24.75
"k",2026,4,"dec","KC","2026-10-03T17:45:01Z","refresh",9.43468784248834,26
"k",2026,4,"dec","BAL","2026-10-03T17:45:01Z","refresh",9.09232175932575,27
"k",2026,4,"dec","PIT","2026-10-03T17:45:01Z","refresh",8.95649950517669,20
"k",2026,4,"dec","SF","2026-10-03T17:45:01Z","refresh",8.85074303256301,25.25
"k",2026,4,"dec","DET","2026-10-03T17:45:01Z","refresh",8.97063254556746,27.25
"k",2026,4,"dec","IND","2026-10-03T17:45:01Z","refresh",9.02767168252261,25.5
"k",2026,4,"dec","BUF","2026-10-03T17:45:01Z","refresh",8.7594245764615,28.5
"k",2026,4,"dec","ATL","2026-10-03T17:45:01Z","refresh",8.97261071064365,23
"k",2026,4,"dec","JAX","2026-10-03T17:45:01Z","refresh",8.70764065884681,24.5
"k",2026,4,"dec","TB","2026-10-03T17:45:01Z","refresh",8.87274309764973,18.25
"k",2026,4,"dec","LV","2026-10-03T17:45:01Z","refresh",8.54502413102813,21.5
"k",2026,4,"dec","ARI","2026-10-03T17:45:01Z","refresh",8.60116335530852,23.5
"k",2026,4,"dec","CHI","2026-10-03T17:45:01Z","refresh",8.4454463438197,23.25
"k",2026,4,"dec","LA","2026-10-03T17:45:01Z","refresh",8.22687081363699,23
"k",2026,4,"dec","DEN","2026-10-03T17:45:01Z","refresh",8.06955300963268,22.75
"k",2026,4,"dec","LAC","2026-10-03T17:45:01Z","refresh",8.10910334321594,17.75
"k",2026,4,"dec","NYJ","2026-10-03T17:45:01Z","refresh",8.15283033100725,19.75
"k",2026,4,"dec","PHI","2026-10-03T17:45:01Z","refresh",7.8902045469075,19.5
"k",2026,4,"dec","CAR","2026-10-03T17:45:01Z","refresh",7.98460235182846,23.75
"k",2026,4,"dec","GB","2026-10-03T17:45:01Z","refresh",7.97700630723049,21.25
"k",2026,4,"dec","CLE","2026-10-03T17:45:01Z","refresh",7.72057433987525,17.5
"k",2026,4,"dec","NYG","2026-10-03T17:45:01Z","refresh",7.63339880641975,21
"k",2026,4,"dec","WAS","2026-10-03T17:45:01Z","refresh",7.51899748436757,21
"k",2026,4,"dec","MIA","2026-10-03T17:45:01Z","refresh",7.52970571681645,14.25
"k",2026,4,"dec","NE","2026-10-03T17:45:01Z","refresh",7.23703654824136,21.5
"k",2026,4,"dec","TEN","2026-10-03T17:45:01Z","refresh",7.14712456570355,15.5
"dst",2026,4,"espn","MIN","2026-10-03T20:55:54Z","refresh",12.1903255679389,14.25
"dst",2026,4,"espn","SEA","2026-10-03T20:55:54Z","refresh",9.55957751411164,17.75
"dst",2026,4,"espn","PIT","2026-10-03T20:55:54Z","refresh",9.23221056190629,17.5
"dst",2026,4,"espn","GB","2026-10-03T20:55:54Z","refresh",8.91301460939002,18
"dst",2026,4,"espn","BAL","2026-10-03T20:55:54Z","refresh",8.5424142788821,15.5
"dst",2026,4,"espn","CHI","2026-10-03T20:55:54Z","refresh",7.99862778165851,19.75
"dst",2026,4,"espn","KC","2026-10-03T20:55:54Z","refresh",7.75974368024215,21.5
"dst",2026,4,"espn","LA","2026-10-03T20:55:54Z","refresh",7.31786892533984,19.5
"dst",2026,4,"espn","BUF","2026-10-03T20:55:54Z","refresh",6.78823698729891,21.5
"dst",2026,4,"espn","TB","2026-10-03T20:55:54Z","refresh",6.72554085487702,21
"dst",2026,4,"espn","IND","2026-10-03T20:55:54Z","refresh",5.68890361570204,21
"dst",2026,4,"espn","CLE","2026-10-03T20:55:54Z","refresh",5.64790950706216,20
"dst",2026,4,"espn","ARI","2026-10-03T20:55:54Z","refresh",5.50324264849568,21
"dst",2026,4,"espn","LAC","2026-10-03T20:55:54Z","refresh",5.41283194097805,24.75
"dst",2026,4,"espn","NO","2026-10-03T20:55:54Z","refresh",5.32271986682623,23
"dst",2026,4,"espn","NYG","2026-10-03T20:55:54Z","refresh",5.31704643392917,23.5
"dst",2026,4,"espn","WAS","2026-10-03T20:55:54Z","refresh",5.04499155346042,25.5
"dst",2026,4,"espn","MIA","2026-10-03T20:55:54Z","refresh",4.82069506014003,24.25
"dst",2026,4,"espn","SF","2026-10-03T20:55:54Z","refresh",4.77403727801581,22.75
"dst",2026,4,"espn","ATL","2026-10-03T20:55:54Z","refresh",4.76920976368498,25
"dst",2026,4,"espn","DET","2026-10-03T20:55:54Z","refresh",4.66587301275335,23.75
"dst",2026,4,"espn","CIN","2026-10-03T20:55:54Z","refresh",4.49138855155055,24.5
"dst",2026,4,"espn","HOU","2026-10-03T20:55:54Z","refresh",4.40256983522732,22.75
"dst",2026,4,"espn","CAR","2026-10-03T20:55:54Z","refresh",4.33805110978552,27.25
"dst",2026,4,"espn","JAX","2026-10-03T20:55:54Z","refresh",4.15028861434121,27
"dst",2026,4,"espn","DEN","2026-10-03T20:55:54Z","refresh",4.00809676056772,25.25
"dst",2026,4,"espn","NYJ","2026-10-03T20:55:54Z","refresh",3.88857061931205,23.25
"dst",2026,4,"espn","DAL","2026-10-03T20:55:54Z","refresh",3.78872582247206,25.75
"dst",2026,4,"espn","PHI","2026-10-03T20:55:54Z","refresh",3.78116738608451,23
"dst",2026,4,"espn","LV","2026-10-03T20:55:54Z","refresh",3.75163445159643,26
"dst",2026,4,"espn","TEN","2026-10-03T20:55:54Z","refresh",2.61155091460389,27
"dst",2026,4,"espn","NE","2026-10-03T20:55:54Z","refresh",1.57432102656619,28.5
"dst",2026,4,"yahoo","MIN","2026-10-03T20:55:54Z","refresh",10.8661296873398,14.25
"dst",2026,4,"yahoo","PIT","2026-10-03T20:55:54Z","refresh",9.11885524114352,17.5
"dst",2026,4,"yahoo","BAL","2026-10-03T20:55:54Z","refresh",8.9105997136518,15.5
"dst",2026,4,"yahoo","SEA","2026-10-03T20:55:54Z","refresh",8.90694180835682,17.75
"dst",2026,4,"yahoo","GB","2026-10-03T20:55:54Z","refresh",8.29238286006987,18
"dst",2026,4,"yahoo","CHI","2026-10-03T20:55:54Z","refresh",8.18104338170265,19.75
"dst",2026,4,"yahoo","KC","2026-10-03T20:55:54Z","refresh",8.10224787535508,21.5
"dst",2026,4,"yahoo","LA","2026-10-03T20:55:54Z","refresh",7.51600435127928,19.5
"dst",2026,4,"yahoo","BUF","2026-10-03T20:55:54Z","refresh",7.51392161438451,21.5
"dst",2026,4,"yahoo","TB","2026-10-03T20:55:54Z","refresh",6.9160508324593,21
"dst",2026,4,"yahoo","CLE","2026-10-03T20:55:54Z","refresh",6.89422015465222,20
"dst",2026,4,"yahoo","IND","2026-10-03T20:55:54Z","refresh",6.77273096794845,21
"dst",2026,4,"yahoo","NO","2026-10-03T20:55:54Z","refresh",6.54188226536126,23
"dst",2026,4,"yahoo","ARI","2026-10-03T20:55:54Z","refresh",6.43324456872528,21
"dst",2026,4,"yahoo","LAC","2026-10-03T20:55:54Z","refresh",6.32307983354367,24.75
"dst",2026,4,"yahoo","DET","2026-10-03T20:55:54Z","refresh",6.2967985900856,23.75
"dst",2026,4,"yahoo","NYG","2026-10-03T20:55:54Z","refresh",6.24628740159807,23.5
"dst",2026,4,"yahoo","HOU","2026-10-03T20:55:54Z","refresh",6.21024110620087,22.75
"dst",2026,4,"yahoo","ATL","2026-10-03T20:55:54Z","refresh",6.09030920799511,25
"dst",2026,4,"yahoo","DEN","2026-10-03T20:55:54Z","refresh",5.89641210652542,25.25
"dst",2026,4,"yahoo","DAL","2026-10-03T20:55:54Z","refresh",5.82393625398188,25.75
"dst",2026,4,"yahoo","MIA","2026-10-03T20:55:54Z","refresh",5.78272139750659,24.25
"dst",2026,4,"yahoo","SF","2026-10-03T20:55:54Z","refresh",5.6852369878153,22.75
"dst",2026,4,"yahoo","CIN","2026-10-03T20:55:54Z","refresh",5.65362307301014,24.5
"dst",2026,4,"yahoo","WAS","2026-10-03T20:55:54Z","refresh",5.53712911617167,25.5
"dst",2026,4,"yahoo","CAR","2026-10-03T20:55:54Z","refresh",5.42390563642678,27.25
"dst",2026,4,"yahoo","PHI","2026-10-03T20:55:54Z","refresh",5.15749661879123,23
"dst",2026,4,"yahoo","JAX","2026-10-03T20:55:54Z","refresh",5.10856917914364,27
"dst",2026,4,"yahoo","NYJ","2026-10-03T20:55:54Z","refresh",4.97202775379513,23.25
"dst",2026,4,"yahoo","LV","2026-10-03T20:55:54Z","refresh",4.86336778053412,26
"dst",2026,4,"yahoo","TEN","2026-10-03T20:55:54Z","refresh",3.97945027766024,27
"dst",2026,4,"yahoo","NE","2026-10-03T20:55:54Z","refresh",3.69518507165544,28.5
"dst",2026,4,"ffpc","MIN","2026-10-03T20:55:54Z","refresh",12.4017336071224,14.25
"dst",2026,4,"ffpc","SEA","2026-10-03T20:55:54Z","refresh",10.5573168209634,17.75
"dst",2026,4,"ffpc","PIT","2026-10-03T20:55:54Z","refresh",10.0290699609886,17.5
"dst",2026,4,"ffpc","GB","2026-10-03T20:55:54Z","refresh",9.82560879064721,18
"dst",2026,4,"ffpc","BAL","2026-10-03T20:55:54Z","refresh",9.64068998397592,15.5
"dst",2026,4,"ffpc","CHI","2026-10-03T20:55:54Z","refresh",9.21194366607384,19.75
"dst",2026,4,"ffpc","KC","2026-10-03T20:55:54Z","refresh",9.03925333996524,21.5
"dst",2026,4,"ffpc","BUF","2026-10-03T20:55:54Z","refresh",8.69922718839507,21.5
"dst",2026,4,"ffpc","LA","2026-10-03T20:55:54Z","refresh",8.6858610488047,19.5
"dst",2026,4,"ffpc","TB","2026-10-03T20:55:54Z","refresh",7.83856225367566,21
"dst",2026,4,"ffpc","IND","2026-10-03T20:55:54Z","refresh",7.71810115924823,21
"dst",2026,4,"ffpc","LAC","2026-10-03T20:55:54Z","refresh",7.53930623364303,24.75
"dst",2026,4,"ffpc","ARI","2026-10-03T20:55:54Z","refresh",7.43882721478971,21
"dst",2026,4,"ffpc","CLE","2026-10-03T20:55:54Z","refresh",7.40886216215365,20
"dst",2026,4,"ffpc","DET","2026-10-03T20:55:54Z","refresh",7.29636683103184,23.75
"dst",2026,4,"ffpc","NO","2026-10-03T20:55:54Z","refresh",7.27576545126142,23
"dst",2026,4,"ffpc","NYG","2026-10-03T20:55:54Z","refresh",7.24000735416926,23.5
"dst",2026,4,"ffpc","ATL","2026-10-03T20:55:54Z","refresh",7.17022211581623,25
"dst",2026,4,"ffpc","CIN","2026-10-03T20:55:54Z","refresh",6.71656777115227,24.5
"dst",2026,4,"ffpc","DEN","2026-10-03T20:55:54Z","refresh",6.68137967274719,25.25
"dst",2026,4,"ffpc","WAS","2026-10-03T20:55:54Z","refresh",6.63164821873544,25.5
"dst",2026,4,"ffpc","MIA","2026-10-03T20:55:54Z","refresh",6.61938651812678,24.25
"dst",2026,4,"ffpc","SF","2026-10-03T20:55:54Z","refresh",6.579998599971,22.75
"dst",2026,4,"ffpc","CAR","2026-10-03T20:55:54Z","refresh",6.55704357544567,27.25
"dst",2026,4,"ffpc","JAX","2026-10-03T20:55:54Z","refresh",6.51861971474885,27
"dst",2026,4,"ffpc","HOU","2026-10-03T20:55:54Z","refresh",6.50832062188324,22.75
"dst",2026,4,"ffpc","DAL","2026-10-03T20:55:54Z","refresh",6.22116361953138,25.75
"dst",2026,4,"ffpc","LV","2026-10-03T20:55:54Z","refresh",5.68541163117136,26
"dst",2026,4,"ffpc","PHI","2026-10-03T20:55:54Z","refresh",5.62003522836406,23
"dst",2026,4,"ffpc","NYJ","2026-10-03T20:55:54Z","refresh",5.61694252950959,23.25
"dst",2026,4,"ffpc","TEN","2026-10-03T20:55:54Z","refresh",4.92889135089919,27
"dst",2026,4,"ffpc","NE","2026-10-03T20:55:54Z","refresh",4.45955582112715,28.5
"k",2026,4,"espn","MIN","2026-10-03T20:56:27Z","refresh",10.0730014524136,24.25
"k",2026,4,"espn","DAL","2026-10-03T20:56:27Z","refresh",9.57980485086814,22.75
"k",2026,4,"espn","HOU","2026-10-03T20:56:27Z","refresh",9.55536039248845,25.75
"k",2026,4,"espn","SEA","2026-10-03T20:56:27Z","refresh",9.23557690297466,24.75
"k",2026,4,"espn","NO","2026-10-03T20:56:27Z","refresh",9.16187986929533,25
"k",2026,4,"espn","CIN","2026-10-03T20:56:27Z","refresh",9.17223548197129,27
"k",2026,4,"espn","KC","2026-10-03T20:56:27Z","refresh",9.0433285321909,26
"k",2026,4,"espn","BAL","2026-10-03T20:56:27Z","refresh",8.90319594058378,27
"k",2026,4,"espn","IND","2026-10-03T20:56:27Z","refresh",8.70998151574874,25.5
"k",2026,4,"espn","DET","2026-10-03T20:56:27Z","refresh",8.62911250016913,27.25
"k",2026,4,"espn","SF","2026-10-03T20:56:27Z","refresh",8.56082049763505,25.25
"k",2026,4,"espn","PIT","2026-10-03T20:56:27Z","refresh",8.52516636595045,20
"k",2026,4,"espn","TB","2026-10-03T20:56:27Z","refresh",8.48855962607523,18
"k",2026,4,"espn","ATL","2026-10-03T20:56:27Z","refresh",8.53594372963554,23
"k",2026,4,"espn","JAX","2026-10-03T20:56:27Z","refresh",8.32244920870853,24.5
"k",2026,4,"espn","BUF","2026-10-03T20:56:27Z","refresh",8.34191107947154,28.5
"k",2026,4,"espn","ARI","2026-10-03T20:56:27Z","refresh",8.27999701338058,23.5
"k",2026,4,"espn","LV","2026-10-03T20:56:27Z","refresh",8.14092750290419,21.5
"k",2026,4,"espn","CHI","2026-10-03T20:56:27Z","refresh",7.97429789143392,23.25
"k",2026,4,"espn","LA","2026-10-03T20:56:27Z","refresh",7.96116941370846,23
"k",2026,4,"espn","DEN","2026-10-03T20:56:27Z","refresh",7.78268753304869,22.75
"k",2026,4,"espn","LAC","2026-10-03T20:56:27Z","refresh",7.77497938955878,17.75
"k",2026,4,"espn","NYJ","2026-10-03T20:56:27Z","refresh",7.67869179898645,19.75
"k",2026,4,"espn","CAR","2026-10-03T20:56:27Z","refresh",7.67921154633925,23.75
"k",2026,4,"espn","GB","2026-10-03T20:56:27Z","refresh",7.65984773993907,21
"k",2026,4,"espn","PHI","2026-10-03T20:56:27Z","refresh",7.55395340477935,19.5
"k",2026,4,"espn","CLE","2026-10-03T20:56:27Z","refresh",7.35823148106419,17.5
"k",2026,4,"espn","NYG","2026-10-03T20:56:27Z","refresh",7.31069963105742,21
"k",2026,4,"espn","WAS","2026-10-03T20:56:27Z","refresh",7.18671464090607,21
"k",2026,4,"espn","MIA","2026-10-03T20:56:27Z","refresh",7.12276420188944,14.25
"k",2026,4,"espn","TEN","2026-10-03T20:56:27Z","refresh",6.8639830092108,15.5
"k",2026,4,"espn","NE","2026-10-03T20:56:27Z","refresh",6.84940227424683,21.5
"k",2026,4,"dec","MIN","2026-10-03T20:56:27Z","refresh",10.4917174150112,24.25
"k",2026,4,"dec","DAL","2026-10-03T20:56:27Z","refresh",10.0827959502119,22.75
"k",2026,4,"dec","HOU","2026-10-03T20:56:27Z","refresh",9.97967501508123,25.75
"k",2026,4,"dec","SEA","2026-10-03T20:56:27Z","refresh",9.60647472649462,24.75
"k",2026,4,"dec","NO","2026-10-03T20:56:27Z","refresh",9.57187244045662,25
"k",2026,4,"dec","CIN","2026-10-03T20:56:27Z","refresh",9.5311610643311,27
"k",2026,4,"dec","KC","2026-10-03T20:56:27Z","refresh",9.43468784248834,26
"k",2026,4,"dec","BAL","2026-10-03T20:56:27Z","refresh",9.19482321968641,27
"k",2026,4,"dec","IND","2026-10-03T20:56:27Z","refresh",9.02657585665598,25.5
"k",2026,4,"dec","DET","2026-10-03T20:56:27Z","refresh",8.96734506796759,27.25
"k",2026,4,"dec","SF","2026-10-03T20:56:27Z","refresh",8.90253761294582,25.25
"k",2026,4,"dec","PIT","2026-10-03T20:56:27Z","refresh",8.95649950517669,20
"k",2026,4,"dec","TB","2026-10-03T20:56:27Z","refresh",8.91363895255779,18
"k",2026,4,"dec","ATL","2026-10-03T20:56:27Z","refresh",8.97261071064364,23
"k",2026,4,"dec","JAX","2026-10-03T20:56:27Z","refresh",8.65692103353762,24.5
"k",2026,4,"dec","BUF","2026-10-03T20:56:27Z","refresh",8.65938330338518,28.5
"k",2026,4,"dec","ARI","2026-10-03T20:56:27Z","refresh",8.60773831050825,23.5
"k",2026,4,"dec","LV","2026-10-03T20:56:27Z","refresh",8.54502413102813,21.5
"k",2026,4,"dec","CHI","2026-10-03T20:56:27Z","refresh",8.35050849560372,23.25
"k",2026,4,"dec","LA","2026-10-03T20:56:27Z","refresh",8.27809689183921,23
"k",2026,4,"dec","DEN","2026-10-03T20:56:27Z","refresh",8.11828945291299,22.75
"k",2026,4,"dec","LAC","2026-10-03T20:56:27Z","refresh",8.15876560145116,17.75
"k",2026,4,"dec","NYJ","2026-10-03T20:56:27Z","refresh",8.05776981507105,19.75
"k",2026,4,"dec","CAR","2026-10-03T20:56:27Z","refresh",7.98131487422859,23.75
"k",2026,4,"dec","GB","2026-10-03T20:56:27Z","refresh",8.0090781666812,21
"k",2026,4,"dec","PHI","2026-10-03T20:56:27Z","refresh",7.94327427329732,19.5
"k",2026,4,"dec","CLE","2026-10-03T20:56:27Z","refresh",7.72057433987525,17.5
"k",2026,4,"dec","NYG","2026-10-03T20:56:27Z","refresh",7.63997376161949,21
"k",2026,4,"dec","WAS","2026-10-03T20:56:27Z","refresh",7.51790165850095,21
"k",2026,4,"dec","MIA","2026-10-03T20:56:27Z","refresh",7.52970571681645,14.25
"k",2026,4,"dec","TEN","2026-10-03T20:56:27Z","refresh",7.24469511668113,15.5
"k",2026,4,"dec","NE","2026-10-03T20:56:27Z","refresh",7.14377162292666,21.5
"dst",2026,4,"espn","MIN","2026-10-04T00:15:51Z","refresh",12.1881102079094,14.25
"dst",2026,4,"espn","SEA","2026-10-04T00:15:51Z","refresh",9.55721573074438,17.75
"dst",2026,4,"espn","PIT","2026-10-04T00:15:51Z","refresh",9.23016072706621,17.5
"dst",2026,4,"espn","GB","2026-10-04T00:15:51Z","refresh",8.91031226725505,18
"dst",2026,4,"espn","BAL","2026-10-04T00:15:51Z","refresh",8.54003061328023,15.5
"dst",2026,4,"espn","CHI","2026-10-04T00:15:51Z","refresh",7.99628285217052,19.75
"dst",2026,4,"espn","KC","2026-10-04T00:15:51Z","refresh",7.75729546538511,21.5
"dst",2026,4,"espn","LA","2026-10-04T00:15:51Z","refresh",7.31551343613129,19.5
"dst",2026,4,"espn","BUF","2026-10-04T00:15:51Z","refresh",6.78572191296853,21.5
"dst",2026,4,"espn","TB","2026-10-04T00:15:51Z","refresh",6.72322220540482,21
"dst",2026,4,"espn","IND","2026-10-04T00:15:51Z","refresh",5.6866387001962,21
"dst",2026,4,"espn","CLE","2026-10-04T00:15:51Z","refresh",5.64586070971192,20
"dst",2026,4,"espn","ARI","2026-10-04T00:15:51Z","refresh",5.50081717560322,21
"dst",2026,4,"espn","LAC","2026-10-04T00:15:51Z","refresh",5.41031018566957,24.75
"dst",2026,4,"espn","NO","2026-10-04T00:15:51Z","refresh",5.3203341024706,23
"dst",2026,4,"espn","NYG","2026-10-04T00:15:51Z","refresh",5.31469508334935,23.5
"dst",2026,4,"espn","WAS","2026-10-04T00:15:51Z","refresh",5.04273382550093,25.5
"dst",2026,4,"espn","MIA","2026-10-04T00:15:51Z","refresh",4.81848472019848,24.25
"dst",2026,4,"espn","SF","2026-10-04T00:15:51Z","refresh",4.77157916685096,22.75
"dst",2026,4,"espn","ATL","2026-10-04T00:15:51Z","refresh",4.76690184115393,25
"dst",2026,4,"espn","DET","2026-10-04T00:15:51Z","refresh",4.6634154446051,23.75
"dst",2026,4,"espn","CIN","2026-10-04T00:15:51Z","refresh",4.48880756341507,24.5
"dst",2026,4,"espn","HOU","2026-10-04T00:15:51Z","refresh",4.40013794322649,22.75
"dst",2026,4,"espn","NYJ","2026-10-04T00:15:51Z","refresh",4.38586964215554,23.25
"dst",2026,4,"espn","CAR","2026-10-04T00:15:51Z","refresh",4.33561001317758,27.25
"dst",2026,4,"espn","JAX","2026-10-04T00:15:51Z","refresh",4.14762817358563,27
"dst",2026,4,"espn","DEN","2026-10-04T00:15:51Z","refresh",4.00540757749905,25.25
"dst",2026,4,"espn","DAL","2026-10-04T00:15:51Z","refresh",3.78645159059113,25.75
"dst",2026,4,"espn","PHI","2026-10-04T00:15:51Z","refresh",3.77906823877905,23
"dst",2026,4,"espn","LV","2026-10-04T00:15:51Z","refresh",3.74911595626214,26
"dst",2026,4,"espn","TEN","2026-10-04T00:15:51Z","refresh",2.60939671485665,27
"dst",2026,4,"espn","NE","2026-10-04T00:15:51Z","refresh",1.57210721386899,28.5
"dst",2026,4,"yahoo","MIN","2026-10-04T00:15:51Z","refresh",10.8668412643743,14.25
"dst",2026,4,"yahoo","PIT","2026-10-04T00:15:51Z","refresh",9.11956681817798,17.5
"dst",2026,4,"yahoo","BAL","2026-10-04T00:15:51Z","refresh",8.91131129068625,15.5
"dst",2026,4,"yahoo","SEA","2026-10-04T00:15:51Z","refresh",8.90765338539129,17.75
"dst",2026,4,"yahoo","GB","2026-10-04T00:15:51Z","refresh",8.29309443710433,18
"dst",2026,4,"yahoo","CHI","2026-10-04T00:15:51Z","refresh",8.18175495873711,19.75
"dst",2026,4,"yahoo","KC","2026-10-04T00:15:51Z","refresh",8.10295945238954,21.5
"dst",2026,4,"yahoo","LA","2026-10-04T00:15:51Z","refresh",7.51671592831374,19.5
"dst",2026,4,"yahoo","BUF","2026-10-04T00:15:51Z","refresh",7.51463319141897,21.5
"dst",2026,4,"yahoo","TB","2026-10-04T00:15:51Z","refresh",6.91676240949376,21
"dst",2026,4,"yahoo","CLE","2026-10-04T00:15:51Z","refresh",6.89493173168668,20
"dst",2026,4,"yahoo","IND","2026-10-04T00:15:51Z","refresh",6.77344254498291,21
"dst",2026,4,"yahoo","NO","2026-10-04T00:15:51Z","refresh",6.54259384239572,23
"dst",2026,4,"yahoo","ARI","2026-10-04T00:15:51Z","refresh",6.43395614575974,21
"dst",2026,4,"yahoo","LAC","2026-10-04T00:15:51Z","refresh",6.32379141057813,24.75
"dst",2026,4,"yahoo","DET","2026-10-04T00:15:51Z","refresh",6.29751016712006,23.75
"dst",2026,4,"yahoo","NYG","2026-10-04T00:15:51Z","refresh",6.24699897863253,23.5
"dst",2026,4,"yahoo","HOU","2026-10-04T00:15:51Z","refresh",6.21095268323533,22.75
"dst",2026,4,"yahoo","ATL","2026-10-04T00:15:51Z","refresh",6.09102078502957,25
"dst",2026,4,"yahoo","DEN","2026-10-04T00:15:51Z","refresh",5.89712368355988,25.25
"dst",2026,4,"yahoo","DAL","2026-10-04T00:15:51Z","refresh",5.82464783101634,25.75
"dst",2026,4,"yahoo","MIA","2026-10-04T00:15:51Z","refresh",5.78343297454105,24.25
"dst",2026,4,"yahoo","SF","2026-10-04T00:15:51Z","refresh",5.68594856484975,22.75
"dst",2026,4,"yahoo","CIN","2026-10-04T00:15:51Z","refresh",5.65433465004459,24.5
"dst",2026,4,"yahoo","WAS","2026-10-04T00:15:51Z","refresh",5.53784069320613,25.5
"dst",2026,4,"yahoo","CAR","2026-10-04T00:15:51Z","refresh",5.42461721346124,27.25
"dst",2026,4,"yahoo","NYJ","2026-10-04T00:15:51Z","refresh",5.35495101523449,23.25
"dst",2026,4,"yahoo","PHI","2026-10-04T00:15:51Z","refresh",5.15820819582569,23
"dst",2026,4,"yahoo","JAX","2026-10-04T00:15:51Z","refresh",5.1092807561781,27
"dst",2026,4,"yahoo","LV","2026-10-04T00:15:51Z","refresh",4.86407935756858,26
"dst",2026,4,"yahoo","TEN","2026-10-04T00:15:51Z","refresh",3.9801618546947,27
"dst",2026,4,"yahoo","NE","2026-10-04T00:15:51Z","refresh",3.6958966486899,28.5
"dst",2026,4,"ffpc","MIN","2026-10-04T00:15:51Z","refresh",12.3980397051317,14.25
"dst",2026,4,"ffpc","SEA","2026-10-04T00:15:51Z","refresh",10.5530442809857,17.75
"dst",2026,4,"ffpc","PIT","2026-10-04T00:15:51Z","refresh",10.0248951762433,17.5
"dst",2026,4,"ffpc","GB","2026-10-04T00:15:51Z","refresh",9.8208491220087,18
"dst",2026,4,"ffpc","BAL","2026-10-04T00:15:51Z","refresh",9.63600153944706,15.5
"dst",2026,4,"ffpc","CHI","2026-10-04T00:15:51Z","refresh",9.20741647118286,19.75
"dst",2026,4,"ffpc","KC","2026-10-04T00:15:51Z","refresh",9.03449439982033,21.5
"dst",2026,4,"ffpc","BUF","2026-10-04T00:15:51Z","refresh",8.69476950319317,21.5
"dst",2026,4,"ffpc","LA","2026-10-04T00:15:51Z","refresh",8.6814118378319,19.5
"dst",2026,4,"ffpc","TB","2026-10-04T00:15:51Z","refresh",7.83393910891235,21
"dst",2026,4,"ffpc","IND","2026-10-04T00:15:51Z","refresh",7.71358690886054,21
"dst",2026,4,"ffpc","LAC","2026-10-04T00:15:51Z","refresh",7.53471612519351,24.75
"dst",2026,4,"ffpc","ARI","2026-10-04T00:15:51Z","refresh",7.43396643537308,21
"dst",2026,4,"ffpc","CLE","2026-10-04T00:15:51Z","refresh",7.40477139151905,20
"dst",2026,4,"ffpc","DET","2026-10-04T00:15:51Z","refresh",7.29185260555697,23.75
"dst",2026,4,"ffpc","NO","2026-10-04T00:15:51Z","refresh",7.27137336798447,23
"dst",2026,4,"ffpc","NYG","2026-10-04T00:15:51Z","refresh",7.23526769760641,23.5
"dst",2026,4,"ffpc","ATL","2026-10-04T00:15:51Z","refresh",7.1658267253267,25
"dst",2026,4,"ffpc","CIN","2026-10-04T00:15:51Z","refresh",6.71192852991704,24.5
"dst",2026,4,"ffpc","DEN","2026-10-04T00:15:51Z","refresh",6.67693228536298,25.25
"dst",2026,4,"ffpc","WAS","2026-10-04T00:15:51Z","refresh",6.62726731271244,25.5
"dst",2026,4,"ffpc","MIA","2026-10-04T00:15:51Z","refresh",6.61483014247646,24.25
"dst",2026,4,"ffpc","SF","2026-10-04T00:15:51Z","refresh",6.57525684561023,22.75
"dst",2026,4,"ffpc","CAR","2026-10-04T00:15:51Z","refresh",6.55222225379399,27.25
"dst",2026,4,"ffpc","JAX","2026-10-04T00:15:51Z","refresh",6.51362616246742,27
"dst",2026,4,"ffpc","HOU","2026-10-04T00:15:51Z","refresh",6.50374005240713,22.75
"dst",2026,4,"ffpc","DAL","2026-10-04T00:15:51Z","refresh",6.21686511161162,25.75
"dst",2026,4,"ffpc","NYJ","2026-10-04T00:15:51Z","refresh",6.20233519006761,23.25
"dst",2026,4,"ffpc","LV","2026-10-04T00:15:51Z","refresh",5.68090320587771,26
"dst",2026,4,"ffpc","PHI","2026-10-04T00:15:51Z","refresh",5.61559210126339,23
"dst",2026,4,"ffpc","TEN","2026-10-04T00:15:51Z","refresh",4.92471677892799,27
"dst",2026,4,"ffpc","NE","2026-10-04T00:15:51Z","refresh",4.45507020100634,28.5
"k",2026,4,"espn","MIN","2026-10-04T00:16:34Z","refresh",10.0730014524136,24.25
"k",2026,4,"espn","DAL","2026-10-04T00:16:34Z","refresh",9.57980485086814,22.75
"k",2026,4,"espn","HOU","2026-10-04T00:16:34Z","refresh",9.55536039248845,25.75
"k",2026,4,"espn","SEA","2026-10-04T00:16:34Z","refresh",9.23557690297466,24.75
"k",2026,4,"espn","NO","2026-10-04T00:16:34Z","refresh",9.16187986929533,25
"k",2026,4,"espn","CIN","2026-10-04T00:16:34Z","refresh",9.17223548197129,27
"k",2026,4,"espn","KC","2026-10-04T00:16:34Z","refresh",9.0433285321909,26
"k",2026,4,"espn","BAL","2026-10-04T00:16:34Z","refresh",8.90319594058378,27
"k",2026,4,"espn","IND","2026-10-04T00:16:34Z","refresh",8.76102606770401,25.5
"k",2026,4,"espn","DET","2026-10-04T00:16:34Z","refresh",8.62911250016913,27.25
"k",2026,4,"espn","SF","2026-10-04T00:16:34Z","refresh",8.56082049763505,25.25
"k",2026,4,"espn","PIT","2026-10-04T00:16:34Z","refresh",8.52516636595045,20
"k",2026,4,"espn","TB","2026-10-04T00:16:34Z","refresh",8.48855962607523,18
"k",2026,4,"espn","ATL","2026-10-04T00:16:34Z","refresh",8.53594372963554,23
"k",2026,4,"espn","JAX","2026-10-04T00:16:34Z","refresh",8.32244920870853,24.5
"k",2026,4,"espn","BUF","2026-10-04T00:16:34Z","refresh",8.34191107947154,28.5
"k",2026,4,"espn","ARI","2026-10-04T00:16:34Z","refresh",8.27999701338058,23.5
"k",2026,4,"espn","LV","2026-10-04T00:16:34Z","refresh",8.14092750290419,21.5
"k",2026,4,"espn","CHI","2026-10-04T00:16:34Z","refresh",7.97429789143392,23.25
"k",2026,4,"espn","LA","2026-10-04T00:16:34Z","refresh",7.96116941370846,23
"k",2026,4,"espn","DEN","2026-10-04T00:16:34Z","refresh",7.78268753304869,22.75
"k",2026,4,"espn","LAC","2026-10-04T00:16:34Z","refresh",7.77497938955878,17.75
"k",2026,4,"espn","NYJ","2026-10-04T00:16:34Z","refresh",7.67869179898645,19.75
"k",2026,4,"espn","CAR","2026-10-04T00:16:34Z","refresh",7.67921154633925,23.75
"k",2026,4,"espn","GB","2026-10-04T00:16:34Z","refresh",7.65984773993907,21
"k",2026,4,"espn","PHI","2026-10-04T00:16:34Z","refresh",7.55395340477935,19.5
"k",2026,4,"espn","CLE","2026-10-04T00:16:34Z","refresh",7.35823148106419,17.5
"k",2026,4,"espn","NYG","2026-10-04T00:16:34Z","refresh",7.31069963105742,21
"k",2026,4,"espn","WAS","2026-10-04T00:16:34Z","refresh",7.23411460797106,21
"k",2026,4,"espn","MIA","2026-10-04T00:16:34Z","refresh",7.12276420188944,14.25
"k",2026,4,"espn","TEN","2026-10-04T00:16:34Z","refresh",6.8639830092108,15.5
"k",2026,4,"espn","NE","2026-10-04T00:16:34Z","refresh",6.84940227424683,21.5
"k",2026,4,"dec","MIN","2026-10-04T00:16:34Z","refresh",10.4917174150112,24.25
"k",2026,4,"dec","DAL","2026-10-04T00:16:34Z","refresh",10.0827959502119,22.75
"k",2026,4,"dec","HOU","2026-10-04T00:16:34Z","refresh",9.97967501508123,25.75
"k",2026,4,"dec","SEA","2026-10-04T00:16:34Z","refresh",9.60647472649462,24.75
"k",2026,4,"dec","NO","2026-10-04T00:16:34Z","refresh",9.57187244045662,25
"k",2026,4,"dec","CIN","2026-10-04T00:16:34Z","refresh",9.5311610643311,27
"k",2026,4,"dec","KC","2026-10-04T00:16:34Z","refresh",9.43468784248834,26
"k",2026,4,"dec","BAL","2026-10-04T00:16:34Z","refresh",9.19482321968641,27
"k",2026,4,"dec","IND","2026-10-04T00:16:34Z","refresh",9.07920620852428,25.5
"k",2026,4,"dec","DET","2026-10-04T00:16:34Z","refresh",8.96734506796759,27.25
"k",2026,4,"dec","SF","2026-10-04T00:16:34Z","refresh",8.90253761294582,25.25
"k",2026,4,"dec","PIT","2026-10-04T00:16:34Z","refresh",8.95649950517669,20
"k",2026,4,"dec","TB","2026-10-04T00:16:34Z","refresh",8.91363895255779,18
"k",2026,4,"dec","ATL","2026-10-04T00:16:34Z","refresh",8.97261071064365,23
"k",2026,4,"dec","JAX","2026-10-04T00:16:34Z","refresh",8.65692103353762,24.5
"k",2026,4,"dec","BUF","2026-10-04T00:16:34Z","refresh",8.65938330338517,28.5
"k",2026,4,"dec","ARI","2026-10-04T00:16:34Z","refresh",8.60773831050826,23.5
"k",2026,4,"dec","LV","2026-10-04T00:16:34Z","refresh",8.54502413102813,21.5
"k",2026,4,"dec","CHI","2026-10-04T00:16:34Z","refresh",8.35050849560372,23.25
"k",2026,4,"dec","LA","2026-10-04T00:16:34Z","refresh",8.27809689183921,23
"k",2026,4,"dec","DEN","2026-10-04T00:16:34Z","refresh",8.11828945291299,22.75
"k",2026,4,"dec","LAC","2026-10-04T00:16:34Z","refresh",8.15876560145116,17.75
"k",2026,4,"dec","NYJ","2026-10-04T00:16:34Z","refresh",8.05776981507105,19.75
"k",2026,4,"dec","CAR","2026-10-04T00:16:34Z","refresh",7.98131487422859,23.75
"k",2026,4,"dec","GB","2026-10-04T00:16:34Z","refresh",8.0090781666812,21
"k",2026,4,"dec","PHI","2026-10-04T00:16:34Z","refresh",7.94327427329732,19.5
"k",2026,4,"dec","CLE","2026-10-04T00:16:34Z","refresh",7.72057433987525,17.5
"k",2026,4,"dec","NYG","2026-10-04T00:16:34Z","refresh",7.63997376161949,21
"k",2026,4,"dec","WAS","2026-10-04T00:16:34Z","refresh",7.56686661588049,21
"k",2026,4,"dec","MIA","2026-10-04T00:16:34Z","refresh",7.52970571681645,14.25
"k",2026,4,"dec","TEN","2026-10-04T00:16:34Z","refresh",7.24469511668113,15.5
"k",2026,4,"dec","NE","2026-10-04T00:16:34Z","refresh",7.14377162292666,21.5
"dst",2026,4,"espn","MIN","2026-10-04T01:23:09Z","refresh",12.1881102079094,14.25
"dst",2026,4,"espn","SEA","2026-10-04T01:23:09Z","refresh",9.55721573074438,17.75
"dst",2026,4,"espn","PIT","2026-10-04T01:23:09Z","refresh",9.23016072706621,17.5
"dst",2026,4,"espn","GB","2026-10-04T01:23:09Z","refresh",8.91031226725505,18
"dst",2026,4,"espn","BAL","2026-10-04T01:23:09Z","refresh",8.54003061328023,15.5
"dst",2026,4,"espn","CHI","2026-10-04T01:23:09Z","refresh",7.99628285217052,19.75
"dst",2026,4,"espn","KC","2026-10-04T01:23:09Z","refresh",7.66482426192423,21.75
"dst",2026,4,"espn","LA","2026-10-04T01:23:09Z","refresh",7.31551343613129,19.5
"dst",2026,4,"espn","BUF","2026-10-04T01:23:09Z","refresh",6.78572191296853,21.5
"dst",2026,4,"espn","TB","2026-10-04T01:23:09Z","refresh",6.72322220540482,21
"dst",2026,4,"espn","IND","2026-10-04T01:23:09Z","refresh",5.6866387001962,21
"dst",2026,4,"espn","CLE","2026-10-04T01:23:09Z","refresh",5.64586070971192,20
"dst",2026,4,"espn","ARI","2026-10-04T01:23:09Z","refresh",5.50081717560322,21
"dst",2026,4,"espn","LAC","2026-10-04T01:23:09Z","refresh",5.41031018566957,24.75
"dst",2026,4,"espn","NO","2026-10-04T01:23:09Z","refresh",5.3203341024706,23
"dst",2026,4,"espn","NYG","2026-10-04T01:23:09Z","refresh",5.31469508334935,23.5
"dst",2026,4,"espn","WAS","2026-10-04T01:23:09Z","refresh",5.04273382550093,25.5
"dst",2026,4,"espn","MIA","2026-10-04T01:23:09Z","refresh",4.81848472019848,24.25
"dst",2026,4,"espn","SF","2026-10-04T01:23:09Z","refresh",4.77157916685096,22.75
"dst",2026,4,"espn","ATL","2026-10-04T01:23:09Z","refresh",4.76690184115393,25
"dst",2026,4,"espn","DET","2026-10-04T01:23:09Z","refresh",4.6634154446051,23.75
"dst",2026,4,"espn","CIN","2026-10-04T01:23:09Z","refresh",4.48880756341507,24.5
"dst",2026,4,"espn","HOU","2026-10-04T01:23:09Z","refresh",4.40013794322649,22.75
"dst",2026,4,"espn","NYJ","2026-10-04T01:23:09Z","refresh",4.38586964215554,23.25
"dst",2026,4,"espn","CAR","2026-10-04T01:23:09Z","refresh",4.33561001317758,27.25
"dst",2026,4,"espn","JAX","2026-10-04T01:23:09Z","refresh",4.14762817358563,27
"dst",2026,4,"espn","DEN","2026-10-04T01:23:09Z","refresh",4.00540757749905,25.25
"dst",2026,4,"espn","DAL","2026-10-04T01:23:09Z","refresh",3.78645159059113,25.75
"dst",2026,4,"espn","PHI","2026-10-04T01:23:09Z","refresh",3.77906823877905,23
"dst",2026,4,"espn","LV","2026-10-04T01:23:09Z","refresh",3.65717559364176,26.25
"dst",2026,4,"espn","TEN","2026-10-04T01:23:09Z","refresh",2.60939671485665,27
"dst",2026,4,"espn","NE","2026-10-04T01:23:09Z","refresh",1.57210721386899,28.5
"dst",2026,4,"yahoo","MIN","2026-10-04T01:23:09Z","refresh",10.8668412643743,14.25
"dst",2026,4,"yahoo","PIT","2026-10-04T01:23:09Z","refresh",9.11956681817798,17.5
"dst",2026,4,"yahoo","BAL","2026-10-04T01:23:09Z","refresh",8.91131129068625,15.5
"dst",2026,4,"yahoo","SEA","2026-10-04T01:23:09Z","refresh",8.90765338539129,17.75
"dst",2026,4,"yahoo","GB","2026-10-04T01:23:09Z","refresh",8.29309443710433,18
"dst",2026,4,"yahoo","CHI","2026-10-04T01:23:09Z","refresh",8.18175495873711,19.75
"dst",2026,4,"yahoo","KC","2026-10-04T01:23:09Z","refresh",8.04418764960631,21.75
"dst",2026,4,"yahoo","LA","2026-10-04T01:23:09Z","refresh",7.51671592831374,19.5
"dst",2026,4,"yahoo","BUF","2026-10-04T01:23:09Z","refresh",7.51463319141897,21.5
"dst",2026,4,"yahoo","TB","2026-10-04T01:23:09Z","refresh",6.91676240949376,21
"dst",2026,4,"yahoo","CLE","2026-10-04T01:23:09Z","refresh",6.89493173168668,20
"dst",2026,4,"yahoo","IND","2026-10-04T01:23:09Z","refresh",6.77344254498291,21
"dst",2026,4,"yahoo","NO","2026-10-04T01:23:09Z","refresh",6.54259384239572,23
"dst",2026,4,"yahoo","ARI","2026-10-04T01:23:09Z","refresh",6.43395614575974,21
"dst",2026,4,"yahoo","LAC","2026-10-04T01:23:09Z","refresh",6.32379141057813,24.75
"dst",2026,4,"yahoo","DET","2026-10-04T01:23:09Z","refresh",6.29751016712006,23.75
"dst",2026,4,"yahoo","NYG","2026-10-04T01:23:09Z","refresh",6.24699897863253,23.5
"dst",2026,4,"yahoo","HOU","2026-10-04T01:23:09Z","refresh",6.21095268323533,22.75
"dst",2026,4,"yahoo","ATL","2026-10-04T01:23:09Z","refresh",6.09102078502957,25
"dst",2026,4,"yahoo","DEN","2026-10-04T01:23:09Z","refresh",5.89712368355988,25.25
"dst",2026,4,"yahoo","DAL","2026-10-04T01:23:09Z","refresh",5.82464783101634,25.75
"dst",2026,4,"yahoo","MIA","2026-10-04T01:23:09Z","refresh",5.78343297454105,24.25
"dst",2026,4,"yahoo","SF","2026-10-04T01:23:09Z","refresh",5.68594856484975,22.75
"dst",2026,4,"yahoo","CIN","2026-10-04T01:23:09Z","refresh",5.65433465004459,24.5
"dst",2026,4,"yahoo","WAS","2026-10-04T01:23:09Z","refresh",5.53784069320613,25.5
"dst",2026,4,"yahoo","CAR","2026-10-04T01:23:09Z","refresh",5.42461721346124,27.25
"dst",2026,4,"yahoo","NYJ","2026-10-04T01:23:09Z","refresh",5.35495101523449,23.25
"dst",2026,4,"yahoo","PHI","2026-10-04T01:23:09Z","refresh",5.15820819582569,23
"dst",2026,4,"yahoo","JAX","2026-10-04T01:23:09Z","refresh",5.1092807561781,27
"dst",2026,4,"yahoo","LV","2026-10-04T01:23:09Z","refresh",4.80530755478536,26.25
"dst",2026,4,"yahoo","TEN","2026-10-04T01:23:09Z","refresh",3.9801618546947,27
"dst",2026,4,"yahoo","NE","2026-10-04T01:23:09Z","refresh",3.6958966486899,28.5
"dst",2026,4,"ffpc","MIN","2026-10-04T01:23:09Z","refresh",12.3980397051317,14.25
"dst",2026,4,"ffpc","SEA","2026-10-04T01:23:09Z","refresh",10.5530442809857,17.75
"dst",2026,4,"ffpc","PIT","2026-10-04T01:23:09Z","refresh",10.0248951762433,17.5
"dst",2026,4,"ffpc","GB","2026-10-04T01:23:09Z","refresh",9.8208491220087,18
"dst",2026,4,"ffpc","BAL","2026-10-04T01:23:09Z","refresh",9.63600153944706,15.5
"dst",2026,4,"ffpc","CHI","2026-10-04T01:23:09Z","refresh",9.20741647118286,19.75
"dst",2026,4,"ffpc","KC","2026-10-04T01:23:09Z","refresh",8.98074130538052,21.75
"dst",2026,4,"ffpc","BUF","2026-10-04T01:23:09Z","refresh",8.69476950319317,21.5
"dst",2026,4,"ffpc","LA","2026-10-04T01:23:09Z","refresh",8.6814118378319,19.5
"dst",2026,4,"ffpc","TB","2026-10-04T01:23:09Z","refresh",7.83393910891235,21
"dst",2026,4,"ffpc","IND","2026-10-04T01:23:09Z","refresh",7.71358690886054,21
"dst",2026,4,"ffpc","LAC","2026-10-04T01:23:09Z","refresh",7.53471612519351,24.75
"dst",2026,4,"ffpc","ARI","2026-10-04T01:23:09Z","refresh",7.43396643537308,21
"dst",2026,4,"ffpc","CLE","2026-10-04T01:23:09Z","refresh",7.40477139151905,20
"dst",2026,4,"ffpc","DET","2026-10-04T01:23:09Z","refresh",7.29185260555697,23.75
"dst",2026,4,"ffpc","NO","2026-10-04T01:23:09Z","refresh",7.27137336798447,23
"dst",2026,4,"ffpc","NYG","2026-10-04T01:23:09Z","refresh",7.23526769760641,23.5
"dst",2026,4,"ffpc","ATL","2026-10-04T01:23:09Z","refresh",7.1658267253267,25
"dst",2026,4,"ffpc","CIN","2026-10-04T01:23:09Z","refresh",6.71192852991704,24.5
"dst",2026,4,"ffpc","DEN","2026-10-04T01:23:09Z","refresh",6.67693228536298,25.25
"dst",2026,4,"ffpc","WAS","2026-10-04T01:23:09Z","refresh",6.62726731271244,25.5
"dst",2026,4,"ffpc","MIA","2026-10-04T01:23:09Z","refresh",6.61483014247646,24.25
"dst",2026,4,"ffpc","SF","2026-10-04T01:23:09Z","refresh",6.57525684561023,22.75
"dst",2026,4,"ffpc","CAR","2026-10-04T01:23:09Z","refresh",6.55222225379399,27.25
"dst",2026,4,"ffpc","JAX","2026-10-04T01:23:09Z","refresh",6.51362616246742,27
"dst",2026,4,"ffpc","HOU","2026-10-04T01:23:09Z","refresh",6.50374005240713,22.75
"dst",2026,4,"ffpc","DAL","2026-10-04T01:23:09Z","refresh",6.21686511161162,25.75
"dst",2026,4,"ffpc","NYJ","2026-10-04T01:23:09Z","refresh",6.20233519006761,23.25
"dst",2026,4,"ffpc","LV","2026-10-04T01:23:09Z","refresh",5.62765056418358,26.25
"dst",2026,4,"ffpc","PHI","2026-10-04T01:23:09Z","refresh",5.61559210126339,23
"dst",2026,4,"ffpc","TEN","2026-10-04T01:23:09Z","refresh",4.92471677892799,27
"dst",2026,4,"ffpc","NE","2026-10-04T01:23:09Z","refresh",4.45507020100634,28.5
"k",2026,4,"espn","MIN","2026-10-04T01:23:43Z","refresh",10.0730014524136,24.25
"k",2026,4,"espn","DAL","2026-10-04T01:23:43Z","refresh",9.57980485086814,22.75
"k",2026,4,"espn","HOU","2026-10-04T01:23:43Z","refresh",9.55536039248845,25.75
"k",2026,4,"espn","SEA","2026-10-04T01:23:43Z","refresh",9.23557690297466,24.75
"k",2026,4,"espn","NO","2026-10-04T01:23:43Z","refresh",9.16187986929533,25
"k",2026,4,"espn","CIN","2026-10-04T01:23:43Z","refresh",9.17223548197129,27
"k",2026,4,"espn","KC","2026-10-04T01:23:43Z","refresh",9.06404264006002,26.25
"k",2026,4,"espn","BAL","2026-10-04T01:23:43Z","refresh",8.85233674183758,27
"k",2026,4,"espn","IND","2026-10-04T01:23:43Z","refresh",8.76102606770401,25.5
"k",2026,4,"espn","DET","2026-10-04T01:23:43Z","refresh",8.62911250016913,27.25
"k",2026,4,"espn","SF","2026-10-04T01:23:43Z","refresh",8.56082049763505,25.25
"k",2026,4,"espn","PIT","2026-10-04T01:23:43Z","refresh",8.52516636595045,20
"k",2026,4,"espn","ATL","2026-10-04T01:23:43Z","refresh",8.53594372963554,23
"k",2026,4,"espn","TB","2026-10-04T01:23:43Z","refresh",8.43580162293797,18
"k",2026,4,"espn","BUF","2026-10-04T01:23:43Z","refresh",8.44133686653103,28.5
"k",2026,4,"espn","JAX","2026-10-04T01:23:43Z","refresh",8.32244920870853,24.5
"k",2026,4,"espn","ARI","2026-10-04T01:23:43Z","refresh",8.27999701338058,23.5
"k",2026,4,"espn","LV","2026-10-04T01:23:43Z","refresh",8.15808695660945,21.75
"k",2026,4,"espn","LA","2026-10-04T01:23:43Z","refresh",8.00689743379549,23
"k",2026,4,"espn","CHI","2026-10-04T01:23:43Z","refresh",7.97429789143392,23.25
"k",2026,4,"espn","LAC","2026-10-04T01:23:43Z","refresh",7.77497938955878,17.75
"k",2026,4,"espn","DEN","2026-10-04T01:23:43Z","refresh",7.78268753304869,22.75
"k",2026,4,"espn","CAR","2026-10-04T01:23:43Z","refresh",7.67921154633925,23.75
"k",2026,4,"espn","NYJ","2026-10-04T01:23:43Z","refresh",7.67869179898645,19.75
"k",2026,4,"espn","PHI","2026-10-04T01:23:43Z","refresh",7.60128976161537,19.5
"k",2026,4,"espn","GB","2026-10-04T01:23:43Z","refresh",7.61316983897446,21
"k",2026,4,"espn","CLE","2026-10-04T01:23:43Z","refresh",7.35823148106419,17.5
"k",2026,4,"espn","NYG","2026-10-04T01:23:43Z","refresh",7.31069963105742,21
"k",2026,4,"espn","WAS","2026-10-04T01:23:43Z","refresh",7.23411460797106,21
"k",2026,4,"espn","MIA","2026-10-04T01:23:43Z","refresh",7.12276420188944,14.25
"k",2026,4,"espn","NE","2026-10-04T01:23:43Z","refresh",6.9418412267306,21.5
"k",2026,4,"espn","TEN","2026-10-04T01:23:43Z","refresh",6.81590847933076,15.5
"k",2026,4,"dec","MIN","2026-10-04T01:23:43Z","refresh",10.4917174150112,24.25
"k",2026,4,"dec","DAL","2026-10-04T01:23:43Z","refresh",10.0827959502119,22.75
"k",2026,4,"dec","HOU","2026-10-04T01:23:43Z","refresh",9.97967501508123,25.75
"k",2026,4,"dec","SEA","2026-10-04T01:23:43Z","refresh",9.60647472649462,24.75
"k",2026,4,"dec","NO","2026-10-04T01:23:43Z","refresh",9.57187244045662,25
"k",2026,4,"dec","CIN","2026-10-04T01:23:43Z","refresh",9.5311610643311,27
"k",2026,4,"dec","KC","2026-10-04T01:23:43Z","refresh",9.45373610896764,26.25
"k",2026,4,"dec","BAL","2026-10-04T01:23:43Z","refresh",9.14239887607069,27
"k",2026,4,"dec","IND","2026-10-04T01:23:43Z","refresh",9.07920620852428,25.5
"k",2026,4,"dec","DET","2026-10-04T01:23:43Z","refresh",8.96734506796759,27.25
"k",2026,4,"dec","SF","2026-10-04T01:23:43Z","refresh",8.90253761294582,25.25
"k",2026,4,"dec","PIT","2026-10-04T01:23:43Z","refresh",8.95649950517669,20
"k",2026,4,"dec","ATL","2026-10-04T01:23:43Z","refresh",8.97261071064365,23
"k",2026,4,"dec","TB","2026-10-04T01:23:43Z","refresh",8.85890880249351,18
"k",2026,4,"dec","BUF","2026-10-04T01:23:43Z","refresh",8.76161622819474,28.5
"k",2026,4,"dec","JAX","2026-10-04T01:23:43Z","refresh",8.65692103353762,24.5
"k",2026,4,"dec","ARI","2026-10-04T01:23:43Z","refresh",8.60773831050826,23.5
"k",2026,4,"dec","LV","2026-10-04T01:23:43Z","refresh",8.56062269832206,21.75
"k",2026,4,"dec","LA","2026-10-04T01:23:43Z","refresh",8.32507715568652,23
"k",2026,4,"dec","CHI","2026-10-04T01:23:43Z","refresh",8.35050849560372,23.25
"k",2026,4,"dec","LAC","2026-10-04T01:23:43Z","refresh",8.15876560145116,17.75
"k",2026,4,"dec","DEN","2026-10-04T01:23:43Z","refresh",8.11828945291299,22.75
"k",2026,4,"dec","CAR","2026-10-04T01:23:43Z","refresh",7.98131487422859,23.75
"k",2026,4,"dec","NYJ","2026-10-04T01:23:43Z","refresh",8.05776981507105,19.75
"k",2026,4,"dec","PHI","2026-10-04T01:23:43Z","refresh",7.99210918375576,19.5
"k",2026,4,"dec","GB","2026-10-04T01:23:43Z","refresh",7.96091004282859,21
"k",2026,4,"dec","CLE","2026-10-04T01:23:43Z","refresh",7.72057433987525,17.5
"k",2026,4,"dec","NYG","2026-10-04T01:23:43Z","refresh",7.63997376161949,21
"k",2026,4,"dec","WAS","2026-10-04T01:23:43Z","refresh",7.56686661588049,21
"k",2026,4,"dec","MIA","2026-10-04T01:23:43Z","refresh",7.52970571681645,14.25
"k",2026,4,"dec","NE","2026-10-04T01:23:43Z","refresh",7.2392281999746,21.5
"k",2026,4,"dec","TEN","2026-10-04T01:23:43Z","refresh",7.1947454053664,15.5
"dst",2026,4,"espn","MIN","2026-10-04T02:54:45Z","refresh",12.1881102079094,14.25
"dst",2026,4,"espn","SEA","2026-10-04T02:54:45Z","refresh",9.55721573074438,17.75
"dst",2026,4,"espn","PIT","2026-10-04T02:54:45Z","refresh",9.23016072706621,17.5
"dst",2026,4,"espn","GB","2026-10-04T02:54:45Z","refresh",8.91031226725505,18
"dst",2026,4,"espn","BAL","2026-10-04T02:54:45Z","refresh",8.54003061328023,15.5
"dst",2026,4,"espn","CHI","2026-10-04T02:54:45Z","refresh",7.99628285217052,19.75
"dst",2026,4,"espn","KC","2026-10-04T02:54:45Z","refresh",7.66482426192423,21.75
"dst",2026,4,"espn","LA","2026-10-04T02:54:45Z","refresh",7.31551343613129,19.5
"dst",2026,4,"espn","BUF","2026-10-04T02:54:45Z","refresh",6.78572191296853,21.5
"dst",2026,4,"espn","TB","2026-10-04T02:54:45Z","refresh",6.72322220540482,21
"dst",2026,4,"espn","IND","2026-10-04T02:54:45Z","refresh",5.6866387001962,21
"dst",2026,4,"espn","CLE","2026-10-04T02:54:45Z","refresh",5.64586070971192,20
"dst",2026,4,"espn","ARI","2026-10-04T02:54:45Z","refresh",5.50081717560322,21
"dst",2026,4,"espn","LAC","2026-10-04T02:54:45Z","refresh",5.41031018566957,24.75
"dst",2026,4,"espn","NYG","2026-10-04T02:54:45Z","refresh",5.31469508334935,23.5
"dst",2026,4,"espn","NO","2026-10-04T02:54:45Z","refresh",5.21652938275313,23.25
"dst",2026,4,"espn","WAS","2026-10-04T02:54:45Z","refresh",5.04273382550093,25.5
"dst",2026,4,"espn","ATL","2026-10-04T02:54:45Z","refresh",4.87157862074649,24.75
"dst",2026,4,"espn","MIA","2026-10-04T02:54:45Z","refresh",4.81848472019848,24.25
"dst",2026,4,"espn","SF","2026-10-04T02:54:45Z","refresh",4.6801334415814,23
"dst",2026,4,"espn","DET","2026-10-04T02:54:45Z","refresh",4.6634154446051,23.75
"dst",2026,4,"espn","CIN","2026-10-04T02:54:45Z","refresh",4.48880756341507,24.5
"dst",2026,4,"espn","HOU","2026-10-04T02:54:45Z","refresh",4.40013794322649,22.75
"dst",2026,4,"espn","NYJ","2026-10-04T02:54:45Z","refresh",4.38586964215554,23.25
"dst",2026,4,"espn","CAR","2026-10-04T02:54:45Z","refresh",4.33561001317758,27.25
"dst",2026,4,"espn","JAX","2026-10-04T02:54:45Z","refresh",4.14762817358563,27
"dst",2026,4,"espn","DEN","2026-10-04T02:54:45Z","refresh",3.91394895563515,25.5
"dst",2026,4,"espn","DAL","2026-10-04T02:54:45Z","refresh",3.78645159059113,25.75
"dst",2026,4,"espn","PHI","2026-10-04T02:54:45Z","refresh",3.77906823877905,23
"dst",2026,4,"espn","LV","2026-10-04T02:54:45Z","refresh",3.65717559364176,26.25
"dst",2026,4,"espn","TEN","2026-10-04T02:54:45Z","refresh",2.60939671485665,27
"dst",2026,4,"espn","NE","2026-10-04T02:54:45Z","refresh",1.57210721386899,28.5
"dst",2026,4,"yahoo","MIN","2026-10-04T02:54:45Z","refresh",10.8668412643743,14.25
"dst",2026,4,"yahoo","PIT","2026-10-04T02:54:45Z","refresh",9.11956681817798,17.5
"dst",2026,4,"yahoo","BAL","2026-10-04T02:54:45Z","refresh",8.91131129068625,15.5
"dst",2026,4,"yahoo","SEA","2026-10-04T02:54:45Z","refresh",8.90765338539129,17.75
"dst",2026,4,"yahoo","GB","2026-10-04T02:54:45Z","refresh",8.29309443710433,18
"dst",2026,4,"yahoo","CHI","2026-10-04T02:54:45Z","refresh",8.18175495873711,19.75
"dst",2026,4,"yahoo","KC","2026-10-04T02:54:45Z","refresh",8.04418764960631,21.75
"dst",2026,4,"yahoo","LA","2026-10-04T02:54:45Z","refresh",7.51671592831374,19.5
"dst",2026,4,"yahoo","BUF","2026-10-04T02:54:45Z","refresh",7.51463319141897,21.5
"dst",2026,4,"yahoo","TB","2026-10-04T02:54:45Z","refresh",6.91676240949376,21
"dst",2026,4,"yahoo","CLE","2026-10-04T02:54:45Z","refresh",6.89493173168668,20
"dst",2026,4,"yahoo","IND","2026-10-04T02:54:45Z","refresh",6.77344254498291,21
"dst",2026,4,"yahoo","NO","2026-10-04T02:54:45Z","refresh",6.45740553232196,23.25
"dst",2026,4,"yahoo","ARI","2026-10-04T02:54:45Z","refresh",6.43395614575974,21
"dst",2026,4,"yahoo","LAC","2026-10-04T02:54:45Z","refresh",6.32379141057813,24.75
"dst",2026,4,"yahoo","DET","2026-10-04T02:54:45Z","refresh",6.29751016712006,23.75
"dst",2026,4,"yahoo","NYG","2026-10-04T02:54:45Z","refresh",6.24699897863253,23.5
"dst",2026,4,"yahoo","HOU","2026-10-04T02:54:45Z","refresh",6.21095268323533,22.75
"dst",2026,4,"yahoo","ATL","2026-10-04T02:54:45Z","refresh",6.17620909510333,24.75
"dst",2026,4,"yahoo","DEN","2026-10-04T02:54:45Z","refresh",5.83835188077665,25.5
"dst",2026,4,"yahoo","DAL","2026-10-04T02:54:45Z","refresh",5.82464783101634,25.75
"dst",2026,4,"yahoo","MIA","2026-10-04T02:54:45Z","refresh",5.78343297454105,24.25
"dst",2026,4,"yahoo","CIN","2026-10-04T02:54:45Z","refresh",5.65433465004459,24.5
"dst",2026,4,"yahoo","SF","2026-10-04T02:54:45Z","refresh",5.62717676206653,23
"dst",2026,4,"yahoo","WAS","2026-10-04T02:54:45Z","refresh",5.53784069320613,25.5
"dst",2026,4,"yahoo","CAR","2026-10-04T02:54:45Z","refresh",5.42461721346124,27.25
"dst",2026,4,"yahoo","NYJ","2026-10-04T02:54:45Z","refresh",5.35495101523449,23.25
"dst",2026,4,"yahoo","PHI","2026-10-04T02:54:45Z","refresh",5.15820819582569,23
"dst",2026,4,"yahoo","JAX","2026-10-04T02:54:45Z","refresh",5.1092807561781,27
"dst",2026,4,"yahoo","LV","2026-10-04T02:54:45Z","refresh",4.80530755478536,26.25
"dst",2026,4,"yahoo","TEN","2026-10-04T02:54:45Z","refresh",3.9801618546947,27
"dst",2026,4,"yahoo","NE","2026-10-04T02:54:45Z","refresh",3.6958966486899,28.5
"dst",2026,4,"ffpc","MIN","2026-10-04T02:54:45Z","refresh",12.3980397051317,14.25
"dst",2026,4,"ffpc","SEA","2026-10-04T02:54:45Z","refresh",10.5530442809857,17.75
"dst",2026,4,"ffpc","PIT","2026-10-04T02:54:45Z","refresh",10.0248951762433,17.5
"dst",2026,4,"ffpc","GB","2026-10-04T02:54:45Z","refresh",9.8208491220087,18
"dst",2026,4,"ffpc","BAL","2026-10-04T02:54:45Z","refresh",9.63600153944706,15.5
"dst",2026,4,"ffpc","CHI","2026-10-04T02:54:45Z","refresh",9.20741647118286,19.75
"dst",2026,4,"ffpc","KC","2026-10-04T02:54:45Z","refresh",8.98074130538052,21.75
"dst",2026,4,"ffpc","BUF","2026-10-04T02:54:45Z","refresh",8.69476950319317,21.5
"dst",2026,4,"ffpc","LA","2026-10-04T02:54:45Z","refresh",8.6814118378319,19.5
"dst",2026,4,"ffpc","TB","2026-10-04T02:54:45Z","refresh",7.83393910891235,21
"dst",2026,4,"ffpc","IND","2026-10-04T02:54:45Z","refresh",7.71358690886054,21
"dst",2026,4,"ffpc","LAC","2026-10-04T02:54:45Z","refresh",7.53471612519351,24.75
"dst",2026,4,"ffpc","ARI","2026-10-04T02:54:45Z","refresh",7.43396643537308,21
"dst",2026,4,"ffpc","CLE","2026-10-04T02:54:45Z","refresh",7.40477139151905,20
"dst",2026,4,"ffpc","DET","2026-10-04T02:54:45Z","refresh",7.29185260555697,23.75
"dst",2026,4,"ffpc","ATL","2026-10-04T02:54:45Z","refresh",7.2474941968216,24.75
"dst",2026,4,"ffpc","NYG","2026-10-04T02:54:45Z","refresh",7.23526769760641,23.5
"dst",2026,4,"ffpc","NO","2026-10-04T02:54:45Z","refresh",7.19061083334507,23.25
"dst",2026,4,"ffpc","CIN","2026-10-04T02:54:45Z","refresh",6.71192852991704,24.5
"dst",2026,4,"ffpc","WAS","2026-10-04T02:54:45Z","refresh",6.62726731271244,25.5
"dst",2026,4,"ffpc","DEN","2026-10-04T02:54:45Z","refresh",6.62404242266016,25.5
"dst",2026,4,"ffpc","MIA","2026-10-04T02:54:45Z","refresh",6.61483014247646,24.25
"dst",2026,4,"ffpc","CAR","2026-10-04T02:54:45Z","refresh",6.55222225379399,27.25
"dst",2026,4,"ffpc","SF","2026-10-04T02:54:45Z","refresh",6.52250880056663,23
"dst",2026,4,"ffpc","JAX","2026-10-04T02:54:45Z","refresh",6.51362616246742,27
"dst",2026,4,"ffpc","HOU","2026-10-04T02:54:45Z","refresh",6.50374005240713,22.75
"dst",2026,4,"ffpc","DAL","2026-10-04T02:54:45Z","refresh",6.21686511161162,25.75
"dst",2026,4,"ffpc","NYJ","2026-10-04T02:54:45Z","refresh",6.20233519006761,23.25
"dst",2026,4,"ffpc","LV","2026-10-04T02:54:45Z","refresh",5.62765056418358,26.25
"dst",2026,4,"ffpc","PHI","2026-10-04T02:54:45Z","refresh",5.61559210126339,23
"dst",2026,4,"ffpc","TEN","2026-10-04T02:54:45Z","refresh",4.92471677892799,27
"dst",2026,4,"ffpc","NE","2026-10-04T02:54:45Z","refresh",4.45507020100634,28.5
"k",2026,4,"espn","MIN","2026-10-04T02:56:23Z","refresh",10.0730014524136,24.25
"k",2026,4,"espn","DAL","2026-10-04T02:56:23Z","refresh",9.57980485086814,22.75
"k",2026,4,"espn","HOU","2026-10-04T02:56:23Z","refresh",9.55536039248845,25.75
"k",2026,4,"espn","SEA","2026-10-04T02:56:23Z","refresh",9.18265476438811,24.75
"k",2026,4,"espn","NO","2026-10-04T02:56:23Z","refresh",9.11159488086756,24.75
"k",2026,4,"espn","CIN","2026-10-04T02:56:23Z","refresh",9.2258048904461,27
"k",2026,4,"espn","KC","2026-10-04T02:56:23Z","refresh",9.06404264006002,26.25
"k",2026,4,"espn","BAL","2026-10-04T02:56:23Z","refresh",8.85233674183758,27
"k",2026,4,"espn","IND","2026-10-04T02:56:23Z","refresh",8.81128439449263,25.5
"k",2026,4,"espn","DET","2026-10-04T02:56:23Z","refresh",8.62911250016913,27.25
"k",2026,4,"espn","SF","2026-10-04T02:56:23Z","refresh",8.52735729539033,25.5
"k",2026,4,"espn","PIT","2026-10-04T02:56:23Z","refresh",8.52516636595045,20
"k",2026,4,"espn","ATL","2026-10-04T02:56:23Z","refresh",8.58450213319403,23.25
"k",2026,4,"espn","TB","2026-10-04T02:56:23Z","refresh",8.43770484158104,18
"k",2026,4,"espn","BUF","2026-10-04T02:56:23Z","refresh",8.39059363718048,28.5
"k",2026,4,"espn","JAX","2026-10-04T02:56:23Z","refresh",8.37170705812808,24.5
"k",2026,4,"espn","ARI","2026-10-04T02:56:23Z","refresh",8.37562409360251,23.5
"k",2026,4,"espn","LV","2026-10-04T02:56:23Z","refresh",8.15808695660945,21.75
"k",2026,4,"espn","LA","2026-10-04T02:56:23Z","refresh",7.95831458574385,23
"k",2026,4,"espn","CHI","2026-10-04T02:56:23Z","refresh",8.02179196142817,23.25
"k",2026,4,"espn","LAC","2026-10-04T02:56:23Z","refresh",7.72595913525249,17.75
"k",2026,4,"espn","DEN","2026-10-04T02:56:23Z","refresh",7.74901578972346,23
"k",2026,4,"espn","CAR","2026-10-04T02:56:23Z","refresh",7.67921154633925,23.75
"k",2026,4,"espn","NYJ","2026-10-04T02:56:23Z","refresh",7.72613067349678,19.75
"k",2026,4,"espn","PHI","2026-10-04T02:56:23Z","refresh",7.55109857681473,19.5
"k",2026,4,"espn","GB","2026-10-04T02:56:23Z","refresh",7.61507305761753,21
"k",2026,4,"espn","CLE","2026-10-04T02:56:23Z","refresh",7.35823148106419,17.5
"k",2026,4,"espn","NYG","2026-10-04T02:56:23Z","refresh",7.39813384355337,21
"k",2026,4,"espn","WAS","2026-10-04T02:56:23Z","refresh",7.28071066243819,21
"k",2026,4,"espn","MIA","2026-10-04T02:56:23Z","refresh",7.12276420188944,14.25
"k",2026,4,"espn","NE","2026-10-04T02:56:23Z","refresh",6.8945993953234,21.5
"k",2026,4,"espn","TEN","2026-10-04T02:56:23Z","refresh",6.81590847933076,15.5
"k",2026,4,"dec","MIN","2026-10-04T02:56:23Z","refresh",10.4917174150112,24.25
"k",2026,4,"dec","DAL","2026-10-04T02:56:23Z","refresh",10.0827959502119,22.75
"k",2026,4,"dec","HOU","2026-10-04T02:56:23Z","refresh",9.97967501508123,25.75
"k",2026,4,"dec","SEA","2026-10-04T02:56:23Z","refresh",9.5518518697486,24.75
"k",2026,4,"dec","NO","2026-10-04T02:56:23Z","refresh",9.52265394321314,24.75
"k",2026,4,"dec","CIN","2026-10-04T02:56:23Z","refresh",9.5863358813057,27
"k",2026,4,"dec","KC","2026-10-04T02:56:23Z","refresh",9.45373610896764,26.25
"k",2026,4,"dec","BAL","2026-10-04T02:56:23Z","refresh",9.14239887607069,27
"k",2026,4,"dec","IND","2026-10-04T02:56:23Z","refresh",9.13091156788771,25.5
"k",2026,4,"dec","DET","2026-10-04T02:56:23Z","refresh",8.96734506796759,27.25
"k",2026,4,"dec","SF","2026-10-04T02:56:23Z","refresh",8.86537120666667,25.5
"k",2026,4,"dec","PIT","2026-10-04T02:56:23Z","refresh",8.95649950517669,20
"k",2026,4,"dec","ATL","2026-10-04T02:56:23Z","refresh",9.02030314978013,23.25
"k",2026,4,"dec","TB","2026-10-04T02:56:23Z","refresh",8.86110045422676,18
"k",2026,4,"dec","BUF","2026-10-04T02:56:23Z","refresh",8.70932330406394,28.5
"k",2026,4,"dec","JAX","2026-10-04T02:56:23Z","refresh",8.70764065884681,24.5
"k",2026,4,"dec","ARI","2026-10-04T02:56:23Z","refresh",8.70584103996048,23.5
"k",2026,4,"dec","LV","2026-10-04T02:56:23Z","refresh",8.56062269832206,21.75
"k",2026,4,"dec","LA","2026-10-04T02:56:23Z","refresh",8.27480941423934,23
"k",2026,4,"dec","CHI","2026-10-04T02:56:23Z","refresh",8.39955480596511,23.25
"k",2026,4,"dec","LAC","2026-10-04T02:56:23Z","refresh",8.10800751734932,17.75
"k",2026,4,"dec","DEN","2026-10-04T02:56:23Z","refresh",8.08098408486521,23
"k",2026,4,"dec","CAR","2026-10-04T02:56:23Z","refresh",7.98131487422859,23.75
"k",2026,4,"dec","NYJ","2026-10-04T02:56:23Z","refresh",8.10687807043876,19.75
"k",2026,4,"dec","PHI","2026-10-04T02:56:23Z","refresh",7.93998679569745,19.5
"k",2026,4,"dec","GB","2026-10-04T02:56:23Z","refresh",7.96310169456183,21
"k",2026,4,"dec","CLE","2026-10-04T02:56:23Z","refresh",7.72057433987525,17.5
"k",2026,4,"dec","NYG","2026-10-04T02:56:23Z","refresh",7.72964301115916,21
"k",2026,4,"dec","WAS","2026-10-04T02:56:23Z","refresh",7.61488928626215,21
"k",2026,4,"dec","MIA","2026-10-04T02:56:23Z","refresh",7.52970571681645,14.25
"k",2026,4,"dec","NE","2026-10-04T02:56:23Z","refresh",7.19033054017604,21.5
"k",2026,4,"dec","TEN","2026-10-04T02:56:23Z","refresh",7.1947454053664,15.5
