"pulled_at","season","week","team","pos","player","player_id","status","rule","note"
"2026-09-24T19:42:45Z","2026","3","MIA","QB","Malik Willis","00-0038128","","nflverse schedule",""
"2026-09-24T19:42:45Z","2026","3","WAS","QB","Marcus Mariota","00-0032268","","schedule QB Jayden Daniels ruled out (Out) → Sleeper + Ourlads depth charts",""
"2026-09-24T19:42:45Z","2026","3","TB","QB","Baker Mayfield","00-0034855","","nflverse schedule",""
"2026-09-24T19:42:45Z","2026","3","LV","QB","Kirk Cousins","00-0029604","","nflverse schedule",""
"2026-09-24T19:42:45Z","2026","3","CLE","QB","Deshaun Watson","00-0033537","","nflverse schedule",""
"2026-09-24T19:42:45Z","2026","3","NE","QB","Drake Maye","00-0039851","","nflverse schedule",""
"2026-09-24T19:42:45Z","2026","3","ATL","QB","Michael Penix Jr.","00-0039917","","nflverse schedule",""
"2026-09-24T19:42:45Z","2026","3","ARI","QB","Jacoby Brissett","00-0033119","","nflverse schedule",""
"2026-09-24T19:42:45Z","2026","3","TEN","QB","Cam Ward","00-0040676","","nflverse schedule",""
"2026-09-24T19:42:45Z","2026","3","IND","QB","Daniel Jones","00-0035710","","nflverse schedule",""
"2026-09-24T19:42:45Z","2026","3","MIN","QB","Kyler Murray","00-0035228","","nflverse schedule",""
"2026-09-24T19:42:45Z","2026","3","LAC","QB","Justin Herbert","00-0036355","","nflverse schedule",""
"2026-09-24T19:42:45Z","2026","3","NYJ","QB","Geno Smith","00-0030565","","nflverse schedule",""
"2026-09-24T19:42:45Z","2026","3","PHI","QB","Jalen Hurts","00-0036389","","nflverse schedule",""
"2026-09-24T19:42:45Z","2026","3","CHI","QB","Case Keenum","00-0028986","","nflverse schedule","Sleeper: Tyson Bagent"
"2026-09-24T19:42:45Z","2026","3","NYG","QB","Jameis Winston","00-0031503","","nflverse schedule",""
"2026-09-24T19:42:45Z","2026","3","CIN","QB","Joe Burrow","00-0036442","","nflverse schedule",""
"2026-09-24T19:42:45Z","2026","3","DEN","QB","Bo Nix","00-0039732","","nflverse schedule",""
"2026-09-24T19:42:45Z","2026","3","NO","QB","Tyler Shough","00-0040743","","nflverse schedule",""
"2026-09-24T19:42:45Z","2026","3","PIT","QB","Aaron Rodgers","00-0023459","","nflverse schedule",""
"2026-09-24T19:42:45Z","2026","3","CAR","QB","Bryce Young","00-0039150","","nflverse schedule",""
"2026-09-24T19:42:45Z","2026","3","GB","QB","Jordan Love","00-0036264","","nflverse schedule",""
"2026-09-24T19:42:45Z","2026","3","JAX","QB","Trevor Lawrence","00-0036971","","nflverse schedule",""
"2026-09-24T19:42:45Z","2026","3","HOU","QB","C.J. Stroud","00-0039163","","nflverse schedule",""
"2026-09-24T19:42:45Z","2026","3","SEA","QB","Sam Darnold","00-0034869","Questionable","Sleeper + Ourlads depth charts agree (schedule differs)","Schedule: Drew Lock"
"2026-09-24T19:42:45Z","2026","3","LA","QB","Matthew Stafford","00-0026498","","nflverse schedule",""
"2026-09-24T19:42:45Z","2026","3","DAL","QB","Dak Prescott","00-0033077","","nflverse schedule",""
"2026-09-24T19:42:45Z","2026","3","DET","QB","Jared Goff","00-0033106","","nflverse schedule",""
"2026-09-24T19:42:45Z","2026","3","BUF","QB","Josh Allen","00-0034857","","nflverse schedule",""
"2026-09-24T19:42:45Z","2026","3","SF","QB","Brock Purdy","00-0037834","","nflverse schedule",""
"2026-09-24T19:42:45Z","2026","3","KC","QB","Patrick Mahomes","00-0033873","","nflverse schedule",""
"2026-09-24T19:42:45Z","2026","3","BAL","QB","Lamar Jackson","00-0034796","","nflverse schedule",""
"2026-09-24T19:43:29Z","2026","3","HOU","K","Ka'imi Fairbairn","00-0032726","","weekly run (status check only)",""
"2026-09-24T19:43:29Z","2026","3","NO","K","Daniel Carlson","00-0034161","","weekly run (status check only)",""
"2026-09-24T19:43:29Z","2026","3","DAL","K","Brandon Aubrey","00-0037692","","weekly run (status check only)",""
"2026-09-24T19:43:29Z","2026","3","SF","K","Eddy Pineiro","00-0034173","","weekly run (status check only)",""
"2026-09-24T19:43:29Z","2026","3","DET","K","Jake Bates","00-0039172","","weekly run (status check only)",""
"2026-09-24T19:43:29Z","2026","3","KC","K","Harrison Butker","00-0033303","","weekly run (status check only)",""
"2026-09-24T19:43:29Z","2026","3","SEA","K","Jason Myers","00-0031492","","weekly run (status check only)",""
"2026-09-24T19:43:29Z","2026","3","CIN","K","Evan McPherson","00-0036854","","weekly run (status check only)",""
"2026-09-24T19:43:29Z","2026","3","MIN","K","Will Reichard","00-0039404","","weekly run (status check only)",""
"2026-09-24T19:43:29Z","2026","3","TB","K","Chase McLaughlin","00-0035358","","weekly run (status check only)",""
"2026-09-24T19:43:29Z","2026","3","JAX","K","Cam Little","00-0039409","","weekly run (status check only)",""
"2026-09-24T19:43:29Z","2026","3","BUF","K","Tyler Bass","00-0036162","","weekly run (status check only)",""
"2026-09-24T19:43:29Z","2026","3","PHI","K","Jake Elliott","00-0033787","","weekly run (status check only)",""
"2026-09-24T19:43:29Z","2026","3","BAL","K","Tyler Loop","00-0040074","","weekly run (status check only)",""
"2026-09-24T19:43:29Z","2026","3","PIT","K","Chris Boswell","00-0031136","","weekly run (status check only)",""
"2026-09-24T19:43:29Z","2026","3","IND","K","Spencer Shrader","00-0039576","","weekly run (status check only)",""
"2026-09-24T19:43:29Z","2026","3","NYJ","K","Jason Sanders","00-0034794","","weekly run (status check only)",""
"2026-09-24T19:43:29Z","2026","3","LV","K","Matt Gay","00-0035269","","weekly run (status check only)",""
"2026-09-24T19:43:29Z","2026","3","LA","K","Harrison Mevis","00-0039498","","weekly run (status check only)",""
"2026-09-24T19:43:29Z","2026","3","GB","K","Trey Smack","00-0040899","","weekly run (status check only)",""
"2026-09-24T19:43:29Z","2026","3","DEN","K","Wil Lutz","00-0032569","","weekly run (status check only)",""
"2026-09-24T19:43:29Z","2026","3","ATL","K","Nick Folk","00-0025565","","weekly run (status check only)",""
"2026-09-24T19:43:29Z","2026","3","LAC","K","Cameron Dicker","00-0037224","","weekly run (status check only)",""
"2026-09-24T19:43:29Z","2026","3","CAR","K","Ryan Fitzgerald","00-0040279","","weekly run (status check only)",""
"2026-09-24T19:43:29Z","2026","3","CLE","K","Andre Szmyt","00-0038428","","weekly run (status check only)",""
"2026-09-24T19:43:29Z","2026","3","NE","K","Andy Borregales","00-0040200","","weekly run (status check only)",""
"2026-09-24T19:43:29Z","2026","3","CHI","K","Cairo Santos","00-0031203","","weekly run (status check only)",""
"2026-09-24T19:43:29Z","2026","3","NYG","K","Dominic Zvada","00-0041145","","weekly run (status check only)",""
"2026-09-24T19:43:29Z","2026","3","ARI","K","Chad Ryland","00-0038567","","weekly run (status check only)",""
"2026-09-24T19:43:29Z","2026","3","TEN","K","Joey Slye","00-0035192","","weekly run (status check only)",""
"2026-09-24T19:43:29Z","2026","3","MIA","K","Riley Patterson","00-0036816","","weekly run (status check only)",""
"2026-09-24T19:43:29Z","2026","3","WAS","K","Drew Stevens","00-0041182","","weekly run (status check only)",""
"2026-09-24T21:46:13Z","2026","3","MIA","QB","Malik Willis","00-0038128","","nflverse schedule",""
"2026-09-24T21:46:13Z","2026","3","WAS","QB","Marcus Mariota","00-0032268","","schedule QB Jayden Daniels ruled out (Out) → Sleeper + Ourlads depth charts",""
"2026-09-24T21:46:13Z","2026","3","LV","QB","Kirk Cousins","00-0029604","","nflverse schedule",""
"2026-09-24T21:46:13Z","2026","3","CLE","QB","Deshaun Watson","00-0033537","","nflverse schedule",""
"2026-09-24T21:46:13Z","2026","3","TB","QB","Baker Mayfield","00-0034855","","nflverse schedule",""
"2026-09-24T21:46:13Z","2026","3","TEN","QB","Cam Ward","00-0040676","","nflverse schedule",""
"2026-09-24T21:46:13Z","2026","3","NE","QB","Drake Maye","00-0039851","","nflverse schedule",""
"2026-09-24T21:46:13Z","2026","3","IND","QB","Daniel Jones","00-0035710","","nflverse schedule",""
"2026-09-24T21:46:13Z","2026","3","ATL","QB","Michael Penix Jr.","00-0039917","","nflverse schedule",""
"2026-09-24T21:46:13Z","2026","3","ARI","QB","Jacoby Brissett","00-0033119","","nflverse schedule",""
"2026-09-24T21:46:13Z","2026","3","LAC","QB","Justin Herbert","00-0036355","","nflverse schedule",""
"2026-09-24T21:46:13Z","2026","3","NYJ","QB","Geno Smith","00-0030565","","nflverse schedule",""
"2026-09-24T21:46:13Z","2026","3","MIN","QB","Kyler Murray","00-0035228","","nflverse schedule",""
"2026-09-24T21:46:13Z","2026","3","CHI","QB","Case Keenum","00-0028986","","nflverse schedule","Sleeper: Tyson Bagent"
"2026-09-24T21:46:13Z","2026","3","DEN","QB","Bo Nix","00-0039732","","nflverse schedule",""
"2026-09-24T21:46:13Z","2026","3","NYG","QB","Jameis Winston","00-0031503","","nflverse schedule",""
"2026-09-24T21:46:13Z","2026","3","PIT","QB","Aaron Rodgers","00-0023459","","nflverse schedule",""
"2026-09-24T21:46:13Z","2026","3","CIN","QB","Joe Burrow","00-0036442","","nflverse schedule",""
"2026-09-24T21:46:13Z","2026","3","PHI","QB","Jalen Hurts","00-0036389","","nflverse schedule",""
"2026-09-24T21:46:13Z","2026","3","NO","QB","Tyler Shough","00-0040743","","nflverse schedule",""
"2026-09-24T21:46:13Z","2026","3","CAR","QB","Bryce Young","00-0039150","","nflverse schedule",""
"2026-09-24T21:46:13Z","2026","3","HOU","QB","C.J. Stroud","00-0039163","","nflverse schedule",""
"2026-09-24T21:46:13Z","2026","3","GB","QB","Jordan Love","00-0036264","","nflverse schedule",""
"2026-09-24T21:46:13Z","2026","3","JAX","QB","Trevor Lawrence","00-0036971","","nflverse schedule",""
"2026-09-24T21:46:13Z","2026","3","LA","QB","Matthew Stafford","00-0026498","","nflverse schedule",""
"2026-09-24T21:46:13Z","2026","3","SEA","QB","Sam Darnold","00-0034869","Questionable","Sleeper + Ourlads depth charts agree (schedule differs)","Schedule: Drew Lock"
"2026-09-24T21:46:13Z","2026","3","DAL","QB","Dak Prescott","00-0033077","","nflverse schedule",""
"2026-09-24T21:46:13Z","2026","3","DET","QB","Jared Goff","00-0033106","","nflverse schedule",""
"2026-09-24T21:46:13Z","2026","3","BUF","QB","Josh Allen","00-0034857","","nflverse schedule",""
"2026-09-24T21:46:13Z","2026","3","SF","QB","Brock Purdy","00-0037834","","nflverse schedule",""
"2026-09-24T21:46:13Z","2026","3","KC","QB","Patrick Mahomes","00-0033873","","nflverse schedule",""
"2026-09-24T21:46:13Z","2026","3","BAL","QB","Lamar Jackson","00-0034796","","nflverse schedule",""
"2026-09-24T21:46:52Z","2026","3","HOU","K","Ka'imi Fairbairn","00-0032726","","weekly run (status check only)",""
"2026-09-24T21:46:52Z","2026","3","NO","K","Daniel Carlson","00-0034161","","weekly run (status check only)",""
"2026-09-24T21:46:52Z","2026","3","DAL","K","Brandon Aubrey","00-0037692","","weekly run (status check only)",""
"2026-09-24T21:46:52Z","2026","3","SF","K","Eddy Pineiro","00-0034173","","weekly run (status check only)",""
"2026-09-24T21:46:52Z","2026","3","DET","K","Jake Bates","00-0039172","","weekly run (status check only)",""
"2026-09-24T21:46:52Z","2026","3","KC","K","Harrison Butker","00-0033303","","weekly run (status check only)",""
"2026-09-24T21:46:52Z","2026","3","SEA","K","Jason Myers","00-0031492","","weekly run (status check only)",""
"2026-09-24T21:46:52Z","2026","3","CIN","K","Evan McPherson","00-0036854","","weekly run (status check only)",""
"2026-09-24T21:46:52Z","2026","3","MIN","K","Will Reichard","00-0039404","","weekly run (status check only)",""
"2026-09-24T21:46:52Z","2026","3","TB","K","Chase McLaughlin","00-0035358","","weekly run (status check only)",""
"2026-09-24T21:46:52Z","2026","3","JAX","K","Cam Little","00-0039409","","weekly run (status check only)",""
"2026-09-24T21:46:52Z","2026","3","BUF","K","Tyler Bass","00-0036162","","weekly run (status check only)",""
"2026-09-24T21:46:52Z","2026","3","PHI","K","Jake Elliott","00-0033787","","weekly run (status check only)",""
"2026-09-24T21:46:52Z","2026","3","BAL","K","Tyler Loop","00-0040074","","weekly run (status check only)",""
"2026-09-24T21:46:52Z","2026","3","PIT","K","Chris Boswell","00-0031136","","weekly run (status check only)",""
"2026-09-24T21:46:52Z","2026","3","IND","K","Spencer Shrader","00-0039576","","weekly run (status check only)",""
"2026-09-24T21:46:52Z","2026","3","NYJ","K","Jason Sanders","00-0034794","","weekly run (status check only)",""
"2026-09-24T21:46:52Z","2026","3","LV","K","Matt Gay","00-0035269","","weekly run (status check only)",""
"2026-09-24T21:46:52Z","2026","3","GB","K","Trey Smack","00-0040899","","weekly run (status check only)",""
"2026-09-24T21:46:52Z","2026","3","LA","K","Harrison Mevis","00-0039498","","weekly run (status check only)",""
"2026-09-24T21:46:52Z","2026","3","DEN","K","Wil Lutz","00-0032569","","weekly run (status check only)",""
"2026-09-24T21:46:52Z","2026","3","ATL","K","Nick Folk","00-0025565","","weekly run (status check only)",""
"2026-09-24T21:46:52Z","2026","3","LAC","K","Cameron Dicker","00-0037224","","weekly run (status check only)",""
"2026-09-24T21:46:52Z","2026","3","CAR","K","Ryan Fitzgerald","00-0040279","","weekly run (status check only)",""
"2026-09-24T21:46:52Z","2026","3","CLE","K","Andre Szmyt","00-0038428","","weekly run (status check only)",""
"2026-09-24T21:46:52Z","2026","3","NE","K","Andy Borregales","00-0040200","","weekly run (status check only)",""
"2026-09-24T21:46:52Z","2026","3","CHI","K","Cairo Santos","00-0031203","Questionable","weekly run (status check only)",""
"2026-09-24T21:46:52Z","2026","3","NYG","K","Dominic Zvada","00-0041145","","weekly run (status check only)",""
"2026-09-24T21:46:52Z","2026","3","ARI","K","Chad Ryland","00-0038567","","weekly run (status check only)",""
"2026-09-24T21:46:52Z","2026","3","TEN","K","Joey Slye","00-0035192","","weekly run (status check only)",""
"2026-09-24T21:46:52Z","2026","3","MIA","K","Riley Patterson","00-0036816","","weekly run (status check only)",""
"2026-09-24T21:46:52Z","2026","3","WAS","K","Drew Stevens","00-0041182","","weekly run (status check only)",""
"2026-09-24T22:55:16Z","2026","3","MIA","QB","Malik Willis","00-0038128","","nflverse schedule",""
"2026-09-24T22:55:16Z","2026","3","WAS","QB","Marcus Mariota","00-0032268","","schedule QB Jayden Daniels ruled out (Out) → Sleeper + Ourlads depth charts",""
"2026-09-24T22:55:16Z","2026","3","CLE","QB","Deshaun Watson","00-0033537","","nflverse schedule",""
"2026-09-24T22:55:16Z","2026","3","TEN","QB","Cam Ward","00-0040676","","nflverse schedule",""
"2026-09-24T22:55:16Z","2026","3","LV","QB","Kirk Cousins","00-0029604","","nflverse schedule",""
"2026-09-24T22:55:16Z","2026","3","TB","QB","Baker Mayfield","00-0034855","","nflverse schedule",""
"2026-09-24T22:55:16Z","2026","3","ATL","QB","Michael Penix Jr.","00-0039917","","nflverse schedule",""
"2026-09-24T22:55:16Z","2026","3","ARI","QB","Jacoby Brissett","00-0033119","","nflverse schedule",""
"2026-09-24T22:55:16Z","2026","3","NE","QB","Drake Maye","00-0039851","","nflverse schedule",""
"2026-09-24T22:55:16Z","2026","3","IND","QB","Daniel Jones","00-0035710","","nflverse schedule",""
"2026-09-24T22:55:16Z","2026","3","NYJ","QB","Geno Smith","00-0030565","","nflverse schedule",""
"2026-09-24T22:55:16Z","2026","3","LAC","QB","Justin Herbert","00-0036355","","nflverse schedule",""
"2026-09-24T22:55:16Z","2026","3","DEN","QB","Bo Nix","00-0039732","","nflverse schedule",""
"2026-09-24T22:55:16Z","2026","3","PIT","QB","Aaron Rodgers","00-0023459","","nflverse schedule",""
"2026-09-24T22:55:16Z","2026","3","CHI","QB","Case Keenum","00-0028986","","nflverse schedule","Sleeper: Tyson Bagent"
"2026-09-24T22:55:16Z","2026","3","MIN","QB","Kyler Murray","00-0035228","","nflverse schedule",""
"2026-09-24T22:55:16Z","2026","3","NYG","QB","Jameis Winston","00-0031503","","nflverse schedule",""
"2026-09-24T22:55:16Z","2026","3","NO","QB","Tyler Shough","00-0040743","","nflverse schedule",""
"2026-09-24T22:55:16Z","2026","3","PHI","QB","Jalen Hurts","00-0036389","","nflverse schedule",""
"2026-09-24T22:55:16Z","2026","3","CIN","QB","Joe Burrow","00-0036442","","nflverse schedule",""
"2026-09-24T22:55:16Z","2026","3","CAR","QB","Bryce Young","00-0039150","","nflverse schedule",""
"2026-09-24T22:55:16Z","2026","3","HOU","QB","C.J. Stroud","00-0039163","","nflverse schedule",""
"2026-09-24T22:55:16Z","2026","3","JAX","QB","Trevor Lawrence","00-0036971","","nflverse schedule",""
"2026-09-24T22:55:16Z","2026","3","GB","QB","Jordan Love","00-0036264","","nflverse schedule",""
"2026-09-24T22:55:16Z","2026","3","LA","QB","Matthew Stafford","00-0026498","","nflverse schedule",""
"2026-09-24T22:55:16Z","2026","3","SEA","QB","Sam Darnold","00-0034869","Questionable","Sleeper + Ourlads depth charts agree (schedule differs)","Schedule: Drew Lock"
"2026-09-24T22:55:16Z","2026","3","DAL","QB","Dak Prescott","00-0033077","","nflverse schedule",""
"2026-09-24T22:55:16Z","2026","3","DET","QB","Jared Goff","00-0033106","","nflverse schedule",""
"2026-09-24T22:55:16Z","2026","3","BUF","QB","Josh Allen","00-0034857","","nflverse schedule",""
"2026-09-24T22:55:16Z","2026","3","KC","QB","Patrick Mahomes","00-0033873","","nflverse schedule",""
"2026-09-24T22:55:16Z","2026","3","SF","QB","Brock Purdy","00-0037834","","nflverse schedule",""
"2026-09-24T22:55:16Z","2026","3","BAL","QB","Lamar Jackson","00-0034796","","nflverse schedule",""
"2026-09-24T22:55:59Z","2026","3","HOU","K","Ka'imi Fairbairn","00-0032726","","weekly run (status check only)",""
"2026-09-24T22:55:59Z","2026","3","NO","K","Daniel Carlson","00-0034161","","weekly run (status check only)",""
"2026-09-24T22:55:59Z","2026","3","DAL","K","Brandon Aubrey","00-0037692","","weekly run (status check only)",""
"2026-09-24T22:55:59Z","2026","3","SF","K","Eddy Pineiro","00-0034173","","weekly run (status check only)",""
"2026-09-24T22:55:59Z","2026","3","DET","K","Jake Bates","00-0039172","","weekly run (status check only)",""
"2026-09-24T22:55:59Z","2026","3","KC","K","Harrison Butker","00-0033303","","weekly run (status check only)",""
"2026-09-24T22:55:59Z","2026","3","SEA","K","Jason Myers","00-0031492","","weekly run (status check only)",""
"2026-09-24T22:55:59Z","2026","3","CIN","K","Evan McPherson","00-0036854","","weekly run (status check only)",""
"2026-09-24T22:55:59Z","2026","3","MIN","K","Will Reichard","00-0039404","","weekly run (status check only)",""
"2026-09-24T22:55:59Z","2026","3","TB","K","Chase McLaughlin","00-0035358","","weekly run (status check only)",""
"2026-09-24T22:55:59Z","2026","3","JAX","K","Cam Little","00-0039409","","weekly run (status check only)",""
"2026-09-24T22:55:59Z","2026","3","BUF","K","Tyler Bass","00-0036162","","weekly run (status check only)",""
"2026-09-24T22:55:59Z","2026","3","PHI","K","Jake Elliott","00-0033787","","weekly run (status check only)",""
"2026-09-24T22:55:59Z","2026","3","BAL","K","Tyler Loop","00-0040074","","weekly run (status check only)",""
"2026-09-24T22:55:59Z","2026","3","PIT","K","Chris Boswell","00-0031136","","weekly run (status check only)",""
"2026-09-24T22:55:59Z","2026","3","IND","K","Spencer Shrader","00-0039576","","weekly run (status check only)",""
"2026-09-24T22:55:59Z","2026","3","NYJ","K","Jason Sanders","00-0034794","","weekly run (status check only)",""
"2026-09-24T22:55:59Z","2026","3","LV","K","Matt Gay","00-0035269","","weekly run (status check only)",""
"2026-09-24T22:55:59Z","2026","3","LA","K","Harrison Mevis","00-0039498","","weekly run (status check only)",""
"2026-09-24T22:55:59Z","2026","3","GB","K","Trey Smack","00-0040899","","weekly run (status check only)",""
"2026-09-24T22:55:59Z","2026","3","DEN","K","Wil Lutz","00-0032569","","weekly run (status check only)",""
"2026-09-24T22:55:59Z","2026","3","ATL","K","Nick Folk","00-0025565","","weekly run (status check only)",""
"2026-09-24T22:55:59Z","2026","3","LAC","K","Cameron Dicker","00-0037224","","weekly run (status check only)",""
"2026-09-24T22:55:59Z","2026","3","CAR","K","Ryan Fitzgerald","00-0040279","","weekly run (status check only)",""
"2026-09-24T22:55:59Z","2026","3","CLE","K","Andre Szmyt","00-0038428","","weekly run (status check only)",""
"2026-09-24T22:55:59Z","2026","3","NE","K","Andy Borregales","00-0040200","","weekly run (status check only)",""
"2026-09-24T22:55:59Z","2026","3","CHI","K","Cairo Santos","00-0031203","Questionable","weekly run (status check only)",""
"2026-09-24T22:55:59Z","2026","3","NYG","K","Dominic Zvada","00-0041145","","weekly run (status check only)",""
"2026-09-24T22:55:59Z","2026","3","ARI","K","Chad Ryland","00-0038567","","weekly run (status check only)",""
"2026-09-24T22:55:59Z","2026","3","TEN","K","Joey Slye","00-0035192","","weekly run (status check only)",""
"2026-09-24T22:55:59Z","2026","3","MIA","K","Riley Patterson","00-0036816","","weekly run (status check only)",""
"2026-09-24T22:55:59Z","2026","3","WAS","K","Drew Stevens","00-0041182","","weekly run (status check only)",""
"2026-09-24T23:13:07Z","2026","3","MIA","QB","Malik Willis","00-0038128","","nflverse schedule",""
"2026-09-24T23:13:07Z","2026","3","WAS","QB","Marcus Mariota","00-0032268","","schedule QB Jayden Daniels ruled out (Out) → Sleeper + Ourlads depth charts",""
"2026-09-24T23:13:07Z","2026","3","CLE","QB","Deshaun Watson","00-0033537","","nflverse schedule",""
"2026-09-24T23:13:07Z","2026","3","LV","QB","Kirk Cousins","00-0029604","","nflverse schedule",""
"2026-09-24T23:13:07Z","2026","3","TEN","QB","Cam Ward","00-0040676","","nflverse schedule",""
"2026-09-24T23:13:07Z","2026","3","TB","QB","Baker Mayfield","00-0034855","","nflverse schedule",""
"2026-09-24T23:13:07Z","2026","3","ARI","QB","Jacoby Brissett","00-0033119","","nflverse schedule",""
"2026-09-24T23:13:07Z","2026","3","NE","QB","Drake Maye","00-0039851","","nflverse schedule",""
"2026-09-24T23:13:07Z","2026","3","ATL","QB","Michael Penix Jr.","00-0039917","","nflverse schedule",""
"2026-09-24T23:13:07Z","2026","3","IND","QB","Daniel Jones","00-0035710","","nflverse schedule",""
"2026-09-24T23:13:07Z","2026","3","NYJ","QB","Geno Smith","00-0030565","","nflverse schedule",""
"2026-09-24T23:13:07Z","2026","3","LAC","QB","Justin Herbert","00-0036355","","nflverse schedule",""
"2026-09-24T23:13:07Z","2026","3","CHI","QB","Case Keenum","00-0028986","","nflverse schedule","Sleeper: Tyson Bagent"
"2026-09-24T23:13:07Z","2026","3","DEN","QB","Bo Nix","00-0039732","","nflverse schedule",""
"2026-09-24T23:13:07Z","2026","3","MIN","QB","Kyler Murray","00-0035228","","nflverse schedule",""
"2026-09-24T23:13:07Z","2026","3","PIT","QB","Aaron Rodgers","00-0023459","","nflverse schedule",""
"2026-09-24T23:13:07Z","2026","3","NYG","QB","Jameis Winston","00-0031503","","nflverse schedule",""
"2026-09-24T23:13:07Z","2026","3","PHI","QB","Jalen Hurts","00-0036389","","nflverse schedule",""
"2026-09-24T23:13:07Z","2026","3","NO","QB","Tyler Shough","00-0040743","","nflverse schedule",""
"2026-09-24T23:13:07Z","2026","3","CIN","QB","Joe Burrow","00-0036442","","nflverse schedule",""
"2026-09-24T23:13:07Z","2026","3","CAR","QB","Bryce Young","00-0039150","","nflverse schedule",""
"2026-09-24T23:13:07Z","2026","3","JAX","QB","Trevor Lawrence","00-0036971","","nflverse schedule",""
"2026-09-24T23:13:07Z","2026","3","HOU","QB","C.J. Stroud","00-0039163","","nflverse schedule",""
"2026-09-24T23:13:07Z","2026","3","GB","QB","Jordan Love","00-0036264","","nflverse schedule",""
"2026-09-24T23:13:07Z","2026","3","LA","QB","Matthew Stafford","00-0026498","","nflverse schedule",""
"2026-09-24T23:13:07Z","2026","3","SEA","QB","Sam Darnold","00-0034869","Questionable","Sleeper + Ourlads depth charts agree (schedule differs)","Schedule: Drew Lock"
"2026-09-24T23:13:07Z","2026","3","DAL","QB","Dak Prescott","00-0033077","","nflverse schedule",""
"2026-09-24T23:13:07Z","2026","3","DET","QB","Jared Goff","00-0033106","","nflverse schedule",""
"2026-09-24T23:13:07Z","2026","3","BUF","QB","Josh Allen","00-0034857","","nflverse schedule",""
"2026-09-24T23:13:07Z","2026","3","KC","QB","Patrick Mahomes","00-0033873","","nflverse schedule",""
"2026-09-24T23:13:07Z","2026","3","BAL","QB","Lamar Jackson","00-0034796","","nflverse schedule",""
"2026-09-24T23:13:07Z","2026","3","SF","QB","Brock Purdy","00-0037834","","nflverse schedule",""
"2026-09-24T23:13:37Z","2026","3","HOU","K","Ka'imi Fairbairn","00-0032726","","weekly run (status check only)",""
"2026-09-24T23:13:37Z","2026","3","NO","K","Daniel Carlson","00-0034161","","weekly run (status check only)",""
"2026-09-24T23:13:37Z","2026","3","DAL","K","Brandon Aubrey","00-0037692","","weekly run (status check only)",""
"2026-09-24T23:13:37Z","2026","3","SF","K","Eddy Pineiro","00-0034173","","weekly run (status check only)",""
"2026-09-24T23:13:37Z","2026","3","DET","K","Jake Bates","00-0039172","","weekly run (status check only)",""
"2026-09-24T23:13:37Z","2026","3","KC","K","Harrison Butker","00-0033303","","weekly run (status check only)",""
"2026-09-24T23:13:37Z","2026","3","SEA","K","Jason Myers","00-0031492","","weekly run (status check only)",""
"2026-09-24T23:13:37Z","2026","3","CIN","K","Evan McPherson","00-0036854","","weekly run (status check only)",""
"2026-09-24T23:13:37Z","2026","3","MIN","K","Will Reichard","00-0039404","","weekly run (status check only)",""
"2026-09-24T23:13:37Z","2026","3","TB","K","Chase McLaughlin","00-0035358","","weekly run (status check only)",""
"2026-09-24T23:13:37Z","2026","3","JAX","K","Cam Little","00-0039409","","weekly run (status check only)",""
"2026-09-24T23:13:37Z","2026","3","BUF","K","Tyler Bass","00-0036162","","weekly run (status check only)",""
"2026-09-24T23:13:37Z","2026","3","PHI","K","Jake Elliott","00-0033787","","weekly run (status check only)",""
"2026-09-24T23:13:37Z","2026","3","BAL","K","Tyler Loop","00-0040074","","weekly run (status check only)",""
"2026-09-24T23:13:37Z","2026","3","PIT","K","Chris Boswell","00-0031136","","weekly run (status check only)",""
"2026-09-24T23:13:37Z","2026","3","IND","K","Spencer Shrader","00-0039576","","weekly run (status check only)",""
"2026-09-24T23:13:37Z","2026","3","NYJ","K","Jason Sanders","00-0034794","","weekly run (status check only)",""
"2026-09-24T23:13:37Z","2026","3","LV","K","Matt Gay","00-0035269","","weekly run (status check only)",""
"2026-09-24T23:13:37Z","2026","3","LA","K","Harrison Mevis","00-0039498","","weekly run (status check only)",""
"2026-09-24T23:13:37Z","2026","3","GB","K","Trey Smack","00-0040899","","weekly run (status check only)",""
"2026-09-24T23:13:37Z","2026","3","DEN","K","Wil Lutz","00-0032569","","weekly run (status check only)",""
"2026-09-24T23:13:37Z","2026","3","ATL","K","Nick Folk","00-0025565","","weekly run (status check only)",""
"2026-09-24T23:13:37Z","2026","3","LAC","K","Cameron Dicker","00-0037224","","weekly run (status check only)",""
"2026-09-24T23:13:37Z","2026","3","CAR","K","Ryan Fitzgerald","00-0040279","","weekly run (status check only)",""
"2026-09-24T23:13:37Z","2026","3","CLE","K","Andre Szmyt","00-0038428","","weekly run (status check only)",""
"2026-09-24T23:13:37Z","2026","3","NE","K","Andy Borregales","00-0040200","","weekly run (status check only)",""
"2026-09-24T23:13:37Z","2026","3","CHI","K","Cairo Santos","00-0031203","Questionable","weekly run (status check only)",""
"2026-09-24T23:13:37Z","2026","3","NYG","K","Dominic Zvada","00-0041145","","weekly run (status check only)",""
"2026-09-24T23:13:37Z","2026","3","ARI","K","Chad Ryland","00-0038567","","weekly run (status check only)",""
"2026-09-24T23:13:37Z","2026","3","TEN","K","Joey Slye","00-0035192","","weekly run (status check only)",""
"2026-09-24T23:13:37Z","2026","3","MIA","K","Riley Patterson","00-0036816","","weekly run (status check only)",""
"2026-09-24T23:13:37Z","2026","3","WAS","K","Drew Stevens","00-0041182","","weekly run (status check only)",""
"2026-09-25T00:40:11Z","2026","3","MIA","QB","Malik Willis","00-0038128","","nflverse schedule",""
"2026-09-25T00:40:11Z","2026","3","WAS","QB","Marcus Mariota","00-0032268","","schedule QB Jayden Daniels ruled out (Out) → Sleeper + Ourlads depth charts",""
"2026-09-25T00:40:11Z","2026","3","CLE","QB","Deshaun Watson","00-0033537","","nflverse schedule",""
"2026-09-25T00:40:11Z","2026","3","LV","QB","Kirk Cousins","00-0029604","","nflverse schedule",""
"2026-09-25T00:40:11Z","2026","3","TEN","QB","Cam Ward","00-0040676","","nflverse schedule",""
"2026-09-25T00:40:11Z","2026","3","TB","QB","Baker Mayfield","00-0034855","","nflverse schedule",""
"2026-09-25T00:40:11Z","2026","3","ARI","QB","Jacoby Brissett","00-0033119","","nflverse schedule",""
"2026-09-25T00:40:11Z","2026","3","NE","QB","Drake Maye","00-0039851","","nflverse schedule",""
"2026-09-25T00:40:11Z","2026","3","IND","QB","Daniel Jones","00-0035710","","nflverse schedule",""
"2026-09-25T00:40:11Z","2026","3","NYJ","QB","Geno Smith","00-0030565","","nflverse schedule",""
"2026-09-25T00:40:11Z","2026","3","LAC","QB","Justin Herbert","00-0036355","","nflverse schedule",""
"2026-09-25T00:40:11Z","2026","3","CHI","QB","Case Keenum","00-0028986","","nflverse schedule","Sleeper: Tyson Bagent"
"2026-09-25T00:40:11Z","2026","3","DEN","QB","Bo Nix","00-0039732","","nflverse schedule",""
"2026-09-25T00:40:11Z","2026","3","MIN","QB","Kyler Murray","00-0035228","","nflverse schedule",""
"2026-09-25T00:40:11Z","2026","3","PIT","QB","Aaron Rodgers","00-0023459","","nflverse schedule",""
"2026-09-25T00:40:11Z","2026","3","NYG","QB","Jameis Winston","00-0031503","","nflverse schedule",""
"2026-09-25T00:40:11Z","2026","3","PHI","QB","Jalen Hurts","00-0036389","","nflverse schedule",""
"2026-09-25T00:40:11Z","2026","3","NO","QB","Tyler Shough","00-0040743","","nflverse schedule",""
"2026-09-25T00:40:11Z","2026","3","CIN","QB","Joe Burrow","00-0036442","","nflverse schedule",""
"2026-09-25T00:40:11Z","2026","3","CAR","QB","Bryce Young","00-0039150","","nflverse schedule",""
"2026-09-25T00:40:11Z","2026","3","JAX","QB","Trevor Lawrence","00-0036971","","nflverse schedule",""
"2026-09-25T00:40:11Z","2026","3","HOU","QB","C.J. Stroud","00-0039163","","nflverse schedule",""
"2026-09-25T00:40:11Z","2026","3","LA","QB","Matthew Stafford","00-0026498","","nflverse schedule",""
"2026-09-25T00:40:11Z","2026","3","SEA","QB","Sam Darnold","00-0034869","Questionable","Sleeper + Ourlads depth charts agree (schedule differs)","Schedule: Drew Lock"
"2026-09-25T00:40:11Z","2026","3","DAL","QB","Dak Prescott","00-0033077","","nflverse schedule",""
"2026-09-25T00:40:11Z","2026","3","DET","QB","Jared Goff","00-0033106","","nflverse schedule",""
"2026-09-25T00:40:11Z","2026","3","BUF","QB","Josh Allen","00-0034857","","nflverse schedule",""
"2026-09-25T00:40:11Z","2026","3","KC","QB","Patrick Mahomes","00-0033873","","nflverse schedule",""
"2026-09-25T00:40:11Z","2026","3","BAL","QB","Lamar Jackson","00-0034796","","nflverse schedule",""
"2026-09-25T00:40:11Z","2026","3","SF","QB","Brock Purdy","00-0037834","","nflverse schedule",""
"2026-09-25T00:40:49Z","2026","3","HOU","K","Ka'imi Fairbairn","00-0032726","","weekly run (status check only)",""
"2026-09-25T00:40:49Z","2026","3","NO","K","Daniel Carlson","00-0034161","","weekly run (status check only)",""
"2026-09-25T00:40:49Z","2026","3","DAL","K","Brandon Aubrey","00-0037692","","weekly run (status check only)",""
"2026-09-25T00:40:49Z","2026","3","SF","K","Eddy Pineiro","00-0034173","","weekly run (status check only)",""
"2026-09-25T00:40:49Z","2026","3","DET","K","Jake Bates","00-0039172","","weekly run (status check only)",""
"2026-09-25T00:40:49Z","2026","3","KC","K","Harrison Butker","00-0033303","","weekly run (status check only)",""
"2026-09-25T00:40:49Z","2026","3","SEA","K","Jason Myers","00-0031492","","weekly run (status check only)",""
"2026-09-25T00:40:49Z","2026","3","CIN","K","Evan McPherson","00-0036854","","weekly run (status check only)",""
"2026-09-25T00:40:49Z","2026","3","MIN","K","Will Reichard","00-0039404","","weekly run (status check only)",""
"2026-09-25T00:40:49Z","2026","3","TB","K","Chase McLaughlin","00-0035358","","weekly run (status check only)",""
"2026-09-25T00:40:49Z","2026","3","JAX","K","Cam Little","00-0039409","","weekly run (status check only)",""
"2026-09-25T00:40:49Z","2026","3","BUF","K","Tyler Bass","00-0036162","","weekly run (status check only)",""
"2026-09-25T00:40:49Z","2026","3","PHI","K","Jake Elliott","00-0033787","","weekly run (status check only)",""
"2026-09-25T00:40:49Z","2026","3","BAL","K","Tyler Loop","00-0040074","","weekly run (status check only)",""
"2026-09-25T00:40:49Z","2026","3","PIT","K","Chris Boswell","00-0031136","","weekly run (status check only)",""
"2026-09-25T00:40:49Z","2026","3","IND","K","Spencer Shrader","00-0039576","","weekly run (status check only)",""
"2026-09-25T00:40:49Z","2026","3","NYJ","K","Jason Sanders","00-0034794","","weekly run (status check only)",""
"2026-09-25T00:40:49Z","2026","3","LV","K","Matt Gay","00-0035269","","weekly run (status check only)",""
"2026-09-25T00:40:49Z","2026","3","LA","K","Harrison Mevis","00-0039498","","weekly run (status check only)",""
"2026-09-25T00:40:49Z","2026","3","DEN","K","Wil Lutz","00-0032569","","weekly run (status check only)",""
"2026-09-25T00:40:49Z","2026","3","LAC","K","Cameron Dicker","00-0037224","","weekly run (status check only)",""
"2026-09-25T00:40:49Z","2026","3","CAR","K","Ryan Fitzgerald","00-0040279","","weekly run (status check only)",""
"2026-09-25T00:40:49Z","2026","3","CLE","K","Andre Szmyt","00-0038428","","weekly run (status check only)",""
"2026-09-25T00:40:49Z","2026","3","NE","K","Andy Borregales","00-0040200","","weekly run (status check only)",""
"2026-09-25T00:40:49Z","2026","3","CHI","K","Cairo Santos","00-0031203","Questionable","weekly run (status check only)",""
"2026-09-25T00:40:49Z","2026","3","NYG","K","Dominic Zvada","00-0041145","","weekly run (status check only)",""
"2026-09-25T00:40:49Z","2026","3","ARI","K","Chad Ryland","00-0038567","","weekly run (status check only)",""
"2026-09-25T00:40:49Z","2026","3","TEN","K","Joey Slye","00-0035192","","weekly run (status check only)",""
"2026-09-25T00:40:49Z","2026","3","MIA","K","Riley Patterson","00-0036816","","weekly run (status check only)",""
"2026-09-25T00:40:49Z","2026","3","WAS","K","Drew Stevens","00-0041182","","weekly run (status check only)",""
"2026-09-25T05:25:10Z","2026","3","MIA","QB","Malik Willis","00-0038128","","nflverse schedule",""
"2026-09-25T05:25:10Z","2026","3","WAS","QB","Marcus Mariota","00-0032268","","schedule QB Jayden Daniels ruled out (Out) → Sleeper + Ourlads depth charts",""
"2026-09-25T05:25:10Z","2026","3","CLE","QB","Deshaun Watson","00-0033537","","nflverse schedule",""
"2026-09-25T05:25:10Z","2026","3","LV","QB","Kirk Cousins","00-0029604","","nflverse schedule",""
"2026-09-25T05:25:10Z","2026","3","TB","QB","Baker Mayfield","00-0034855","","nflverse schedule",""
"2026-09-25T05:25:10Z","2026","3","TEN","QB","Cam Ward","00-0040676","","nflverse schedule",""
"2026-09-25T05:25:10Z","2026","3","ARI","QB","Jacoby Brissett","00-0033119","","nflverse schedule",""
"2026-09-25T05:25:10Z","2026","3","IND","QB","Daniel Jones","00-0035710","","nflverse schedule",""
"2026-09-25T05:25:10Z","2026","3","NE","QB","Drake Maye","00-0039851","","nflverse schedule",""
"2026-09-25T05:25:10Z","2026","3","NYJ","QB","Geno Smith","00-0030565","","nflverse schedule",""
"2026-09-25T05:25:10Z","2026","3","CHI","QB","Case Keenum","00-0028986","","nflverse schedule","Sleeper: Tyson Bagent"
"2026-09-25T05:25:10Z","2026","3","LAC","QB","Justin Herbert","00-0036355","","nflverse schedule",""
"2026-09-25T05:25:10Z","2026","3","DEN","QB","Bo Nix","00-0039732","","nflverse schedule",""
"2026-09-25T05:25:10Z","2026","3","MIN","QB","Kyler Murray","00-0035228","","nflverse schedule",""
"2026-09-25T05:25:10Z","2026","3","NYG","QB","Jameis Winston","00-0031503","","nflverse schedule",""
"2026-09-25T05:25:10Z","2026","3","PIT","QB","Aaron Rodgers","00-0023459","","nflverse schedule",""
"2026-09-25T05:25:10Z","2026","3","PHI","QB","Jalen Hurts","00-0036389","","nflverse schedule",""
"2026-09-25T05:25:10Z","2026","3","CIN","QB","Joe Burrow","00-0036442","","nflverse schedule",""
"2026-09-25T05:25:10Z","2026","3","NO","QB","Tyler Shough","00-0040743","","nflverse schedule",""
"2026-09-25T05:25:10Z","2026","3","CAR","QB","Bryce Young","00-0039150","","nflverse schedule",""
"2026-09-25T05:25:10Z","2026","3","HOU","QB","C.J. Stroud","00-0039163","","nflverse schedule",""
"2026-09-25T05:25:10Z","2026","3","JAX","QB","Trevor Lawrence","00-0036971","","nflverse schedule",""
"2026-09-25T05:25:10Z","2026","3","LA","QB","Matthew Stafford","00-0026498","","nflverse schedule",""
"2026-09-25T05:25:10Z","2026","3","SEA","QB","Sam Darnold","00-0034869","Questionable","Sleeper + Ourlads depth charts agree (schedule differs)","Schedule: Drew Lock"
"2026-09-25T05:25:10Z","2026","3","DAL","QB","Dak Prescott","00-0033077","","nflverse schedule",""
"2026-09-25T05:25:10Z","2026","3","DET","QB","Jared Goff","00-0033106","","nflverse schedule",""
"2026-09-25T05:25:10Z","2026","3","BUF","QB","Josh Allen","00-0034857","","nflverse schedule",""
"2026-09-25T05:25:10Z","2026","3","KC","QB","Patrick Mahomes","00-0033873","","nflverse schedule",""
"2026-09-25T05:25:10Z","2026","3","SF","QB","Brock Purdy","00-0037834","","nflverse schedule",""
"2026-09-25T05:25:10Z","2026","3","BAL","QB","Lamar Jackson","00-0034796","","nflverse schedule",""
"2026-09-25T05:25:47Z","2026","3","HOU","K","Ka'imi Fairbairn","00-0032726","","weekly run (status check only)",""
"2026-09-25T05:25:47Z","2026","3","DAL","K","Brandon Aubrey","00-0037692","","weekly run (status check only)",""
"2026-09-25T05:25:47Z","2026","3","SF","K","Eddy Pineiro","00-0034173","","weekly run (status check only)",""
"2026-09-25T05:25:47Z","2026","3","NO","K","Daniel Carlson","00-0034161","","weekly run (status check only)",""
"2026-09-25T05:25:47Z","2026","3","DET","K","Jake Bates","00-0039172","","weekly run (status check only)",""
"2026-09-25T05:25:47Z","2026","3","KC","K","Harrison Butker","00-0033303","","weekly run (status check only)",""
"2026-09-25T05:25:47Z","2026","3","SEA","K","Jason Myers","00-0031492","","weekly run (status check only)",""
"2026-09-25T05:25:47Z","2026","3","MIN","K","Will Reichard","00-0039404","","weekly run (status check only)",""
"2026-09-25T05:25:47Z","2026","3","CIN","K","Evan McPherson","00-0036854","","weekly run (status check only)",""
"2026-09-25T05:25:47Z","2026","3","JAX","K","Cam Little","00-0039409","","weekly run (status check only)",""
"2026-09-25T05:25:47Z","2026","3","TB","K","Chase McLaughlin","00-0035358","","weekly run (status check only)",""
"2026-09-25T05:25:47Z","2026","3","BAL","K","Tyler Loop","00-0040074","","weekly run (status check only)",""
"2026-09-25T05:25:47Z","2026","3","PHI","K","Jake Elliott","00-0033787","","weekly run (status check only)",""
"2026-09-25T05:25:47Z","2026","3","BUF","K","Tyler Bass","00-0036162","","weekly run (status check only)",""
"2026-09-25T05:25:47Z","2026","3","IND","K","Spencer Shrader","00-0039576","","weekly run (status check only)",""
"2026-09-25T05:25:47Z","2026","3","NYJ","K","Jason Sanders","00-0034794","","weekly run (status check only)",""
"2026-09-25T05:25:47Z","2026","3","LV","K","Matt Gay","00-0035269","","weekly run (status check only)",""
"2026-09-25T05:25:47Z","2026","3","PIT","K","Chris Boswell","00-0031136","","weekly run (status check only)",""
"2026-09-25T05:25:47Z","2026","3","LA","K","Harrison Mevis","00-0039498","","weekly run (status check only)",""
"2026-09-25T05:25:47Z","2026","3","DEN","K","Wil Lutz","00-0032569","","weekly run (status check only)",""
"2026-09-25T05:25:47Z","2026","3","LAC","K","Cameron Dicker","00-0037224","","weekly run (status check only)",""
"2026-09-25T05:25:47Z","2026","3","CAR","K","Ryan Fitzgerald","00-0040279","","weekly run (status check only)",""
"2026-09-25T05:25:47Z","2026","3","NE","K","Andy Borregales","00-0040200","","weekly run (status check only)",""
"2026-09-25T05:25:47Z","2026","3","CLE","K","Andre Szmyt","00-0038428","","weekly run (status check only)",""
"2026-09-25T05:25:47Z","2026","3","CHI","K","Cairo Santos","00-0031203","Questionable","weekly run (status check only)",""
"2026-09-25T05:25:47Z","2026","3","ARI","K","Chad Ryland","00-0038567","","weekly run (status check only)",""
"2026-09-25T05:25:47Z","2026","3","NYG","K","Dominic Zvada","00-0041145","","weekly run (status check only)",""
"2026-09-25T05:25:47Z","2026","3","TEN","K","Joey Slye","00-0035192","","weekly run (status check only)",""
"2026-09-25T05:25:47Z","2026","3","MIA","K","Riley Patterson","00-0036816","","weekly run (status check only)",""
"2026-09-25T05:25:47Z","2026","3","WAS","K","Drew Stevens","00-0041182","","weekly run (status check only)",""
"2026-09-25T05:39:56Z","2026","3","MIA","QB","Malik Willis","00-0038128","","nflverse schedule",""
"2026-09-25T05:39:56Z","2026","3","WAS","QB","Marcus Mariota","00-0032268","","schedule QB Jayden Daniels ruled out (Out) → Sleeper + Ourlads depth charts",""
"2026-09-25T05:39:56Z","2026","3","LV","QB","Kirk Cousins","00-0029604","","nflverse schedule",""
"2026-09-25T05:39:56Z","2026","3","CLE","QB","Deshaun Watson","00-0033537","","nflverse schedule",""
"2026-09-25T05:39:56Z","2026","3","TB","QB","Baker Mayfield","00-0034855","","nflverse schedule",""
"2026-09-25T05:39:56Z","2026","3","TEN","QB","Cam Ward","00-0040676","","nflverse schedule",""
"2026-09-25T05:39:56Z","2026","3","ARI","QB","Jacoby Brissett","00-0033119","","nflverse schedule",""
"2026-09-25T05:39:56Z","2026","3","IND","QB","Daniel Jones","00-0035710","","nflverse schedule",""
"2026-09-25T05:39:56Z","2026","3","NE","QB","Drake Maye","00-0039851","","nflverse schedule",""
"2026-09-25T05:39:56Z","2026","3","LAC","QB","Justin Herbert","00-0036355","","nflverse schedule",""
"2026-09-25T05:39:56Z","2026","3","NYJ","QB","Geno Smith","00-0030565","","nflverse schedule",""
"2026-09-25T05:39:56Z","2026","3","DEN","QB","Bo Nix","00-0039732","","nflverse schedule",""
"2026-09-25T05:39:56Z","2026","3","CHI","QB","Case Keenum","00-0028986","","nflverse schedule","Sleeper: Tyson Bagent"
"2026-09-25T05:39:56Z","2026","3","PIT","QB","Aaron Rodgers","00-0023459","","nflverse schedule",""
"2026-09-25T05:39:56Z","2026","3","NO","QB","Tyler Shough","00-0040743","","nflverse schedule",""
"2026-09-25T05:39:56Z","2026","3","MIN","QB","Kyler Murray","00-0035228","","nflverse schedule",""
"2026-09-25T05:39:56Z","2026","3","NYG","QB","Jameis Winston","00-0031503","","nflverse schedule",""
"2026-09-25T05:39:56Z","2026","3","PHI","QB","Jalen Hurts","00-0036389","","nflverse schedule",""
"2026-09-25T05:39:56Z","2026","3","CIN","QB","Joe Burrow","00-0036442","","nflverse schedule",""
"2026-09-25T05:39:56Z","2026","3","CAR","QB","Bryce Young","00-0039150","","nflverse schedule",""
"2026-09-25T05:39:56Z","2026","3","HOU","QB","C.J. Stroud","00-0039163","","nflverse schedule",""
"2026-09-25T05:39:56Z","2026","3","JAX","QB","Trevor Lawrence","00-0036971","","nflverse schedule",""
"2026-09-25T05:39:56Z","2026","3","SEA","QB","Sam Darnold","00-0034869","Questionable","Sleeper + Ourlads depth charts agree (schedule differs)","Schedule: Drew Lock"
"2026-09-25T05:39:56Z","2026","3","LA","QB","Matthew Stafford","00-0026498","","nflverse schedule",""
"2026-09-25T05:39:56Z","2026","3","DAL","QB","Dak Prescott","00-0033077","","nflverse schedule",""
"2026-09-25T05:39:56Z","2026","3","DET","QB","Jared Goff","00-0033106","","nflverse schedule",""
"2026-09-25T05:39:56Z","2026","3","BUF","QB","Josh Allen","00-0034857","","nflverse schedule",""
"2026-09-25T05:39:56Z","2026","3","KC","QB","Patrick Mahomes","00-0033873","","nflverse schedule",""
"2026-09-25T05:39:56Z","2026","3","SF","QB","Brock Purdy","00-0037834","","nflverse schedule",""
"2026-09-25T05:39:56Z","2026","3","BAL","QB","Lamar Jackson","00-0034796","","nflverse schedule",""
"2026-09-25T05:40:27Z","2026","3","HOU","K","Ka'imi Fairbairn","00-0032726","","weekly run (status check only)",""
"2026-09-25T05:40:27Z","2026","3","NO","K","Daniel Carlson","00-0034161","","weekly run (status check only)",""
"2026-09-25T05:40:27Z","2026","3","KC","K","Harrison Butker","00-0033303","","weekly run (status check only)",""
"2026-09-25T05:40:27Z","2026","3","DAL","K","Brandon Aubrey","00-0037692","","weekly run (status check only)",""
"2026-09-25T05:40:27Z","2026","3","DET","K","Jake Bates","00-0039172","","weekly run (status check only)",""
"2026-09-25T05:40:27Z","2026","3","SF","K","Eddy Pineiro","00-0034173","","weekly run (status check only)",""
"2026-09-25T05:40:27Z","2026","3","SEA","K","Jason Myers","00-0031492","","weekly run (status check only)",""
"2026-09-25T05:40:27Z","2026","3","PHI","K","Jake Elliott","00-0033787","","weekly run (status check only)",""
"2026-09-25T05:40:27Z","2026","3","MIN","K","Will Reichard","00-0039404","","weekly run (status check only)",""
"2026-09-25T05:40:27Z","2026","3","CIN","K","Evan McPherson","00-0036854","","weekly run (status check only)",""
"2026-09-25T05:40:27Z","2026","3","BAL","K","Tyler Loop","00-0040074","","weekly run (status check only)",""
"2026-09-25T05:40:27Z","2026","3","JAX","K","Cam Little","00-0039409","","weekly run (status check only)",""
"2026-09-25T05:40:27Z","2026","3","TB","K","Chase McLaughlin","00-0035358","","weekly run (status check only)",""
"2026-09-25T05:40:27Z","2026","3","LV","K","Matt Gay","00-0035269","","weekly run (status check only)",""
"2026-09-25T05:40:27Z","2026","3","BUF","K","Tyler Bass","00-0036162","","weekly run (status check only)",""
"2026-09-25T05:40:27Z","2026","3","IND","K","Spencer Shrader","00-0039576","","weekly run (status check only)",""
"2026-09-25T05:40:27Z","2026","3","NYJ","K","Jason Sanders","00-0034794","","weekly run (status check only)",""
"2026-09-25T05:40:27Z","2026","3","PIT","K","Chris Boswell","00-0031136","","weekly run (status check only)",""
"2026-09-25T05:40:27Z","2026","3","LA","K","Harrison Mevis","00-0039498","","weekly run (status check only)",""
"2026-09-25T05:40:27Z","2026","3","DEN","K","Wil Lutz","00-0032569","","weekly run (status check only)",""
"2026-09-25T05:40:27Z","2026","3","CAR","K","Ryan Fitzgerald","00-0040279","","weekly run (status check only)",""
"2026-09-25T05:40:27Z","2026","3","CHI","K","Cairo Santos","00-0031203","Questionable","weekly run (status check only)",""
"2026-09-25T05:40:27Z","2026","3","NE","K","Andy Borregales","00-0040200","","weekly run (status check only)",""
"2026-09-25T05:40:27Z","2026","3","LAC","K","Cameron Dicker","00-0037224","","weekly run (status check only)",""
"2026-09-25T05:40:27Z","2026","3","CLE","K","Andre Szmyt","00-0038428","","weekly run (status check only)",""
"2026-09-25T05:40:27Z","2026","3","ARI","K","Chad Ryland","00-0038567","","weekly run (status check only)",""
"2026-09-25T05:40:27Z","2026","3","NYG","K","Dominic Zvada","00-0041145","","weekly run (status check only)",""
"2026-09-25T05:40:27Z","2026","3","TEN","K","Joey Slye","00-0035192","","weekly run (status check only)",""
"2026-09-25T05:40:27Z","2026","3","MIA","K","Riley Patterson","00-0036816","","weekly run (status check only)",""
"2026-09-25T05:40:27Z","2026","3","WAS","K","Drew Stevens","00-0041182","","weekly run (status check only)",""
"2026-09-25T18:13:45Z","2026","3","MIA","QB","Malik Willis","00-0038128","","nflverse schedule",""
"2026-09-25T18:13:45Z","2026","3","WAS","QB","Marcus Mariota","00-0032268","","schedule QB Jayden Daniels ruled out (Out) → Sleeper + Ourlads depth charts",""
"2026-09-25T18:13:45Z","2026","3","LV","QB","Kirk Cousins","00-0029604","","nflverse schedule",""
"2026-09-25T18:13:45Z","2026","3","CLE","QB","Deshaun Watson","00-0033537","","nflverse schedule",""
"2026-09-25T18:13:45Z","2026","3","TB","QB","Baker Mayfield","00-0034855","","nflverse schedule",""
"2026-09-25T18:13:45Z","2026","3","TEN","QB","Cam Ward","00-0040676","","nflverse schedule",""
"2026-09-25T18:13:45Z","2026","3","ARI","QB","Jacoby Brissett","00-0033119","","nflverse schedule",""
"2026-09-25T18:13:45Z","2026","3","IND","QB","Daniel Jones","00-0035710","","nflverse schedule",""
"2026-09-25T18:13:45Z","2026","3","NE","QB","Drake Maye","00-0039851","","nflverse schedule",""
"2026-09-25T18:13:45Z","2026","3","LAC","QB","Justin Herbert","00-0036355","","nflverse schedule",""
"2026-09-25T18:13:45Z","2026","3","NYJ","QB","Geno Smith","00-0030565","","nflverse schedule",""
"2026-09-25T18:13:45Z","2026","3","DEN","QB","Bo Nix","00-0039732","","nflverse schedule",""
"2026-09-25T18:13:45Z","2026","3","CHI","QB","Case Keenum","00-0028986","","nflverse schedule",""
"2026-09-25T18:13:45Z","2026","3","PIT","QB","Aaron Rodgers","00-0023459","","nflverse schedule",""
"2026-09-25T18:13:45Z","2026","3","NO","QB","Tyler Shough","00-0040743","","nflverse schedule",""
"2026-09-25T18:13:45Z","2026","3","MIN","QB","Kyler Murray","00-0035228","","nflverse schedule",""
"2026-09-25T18:13:45Z","2026","3","NYG","QB","Jameis Winston","00-0031503","","nflverse schedule",""
"2026-09-25T18:13:45Z","2026","3","PHI","QB","Jalen Hurts","00-0036389","","nflverse schedule",""
"2026-09-25T18:13:45Z","2026","3","CIN","QB","Joe Burrow","00-0036442","","nflverse schedule",""
"2026-09-25T18:13:45Z","2026","3","CAR","QB","Bryce Young","00-0039150","","nflverse schedule",""
"2026-09-25T18:13:45Z","2026","3","HOU","QB","C.J. Stroud","00-0039163","","nflverse schedule",""
"2026-09-25T18:13:45Z","2026","3","JAX","QB","Trevor Lawrence","00-0036971","","nflverse schedule",""
"2026-09-25T18:13:45Z","2026","3","SEA","QB","Sam Darnold","00-0034869","Questionable","Sleeper + Ourlads depth charts agree (schedule differs)","Schedule: Drew Lock"
"2026-09-25T18:13:45Z","2026","3","LA","QB","Matthew Stafford","00-0026498","","nflverse schedule",""
"2026-09-25T18:13:45Z","2026","3","DAL","QB","Dak Prescott","00-0033077","","nflverse schedule",""
"2026-09-25T18:13:45Z","2026","3","DET","QB","Jared Goff","00-0033106","","nflverse schedule",""
"2026-09-25T18:13:45Z","2026","3","BUF","QB","Josh Allen","00-0034857","","nflverse schedule",""
"2026-09-25T18:13:45Z","2026","3","KC","QB","Patrick Mahomes","00-0033873","","nflverse schedule",""
"2026-09-25T18:13:45Z","2026","3","SF","QB","Brock Purdy","00-0037834","","nflverse schedule",""
"2026-09-25T18:13:45Z","2026","3","BAL","QB","Lamar Jackson","00-0034796","","nflverse schedule",""
"2026-09-25T18:15:23Z","2026","3","HOU","K","Ka'imi Fairbairn","00-0032726","","weekly run (status check only)",""
"2026-09-25T18:15:23Z","2026","3","NO","K","Daniel Carlson","00-0034161","","weekly run (status check only)",""
"2026-09-25T18:15:23Z","2026","3","KC","K","Harrison Butker","00-0033303","","weekly run (status check only)",""
"2026-09-25T18:15:23Z","2026","3","DAL","K","Brandon Aubrey","00-0037692","","weekly run (status check only)",""
"2026-09-25T18:15:23Z","2026","3","DET","K","Jake Bates","00-0039172","","weekly run (status check only)",""
"2026-09-25T18:15:23Z","2026","3","SF","K","Eddy Pineiro","00-0034173","","weekly run (status check only)",""
"2026-09-25T18:15:23Z","2026","3","SEA","K","Jason Myers","00-0031492","","weekly run (status check only)",""
"2026-09-25T18:15:23Z","2026","3","PHI","K","Jake Elliott","00-0033787","","weekly run (status check only)",""
"2026-09-25T18:15:23Z","2026","3","MIN","K","Will Reichard","00-0039404","","weekly run (status check only)",""
"2026-09-25T18:15:23Z","2026","3","CIN","K","Evan McPherson","00-0036854","","weekly run (status check only)",""
"2026-09-25T18:15:23Z","2026","3","BAL","K","Tyler Loop","00-0040074","","weekly run (status check only)",""
"2026-09-25T18:15:23Z","2026","3","JAX","K","Cam Little","00-0039409","","weekly run (status check only)",""
"2026-09-25T18:15:23Z","2026","3","TB","K","Chase McLaughlin","00-0035358","","weekly run (status check only)",""
"2026-09-25T18:15:23Z","2026","3","LV","K","Matt Gay","00-0035269","","weekly run (status check only)",""
"2026-09-25T18:15:23Z","2026","3","BUF","K","Tyler Bass","00-0036162","","weekly run (status check only)",""
"2026-09-25T18:15:23Z","2026","3","IND","K","Spencer Shrader","00-0039576","","weekly run (status check only)",""
"2026-09-25T18:15:23Z","2026","3","NYJ","K","Jason Sanders","00-0034794","","weekly run (status check only)",""
"2026-09-25T18:15:23Z","2026","3","PIT","K","Chris Boswell","00-0031136","","weekly run (status check only)",""
"2026-09-25T18:15:23Z","2026","3","LA","K","Harrison Mevis","00-0039498","","weekly run (status check only)",""
"2026-09-25T18:15:23Z","2026","3","DEN","K","Wil Lutz","00-0032569","","weekly run (status check only)",""
"2026-09-25T18:15:23Z","2026","3","CAR","K","Ryan Fitzgerald","00-0040279","","weekly run (status check only)",""
"2026-09-25T18:15:23Z","2026","3","CHI","K","Cairo Santos","00-0031203","Questionable","weekly run (status check only)",""
"2026-09-25T18:15:23Z","2026","3","NE","K","Andy Borregales","00-0040200","","weekly run (status check only)",""
"2026-09-25T18:15:23Z","2026","3","LAC","K","Cameron Dicker","00-0037224","","weekly run (status check only)",""
"2026-09-25T18:15:23Z","2026","3","CLE","K","Andre Szmyt","00-0038428","","weekly run (status check only)",""
"2026-09-25T18:15:23Z","2026","3","ARI","K","Chad Ryland","00-0038567","","weekly run (status check only)",""
"2026-09-25T18:15:23Z","2026","3","NYG","K","Dominic Zvada","00-0041145","","weekly run (status check only)",""
"2026-09-25T18:15:23Z","2026","3","TEN","K","Joey Slye","00-0035192","","weekly run (status check only)",""
"2026-09-25T18:15:23Z","2026","3","MIA","K","Riley Patterson","00-0036816","","weekly run (status check only)",""
"2026-09-25T18:15:23Z","2026","3","WAS","K","Drew Stevens","00-0041182","","weekly run (status check only)",""
"2026-09-25T20:22:36Z","2026","3","MIA","QB","Malik Willis","00-0038128","","nflverse schedule",""
"2026-09-25T20:22:36Z","2026","3","WAS","QB","Marcus Mariota","00-0032268","","schedule QB Jayden Daniels ruled out (Out) → Sleeper + Ourlads depth charts",""
"2026-09-25T20:22:36Z","2026","3","LV","QB","Kirk Cousins","00-0029604","","nflverse schedule",""
"2026-09-25T20:22:36Z","2026","3","CLE","QB","Deshaun Watson","00-0033537","","nflverse schedule",""
"2026-09-25T20:22:36Z","2026","3","TB","QB","Baker Mayfield","00-0034855","","nflverse schedule",""
"2026-09-25T20:22:36Z","2026","3","TEN","QB","Cam Ward","00-0040676","","nflverse schedule",""
"2026-09-25T20:22:36Z","2026","3","ARI","QB","Jacoby Brissett","00-0033119","","nflverse schedule",""
"2026-09-25T20:22:36Z","2026","3","NE","QB","Drake Maye","00-0039851","","nflverse schedule",""
"2026-09-25T20:22:36Z","2026","3","IND","QB","Daniel Jones","00-0035710","","nflverse schedule",""
"2026-09-25T20:22:36Z","2026","3","LAC","QB","Justin Herbert","00-0036355","","nflverse schedule",""
"2026-09-25T20:22:36Z","2026","3","DEN","QB","Bo Nix","00-0039732","","nflverse schedule",""
"2026-09-25T20:22:36Z","2026","3","NYJ","QB","Geno Smith","00-0030565","","nflverse schedule",""
"2026-09-25T20:22:36Z","2026","3","CHI","QB","Case Keenum","00-0028986","","nflverse schedule",""
"2026-09-25T20:22:36Z","2026","3","PIT","QB","Aaron Rodgers","00-0023459","","nflverse schedule",""
"2026-09-25T20:22:36Z","2026","3","NO","QB","Tyler Shough","00-0040743","","nflverse schedule",""
"2026-09-25T20:22:36Z","2026","3","MIN","QB","Kyler Murray","00-0035228","","nflverse schedule",""
"2026-09-25T20:22:36Z","2026","3","NYG","QB","Jameis Winston","00-0031503","","nflverse schedule",""
"2026-09-25T20:22:36Z","2026","3","PHI","QB","Jalen Hurts","00-0036389","","nflverse schedule",""
"2026-09-25T20:22:36Z","2026","3","CIN","QB","Joe Burrow","00-0036442","","nflverse schedule",""
"2026-09-25T20:22:36Z","2026","3","CAR","QB","Bryce Young","00-0039150","","nflverse schedule",""
"2026-09-25T20:22:36Z","2026","3","JAX","QB","Trevor Lawrence","00-0036971","","nflverse schedule",""
"2026-09-25T20:22:36Z","2026","3","HOU","QB","C.J. Stroud","00-0039163","","nflverse schedule",""
"2026-09-25T20:22:36Z","2026","3","SEA","QB","Sam Darnold","00-0034869","Questionable","Sleeper + Ourlads depth charts agree (schedule differs)","Schedule: Drew Lock"
"2026-09-25T20:22:36Z","2026","3","LA","QB","Matthew Stafford","00-0026498","","nflverse schedule",""
"2026-09-25T20:22:36Z","2026","3","DAL","QB","Dak Prescott","00-0033077","","nflverse schedule",""
"2026-09-25T20:22:36Z","2026","3","DET","QB","Jared Goff","00-0033106","","nflverse schedule",""
"2026-09-25T20:22:36Z","2026","3","BUF","QB","Josh Allen","00-0034857","","nflverse schedule",""
"2026-09-25T20:22:36Z","2026","3","KC","QB","Patrick Mahomes","00-0033873","","nflverse schedule",""
"2026-09-25T20:22:36Z","2026","3","SF","QB","Brock Purdy","00-0037834","","nflverse schedule",""
"2026-09-25T20:22:36Z","2026","3","BAL","QB","Lamar Jackson","00-0034796","","nflverse schedule",""
"2026-09-25T20:23:06Z","2026","3","KC","K","Harrison Butker","00-0033303","","weekly run (status check only)",""
"2026-09-25T20:23:06Z","2026","3","HOU","K","Ka'imi Fairbairn","00-0032726","","weekly run (status check only)",""
"2026-09-25T20:23:06Z","2026","3","NO","K","Daniel Carlson","00-0034161","","weekly run (status check only)",""
"2026-09-25T20:23:06Z","2026","3","DET","K","Jake Bates","00-0039172","","weekly run (status check only)",""
"2026-09-25T20:23:06Z","2026","3","DAL","K","Brandon Aubrey","00-0037692","","weekly run (status check only)",""
"2026-09-25T20:23:06Z","2026","3","SF","K","Eddy Pineiro","00-0034173","","weekly run (status check only)",""
"2026-09-25T20:23:06Z","2026","3","SEA","K","Jason Myers","00-0031492","","weekly run (status check only)",""
"2026-09-25T20:23:06Z","2026","3","PHI","K","Jake Elliott","00-0033787","","weekly run (status check only)",""
"2026-09-25T20:23:06Z","2026","3","MIN","K","Will Reichard","00-0039404","","weekly run (status check only)",""
"2026-09-25T20:23:06Z","2026","3","CIN","K","Evan McPherson","00-0036854","","weekly run (status check only)",""
"2026-09-25T20:23:06Z","2026","3","JAX","K","Cam Little","00-0039409","","weekly run (status check only)",""
"2026-09-25T20:23:06Z","2026","3","BAL","K","Tyler Loop","00-0040074","","weekly run (status check only)",""
"2026-09-25T20:23:06Z","2026","3","TB","K","Chase McLaughlin","00-0035358","","weekly run (status check only)",""
"2026-09-25T20:23:06Z","2026","3","LV","K","Matt Gay","00-0035269","","weekly run (status check only)",""
"2026-09-25T20:23:06Z","2026","3","BUF","K","Tyler Bass","00-0036162","","weekly run (status check only)",""
"2026-09-25T20:23:06Z","2026","3","IND","K","Spencer Shrader","00-0039576","","weekly run (status check only)",""
"2026-09-25T20:23:06Z","2026","3","NYJ","K","Jason Sanders","00-0034794","","weekly run (status check only)",""
"2026-09-25T20:23:06Z","2026","3","PIT","K","Chris Boswell","00-0031136","","weekly run (status check only)",""
"2026-09-25T20:23:06Z","2026","3","LA","K","Harrison Mevis","00-0039498","","weekly run (status check only)",""
"2026-09-25T20:23:06Z","2026","3","DEN","K","Wil Lutz","00-0032569","","weekly run (status check only)",""
"2026-09-25T20:23:06Z","2026","3","CAR","K","Ryan Fitzgerald","00-0040279","","weekly run (status check only)",""
"2026-09-25T20:23:06Z","2026","3","CHI","K","Cairo Santos","00-0031203","Questionable","weekly run (status check only)",""
"2026-09-25T20:23:06Z","2026","3","NE","K","Andy Borregales","00-0040200","","weekly run (status check only)",""
"2026-09-25T20:23:06Z","2026","3","LAC","K","Cameron Dicker","00-0037224","","weekly run (status check only)",""
"2026-09-25T20:23:06Z","2026","3","CLE","K","Andre Szmyt","00-0038428","","weekly run (status check only)",""
"2026-09-25T20:23:06Z","2026","3","NYG","K","Dominic Zvada","00-0041145","","weekly run (status check only)",""
"2026-09-25T20:23:06Z","2026","3","TEN","K","Joey Slye","00-0035192","","weekly run (status check only)",""
"2026-09-25T20:23:06Z","2026","3","ARI","K","Chad Ryland","00-0038567","","weekly run (status check only)",""
"2026-09-25T20:23:06Z","2026","3","MIA","K","Riley Patterson","00-0036816","","weekly run (status check only)",""
"2026-09-25T20:23:06Z","2026","3","WAS","K","Drew Stevens","00-0041182","","weekly run (status check only)",""
"2026-09-25T21:12:57Z","2026","3","MIA","QB","Malik Willis","00-0038128","","nflverse schedule",""
"2026-09-25T21:12:57Z","2026","3","WAS","QB","Marcus Mariota","00-0032268","","schedule QB Jayden Daniels ruled out (Out) → Sleeper + Ourlads depth charts",""
"2026-09-25T21:12:57Z","2026","3","LV","QB","Kirk Cousins","00-0029604","","nflverse schedule",""
"2026-09-25T21:12:57Z","2026","3","CLE","QB","Deshaun Watson","00-0033537","","nflverse schedule",""
"2026-09-25T21:12:57Z","2026","3","TB","QB","Baker Mayfield","00-0034855","","nflverse schedule",""
"2026-09-25T21:12:57Z","2026","3","TEN","QB","Cam Ward","00-0040676","","nflverse schedule",""
"2026-09-25T21:12:57Z","2026","3","ARI","QB","Jacoby Brissett","00-0033119","","nflverse schedule",""
"2026-09-25T21:12:57Z","2026","3","NE","QB","Drake Maye","00-0039851","","nflverse schedule",""
"2026-09-25T21:12:57Z","2026","3","IND","QB","Daniel Jones","00-0035710","","nflverse schedule",""
"2026-09-25T21:12:57Z","2026","3","LAC","QB","Justin Herbert","00-0036355","","nflverse schedule",""
"2026-09-25T21:12:57Z","2026","3","DEN","QB","Bo Nix","00-0039732","","nflverse schedule",""
"2026-09-25T21:12:57Z","2026","3","CHI","QB","Case Keenum","00-0028986","","nflverse schedule",""
"2026-09-25T21:12:57Z","2026","3","NYJ","QB","Geno Smith","00-0030565","","nflverse schedule",""
"2026-09-25T21:12:57Z","2026","3","PIT","QB","Aaron Rodgers","00-0023459","","nflverse schedule",""
"2026-09-25T21:12:57Z","2026","3","NO","QB","Tyler Shough","00-0040743","","nflverse schedule",""
"2026-09-25T21:12:57Z","2026","3","MIN","QB","Kyler Murray","00-0035228","","nflverse schedule",""
"2026-09-25T21:12:57Z","2026","3","PHI","QB","Jalen Hurts","00-0036389","","nflverse schedule",""
"2026-09-25T21:12:57Z","2026","3","NYG","QB","Jameis Winston","00-0031503","","nflverse schedule",""
"2026-09-25T21:12:57Z","2026","3","CIN","QB","Joe Burrow","00-0036442","","nflverse schedule",""
"2026-09-25T21:12:57Z","2026","3","JAX","QB","Trevor Lawrence","00-0036971","","nflverse schedule",""
"2026-09-25T21:12:57Z","2026","3","CAR","QB","Bryce Young","00-0039150","","nflverse schedule",""
"2026-09-25T21:12:57Z","2026","3","HOU","QB","C.J. Stroud","00-0039163","","nflverse schedule",""
"2026-09-25T21:12:57Z","2026","3","SEA","QB","Sam Darnold","00-0034869","Questionable","Sleeper + Ourlads depth charts agree (schedule differs)","Schedule: Drew Lock"
"2026-09-25T21:12:57Z","2026","3","LA","QB","Matthew Stafford","00-0026498","","nflverse schedule",""
"2026-09-25T21:12:57Z","2026","3","DAL","QB","Dak Prescott","00-0033077","","nflverse schedule",""
"2026-09-25T21:12:57Z","2026","3","DET","QB","Jared Goff","00-0033106","","nflverse schedule",""
"2026-09-25T21:12:57Z","2026","3","BUF","QB","Josh Allen","00-0034857","","nflverse schedule",""
"2026-09-25T21:12:57Z","2026","3","KC","QB","Patrick Mahomes","00-0033873","","nflverse schedule",""
"2026-09-25T21:12:57Z","2026","3","SF","QB","Brock Purdy","00-0037834","","nflverse schedule",""
"2026-09-25T21:12:57Z","2026","3","BAL","QB","Lamar Jackson","00-0034796","","nflverse schedule",""
"2026-09-25T21:13:35Z","2026","3","KC","K","Harrison Butker","00-0033303","","weekly run (status check only)",""
"2026-09-25T21:13:35Z","2026","3","HOU","K","Ka'imi Fairbairn","00-0032726","","weekly run (status check only)",""
"2026-09-25T21:13:35Z","2026","3","DET","K","Jake Bates","00-0039172","","weekly run (status check only)",""
"2026-09-25T21:13:35Z","2026","3","NO","K","Daniel Carlson","00-0034161","","weekly run (status check only)",""
"2026-09-25T21:13:35Z","2026","3","DAL","K","Brandon Aubrey","00-0037692","","weekly run (status check only)",""
"2026-09-25T21:13:35Z","2026","3","SF","K","Eddy Pineiro","00-0034173","","weekly run (status check only)",""
"2026-09-25T21:13:35Z","2026","3","SEA","K","Jason Myers","00-0031492","","weekly run (status check only)",""
"2026-09-25T21:13:35Z","2026","3","MIN","K","Will Reichard","00-0039404","","weekly run (status check only)",""
"2026-09-25T21:13:35Z","2026","3","CIN","K","Evan McPherson","00-0036854","","weekly run (status check only)",""
"2026-09-25T21:13:35Z","2026","3","JAX","K","Cam Little","00-0039409","","weekly run (status check only)",""
"2026-09-25T21:13:35Z","2026","3","PHI","K","Jake Elliott","00-0033787","","weekly run (status check only)",""
"2026-09-25T21:13:35Z","2026","3","TB","K","Chase McLaughlin","00-0035358","","weekly run (status check only)",""
"2026-09-25T21:13:35Z","2026","3","BAL","K","Tyler Loop","00-0040074","","weekly run (status check only)",""
"2026-09-25T21:13:35Z","2026","3","BUF","K","Tyler Bass","00-0036162","","weekly run (status check only)",""
"2026-09-25T21:13:35Z","2026","3","LV","K","Matt Gay","00-0035269","","weekly run (status check only)",""
"2026-09-25T21:13:35Z","2026","3","IND","K","Spencer Shrader","00-0039576","","weekly run (status check only)",""
"2026-09-25T21:13:35Z","2026","3","NYJ","K","Jason Sanders","00-0034794","","weekly run (status check only)",""
"2026-09-25T21:13:35Z","2026","3","PIT","K","Chris Boswell","00-0031136","","weekly run (status check only)",""
"2026-09-25T21:13:35Z","2026","3","LA","K","Harrison Mevis","00-0039498","","weekly run (status check only)",""
"2026-09-25T21:13:35Z","2026","3","DEN","K","Wil Lutz","00-0032569","","weekly run (status check only)",""
"2026-09-25T21:13:35Z","2026","3","CAR","K","Ryan Fitzgerald","00-0040279","","weekly run (status check only)",""
"2026-09-25T21:13:35Z","2026","3","NE","K","Andy Borregales","00-0040200","","weekly run (status check only)",""
"2026-09-25T21:13:35Z","2026","3","CHI","K","Cairo Santos","00-0031203","Questionable","weekly run (status check only)",""
"2026-09-25T21:13:35Z","2026","3","CLE","K","Andre Szmyt","00-0038428","","weekly run (status check only)",""
"2026-09-25T21:13:35Z","2026","3","LAC","K","Cameron Dicker","00-0037224","","weekly run (status check only)",""
"2026-09-25T21:13:35Z","2026","3","NYG","K","Dominic Zvada","00-0041145","","weekly run (status check only)",""
"2026-09-25T21:13:35Z","2026","3","TEN","K","Joey Slye","00-0035192","","weekly run (status check only)",""
"2026-09-25T21:13:35Z","2026","3","ARI","K","Chad Ryland","00-0038567","","weekly run (status check only)",""
"2026-09-25T21:13:35Z","2026","3","MIA","K","Riley Patterson","00-0036816","","weekly run (status check only)",""
"2026-09-25T21:13:35Z","2026","3","WAS","K","Drew Stevens","00-0041182","","weekly run (status check only)",""
"2026-09-25T21:51:39Z","2026","3","MIA","QB","Malik Willis","00-0038128","","nflverse schedule",""
"2026-09-25T21:51:39Z","2026","3","WAS","QB","Marcus Mariota","00-0032268","","schedule QB Jayden Daniels ruled out (Out) → Sleeper + Ourlads depth charts",""
"2026-09-25T21:51:39Z","2026","3","LV","QB","Kirk Cousins","00-0029604","","nflverse schedule",""
"2026-09-25T21:51:39Z","2026","3","CLE","QB","Deshaun Watson","00-0033537","","nflverse schedule",""
"2026-09-25T21:51:39Z","2026","3","TB","QB","Baker Mayfield","00-0034855","","nflverse schedule",""
"2026-09-25T21:51:39Z","2026","3","TEN","QB","Cam Ward","00-0040676","","nflverse schedule",""
"2026-09-25T21:51:39Z","2026","3","ARI","QB","Jacoby Brissett","00-0033119","","nflverse schedule",""
"2026-09-25T21:51:39Z","2026","3","NE","QB","Drake Maye","00-0039851","","nflverse schedule",""
"2026-09-25T21:51:39Z","2026","3","IND","QB","Daniel Jones","00-0035710","","nflverse schedule",""
"2026-09-25T21:51:39Z","2026","3","LAC","QB","Justin Herbert","00-0036355","","nflverse schedule",""
"2026-09-25T21:51:39Z","2026","3","DEN","QB","Bo Nix","00-0039732","","nflverse schedule",""
"2026-09-25T21:51:39Z","2026","3","CHI","QB","Case Keenum","00-0028986","","nflverse schedule",""
"2026-09-25T21:51:39Z","2026","3","NYJ","QB","Geno Smith","00-0030565","","nflverse schedule",""
"2026-09-25T21:51:39Z","2026","3","PIT","QB","Aaron Rodgers","00-0023459","","nflverse schedule",""
"2026-09-25T21:51:39Z","2026","3","NO","QB","Tyler Shough","00-0040743","","nflverse schedule",""
"2026-09-25T21:51:39Z","2026","3","MIN","QB","Kyler Murray","00-0035228","","nflverse schedule",""
"2026-09-25T21:51:39Z","2026","3","PHI","QB","Jalen Hurts","00-0036389","","nflverse schedule",""
"2026-09-25T21:51:39Z","2026","3","NYG","QB","Jameis Winston","00-0031503","","nflverse schedule",""
"2026-09-25T21:51:39Z","2026","3","CIN","QB","Joe Burrow","00-0036442","","nflverse schedule",""
"2026-09-25T21:51:39Z","2026","3","JAX","QB","Trevor Lawrence","00-0036971","","nflverse schedule",""
"2026-09-25T21:51:39Z","2026","3","CAR","QB","Bryce Young","00-0039150","","nflverse schedule",""
"2026-09-25T21:51:39Z","2026","3","HOU","QB","C.J. Stroud","00-0039163","","nflverse schedule",""
"2026-09-25T21:51:39Z","2026","3","SEA","QB","Sam Darnold","00-0034869","Questionable","Sleeper + Ourlads depth charts agree (schedule differs)","Schedule: Drew Lock"
"2026-09-25T21:51:39Z","2026","3","LA","QB","Matthew Stafford","00-0026498","","nflverse schedule",""
"2026-09-25T21:51:39Z","2026","3","DAL","QB","Dak Prescott","00-0033077","","nflverse schedule",""
"2026-09-25T21:51:39Z","2026","3","DET","QB","Jared Goff","00-0033106","","nflverse schedule",""
"2026-09-25T21:51:39Z","2026","3","BUF","QB","Josh Allen","00-0034857","","nflverse schedule",""
"2026-09-25T21:51:39Z","2026","3","KC","QB","Patrick Mahomes","00-0033873","","nflverse schedule",""
"2026-09-25T21:51:39Z","2026","3","SF","QB","Brock Purdy","00-0037834","","nflverse schedule",""
"2026-09-25T21:51:39Z","2026","3","BAL","QB","Lamar Jackson","00-0034796","","nflverse schedule",""
"2026-09-25T21:53:19Z","2026","3","KC","K","Harrison Butker","00-0033303","","weekly run (status check only)",""
"2026-09-25T21:53:19Z","2026","3","HOU","K","Ka'imi Fairbairn","00-0032726","","weekly run (status check only)",""
"2026-09-25T21:53:19Z","2026","3","DET","K","Jake Bates","00-0039172","","weekly run (status check only)",""
"2026-09-25T21:53:19Z","2026","3","NO","K","Daniel Carlson","00-0034161","","weekly run (status check only)",""
"2026-09-25T21:53:19Z","2026","3","DAL","K","Brandon Aubrey","00-0037692","","weekly run (status check only)",""
"2026-09-25T21:53:19Z","2026","3","SF","K","Eddy Pineiro","00-0034173","","weekly run (status check only)",""
"2026-09-25T21:53:19Z","2026","3","SEA","K","Jason Myers","00-0031492","","weekly run (status check only)",""
"2026-09-25T21:53:19Z","2026","3","MIN","K","Will Reichard","00-0039404","","weekly run (status check only)",""
"2026-09-25T21:53:19Z","2026","3","CIN","K","Evan McPherson","00-0036854","","weekly run (status check only)",""
"2026-09-25T21:53:19Z","2026","3","JAX","K","Cam Little","00-0039409","","weekly run (status check only)",""
"2026-09-25T21:53:19Z","2026","3","PHI","K","Jake Elliott","00-0033787","","weekly run (status check only)",""
"2026-09-25T21:53:19Z","2026","3","TB","K","Chase McLaughlin","00-0035358","","weekly run (status check only)",""
"2026-09-25T21:53:19Z","2026","3","BAL","K","Tyler Loop","00-0040074","","weekly run (status check only)",""
"2026-09-25T21:53:19Z","2026","3","BUF","K","Tyler Bass","00-0036162","","weekly run (status check only)",""
"2026-09-25T21:53:19Z","2026","3","LV","K","Matt Gay","00-0035269","","weekly run (status check only)",""
"2026-09-25T21:53:19Z","2026","3","IND","K","Spencer Shrader","00-0039576","","weekly run (status check only)",""
"2026-09-25T21:53:19Z","2026","3","NYJ","K","Jason Sanders","00-0034794","","weekly run (status check only)",""
"2026-09-25T21:53:19Z","2026","3","PIT","K","Chris Boswell","00-0031136","","weekly run (status check only)",""
"2026-09-25T21:53:19Z","2026","3","LA","K","Harrison Mevis","00-0039498","","weekly run (status check only)",""
"2026-09-25T21:53:19Z","2026","3","DEN","K","Wil Lutz","00-0032569","","weekly run (status check only)",""
"2026-09-25T21:53:19Z","2026","3","CAR","K","Ryan Fitzgerald","00-0040279","","weekly run (status check only)",""
"2026-09-25T21:53:19Z","2026","3","NE","K","Andy Borregales","00-0040200","","weekly run (status check only)",""
"2026-09-25T21:53:19Z","2026","3","CHI","K","Cairo Santos","00-0031203","Questionable","weekly run (status check only)",""
"2026-09-25T21:53:19Z","2026","3","CLE","K","Andre Szmyt","00-0038428","","weekly run (status check only)",""
"2026-09-25T21:53:19Z","2026","3","LAC","K","Cameron Dicker","00-0037224","","weekly run (status check only)",""
"2026-09-25T21:53:19Z","2026","3","NYG","K","Dominic Zvada","00-0041145","","weekly run (status check only)",""
"2026-09-25T21:53:19Z","2026","3","TEN","K","Joey Slye","00-0035192","","weekly run (status check only)",""
"2026-09-25T21:53:19Z","2026","3","ARI","K","Chad Ryland","00-0038567","","weekly run (status check only)",""
"2026-09-25T21:53:19Z","2026","3","MIA","K","Riley Patterson","00-0036816","","weekly run (status check only)",""
"2026-09-25T21:53:19Z","2026","3","WAS","K","Drew Stevens","00-0041182","","weekly run (status check only)",""
"2026-09-25T22:46:33Z","2026","3","MIA","QB","Malik Willis","00-0038128","","nflverse schedule",""
"2026-09-25T22:46:33Z","2026","3","WAS","QB","Marcus Mariota","00-0032268","","schedule QB Jayden Daniels ruled out (Out) → Sleeper + Ourlads depth charts",""
"2026-09-25T22:46:33Z","2026","3","LV","QB","Kirk Cousins","00-0029604","","nflverse schedule",""
"2026-09-25T22:46:33Z","2026","3","CLE","QB","Deshaun Watson","00-0033537","","nflverse schedule",""
"2026-09-25T22:46:33Z","2026","3","TB","QB","Baker Mayfield","00-0034855","","nflverse schedule",""
"2026-09-25T22:46:33Z","2026","3","TEN","QB","Cam Ward","00-0040676","","nflverse schedule",""
"2026-09-25T22:46:33Z","2026","3","ARI","QB","Jacoby Brissett","00-0033119","","nflverse schedule",""
"2026-09-25T22:46:33Z","2026","3","NE","QB","Drake Maye","00-0039851","","nflverse schedule",""
"2026-09-25T22:46:33Z","2026","3","IND","QB","Daniel Jones","00-0035710","","nflverse schedule",""
"2026-09-25T22:46:33Z","2026","3","LAC","QB","Justin Herbert","00-0036355","","nflverse schedule",""
"2026-09-25T22:46:33Z","2026","3","DEN","QB","Bo Nix","00-0039732","","nflverse schedule",""
"2026-09-25T22:46:33Z","2026","3","CHI","QB","Case Keenum","00-0028986","","nflverse schedule",""
"2026-09-25T22:46:33Z","2026","3","NYJ","QB","Geno Smith","00-0030565","","nflverse schedule",""
"2026-09-25T22:46:33Z","2026","3","PIT","QB","Aaron Rodgers","00-0023459","","nflverse schedule",""
"2026-09-25T22:46:33Z","2026","3","NO","QB","Tyler Shough","00-0040743","","nflverse schedule",""
"2026-09-25T22:46:33Z","2026","3","MIN","QB","Kyler Murray","00-0035228","","nflverse schedule",""
"2026-09-25T22:46:33Z","2026","3","PHI","QB","Jalen Hurts","00-0036389","","nflverse schedule",""
"2026-09-25T22:46:33Z","2026","3","NYG","QB","Jameis Winston","00-0031503","","nflverse schedule",""
"2026-09-25T22:46:33Z","2026","3","CIN","QB","Joe Burrow","00-0036442","","nflverse schedule",""
"2026-09-25T22:46:33Z","2026","3","JAX","QB","Trevor Lawrence","00-0036971","","nflverse schedule",""
"2026-09-25T22:46:33Z","2026","3","CAR","QB","Bryce Young","00-0039150","","nflverse schedule",""
"2026-09-25T22:46:33Z","2026","3","HOU","QB","C.J. Stroud","00-0039163","","nflverse schedule",""
"2026-09-25T22:46:33Z","2026","3","SEA","QB","Sam Darnold","00-0034869","Questionable","Sleeper + Ourlads depth charts agree (schedule differs)","Schedule: Drew Lock"
"2026-09-25T22:46:33Z","2026","3","LA","QB","Matthew Stafford","00-0026498","","nflverse schedule",""
"2026-09-25T22:46:33Z","2026","3","DAL","QB","Dak Prescott","00-0033077","","nflverse schedule",""
"2026-09-25T22:46:33Z","2026","3","DET","QB","Jared Goff","00-0033106","","nflverse schedule",""
"2026-09-25T22:46:33Z","2026","3","BUF","QB","Josh Allen","00-0034857","","nflverse schedule",""
"2026-09-25T22:46:33Z","2026","3","KC","QB","Patrick Mahomes","00-0033873","","nflverse schedule",""
"2026-09-25T22:46:33Z","2026","3","SF","QB","Brock Purdy","00-0037834","","nflverse schedule",""
"2026-09-25T22:46:33Z","2026","3","BAL","QB","Lamar Jackson","00-0034796","","nflverse schedule",""
"2026-09-25T22:47:13Z","2026","3","KC","K","Harrison Butker","00-0033303","","weekly run (status check only)",""
"2026-09-25T22:47:13Z","2026","3","HOU","K","Ka'imi Fairbairn","00-0032726","","weekly run (status check only)",""
"2026-09-25T22:47:13Z","2026","3","DET","K","Jake Bates","00-0039172","","weekly run (status check only)",""
"2026-09-25T22:47:13Z","2026","3","NO","K","Daniel Carlson","00-0034161","","weekly run (status check only)",""
"2026-09-25T22:47:13Z","2026","3","DAL","K","Brandon Aubrey","00-0037692","","weekly run (status check only)",""
"2026-09-25T22:47:13Z","2026","3","SF","K","Eddy Pineiro","00-0034173","","weekly run (status check only)",""
"2026-09-25T22:47:13Z","2026","3","SEA","K","Jason Myers","00-0031492","","weekly run (status check only)",""
"2026-09-25T22:47:13Z","2026","3","MIN","K","Will Reichard","00-0039404","","weekly run (status check only)",""
"2026-09-25T22:47:13Z","2026","3","CIN","K","Evan McPherson","00-0036854","","weekly run (status check only)",""
"2026-09-25T22:47:13Z","2026","3","JAX","K","Cam Little","00-0039409","","weekly run (status check only)",""
"2026-09-25T22:47:13Z","2026","3","PHI","K","Jake Elliott","00-0033787","","weekly run (status check only)",""
"2026-09-25T22:47:13Z","2026","3","TB","K","Chase McLaughlin","00-0035358","","weekly run (status check only)",""
"2026-09-25T22:47:13Z","2026","3","BAL","K","Tyler Loop","00-0040074","","weekly run (status check only)",""
"2026-09-25T22:47:13Z","2026","3","BUF","K","Tyler Bass","00-0036162","","weekly run (status check only)",""
"2026-09-25T22:47:13Z","2026","3","LV","K","Matt Gay","00-0035269","","weekly run (status check only)",""
"2026-09-25T22:47:13Z","2026","3","IND","K","Spencer Shrader","00-0039576","","weekly run (status check only)",""
"2026-09-25T22:47:13Z","2026","3","NYJ","K","Jason Sanders","00-0034794","","weekly run (status check only)",""
"2026-09-25T22:47:13Z","2026","3","PIT","K","Chris Boswell","00-0031136","","weekly run (status check only)",""
"2026-09-25T22:47:13Z","2026","3","LA","K","Harrison Mevis","00-0039498","","weekly run (status check only)",""
"2026-09-25T22:47:13Z","2026","3","DEN","K","Wil Lutz","00-0032569","","weekly run (status check only)",""
"2026-09-25T22:47:13Z","2026","3","CAR","K","Ryan Fitzgerald","00-0040279","","weekly run (status check only)",""
"2026-09-25T22:47:13Z","2026","3","NE","K","Andy Borregales","00-0040200","","weekly run (status check only)",""
"2026-09-25T22:47:13Z","2026","3","CHI","K","Cairo Santos","00-0031203","Questionable","weekly run (status check only)",""
"2026-09-25T22:47:13Z","2026","3","CLE","K","Andre Szmyt","00-0038428","","weekly run (status check only)",""
"2026-09-25T22:47:13Z","2026","3","LAC","K","Cameron Dicker","00-0037224","","weekly run (status check only)",""
"2026-09-25T22:47:13Z","2026","3","NYG","K","Dominic Zvada","00-0041145","","weekly run (status check only)",""
"2026-09-25T22:47:13Z","2026","3","TEN","K","Joey Slye","00-0035192","","weekly run (status check only)",""
"2026-09-25T22:47:13Z","2026","3","ARI","K","Chad Ryland","00-0038567","","weekly run (status check only)",""
"2026-09-25T22:47:13Z","2026","3","MIA","K","Riley Patterson","00-0036816","","weekly run (status check only)",""
"2026-09-25T22:47:13Z","2026","3","WAS","K","Drew Stevens","00-0041182","","weekly run (status check only)",""
"2026-09-25T23:17:51Z","2026","3","MIA","QB","Malik Willis","00-0038128","","nflverse schedule",""
"2026-09-25T23:17:51Z","2026","3","WAS","QB","Marcus Mariota","00-0032268","","schedule QB Jayden Daniels ruled out (Out) → Sleeper + Ourlads depth charts",""
"2026-09-25T23:17:51Z","2026","3","LV","QB","Kirk Cousins","00-0029604","","nflverse schedule",""
"2026-09-25T23:17:51Z","2026","3","CLE","QB","Deshaun Watson","00-0033537","","nflverse schedule",""
"2026-09-25T23:17:51Z","2026","3","TB","QB","Baker Mayfield","00-0034855","","nflverse schedule",""
"2026-09-25T23:17:51Z","2026","3","TEN","QB","Cam Ward","00-0040676","","nflverse schedule",""
"2026-09-25T23:17:51Z","2026","3","ARI","QB","Jacoby Brissett","00-0033119","","nflverse schedule",""
"2026-09-25T23:17:51Z","2026","3","IND","QB","Daniel Jones","00-0035710","","nflverse schedule",""
"2026-09-25T23:17:51Z","2026","3","NE","QB","Drake Maye","00-0039851","","nflverse schedule",""
"2026-09-25T23:17:51Z","2026","3","LAC","QB","Justin Herbert","00-0036355","","nflverse schedule",""
"2026-09-25T23:17:51Z","2026","3","DEN","QB","Bo Nix","00-0039732","","nflverse schedule",""
"2026-09-25T23:17:51Z","2026","3","CHI","QB","Case Keenum","00-0028986","","nflverse schedule",""
"2026-09-25T23:17:51Z","2026","3","NYJ","QB","Geno Smith","00-0030565","","nflverse schedule",""
"2026-09-25T23:17:51Z","2026","3","PIT","QB","Aaron Rodgers","00-0023459","","nflverse schedule",""
"2026-09-25T23:17:51Z","2026","3","NO","QB","Tyler Shough","00-0040743","","nflverse schedule",""
"2026-09-25T23:17:51Z","2026","3","MIN","QB","Kyler Murray","00-0035228","","nflverse schedule",""
"2026-09-25T23:17:51Z","2026","3","PHI","QB","Jalen Hurts","00-0036389","","nflverse schedule",""
"2026-09-25T23:17:51Z","2026","3","NYG","QB","Jameis Winston","00-0031503","","nflverse schedule",""
"2026-09-25T23:17:51Z","2026","3","CIN","QB","Joe Burrow","00-0036442","","nflverse schedule",""
"2026-09-25T23:17:51Z","2026","3","CAR","QB","Bryce Young","00-0039150","","nflverse schedule",""
"2026-09-25T23:17:51Z","2026","3","JAX","QB","Trevor Lawrence","00-0036971","","nflverse schedule",""
"2026-09-25T23:17:51Z","2026","3","HOU","QB","C.J. Stroud","00-0039163","","nflverse schedule",""
"2026-09-25T23:17:51Z","2026","3","SEA","QB","Sam Darnold","00-0034869","Questionable","Sleeper + Ourlads depth charts agree (schedule differs)","Schedule: Drew Lock"
"2026-09-25T23:17:51Z","2026","3","LA","QB","Matthew Stafford","00-0026498","","nflverse schedule",""
"2026-09-25T23:17:51Z","2026","3","DAL","QB","Dak Prescott","00-0033077","","nflverse schedule",""
"2026-09-25T23:17:51Z","2026","3","DET","QB","Jared Goff","00-0033106","","nflverse schedule",""
"2026-09-25T23:17:51Z","2026","3","BUF","QB","Josh Allen","00-0034857","","nflverse schedule",""
"2026-09-25T23:17:51Z","2026","3","KC","QB","Patrick Mahomes","00-0033873","","nflverse schedule",""
"2026-09-25T23:17:51Z","2026","3","SF","QB","Brock Purdy","00-0037834","","nflverse schedule",""
"2026-09-25T23:17:51Z","2026","3","BAL","QB","Lamar Jackson","00-0034796","","nflverse schedule",""
"2026-09-25T23:18:29Z","2026","3","KC","K","Harrison Butker","00-0033303","","weekly run (status check only)",""
"2026-09-25T23:18:29Z","2026","3","HOU","K","Ka'imi Fairbairn","00-0032726","","weekly run (status check only)",""
"2026-09-25T23:18:29Z","2026","3","DET","K","Jake Bates","00-0039172","","weekly run (status check only)",""
"2026-09-25T23:18:29Z","2026","3","NO","K","Daniel Carlson","00-0034161","","weekly run (status check only)",""
"2026-09-25T23:18:29Z","2026","3","DAL","K","Brandon Aubrey","00-0037692","","weekly run (status check only)",""
"2026-09-25T23:18:29Z","2026","3","SF","K","Eddy Pineiro","00-0034173","","weekly run (status check only)",""
"2026-09-25T23:18:29Z","2026","3","SEA","K","Jason Myers","00-0031492","","weekly run (status check only)",""
"2026-09-25T23:18:29Z","2026","3","MIN","K","Will Reichard","00-0039404","","weekly run (status check only)",""
"2026-09-25T23:18:29Z","2026","3","CIN","K","Evan McPherson","00-0036854","","weekly run (status check only)",""
"2026-09-25T23:18:29Z","2026","3","JAX","K","Cam Little","00-0039409","","weekly run (status check only)",""
"2026-09-25T23:18:29Z","2026","3","PHI","K","Jake Elliott","00-0033787","","weekly run (status check only)",""
"2026-09-25T23:18:29Z","2026","3","TB","K","Chase McLaughlin","00-0035358","","weekly run (status check only)",""
"2026-09-25T23:18:29Z","2026","3","BAL","K","Tyler Loop","00-0040074","","weekly run (status check only)",""
"2026-09-25T23:18:29Z","2026","3","BUF","K","Tyler Bass","00-0036162","","weekly run (status check only)",""
"2026-09-25T23:18:29Z","2026","3","LV","K","Matt Gay","00-0035269","","weekly run (status check only)",""
"2026-09-25T23:18:29Z","2026","3","IND","K","Spencer Shrader","00-0039576","","weekly run (status check only)",""
"2026-09-25T23:18:29Z","2026","3","NYJ","K","Jason Sanders","00-0034794","","weekly run (status check only)",""
"2026-09-25T23:18:29Z","2026","3","PIT","K","Chris Boswell","00-0031136","","weekly run (status check only)",""
"2026-09-25T23:18:29Z","2026","3","LA","K","Harrison Mevis","00-0039498","","weekly run (status check only)",""
"2026-09-25T23:18:29Z","2026","3","DEN","K","Wil Lutz","00-0032569","","weekly run (status check only)",""
"2026-09-25T23:18:29Z","2026","3","CAR","K","Ryan Fitzgerald","00-0040279","","weekly run (status check only)",""
"2026-09-25T23:18:29Z","2026","3","NE","K","Andy Borregales","00-0040200","","weekly run (status check only)",""
"2026-09-25T23:18:29Z","2026","3","CHI","K","Cairo Santos","00-0031203","Questionable","weekly run (status check only)",""
"2026-09-25T23:18:29Z","2026","3","CLE","K","Andre Szmyt","00-0038428","","weekly run (status check only)",""
"2026-09-25T23:18:29Z","2026","3","LAC","K","Cameron Dicker","00-0037224","","weekly run (status check only)",""
"2026-09-25T23:18:29Z","2026","3","NYG","K","Dominic Zvada","00-0041145","","weekly run (status check only)",""
"2026-09-25T23:18:29Z","2026","3","TEN","K","Joey Slye","00-0035192","","weekly run (status check only)",""
"2026-09-25T23:18:29Z","2026","3","ARI","K","Chad Ryland","00-0038567","","weekly run (status check only)",""
"2026-09-25T23:18:29Z","2026","3","MIA","K","Riley Patterson","00-0036816","","weekly run (status check only)",""
"2026-09-25T23:18:29Z","2026","3","WAS","K","Drew Stevens","00-0041182","","weekly run (status check only)",""
"2026-09-25T23:37:34Z","2026","3","MIA","QB","Malik Willis","00-0038128","","nflverse schedule",""
"2026-09-25T23:37:34Z","2026","3","WAS","QB","Marcus Mariota","00-0032268","","schedule QB Jayden Daniels ruled out (Out) → Sleeper + Ourlads depth charts",""
"2026-09-25T23:37:34Z","2026","3","LV","QB","Kirk Cousins","00-0029604","","nflverse schedule",""
"2026-09-25T23:37:34Z","2026","3","CLE","QB","Deshaun Watson","00-0033537","","nflverse schedule",""
"2026-09-25T23:37:34Z","2026","3","TB","QB","Baker Mayfield","00-0034855","","nflverse schedule",""
"2026-09-25T23:37:34Z","2026","3","TEN","QB","Cam Ward","00-0040676","","nflverse schedule",""
"2026-09-25T23:37:34Z","2026","3","ARI","QB","Jacoby Brissett","00-0033119","","nflverse schedule",""
"2026-09-25T23:37:34Z","2026","3","IND","QB","Daniel Jones","00-0035710","","nflverse schedule",""
"2026-09-25T23:37:34Z","2026","3","NE","QB","Drake Maye","00-0039851","","nflverse schedule",""
"2026-09-25T23:37:34Z","2026","3","LAC","QB","Justin Herbert","00-0036355","","nflverse schedule",""
"2026-09-25T23:37:34Z","2026","3","DEN","QB","Bo Nix","00-0039732","","nflverse schedule",""
"2026-09-25T23:37:34Z","2026","3","CHI","QB","Case Keenum","00-0028986","","nflverse schedule",""
"2026-09-25T23:37:34Z","2026","3","NYJ","QB","Geno Smith","00-0030565","","nflverse schedule",""
"2026-09-25T23:37:34Z","2026","3","PIT","QB","Aaron Rodgers","00-0023459","","nflverse schedule",""
"2026-09-25T23:37:34Z","2026","3","NO","QB","Tyler Shough","00-0040743","","nflverse schedule",""
"2026-09-25T23:37:34Z","2026","3","MIN","QB","Kyler Murray","00-0035228","","nflverse schedule",""
"2026-09-25T23:37:34Z","2026","3","PHI","QB","Jalen Hurts","00-0036389","","nflverse schedule",""
"2026-09-25T23:37:34Z","2026","3","NYG","QB","Jameis Winston","00-0031503","","nflverse schedule",""
"2026-09-25T23:37:34Z","2026","3","CIN","QB","Joe Burrow","00-0036442","","nflverse schedule",""
"2026-09-25T23:37:34Z","2026","3","CAR","QB","Bryce Young","00-0039150","","nflverse schedule",""
"2026-09-25T23:37:34Z","2026","3","JAX","QB","Trevor Lawrence","00-0036971","","nflverse schedule",""
"2026-09-25T23:37:34Z","2026","3","HOU","QB","C.J. Stroud","00-0039163","","nflverse schedule",""
"2026-09-25T23:37:34Z","2026","3","SEA","QB","Sam Darnold","00-0034869","Questionable","Sleeper + Ourlads depth charts agree (schedule differs)","Schedule: Drew Lock"
"2026-09-25T23:37:34Z","2026","3","LA","QB","Matthew Stafford","00-0026498","","nflverse schedule",""
"2026-09-25T23:37:34Z","2026","3","DAL","QB","Dak Prescott","00-0033077","","nflverse schedule",""
"2026-09-25T23:37:34Z","2026","3","DET","QB","Jared Goff","00-0033106","","nflverse schedule",""
"2026-09-25T23:37:34Z","2026","3","BUF","QB","Josh Allen","00-0034857","","nflverse schedule",""
"2026-09-25T23:37:34Z","2026","3","KC","QB","Patrick Mahomes","00-0033873","","nflverse schedule",""
"2026-09-25T23:37:34Z","2026","3","SF","QB","Brock Purdy","00-0037834","","nflverse schedule",""
"2026-09-25T23:37:34Z","2026","3","BAL","QB","Lamar Jackson","00-0034796","","nflverse schedule",""
"2026-09-25T23:38:04Z","2026","3","KC","K","Harrison Butker","00-0033303","","weekly run (status check only)",""
"2026-09-25T23:38:04Z","2026","3","HOU","K","Ka'imi Fairbairn","00-0032726","","weekly run (status check only)",""
"2026-09-25T23:38:04Z","2026","3","DET","K","Jake Bates","00-0039172","","weekly run (status check only)",""
"2026-09-25T23:38:04Z","2026","3","NO","K","Daniel Carlson","00-0034161","","weekly run (status check only)",""
"2026-09-25T23:38:04Z","2026","3","DAL","K","Brandon Aubrey","00-0037692","","weekly run (status check only)",""
"2026-09-25T23:38:04Z","2026","3","SF","K","Eddy Pineiro","00-0034173","","weekly run (status check only)",""
"2026-09-25T23:38:04Z","2026","3","MIN","K","Will Reichard","00-0039404","","weekly run (status check only)",""
"2026-09-25T23:38:04Z","2026","3","SEA","K","Jason Myers","00-0031492","","weekly run (status check only)",""
"2026-09-25T23:38:04Z","2026","3","JAX","K","Cam Little","00-0039409","","weekly run (status check only)",""
"2026-09-25T23:38:04Z","2026","3","CIN","K","Evan McPherson","00-0036854","","weekly run (status check only)",""
"2026-09-25T23:38:04Z","2026","3","TB","K","Chase McLaughlin","00-0035358","","weekly run (status check only)",""
"2026-09-25T23:38:04Z","2026","3","PHI","K","Jake Elliott","00-0033787","","weekly run (status check only)",""
"2026-09-25T23:38:04Z","2026","3","BAL","K","Tyler Loop","00-0040074","","weekly run (status check only)",""
"2026-09-25T23:38:04Z","2026","3","BUF","K","Tyler Bass","00-0036162","","weekly run (status check only)",""
"2026-09-25T23:38:04Z","2026","3","LV","K","Matt Gay","00-0035269","","weekly run (status check only)",""
"2026-09-25T23:38:04Z","2026","3","IND","K","Spencer Shrader","00-0039576","","weekly run (status check only)",""
"2026-09-25T23:38:04Z","2026","3","NYJ","K","Jason Sanders","00-0034794","","weekly run (status check only)",""
"2026-09-25T23:38:04Z","2026","3","PIT","K","Chris Boswell","00-0031136","","weekly run (status check only)",""
"2026-09-25T23:38:04Z","2026","3","LA","K","Harrison Mevis","00-0039498","","weekly run (status check only)",""
"2026-09-25T23:38:04Z","2026","3","DEN","K","Wil Lutz","00-0032569","","weekly run (status check only)",""
"2026-09-25T23:38:04Z","2026","3","NE","K","Andy Borregales","00-0040200","","weekly run (status check only)",""
"2026-09-25T23:38:04Z","2026","3","CAR","K","Ryan Fitzgerald","00-0040279","","weekly run (status check only)",""
"2026-09-25T23:38:04Z","2026","3","CHI","K","Cairo Santos","00-0031203","Questionable","weekly run (status check only)",""
"2026-09-25T23:38:04Z","2026","3","CLE","K","Andre Szmyt","00-0038428","","weekly run (status check only)",""
"2026-09-25T23:38:04Z","2026","3","LAC","K","Cameron Dicker","00-0037224","","weekly run (status check only)",""
"2026-09-25T23:38:04Z","2026","3","NYG","K","Dominic Zvada","00-0041145","","weekly run (status check only)",""
"2026-09-25T23:38:04Z","2026","3","TEN","K","Joey Slye","00-0035192","","weekly run (status check only)",""
"2026-09-25T23:38:04Z","2026","3","ARI","K","Chad Ryland","00-0038567","","weekly run (status check only)",""
"2026-09-25T23:38:04Z","2026","3","MIA","K","Riley Patterson","00-0036816","","weekly run (status check only)",""
"2026-09-25T23:38:04Z","2026","3","WAS","K","Drew Stevens","00-0041182","","weekly run (status check only)",""
"2026-09-25T23:59:49Z","2026","3","MIA","QB","Malik Willis","00-0038128","","nflverse schedule",""
"2026-09-25T23:59:49Z","2026","3","WAS","QB","Marcus Mariota","00-0032268","","schedule QB Jayden Daniels ruled out (Out) → Sleeper + Ourlads depth charts",""
"2026-09-25T23:59:49Z","2026","3","LV","QB","Kirk Cousins","00-0029604","","nflverse schedule",""
"2026-09-25T23:59:49Z","2026","3","CLE","QB","Deshaun Watson","00-0033537","","nflverse schedule",""
"2026-09-25T23:59:49Z","2026","3","TB","QB","Baker Mayfield","00-0034855","","nflverse schedule",""
"2026-09-25T23:59:49Z","2026","3","TEN","QB","Cam Ward","00-0040676","","nflverse schedule",""
"2026-09-25T23:59:49Z","2026","3","ARI","QB","Jacoby Brissett","00-0033119","","nflverse schedule",""
"2026-09-25T23:59:49Z","2026","3","IND","QB","Daniel Jones","00-0035710","","nflverse schedule",""
"2026-09-25T23:59:49Z","2026","3","NE","QB","Drake Maye","00-0039851","","nflverse schedule",""
"2026-09-25T23:59:49Z","2026","3","LAC","QB","Justin Herbert","00-0036355","","nflverse schedule",""
"2026-09-25T23:59:49Z","2026","3","DEN","QB","Bo Nix","00-0039732","","nflverse schedule",""
"2026-09-25T23:59:49Z","2026","3","CHI","QB","Case Keenum","00-0028986","","nflverse schedule",""
"2026-09-25T23:59:49Z","2026","3","NYJ","QB","Geno Smith","00-0030565","","nflverse schedule",""
"2026-09-25T23:59:49Z","2026","3","PIT","QB","Aaron Rodgers","00-0023459","","nflverse schedule",""
"2026-09-25T23:59:49Z","2026","3","NO","QB","Tyler Shough","00-0040743","","nflverse schedule",""
"2026-09-25T23:59:49Z","2026","3","MIN","QB","Kyler Murray","00-0035228","","nflverse schedule",""
"2026-09-25T23:59:49Z","2026","3","PHI","QB","Jalen Hurts","00-0036389","","nflverse schedule",""
"2026-09-25T23:59:49Z","2026","3","NYG","QB","Jameis Winston","00-0031503","","nflverse schedule",""
"2026-09-25T23:59:49Z","2026","3","CIN","QB","Joe Burrow","00-0036442","","nflverse schedule",""
"2026-09-25T23:59:49Z","2026","3","CAR","QB","Bryce Young","00-0039150","","nflverse schedule",""
"2026-09-25T23:59:49Z","2026","3","JAX","QB","Trevor Lawrence","00-0036971","","nflverse schedule",""
"2026-09-25T23:59:49Z","2026","3","HOU","QB","C.J. Stroud","00-0039163","","nflverse schedule",""
"2026-09-25T23:59:49Z","2026","3","SEA","QB","Sam Darnold","00-0034869","Questionable","Sleeper + Ourlads depth charts agree (schedule differs)","Schedule: Drew Lock"
"2026-09-25T23:59:49Z","2026","3","LA","QB","Matthew Stafford","00-0026498","","nflverse schedule",""
"2026-09-25T23:59:49Z","2026","3","DAL","QB","Dak Prescott","00-0033077","","nflverse schedule",""
"2026-09-25T23:59:49Z","2026","3","DET","QB","Jared Goff","00-0033106","","nflverse schedule",""
"2026-09-25T23:59:49Z","2026","3","BUF","QB","Josh Allen","00-0034857","","nflverse schedule",""
"2026-09-25T23:59:49Z","2026","3","KC","QB","Patrick Mahomes","00-0033873","","nflverse schedule",""
"2026-09-25T23:59:49Z","2026","3","SF","QB","Brock Purdy","00-0037834","","nflverse schedule",""
"2026-09-25T23:59:49Z","2026","3","BAL","QB","Lamar Jackson","00-0034796","","nflverse schedule",""
"2026-09-26T00:00:27Z","2026","3","KC","K","Harrison Butker","00-0033303","","weekly run (status check only)",""
"2026-09-26T00:00:27Z","2026","3","HOU","K","Ka'imi Fairbairn","00-0032726","","weekly run (status check only)",""
"2026-09-26T00:00:27Z","2026","3","DET","K","Jake Bates","00-0039172","","weekly run (status check only)",""
"2026-09-26T00:00:27Z","2026","3","NO","K","Daniel Carlson","00-0034161","","weekly run (status check only)",""
"2026-09-26T00:00:27Z","2026","3","DAL","K","Brandon Aubrey","00-0037692","","weekly run (status check only)",""
"2026-09-26T00:00:27Z","2026","3","SF","K","Eddy Pineiro","00-0034173","","weekly run (status check only)",""
"2026-09-26T00:00:27Z","2026","3","MIN","K","Will Reichard","00-0039404","","weekly run (status check only)",""
"2026-09-26T00:00:27Z","2026","3","SEA","K","Jason Myers","00-0031492","","weekly run (status check only)",""
"2026-09-26T00:00:27Z","2026","3","JAX","K","Cam Little","00-0039409","","weekly run (status check only)",""
"2026-09-26T00:00:27Z","2026","3","CIN","K","Evan McPherson","00-0036854","","weekly run (status check only)",""
"2026-09-26T00:00:27Z","2026","3","TB","K","Chase McLaughlin","00-0035358","","weekly run (status check only)",""
"2026-09-26T00:00:27Z","2026","3","PHI","K","Jake Elliott","00-0033787","","weekly run (status check only)",""
"2026-09-26T00:00:27Z","2026","3","BAL","K","Tyler Loop","00-0040074","","weekly run (status check only)",""
"2026-09-26T00:00:27Z","2026","3","LV","K","Matt Gay","00-0035269","","weekly run (status check only)",""
"2026-09-26T00:00:27Z","2026","3","IND","K","Spencer Shrader","00-0039576","","weekly run (status check only)",""
"2026-09-26T00:00:27Z","2026","3","NYJ","K","Jason Sanders","00-0034794","","weekly run (status check only)",""
"2026-09-26T00:00:27Z","2026","3","BUF","K","Tyler Bass","00-0036162","","weekly run (status check only)",""
"2026-09-26T00:00:27Z","2026","3","LA","K","Harrison Mevis","00-0039498","","weekly run (status check only)",""
"2026-09-26T00:00:27Z","2026","3","PIT","K","Chris Boswell","00-0031136","","weekly run (status check only)",""
"2026-09-26T00:00:27Z","2026","3","DEN","K","Wil Lutz","00-0032569","","weekly run (status check only)",""
"2026-09-26T00:00:27Z","2026","3","NE","K","Andy Borregales","00-0040200","","weekly run (status check only)",""
"2026-09-26T00:00:27Z","2026","3","CAR","K","Ryan Fitzgerald","00-0040279","","weekly run (status check only)",""
"2026-09-26T00:00:27Z","2026","3","CHI","K","Cairo Santos","00-0031203","Questionable","weekly run (status check only)",""
"2026-09-26T00:00:27Z","2026","3","CLE","K","Andre Szmyt","00-0038428","","weekly run (status check only)",""
"2026-09-26T00:00:27Z","2026","3","LAC","K","Cameron Dicker","00-0037224","","weekly run (status check only)",""
"2026-09-26T00:00:27Z","2026","3","NYG","K","Dominic Zvada","00-0041145","","weekly run (status check only)",""
"2026-09-26T00:00:27Z","2026","3","ARI","K","Chad Ryland","00-0038567","","weekly run (status check only)",""
"2026-09-26T00:00:27Z","2026","3","TEN","K","Joey Slye","00-0035192","","weekly run (status check only)",""
"2026-09-26T00:00:27Z","2026","3","MIA","K","Riley Patterson","00-0036816","","weekly run (status check only)",""
"2026-09-26T00:00:27Z","2026","3","WAS","K","Drew Stevens","00-0041182","","weekly run (status check only)",""
"2026-09-26T02:57:14Z","2026","3","MIA","QB","Malik Willis","00-0038128","","nflverse schedule",""
"2026-09-26T02:57:14Z","2026","3","WAS","QB","Marcus Mariota","00-0032268","","schedule QB Jayden Daniels ruled out (Out) → Sleeper + Ourlads depth charts",""
"2026-09-26T02:57:14Z","2026","3","LV","QB","Kirk Cousins","00-0029604","","nflverse schedule",""
"2026-09-26T02:57:14Z","2026","3","CLE","QB","Deshaun Watson","00-0033537","","nflverse schedule",""
"2026-09-26T02:57:14Z","2026","3","TB","QB","Baker Mayfield","00-0034855","","nflverse schedule",""
"2026-09-26T02:57:14Z","2026","3","TEN","QB","Cam Ward","00-0040676","","nflverse schedule",""
"2026-09-26T02:57:14Z","2026","3","ARI","QB","Jacoby Brissett","00-0033119","","nflverse schedule",""
"2026-09-26T02:57:14Z","2026","3","IND","QB","Daniel Jones","00-0035710","","nflverse schedule",""
"2026-09-26T02:57:14Z","2026","3","NE","QB","Drake Maye","00-0039851","","nflverse schedule",""
"2026-09-26T02:57:14Z","2026","3","LAC","QB","Justin Herbert","00-0036355","","nflverse schedule",""
"2026-09-26T02:57:14Z","2026","3","DEN","QB","Bo Nix","00-0039732","","nflverse schedule",""
"2026-09-26T02:57:14Z","2026","3","CHI","QB","Case Keenum","00-0028986","","nflverse schedule",""
"2026-09-26T02:57:14Z","2026","3","NYJ","QB","Geno Smith","00-0030565","","nflverse schedule",""
"2026-09-26T02:57:14Z","2026","3","PIT","QB","Aaron Rodgers","00-0023459","","nflverse schedule",""
"2026-09-26T02:57:14Z","2026","3","NO","QB","Tyler Shough","00-0040743","","nflverse schedule",""
"2026-09-26T02:57:14Z","2026","3","MIN","QB","Kyler Murray","00-0035228","","nflverse schedule",""
"2026-09-26T02:57:14Z","2026","3","PHI","QB","Jalen Hurts","00-0036389","","nflverse schedule",""
"2026-09-26T02:57:14Z","2026","3","NYG","QB","Jameis Winston","00-0031503","","nflverse schedule",""
"2026-09-26T02:57:14Z","2026","3","CIN","QB","Joe Burrow","00-0036442","","nflverse schedule",""
"2026-09-26T02:57:14Z","2026","3","CAR","QB","Bryce Young","00-0039150","","nflverse schedule",""
"2026-09-26T02:57:14Z","2026","3","JAX","QB","Trevor Lawrence","00-0036971","","nflverse schedule",""
"2026-09-26T02:57:14Z","2026","3","HOU","QB","C.J. Stroud","00-0039163","","nflverse schedule",""
"2026-09-26T02:57:14Z","2026","3","SEA","QB","Sam Darnold","00-0034869","","Sleeper + Ourlads depth charts agree (schedule differs)","Schedule: Drew Lock"
"2026-09-26T02:57:14Z","2026","3","LA","QB","Matthew Stafford","00-0026498","","nflverse schedule",""
"2026-09-26T02:57:14Z","2026","3","DAL","QB","Dak Prescott","00-0033077","","nflverse schedule",""
"2026-09-26T02:57:14Z","2026","3","DET","QB","Jared Goff","00-0033106","","nflverse schedule",""
"2026-09-26T02:57:14Z","2026","3","BUF","QB","Josh Allen","00-0034857","","nflverse schedule",""
"2026-09-26T02:57:14Z","2026","3","KC","QB","Patrick Mahomes","00-0033873","","nflverse schedule",""
"2026-09-26T02:57:14Z","2026","3","SF","QB","Brock Purdy","00-0037834","","nflverse schedule",""
"2026-09-26T02:57:14Z","2026","3","BAL","QB","Lamar Jackson","00-0034796","","nflverse schedule",""
"2026-09-26T02:57:54Z","2026","3","KC","K","Harrison Butker","00-0033303","","weekly run (status check only)",""
"2026-09-26T02:57:54Z","2026","3","HOU","K","Ka'imi Fairbairn","00-0032726","","weekly run (status check only)",""
"2026-09-26T02:57:54Z","2026","3","DET","K","Jake Bates","00-0039172","","weekly run (status check only)",""
"2026-09-26T02:57:54Z","2026","3","NO","K","Daniel Carlson","00-0034161","","weekly run (status check only)",""
"2026-09-26T02:57:54Z","2026","3","DAL","K","Brandon Aubrey","00-0037692","","weekly run (status check only)",""
"2026-09-26T02:57:54Z","2026","3","SF","K","Eddy Pineiro","00-0034173","","weekly run (status check only)",""
"2026-09-26T02:57:54Z","2026","3","MIN","K","Will Reichard","00-0039404","","weekly run (status check only)",""
"2026-09-26T02:57:54Z","2026","3","SEA","K","Jason Myers","00-0031492","","weekly run (status check only)",""
"2026-09-26T02:57:54Z","2026","3","JAX","K","Cam Little","00-0039409","","weekly run (status check only)",""
"2026-09-26T02:57:54Z","2026","3","TB","K","Chase McLaughlin","00-0035358","","weekly run (status check only)",""
"2026-09-26T02:57:54Z","2026","3","CIN","K","Evan McPherson","00-0036854","","weekly run (status check only)",""
"2026-09-26T02:57:54Z","2026","3","PHI","K","Jake Elliott","00-0033787","","weekly run (status check only)",""
"2026-09-26T02:57:54Z","2026","3","BAL","K","Tyler Loop","00-0040074","","weekly run (status check only)",""
"2026-09-26T02:57:54Z","2026","3","BUF","K","Tyler Bass","00-0036162","","weekly run (status check only)",""
"2026-09-26T02:57:54Z","2026","3","LV","K","Matt Gay","00-0035269","","weekly run (status check only)",""
"2026-09-26T02:57:54Z","2026","3","IND","K","Spencer Shrader","00-0039576","","weekly run (status check only)",""
"2026-09-26T02:57:54Z","2026","3","NYJ","K","Jason Sanders","00-0034794","","weekly run (status check only)",""
"2026-09-26T02:57:54Z","2026","3","LA","K","Harrison Mevis","00-0039498","","weekly run (status check only)",""
"2026-09-26T02:57:54Z","2026","3","DEN","K","Wil Lutz","00-0032569","","weekly run (status check only)",""
"2026-09-26T02:57:54Z","2026","3","PIT","K","Chris Boswell","00-0031136","","weekly run (status check only)",""
"2026-09-26T02:57:54Z","2026","3","NE","K","Andy Borregales","00-0040200","","weekly run (status check only)",""
"2026-09-26T02:57:54Z","2026","3","CAR","K","Ryan Fitzgerald","00-0040279","","weekly run (status check only)",""
"2026-09-26T02:57:54Z","2026","3","CHI","K","Cairo Santos","00-0031203","Questionable","weekly run (status check only)",""
"2026-09-26T02:57:54Z","2026","3","LAC","K","Cameron Dicker","00-0037224","","weekly run (status check only)",""
"2026-09-26T02:57:54Z","2026","3","CLE","K","Andre Szmyt","00-0038428","","weekly run (status check only)",""
"2026-09-26T02:57:54Z","2026","3","NYG","K","Dominic Zvada","00-0041145","","weekly run (status check only)",""
"2026-09-26T02:57:54Z","2026","3","ARI","K","Chad Ryland","00-0038567","","weekly run (status check only)",""
"2026-09-26T02:57:54Z","2026","3","TEN","K","Joey Slye","00-0035192","","weekly run (status check only)",""
"2026-09-26T02:57:54Z","2026","3","MIA","K","Riley Patterson","00-0036816","","weekly run (status check only)",""
"2026-09-26T02:57:54Z","2026","3","WAS","K","Drew Stevens","00-0041182","","weekly run (status check only)",""
"2026-09-26T17:36:07Z","2026","3","MIA","QB","Malik Willis","00-0038128","","nflverse schedule",""
"2026-09-26T17:36:07Z","2026","3","WAS","QB","Marcus Mariota","00-0032268","","schedule QB Jayden Daniels ruled out (Out) → Sleeper + Ourlads depth charts",""
"2026-09-26T17:36:07Z","2026","3","LV","QB","Kirk Cousins","00-0029604","","nflverse schedule",""
"2026-09-26T17:36:07Z","2026","3","CLE","QB","Deshaun Watson","00-0033537","","nflverse schedule",""
"2026-09-26T17:36:07Z","2026","3","TB","QB","Baker Mayfield","00-0034855","","nflverse schedule",""
"2026-09-26T17:36:07Z","2026","3","TEN","QB","Cam Ward","00-0040676","","nflverse schedule",""
"2026-09-26T17:36:07Z","2026","3","ARI","QB","Jacoby Brissett","00-0033119","","nflverse schedule",""
"2026-09-26T17:36:07Z","2026","3","IND","QB","Daniel Jones","00-0035710","","nflverse schedule",""
"2026-09-26T17:36:07Z","2026","3","NE","QB","Drake Maye","00-0039851","","nflverse schedule",""
"2026-09-26T17:36:07Z","2026","3","LAC","QB","Justin Herbert","00-0036355","","nflverse schedule",""
"2026-09-26T17:36:07Z","2026","3","DEN","QB","Bo Nix","00-0039732","","nflverse schedule",""
"2026-09-26T17:36:07Z","2026","3","CHI","QB","Case Keenum","00-0028986","","nflverse schedule",""
"2026-09-26T17:36:07Z","2026","3","NYJ","QB","Geno Smith","00-0030565","","nflverse schedule",""
"2026-09-26T17:36:07Z","2026","3","PIT","QB","Aaron Rodgers","00-0023459","","nflverse schedule",""
"2026-09-26T17:36:07Z","2026","3","NO","QB","Tyler Shough","00-0040743","","nflverse schedule",""
"2026-09-26T17:36:07Z","2026","3","MIN","QB","Kyler Murray","00-0035228","","nflverse schedule",""
"2026-09-26T17:36:07Z","2026","3","PHI","QB","Jalen Hurts","00-0036389","","nflverse schedule",""
"2026-09-26T17:36:07Z","2026","3","NYG","QB","Jameis Winston","00-0031503","","nflverse schedule",""
"2026-09-26T17:36:07Z","2026","3","CIN","QB","Joe Burrow","00-0036442","","nflverse schedule",""
"2026-09-26T17:36:07Z","2026","3","CAR","QB","Bryce Young","00-0039150","","nflverse schedule",""
"2026-09-26T17:36:07Z","2026","3","JAX","QB","Trevor Lawrence","00-0036971","","nflverse schedule",""
"2026-09-26T17:36:07Z","2026","3","HOU","QB","C.J. Stroud","00-0039163","","nflverse schedule",""
"2026-09-26T17:36:07Z","2026","3","SEA","QB","Sam Darnold","00-0034869","","Sleeper + Ourlads depth charts agree (schedule differs)","Schedule: Drew Lock"
"2026-09-26T17:36:07Z","2026","3","LA","QB","Matthew Stafford","00-0026498","","nflverse schedule",""
"2026-09-26T17:36:07Z","2026","3","DAL","QB","Dak Prescott","00-0033077","","nflverse schedule",""
"2026-09-26T17:36:07Z","2026","3","DET","QB","Jared Goff","00-0033106","","nflverse schedule",""
"2026-09-26T17:36:07Z","2026","3","BUF","QB","Josh Allen","00-0034857","","nflverse schedule",""
"2026-09-26T17:36:07Z","2026","3","KC","QB","Patrick Mahomes","00-0033873","","nflverse schedule",""
"2026-09-26T17:36:07Z","2026","3","SF","QB","Brock Purdy","00-0037834","","nflverse schedule",""
"2026-09-26T17:36:07Z","2026","3","BAL","QB","Lamar Jackson","00-0034796","","nflverse schedule",""
"2026-09-26T17:36:45Z","2026","3","KC","K","Harrison Butker","00-0033303","","weekly run (status check only)",""
"2026-09-26T17:36:45Z","2026","3","HOU","K","Ka'imi Fairbairn","00-0032726","","weekly run (status check only)",""
"2026-09-26T17:36:45Z","2026","3","DET","K","Jake Bates","00-0039172","","weekly run (status check only)",""
"2026-09-26T17:36:45Z","2026","3","NO","K","Daniel Carlson","00-0034161","","weekly run (status check only)",""
"2026-09-26T17:36:45Z","2026","3","DAL","K","Brandon Aubrey","00-0037692","","weekly run (status check only)",""
"2026-09-26T17:36:45Z","2026","3","SF","K","Eddy Pineiro","00-0034173","","weekly run (status check only)",""
"2026-09-26T17:36:45Z","2026","3","MIN","K","Will Reichard","00-0039404","","weekly run (status check only)",""
"2026-09-26T17:36:45Z","2026","3","SEA","K","Jason Myers","00-0031492","","weekly run (status check only)",""
"2026-09-26T17:36:45Z","2026","3","JAX","K","Cam Little","00-0039409","","weekly run (status check only)",""
"2026-09-26T17:36:45Z","2026","3","TB","K","Chase McLaughlin","00-0035358","","weekly run (status check only)",""
"2026-09-26T17:36:45Z","2026","3","CIN","K","Evan McPherson","00-0036854","","weekly run (status check only)",""
"2026-09-26T17:36:45Z","2026","3","PHI","K","Jake Elliott","00-0033787","","weekly run (status check only)",""
"2026-09-26T17:36:45Z","2026","3","BAL","K","Tyler Loop","00-0040074","","weekly run (status check only)",""
"2026-09-26T17:36:45Z","2026","3","BUF","K","Tyler Bass","00-0036162","","weekly run (status check only)",""
"2026-09-26T17:36:45Z","2026","3","LV","K","Matt Gay","00-0035269","","weekly run (status check only)",""
"2026-09-26T17:36:45Z","2026","3","IND","K","Spencer Shrader","00-0039576","","weekly run (status check only)",""
"2026-09-26T17:36:45Z","2026","3","NYJ","K","Jason Sanders","00-0034794","","weekly run (status check only)",""
"2026-09-26T17:36:45Z","2026","3","LA","K","Harrison Mevis","00-0039498","","weekly run (status check only)",""
"2026-09-26T17:36:45Z","2026","3","DEN","K","Wil Lutz","00-0032569","","weekly run (status check only)",""
"2026-09-26T17:36:45Z","2026","3","PIT","K","Chris Boswell","00-0031136","","weekly run (status check only)",""
"2026-09-26T17:36:45Z","2026","3","NE","K","Andy Borregales","00-0040200","","weekly run (status check only)",""
"2026-09-26T17:36:45Z","2026","3","CAR","K","Ryan Fitzgerald","00-0040279","","weekly run (status check only)",""
"2026-09-26T17:36:45Z","2026","3","CHI","K","Cairo Santos","00-0031203","Questionable","weekly run (status check only)",""
"2026-09-26T17:36:45Z","2026","3","LAC","K","Cameron Dicker","00-0037224","","weekly run (status check only)",""
"2026-09-26T17:36:45Z","2026","3","CLE","K","Andre Szmyt","00-0038428","","weekly run (status check only)",""
"2026-09-26T17:36:45Z","2026","3","NYG","K","Dominic Zvada","00-0041145","","weekly run (status check only)",""
"2026-09-26T17:36:45Z","2026","3","ARI","K","Chad Ryland","00-0038567","","weekly run (status check only)",""
"2026-09-26T17:36:45Z","2026","3","TEN","K","Joey Slye","00-0035192","","weekly run (status check only)",""
"2026-09-26T17:36:45Z","2026","3","MIA","K","Riley Patterson","00-0036816","","weekly run (status check only)",""
"2026-09-26T17:36:45Z","2026","3","WAS","K","Drew Stevens","00-0041182","","weekly run (status check only)",""
"2026-09-27T16:16:47Z","2026","3","MIA","QB","Malik Willis","00-0038128","","nflverse schedule",""
"2026-09-27T16:16:47Z","2026","3","WAS","QB","Marcus Mariota","00-0032268","","schedule QB Jayden Daniels ruled out (Out) → Sleeper + Ourlads depth charts",""
"2026-09-27T16:16:47Z","2026","3","LV","QB","Kirk Cousins","00-0029604","","nflverse schedule",""
"2026-09-27T16:16:47Z","2026","3","CLE","QB","Deshaun Watson","00-0033537","","nflverse schedule",""
"2026-09-27T16:16:47Z","2026","3","TB","QB","Baker Mayfield","00-0034855","","nflverse schedule",""
"2026-09-27T16:16:47Z","2026","3","TEN","QB","Cam Ward","00-0040676","","nflverse schedule",""
"2026-09-27T16:16:47Z","2026","3","ARI","QB","Jacoby Brissett","00-0033119","","nflverse schedule",""
"2026-09-27T16:16:47Z","2026","3","IND","QB","Daniel Jones","00-0035710","","nflverse schedule",""
"2026-09-27T16:16:47Z","2026","3","NE","QB","Drake Maye","00-0039851","","nflverse schedule",""
"2026-09-27T16:16:47Z","2026","3","LAC","QB","Justin Herbert","00-0036355","","nflverse schedule",""
"2026-09-27T16:16:47Z","2026","3","DEN","QB","Bo Nix","00-0039732","","nflverse schedule",""
"2026-09-27T16:16:47Z","2026","3","CHI","QB","Tyson Bagent","00-0038416","Questionable","nflverse schedule","Ourlads: Case Keenum"
"2026-09-27T16:16:47Z","2026","3","NYJ","QB","Geno Smith","00-0030565","","nflverse schedule",""
"2026-09-27T16:16:47Z","2026","3","PIT","QB","Aaron Rodgers","00-0023459","","nflverse schedule",""
"2026-09-27T16:16:47Z","2026","3","NO","QB","Tyler Shough","00-0040743","","nflverse schedule",""
"2026-09-27T16:16:47Z","2026","3","MIN","QB","Kyler Murray","00-0035228","","nflverse schedule",""
"2026-09-27T16:16:47Z","2026","3","PHI","QB","Jalen Hurts","00-0036389","","nflverse schedule",""
"2026-09-27T16:16:47Z","2026","3","NYG","QB","Jameis Winston","00-0031503","","nflverse schedule",""
"2026-09-27T16:16:47Z","2026","3","CIN","QB","Joe Burrow","00-0036442","","nflverse schedule",""
"2026-09-27T16:16:47Z","2026","3","CAR","QB","Bryce Young","00-0039150","","nflverse schedule",""
"2026-09-27T16:16:47Z","2026","3","JAX","QB","Trevor Lawrence","00-0036971","","nflverse schedule",""
"2026-09-27T16:16:47Z","2026","3","HOU","QB","C.J. Stroud","00-0039163","","nflverse schedule",""
"2026-09-27T16:16:47Z","2026","3","SEA","QB","Sam Darnold","00-0034869","","Sleeper + Ourlads depth charts agree (schedule differs)","Schedule: Drew Lock"
"2026-09-27T16:16:47Z","2026","3","LA","QB","Matthew Stafford","00-0026498","","nflverse schedule",""
"2026-09-27T16:16:47Z","2026","3","DAL","QB","Dak Prescott","00-0033077","","nflverse schedule",""
"2026-09-27T16:16:47Z","2026","3","DET","QB","Jared Goff","00-0033106","","nflverse schedule",""
"2026-09-27T16:16:47Z","2026","3","BUF","QB","Josh Allen","00-0034857","","nflverse schedule",""
"2026-09-27T16:16:47Z","2026","3","KC","QB","Patrick Mahomes","00-0033873","","nflverse schedule",""
"2026-09-27T16:16:47Z","2026","3","SF","QB","Brock Purdy","00-0037834","","nflverse schedule",""
"2026-09-27T16:16:47Z","2026","3","BAL","QB","Lamar Jackson","00-0034796","","nflverse schedule",""
"2026-09-27T16:18:26Z","2026","3","KC","K","Harrison Butker","00-0033303","","weekly run (status check only)",""
"2026-09-27T16:18:26Z","2026","3","HOU","K","Ka'imi Fairbairn","00-0032726","","weekly run (status check only)",""
"2026-09-27T16:18:26Z","2026","3","DET","K","Jake Bates","00-0039172","","weekly run (status check only)",""
"2026-09-27T16:18:26Z","2026","3","NO","K","Daniel Carlson","00-0034161","","weekly run (status check only)",""
"2026-09-27T16:18:26Z","2026","3","DAL","K","Brandon Aubrey","00-0037692","","weekly run (status check only)",""
"2026-09-27T16:18:26Z","2026","3","SF","K","Eddy Pineiro","00-0034173","","weekly run (status check only)",""
"2026-09-27T16:18:26Z","2026","3","MIN","K","Will Reichard","00-0039404","","weekly run (status check only)",""
"2026-09-27T16:18:26Z","2026","3","SEA","K","Jason Myers","00-0031492","","weekly run (status check only)",""
"2026-09-27T16:18:26Z","2026","3","JAX","K","Cam Little","00-0039409","","weekly run (status check only)",""
"2026-09-27T16:18:26Z","2026","3","TB","K","Chase McLaughlin","00-0035358","","weekly run (status check only)",""
"2026-09-27T16:18:26Z","2026","3","CIN","K","Evan McPherson","00-0036854","","weekly run (status check only)",""
"2026-09-27T16:18:26Z","2026","3","PHI","K","Jake Elliott","00-0033787","","weekly run (status check only)",""
"2026-09-27T16:18:26Z","2026","3","BAL","K","Tyler Loop","00-0040074","","weekly run (status check only)",""
"2026-09-27T16:18:26Z","2026","3","BUF","K","Tyler Bass","00-0036162","","weekly run (status check only)",""
"2026-09-27T16:18:26Z","2026","3","LV","K","Matt Gay","00-0035269","","weekly run (status check only)",""
"2026-09-27T16:18:26Z","2026","3","IND","K","Spencer Shrader","00-0039576","","weekly run (status check only)",""
"2026-09-27T16:18:26Z","2026","3","NYJ","K","Jason Sanders","00-0034794","","weekly run (status check only)",""
"2026-09-27T16:18:26Z","2026","3","LA","K","Harrison Mevis","00-0039498","","weekly run (status check only)",""
"2026-09-27T16:18:26Z","2026","3","DEN","K","Wil Lutz","00-0032569","","weekly run (status check only)",""
"2026-09-27T16:18:26Z","2026","3","PIT","K","Chris Boswell","00-0031136","","weekly run (status check only)",""
"2026-09-27T16:18:26Z","2026","3","NE","K","Andy Borregales","00-0040200","","weekly run (status check only)",""
"2026-09-27T16:18:26Z","2026","3","CAR","K","Ryan Fitzgerald","00-0040279","","weekly run (status check only)",""
"2026-09-27T16:18:26Z","2026","3","CHI","K","Cairo Santos","00-0031203","","weekly run (status check only)",""
"2026-09-27T16:18:26Z","2026","3","LAC","K","Cameron Dicker","00-0037224","","weekly run (status check only)",""
"2026-09-27T16:18:26Z","2026","3","CLE","K","Andre Szmyt","00-0038428","","weekly run (status check only)",""
"2026-09-27T16:18:26Z","2026","3","NYG","K","Dominic Zvada","00-0041145","","weekly run (status check only)",""
"2026-09-27T16:18:26Z","2026","3","ARI","K","Chad Ryland","00-0038567","","weekly run (status check only)",""
"2026-09-27T16:18:26Z","2026","3","TEN","K","Joey Slye","00-0035192","","weekly run (status check only)",""
"2026-09-27T16:18:26Z","2026","3","MIA","K","Riley Patterson","00-0036816","","weekly run (status check only)",""
"2026-09-27T16:18:26Z","2026","3","WAS","K","Drew Stevens","00-0041182","","weekly run (status check only)",""
"2026-09-27T16:43:06Z","2026","3","MIA","QB","Malik Willis","00-0038128","","nflverse schedule",""
"2026-09-27T16:43:06Z","2026","3","WAS","QB","Marcus Mariota","00-0032268","","schedule QB Jayden Daniels ruled out (Out) → Sleeper + Ourlads depth charts",""
"2026-09-27T16:43:06Z","2026","3","LV","QB","Kirk Cousins","00-0029604","","nflverse schedule",""
"2026-09-27T16:43:06Z","2026","3","CLE","QB","Deshaun Watson","00-0033537","","nflverse schedule",""
"2026-09-27T16:43:06Z","2026","3","TB","QB","Baker Mayfield","00-0034855","","nflverse schedule",""
"2026-09-27T16:43:06Z","2026","3","TEN","QB","Cam Ward","00-0040676","","nflverse schedule",""
"2026-09-27T16:43:06Z","2026","3","ARI","QB","Jacoby Brissett","00-0033119","","nflverse schedule",""
"2026-09-27T16:43:06Z","2026","3","IND","QB","Daniel Jones","00-0035710","","nflverse schedule",""
"2026-09-27T16:43:06Z","2026","3","NE","QB","Drake Maye","00-0039851","","nflverse schedule",""
"2026-09-27T16:43:06Z","2026","3","LAC","QB","Justin Herbert","00-0036355","","nflverse schedule",""
"2026-09-27T16:43:06Z","2026","3","DEN","QB","Bo Nix","00-0039732","","nflverse schedule",""
"2026-09-27T16:43:06Z","2026","3","CHI","QB","Tyson Bagent","00-0038416","Questionable","nflverse schedule","Ourlads: Case Keenum"
"2026-09-27T16:43:06Z","2026","3","NYJ","QB","Geno Smith","00-0030565","","nflverse schedule",""
"2026-09-27T16:43:06Z","2026","3","PIT","QB","Aaron Rodgers","00-0023459","","nflverse schedule",""
"2026-09-27T16:43:06Z","2026","3","NO","QB","Tyler Shough","00-0040743","","nflverse schedule",""
"2026-09-27T16:43:06Z","2026","3","MIN","QB","Kyler Murray","00-0035228","","nflverse schedule",""
"2026-09-27T16:43:06Z","2026","3","PHI","QB","Jalen Hurts","00-0036389","","nflverse schedule",""
"2026-09-27T16:43:06Z","2026","3","NYG","QB","Jameis Winston","00-0031503","","nflverse schedule",""
"2026-09-27T16:43:06Z","2026","3","CIN","QB","Joe Burrow","00-0036442","","nflverse schedule",""
"2026-09-27T16:43:06Z","2026","3","CAR","QB","Bryce Young","00-0039150","","nflverse schedule",""
"2026-09-27T16:43:06Z","2026","3","JAX","QB","Trevor Lawrence","00-0036971","","nflverse schedule",""
"2026-09-27T16:43:06Z","2026","3","HOU","QB","C.J. Stroud","00-0039163","","nflverse schedule",""
"2026-09-27T16:43:06Z","2026","3","SEA","QB","Sam Darnold","00-0034869","","Sleeper + Ourlads depth charts agree (schedule differs)","Schedule: Drew Lock"
"2026-09-27T16:43:06Z","2026","3","LA","QB","Matthew Stafford","00-0026498","","nflverse schedule",""
"2026-09-27T16:43:06Z","2026","3","DAL","QB","Dak Prescott","00-0033077","","nflverse schedule",""
"2026-09-27T16:43:06Z","2026","3","DET","QB","Jared Goff","00-0033106","","nflverse schedule",""
"2026-09-27T16:43:06Z","2026","3","BUF","QB","Josh Allen","00-0034857","","nflverse schedule",""
"2026-09-27T16:43:06Z","2026","3","KC","QB","Patrick Mahomes","00-0033873","","nflverse schedule",""
"2026-09-27T16:43:06Z","2026","3","SF","QB","Brock Purdy","00-0037834","","nflverse schedule",""
"2026-09-27T16:43:06Z","2026","3","BAL","QB","Lamar Jackson","00-0034796","","nflverse schedule",""
"2026-09-27T16:43:36Z","2026","3","KC","K","Harrison Butker","00-0033303","","weekly run (status check only)",""
"2026-09-27T16:43:36Z","2026","3","HOU","K","Ka'imi Fairbairn","00-0032726","","weekly run (status check only)",""
"2026-09-27T16:43:36Z","2026","3","DET","K","Jake Bates","00-0039172","","weekly run (status check only)",""
"2026-09-27T16:43:36Z","2026","3","NO","K","Daniel Carlson","00-0034161","","weekly run (status check only)",""
"2026-09-27T16:43:36Z","2026","3","DAL","K","Brandon Aubrey","00-0037692","","weekly run (status check only)",""
"2026-09-27T16:43:36Z","2026","3","SF","K","Eddy Pineiro","00-0034173","","weekly run (status check only)",""
"2026-09-27T16:43:36Z","2026","3","MIN","K","Will Reichard","00-0039404","","weekly run (status check only)",""
"2026-09-27T16:43:36Z","2026","3","SEA","K","Jason Myers","00-0031492","","weekly run (status check only)",""
"2026-09-27T16:43:36Z","2026","3","JAX","K","Cam Little","00-0039409","","weekly run (status check only)",""
"2026-09-27T16:43:36Z","2026","3","TB","K","Chase McLaughlin","00-0035358","","weekly run (status check only)",""
"2026-09-27T16:43:36Z","2026","3","CIN","K","Evan McPherson","00-0036854","","weekly run (status check only)",""
"2026-09-27T16:43:36Z","2026","3","PHI","K","Jake Elliott","00-0033787","","weekly run (status check only)",""
"2026-09-27T16:43:36Z","2026","3","BAL","K","Tyler Loop","00-0040074","","weekly run (status check only)",""
"2026-09-27T16:43:36Z","2026","3","BUF","K","Tyler Bass","00-0036162","","weekly run (status check only)",""
"2026-09-27T16:43:36Z","2026","3","LV","K","Matt Gay","00-0035269","","weekly run (status check only)",""
"2026-09-27T16:43:36Z","2026","3","IND","K","Spencer Shrader","00-0039576","","weekly run (status check only)",""
"2026-09-27T16:43:36Z","2026","3","NYJ","K","Jason Sanders","00-0034794","","weekly run (status check only)",""
"2026-09-27T16:43:36Z","2026","3","LA","K","Harrison Mevis","00-0039498","","weekly run (status check only)",""
"2026-09-27T16:43:36Z","2026","3","DEN","K","Wil Lutz","00-0032569","","weekly run (status check only)",""
"2026-09-27T16:43:36Z","2026","3","PIT","K","Chris Boswell","00-0031136","","weekly run (status check only)",""
"2026-09-27T16:43:36Z","2026","3","NE","K","Andy Borregales","00-0040200","","weekly run (status check only)",""
"2026-09-27T16:43:36Z","2026","3","CAR","K","Ryan Fitzgerald","00-0040279","","weekly run (status check only)",""
"2026-09-27T16:43:36Z","2026","3","CHI","K","Cairo Santos","00-0031203","","weekly run (status check only)",""
"2026-09-27T16:43:36Z","2026","3","LAC","K","Cameron Dicker","00-0037224","","weekly run (status check only)",""
"2026-09-27T16:43:36Z","2026","3","CLE","K","Andre Szmyt","00-0038428","","weekly run (status check only)",""
"2026-09-27T16:43:36Z","2026","3","NYG","K","Dominic Zvada","00-0041145","","weekly run (status check only)",""
"2026-09-27T16:43:36Z","2026","3","ARI","K","Chad Ryland","00-0038567","","weekly run (status check only)",""
"2026-09-27T16:43:36Z","2026","3","TEN","K","Joey Slye","00-0035192","","weekly run (status check only)",""
"2026-09-27T16:43:36Z","2026","3","MIA","K","Riley Patterson","00-0036816","","weekly run (status check only)",""
"2026-09-27T16:43:36Z","2026","3","WAS","K","Drew Stevens","00-0041182","","weekly run (status check only)",""
"2026-09-27T17:20:54Z","2026","3","LV","QB","Kirk Cousins","00-0029604","","nflverse schedule",""
"2026-09-27T17:20:54Z","2026","3","TB","QB","Baker Mayfield","00-0034855","","nflverse schedule",""
"2026-09-27T17:20:54Z","2026","3","ARI","QB","Jacoby Brissett","00-0033119","","nflverse schedule",""
"2026-09-27T17:20:54Z","2026","3","DEN","QB","Bo Nix","00-0039732","","nflverse schedule",""
"2026-09-27T17:20:54Z","2026","3","CHI","QB","Tyson Bagent","00-0038416","Questionable","nflverse schedule","Ourlads: Case Keenum"
"2026-09-27T17:20:54Z","2026","3","NO","QB","Tyler Shough","00-0040743","","nflverse schedule",""
"2026-09-27T17:20:54Z","2026","3","MIN","QB","Kyler Murray","00-0035228","","nflverse schedule",""
"2026-09-27T17:20:54Z","2026","3","PHI","QB","Jalen Hurts","00-0036389","","nflverse schedule",""
"2026-09-27T17:20:54Z","2026","3","LA","QB","Matthew Stafford","00-0026498","","nflverse schedule",""
"2026-09-27T17:20:54Z","2026","3","DAL","QB","Dak Prescott","00-0033077","","nflverse schedule",""
"2026-09-27T17:20:54Z","2026","3","SF","QB","Brock Purdy","00-0037834","","nflverse schedule",""
"2026-09-27T17:20:54Z","2026","3","BAL","QB","Lamar Jackson","00-0034796","","nflverse schedule",""
"2026-09-27T17:21:30Z","2026","3","NO","K","Daniel Carlson","00-0034161","","weekly run (status check only)",""
"2026-09-27T17:21:30Z","2026","3","DAL","K","Brandon Aubrey","00-0037692","","weekly run (status check only)",""
"2026-09-27T17:21:30Z","2026","3","SF","K","Eddy Pineiro","00-0034173","","weekly run (status check only)",""
"2026-09-27T17:21:30Z","2026","3","MIN","K","Will Reichard","00-0039404","","weekly run (status check only)",""
"2026-09-27T17:21:30Z","2026","3","TB","K","Chase McLaughlin","00-0035358","","weekly run (status check only)",""
"2026-09-27T17:21:30Z","2026","3","PHI","K","Jake Elliott","00-0033787","","weekly run (status check only)",""
"2026-09-27T17:21:30Z","2026","3","BAL","K","Tyler Loop","00-0040074","","weekly run (status check only)",""
"2026-09-27T17:21:30Z","2026","3","LV","K","Matt Gay","00-0035269","","weekly run (status check only)",""
"2026-09-27T17:21:30Z","2026","3","LA","K","Harrison Mevis","00-0039498","","weekly run (status check only)",""
"2026-09-27T17:21:30Z","2026","3","DEN","K","Wil Lutz","00-0032569","","weekly run (status check only)",""
"2026-09-27T17:21:30Z","2026","3","CHI","K","Cairo Santos","00-0031203","","weekly run (status check only)",""
"2026-09-27T17:21:30Z","2026","3","ARI","K","Chad Ryland","00-0038567","","weekly run (status check only)",""
"2026-09-27T19:17:36Z","2026","3","LV","QB","Kirk Cousins","00-0029604","","nflverse schedule",""
"2026-09-27T19:17:36Z","2026","3","TB","QB","Baker Mayfield","00-0034855","","nflverse schedule",""
"2026-09-27T19:17:36Z","2026","3","ARI","QB","Jacoby Brissett","00-0033119","","nflverse schedule",""
"2026-09-27T19:17:36Z","2026","3","DEN","QB","Bo Nix","00-0039732","","nflverse schedule",""
"2026-09-27T19:17:36Z","2026","3","CHI","QB","Tyson Bagent","00-0038416","Questionable","nflverse schedule","Ourlads: Case Keenum"
"2026-09-27T19:17:36Z","2026","3","NO","QB","Tyler Shough","00-0040743","","nflverse schedule",""
"2026-09-27T19:17:36Z","2026","3","MIN","QB","Kyler Murray","00-0035228","","nflverse schedule",""
"2026-09-27T19:17:36Z","2026","3","PHI","QB","Jalen Hurts","00-0036389","","nflverse schedule",""
"2026-09-27T19:17:36Z","2026","3","LA","QB","Matthew Stafford","00-0026498","","nflverse schedule",""
"2026-09-27T19:17:36Z","2026","3","DAL","QB","Dak Prescott","00-0033077","","nflverse schedule",""
"2026-09-27T19:17:36Z","2026","3","SF","QB","Brock Purdy","00-0037834","","nflverse schedule",""
"2026-09-27T19:17:36Z","2026","3","BAL","QB","Lamar Jackson","00-0034796","","nflverse schedule",""
"2026-09-27T19:18:13Z","2026","3","NO","K","Daniel Carlson","00-0034161","","weekly run (status check only)",""
"2026-09-27T19:18:13Z","2026","3","DAL","K","Brandon Aubrey","00-0037692","","weekly run (status check only)",""
"2026-09-27T19:18:13Z","2026","3","SF","K","Eddy Pineiro","00-0034173","","weekly run (status check only)",""
"2026-09-27T19:18:13Z","2026","3","MIN","K","Will Reichard","00-0039404","","weekly run (status check only)",""
"2026-09-27T19:18:13Z","2026","3","TB","K","Chase McLaughlin","00-0035358","","weekly run (status check only)",""
"2026-09-27T19:18:13Z","2026","3","PHI","K","Jake Elliott","00-0033787","","weekly run (status check only)",""
"2026-09-27T19:18:13Z","2026","3","BAL","K","Tyler Loop","00-0040074","","weekly run (status check only)",""
"2026-09-27T19:18:13Z","2026","3","LV","K","Matt Gay","00-0035269","","weekly run (status check only)",""
"2026-09-27T19:18:13Z","2026","3","LA","K","Harrison Mevis","00-0039498","","weekly run (status check only)",""
"2026-09-27T19:18:13Z","2026","3","DEN","K","Wil Lutz","00-0032569","","weekly run (status check only)",""
"2026-09-27T19:18:13Z","2026","3","CHI","K","Cairo Santos","00-0031203","","weekly run (status check only)",""
"2026-09-27T19:18:13Z","2026","3","ARI","K","Chad Ryland","00-0038567","","weekly run (status check only)",""
"2026-09-27T19:50:17Z","2026","3","LV","QB","Kirk Cousins","00-0029604","","nflverse schedule",""
"2026-09-27T19:50:17Z","2026","3","TB","QB","Baker Mayfield","00-0034855","","nflverse schedule",""
"2026-09-27T19:50:17Z","2026","3","ARI","QB","Jacoby Brissett","00-0033119","","nflverse schedule",""
"2026-09-27T19:50:17Z","2026","3","DEN","QB","Bo Nix","00-0039732","","nflverse schedule",""
"2026-09-27T19:50:17Z","2026","3","CHI","QB","Tyson Bagent","00-0038416","Questionable","nflverse schedule","Ourlads: Case Keenum"
"2026-09-27T19:50:17Z","2026","3","NO","QB","Tyler Shough","00-0040743","","nflverse schedule",""
"2026-09-27T19:50:17Z","2026","3","MIN","QB","Kyler Murray","00-0035228","","nflverse schedule",""
"2026-09-27T19:50:17Z","2026","3","PHI","QB","Jalen Hurts","00-0036389","","nflverse schedule",""
"2026-09-27T19:50:17Z","2026","3","LA","QB","Matthew Stafford","00-0026498","","nflverse schedule",""
"2026-09-27T19:50:17Z","2026","3","DAL","QB","Dak Prescott","00-0033077","","nflverse schedule",""
"2026-09-27T19:50:17Z","2026","3","SF","QB","Brock Purdy","00-0037834","","nflverse schedule",""
"2026-09-27T19:50:17Z","2026","3","BAL","QB","Lamar Jackson","00-0034796","","nflverse schedule",""
"2026-09-27T19:50:51Z","2026","3","NO","K","Daniel Carlson","00-0034161","","weekly run (status check only)",""
"2026-09-27T19:50:51Z","2026","3","DAL","K","Brandon Aubrey","00-0037692","","weekly run (status check only)",""
"2026-09-27T19:50:51Z","2026","3","SF","K","Eddy Pineiro","00-0034173","","weekly run (status check only)",""
"2026-09-27T19:50:51Z","2026","3","MIN","K","Will Reichard","00-0039404","","weekly run (status check only)",""
"2026-09-27T19:50:51Z","2026","3","TB","K","Chase McLaughlin","00-0035358","","weekly run (status check only)",""
"2026-09-27T19:50:51Z","2026","3","PHI","K","Jake Elliott","00-0033787","","weekly run (status check only)",""
"2026-09-27T19:50:51Z","2026","3","BAL","K","Tyler Loop","00-0040074","","weekly run (status check only)",""
"2026-09-27T19:50:51Z","2026","3","LV","K","Matt Gay","00-0035269","","weekly run (status check only)",""
"2026-09-27T19:50:51Z","2026","3","LA","K","Harrison Mevis","00-0039498","","weekly run (status check only)",""
"2026-09-27T19:50:51Z","2026","3","DEN","K","Wil Lutz","00-0032569","","weekly run (status check only)",""
"2026-09-27T19:50:51Z","2026","3","CHI","K","Cairo Santos","00-0031203","","weekly run (status check only)",""
"2026-09-27T19:50:51Z","2026","3","ARI","K","Chad Ryland","00-0038567","","weekly run (status check only)",""
"2026-09-27T21:57:23Z","2026","3","DEN","QB","Bo Nix","00-0039732","","nflverse schedule",""
"2026-09-27T21:57:23Z","2026","3","CHI","QB","Tyson Bagent","00-0038416","Questionable","nflverse schedule","Ourlads: Case Keenum"
"2026-09-27T21:57:23Z","2026","3","PHI","QB","Jalen Hurts","00-0036389","","nflverse schedule",""
"2026-09-27T21:57:23Z","2026","3","LA","QB","Matthew Stafford","00-0026498","","nflverse schedule",""
"2026-09-27T21:57:57Z","2026","3","PHI","K","Jake Elliott","00-0033787","","weekly run (status check only)",""
"2026-09-27T21:57:57Z","2026","3","LA","K","Harrison Mevis","00-0039498","","weekly run (status check only)",""
"2026-09-27T21:57:57Z","2026","3","DEN","K","Wil Lutz","00-0032569","","weekly run (status check only)",""
"2026-09-27T21:57:57Z","2026","3","CHI","K","Cairo Santos","00-0031203","","weekly run (status check only)",""
"2026-09-28T01:42:12Z","2026","3","CHI","QB","Case Keenum","00-0028986","","Sleeper + Ourlads depth charts agree (schedule differs)","Schedule: Tyson Bagent"
"2026-09-28T01:42:12Z","2026","3","PHI","QB","Jalen Hurts","00-0036389","","nflverse schedule",""
"2026-09-28T01:42:43Z","2026","3","PHI","K","Jake Elliott","00-0033787","","weekly run (status check only)",""
"2026-09-28T01:42:43Z","2026","3","CHI","K","Cairo Santos","00-0031203","","weekly run (status check only)",""
"2026-09-29T19:48:05Z","2026","4","MIA","QB","Malik Willis","00-0038128","","nflverse schedule",""
"2026-09-29T19:48:05Z","2026","4","LAC","QB","Justin Herbert","00-0036355","","nflverse schedule",""
"2026-09-29T19:48:05Z","2026","4","CLE","QB","Deshaun Watson","00-0033537","","nflverse schedule",""
"2026-09-29T19:48:05Z","2026","4","TEN","QB","Cam Ward","00-0040676","","nflverse schedule",""
"2026-09-29T19:48:05Z","2026","4","NYJ","QB","Geno Smith","00-0030565","","nflverse schedule",""
"2026-09-29T19:48:05Z","2026","4","TB","QB","Jalon Daniels","00-0041251","","schedule QB Baker Mayfield ruled out (Out) → Sleeper + Ourlads depth charts",""
"2026-09-29T19:48:05Z","2026","4","LV","QB","Kirk Cousins","00-0029604","","nflverse schedule",""
"2026-09-29T19:48:05Z","2026","4","NE","QB","Drake Maye","00-0039851","","nflverse schedule",""
"2026-09-29T19:48:05Z","2026","4","PHI","QB","Jalen Hurts","00-0036389","","nflverse schedule",""
"2026-09-29T19:48:05Z","2026","4","GB","QB","Jordan Love","00-0036264","","nflverse schedule",""
"2026-09-29T19:48:05Z","2026","4","ARI","QB","Jacoby Brissett","00-0033119","","nflverse schedule",""
"2026-09-29T19:48:05Z","2026","4","SEA","QB","Sam Darnold","00-0034869","","Sleeper + Ourlads depth charts agree (schedule differs)","Schedule: Drew Lock"
"2026-09-29T19:48:05Z","2026","4","WAS","QB","Marcus Mariota","00-0032268","","schedule QB Jayden Daniels ruled out (Out) → Sleeper + Ourlads depth charts",""
"2026-09-29T19:48:05Z","2026","4","ATL","QB","Michael Penix Jr.","00-0039917","","nflverse schedule",""
"2026-09-29T19:48:05Z","2026","4","NYG","QB","Jameis Winston","00-0031503","","nflverse schedule",""
"2026-09-29T19:48:05Z","2026","4","PIT","QB","Aaron Rodgers","00-0023459","","nflverse schedule",""
"2026-09-29T19:48:05Z","2026","4","DEN","QB","Bo Nix","00-0039732","","nflverse schedule",""
"2026-09-29T19:48:05Z","2026","4","DAL","QB","Dak Prescott","00-0033077","","nflverse schedule",""
"2026-09-29T19:48:05Z","2026","4","CAR","QB","Bryce Young","00-0039150","","nflverse schedule",""
"2026-09-29T19:48:05Z","2026","4","NO","QB","Tyler Shough","00-0040743","","nflverse schedule",""
"2026-09-29T19:48:05Z","2026","4","IND","QB","Daniel Jones","00-0035710","","nflverse schedule",""
"2026-09-29T19:48:05Z","2026","4","MIN","QB","Kyler Murray","00-0035228","","nflverse schedule",""
"2026-09-29T19:48:05Z","2026","4","JAX","QB","Trevor Lawrence","00-0036971","","nflverse schedule",""
"2026-09-29T19:48:05Z","2026","4","HOU","QB","C.J. Stroud","00-0039163","","nflverse schedule",""
"2026-09-29T19:48:05Z","2026","4","DET","QB","Jared Goff","00-0033106","","nflverse schedule",""
"2026-09-29T19:48:05Z","2026","4","CIN","QB","Joe Burrow","00-0036442","","nflverse schedule",""
"2026-09-29T19:48:05Z","2026","4","SF","QB","Brock Purdy","00-0037834","","nflverse schedule",""
"2026-09-29T19:48:05Z","2026","4","CHI","QB","Case Keenum","00-0028986","","nflverse schedule","Sleeper: Tyson Bagent"
"2026-09-29T19:48:05Z","2026","4","LA","QB","Matthew Stafford","00-0026498","","nflverse schedule",""
"2026-09-29T19:48:05Z","2026","4","KC","QB","Patrick Mahomes","00-0033873","","nflverse schedule",""
"2026-09-29T19:48:05Z","2026","4","BAL","QB","Lamar Jackson","00-0034796","","nflverse schedule",""
"2026-09-29T19:48:05Z","2026","4","BUF","QB","Josh Allen","00-0034857","Questionable","nflverse schedule",""
"2026-09-29T19:48:44Z","2026","4","MIN","K","Will Reichard","00-0039404","","weekly run (status check only)",""
"2026-09-29T19:48:44Z","2026","4","DAL","K","Brandon Aubrey","00-0037692","","weekly run (status check only)",""
"2026-09-29T19:48:44Z","2026","4","HOU","K","Ka'imi Fairbairn","00-0032726","","weekly run (status check only)",""
"2026-09-29T19:48:44Z","2026","4","NO","K","Daniel Carlson","00-0034161","","weekly run (status check only)",""
"2026-09-29T19:48:44Z","2026","4","CIN","K","Evan McPherson","00-0036854","","weekly run (status check only)",""
"2026-09-29T19:48:44Z","2026","4","SEA","K","Jason Myers","00-0031492","","weekly run (status check only)",""
"2026-09-29T19:48:44Z","2026","4","KC","K","Harrison Butker","00-0033303","","weekly run (status check only)",""
"2026-09-29T19:48:44Z","2026","4","BAL","K","Tyler Loop","00-0040074","","weekly run (status check only)",""
"2026-09-29T19:48:44Z","2026","4","PIT","K","Chris Boswell","00-0031136","","weekly run (status check only)",""
"2026-09-29T19:48:44Z","2026","4","SF","K","Eddy Pineiro","00-0034173","","weekly run (status check only)",""
"2026-09-29T19:48:44Z","2026","4","DET","K","Jake Bates","00-0039172","","weekly run (status check only)",""
"2026-09-29T19:48:44Z","2026","4","IND","K","Spencer Shrader","00-0039576","Questionable","weekly run (status check only)",""
"2026-09-29T19:48:44Z","2026","4","BUF","K","Tyler Bass","00-0036162","","weekly run (status check only)",""
"2026-09-29T19:48:44Z","2026","4","ATL","K","Nick Folk","00-0025565","","weekly run (status check only)",""
"2026-09-29T19:48:44Z","2026","4","JAX","K","Cam Little","00-0039409","","weekly run (status check only)",""
"2026-09-29T19:48:44Z","2026","4","TB","K","Chase McLaughlin","00-0035358","","weekly run (status check only)",""
"2026-09-29T19:48:44Z","2026","4","LV","K","Matt Gay","00-0035269","","weekly run (status check only)",""
"2026-09-29T19:48:44Z","2026","4","ARI","K","Chad Ryland","00-0038567","","weekly run (status check only)",""
"2026-09-29T19:48:44Z","2026","4","CHI","K","Cairo Santos","00-0031203","","weekly run (status check only)",""
"2026-09-29T19:48:44Z","2026","4","LA","K","Harrison Mevis","00-0039498","","weekly run (status check only)",""
"2026-09-29T19:48:44Z","2026","4","DEN","K","Wil Lutz","00-0032569","","weekly run (status check only)",""
"2026-09-29T19:48:44Z","2026","4","LAC","K","Cameron Dicker","00-0037224","","weekly run (status check only)",""
"2026-09-29T19:48:44Z","2026","4","NYJ","K","Jason Sanders","00-0034794","","weekly run (status check only)",""
"2026-09-29T19:48:44Z","2026","4","PHI","K","Jake Elliott","00-0033787","","weekly run (status check only)",""
"2026-09-29T19:48:44Z","2026","4","CAR","K","Ryan Fitzgerald","00-0040279","","weekly run (status check only)",""
"2026-09-29T19:48:44Z","2026","4","GB","K","Trey Smack","00-0040899","","weekly run (status check only)",""
"2026-09-29T19:48:44Z","2026","4","CLE","K","Andre Szmyt","00-0038428","","weekly run (status check only)",""
"2026-09-29T19:48:44Z","2026","4","NYG","K","Dominic Zvada","00-0041145","","weekly run (status check only)",""
"2026-09-29T19:48:44Z","2026","4","WAS","K","Drew Stevens","00-0041182","","weekly run (status check only)",""
"2026-09-29T19:48:44Z","2026","4","MIA","K","Riley Patterson","00-0036816","","weekly run (status check only)",""
"2026-09-29T19:48:44Z","2026","4","NE","K","Andy Borregales","00-0040200","","weekly run (status check only)",""
"2026-09-29T19:48:44Z","2026","4","TEN","K","Joey Slye","00-0035192","","weekly run (status check only)",""
"2026-09-29T21:43:30Z","2026","4","MIA","QB","Malik Willis","00-0038128","","nflverse schedule",""
"2026-09-29T21:43:30Z","2026","4","LAC","QB","Justin Herbert","00-0036355","","nflverse schedule",""
"2026-09-29T21:43:30Z","2026","4","CLE","QB","Deshaun Watson","00-0033537","","nflverse schedule",""
"2026-09-29T21:43:30Z","2026","4","TEN","QB","Cam Ward","00-0040676","","nflverse schedule",""
"2026-09-29T21:43:30Z","2026","4","NYJ","QB","Geno Smith","00-0030565","","nflverse schedule",""
"2026-09-29T21:43:30Z","2026","4","TB","QB","Jalon Daniels","00-0041251","","nflverse schedule",""
"2026-09-29T21:43:30Z","2026","4","LV","QB","Kirk Cousins","00-0029604","","nflverse schedule",""
"2026-09-29T21:43:30Z","2026","4","NE","QB","Drake Maye","00-0039851","","nflverse schedule",""
"2026-09-29T21:43:30Z","2026","4","PHI","QB","Jalen Hurts","00-0036389","","nflverse schedule",""
"2026-09-29T21:43:30Z","2026","4","GB","QB","Jordan Love","00-0036264","","nflverse schedule",""
"2026-09-29T21:43:30Z","2026","4","ARI","QB","Jacoby Brissett","00-0033119","","nflverse schedule",""
"2026-09-29T21:43:30Z","2026","4","SEA","QB","Sam Darnold","00-0034869","","Sleeper + Ourlads depth charts agree (schedule differs)","Schedule: Drew Lock"
"2026-09-29T21:43:30Z","2026","4","WAS","QB","Marcus Mariota","00-0032268","","schedule QB Jayden Daniels ruled out (Out) → Sleeper + Ourlads depth charts",""
"2026-09-29T21:43:30Z","2026","4","ATL","QB","Michael Penix Jr.","00-0039917","","nflverse schedule",""
"2026-09-29T21:43:30Z","2026","4","NYG","QB","Jameis Winston","00-0031503","","nflverse schedule",""
"2026-09-29T21:43:30Z","2026","4","PIT","QB","Aaron Rodgers","00-0023459","","nflverse schedule",""
"2026-09-29T21:43:30Z","2026","4","DEN","QB","Bo Nix","00-0039732","","nflverse schedule",""
"2026-09-29T21:43:30Z","2026","4","DAL","QB","Dak Prescott","00-0033077","","nflverse schedule",""
"2026-09-29T21:43:30Z","2026","4","CAR","QB","Bryce Young","00-0039150","","nflverse schedule",""
"2026-09-29T21:43:30Z","2026","4","NO","QB","Tyler Shough","00-0040743","","nflverse schedule",""
"2026-09-29T21:43:30Z","2026","4","IND","QB","Daniel Jones","00-0035710","","nflverse schedule",""
"2026-09-29T21:43:30Z","2026","4","MIN","QB","Kyler Murray","00-0035228","","nflverse schedule",""
"2026-09-29T21:43:30Z","2026","4","JAX","QB","Trevor Lawrence","00-0036971","","nflverse schedule",""
"2026-09-29T21:43:30Z","2026","4","HOU","QB","C.J. Stroud","00-0039163","","nflverse schedule",""
"2026-09-29T21:43:30Z","2026","4","DET","QB","Jared Goff","00-0033106","","nflverse schedule",""
"2026-09-29T21:43:30Z","2026","4","CIN","QB","Joe Burrow","00-0036442","","nflverse schedule",""
"2026-09-29T21:43:30Z","2026","4","SF","QB","Brock Purdy","00-0037834","","nflverse schedule",""
"2026-09-29T21:43:30Z","2026","4","CHI","QB","Case Keenum","00-0028986","","nflverse schedule","Sleeper: Tyson Bagent"
"2026-09-29T21:43:30Z","2026","4","LA","QB","Matthew Stafford","00-0026498","","nflverse schedule",""
"2026-09-29T21:43:30Z","2026","4","KC","QB","Patrick Mahomes","00-0033873","","nflverse schedule",""
"2026-09-29T21:43:30Z","2026","4","BAL","QB","Lamar Jackson","00-0034796","","nflverse schedule",""
"2026-09-29T21:43:30Z","2026","4","BUF","QB","Josh Allen","00-0034857","Questionable","nflverse schedule",""
"2026-09-29T21:44:13Z","2026","4","MIN","K","Will Reichard","00-0039404","","weekly run (status check only)",""
"2026-09-29T21:44:13Z","2026","4","DAL","K","Brandon Aubrey","00-0037692","","weekly run (status check only)",""
"2026-09-29T21:44:13Z","2026","4","HOU","K","Ka'imi Fairbairn","00-0032726","","weekly run (status check only)",""
"2026-09-29T21:44:13Z","2026","4","NO","K","Daniel Carlson","00-0034161","","weekly run (status check only)",""
"2026-09-29T21:44:13Z","2026","4","CIN","K","Evan McPherson","00-0036854","","weekly run (status check only)",""
"2026-09-29T21:44:13Z","2026","4","SEA","K","Jason Myers","00-0031492","","weekly run (status check only)",""
"2026-09-29T21:44:13Z","2026","4","KC","K","Harrison Butker","00-0033303","","weekly run (status check only)",""
"2026-09-29T21:44:13Z","2026","4","BAL","K","Tyler Loop","00-0040074","","weekly run (status check only)",""
"2026-09-29T21:44:13Z","2026","4","PIT","K","Chris Boswell","00-0031136","","weekly run (status check only)",""
"2026-09-29T21:44:13Z","2026","4","SF","K","Eddy Pineiro","00-0034173","","weekly run (status check only)",""
"2026-09-29T21:44:13Z","2026","4","DET","K","Jake Bates","00-0039172","","weekly run (status check only)",""
"2026-09-29T21:44:13Z","2026","4","IND","K","Spencer Shrader","00-0039576","Questionable","weekly run (status check only)",""
"2026-09-29T21:44:13Z","2026","4","BUF","K","Tyler Bass","00-0036162","","weekly run (status check only)",""
"2026-09-29T21:44:13Z","2026","4","ATL","K","Nick Folk","00-0025565","","weekly run (status check only)",""
"2026-09-29T21:44:13Z","2026","4","JAX","K","Cam Little","00-0039409","","weekly run (status check only)",""
"2026-09-29T21:44:13Z","2026","4","TB","K","Chase McLaughlin","00-0035358","","weekly run (status check only)",""
"2026-09-29T21:44:13Z","2026","4","LV","K","Matt Gay","00-0035269","","weekly run (status check only)",""
"2026-09-29T21:44:13Z","2026","4","ARI","K","Chad Ryland","00-0038567","","weekly run (status check only)",""
"2026-09-29T21:44:13Z","2026","4","CHI","K","Cairo Santos","00-0031203","","weekly run (status check only)",""
"2026-09-29T21:44:13Z","2026","4","LA","K","Harrison Mevis","00-0039498","","weekly run (status check only)",""
"2026-09-29T21:44:13Z","2026","4","DEN","K","Wil Lutz","00-0032569","","weekly run (status check only)",""
"2026-09-29T21:44:13Z","2026","4","LAC","K","Cameron Dicker","00-0037224","","weekly run (status check only)",""
"2026-09-29T21:44:13Z","2026","4","NYJ","K","Jason Sanders","00-0034794","","weekly run (status check only)",""
"2026-09-29T21:44:13Z","2026","4","PHI","K","Jake Elliott","00-0033787","","weekly run (status check only)",""
"2026-09-29T21:44:13Z","2026","4","CAR","K","Ryan Fitzgerald","00-0040279","","weekly run (status check only)",""
"2026-09-29T21:44:13Z","2026","4","GB","K","Trey Smack","00-0040899","","weekly run (status check only)",""
"2026-09-29T21:44:13Z","2026","4","CLE","K","Andre Szmyt","00-0038428","","weekly run (status check only)",""
"2026-09-29T21:44:13Z","2026","4","NYG","K","Dominic Zvada","00-0041145","","weekly run (status check only)",""
"2026-09-29T21:44:13Z","2026","4","WAS","K","Drew Stevens","00-0041182","","weekly run (status check only)",""
"2026-09-29T21:44:13Z","2026","4","MIA","K","Riley Patterson","00-0036816","","weekly run (status check only)",""
"2026-09-29T21:44:13Z","2026","4","NE","K","Andy Borregales","00-0040200","","weekly run (status check only)",""
"2026-09-29T21:44:13Z","2026","4","TEN","K","Joey Slye","00-0035192","","weekly run (status check only)",""
"2026-09-29T23:45:36Z","2026","4","MIA","QB","Malik Willis","00-0038128","","nflverse schedule",""
"2026-09-29T23:45:36Z","2026","4","LAC","QB","Justin Herbert","00-0036355","","nflverse schedule",""
"2026-09-29T23:45:36Z","2026","4","CLE","QB","Deshaun Watson","00-0033537","","nflverse schedule",""
"2026-09-29T23:45:36Z","2026","4","TEN","QB","Cam Ward","00-0040676","","nflverse schedule",""
"2026-09-29T23:45:36Z","2026","4","NYJ","QB","Geno Smith","00-0030565","","nflverse schedule",""
"2026-09-29T23:45:36Z","2026","4","TB","QB","Jalon Daniels","00-0041251","","nflverse schedule",""
"2026-09-29T23:45:36Z","2026","4","LV","QB","Kirk Cousins","00-0029604","","nflverse schedule",""
"2026-09-29T23:45:36Z","2026","4","NE","QB","Drake Maye","00-0039851","","nflverse schedule",""
"2026-09-29T23:45:36Z","2026","4","PHI","QB","Jalen Hurts","00-0036389","","nflverse schedule",""
"2026-09-29T23:45:36Z","2026","4","GB","QB","Jordan Love","00-0036264","","nflverse schedule",""
"2026-09-29T23:45:36Z","2026","4","ARI","QB","Jacoby Brissett","00-0033119","","nflverse schedule",""
"2026-09-29T23:45:36Z","2026","4","SEA","QB","Sam Darnold","00-0034869","","Sleeper + Ourlads depth charts agree (schedule differs)","Schedule: Drew Lock"
"2026-09-29T23:45:36Z","2026","4","WAS","QB","Marcus Mariota","00-0032268","","schedule QB Jayden Daniels ruled out (Out) → Sleeper + Ourlads depth charts",""
"2026-09-29T23:45:36Z","2026","4","ATL","QB","Michael Penix Jr.","00-0039917","","nflverse schedule",""
"2026-09-29T23:45:36Z","2026","4","NYG","QB","Jameis Winston","00-0031503","","nflverse schedule",""
"2026-09-29T23:45:36Z","2026","4","PIT","QB","Aaron Rodgers","00-0023459","","nflverse schedule",""
"2026-09-29T23:45:36Z","2026","4","DEN","QB","Bo Nix","00-0039732","","nflverse schedule",""
"2026-09-29T23:45:36Z","2026","4","DAL","QB","Dak Prescott","00-0033077","","nflverse schedule",""
"2026-09-29T23:45:36Z","2026","4","CAR","QB","Bryce Young","00-0039150","","nflverse schedule",""
"2026-09-29T23:45:36Z","2026","4","NO","QB","Tyler Shough","00-0040743","","nflverse schedule",""
"2026-09-29T23:45:36Z","2026","4","IND","QB","Daniel Jones","00-0035710","","nflverse schedule",""
"2026-09-29T23:45:36Z","2026","4","MIN","QB","Kyler Murray","00-0035228","","nflverse schedule",""
"2026-09-29T23:45:36Z","2026","4","JAX","QB","Trevor Lawrence","00-0036971","","nflverse schedule",""
"2026-09-29T23:45:36Z","2026","4","HOU","QB","C.J. Stroud","00-0039163","","nflverse schedule",""
"2026-09-29T23:45:36Z","2026","4","DET","QB","Jared Goff","00-0033106","","nflverse schedule",""
"2026-09-29T23:45:36Z","2026","4","CIN","QB","Joe Burrow","00-0036442","","nflverse schedule",""
"2026-09-29T23:45:36Z","2026","4","SF","QB","Brock Purdy","00-0037834","","nflverse schedule",""
"2026-09-29T23:45:36Z","2026","4","CHI","QB","Case Keenum","00-0028986","","nflverse schedule","Sleeper: Tyson Bagent"
"2026-09-29T23:45:36Z","2026","4","LA","QB","Matthew Stafford","00-0026498","","nflverse schedule",""
"2026-09-29T23:45:36Z","2026","4","KC","QB","Patrick Mahomes","00-0033873","","nflverse schedule",""
"2026-09-29T23:45:36Z","2026","4","BAL","QB","Lamar Jackson","00-0034796","","nflverse schedule",""
"2026-09-29T23:45:36Z","2026","4","BUF","QB","Josh Allen","00-0034857","Questionable","nflverse schedule",""
"2026-09-29T23:46:18Z","2026","4","MIN","K","Will Reichard","00-0039404","","weekly run (status check only)",""
"2026-09-29T23:46:18Z","2026","4","DAL","K","Brandon Aubrey","00-0037692","","weekly run (status check only)",""
"2026-09-29T23:46:18Z","2026","4","HOU","K","Ka'imi Fairbairn","00-0032726","","weekly run (status check only)",""
"2026-09-29T23:46:18Z","2026","4","NO","K","Daniel Carlson","00-0034161","","weekly run (status check only)",""
"2026-09-29T23:46:18Z","2026","4","CIN","K","Evan McPherson","00-0036854","","weekly run (status check only)",""
"2026-09-29T23:46:18Z","2026","4","SEA","K","Jason Myers","00-0031492","","weekly run (status check only)",""
"2026-09-29T23:46:18Z","2026","4","KC","K","Harrison Butker","00-0033303","","weekly run (status check only)",""
"2026-09-29T23:46:18Z","2026","4","BAL","K","Tyler Loop","00-0040074","","weekly run (status check only)",""
"2026-09-29T23:46:18Z","2026","4","PIT","K","Chris Boswell","00-0031136","","weekly run (status check only)",""
"2026-09-29T23:46:18Z","2026","4","SF","K","Eddy Pineiro","00-0034173","","weekly run (status check only)",""
"2026-09-29T23:46:18Z","2026","4","DET","K","Jake Bates","00-0039172","","weekly run (status check only)",""
"2026-09-29T23:46:18Z","2026","4","IND","K","Spencer Shrader","00-0039576","Questionable","weekly run (status check only)",""
"2026-09-29T23:46:18Z","2026","4","BUF","K","Tyler Bass","00-0036162","","weekly run (status check only)",""
"2026-09-29T23:46:18Z","2026","4","ATL","K","Nick Folk","00-0025565","","weekly run (status check only)",""
"2026-09-29T23:46:18Z","2026","4","JAX","K","Cam Little","00-0039409","","weekly run (status check only)",""
"2026-09-29T23:46:18Z","2026","4","TB","K","Chase McLaughlin","00-0035358","","weekly run (status check only)",""
"2026-09-29T23:46:18Z","2026","4","LV","K","Matt Gay","00-0035269","","weekly run (status check only)",""
"2026-09-29T23:46:18Z","2026","4","ARI","K","Chad Ryland","00-0038567","","weekly run (status check only)",""
"2026-09-29T23:46:18Z","2026","4","CHI","K","Cairo Santos","00-0031203","","weekly run (status check only)",""
"2026-09-29T23:46:18Z","2026","4","LA","K","Harrison Mevis","00-0039498","","weekly run (status check only)",""
"2026-09-29T23:46:18Z","2026","4","DEN","K","Wil Lutz","00-0032569","","weekly run (status check only)",""
"2026-09-29T23:46:18Z","2026","4","LAC","K","Cameron Dicker","00-0037224","","weekly run (status check only)",""
"2026-09-29T23:46:18Z","2026","4","NYJ","K","Jason Sanders","00-0034794","","weekly run (status check only)",""
"2026-09-29T23:46:18Z","2026","4","PHI","K","Jake Elliott","00-0033787","","weekly run (status check only)",""
"2026-09-29T23:46:18Z","2026","4","CAR","K","Ryan Fitzgerald","00-0040279","","weekly run (status check only)",""
"2026-09-29T23:46:18Z","2026","4","GB","K","Trey Smack","00-0040899","","weekly run (status check only)",""
"2026-09-29T23:46:18Z","2026","4","CLE","K","Andre Szmyt","00-0038428","","weekly run (status check only)",""
"2026-09-29T23:46:18Z","2026","4","NYG","K","Dominic Zvada","00-0041145","","weekly run (status check only)",""
"2026-09-29T23:46:18Z","2026","4","WAS","K","Drew Stevens","00-0041182","","weekly run (status check only)",""
"2026-09-29T23:46:18Z","2026","4","MIA","K","Riley Patterson","00-0036816","","weekly run (status check only)",""
"2026-09-29T23:46:18Z","2026","4","NE","K","Andy Borregales","00-0040200","","weekly run (status check only)",""
"2026-09-29T23:46:18Z","2026","4","TEN","K","Joey Slye","00-0035192","","weekly run (status check only)",""
"2026-09-30T05:05:06Z","2026","4","MIA","QB","Malik Willis","00-0038128","","nflverse schedule",""
"2026-09-30T05:05:06Z","2026","4","LAC","QB","Justin Herbert","00-0036355","","nflverse schedule",""
"2026-09-30T05:05:06Z","2026","4","CLE","QB","Deshaun Watson","00-0033537","","nflverse schedule",""
"2026-09-30T05:05:06Z","2026","4","TEN","QB","Cam Ward","00-0040676","","nflverse schedule",""
"2026-09-30T05:05:06Z","2026","4","NYJ","QB","Geno Smith","00-0030565","","nflverse schedule",""
"2026-09-30T05:05:06Z","2026","4","TB","QB","Jalon Daniels","00-0041251","","nflverse schedule",""
"2026-09-30T05:05:06Z","2026","4","LV","QB","Kirk Cousins","00-0029604","","nflverse schedule",""
"2026-09-30T05:05:06Z","2026","4","NE","QB","Drake Maye","00-0039851","","nflverse schedule",""
"2026-09-30T05:05:06Z","2026","4","PHI","QB","Jalen Hurts","00-0036389","","nflverse schedule",""
"2026-09-30T05:05:06Z","2026","4","GB","QB","Jordan Love","00-0036264","","nflverse schedule",""
"2026-09-30T05:05:06Z","2026","4","ARI","QB","Jacoby Brissett","00-0033119","","nflverse schedule",""
"2026-09-30T05:05:06Z","2026","4","SEA","QB","Sam Darnold","00-0034869","","Sleeper + Ourlads depth charts agree (schedule differs)","Schedule: Drew Lock"
"2026-09-30T05:05:06Z","2026","4","WAS","QB","Marcus Mariota","00-0032268","","schedule QB Jayden Daniels ruled out (Out) → Sleeper + Ourlads depth charts",""
"2026-09-30T05:05:06Z","2026","4","ATL","QB","Michael Penix Jr.","00-0039917","","nflverse schedule",""
"2026-09-30T05:05:06Z","2026","4","NYG","QB","Jameis Winston","00-0031503","","nflverse schedule",""
"2026-09-30T05:05:06Z","2026","4","PIT","QB","Aaron Rodgers","00-0023459","","nflverse schedule",""
"2026-09-30T05:05:06Z","2026","4","DEN","QB","Bo Nix","00-0039732","","nflverse schedule",""
"2026-09-30T05:05:06Z","2026","4","DAL","QB","Dak Prescott","00-0033077","","nflverse schedule",""
"2026-09-30T05:05:06Z","2026","4","CAR","QB","Bryce Young","00-0039150","","nflverse schedule",""
"2026-09-30T05:05:06Z","2026","4","NO","QB","Tyler Shough","00-0040743","","nflverse schedule",""
"2026-09-30T05:05:06Z","2026","4","IND","QB","Daniel Jones","00-0035710","","nflverse schedule",""
"2026-09-30T05:05:06Z","2026","4","MIN","QB","Kyler Murray","00-0035228","","nflverse schedule",""
"2026-09-30T05:05:06Z","2026","4","JAX","QB","Trevor Lawrence","00-0036971","","nflverse schedule",""
"2026-09-30T05:05:06Z","2026","4","HOU","QB","C.J. Stroud","00-0039163","","nflverse schedule",""
"2026-09-30T05:05:06Z","2026","4","DET","QB","Jared Goff","00-0033106","","nflverse schedule",""
"2026-09-30T05:05:06Z","2026","4","CIN","QB","Joe Burrow","00-0036442","","nflverse schedule",""
"2026-09-30T05:05:06Z","2026","4","SF","QB","Brock Purdy","00-0037834","","nflverse schedule",""
"2026-09-30T05:05:06Z","2026","4","CHI","QB","Case Keenum","00-0028986","","nflverse schedule","Sleeper: Tyson Bagent"
"2026-09-30T05:05:06Z","2026","4","LA","QB","Matthew Stafford","00-0026498","","nflverse schedule",""
"2026-09-30T05:05:06Z","2026","4","KC","QB","Patrick Mahomes","00-0033873","","nflverse schedule",""
"2026-09-30T05:05:06Z","2026","4","BAL","QB","Lamar Jackson","00-0034796","","nflverse schedule",""
"2026-09-30T05:05:06Z","2026","4","BUF","QB","Josh Allen","00-0034857","Questionable","nflverse schedule",""
"2026-09-30T05:05:45Z","2026","4","MIN","K","Will Reichard","00-0039404","","weekly run (status check only)",""
"2026-09-30T05:05:45Z","2026","4","DAL","K","Brandon Aubrey","00-0037692","","weekly run (status check only)",""
"2026-09-30T05:05:45Z","2026","4","HOU","K","Ka'imi Fairbairn","00-0032726","","weekly run (status check only)",""
"2026-09-30T05:05:45Z","2026","4","NO","K","Daniel Carlson","00-0034161","","weekly run (status check only)",""
"2026-09-30T05:05:45Z","2026","4","CIN","K","Evan McPherson","00-0036854","","weekly run (status check only)",""
"2026-09-30T05:05:45Z","2026","4","SEA","K","Jason Myers","00-0031492","","weekly run (status check only)",""
"2026-09-30T05:05:45Z","2026","4","KC","K","Harrison Butker","00-0033303","","weekly run (status check only)",""
"2026-09-30T05:05:45Z","2026","4","BAL","K","Tyler Loop","00-0040074","","weekly run (status check only)",""
"2026-09-30T05:05:45Z","2026","4","PIT","K","Chris Boswell","00-0031136","","weekly run (status check only)",""
"2026-09-30T05:05:45Z","2026","4","SF","K","Eddy Pineiro","00-0034173","","weekly run (status check only)",""
"2026-09-30T05:05:45Z","2026","4","DET","K","Jake Bates","00-0039172","","weekly run (status check only)",""
"2026-09-30T05:05:45Z","2026","4","IND","K","Spencer Shrader","00-0039576","Questionable","weekly run (status check only)",""
"2026-09-30T05:05:45Z","2026","4","BUF","K","Tyler Bass","00-0036162","","weekly run (status check only)",""
"2026-09-30T05:05:45Z","2026","4","ATL","K","Nick Folk","00-0025565","","weekly run (status check only)",""
"2026-09-30T05:05:45Z","2026","4","JAX","K","Cam Little","00-0039409","","weekly run (status check only)",""
"2026-09-30T05:05:45Z","2026","4","TB","K","Chase McLaughlin","00-0035358","","weekly run (status check only)",""
"2026-09-30T05:05:45Z","2026","4","LV","K","Matt Gay","00-0035269","","weekly run (status check only)",""
"2026-09-30T05:05:45Z","2026","4","ARI","K","Chad Ryland","00-0038567","","weekly run (status check only)",""
"2026-09-30T05:05:45Z","2026","4","CHI","K","Cairo Santos","00-0031203","","weekly run (status check only)",""
"2026-09-30T05:05:45Z","2026","4","LA","K","Harrison Mevis","00-0039498","","weekly run (status check only)",""
"2026-09-30T05:05:45Z","2026","4","DEN","K","Wil Lutz","00-0032569","","weekly run (status check only)",""
"2026-09-30T05:05:45Z","2026","4","LAC","K","Cameron Dicker","00-0037224","","weekly run (status check only)",""
"2026-09-30T05:05:45Z","2026","4","NYJ","K","Jason Sanders","00-0034794","","weekly run (status check only)",""
"2026-09-30T05:05:45Z","2026","4","PHI","K","Jake Elliott","00-0033787","","weekly run (status check only)",""
"2026-09-30T05:05:45Z","2026","4","CAR","K","Ryan Fitzgerald","00-0040279","","weekly run (status check only)",""
"2026-09-30T05:05:45Z","2026","4","GB","K","Trey Smack","00-0040899","","weekly run (status check only)",""
"2026-09-30T05:05:45Z","2026","4","CLE","K","Andre Szmyt","00-0038428","","weekly run (status check only)",""
"2026-09-30T05:05:45Z","2026","4","NYG","K","Dominic Zvada","00-0041145","","weekly run (status check only)",""
"2026-09-30T05:05:45Z","2026","4","WAS","K","Drew Stevens","00-0041182","","weekly run (status check only)",""
"2026-09-30T05:05:45Z","2026","4","MIA","K","Riley Patterson","00-0036816","","weekly run (status check only)",""
"2026-09-30T05:05:45Z","2026","4","NE","K","Andy Borregales","00-0040200","","weekly run (status check only)",""
"2026-09-30T05:05:45Z","2026","4","TEN","K","Joey Slye","00-0035192","","weekly run (status check only)",""
"2026-09-30T16:41:57Z","2026","4","MIA","QB","Malik Willis","00-0038128","","nflverse schedule",""
"2026-09-30T16:41:57Z","2026","4","LAC","QB","Justin Herbert","00-0036355","","nflverse schedule",""
"2026-09-30T16:41:57Z","2026","4","CLE","QB","Deshaun Watson","00-0033537","","nflverse schedule",""
"2026-09-30T16:41:57Z","2026","4","TEN","QB","Cam Ward","00-0040676","","nflverse schedule",""
"2026-09-30T16:41:57Z","2026","4","NYJ","QB","Geno Smith","00-0030565","","nflverse schedule",""
"2026-09-30T16:41:57Z","2026","4","TB","QB","Jalon Daniels","00-0041251","","nflverse schedule",""
"2026-09-30T16:41:57Z","2026","4","LV","QB","Kirk Cousins","00-0029604","","nflverse schedule",""
"2026-09-30T16:41:57Z","2026","4","NE","QB","Drake Maye","00-0039851","","nflverse schedule",""
"2026-09-30T16:41:57Z","2026","4","PHI","QB","Jalen Hurts","00-0036389","","nflverse schedule",""
"2026-09-30T16:41:57Z","2026","4","GB","QB","Jordan Love","00-0036264","","nflverse schedule",""
"2026-09-30T16:41:57Z","2026","4","ARI","QB","Jacoby Brissett","00-0033119","","nflverse schedule",""
"2026-09-30T16:41:57Z","2026","4","SEA","QB","Sam Darnold","00-0034869","","Sleeper + Ourlads depth charts agree (schedule differs)","Schedule: Drew Lock"
"2026-09-30T16:41:57Z","2026","4","WAS","QB","Marcus Mariota","00-0032268","","schedule QB Jayden Daniels ruled out (Out) → Sleeper + Ourlads depth charts",""
"2026-09-30T16:41:57Z","2026","4","ATL","QB","Michael Penix Jr.","00-0039917","","nflverse schedule",""
"2026-09-30T16:41:57Z","2026","4","NYG","QB","Jameis Winston","00-0031503","","nflverse schedule",""
"2026-09-30T16:41:57Z","2026","4","PIT","QB","Aaron Rodgers","00-0023459","","nflverse schedule",""
"2026-09-30T16:41:57Z","2026","4","DEN","QB","Bo Nix","00-0039732","","nflverse schedule",""
"2026-09-30T16:41:57Z","2026","4","DAL","QB","Dak Prescott","00-0033077","","nflverse schedule",""
"2026-09-30T16:41:57Z","2026","4","CAR","QB","Bryce Young","00-0039150","","nflverse schedule",""
"2026-09-30T16:41:57Z","2026","4","NO","QB","Tyler Shough","00-0040743","","nflverse schedule",""
"2026-09-30T16:41:57Z","2026","4","IND","QB","Daniel Jones","00-0035710","","nflverse schedule",""
"2026-09-30T16:41:57Z","2026","4","MIN","QB","Kyler Murray","00-0035228","","nflverse schedule",""
"2026-09-30T16:41:57Z","2026","4","JAX","QB","Trevor Lawrence","00-0036971","","nflverse schedule",""
"2026-09-30T16:41:57Z","2026","4","HOU","QB","C.J. Stroud","00-0039163","","nflverse schedule",""
"2026-09-30T16:41:57Z","2026","4","DET","QB","Jared Goff","00-0033106","","nflverse schedule",""
"2026-09-30T16:41:57Z","2026","4","CIN","QB","Joe Burrow","00-0036442","","nflverse schedule",""
"2026-09-30T16:41:57Z","2026","4","SF","QB","Brock Purdy","00-0037834","","nflverse schedule",""
"2026-09-30T16:41:57Z","2026","4","CHI","QB","Case Keenum","00-0028986","","nflverse schedule","Sleeper: Tyson Bagent"
"2026-09-30T16:41:57Z","2026","4","LA","QB","Matthew Stafford","00-0026498","","nflverse schedule",""
"2026-09-30T16:41:57Z","2026","4","KC","QB","Patrick Mahomes","00-0033873","","nflverse schedule",""
"2026-09-30T16:41:57Z","2026","4","BAL","QB","Lamar Jackson","00-0034796","","nflverse schedule",""
"2026-09-30T16:41:57Z","2026","4","BUF","QB","Josh Allen","00-0034857","Questionable","nflverse schedule",""
"2026-09-30T16:42:37Z","2026","4","MIN","K","Will Reichard","00-0039404","","weekly run (status check only)",""
"2026-09-30T16:42:37Z","2026","4","DAL","K","Brandon Aubrey","00-0037692","","weekly run (status check only)",""
"2026-09-30T16:42:37Z","2026","4","HOU","K","Ka'imi Fairbairn","00-0032726","","weekly run (status check only)",""
"2026-09-30T16:42:37Z","2026","4","NO","K","Daniel Carlson","00-0034161","","weekly run (status check only)",""
"2026-09-30T16:42:37Z","2026","4","CIN","K","Evan McPherson","00-0036854","","weekly run (status check only)",""
"2026-09-30T16:42:37Z","2026","4","SEA","K","Jason Myers","00-0031492","","weekly run (status check only)",""
"2026-09-30T16:42:37Z","2026","4","KC","K","Harrison Butker","00-0033303","","weekly run (status check only)",""
"2026-09-30T16:42:37Z","2026","4","BAL","K","Tyler Loop","00-0040074","","weekly run (status check only)",""
"2026-09-30T16:42:37Z","2026","4","PIT","K","Chris Boswell","00-0031136","","weekly run (status check only)",""
"2026-09-30T16:42:37Z","2026","4","SF","K","Eddy Pineiro","00-0034173","","weekly run (status check only)",""
"2026-09-30T16:42:37Z","2026","4","DET","K","Jake Bates","00-0039172","","weekly run (status check only)",""
"2026-09-30T16:42:37Z","2026","4","IND","K","Spencer Shrader","00-0039576","","weekly run (status check only)",""
"2026-09-30T16:42:37Z","2026","4","BUF","K","Tyler Bass","00-0036162","","weekly run (status check only)",""
"2026-09-30T16:42:37Z","2026","4","ATL","K","Nick Folk","00-0025565","","weekly run (status check only)",""
"2026-09-30T16:42:37Z","2026","4","JAX","K","Cam Little","00-0039409","","weekly run (status check only)",""
"2026-09-30T16:42:37Z","2026","4","TB","K","Chase McLaughlin","00-0035358","","weekly run (status check only)",""
"2026-09-30T16:42:37Z","2026","4","LV","K","Matt Gay","00-0035269","","weekly run (status check only)",""
"2026-09-30T16:42:37Z","2026","4","ARI","K","Chad Ryland","00-0038567","","weekly run (status check only)",""
"2026-09-30T16:42:37Z","2026","4","CHI","K","Cairo Santos","00-0031203","","weekly run (status check only)",""
"2026-09-30T16:42:37Z","2026","4","LA","K","Harrison Mevis","00-0039498","","weekly run (status check only)",""
"2026-09-30T16:42:37Z","2026","4","DEN","K","Wil Lutz","00-0032569","","weekly run (status check only)",""
"2026-09-30T16:42:37Z","2026","4","LAC","K","Cameron Dicker","00-0037224","","weekly run (status check only)",""
"2026-09-30T16:42:37Z","2026","4","NYJ","K","Jason Sanders","00-0034794","","weekly run (status check only)",""
"2026-09-30T16:42:37Z","2026","4","PHI","K","Jake Elliott","00-0033787","","weekly run (status check only)",""
"2026-09-30T16:42:37Z","2026","4","CAR","K","Ryan Fitzgerald","00-0040279","","weekly run (status check only)",""
"2026-09-30T16:42:37Z","2026","4","GB","K","Trey Smack","00-0040899","","weekly run (status check only)",""
"2026-09-30T16:42:37Z","2026","4","CLE","K","Andre Szmyt","00-0038428","","weekly run (status check only)",""
"2026-09-30T16:42:37Z","2026","4","NYG","K","Dominic Zvada","00-0041145","","weekly run (status check only)",""
"2026-09-30T16:42:37Z","2026","4","WAS","K","Drew Stevens","00-0041182","","weekly run (status check only)",""
"2026-09-30T16:42:37Z","2026","4","MIA","K","Riley Patterson","00-0036816","","weekly run (status check only)",""
"2026-09-30T16:42:37Z","2026","4","NE","K","Andy Borregales","00-0040200","","weekly run (status check only)",""
"2026-09-30T16:42:37Z","2026","4","TEN","K","Joey Slye","00-0035192","","weekly run (status check only)",""
"2026-09-30T18:52:06Z","2026","4","MIA","QB","Malik Willis","00-0038128","","nflverse schedule",""
"2026-09-30T18:52:06Z","2026","4","LAC","QB","Justin Herbert","00-0036355","","nflverse schedule",""
"2026-09-30T18:52:06Z","2026","4","CLE","QB","Deshaun Watson","00-0033537","","nflverse schedule",""
"2026-09-30T18:52:06Z","2026","4","TEN","QB","Cam Ward","00-0040676","","nflverse schedule",""
"2026-09-30T18:52:06Z","2026","4","NYJ","QB","Geno Smith","00-0030565","","nflverse schedule",""
"2026-09-30T18:52:06Z","2026","4","TB","QB","Jalon Daniels","00-0041251","","nflverse schedule",""
"2026-09-30T18:52:06Z","2026","4","LV","QB","Kirk Cousins","00-0029604","","nflverse schedule",""
"2026-09-30T18:52:06Z","2026","4","NE","QB","Drake Maye","00-0039851","","nflverse schedule",""
"2026-09-30T18:52:06Z","2026","4","PHI","QB","Jalen Hurts","00-0036389","","nflverse schedule",""
"2026-09-30T18:52:06Z","2026","4","GB","QB","Jordan Love","00-0036264","","nflverse schedule",""
"2026-09-30T18:52:06Z","2026","4","ARI","QB","Jacoby Brissett","00-0033119","","nflverse schedule",""
"2026-09-30T18:52:06Z","2026","4","SEA","QB","Sam Darnold","00-0034869","","Sleeper + Ourlads depth charts agree (schedule differs)","Schedule: Drew Lock"
"2026-09-30T18:52:06Z","2026","4","WAS","QB","Marcus Mariota","00-0032268","","schedule QB Jayden Daniels ruled out (Out) → Sleeper + Ourlads depth charts",""
"2026-09-30T18:52:06Z","2026","4","ATL","QB","Michael Penix Jr.","00-0039917","","nflverse schedule",""
"2026-09-30T18:52:06Z","2026","4","NYG","QB","Jameis Winston","00-0031503","","nflverse schedule",""
"2026-09-30T18:52:06Z","2026","4","PIT","QB","Aaron Rodgers","00-0023459","","nflverse schedule",""
"2026-09-30T18:52:06Z","2026","4","DEN","QB","Bo Nix","00-0039732","","nflverse schedule",""
"2026-09-30T18:52:06Z","2026","4","DAL","QB","Dak Prescott","00-0033077","","nflverse schedule",""
"2026-09-30T18:52:06Z","2026","4","CAR","QB","Bryce Young","00-0039150","","nflverse schedule",""
"2026-09-30T18:52:06Z","2026","4","NO","QB","Tyler Shough","00-0040743","","nflverse schedule",""
"2026-09-30T18:52:06Z","2026","4","IND","QB","Daniel Jones","00-0035710","","nflverse schedule",""
"2026-09-30T18:52:06Z","2026","4","MIN","QB","Kyler Murray","00-0035228","","nflverse schedule",""
"2026-09-30T18:52:06Z","2026","4","JAX","QB","Trevor Lawrence","00-0036971","","nflverse schedule",""
"2026-09-30T18:52:06Z","2026","4","HOU","QB","C.J. Stroud","00-0039163","","nflverse schedule",""
"2026-09-30T18:52:06Z","2026","4","DET","QB","Jared Goff","00-0033106","","nflverse schedule",""
"2026-09-30T18:52:06Z","2026","4","CIN","QB","Joe Burrow","00-0036442","","nflverse schedule",""
"2026-09-30T18:52:06Z","2026","4","SF","QB","Brock Purdy","00-0037834","","nflverse schedule",""
"2026-09-30T18:52:06Z","2026","4","CHI","QB","Case Keenum","00-0028986","","nflverse schedule","Sleeper: Tyson Bagent"
"2026-09-30T18:52:06Z","2026","4","LA","QB","Matthew Stafford","00-0026498","","nflverse schedule",""
"2026-09-30T18:52:06Z","2026","4","KC","QB","Patrick Mahomes","00-0033873","","nflverse schedule",""
"2026-09-30T18:52:06Z","2026","4","BAL","QB","Lamar Jackson","00-0034796","","nflverse schedule",""
"2026-09-30T18:52:06Z","2026","4","BUF","QB","Josh Allen","00-0034857","Questionable","nflverse schedule",""
"2026-09-30T18:52:40Z","2026","4","MIN","K","Will Reichard","00-0039404","","weekly run (status check only)",""
"2026-09-30T18:52:40Z","2026","4","DAL","K","Brandon Aubrey","00-0037692","","weekly run (status check only)",""
"2026-09-30T18:52:40Z","2026","4","HOU","K","Ka'imi Fairbairn","00-0032726","","weekly run (status check only)",""
"2026-09-30T18:52:40Z","2026","4","NO","K","Daniel Carlson","00-0034161","","weekly run (status check only)",""
"2026-09-30T18:52:40Z","2026","4","CIN","K","Evan McPherson","00-0036854","","weekly run (status check only)",""
"2026-09-30T18:52:40Z","2026","4","SEA","K","Jason Myers","00-0031492","","weekly run (status check only)",""
"2026-09-30T18:52:40Z","2026","4","KC","K","Harrison Butker","00-0033303","","weekly run (status check only)",""
"2026-09-30T18:52:40Z","2026","4","BAL","K","Tyler Loop","00-0040074","","weekly run (status check only)",""
"2026-09-30T18:52:40Z","2026","4","PIT","K","Chris Boswell","00-0031136","","weekly run (status check only)",""
"2026-09-30T18:52:40Z","2026","4","SF","K","Eddy Pineiro","00-0034173","","weekly run (status check only)",""
"2026-09-30T18:52:40Z","2026","4","DET","K","Jake Bates","00-0039172","","weekly run (status check only)",""
"2026-09-30T18:52:40Z","2026","4","IND","K","Spencer Shrader","00-0039576","","weekly run (status check only)",""
"2026-09-30T18:52:40Z","2026","4","BUF","K","Tyler Bass","00-0036162","","weekly run (status check only)",""
"2026-09-30T18:52:40Z","2026","4","ATL","K","Nick Folk","00-0025565","","weekly run (status check only)",""
"2026-09-30T18:52:40Z","2026","4","JAX","K","Cam Little","00-0039409","","weekly run (status check only)",""
"2026-09-30T18:52:40Z","2026","4","TB","K","Chase McLaughlin","00-0035358","","weekly run (status check only)",""
"2026-09-30T18:52:40Z","2026","4","LV","K","Matt Gay","00-0035269","","weekly run (status check only)",""
"2026-09-30T18:52:40Z","2026","4","ARI","K","Chad Ryland","00-0038567","","weekly run (status check only)",""
"2026-09-30T18:52:40Z","2026","4","CHI","K","Cairo Santos","00-0031203","","weekly run (status check only)",""
"2026-09-30T18:52:40Z","2026","4","LA","K","Harrison Mevis","00-0039498","","weekly run (status check only)",""
"2026-09-30T18:52:40Z","2026","4","DEN","K","Wil Lutz","00-0032569","","weekly run (status check only)",""
"2026-09-30T18:52:40Z","2026","4","LAC","K","Cameron Dicker","00-0037224","","weekly run (status check only)",""
"2026-09-30T18:52:40Z","2026","4","NYJ","K","Jason Sanders","00-0034794","","weekly run (status check only)",""
"2026-09-30T18:52:40Z","2026","4","PHI","K","Jake Elliott","00-0033787","","weekly run (status check only)",""
"2026-09-30T18:52:40Z","2026","4","CAR","K","Ryan Fitzgerald","00-0040279","","weekly run (status check only)",""
"2026-09-30T18:52:40Z","2026","4","GB","K","Trey Smack","00-0040899","","weekly run (status check only)",""
"2026-09-30T18:52:40Z","2026","4","CLE","K","Andre Szmyt","00-0038428","","weekly run (status check only)",""
"2026-09-30T18:52:40Z","2026","4","NYG","K","Dominic Zvada","00-0041145","","weekly run (status check only)",""
"2026-09-30T18:52:40Z","2026","4","WAS","K","Drew Stevens","00-0041182","","weekly run (status check only)",""
"2026-09-30T18:52:40Z","2026","4","MIA","K","Riley Patterson","00-0036816","","weekly run (status check only)",""
"2026-09-30T18:52:40Z","2026","4","NE","K","Andy Borregales","00-0040200","","weekly run (status check only)",""
"2026-09-30T18:52:40Z","2026","4","TEN","K","Joey Slye","00-0035192","","weekly run (status check only)",""
"2026-10-01T00:47:05Z","2026","4","MIA","QB","Malik Willis","00-0038128","","nflverse schedule",""
"2026-10-01T00:47:05Z","2026","4","LAC","QB","Justin Herbert","00-0036355","","nflverse schedule",""
"2026-10-01T00:47:05Z","2026","4","CLE","QB","Deshaun Watson","00-0033537","","nflverse schedule",""
"2026-10-01T00:47:05Z","2026","4","TEN","QB","Cam Ward","00-0040676","","nflverse schedule",""
"2026-10-01T00:47:05Z","2026","4","NYJ","QB","Geno Smith","00-0030565","","nflverse schedule",""
"2026-10-01T00:47:05Z","2026","4","TB","QB","Jalon Daniels","00-0041251","","nflverse schedule",""
"2026-10-01T00:47:05Z","2026","4","LV","QB","Kirk Cousins","00-0029604","","nflverse schedule",""
"2026-10-01T00:47:05Z","2026","4","NE","QB","Drake Maye","00-0039851","","nflverse schedule",""
"2026-10-01T00:47:05Z","2026","4","PHI","QB","Jalen Hurts","00-0036389","","nflverse schedule",""
"2026-10-01T00:47:05Z","2026","4","GB","QB","Jordan Love","00-0036264","","nflverse schedule",""
"2026-10-01T00:47:05Z","2026","4","ARI","QB","Jacoby Brissett","00-0033119","","nflverse schedule",""
"2026-10-01T00:47:05Z","2026","4","SEA","QB","Sam Darnold","00-0034869","","Sleeper + Ourlads depth charts agree (schedule differs)","Schedule: Drew Lock"
"2026-10-01T00:47:05Z","2026","4","WAS","QB","Marcus Mariota","00-0032268","","schedule QB Jayden Daniels ruled out (Out) → Sleeper + Ourlads depth charts",""
"2026-10-01T00:47:05Z","2026","4","ATL","QB","Michael Penix Jr.","00-0039917","","nflverse schedule",""
"2026-10-01T00:47:05Z","2026","4","NYG","QB","Jameis Winston","00-0031503","","nflverse schedule",""
"2026-10-01T00:47:05Z","2026","4","PIT","QB","Aaron Rodgers","00-0023459","","nflverse schedule",""
"2026-10-01T00:47:05Z","2026","4","DEN","QB","Bo Nix","00-0039732","","nflverse schedule",""
"2026-10-01T00:47:05Z","2026","4","DAL","QB","Dak Prescott","00-0033077","","nflverse schedule",""
"2026-10-01T00:47:05Z","2026","4","CAR","QB","Bryce Young","00-0039150","","nflverse schedule",""
"2026-10-01T00:47:05Z","2026","4","NO","QB","Tyler Shough","00-0040743","","nflverse schedule",""
"2026-10-01T00:47:05Z","2026","4","IND","QB","Daniel Jones","00-0035710","","nflverse schedule",""
"2026-10-01T00:47:05Z","2026","4","MIN","QB","Kyler Murray","00-0035228","","nflverse schedule",""
"2026-10-01T00:47:05Z","2026","4","JAX","QB","Trevor Lawrence","00-0036971","","nflverse schedule",""
"2026-10-01T00:47:05Z","2026","4","HOU","QB","C.J. Stroud","00-0039163","","nflverse schedule",""
"2026-10-01T00:47:05Z","2026","4","DET","QB","Jared Goff","00-0033106","","nflverse schedule",""
"2026-10-01T00:47:05Z","2026","4","CIN","QB","Joe Burrow","00-0036442","","nflverse schedule",""
"2026-10-01T00:47:05Z","2026","4","SF","QB","Brock Purdy","00-0037834","","nflverse schedule",""
"2026-10-01T00:47:05Z","2026","4","CHI","QB","Case Keenum","00-0028986","","nflverse schedule",""
"2026-10-01T00:47:05Z","2026","4","LA","QB","Matthew Stafford","00-0026498","","nflverse schedule",""
"2026-10-01T00:47:05Z","2026","4","KC","QB","Patrick Mahomes","00-0033873","","nflverse schedule",""
"2026-10-01T00:47:05Z","2026","4","BAL","QB","Lamar Jackson","00-0034796","Questionable","nflverse schedule",""
"2026-10-01T00:47:05Z","2026","4","BUF","QB","Josh Allen","00-0034857","","nflverse schedule",""
"2026-10-01T00:47:43Z","2026","4","MIN","K","Will Reichard","00-0039404","","weekly run (status check only)",""
"2026-10-01T00:47:43Z","2026","4","DAL","K","Brandon Aubrey","00-0037692","","weekly run (status check only)",""
"2026-10-01T00:47:43Z","2026","4","HOU","K","Ka'imi Fairbairn","00-0032726","","weekly run (status check only)",""
"2026-10-01T00:47:43Z","2026","4","NO","K","Daniel Carlson","00-0034161","","weekly run (status check only)",""
"2026-10-01T00:47:43Z","2026","4","CIN","K","Evan McPherson","00-0036854","","weekly run (status check only)",""
"2026-10-01T00:47:43Z","2026","4","SEA","K","Jason Myers","00-0031492","","weekly run (status check only)",""
"2026-10-01T00:47:43Z","2026","4","KC","K","Harrison Butker","00-0033303","","weekly run (status check only)",""
"2026-10-01T00:47:43Z","2026","4","BAL","K","Tyler Loop","00-0040074","","weekly run (status check only)",""
"2026-10-01T00:47:43Z","2026","4","PIT","K","Chris Boswell","00-0031136","","weekly run (status check only)",""
"2026-10-01T00:47:43Z","2026","4","SF","K","Eddy Pineiro","00-0034173","","weekly run (status check only)",""
"2026-10-01T00:47:43Z","2026","4","DET","K","Jake Bates","00-0039172","","weekly run (status check only)",""
"2026-10-01T00:47:43Z","2026","4","IND","K","Spencer Shrader","00-0039576","","weekly run (status check only)",""
"2026-10-01T00:47:43Z","2026","4","BUF","K","Tyler Bass","00-0036162","","weekly run (status check only)",""
"2026-10-01T00:47:43Z","2026","4","ATL","K","Nick Folk","00-0025565","","weekly run (status check only)",""
"2026-10-01T00:47:43Z","2026","4","JAX","K","Cam Little","00-0039409","","weekly run (status check only)",""
"2026-10-01T00:47:43Z","2026","4","TB","K","Chase McLaughlin","00-0035358","","weekly run (status check only)",""
"2026-10-01T00:47:43Z","2026","4","LV","K","Matt Gay","00-0035269","","weekly run (status check only)",""
"2026-10-01T00:47:43Z","2026","4","ARI","K","Chad Ryland","00-0038567","","weekly run (status check only)",""
"2026-10-01T00:47:43Z","2026","4","CHI","K","Cairo Santos","00-0031203","","weekly run (status check only)",""
"2026-10-01T00:47:43Z","2026","4","LA","K","Harrison Mevis","00-0039498","","weekly run (status check only)",""
"2026-10-01T00:47:43Z","2026","4","DEN","K","Wil Lutz","00-0032569","","weekly run (status check only)",""
"2026-10-01T00:47:43Z","2026","4","LAC","K","Cameron Dicker","00-0037224","","weekly run (status check only)",""
"2026-10-01T00:47:43Z","2026","4","NYJ","K","Jason Sanders","00-0034794","","weekly run (status check only)",""
"2026-10-01T00:47:43Z","2026","4","PHI","K","Jake Elliott","00-0033787","","weekly run (status check only)",""
"2026-10-01T00:47:43Z","2026","4","CAR","K","Ryan Fitzgerald","00-0040279","","weekly run (status check only)",""
"2026-10-01T00:47:43Z","2026","4","GB","K","Trey Smack","00-0040899","","weekly run (status check only)",""
"2026-10-01T00:47:43Z","2026","4","CLE","K","Andre Szmyt","00-0038428","","weekly run (status check only)",""
"2026-10-01T00:47:43Z","2026","4","NYG","K","Dominic Zvada","00-0041145","","weekly run (status check only)",""
"2026-10-01T00:47:43Z","2026","4","WAS","K","Drew Stevens","00-0041182","","weekly run (status check only)",""
"2026-10-01T00:47:43Z","2026","4","MIA","K","Riley Patterson","00-0036816","","weekly run (status check only)",""
"2026-10-01T00:47:43Z","2026","4","NE","K","Andy Borregales","00-0040200","","weekly run (status check only)",""
"2026-10-01T00:47:43Z","2026","4","TEN","K","Joey Slye","00-0035192","","weekly run (status check only)",""
"2026-10-01T17:41:13Z","2026","4","MIA","QB","Malik Willis","00-0038128","","nflverse schedule",""
"2026-10-01T17:41:13Z","2026","4","LAC","QB","Justin Herbert","00-0036355","","nflverse schedule",""
"2026-10-01T17:41:13Z","2026","4","CLE","QB","Deshaun Watson","00-0033537","","nflverse schedule",""
"2026-10-01T17:41:13Z","2026","4","TEN","QB","Cam Ward","00-0040676","","nflverse schedule",""
"2026-10-01T17:41:13Z","2026","4","NYJ","QB","Geno Smith","00-0030565","","nflverse schedule",""
"2026-10-01T17:41:13Z","2026","4","TB","QB","Jalon Daniels","00-0041251","","nflverse schedule",""
"2026-10-01T17:41:13Z","2026","4","LV","QB","Kirk Cousins","00-0029604","","nflverse schedule",""
"2026-10-01T17:41:13Z","2026","4","NE","QB","Drake Maye","00-0039851","","nflverse schedule",""
"2026-10-01T17:41:13Z","2026","4","PHI","QB","Jalen Hurts","00-0036389","","nflverse schedule",""
"2026-10-01T17:41:13Z","2026","4","GB","QB","Jordan Love","00-0036264","","nflverse schedule",""
"2026-10-01T17:41:13Z","2026","4","ARI","QB","Jacoby Brissett","00-0033119","","nflverse schedule",""
"2026-10-01T17:41:13Z","2026","4","SEA","QB","Sam Darnold","00-0034869","","Sleeper + Ourlads depth charts agree (schedule differs)","Schedule: Drew Lock"
"2026-10-01T17:41:13Z","2026","4","WAS","QB","Marcus Mariota","00-0032268","","schedule QB Jayden Daniels ruled out (Out) → Sleeper + Ourlads depth charts",""
"2026-10-01T17:41:13Z","2026","4","ATL","QB","Michael Penix Jr.","00-0039917","","nflverse schedule",""
"2026-10-01T17:41:13Z","2026","4","NYG","QB","Jameis Winston","00-0031503","","nflverse schedule",""
"2026-10-01T17:41:13Z","2026","4","PIT","QB","Aaron Rodgers","00-0023459","","nflverse schedule",""
"2026-10-01T17:41:13Z","2026","4","DEN","QB","Bo Nix","00-0039732","","nflverse schedule",""
"2026-10-01T17:41:13Z","2026","4","DAL","QB","Dak Prescott","00-0033077","","nflverse schedule",""
"2026-10-01T17:41:13Z","2026","4","CAR","QB","Bryce Young","00-0039150","","nflverse schedule",""
"2026-10-01T17:41:13Z","2026","4","NO","QB","Tyler Shough","00-0040743","","nflverse schedule",""
"2026-10-01T17:41:13Z","2026","4","IND","QB","Daniel Jones","00-0035710","","nflverse schedule",""
"2026-10-01T17:41:13Z","2026","4","MIN","QB","Kyler Murray","00-0035228","","nflverse schedule",""
"2026-10-01T17:41:13Z","2026","4","JAX","QB","Trevor Lawrence","00-0036971","","nflverse schedule",""
"2026-10-01T17:41:13Z","2026","4","HOU","QB","C.J. Stroud","00-0039163","","nflverse schedule",""
"2026-10-01T17:41:13Z","2026","4","DET","QB","Jared Goff","00-0033106","","nflverse schedule",""
"2026-10-01T17:41:13Z","2026","4","CIN","QB","Joe Burrow","00-0036442","","nflverse schedule",""
"2026-10-01T17:41:13Z","2026","4","SF","QB","Brock Purdy","00-0037834","","nflverse schedule",""
"2026-10-01T17:41:13Z","2026","4","CHI","QB","Case Keenum","00-0028986","","nflverse schedule",""
"2026-10-01T17:41:13Z","2026","4","LA","QB","Matthew Stafford","00-0026498","","nflverse schedule",""
"2026-10-01T17:41:13Z","2026","4","KC","QB","Patrick Mahomes","00-0033873","","nflverse schedule",""
"2026-10-01T17:41:13Z","2026","4","BAL","QB","Lamar Jackson","00-0034796","Questionable","nflverse schedule",""
"2026-10-01T17:41:13Z","2026","4","BUF","QB","Josh Allen","00-0034857","","nflverse schedule",""
"2026-10-01T17:41:46Z","2026","4","MIN","K","Will Reichard","00-0039404","","weekly run (status check only)",""
"2026-10-01T17:41:46Z","2026","4","DAL","K","Brandon Aubrey","00-0037692","","weekly run (status check only)",""
"2026-10-01T17:41:46Z","2026","4","HOU","K","Ka'imi Fairbairn","00-0032726","","weekly run (status check only)",""
"2026-10-01T17:41:46Z","2026","4","NO","K","Daniel Carlson","00-0034161","","weekly run (status check only)",""
"2026-10-01T17:41:46Z","2026","4","CIN","K","Evan McPherson","00-0036854","","weekly run (status check only)",""
"2026-10-01T17:41:46Z","2026","4","SEA","K","Jason Myers","00-0031492","","weekly run (status check only)",""
"2026-10-01T17:41:46Z","2026","4","KC","K","Harrison Butker","00-0033303","","weekly run (status check only)",""
"2026-10-01T17:41:46Z","2026","4","BAL","K","Tyler Loop","00-0040074","","weekly run (status check only)",""
"2026-10-01T17:41:46Z","2026","4","PIT","K","Chris Boswell","00-0031136","","weekly run (status check only)",""
"2026-10-01T17:41:46Z","2026","4","SF","K","Eddy Pineiro","00-0034173","","weekly run (status check only)",""
"2026-10-01T17:41:46Z","2026","4","DET","K","Jake Bates","00-0039172","","weekly run (status check only)",""
"2026-10-01T17:41:46Z","2026","4","IND","K","Spencer Shrader","00-0039576","","weekly run (status check only)",""
"2026-10-01T17:41:46Z","2026","4","BUF","K","Tyler Bass","00-0036162","","weekly run (status check only)",""
"2026-10-01T17:41:46Z","2026","4","ATL","K","Nick Folk","00-0025565","","weekly run (status check only)",""
"2026-10-01T17:41:46Z","2026","4","JAX","K","Cam Little","00-0039409","","weekly run (status check only)",""
"2026-10-01T17:41:46Z","2026","4","TB","K","Chase McLaughlin","00-0035358","","weekly run (status check only)",""
"2026-10-01T17:41:46Z","2026","4","LV","K","Matt Gay","00-0035269","","weekly run (status check only)",""
"2026-10-01T17:41:46Z","2026","4","ARI","K","Chad Ryland","00-0038567","","weekly run (status check only)",""
"2026-10-01T17:41:46Z","2026","4","CHI","K","Cairo Santos","00-0031203","","weekly run (status check only)",""
"2026-10-01T17:41:46Z","2026","4","LA","K","Harrison Mevis","00-0039498","","weekly run (status check only)",""
"2026-10-01T17:41:46Z","2026","4","DEN","K","Wil Lutz","00-0032569","","weekly run (status check only)",""
"2026-10-01T17:41:46Z","2026","4","LAC","K","Cameron Dicker","00-0037224","","weekly run (status check only)",""
"2026-10-01T17:41:46Z","2026","4","NYJ","K","Jason Sanders","00-0034794","","weekly run (status check only)",""
"2026-10-01T17:41:46Z","2026","4","PHI","K","Jake Elliott","00-0033787","","weekly run (status check only)",""
"2026-10-01T17:41:46Z","2026","4","CAR","K","Ryan Fitzgerald","00-0040279","","weekly run (status check only)",""
"2026-10-01T17:41:46Z","2026","4","GB","K","Trey Smack","00-0040899","","weekly run (status check only)",""
"2026-10-01T17:41:46Z","2026","4","CLE","K","Andre Szmyt","00-0038428","","weekly run (status check only)",""
"2026-10-01T17:41:46Z","2026","4","NYG","K","Dominic Zvada","00-0041145","","weekly run (status check only)",""
"2026-10-01T17:41:46Z","2026","4","WAS","K","Drew Stevens","00-0041182","","weekly run (status check only)",""
"2026-10-01T17:41:46Z","2026","4","MIA","K","Riley Patterson","00-0036816","","weekly run (status check only)",""
"2026-10-01T17:41:46Z","2026","4","NE","K","Andy Borregales","00-0040200","","weekly run (status check only)",""
"2026-10-01T17:41:46Z","2026","4","TEN","K","Joey Slye","00-0035192","","weekly run (status check only)",""
"2026-10-01T19:17:11Z","2026","4","MIA","QB","Malik Willis","00-0038128","","nflverse schedule",""
"2026-10-01T19:17:11Z","2026","4","LAC","QB","Justin Herbert","00-0036355","","nflverse schedule",""
"2026-10-01T19:17:11Z","2026","4","CLE","QB","Deshaun Watson","00-0033537","","nflverse schedule",""
"2026-10-01T19:17:11Z","2026","4","TEN","QB","Cam Ward","00-0040676","","nflverse schedule",""
"2026-10-01T19:17:11Z","2026","4","NYJ","QB","Geno Smith","00-0030565","","nflverse schedule",""
"2026-10-01T19:17:11Z","2026","4","TB","QB","Jalon Daniels","00-0041251","","nflverse schedule",""
"2026-10-01T19:17:11Z","2026","4","LV","QB","Kirk Cousins","00-0029604","","nflverse schedule",""
"2026-10-01T19:17:11Z","2026","4","NE","QB","Drake Maye","00-0039851","","nflverse schedule",""
"2026-10-01T19:17:11Z","2026","4","PHI","QB","Jalen Hurts","00-0036389","","nflverse schedule",""
"2026-10-01T19:17:11Z","2026","4","GB","QB","Jordan Love","00-0036264","","nflverse schedule",""
"2026-10-01T19:17:11Z","2026","4","ARI","QB","Jacoby Brissett","00-0033119","","nflverse schedule",""
"2026-10-01T19:17:11Z","2026","4","SEA","QB","Sam Darnold","00-0034869","","Sleeper + Ourlads depth charts agree (schedule differs)","Schedule: Drew Lock"
"2026-10-01T19:17:11Z","2026","4","WAS","QB","Jayden Daniels","00-0039910","Questionable","nflverse schedule","Sleeper: Marcus Mariota"
"2026-10-01T19:17:11Z","2026","4","ATL","QB","Michael Penix Jr.","00-0039917","","nflverse schedule",""
"2026-10-01T19:17:11Z","2026","4","NYG","QB","Jameis Winston","00-0031503","","nflverse schedule",""
"2026-10-01T19:17:11Z","2026","4","PIT","QB","Aaron Rodgers","00-0023459","","nflverse schedule",""
"2026-10-01T19:17:11Z","2026","4","DEN","QB","Bo Nix","00-0039732","","nflverse schedule",""
"2026-10-01T19:17:11Z","2026","4","DAL","QB","Dak Prescott","00-0033077","","nflverse schedule",""
"2026-10-01T19:17:11Z","2026","4","CAR","QB","Bryce Young","00-0039150","","nflverse schedule",""
"2026-10-01T19:17:11Z","2026","4","NO","QB","Tyler Shough","00-0040743","","nflverse schedule",""
"2026-10-01T19:17:11Z","2026","4","IND","QB","Daniel Jones","00-0035710","","nflverse schedule",""
"2026-10-01T19:17:11Z","2026","4","MIN","QB","Kyler Murray","00-0035228","","nflverse schedule",""
"2026-10-01T19:17:11Z","2026","4","JAX","QB","Trevor Lawrence","00-0036971","","nflverse schedule",""
"2026-10-01T19:17:11Z","2026","4","HOU","QB","C.J. Stroud","00-0039163","","nflverse schedule",""
"2026-10-01T19:17:11Z","2026","4","DET","QB","Jared Goff","00-0033106","","nflverse schedule",""
"2026-10-01T19:17:11Z","2026","4","CIN","QB","Joe Burrow","00-0036442","","nflverse schedule",""
"2026-10-01T19:17:11Z","2026","4","SF","QB","Brock Purdy","00-0037834","","nflverse schedule",""
"2026-10-01T19:17:11Z","2026","4","CHI","QB","Case Keenum","00-0028986","","nflverse schedule",""
"2026-10-01T19:17:11Z","2026","4","LA","QB","Matthew Stafford","00-0026498","","nflverse schedule",""
"2026-10-01T19:17:11Z","2026","4","KC","QB","Patrick Mahomes","00-0033873","","nflverse schedule",""
"2026-10-01T19:17:11Z","2026","4","BAL","QB","Lamar Jackson","00-0034796","Questionable","nflverse schedule",""
"2026-10-01T19:17:11Z","2026","4","BUF","QB","Josh Allen","00-0034857","","nflverse schedule",""
"2026-10-01T19:17:50Z","2026","4","MIN","K","Will Reichard","00-0039404","","weekly run (status check only)",""
"2026-10-01T19:17:50Z","2026","4","DAL","K","Brandon Aubrey","00-0037692","","weekly run (status check only)",""
"2026-10-01T19:17:50Z","2026","4","HOU","K","Ka'imi Fairbairn","00-0032726","","weekly run (status check only)",""
"2026-10-01T19:17:50Z","2026","4","NO","K","Daniel Carlson","00-0034161","","weekly run (status check only)",""
"2026-10-01T19:17:50Z","2026","4","CIN","K","Evan McPherson","00-0036854","","weekly run (status check only)",""
"2026-10-01T19:17:50Z","2026","4","SEA","K","Jason Myers","00-0031492","","weekly run (status check only)",""
"2026-10-01T19:17:50Z","2026","4","KC","K","Harrison Butker","00-0033303","","weekly run (status check only)",""
"2026-10-01T19:17:50Z","2026","4","BAL","K","Tyler Loop","00-0040074","","weekly run (status check only)",""
"2026-10-01T19:17:50Z","2026","4","PIT","K","Chris Boswell","00-0031136","","weekly run (status check only)",""
"2026-10-01T19:17:50Z","2026","4","SF","K","Eddy Pineiro","00-0034173","","weekly run (status check only)",""
"2026-10-01T19:17:50Z","2026","4","DET","K","Jake Bates","00-0039172","","weekly run (status check only)",""
"2026-10-01T19:17:50Z","2026","4","IND","K","Spencer Shrader","00-0039576","","weekly run (status check only)",""
"2026-10-01T19:17:50Z","2026","4","BUF","K","Tyler Bass","00-0036162","","weekly run (status check only)",""
"2026-10-01T19:17:50Z","2026","4","ATL","K","Nick Folk","00-0025565","","weekly run (status check only)",""
"2026-10-01T19:17:50Z","2026","4","JAX","K","Cam Little","00-0039409","","weekly run (status check only)",""
"2026-10-01T19:17:50Z","2026","4","TB","K","Chase McLaughlin","00-0035358","","weekly run (status check only)",""
"2026-10-01T19:17:50Z","2026","4","LV","K","Matt Gay","00-0035269","","weekly run (status check only)",""
"2026-10-01T19:17:50Z","2026","4","ARI","K","Chad Ryland","00-0038567","","weekly run (status check only)",""
"2026-10-01T19:17:50Z","2026","4","CHI","K","Cairo Santos","00-0031203","","weekly run (status check only)",""
"2026-10-01T19:17:50Z","2026","4","LA","K","Harrison Mevis","00-0039498","","weekly run (status check only)",""
"2026-10-01T19:17:50Z","2026","4","DEN","K","Wil Lutz","00-0032569","","weekly run (status check only)",""
"2026-10-01T19:17:50Z","2026","4","LAC","K","Cameron Dicker","00-0037224","","weekly run (status check only)",""
"2026-10-01T19:17:50Z","2026","4","NYJ","K","Jason Sanders","00-0034794","","weekly run (status check only)",""
"2026-10-01T19:17:50Z","2026","4","PHI","K","Jake Elliott","00-0033787","","weekly run (status check only)",""
"2026-10-01T19:17:50Z","2026","4","CAR","K","Ryan Fitzgerald","00-0040279","","weekly run (status check only)",""
"2026-10-01T19:17:50Z","2026","4","GB","K","Trey Smack","00-0040899","","weekly run (status check only)",""
"2026-10-01T19:17:50Z","2026","4","CLE","K","Andre Szmyt","00-0038428","","weekly run (status check only)",""
"2026-10-01T19:17:50Z","2026","4","NYG","K","Dominic Zvada","00-0041145","","weekly run (status check only)",""
"2026-10-01T19:17:50Z","2026","4","WAS","K","Drew Stevens","00-0041182","","weekly run (status check only)",""
"2026-10-01T19:17:50Z","2026","4","MIA","K","Riley Patterson","00-0036816","","weekly run (status check only)",""
"2026-10-01T19:17:50Z","2026","4","NE","K","Andy Borregales","00-0040200","","weekly run (status check only)",""
"2026-10-01T19:17:50Z","2026","4","TEN","K","Joey Slye","00-0035192","","weekly run (status check only)",""
"2026-10-01T23:15:21Z","2026","4","MIA","QB","Malik Willis","00-0038128","","nflverse schedule",""
"2026-10-01T23:15:21Z","2026","4","LAC","QB","Justin Herbert","00-0036355","","nflverse schedule",""
"2026-10-01T23:15:21Z","2026","4","CLE","QB","Deshaun Watson","00-0033537","","nflverse schedule",""
"2026-10-01T23:15:21Z","2026","4","TEN","QB","Cam Ward","00-0040676","","nflverse schedule",""
"2026-10-01T23:15:21Z","2026","4","NYJ","QB","Geno Smith","00-0030565","","nflverse schedule",""
"2026-10-01T23:15:21Z","2026","4","TB","QB","Jalon Daniels","00-0041251","","nflverse schedule",""
"2026-10-01T23:15:21Z","2026","4","LV","QB","Kirk Cousins","00-0029604","","nflverse schedule",""
"2026-10-01T23:15:21Z","2026","4","NE","QB","Drake Maye","00-0039851","","nflverse schedule",""
"2026-10-01T23:15:21Z","2026","4","PHI","QB","Jalen Hurts","00-0036389","","nflverse schedule",""
"2026-10-01T23:15:21Z","2026","4","GB","QB","Jordan Love","00-0036264","","nflverse schedule",""
"2026-10-01T23:15:21Z","2026","4","ARI","QB","Jacoby Brissett","00-0033119","","nflverse schedule",""
"2026-10-01T23:15:21Z","2026","4","SEA","QB","Sam Darnold","00-0034869","","Sleeper + Ourlads depth charts agree (schedule differs)","Schedule: Drew Lock"
"2026-10-01T23:15:21Z","2026","4","WAS","QB","Jayden Daniels","00-0039910","Questionable","nflverse schedule","Sleeper: Marcus Mariota"
"2026-10-01T23:15:21Z","2026","4","ATL","QB","Michael Penix Jr.","00-0039917","","nflverse schedule",""
"2026-10-01T23:15:21Z","2026","4","NYG","QB","Jameis Winston","00-0031503","","nflverse schedule",""
"2026-10-01T23:15:21Z","2026","4","PIT","QB","Aaron Rodgers","00-0023459","","nflverse schedule",""
"2026-10-01T23:15:21Z","2026","4","DEN","QB","Bo Nix","00-0039732","","nflverse schedule",""
"2026-10-01T23:15:21Z","2026","4","DAL","QB","Dak Prescott","00-0033077","","nflverse schedule",""
"2026-10-01T23:15:21Z","2026","4","CAR","QB","Bryce Young","00-0039150","","nflverse schedule",""
"2026-10-01T23:15:21Z","2026","4","NO","QB","Tyler Shough","00-0040743","","nflverse schedule",""
"2026-10-01T23:15:21Z","2026","4","IND","QB","Daniel Jones","00-0035710","","nflverse schedule",""
"2026-10-01T23:15:21Z","2026","4","MIN","QB","Kyler Murray","00-0035228","","nflverse schedule",""
"2026-10-01T23:15:21Z","2026","4","JAX","QB","Trevor Lawrence","00-0036971","","nflverse schedule",""
"2026-10-01T23:15:21Z","2026","4","HOU","QB","C.J. Stroud","00-0039163","","nflverse schedule",""
"2026-10-01T23:15:21Z","2026","4","DET","QB","Jared Goff","00-0033106","","nflverse schedule",""
"2026-10-01T23:15:21Z","2026","4","CIN","QB","Joe Burrow","00-0036442","","nflverse schedule",""
"2026-10-01T23:15:21Z","2026","4","SF","QB","Brock Purdy","00-0037834","","nflverse schedule",""
"2026-10-01T23:15:21Z","2026","4","CHI","QB","Case Keenum","00-0028986","","nflverse schedule",""
"2026-10-01T23:15:21Z","2026","4","LA","QB","Matthew Stafford","00-0026498","","nflverse schedule",""
"2026-10-01T23:15:21Z","2026","4","KC","QB","Patrick Mahomes","00-0033873","","nflverse schedule",""
"2026-10-01T23:15:21Z","2026","4","BAL","QB","Lamar Jackson","00-0034796","","nflverse schedule",""
"2026-10-01T23:15:21Z","2026","4","BUF","QB","Josh Allen","00-0034857","","nflverse schedule",""
"2026-10-01T23:16:06Z","2026","4","MIN","K","Will Reichard","00-0039404","","weekly run (status check only)",""
"2026-10-01T23:16:06Z","2026","4","DAL","K","Brandon Aubrey","00-0037692","","weekly run (status check only)",""
"2026-10-01T23:16:06Z","2026","4","HOU","K","Ka'imi Fairbairn","00-0032726","","weekly run (status check only)",""
"2026-10-01T23:16:06Z","2026","4","NO","K","Daniel Carlson","00-0034161","","weekly run (status check only)",""
"2026-10-01T23:16:06Z","2026","4","CIN","K","Evan McPherson","00-0036854","","weekly run (status check only)",""
"2026-10-01T23:16:06Z","2026","4","SEA","K","Jason Myers","00-0031492","","weekly run (status check only)",""
"2026-10-01T23:16:06Z","2026","4","KC","K","Harrison Butker","00-0033303","","weekly run (status check only)",""
"2026-10-01T23:16:06Z","2026","4","BAL","K","Tyler Loop","00-0040074","","weekly run (status check only)",""
"2026-10-01T23:16:06Z","2026","4","PIT","K","Chris Boswell","00-0031136","","weekly run (status check only)",""
"2026-10-01T23:16:06Z","2026","4","SF","K","Eddy Pineiro","00-0034173","","weekly run (status check only)",""
"2026-10-01T23:16:06Z","2026","4","DET","K","Jake Bates","00-0039172","","weekly run (status check only)",""
"2026-10-01T23:16:06Z","2026","4","IND","K","Spencer Shrader","00-0039576","","weekly run (status check only)",""
"2026-10-01T23:16:06Z","2026","4","BUF","K","Tyler Bass","00-0036162","","weekly run (status check only)",""
"2026-10-01T23:16:06Z","2026","4","ATL","K","Nick Folk","00-0025565","","weekly run (status check only)",""
"2026-10-01T23:16:06Z","2026","4","JAX","K","Cam Little","00-0039409","","weekly run (status check only)",""
"2026-10-01T23:16:06Z","2026","4","TB","K","Chase McLaughlin","00-0035358","","weekly run (status check only)",""
"2026-10-01T23:16:06Z","2026","4","LV","K","Matt Gay","00-0035269","","weekly run (status check only)",""
"2026-10-01T23:16:06Z","2026","4","ARI","K","Chad Ryland","00-0038567","","weekly run (status check only)",""
"2026-10-01T23:16:06Z","2026","4","CHI","K","Cairo Santos","00-0031203","","weekly run (status check only)",""
"2026-10-01T23:16:06Z","2026","4","LA","K","Harrison Mevis","00-0039498","","weekly run (status check only)",""
"2026-10-01T23:16:06Z","2026","4","DEN","K","Wil Lutz","00-0032569","","weekly run (status check only)",""
"2026-10-01T23:16:06Z","2026","4","LAC","K","Cameron Dicker","00-0037224","","weekly run (status check only)",""
"2026-10-01T23:16:06Z","2026","4","NYJ","K","Jason Sanders","00-0034794","","weekly run (status check only)",""
"2026-10-01T23:16:06Z","2026","4","PHI","K","Jake Elliott","00-0033787","","weekly run (status check only)",""
"2026-10-01T23:16:06Z","2026","4","CAR","K","Ryan Fitzgerald","00-0040279","","weekly run (status check only)",""
"2026-10-01T23:16:06Z","2026","4","GB","K","Trey Smack","00-0040899","","weekly run (status check only)",""
"2026-10-01T23:16:06Z","2026","4","CLE","K","Andre Szmyt","00-0038428","","weekly run (status check only)",""
"2026-10-01T23:16:06Z","2026","4","NYG","K","Dominic Zvada","00-0041145","","weekly run (status check only)",""
"2026-10-01T23:16:06Z","2026","4","WAS","K","Drew Stevens","00-0041182","","weekly run (status check only)",""
"2026-10-01T23:16:06Z","2026","4","MIA","K","Riley Patterson","00-0036816","","weekly run (status check only)",""
"2026-10-01T23:16:06Z","2026","4","NE","K","Andy Borregales","00-0040200","","weekly run (status check only)",""
"2026-10-01T23:16:06Z","2026","4","TEN","K","Joey Slye","00-0035192","","weekly run (status check only)",""
"2026-10-02T01:46:18Z","2026","4","MIA","QB","Malik Willis","00-0038128","","nflverse schedule",""
"2026-10-02T01:46:18Z","2026","4","LAC","QB","Justin Herbert","00-0036355","","nflverse schedule",""
"2026-10-02T01:46:18Z","2026","4","TEN","QB","Cam Ward","00-0040676","","nflverse schedule",""
"2026-10-02T01:46:18Z","2026","4","NYJ","QB","Geno Smith","00-0030565","","nflverse schedule",""
"2026-10-02T01:46:18Z","2026","4","TB","QB","Jalon Daniels","00-0041251","","nflverse schedule",""
"2026-10-02T01:46:18Z","2026","4","LV","QB","Kirk Cousins","00-0029604","","nflverse schedule",""
"2026-10-02T01:46:18Z","2026","4","NE","QB","Drake Maye","00-0039851","","nflverse schedule",""
"2026-10-02T01:46:18Z","2026","4","PHI","QB","Jalen Hurts","00-0036389","","nflverse schedule",""
"2026-10-02T01:46:18Z","2026","4","GB","QB","Jordan Love","00-0036264","","nflverse schedule",""
"2026-10-02T01:46:18Z","2026","4","ARI","QB","Jacoby Brissett","00-0033119","","nflverse schedule",""
"2026-10-02T01:46:18Z","2026","4","SEA","QB","Sam Darnold","00-0034869","","Sleeper + Ourlads depth charts agree (schedule differs)","Schedule: Drew Lock"
"2026-10-02T01:46:18Z","2026","4","WAS","QB","Jayden Daniels","00-0039910","Questionable","nflverse schedule","Sleeper: Marcus Mariota"
"2026-10-02T01:46:18Z","2026","4","ATL","QB","Michael Penix Jr.","00-0039917","","nflverse schedule",""
"2026-10-02T01:46:18Z","2026","4","NYG","QB","Jameis Winston","00-0031503","","nflverse schedule",""
"2026-10-02T01:46:18Z","2026","4","DEN","QB","Bo Nix","00-0039732","","nflverse schedule",""
"2026-10-02T01:46:18Z","2026","4","DAL","QB","Dak Prescott","00-0033077","","nflverse schedule",""
"2026-10-02T01:46:18Z","2026","4","CAR","QB","Bryce Young","00-0039150","","nflverse schedule",""
"2026-10-02T01:46:18Z","2026","4","NO","QB","Tyler Shough","00-0040743","","nflverse schedule",""
"2026-10-02T01:46:18Z","2026","4","IND","QB","Daniel Jones","00-0035710","","nflverse schedule",""
"2026-10-02T01:46:18Z","2026","4","MIN","QB","Kyler Murray","00-0035228","","nflverse schedule",""
"2026-10-02T01:46:18Z","2026","4","JAX","QB","Trevor Lawrence","00-0036971","","nflverse schedule",""
"2026-10-02T01:46:18Z","2026","4","HOU","QB","C.J. Stroud","00-0039163","","nflverse schedule",""
"2026-10-02T01:46:18Z","2026","4","DET","QB","Jared Goff","00-0033106","","nflverse schedule",""
"2026-10-02T01:46:18Z","2026","4","CIN","QB","Joe Burrow","00-0036442","","nflverse schedule",""
"2026-10-02T01:46:18Z","2026","4","SF","QB","Brock Purdy","00-0037834","","nflverse schedule",""
"2026-10-02T01:46:18Z","2026","4","CHI","QB","Case Keenum","00-0028986","","nflverse schedule",""
"2026-10-02T01:46:18Z","2026","4","LA","QB","Matthew Stafford","00-0026498","","nflverse schedule",""
"2026-10-02T01:46:18Z","2026","4","KC","QB","Patrick Mahomes","00-0033873","","nflverse schedule",""
"2026-10-02T01:46:18Z","2026","4","BAL","QB","Lamar Jackson","00-0034796","","nflverse schedule",""
"2026-10-02T01:46:18Z","2026","4","BUF","QB","Josh Allen","00-0034857","","nflverse schedule",""
"2026-10-02T01:47:02Z","2026","4","MIN","K","Will Reichard","00-0039404","","weekly run (status check only)",""
"2026-10-02T01:47:02Z","2026","4","DAL","K","Brandon Aubrey","00-0037692","","weekly run (status check only)",""
"2026-10-02T01:47:02Z","2026","4","HOU","K","Ka'imi Fairbairn","00-0032726","","weekly run (status check only)",""
"2026-10-02T01:47:02Z","2026","4","NO","K","Daniel Carlson","00-0034161","","weekly run (status check only)",""
"2026-10-02T01:47:02Z","2026","4","CIN","K","Evan McPherson","00-0036854","","weekly run (status check only)",""
"2026-10-02T01:47:02Z","2026","4","SEA","K","Jason Myers","00-0031492","","weekly run (status check only)",""
"2026-10-02T01:47:02Z","2026","4","KC","K","Harrison Butker","00-0033303","","weekly run (status check only)",""
"2026-10-02T01:47:02Z","2026","4","BAL","K","Tyler Loop","00-0040074","","weekly run (status check only)",""
"2026-10-02T01:47:02Z","2026","4","SF","K","Eddy Pineiro","00-0034173","","weekly run (status check only)",""
"2026-10-02T01:47:02Z","2026","4","DET","K","Jake Bates","00-0039172","","weekly run (status check only)",""
"2026-10-02T01:47:02Z","2026","4","IND","K","Spencer Shrader","00-0039576","","weekly run (status check only)",""
"2026-10-02T01:47:02Z","2026","4","BUF","K","Tyler Bass","00-0036162","","weekly run (status check only)",""
"2026-10-02T01:47:02Z","2026","4","ATL","K","Nick Folk","00-0025565","","weekly run (status check only)",""
"2026-10-02T01:47:02Z","2026","4","JAX","K","Cam Little","00-0039409","","weekly run (status check only)",""
"2026-10-02T01:47:02Z","2026","4","TB","K","Chase McLaughlin","00-0035358","","weekly run (status check only)",""
"2026-10-02T01:47:02Z","2026","4","LV","K","Matt Gay","00-0035269","","weekly run (status check only)",""
"2026-10-02T01:47:02Z","2026","4","ARI","K","Chad Ryland","00-0038567","","weekly run (status check only)",""
"2026-10-02T01:47:02Z","2026","4","CHI","K","Cairo Santos","00-0031203","","weekly run (status check only)",""
"2026-10-02T01:47:02Z","2026","4","LA","K","Harrison Mevis","00-0039498","","weekly run (status check only)",""
"2026-10-02T01:47:02Z","2026","4","DEN","K","Wil Lutz","00-0032569","","weekly run (status check only)",""
"2026-10-02T01:47:02Z","2026","4","LAC","K","Cameron Dicker","00-0037224","","weekly run (status check only)",""
"2026-10-02T01:47:02Z","2026","4","NYJ","K","Jason Sanders","00-0034794","","weekly run (status check only)",""
"2026-10-02T01:47:02Z","2026","4","PHI","K","Jake Elliott","00-0033787","","weekly run (status check only)",""
"2026-10-02T01:47:02Z","2026","4","CAR","K","Ryan Fitzgerald","00-0040279","","weekly run (status check only)",""
"2026-10-02T01:47:02Z","2026","4","GB","K","Trey Smack","00-0040899","","weekly run (status check only)",""
"2026-10-02T01:47:02Z","2026","4","NYG","K","Dominic Zvada","00-0041145","","weekly run (status check only)",""
"2026-10-02T01:47:02Z","2026","4","WAS","K","Drew Stevens","00-0041182","","weekly run (status check only)",""
"2026-10-02T01:47:02Z","2026","4","MIA","K","Riley Patterson","00-0036816","","weekly run (status check only)",""
"2026-10-02T01:47:02Z","2026","4","NE","K","Andy Borregales","00-0040200","","weekly run (status check only)",""
"2026-10-02T01:47:02Z","2026","4","TEN","K","Joey Slye","00-0035192","","weekly run (status check only)",""
"2026-10-02T16:25:06Z","2026","4","MIA","QB","Malik Willis","00-0038128","","nflverse schedule",""
"2026-10-02T16:25:06Z","2026","4","LAC","QB","Justin Herbert","00-0036355","","nflverse schedule",""
"2026-10-02T16:25:06Z","2026","4","TEN","QB","Cam Ward","00-0040676","","nflverse schedule",""
"2026-10-02T16:25:06Z","2026","4","NYJ","QB","Geno Smith","00-0030565","","nflverse schedule",""
"2026-10-02T16:25:06Z","2026","4","TB","QB","Jalon Daniels","00-0041251","","nflverse schedule",""
"2026-10-02T16:25:06Z","2026","4","LV","QB","Kirk Cousins","00-0029604","","nflverse schedule",""
"2026-10-02T16:25:06Z","2026","4","NE","QB","Drake Maye","00-0039851","","nflverse schedule",""
"2026-10-02T16:25:06Z","2026","4","PHI","QB","Jalen Hurts","00-0036389","","nflverse schedule",""
"2026-10-02T16:25:06Z","2026","4","GB","QB","Jordan Love","00-0036264","","nflverse schedule",""
"2026-10-02T16:25:06Z","2026","4","ARI","QB","Jacoby Brissett","00-0033119","","nflverse schedule",""
"2026-10-02T16:25:06Z","2026","4","SEA","QB","Sam Darnold","00-0034869","","Sleeper + Ourlads depth charts agree (schedule differs)","Schedule: Drew Lock"
"2026-10-02T16:25:06Z","2026","4","WAS","QB","Marcus Mariota","00-0032268","","nflverse schedule",""
"2026-10-02T16:25:06Z","2026","4","ATL","QB","Michael Penix Jr.","00-0039917","","nflverse schedule",""
"2026-10-02T16:25:06Z","2026","4","NYG","QB","Jameis Winston","00-0031503","","nflverse schedule",""
"2026-10-02T16:25:06Z","2026","4","DEN","QB","Bo Nix","00-0039732","","nflverse schedule",""
"2026-10-02T16:25:06Z","2026","4","DAL","QB","Dak Prescott","00-0033077","","nflverse schedule",""
"2026-10-02T16:25:06Z","2026","4","CAR","QB","Bryce Young","00-0039150","","nflverse schedule",""
"2026-10-02T16:25:06Z","2026","4","NO","QB","Tyler Shough","00-0040743","","nflverse schedule",""
"2026-10-02T16:25:06Z","2026","4","IND","QB","Daniel Jones","00-0035710","","nflverse schedule",""
"2026-10-02T16:25:06Z","2026","4","MIN","QB","Kyler Murray","00-0035228","","nflverse schedule",""
"2026-10-02T16:25:06Z","2026","4","JAX","QB","Trevor Lawrence","00-0036971","","nflverse schedule",""
"2026-10-02T16:25:06Z","2026","4","HOU","QB","C.J. Stroud","00-0039163","","nflverse schedule",""
"2026-10-02T16:25:06Z","2026","4","DET","QB","Jared Goff","00-0033106","","nflverse schedule",""
"2026-10-02T16:25:06Z","2026","4","CIN","QB","Joe Burrow","00-0036442","","nflverse schedule",""
"2026-10-02T16:25:06Z","2026","4","SF","QB","Brock Purdy","00-0037834","","nflverse schedule",""
"2026-10-02T16:25:06Z","2026","4","CHI","QB","Case Keenum","00-0028986","","nflverse schedule",""
"2026-10-02T16:25:06Z","2026","4","LA","QB","Matthew Stafford","00-0026498","","nflverse schedule",""
"2026-10-02T16:25:06Z","2026","4","KC","QB","Patrick Mahomes","00-0033873","","nflverse schedule",""
"2026-10-02T16:25:06Z","2026","4","BAL","QB","Lamar Jackson","00-0034796","","nflverse schedule",""
"2026-10-02T16:25:06Z","2026","4","BUF","QB","Josh Allen","00-0034857","","nflverse schedule",""
"2026-10-02T16:25:45Z","2026","4","MIN","K","Will Reichard","00-0039404","","weekly run (status check only)",""
"2026-10-02T16:25:45Z","2026","4","DAL","K","Brandon Aubrey","00-0037692","","weekly run (status check only)",""
"2026-10-02T16:25:45Z","2026","4","HOU","K","Ka'imi Fairbairn","00-0032726","","weekly run (status check only)",""
"2026-10-02T16:25:45Z","2026","4","NO","K","Daniel Carlson","00-0034161","","weekly run (status check only)",""
"2026-10-02T16:25:45Z","2026","4","CIN","K","Evan McPherson","00-0036854","","weekly run (status check only)",""
"2026-10-02T16:25:45Z","2026","4","SEA","K","Jason Myers","00-0031492","","weekly run (status check only)",""
"2026-10-02T16:25:45Z","2026","4","KC","K","Harrison Butker","00-0033303","","weekly run (status check only)",""
"2026-10-02T16:25:45Z","2026","4","BAL","K","Tyler Loop","00-0040074","","weekly run (status check only)",""
"2026-10-02T16:25:45Z","2026","4","SF","K","Eddy Pineiro","00-0034173","","weekly run (status check only)",""
"2026-10-02T16:25:45Z","2026","4","DET","K","Jake Bates","00-0039172","","weekly run (status check only)",""
"2026-10-02T16:25:45Z","2026","4","IND","K","Spencer Shrader","00-0039576","","weekly run (status check only)",""
"2026-10-02T16:25:45Z","2026","4","BUF","K","Tyler Bass","00-0036162","","weekly run (status check only)",""
"2026-10-02T16:25:45Z","2026","4","ATL","K","Nick Folk","00-0025565","","weekly run (status check only)",""
"2026-10-02T16:25:45Z","2026","4","JAX","K","Cam Little","00-0039409","","weekly run (status check only)",""
"2026-10-02T16:25:45Z","2026","4","TB","K","Chase McLaughlin","00-0035358","","weekly run (status check only)",""
"2026-10-02T16:25:45Z","2026","4","LV","K","Matt Gay","00-0035269","","weekly run (status check only)",""
"2026-10-02T16:25:45Z","2026","4","ARI","K","Chad Ryland","00-0038567","","weekly run (status check only)",""
"2026-10-02T16:25:45Z","2026","4","CHI","K","Cairo Santos","00-0031203","","weekly run (status check only)",""
"2026-10-02T16:25:45Z","2026","4","LA","K","Harrison Mevis","00-0039498","","weekly run (status check only)",""
"2026-10-02T16:25:45Z","2026","4","DEN","K","Wil Lutz","00-0032569","","weekly run (status check only)",""
"2026-10-02T16:25:45Z","2026","4","LAC","K","Cameron Dicker","00-0037224","","weekly run (status check only)",""
"2026-10-02T16:25:45Z","2026","4","NYJ","K","Jason Sanders","00-0034794","","weekly run (status check only)",""
"2026-10-02T16:25:45Z","2026","4","PHI","K","Jake Elliott","00-0033787","","weekly run (status check only)",""
"2026-10-02T16:25:45Z","2026","4","CAR","K","Ryan Fitzgerald","00-0040279","","weekly run (status check only)",""
"2026-10-02T16:25:45Z","2026","4","GB","K","Trey Smack","00-0040899","","weekly run (status check only)",""
"2026-10-02T16:25:45Z","2026","4","NYG","K","Dominic Zvada","00-0041145","","weekly run (status check only)",""
"2026-10-02T16:25:45Z","2026","4","WAS","K","Drew Stevens","00-0041182","","weekly run (status check only)",""
"2026-10-02T16:25:45Z","2026","4","MIA","K","Riley Patterson","00-0036816","","weekly run (status check only)",""
"2026-10-02T16:25:45Z","2026","4","NE","K","Andy Borregales","00-0040200","","weekly run (status check only)",""
"2026-10-02T16:25:45Z","2026","4","TEN","K","Joey Slye","00-0035192","","weekly run (status check only)",""
"2026-10-02T18:57:15Z","2026","4","MIA","QB","Malik Willis","00-0038128","","nflverse schedule",""
"2026-10-02T18:57:15Z","2026","4","LAC","QB","Justin Herbert","00-0036355","","nflverse schedule",""
"2026-10-02T18:57:15Z","2026","4","TEN","QB","Cam Ward","00-0040676","","nflverse schedule",""
"2026-10-02T18:57:15Z","2026","4","NYJ","QB","Geno Smith","00-0030565","","nflverse schedule",""
"2026-10-02T18:57:15Z","2026","4","TB","QB","Jalon Daniels","00-0041251","","nflverse schedule",""
"2026-10-02T18:57:15Z","2026","4","LV","QB","Kirk Cousins","00-0029604","","nflverse schedule",""
"2026-10-02T18:57:15Z","2026","4","NE","QB","Drake Maye","00-0039851","","nflverse schedule",""
"2026-10-02T18:57:15Z","2026","4","PHI","QB","Jalen Hurts","00-0036389","","nflverse schedule",""
"2026-10-02T18:57:15Z","2026","4","GB","QB","Jordan Love","00-0036264","","nflverse schedule",""
"2026-10-02T18:57:15Z","2026","4","ARI","QB","Jacoby Brissett","00-0033119","","nflverse schedule",""
"2026-10-02T18:57:15Z","2026","4","SEA","QB","Sam Darnold","00-0034869","","Sleeper + Ourlads depth charts agree (schedule differs)","Schedule: Drew Lock"
"2026-10-02T18:57:15Z","2026","4","WAS","QB","Marcus Mariota","00-0032268","","nflverse schedule",""
"2026-10-02T18:57:15Z","2026","4","ATL","QB","Michael Penix Jr.","00-0039917","","nflverse schedule",""
"2026-10-02T18:57:15Z","2026","4","NYG","QB","Jameis Winston","00-0031503","","nflverse schedule",""
"2026-10-02T18:57:15Z","2026","4","DEN","QB","Bo Nix","00-0039732","","nflverse schedule",""
"2026-10-02T18:57:15Z","2026","4","DAL","QB","Dak Prescott","00-0033077","","nflverse schedule",""
"2026-10-02T18:57:15Z","2026","4","CAR","QB","Bryce Young","00-0039150","","nflverse schedule",""
"2026-10-02T18:57:15Z","2026","4","NO","QB","Tyler Shough","00-0040743","","nflverse schedule",""
"2026-10-02T18:57:15Z","2026","4","IND","QB","Daniel Jones","00-0035710","","nflverse schedule",""
"2026-10-02T18:57:15Z","2026","4","MIN","QB","Kyler Murray","00-0035228","","nflverse schedule",""
"2026-10-02T18:57:15Z","2026","4","JAX","QB","Trevor Lawrence","00-0036971","","nflverse schedule",""
"2026-10-02T18:57:15Z","2026","4","HOU","QB","C.J. Stroud","00-0039163","","nflverse schedule",""
"2026-10-02T18:57:15Z","2026","4","DET","QB","Jared Goff","00-0033106","","nflverse schedule",""
"2026-10-02T18:57:15Z","2026","4","CIN","QB","Joe Burrow","00-0036442","","nflverse schedule",""
"2026-10-02T18:57:15Z","2026","4","SF","QB","Brock Purdy","00-0037834","","nflverse schedule",""
"2026-10-02T18:57:15Z","2026","4","CHI","QB","Case Keenum","00-0028986","","nflverse schedule",""
"2026-10-02T18:57:15Z","2026","4","LA","QB","Matthew Stafford","00-0026498","","nflverse schedule",""
"2026-10-02T18:57:15Z","2026","4","KC","QB","Patrick Mahomes","00-0033873","","nflverse schedule",""
"2026-10-02T18:57:15Z","2026","4","BAL","QB","Lamar Jackson","00-0034796","","nflverse schedule",""
"2026-10-02T18:57:15Z","2026","4","BUF","QB","Josh Allen","00-0034857","","nflverse schedule",""
"2026-10-02T18:57:58Z","2026","4","MIN","K","Will Reichard","00-0039404","","weekly run (status check only)",""
"2026-10-02T18:57:58Z","2026","4","DAL","K","Brandon Aubrey","00-0037692","","weekly run (status check only)",""
"2026-10-02T18:57:58Z","2026","4","HOU","K","Ka'imi Fairbairn","00-0032726","","weekly run (status check only)",""
"2026-10-02T18:57:58Z","2026","4","NO","K","Daniel Carlson","00-0034161","","weekly run (status check only)",""
"2026-10-02T18:57:58Z","2026","4","CIN","K","Evan McPherson","00-0036854","","weekly run (status check only)",""
"2026-10-02T18:57:58Z","2026","4","SEA","K","Jason Myers","00-0031492","","weekly run (status check only)",""
"2026-10-02T18:57:58Z","2026","4","KC","K","Harrison Butker","00-0033303","","weekly run (status check only)",""
"2026-10-02T18:57:58Z","2026","4","BAL","K","Tyler Loop","00-0040074","","weekly run (status check only)",""
"2026-10-02T18:57:58Z","2026","4","SF","K","Eddy Pineiro","00-0034173","","weekly run (status check only)",""
"2026-10-02T18:57:58Z","2026","4","DET","K","Jake Bates","00-0039172","","weekly run (status check only)",""
"2026-10-02T18:57:58Z","2026","4","IND","K","Spencer Shrader","00-0039576","","weekly run (status check only)",""
"2026-10-02T18:57:58Z","2026","4","BUF","K","Tyler Bass","00-0036162","","weekly run (status check only)",""
"2026-10-02T18:57:58Z","2026","4","ATL","K","Nick Folk","00-0025565","","weekly run (status check only)",""
"2026-10-02T18:57:58Z","2026","4","JAX","K","Cam Little","00-0039409","","weekly run (status check only)",""
"2026-10-02T18:57:58Z","2026","4","TB","K","Chase McLaughlin","00-0035358","","weekly run (status check only)",""
"2026-10-02T18:57:58Z","2026","4","LV","K","Matt Gay","00-0035269","","weekly run (status check only)",""
"2026-10-02T18:57:58Z","2026","4","ARI","K","Chad Ryland","00-0038567","","weekly run (status check only)",""
"2026-10-02T18:57:58Z","2026","4","CHI","K","Cairo Santos","00-0031203","","weekly run (status check only)",""
"2026-10-02T18:57:58Z","2026","4","LA","K","Harrison Mevis","00-0039498","","weekly run (status check only)",""
"2026-10-02T18:57:58Z","2026","4","DEN","K","Wil Lutz","00-0032569","","weekly run (status check only)",""
"2026-10-02T18:57:58Z","2026","4","LAC","K","Cameron Dicker","00-0037224","","weekly run (status check only)",""
"2026-10-02T18:57:58Z","2026","4","NYJ","K","Jason Sanders","00-0034794","","weekly run (status check only)",""
"2026-10-02T18:57:58Z","2026","4","PHI","K","Jake Elliott","00-0033787","","weekly run (status check only)",""
"2026-10-02T18:57:58Z","2026","4","CAR","K","Ryan Fitzgerald","00-0040279","","weekly run (status check only)",""
"2026-10-02T18:57:58Z","2026","4","GB","K","Trey Smack","00-0040899","","weekly run (status check only)",""
"2026-10-02T18:57:58Z","2026","4","NYG","K","Dominic Zvada","00-0041145","","weekly run (status check only)",""
"2026-10-02T18:57:58Z","2026","4","WAS","K","Drew Stevens","00-0041182","","weekly run (status check only)",""
"2026-10-02T18:57:58Z","2026","4","MIA","K","Riley Patterson","00-0036816","","weekly run (status check only)",""
"2026-10-02T18:57:58Z","2026","4","NE","K","Andy Borregales","00-0040200","","weekly run (status check only)",""
"2026-10-02T18:57:58Z","2026","4","TEN","K","Joey Slye","00-0035192","","weekly run (status check only)",""
"2026-10-03T00:00:50Z","2026","4","MIA","QB","Malik Willis","00-0038128","","nflverse schedule",""
"2026-10-03T00:00:50Z","2026","4","LAC","QB","Justin Herbert","00-0036355","","nflverse schedule",""
"2026-10-03T00:00:50Z","2026","4","TEN","QB","Cam Ward","00-0040676","","nflverse schedule",""
"2026-10-03T00:00:50Z","2026","4","NYJ","QB","Geno Smith","00-0030565","","nflverse schedule",""
"2026-10-03T00:00:50Z","2026","4","TB","QB","Jalon Daniels","00-0041251","","nflverse schedule",""
"2026-10-03T00:00:50Z","2026","4","LV","QB","Kirk Cousins","00-0029604","","nflverse schedule",""
"2026-10-03T00:00:50Z","2026","4","NE","QB","Drake Maye","00-0039851","","nflverse schedule",""
"2026-10-03T00:00:50Z","2026","4","PHI","QB","Jalen Hurts","00-0036389","","nflverse schedule",""
"2026-10-03T00:00:50Z","2026","4","GB","QB","Jordan Love","00-0036264","","nflverse schedule",""
"2026-10-03T00:00:50Z","2026","4","ARI","QB","Jacoby Brissett","00-0033119","","nflverse schedule",""
"2026-10-03T00:00:50Z","2026","4","SEA","QB","Sam Darnold","00-0034869","","Sleeper + Ourlads depth charts agree (schedule differs)","Schedule: Drew Lock"
"2026-10-03T00:00:50Z","2026","4","WAS","QB","Marcus Mariota","00-0032268","","nflverse schedule",""
"2026-10-03T00:00:50Z","2026","4","ATL","QB","Michael Penix Jr.","00-0039917","","nflverse schedule",""
"2026-10-03T00:00:50Z","2026","4","NYG","QB","Jameis Winston","00-0031503","","nflverse schedule",""
"2026-10-03T00:00:50Z","2026","4","DEN","QB","Bo Nix","00-0039732","","nflverse schedule",""
"2026-10-03T00:00:50Z","2026","4","DAL","QB","Dak Prescott","00-0033077","","nflverse schedule",""
"2026-10-03T00:00:50Z","2026","4","CAR","QB","Bryce Young","00-0039150","","nflverse schedule",""
"2026-10-03T00:00:50Z","2026","4","NO","QB","Tyler Shough","00-0040743","","nflverse schedule",""
"2026-10-03T00:00:50Z","2026","4","IND","QB","Daniel Jones","00-0035710","","nflverse schedule",""
"2026-10-03T00:00:50Z","2026","4","MIN","QB","Kyler Murray","00-0035228","","nflverse schedule",""
"2026-10-03T00:00:50Z","2026","4","JAX","QB","Trevor Lawrence","00-0036971","","nflverse schedule",""
"2026-10-03T00:00:50Z","2026","4","HOU","QB","C.J. Stroud","00-0039163","","nflverse schedule",""
"2026-10-03T00:00:50Z","2026","4","DET","QB","Jared Goff","00-0033106","","nflverse schedule",""
"2026-10-03T00:00:50Z","2026","4","CIN","QB","Joe Burrow","00-0036442","","nflverse schedule",""
"2026-10-03T00:00:50Z","2026","4","SF","QB","Brock Purdy","00-0037834","","nflverse schedule",""
"2026-10-03T00:00:50Z","2026","4","CHI","QB","Case Keenum","00-0028986","","nflverse schedule",""
"2026-10-03T00:00:50Z","2026","4","LA","QB","Matthew Stafford","00-0026498","","nflverse schedule",""
"2026-10-03T00:00:50Z","2026","4","KC","QB","Patrick Mahomes","00-0033873","","nflverse schedule",""
"2026-10-03T00:00:50Z","2026","4","BAL","QB","Lamar Jackson","00-0034796","","nflverse schedule",""
"2026-10-03T00:00:50Z","2026","4","BUF","QB","Josh Allen","00-0034857","","nflverse schedule",""
"2026-10-03T00:02:29Z","2026","4","MIN","K","Will Reichard","00-0039404","","weekly run (status check only)",""
"2026-10-03T00:02:29Z","2026","4","DAL","K","Brandon Aubrey","00-0037692","","weekly run (status check only)",""
"2026-10-03T00:02:29Z","2026","4","HOU","K","Ka'imi Fairbairn","00-0032726","","weekly run (status check only)",""
"2026-10-03T00:02:29Z","2026","4","NO","K","Daniel Carlson","00-0034161","","weekly run (status check only)",""
"2026-10-03T00:02:29Z","2026","4","CIN","K","Evan McPherson","00-0036854","","weekly run (status check only)",""
"2026-10-03T00:02:29Z","2026","4","SEA","K","Jason Myers","00-0031492","","weekly run (status check only)",""
"2026-10-03T00:02:29Z","2026","4","KC","K","Harrison Butker","00-0033303","","weekly run (status check only)",""
"2026-10-03T00:02:29Z","2026","4","BAL","K","Tyler Loop","00-0040074","","weekly run (status check only)",""
"2026-10-03T00:02:29Z","2026","4","SF","K","Eddy Pineiro","00-0034173","","weekly run (status check only)",""
"2026-10-03T00:02:29Z","2026","4","DET","K","Jake Bates","00-0039172","","weekly run (status check only)",""
"2026-10-03T00:02:29Z","2026","4","IND","K","Spencer Shrader","00-0039576","","weekly run (status check only)",""
"2026-10-03T00:02:29Z","2026","4","BUF","K","Tyler Bass","00-0036162","","weekly run (status check only)",""
"2026-10-03T00:02:29Z","2026","4","ATL","K","Nick Folk","00-0025565","","weekly run (status check only)",""
"2026-10-03T00:02:29Z","2026","4","JAX","K","Cam Little","00-0039409","","weekly run (status check only)",""
"2026-10-03T00:02:29Z","2026","4","TB","K","Chase McLaughlin","00-0035358","","weekly run (status check only)",""
"2026-10-03T00:02:29Z","2026","4","LV","K","Matt Gay","00-0035269","","weekly run (status check only)",""
"2026-10-03T00:02:29Z","2026","4","ARI","K","Chad Ryland","00-0038567","","weekly run (status check only)",""
"2026-10-03T00:02:29Z","2026","4","CHI","K","Cairo Santos","00-0031203","","weekly run (status check only)",""
"2026-10-03T00:02:29Z","2026","4","LA","K","Harrison Mevis","00-0039498","","weekly run (status check only)",""
"2026-10-03T00:02:29Z","2026","4","DEN","K","Wil Lutz","00-0032569","","weekly run (status check only)",""
"2026-10-03T00:02:29Z","2026","4","LAC","K","Cameron Dicker","00-0037224","","weekly run (status check only)",""
"2026-10-03T00:02:29Z","2026","4","NYJ","K","Jason Sanders","00-0034794","","weekly run (status check only)",""
"2026-10-03T00:02:29Z","2026","4","PHI","K","Jake Elliott","00-0033787","","weekly run (status check only)",""
"2026-10-03T00:02:29Z","2026","4","CAR","K","Ryan Fitzgerald","00-0040279","","weekly run (status check only)",""
"2026-10-03T00:02:29Z","2026","4","GB","K","Trey Smack","00-0040899","","weekly run (status check only)",""
"2026-10-03T00:02:29Z","2026","4","NYG","K","Dominic Zvada","00-0041145","","weekly run (status check only)",""
"2026-10-03T00:02:29Z","2026","4","WAS","K","Drew Stevens","00-0041182","","weekly run (status check only)",""
"2026-10-03T00:02:29Z","2026","4","MIA","K","Riley Patterson","00-0036816","","weekly run (status check only)",""
"2026-10-03T00:02:29Z","2026","4","NE","K","Andy Borregales","00-0040200","","weekly run (status check only)",""
"2026-10-03T00:02:29Z","2026","4","TEN","K","Joey Slye","00-0035192","","weekly run (status check only)",""
"2026-10-03T00:50:28Z","2026","4","MIA","QB","Malik Willis","00-0038128","","nflverse schedule",""
"2026-10-03T00:50:28Z","2026","4","LAC","QB","Justin Herbert","00-0036355","","nflverse schedule",""
"2026-10-03T00:50:28Z","2026","4","TEN","QB","Cam Ward","00-0040676","","nflverse schedule",""
"2026-10-03T00:50:28Z","2026","4","NYJ","QB","Geno Smith","00-0030565","","nflverse schedule",""
"2026-10-03T00:50:28Z","2026","4","TB","QB","Jalon Daniels","00-0041251","","nflverse schedule",""
"2026-10-03T00:50:28Z","2026","4","LV","QB","Kirk Cousins","00-0029604","","nflverse schedule",""
"2026-10-03T00:50:28Z","2026","4","NE","QB","Drake Maye","00-0039851","","nflverse schedule",""
"2026-10-03T00:50:28Z","2026","4","PHI","QB","Jalen Hurts","00-0036389","","nflverse schedule",""
"2026-10-03T00:50:28Z","2026","4","GB","QB","Jordan Love","00-0036264","","nflverse schedule",""
"2026-10-03T00:50:28Z","2026","4","ARI","QB","Jacoby Brissett","00-0033119","","nflverse schedule",""
"2026-10-03T00:50:28Z","2026","4","SEA","QB","Sam Darnold","00-0034869","","Sleeper + Ourlads depth charts agree (schedule differs)","Schedule: Drew Lock"
"2026-10-03T00:50:28Z","2026","4","WAS","QB","Marcus Mariota","00-0032268","","nflverse schedule",""
"2026-10-03T00:50:28Z","2026","4","ATL","QB","Michael Penix Jr.","00-0039917","","nflverse schedule",""
"2026-10-03T00:50:28Z","2026","4","NYG","QB","Jameis Winston","00-0031503","","nflverse schedule",""
"2026-10-03T00:50:28Z","2026","4","DEN","QB","Bo Nix","00-0039732","","nflverse schedule",""
"2026-10-03T00:50:28Z","2026","4","DAL","QB","Dak Prescott","00-0033077","","nflverse schedule",""
"2026-10-03T00:50:28Z","2026","4","CAR","QB","Bryce Young","00-0039150","","nflverse schedule",""
"2026-10-03T00:50:28Z","2026","4","NO","QB","Tyler Shough","00-0040743","","nflverse schedule",""
"2026-10-03T00:50:28Z","2026","4","IND","QB","Daniel Jones","00-0035710","","nflverse schedule",""
"2026-10-03T00:50:28Z","2026","4","MIN","QB","Kyler Murray","00-0035228","","nflverse schedule",""
"2026-10-03T00:50:28Z","2026","4","JAX","QB","Trevor Lawrence","00-0036971","","nflverse schedule",""
"2026-10-03T00:50:28Z","2026","4","HOU","QB","C.J. Stroud","00-0039163","","nflverse schedule",""
"2026-10-03T00:50:28Z","2026","4","DET","QB","Jared Goff","00-0033106","","nflverse schedule",""
"2026-10-03T00:50:28Z","2026","4","CIN","QB","Joe Burrow","00-0036442","","nflverse schedule",""
"2026-10-03T00:50:28Z","2026","4","SF","QB","Brock Purdy","00-0037834","","nflverse schedule",""
"2026-10-03T00:50:28Z","2026","4","CHI","QB","Case Keenum","00-0028986","","nflverse schedule",""
"2026-10-03T00:50:28Z","2026","4","LA","QB","Matthew Stafford","00-0026498","","nflverse schedule",""
"2026-10-03T00:50:28Z","2026","4","KC","QB","Patrick Mahomes","00-0033873","","nflverse schedule",""
"2026-10-03T00:50:28Z","2026","4","BAL","QB","Lamar Jackson","00-0034796","","nflverse schedule",""
"2026-10-03T00:50:28Z","2026","4","BUF","QB","Josh Allen","00-0034857","","nflverse schedule",""
"2026-10-03T00:51:11Z","2026","4","MIN","K","Will Reichard","00-0039404","","weekly run (status check only)",""
"2026-10-03T00:51:11Z","2026","4","DAL","K","Brandon Aubrey","00-0037692","","weekly run (status check only)",""
"2026-10-03T00:51:11Z","2026","4","HOU","K","Ka'imi Fairbairn","00-0032726","","weekly run (status check only)",""
"2026-10-03T00:51:11Z","2026","4","NO","K","Daniel Carlson","00-0034161","","weekly run (status check only)",""
"2026-10-03T00:51:11Z","2026","4","CIN","K","Evan McPherson","00-0036854","","weekly run (status check only)",""
"2026-10-03T00:51:11Z","2026","4","SEA","K","Jason Myers","00-0031492","","weekly run (status check only)",""
"2026-10-03T00:51:11Z","2026","4","KC","K","Harrison Butker","00-0033303","","weekly run (status check only)",""
"2026-10-03T00:51:11Z","2026","4","BAL","K","Tyler Loop","00-0040074","","weekly run (status check only)",""
"2026-10-03T00:51:11Z","2026","4","SF","K","Eddy Pineiro","00-0034173","","weekly run (status check only)",""
"2026-10-03T00:51:11Z","2026","4","DET","K","Jake Bates","00-0039172","","weekly run (status check only)",""
"2026-10-03T00:51:11Z","2026","4","IND","K","Spencer Shrader","00-0039576","","weekly run (status check only)",""
"2026-10-03T00:51:11Z","2026","4","BUF","K","Tyler Bass","00-0036162","","weekly run (status check only)",""
"2026-10-03T00:51:11Z","2026","4","ATL","K","Nick Folk","00-0025565","","weekly run (status check only)",""
"2026-10-03T00:51:11Z","2026","4","JAX","K","Cam Little","00-0039409","","weekly run (status check only)",""
"2026-10-03T00:51:11Z","2026","4","TB","K","Chase McLaughlin","00-0035358","","weekly run (status check only)",""
"2026-10-03T00:51:11Z","2026","4","LV","K","Matt Gay","00-0035269","","weekly run (status check only)",""
"2026-10-03T00:51:11Z","2026","4","ARI","K","Chad Ryland","00-0038567","","weekly run (status check only)",""
"2026-10-03T00:51:11Z","2026","4","CHI","K","Cairo Santos","00-0031203","","weekly run (status check only)",""
"2026-10-03T00:51:11Z","2026","4","LA","K","Harrison Mevis","00-0039498","","weekly run (status check only)",""
"2026-10-03T00:51:11Z","2026","4","DEN","K","Wil Lutz","00-0032569","","weekly run (status check only)",""
"2026-10-03T00:51:11Z","2026","4","LAC","K","Cameron Dicker","00-0037224","","weekly run (status check only)",""
"2026-10-03T00:51:11Z","2026","4","NYJ","K","Jason Sanders","00-0034794","","weekly run (status check only)",""
"2026-10-03T00:51:11Z","2026","4","PHI","K","Jake Elliott","00-0033787","","weekly run (status check only)",""
"2026-10-03T00:51:11Z","2026","4","CAR","K","Ryan Fitzgerald","00-0040279","","weekly run (status check only)",""
"2026-10-03T00:51:11Z","2026","4","GB","K","Trey Smack","00-0040899","","weekly run (status check only)",""
"2026-10-03T00:51:11Z","2026","4","NYG","K","Dominic Zvada","00-0041145","","weekly run (status check only)",""
"2026-10-03T00:51:11Z","2026","4","WAS","K","Drew Stevens","00-0041182","","weekly run (status check only)",""
"2026-10-03T00:51:11Z","2026","4","MIA","K","Riley Patterson","00-0036816","","weekly run (status check only)",""
"2026-10-03T00:51:11Z","2026","4","NE","K","Andy Borregales","00-0040200","","weekly run (status check only)",""
"2026-10-03T00:51:11Z","2026","4","TEN","K","Joey Slye","00-0035192","","weekly run (status check only)",""
"2026-10-03T17:44:30Z","2026","4","MIA","QB","Malik Willis","00-0038128","","nflverse schedule",""
"2026-10-03T17:44:30Z","2026","4","LAC","QB","Justin Herbert","00-0036355","","nflverse schedule",""
"2026-10-03T17:44:30Z","2026","4","TEN","QB","Cam Ward","00-0040676","","nflverse schedule",""
"2026-10-03T17:44:30Z","2026","4","NYJ","QB","Geno Smith","00-0030565","","nflverse schedule",""
"2026-10-03T17:44:30Z","2026","4","TB","QB","Jalon Daniels","00-0041251","","nflverse schedule",""
"2026-10-03T17:44:30Z","2026","4","LV","QB","Kirk Cousins","00-0029604","","nflverse schedule",""
"2026-10-03T17:44:30Z","2026","4","NE","QB","Drake Maye","00-0039851","","nflverse schedule",""
"2026-10-03T17:44:30Z","2026","4","PHI","QB","Jalen Hurts","00-0036389","","nflverse schedule",""
"2026-10-03T17:44:30Z","2026","4","GB","QB","Jordan Love","00-0036264","","nflverse schedule",""
"2026-10-03T17:44:30Z","2026","4","ARI","QB","Jacoby Brissett","00-0033119","","nflverse schedule",""
"2026-10-03T17:44:30Z","2026","4","SEA","QB","Sam Darnold","00-0034869","","Sleeper + Ourlads depth charts agree (schedule differs)","Schedule: Drew Lock"
"2026-10-03T17:44:30Z","2026","4","WAS","QB","Marcus Mariota","00-0032268","","nflverse schedule",""
"2026-10-03T17:44:30Z","2026","4","ATL","QB","Michael Penix Jr.","00-0039917","","nflverse schedule",""
"2026-10-03T17:44:30Z","2026","4","NYG","QB","Jameis Winston","00-0031503","","nflverse schedule",""
"2026-10-03T17:44:30Z","2026","4","DEN","QB","Bo Nix","00-0039732","","nflverse schedule",""
"2026-10-03T17:44:30Z","2026","4","DAL","QB","Dak Prescott","00-0033077","","nflverse schedule",""
"2026-10-03T17:44:30Z","2026","4","CAR","QB","Bryce Young","00-0039150","","nflverse schedule",""
"2026-10-03T17:44:30Z","2026","4","NO","QB","Tyler Shough","00-0040743","","nflverse schedule",""
"2026-10-03T17:44:30Z","2026","4","IND","QB","Daniel Jones","00-0035710","","nflverse schedule",""
"2026-10-03T17:44:30Z","2026","4","MIN","QB","Kyler Murray","00-0035228","","nflverse schedule",""
"2026-10-03T17:44:30Z","2026","4","JAX","QB","Trevor Lawrence","00-0036971","","nflverse schedule",""
"2026-10-03T17:44:30Z","2026","4","HOU","QB","C.J. Stroud","00-0039163","","nflverse schedule",""
"2026-10-03T17:44:30Z","2026","4","DET","QB","Jared Goff","00-0033106","","nflverse schedule",""
"2026-10-03T17:44:30Z","2026","4","CIN","QB","Joe Burrow","00-0036442","","nflverse schedule",""
"2026-10-03T17:44:30Z","2026","4","SF","QB","Brock Purdy","00-0037834","","nflverse schedule",""
"2026-10-03T17:44:30Z","2026","4","CHI","QB","Case Keenum","00-0028986","","nflverse schedule","Sleeper: Tyson Bagent"
"2026-10-03T17:44:30Z","2026","4","LA","QB","Matthew Stafford","00-0026498","","nflverse schedule",""
"2026-10-03T17:44:30Z","2026","4","KC","QB","Patrick Mahomes","00-0033873","","nflverse schedule",""
"2026-10-03T17:44:30Z","2026","4","BAL","QB","Lamar Jackson","00-0034796","","nflverse schedule",""
"2026-10-03T17:44:30Z","2026","4","BUF","QB","Josh Allen","00-0034857","","nflverse schedule",""
"2026-10-03T17:45:01Z","2026","4","MIN","K","Will Reichard","00-0039404","","weekly run (status check only)",""
"2026-10-03T17:45:01Z","2026","4","DAL","K","Brandon Aubrey","00-0037692","","weekly run (status check only)",""
"2026-10-03T17:45:01Z","2026","4","HOU","K","Ka'imi Fairbairn","00-0032726","","weekly run (status check only)",""
"2026-10-03T17:45:01Z","2026","4","NO","K","Daniel Carlson","00-0034161","","weekly run (status check only)",""
"2026-10-03T17:45:01Z","2026","4","CIN","K","Evan McPherson","00-0036854","","weekly run (status check only)",""
"2026-10-03T17:45:01Z","2026","4","SEA","K","Jason Myers","00-0031492","","weekly run (status check only)",""
"2026-10-03T17:45:01Z","2026","4","KC","K","Harrison Butker","00-0033303","","weekly run (status check only)",""
"2026-10-03T17:45:01Z","2026","4","BAL","K","Tyler Loop","00-0040074","","weekly run (status check only)",""
"2026-10-03T17:45:01Z","2026","4","SF","K","Eddy Pineiro","00-0034173","","weekly run (status check only)",""
"2026-10-03T17:45:01Z","2026","4","DET","K","Jake Bates","00-0039172","","weekly run (status check only)",""
"2026-10-03T17:45:01Z","2026","4","IND","K","Spencer Shrader","00-0039576","","weekly run (status check only)",""
"2026-10-03T17:45:01Z","2026","4","BUF","K","Tyler Bass","00-0036162","","weekly run (status check only)",""
"2026-10-03T17:45:01Z","2026","4","ATL","K","Nick Folk","00-0025565","","weekly run (status check only)",""
"2026-10-03T17:45:01Z","2026","4","JAX","K","Cam Little","00-0039409","","weekly run (status check only)",""
"2026-10-03T17:45:01Z","2026","4","TB","K","Chase McLaughlin","00-0035358","","weekly run (status check only)",""
"2026-10-03T17:45:01Z","2026","4","LV","K","Matt Gay","00-0035269","","weekly run (status check only)",""
"2026-10-03T17:45:01Z","2026","4","ARI","K","Chad Ryland","00-0038567","","weekly run (status check only)",""
"2026-10-03T17:45:01Z","2026","4","CHI","K","Cairo Santos","00-0031203","","weekly run (status check only)",""
"2026-10-03T17:45:01Z","2026","4","LA","K","Harrison Mevis","00-0039498","","weekly run (status check only)",""
"2026-10-03T17:45:01Z","2026","4","DEN","K","Wil Lutz","00-0032569","","weekly run (status check only)",""
"2026-10-03T17:45:01Z","2026","4","LAC","K","Cameron Dicker","00-0037224","","weekly run (status check only)",""
"2026-10-03T17:45:01Z","2026","4","NYJ","K","Jason Sanders","00-0034794","","weekly run (status check only)",""
"2026-10-03T17:45:01Z","2026","4","PHI","K","Jake Elliott","00-0033787","","weekly run (status check only)",""
"2026-10-03T17:45:01Z","2026","4","CAR","K","Ryan Fitzgerald","00-0040279","","weekly run (status check only)",""
"2026-10-03T17:45:01Z","2026","4","GB","K","Trey Smack","00-0040899","","weekly run (status check only)",""
"2026-10-03T17:45:01Z","2026","4","NYG","K","Dominic Zvada","00-0041145","","weekly run (status check only)",""
"2026-10-03T17:45:01Z","2026","4","WAS","K","Drew Stevens","00-0041182","","weekly run (status check only)",""
"2026-10-03T17:45:01Z","2026","4","MIA","K","Riley Patterson","00-0036816","","weekly run (status check only)",""
"2026-10-03T17:45:01Z","2026","4","NE","K","Andy Borregales","00-0040200","","weekly run (status check only)",""
"2026-10-03T17:45:01Z","2026","4","TEN","K","Joey Slye","00-0035192","","weekly run (status check only)",""
"2026-10-03T20:55:54Z","2026","4","MIA","QB","Malik Willis","00-0038128","","nflverse schedule",""
"2026-10-03T20:55:54Z","2026","4","LAC","QB","Justin Herbert","00-0036355","","nflverse schedule",""
"2026-10-03T20:55:54Z","2026","4","TB","QB","Jalon Daniels","00-0041251","","nflverse schedule",""
"2026-10-03T20:55:54Z","2026","4","TEN","QB","Cam Ward","00-0040676","","nflverse schedule",""
"2026-10-03T20:55:54Z","2026","4","NYJ","QB","Geno Smith","00-0030565","","nflverse schedule",""
"2026-10-03T20:55:54Z","2026","4","LV","QB","Kirk Cousins","00-0029604","","nflverse schedule",""
"2026-10-03T20:55:54Z","2026","4","PHI","QB","Jalen Hurts","00-0036389","","nflverse schedule",""
"2026-10-03T20:55:54Z","2026","4","NE","QB","Drake Maye","00-0039851","","nflverse schedule",""
"2026-10-03T20:55:54Z","2026","4","GB","QB","Jordan Love","00-0036264","","nflverse schedule",""
"2026-10-03T20:55:54Z","2026","4","WAS","QB","Marcus Mariota","00-0032268","","nflverse schedule",""
"2026-10-03T20:55:54Z","2026","4","SEA","QB","Sam Darnold","00-0034869","","Sleeper + Ourlads depth charts agree (schedule differs)","Schedule: Drew Lock"
"2026-10-03T20:55:54Z","2026","4","ATL","QB","Michael Penix Jr.","00-0039917","","nflverse schedule",""
"2026-10-03T20:55:54Z","2026","4","NYG","QB","Jameis Winston","00-0031503","","nflverse schedule",""
"2026-10-03T20:55:54Z","2026","4","ARI","QB","Jacoby Brissett","00-0033119","","nflverse schedule",""
"2026-10-03T20:55:54Z","2026","4","IND","QB","Daniel Jones","00-0035710","","nflverse schedule",""
"2026-10-03T20:55:54Z","2026","4","MIN","QB","Kyler Murray","00-0035228","","nflverse schedule",""
"2026-10-03T20:55:54Z","2026","4","CAR","QB","Bryce Young","00-0039150","","nflverse schedule",""
"2026-10-03T20:55:54Z","2026","4","NO","QB","Tyler Shough","00-0040743","","nflverse schedule",""
"2026-10-03T20:55:54Z","2026","4","DEN","QB","Bo Nix","00-0039732","","nflverse schedule",""
"2026-10-03T20:55:54Z","2026","4","JAX","QB","Trevor Lawrence","00-0036971","","nflverse schedule",""
"2026-10-03T20:55:54Z","2026","4","DET","QB","Jared Goff","00-0033106","","nflverse schedule",""
"2026-10-03T20:55:54Z","2026","4","DAL","QB","Dak Prescott","00-0033077","","nflverse schedule",""
"2026-10-03T20:55:54Z","2026","4","CIN","QB","Joe Burrow","00-0036442","","nflverse schedule",""
"2026-10-03T20:55:54Z","2026","4","SF","QB","Brock Purdy","00-0037834","","nflverse schedule",""
"2026-10-03T20:55:54Z","2026","4","CHI","QB","Case Keenum","00-0028986","","nflverse schedule","Sleeper: Tyson Bagent"
"2026-10-03T20:55:54Z","2026","4","HOU","QB","C.J. Stroud","00-0039163","","nflverse schedule",""
"2026-10-03T20:55:54Z","2026","4","LA","QB","Matthew Stafford","00-0026498","","nflverse schedule",""
"2026-10-03T20:55:54Z","2026","4","KC","QB","Patrick Mahomes","00-0033873","","nflverse schedule",""
"2026-10-03T20:55:54Z","2026","4","BAL","QB","Lamar Jackson","00-0034796","","nflverse schedule",""
"2026-10-03T20:55:54Z","2026","4","BUF","QB","Josh Allen","00-0034857","","nflverse schedule",""
"2026-10-03T20:56:27Z","2026","4","MIN","K","Will Reichard","00-0039404","","weekly run (status check only)",""
"2026-10-03T20:56:27Z","2026","4","DAL","K","Brandon Aubrey","00-0037692","","weekly run (status check only)",""
"2026-10-03T20:56:27Z","2026","4","HOU","K","Ka'imi Fairbairn","00-0032726","","weekly run (status check only)",""
"2026-10-03T20:56:27Z","2026","4","SEA","K","Jason Myers","00-0031492","","weekly run (status check only)",""
"2026-10-03T20:56:27Z","2026","4","NO","K","Daniel Carlson","00-0034161","","weekly run (status check only)",""
"2026-10-03T20:56:27Z","2026","4","CIN","K","Evan McPherson","00-0036854","","weekly run (status check only)",""
"2026-10-03T20:56:27Z","2026","4","KC","K","Harrison Butker","00-0033303","","weekly run (status check only)",""
"2026-10-03T20:56:27Z","2026","4","BAL","K","Tyler Loop","00-0040074","","weekly run (status check only)",""
"2026-10-03T20:56:27Z","2026","4","IND","K","Spencer Shrader","00-0039576","","weekly run (status check only)",""
"2026-10-03T20:56:27Z","2026","4","DET","K","Jake Bates","00-0039172","","weekly run (status check only)",""
"2026-10-03T20:56:27Z","2026","4","SF","K","Eddy Pineiro","00-0034173","","weekly run (status check only)",""
"2026-10-03T20:56:27Z","2026","4","TB","K","Chase McLaughlin","00-0035358","","weekly run (status check only)",""
"2026-10-03T20:56:27Z","2026","4","ATL","K","Nick Folk","00-0025565","","weekly run (status check only)",""
"2026-10-03T20:56:27Z","2026","4","JAX","K","Cam Little","00-0039409","","weekly run (status check only)",""
"2026-10-03T20:56:27Z","2026","4","BUF","K","Tyler Bass","00-0036162","","weekly run (status check only)",""
"2026-10-03T20:56:27Z","2026","4","ARI","K","Chad Ryland","00-0038567","","weekly run (status check only)",""
"2026-10-03T20:56:27Z","2026","4","LV","K","Matt Gay","00-0035269","","weekly run (status check only)",""
"2026-10-03T20:56:27Z","2026","4","CHI","K","Cairo Santos","00-0031203","","weekly run (status check only)",""
"2026-10-03T20:56:27Z","2026","4","LA","K","Harrison Mevis","00-0039498","","weekly run (status check only)",""
"2026-10-03T20:56:27Z","2026","4","DEN","K","Wil Lutz","00-0032569","","weekly run (status check only)",""
"2026-10-03T20:56:27Z","2026","4","LAC","K","Cameron Dicker","00-0037224","","weekly run (status check only)",""
"2026-10-03T20:56:27Z","2026","4","NYJ","K","Jason Sanders","00-0034794","","weekly run (status check only)",""
"2026-10-03T20:56:27Z","2026","4","CAR","K","Ryan Fitzgerald","00-0040279","","weekly run (status check only)",""
"2026-10-03T20:56:27Z","2026","4","GB","K","Trey Smack","00-0040899","","weekly run (status check only)",""
"2026-10-03T20:56:27Z","2026","4","PHI","K","Jake Elliott","00-0033787","","weekly run (status check only)",""
"2026-10-03T20:56:27Z","2026","4","NYG","K","Dominic Zvada","00-0041145","","weekly run (status check only)",""
"2026-10-03T20:56:27Z","2026","4","WAS","K","Drew Stevens","00-0041182","","weekly run (status check only)",""
"2026-10-03T20:56:27Z","2026","4","MIA","K","Riley Patterson","00-0036816","","weekly run (status check only)",""
"2026-10-03T20:56:27Z","2026","4","TEN","K","Joey Slye","00-0035192","","weekly run (status check only)",""
"2026-10-03T20:56:27Z","2026","4","NE","K","Andy Borregales","00-0040200","","weekly run (status check only)",""
"2026-10-04T00:15:51Z","2026","4","MIA","QB","Malik Willis","00-0038128","","nflverse schedule",""
"2026-10-04T00:15:51Z","2026","4","LAC","QB","Justin Herbert","00-0036355","","nflverse schedule",""
"2026-10-04T00:15:51Z","2026","4","TB","QB","Jalon Daniels","00-0041251","","nflverse schedule",""
"2026-10-04T00:15:51Z","2026","4","TEN","QB","Cam Ward","00-0040676","","nflverse schedule",""
"2026-10-04T00:15:51Z","2026","4","NYJ","QB","Geno Smith","00-0030565","","nflverse schedule",""
"2026-10-04T00:15:51Z","2026","4","LV","QB","Kirk Cousins","00-0029604","","nflverse schedule",""
"2026-10-04T00:15:51Z","2026","4","PHI","QB","Jalen Hurts","00-0036389","","nflverse schedule",""
"2026-10-04T00:15:51Z","2026","4","NE","QB","Drake Maye","00-0039851","","nflverse schedule",""
"2026-10-04T00:15:51Z","2026","4","GB","QB","Jordan Love","00-0036264","","nflverse schedule",""
"2026-10-04T00:15:51Z","2026","4","WAS","QB","Marcus Mariota","00-0032268","","nflverse schedule",""
"2026-10-04T00:15:51Z","2026","4","SEA","QB","Sam Darnold","00-0034869","","Sleeper + Ourlads depth charts agree (schedule differs)","Schedule: Drew Lock"
"2026-10-04T00:15:51Z","2026","4","ATL","QB","Michael Penix Jr.","00-0039917","","nflverse schedule",""
"2026-10-04T00:15:51Z","2026","4","NYG","QB","Jameis Winston","00-0031503","","nflverse schedule",""
"2026-10-04T00:15:51Z","2026","4","ARI","QB","Jacoby Brissett","00-0033119","","nflverse schedule",""
"2026-10-04T00:15:51Z","2026","4","IND","QB","Daniel Jones","00-0035710","","nflverse schedule",""
"2026-10-04T00:15:51Z","2026","4","MIN","QB","Kyler Murray","00-0035228","","nflverse schedule",""
"2026-10-04T00:15:51Z","2026","4","CAR","QB","Bryce Young","00-0039150","","nflverse schedule",""
"2026-10-04T00:15:51Z","2026","4","NO","QB","Tyler Shough","00-0040743","","nflverse schedule",""
"2026-10-04T00:15:51Z","2026","4","DEN","QB","Bo Nix","00-0039732","","nflverse schedule",""
"2026-10-04T00:15:51Z","2026","4","JAX","QB","Trevor Lawrence","00-0036971","","nflverse schedule",""
"2026-10-04T00:15:51Z","2026","4","DET","QB","Jared Goff","00-0033106","","nflverse schedule",""
"2026-10-04T00:15:51Z","2026","4","DAL","QB","Dak Prescott","00-0033077","","nflverse schedule",""
"2026-10-04T00:15:51Z","2026","4","CIN","QB","Joe Burrow","00-0036442","","nflverse schedule",""
"2026-10-04T00:15:51Z","2026","4","SF","QB","Brock Purdy","00-0037834","","nflverse schedule",""
"2026-10-04T00:15:51Z","2026","4","CHI","QB","Tyson Bagent","00-0038416","","Sleeper + Ourlads depth charts agree (schedule differs)","Schedule: Case Keenum"
"2026-10-04T00:15:51Z","2026","4","HOU","QB","C.J. Stroud","00-0039163","","nflverse schedule",""
"2026-10-04T00:15:51Z","2026","4","LA","QB","Matthew Stafford","00-0026498","","nflverse schedule",""
"2026-10-04T00:15:51Z","2026","4","KC","QB","Patrick Mahomes","00-0033873","","nflverse schedule",""
"2026-10-04T00:15:51Z","2026","4","BAL","QB","Lamar Jackson","00-0034796","","nflverse schedule",""
"2026-10-04T00:15:51Z","2026","4","BUF","QB","Josh Allen","00-0034857","","nflverse schedule",""
"2026-10-04T00:16:34Z","2026","4","MIN","K","Will Reichard","00-0039404","","weekly run (status check only)",""
"2026-10-04T00:16:34Z","2026","4","DAL","K","Brandon Aubrey","00-0037692","","weekly run (status check only)",""
"2026-10-04T00:16:34Z","2026","4","HOU","K","Ka'imi Fairbairn","00-0032726","","weekly run (status check only)",""
"2026-10-04T00:16:34Z","2026","4","SEA","K","Jason Myers","00-0031492","","weekly run (status check only)",""
"2026-10-04T00:16:34Z","2026","4","NO","K","Daniel Carlson","00-0034161","","weekly run (status check only)",""
"2026-10-04T00:16:34Z","2026","4","CIN","K","Evan McPherson","00-0036854","","weekly run (status check only)",""
"2026-10-04T00:16:34Z","2026","4","KC","K","Harrison Butker","00-0033303","","weekly run (status check only)",""
"2026-10-04T00:16:34Z","2026","4","BAL","K","Tyler Loop","00-0040074","","weekly run (status check only)",""
"2026-10-04T00:16:34Z","2026","4","IND","K","Spencer Shrader","00-0039576","","weekly run (status check only)",""
"2026-10-04T00:16:34Z","2026","4","DET","K","Jake Bates","00-0039172","","weekly run (status check only)",""
"2026-10-04T00:16:34Z","2026","4","SF","K","Eddy Pineiro","00-0034173","","weekly run (status check only)",""
"2026-10-04T00:16:34Z","2026","4","TB","K","Chase McLaughlin","00-0035358","","weekly run (status check only)",""
"2026-10-04T00:16:34Z","2026","4","ATL","K","Nick Folk","00-0025565","","weekly run (status check only)",""
"2026-10-04T00:16:34Z","2026","4","JAX","K","Cam Little","00-0039409","","weekly run (status check only)",""
"2026-10-04T00:16:34Z","2026","4","BUF","K","Tyler Bass","00-0036162","","weekly run (status check only)",""
"2026-10-04T00:16:34Z","2026","4","ARI","K","Chad Ryland","00-0038567","","weekly run (status check only)",""
"2026-10-04T00:16:34Z","2026","4","LV","K","Matt Gay","00-0035269","","weekly run (status check only)",""
"2026-10-04T00:16:34Z","2026","4","CHI","K","Cairo Santos","00-0031203","","weekly run (status check only)",""
"2026-10-04T00:16:34Z","2026","4","LA","K","Harrison Mevis","00-0039498","","weekly run (status check only)",""
"2026-10-04T00:16:34Z","2026","4","DEN","K","Wil Lutz","00-0032569","","weekly run (status check only)",""
"2026-10-04T00:16:34Z","2026","4","LAC","K","Cameron Dicker","00-0037224","","weekly run (status check only)",""
"2026-10-04T00:16:34Z","2026","4","NYJ","K","Jason Sanders","00-0034794","","weekly run (status check only)",""
"2026-10-04T00:16:34Z","2026","4","CAR","K","Ryan Fitzgerald","00-0040279","","weekly run (status check only)",""
"2026-10-04T00:16:34Z","2026","4","GB","K","Trey Smack","00-0040899","","weekly run (status check only)",""
"2026-10-04T00:16:34Z","2026","4","PHI","K","Jake Elliott","00-0033787","","weekly run (status check only)",""
"2026-10-04T00:16:34Z","2026","4","NYG","K","Dominic Zvada","00-0041145","","weekly run (status check only)",""
"2026-10-04T00:16:34Z","2026","4","WAS","K","Drew Stevens","00-0041182","","weekly run (status check only)",""
"2026-10-04T00:16:34Z","2026","4","MIA","K","Riley Patterson","00-0036816","","weekly run (status check only)",""
"2026-10-04T00:16:34Z","2026","4","TEN","K","Joey Slye","00-0035192","","weekly run (status check only)",""
"2026-10-04T00:16:34Z","2026","4","NE","K","Andy Borregales","00-0040200","","weekly run (status check only)",""
"2026-10-04T01:23:09Z","2026","4","MIA","QB","Malik Willis","00-0038128","","nflverse schedule",""
"2026-10-04T01:23:09Z","2026","4","LAC","QB","Justin Herbert","00-0036355","","nflverse schedule",""
"2026-10-04T01:23:09Z","2026","4","TB","QB","Jalon Daniels","00-0041251","","nflverse schedule",""
"2026-10-04T01:23:09Z","2026","4","TEN","QB","Cam Ward","00-0040676","","nflverse schedule",""
"2026-10-04T01:23:09Z","2026","4","NYJ","QB","Geno Smith","00-0030565","","nflverse schedule",""
"2026-10-04T01:23:09Z","2026","4","LV","QB","Kirk Cousins","00-0029604","","nflverse schedule",""
"2026-10-04T01:23:09Z","2026","4","PHI","QB","Jalen Hurts","00-0036389","","nflverse schedule",""
"2026-10-04T01:23:09Z","2026","4","NE","QB","Drake Maye","00-0039851","","nflverse schedule",""
"2026-10-04T01:23:09Z","2026","4","GB","QB","Jordan Love","00-0036264","","nflverse schedule",""
"2026-10-04T01:23:09Z","2026","4","WAS","QB","Marcus Mariota","00-0032268","","nflverse schedule",""
"2026-10-04T01:23:09Z","2026","4","SEA","QB","Sam Darnold","00-0034869","","Sleeper + Ourlads depth charts agree (schedule differs)","Schedule: Drew Lock"
"2026-10-04T01:23:09Z","2026","4","ATL","QB","Michael Penix Jr.","00-0039917","","nflverse schedule",""
"2026-10-04T01:23:09Z","2026","4","NYG","QB","Jameis Winston","00-0031503","","nflverse schedule",""
"2026-10-04T01:23:09Z","2026","4","ARI","QB","Jacoby Brissett","00-0033119","","nflverse schedule",""
"2026-10-04T01:23:09Z","2026","4","IND","QB","Daniel Jones","00-0035710","","nflverse schedule",""
"2026-10-04T01:23:09Z","2026","4","MIN","QB","Kyler Murray","00-0035228","","nflverse schedule",""
"2026-10-04T01:23:09Z","2026","4","DEN","QB","Bo Nix","00-0039732","","nflverse schedule",""
"2026-10-04T01:23:09Z","2026","4","NO","QB","Tyler Shough","00-0040743","","nflverse schedule",""
"2026-10-04T01:23:09Z","2026","4","CAR","QB","Bryce Young","00-0039150","","nflverse schedule",""
"2026-10-04T01:23:09Z","2026","4","JAX","QB","Trevor Lawrence","00-0036971","","nflverse schedule",""
"2026-10-04T01:23:09Z","2026","4","DAL","QB","Dak Prescott","00-0033077","","nflverse schedule",""
"2026-10-04T01:23:09Z","2026","4","DET","QB","Jared Goff","00-0033106","","nflverse schedule",""
"2026-10-04T01:23:09Z","2026","4","CIN","QB","Joe Burrow","00-0036442","","nflverse schedule",""
"2026-10-04T01:23:09Z","2026","4","SF","QB","Brock Purdy","00-0037834","","nflverse schedule",""
"2026-10-04T01:23:09Z","2026","4","CHI","QB","Tyson Bagent","00-0038416","","Sleeper + Ourlads depth charts agree (schedule differs)","Schedule: Case Keenum"
"2026-10-04T01:23:09Z","2026","4","HOU","QB","C.J. Stroud","00-0039163","","nflverse schedule",""
"2026-10-04T01:23:09Z","2026","4","LA","QB","Matthew Stafford","00-0026498","","nflverse schedule",""
"2026-10-04T01:23:09Z","2026","4","KC","QB","Patrick Mahomes","00-0033873","","nflverse schedule",""
"2026-10-04T01:23:09Z","2026","4","BAL","QB","Lamar Jackson","00-0034796","","nflverse schedule",""
"2026-10-04T01:23:09Z","2026","4","BUF","QB","Josh Allen","00-0034857","","nflverse schedule",""
"2026-10-04T01:23:43Z","2026","4","MIN","K","Will Reichard","00-0039404","","weekly run (status check only)",""
"2026-10-04T01:23:43Z","2026","4","DAL","K","Brandon Aubrey","00-0037692","","weekly run (status check only)",""
"2026-10-04T01:23:43Z","2026","4","HOU","K","Ka'imi Fairbairn","00-0032726","","weekly run (status check only)",""
"2026-10-04T01:23:43Z","2026","4","SEA","K","Jason Myers","00-0031492","","weekly run (status check only)",""
"2026-10-04T01:23:43Z","2026","4","NO","K","Daniel Carlson","00-0034161","","weekly run (status check only)",""
"2026-10-04T01:23:43Z","2026","4","CIN","K","Evan McPherson","00-0036854","","weekly run (status check only)",""
"2026-10-04T01:23:43Z","2026","4","KC","K","Harrison Butker","00-0033303","","weekly run (status check only)",""
"2026-10-04T01:23:43Z","2026","4","BAL","K","Tyler Loop","00-0040074","","weekly run (status check only)",""
"2026-10-04T01:23:43Z","2026","4","IND","K","Spencer Shrader","00-0039576","","weekly run (status check only)",""
"2026-10-04T01:23:43Z","2026","4","DET","K","Jake Bates","00-0039172","","weekly run (status check only)",""
"2026-10-04T01:23:43Z","2026","4","SF","K","Eddy Pineiro","00-0034173","","weekly run (status check only)",""
"2026-10-04T01:23:43Z","2026","4","ATL","K","Nick Folk","00-0025565","","weekly run (status check only)",""
"2026-10-04T01:23:43Z","2026","4","TB","K","Chase McLaughlin","00-0035358","","weekly run (status check only)",""
"2026-10-04T01:23:43Z","2026","4","BUF","K","Tyler Bass","00-0036162","","weekly run (status check only)",""
"2026-10-04T01:23:43Z","2026","4","JAX","K","Cam Little","00-0039409","","weekly run (status check only)",""
"2026-10-04T01:23:43Z","2026","4","ARI","K","Chad Ryland","00-0038567","","weekly run (status check only)",""
"2026-10-04T01:23:43Z","2026","4","LV","K","Matt Gay","00-0035269","","weekly run (status check only)",""
"2026-10-04T01:23:43Z","2026","4","LA","K","Harrison Mevis","00-0039498","","weekly run (status check only)",""
"2026-10-04T01:23:43Z","2026","4","CHI","K","Cairo Santos","00-0031203","","weekly run (status check only)",""
"2026-10-04T01:23:43Z","2026","4","LAC","K","Cameron Dicker","00-0037224","","weekly run (status check only)",""
"2026-10-04T01:23:43Z","2026","4","DEN","K","Wil Lutz","00-0032569","","weekly run (status check only)",""
"2026-10-04T01:23:43Z","2026","4","CAR","K","Ryan Fitzgerald","00-0040279","","weekly run (status check only)",""
"2026-10-04T01:23:43Z","2026","4","NYJ","K","Jason Sanders","00-0034794","","weekly run (status check only)",""
"2026-10-04T01:23:43Z","2026","4","PHI","K","Jake Elliott","00-0033787","","weekly run (status check only)",""
"2026-10-04T01:23:43Z","2026","4","GB","K","Trey Smack","00-0040899","","weekly run (status check only)",""
"2026-10-04T01:23:43Z","2026","4","NYG","K","Dominic Zvada","00-0041145","","weekly run (status check only)",""
"2026-10-04T01:23:43Z","2026","4","WAS","K","Drew Stevens","00-0041182","","weekly run (status check only)",""
"2026-10-04T01:23:43Z","2026","4","MIA","K","Riley Patterson","00-0036816","","weekly run (status check only)",""
"2026-10-04T01:23:43Z","2026","4","NE","K","Andy Borregales","00-0040200","","weekly run (status check only)",""
"2026-10-04T01:23:43Z","2026","4","TEN","K","Joey Slye","00-0035192","","weekly run (status check only)",""
"2026-10-04T02:54:45Z","2026","4","MIA","QB","Malik Willis","00-0038128","","nflverse schedule",""
"2026-10-04T02:54:45Z","2026","4","LAC","QB","Justin Herbert","00-0036355","","nflverse schedule",""
"2026-10-04T02:54:45Z","2026","4","TB","QB","Jalon Daniels","00-0041251","","nflverse schedule",""
"2026-10-04T02:54:45Z","2026","4","TEN","QB","Cam Ward","00-0040676","","nflverse schedule",""
"2026-10-04T02:54:45Z","2026","4","NYJ","QB","Geno Smith","00-0030565","","nflverse schedule",""
"2026-10-04T02:54:45Z","2026","4","LV","QB","Kirk Cousins","00-0029604","","nflverse schedule",""
"2026-10-04T02:54:45Z","2026","4","PHI","QB","Jalen Hurts","00-0036389","","nflverse schedule",""
"2026-10-04T02:54:45Z","2026","4","NE","QB","Drake Maye","00-0039851","","nflverse schedule",""
"2026-10-04T02:54:45Z","2026","4","GB","QB","Jordan Love","00-0036264","","nflverse schedule",""
"2026-10-04T02:54:45Z","2026","4","WAS","QB","Marcus Mariota","00-0032268","","nflverse schedule",""
"2026-10-04T02:54:45Z","2026","4","SEA","QB","Sam Darnold","00-0034869","","Sleeper + Ourlads depth charts agree (schedule differs)","Schedule: Drew Lock"
"2026-10-04T02:54:45Z","2026","4","ATL","QB","Michael Penix Jr.","00-0039917","","nflverse schedule",""
"2026-10-04T02:54:45Z","2026","4","NYG","QB","Jameis Winston","00-0031503","","nflverse schedule",""
"2026-10-04T02:54:45Z","2026","4","ARI","QB","Jacoby Brissett","00-0033119","","nflverse schedule",""
"2026-10-04T02:54:45Z","2026","4","IND","QB","Daniel Jones","00-0035710","","nflverse schedule",""
"2026-10-04T02:54:45Z","2026","4","MIN","QB","Kyler Murray","00-0035228","","nflverse schedule",""
"2026-10-04T02:54:45Z","2026","4","DEN","QB","Bo Nix","00-0039732","","nflverse schedule",""
"2026-10-04T02:54:45Z","2026","4","NO","QB","Tyler Shough","00-0040743","","nflverse schedule",""
"2026-10-04T02:54:45Z","2026","4","CAR","QB","Bryce Young","00-0039150","","nflverse schedule",""
"2026-10-04T02:54:45Z","2026","4","JAX","QB","Trevor Lawrence","00-0036971","","nflverse schedule",""
"2026-10-04T02:54:45Z","2026","4","DAL","QB","Dak Prescott","00-0033077","","nflverse schedule",""
"2026-10-04T02:54:45Z","2026","4","DET","QB","Jared Goff","00-0033106","","nflverse schedule",""
"2026-10-04T02:54:45Z","2026","4","CIN","QB","Joe Burrow","00-0036442","","nflverse schedule",""
"2026-10-04T02:54:45Z","2026","4","SF","QB","Brock Purdy","00-0037834","","nflverse schedule",""
"2026-10-04T02:54:45Z","2026","4","CHI","QB","Tyson Bagent","00-0038416","","Sleeper + Ourlads depth charts agree (schedule differs)","Schedule: Case Keenum"
"2026-10-04T02:54:45Z","2026","4","HOU","QB","C.J. Stroud","00-0039163","","nflverse schedule",""
"2026-10-04T02:54:45Z","2026","4","LA","QB","Matthew Stafford","00-0026498","","nflverse schedule",""
"2026-10-04T02:54:45Z","2026","4","KC","QB","Patrick Mahomes","00-0033873","","nflverse schedule",""
"2026-10-04T02:54:45Z","2026","4","BAL","QB","Lamar Jackson","00-0034796","","nflverse schedule",""
"2026-10-04T02:54:45Z","2026","4","BUF","QB","Josh Allen","00-0034857","","nflverse schedule",""
"2026-10-04T02:56:23Z","2026","4","MIN","K","Will Reichard","00-0039404","","weekly run (status check only)",""
"2026-10-04T02:56:23Z","2026","4","DAL","K","Brandon Aubrey","00-0037692","","weekly run (status check only)",""
"2026-10-04T02:56:23Z","2026","4","HOU","K","Ka'imi Fairbairn","00-0032726","","weekly run (status check only)",""
"2026-10-04T02:56:23Z","2026","4","SEA","K","Jason Myers","00-0031492","","weekly run (status check only)",""
"2026-10-04T02:56:23Z","2026","4","NO","K","Daniel Carlson","00-0034161","","weekly run (status check only)",""
"2026-10-04T02:56:23Z","2026","4","CIN","K","Evan McPherson","00-0036854","","weekly run (status check only)",""
"2026-10-04T02:56:23Z","2026","4","KC","K","Harrison Butker","00-0033303","","weekly run (status check only)",""
"2026-10-04T02:56:23Z","2026","4","BAL","K","Tyler Loop","00-0040074","","weekly run (status check only)",""
"2026-10-04T02:56:23Z","2026","4","IND","K","Spencer Shrader","00-0039576","","weekly run (status check only)",""
"2026-10-04T02:56:23Z","2026","4","DET","K","Jake Bates","00-0039172","","weekly run (status check only)",""
"2026-10-04T02:56:23Z","2026","4","SF","K","Eddy Pineiro","00-0034173","","weekly run (status check only)",""
"2026-10-04T02:56:23Z","2026","4","ATL","K","Nick Folk","00-0025565","","weekly run (status check only)",""
"2026-10-04T02:56:23Z","2026","4","TB","K","Chase McLaughlin","00-0035358","","weekly run (status check only)",""
"2026-10-04T02:56:23Z","2026","4","BUF","K","Tyler Bass","00-0036162","","weekly run (status check only)",""
"2026-10-04T02:56:23Z","2026","4","JAX","K","Cam Little","00-0039409","","weekly run (status check only)",""
"2026-10-04T02:56:23Z","2026","4","ARI","K","Chad Ryland","00-0038567","","weekly run (status check only)",""
"2026-10-04T02:56:23Z","2026","4","LV","K","Matt Gay","00-0035269","","weekly run (status check only)",""
"2026-10-04T02:56:23Z","2026","4","LA","K","Harrison Mevis","00-0039498","","weekly run (status check only)",""
"2026-10-04T02:56:23Z","2026","4","CHI","K","Cairo Santos","00-0031203","","weekly run (status check only)",""
"2026-10-04T02:56:23Z","2026","4","LAC","K","Cameron Dicker","00-0037224","","weekly run (status check only)",""
"2026-10-04T02:56:23Z","2026","4","DEN","K","Wil Lutz","00-0032569","","weekly run (status check only)",""
"2026-10-04T02:56:23Z","2026","4","CAR","K","Ryan Fitzgerald","00-0040279","","weekly run (status check only)",""
"2026-10-04T02:56:23Z","2026","4","NYJ","K","Jason Sanders","00-0034794","","weekly run (status check only)",""
"2026-10-04T02:56:23Z","2026","4","PHI","K","Jake Elliott","00-0033787","","weekly run (status check only)",""
"2026-10-04T02:56:23Z","2026","4","GB","K","Trey Smack","00-0040899","","weekly run (status check only)",""
"2026-10-04T02:56:23Z","2026","4","NYG","K","Dominic Zvada","00-0041145","","weekly run (status check only)",""
"2026-10-04T02:56:23Z","2026","4","WAS","K","Drew Stevens","00-0041182","","weekly run (status check only)",""
"2026-10-04T02:56:23Z","2026","4","MIA","K","Riley Patterson","00-0036816","","weekly run (status check only)",""
"2026-10-04T02:56:23Z","2026","4","NE","K","Andy Borregales","00-0040200","","weekly run (status check only)",""
"2026-10-04T02:56:23Z","2026","4","TEN","K","Joey Slye","00-0035192","","weekly run (status check only)",""
"2026-10-04T12:52:03Z","2026","4","MIA","QB","Malik Willis","00-0038128","","nflverse schedule",""
"2026-10-04T12:52:03Z","2026","4","LAC","QB","Justin Herbert","00-0036355","","nflverse schedule",""
"2026-10-04T12:52:03Z","2026","4","TB","QB","Jalon Daniels","00-0041251","","nflverse schedule",""
"2026-10-04T12:52:03Z","2026","4","TEN","QB","Cam Ward","00-0040676","","nflverse schedule",""
"2026-10-04T12:52:03Z","2026","4","NYJ","QB","Geno Smith","00-0030565","","nflverse schedule",""
"2026-10-04T12:52:03Z","2026","4","LV","QB","Kirk Cousins","00-0029604","","nflverse schedule",""
"2026-10-04T12:52:03Z","2026","4","PHI","QB","Jalen Hurts","00-0036389","","nflverse schedule",""
"2026-10-04T12:52:03Z","2026","4","NE","QB","Drake Maye","00-0039851","","nflverse schedule",""
"2026-10-04T12:52:03Z","2026","4","GB","QB","Jordan Love","00-0036264","","nflverse schedule",""
"2026-10-04T12:52:03Z","2026","4","WAS","QB","Marcus Mariota","00-0032268","","nflverse schedule",""
"2026-10-04T12:52:03Z","2026","4","SEA","QB","Sam Darnold","00-0034869","","Sleeper + Ourlads depth charts agree (schedule differs)","Schedule: Drew Lock"
"2026-10-04T12:52:03Z","2026","4","ATL","QB","Michael Penix Jr.","00-0039917","","nflverse schedule",""
"2026-10-04T12:52:03Z","2026","4","NYG","QB","Jameis Winston","00-0031503","","nflverse schedule",""
"2026-10-04T12:52:03Z","2026","4","ARI","QB","Jacoby Brissett","00-0033119","","nflverse schedule",""
"2026-10-04T12:52:03Z","2026","4","IND","QB","Daniel Jones","00-0035710","","nflverse schedule",""
"2026-10-04T12:52:03Z","2026","4","MIN","QB","Kyler Murray","00-0035228","","nflverse schedule",""
"2026-10-04T12:52:03Z","2026","4","DEN","QB","Bo Nix","00-0039732","","nflverse schedule",""
"2026-10-04T12:52:03Z","2026","4","NO","QB","Tyler Shough","00-0040743","","nflverse schedule",""
"2026-10-04T12:52:03Z","2026","4","CAR","QB","Bryce Young","00-0039150","","nflverse schedule",""
"2026-10-04T12:52:03Z","2026","4","JAX","QB","Trevor Lawrence","00-0036971","","nflverse schedule",""
"2026-10-04T12:52:03Z","2026","4","DAL","QB","Dak Prescott","00-0033077","","nflverse schedule",""
"2026-10-04T12:52:03Z","2026","4","DET","QB","Jared Goff","00-0033106","","nflverse schedule",""
"2026-10-04T12:52:03Z","2026","4","CIN","QB","Joe Burrow","00-0036442","","nflverse schedule",""
"2026-10-04T12:52:03Z","2026","4","SF","QB","Brock Purdy","00-0037834","","nflverse schedule",""
"2026-10-04T12:52:03Z","2026","4","CHI","QB","Tyson Bagent","00-0038416","","Sleeper + Ourlads depth charts agree (schedule differs)","Schedule: Case Keenum"
"2026-10-04T12:52:03Z","2026","4","HOU","QB","C.J. Stroud","00-0039163","","nflverse schedule",""
"2026-10-04T12:52:03Z","2026","4","LA","QB","Matthew Stafford","00-0026498","","nflverse schedule",""
"2026-10-04T12:52:03Z","2026","4","KC","QB","Patrick Mahomes","00-0033873","","nflverse schedule",""
"2026-10-04T12:52:03Z","2026","4","BAL","QB","Lamar Jackson","00-0034796","","nflverse schedule",""
"2026-10-04T12:52:03Z","2026","4","BUF","QB","Josh Allen","00-0034857","","nflverse schedule",""
"2026-10-04T12:52:36Z","2026","4","MIN","K","Will Reichard","00-0039404","","weekly run (status check only)",""
"2026-10-04T12:52:36Z","2026","4","DAL","K","Brandon Aubrey","00-0037692","","weekly run (status check only)",""
"2026-10-04T12:52:36Z","2026","4","HOU","K","Ka'imi Fairbairn","00-0032726","","weekly run (status check only)",""
"2026-10-04T12:52:36Z","2026","4","SEA","K","Jason Myers","00-0031492","","weekly run (status check only)",""
"2026-10-04T12:52:36Z","2026","4","NO","K","Daniel Carlson","00-0034161","","weekly run (status check only)",""
"2026-10-04T12:52:36Z","2026","4","CIN","K","Evan McPherson","00-0036854","","weekly run (status check only)",""
"2026-10-04T12:52:36Z","2026","4","KC","K","Harrison Butker","00-0033303","","weekly run (status check only)",""
"2026-10-04T12:52:36Z","2026","4","BAL","K","Tyler Loop","00-0040074","","weekly run (status check only)",""
"2026-10-04T12:52:36Z","2026","4","IND","K","Spencer Shrader","00-0039576","","weekly run (status check only)",""
"2026-10-04T12:52:36Z","2026","4","DET","K","Jake Bates","00-0039172","","weekly run (status check only)",""
"2026-10-04T12:52:36Z","2026","4","SF","K","Eddy Pineiro","00-0034173","","weekly run (status check only)",""
"2026-10-04T12:52:36Z","2026","4","ATL","K","Nick Folk","00-0025565","","weekly run (status check only)",""
"2026-10-04T12:52:36Z","2026","4","TB","K","Chase McLaughlin","00-0035358","","weekly run (status check only)",""
"2026-10-04T12:52:36Z","2026","4","BUF","K","Tyler Bass","00-0036162","","weekly run (status check only)",""
"2026-10-04T12:52:36Z","2026","4","JAX","K","Cam Little","00-0039409","","weekly run (status check only)",""
"2026-10-04T12:52:36Z","2026","4","ARI","K","Chad Ryland","00-0038567","","weekly run (status check only)",""
"2026-10-04T12:52:36Z","2026","4","LV","K","Matt Gay","00-0035269","","weekly run (status check only)",""
"2026-10-04T12:52:36Z","2026","4","LA","K","Harrison Mevis","00-0039498","","weekly run (status check only)",""
"2026-10-04T12:52:36Z","2026","4","CHI","K","Cairo Santos","00-0031203","","weekly run (status check only)",""
"2026-10-04T12:52:36Z","2026","4","LAC","K","Cameron Dicker","00-0037224","","weekly run (status check only)",""
"2026-10-04T12:52:36Z","2026","4","DEN","K","Wil Lutz","00-0032569","","weekly run (status check only)",""
"2026-10-04T12:52:36Z","2026","4","CAR","K","Ryan Fitzgerald","00-0040279","","weekly run (status check only)",""
"2026-10-04T12:52:36Z","2026","4","NYJ","K","Jason Sanders","00-0034794","","weekly run (status check only)",""
"2026-10-04T12:52:36Z","2026","4","PHI","K","Jake Elliott","00-0033787","","weekly run (status check only)",""
"2026-10-04T12:52:36Z","2026","4","GB","K","Trey Smack","00-0040899","","weekly run (status check only)",""
"2026-10-04T12:52:36Z","2026","4","NYG","K","Dominic Zvada","00-0041145","","weekly run (status check only)",""
"2026-10-04T12:52:36Z","2026","4","WAS","K","Drew Stevens","00-0041182","","weekly run (status check only)",""
"2026-10-04T12:52:36Z","2026","4","MIA","K","Riley Patterson","00-0036816","","weekly run (status check only)",""
"2026-10-04T12:52:36Z","2026","4","NE","K","Andy Borregales","00-0040200","","weekly run (status check only)",""
"2026-10-04T12:52:36Z","2026","4","TEN","K","Joey Slye","00-0035192","","weekly run (status check only)",""
"2026-10-04T16:02:42Z","2026","4","MIA","QB","Malik Willis","00-0038128","","nflverse schedule",""
"2026-10-04T16:02:42Z","2026","4","LAC","QB","Justin Herbert","00-0036355","","nflverse schedule",""
"2026-10-04T16:02:42Z","2026","4","TB","QB","Jalon Daniels","00-0041251","","nflverse schedule",""
"2026-10-04T16:02:42Z","2026","4","TEN","QB","Cam Ward","00-0040676","","nflverse schedule",""
"2026-10-04T16:02:42Z","2026","4","NYJ","QB","Geno Smith","00-0030565","","nflverse schedule",""
"2026-10-04T16:02:42Z","2026","4","LV","QB","Kirk Cousins","00-0029604","","nflverse schedule",""
"2026-10-04T16:02:42Z","2026","4","PHI","QB","Jalen Hurts","00-0036389","","nflverse schedule",""
"2026-10-04T16:02:42Z","2026","4","NE","QB","Drake Maye","00-0039851","","nflverse schedule",""
"2026-10-04T16:02:42Z","2026","4","GB","QB","Jordan Love","00-0036264","","nflverse schedule",""
"2026-10-04T16:02:42Z","2026","4","SEA","QB","Sam Darnold","00-0034869","","Sleeper + Ourlads depth charts agree (schedule differs)","Schedule: Drew Lock"
"2026-10-04T16:02:42Z","2026","4","ATL","QB","Michael Penix Jr.","00-0039917","","nflverse schedule",""
"2026-10-04T16:02:42Z","2026","4","NYG","QB","Jameis Winston","00-0031503","","nflverse schedule",""
"2026-10-04T16:02:42Z","2026","4","ARI","QB","Jacoby Brissett","00-0033119","","nflverse schedule",""
"2026-10-04T16:02:42Z","2026","4","MIN","QB","Kyler Murray","00-0035228","","nflverse schedule",""
"2026-10-04T16:02:42Z","2026","4","DEN","QB","Bo Nix","00-0039732","","nflverse schedule",""
"2026-10-04T16:02:42Z","2026","4","NO","QB","Tyler Shough","00-0040743","","nflverse schedule",""
"2026-10-04T16:02:42Z","2026","4","CAR","QB","Bryce Young","00-0039150","","nflverse schedule",""
"2026-10-04T16:02:42Z","2026","4","JAX","QB","Trevor Lawrence","00-0036971","","nflverse schedule",""
"2026-10-04T16:02:42Z","2026","4","DAL","QB","Dak Prescott","00-0033077","","nflverse schedule",""
"2026-10-04T16:02:42Z","2026","4","DET","QB","Jared Goff","00-0033106","","nflverse schedule",""
"2026-10-04T16:02:42Z","2026","4","CIN","QB","Joe Burrow","00-0036442","","nflverse schedule",""
"2026-10-04T16:02:42Z","2026","4","SF","QB","Brock Purdy","00-0037834","","nflverse schedule",""
"2026-10-04T16:02:42Z","2026","4","CHI","QB","Tyson Bagent","00-0038416","","Sleeper + Ourlads depth charts agree (schedule differs)","Schedule: Case Keenum"
"2026-10-04T16:02:42Z","2026","4","HOU","QB","C.J. Stroud","00-0039163","","nflverse schedule",""
"2026-10-04T16:02:42Z","2026","4","LA","QB","Matthew Stafford","00-0026498","","nflverse schedule",""
"2026-10-04T16:02:42Z","2026","4","KC","QB","Patrick Mahomes","00-0033873","","nflverse schedule",""
"2026-10-04T16:02:42Z","2026","4","BAL","QB","Lamar Jackson","00-0034796","","nflverse schedule",""
"2026-10-04T16:02:42Z","2026","4","BUF","QB","Josh Allen","00-0034857","","nflverse schedule",""
"2026-10-04T16:03:25Z","2026","4","MIN","K","Will Reichard","00-0039404","","weekly run (status check only)",""
"2026-10-04T16:03:25Z","2026","4","DAL","K","Brandon Aubrey","00-0037692","","weekly run (status check only)",""
"2026-10-04T16:03:25Z","2026","4","HOU","K","Ka'imi Fairbairn","00-0032726","","weekly run (status check only)",""
"2026-10-04T16:03:25Z","2026","4","SEA","K","Jason Myers","00-0031492","","weekly run (status check only)",""
"2026-10-04T16:03:25Z","2026","4","NO","K","Daniel Carlson","00-0034161","","weekly run (status check only)",""
"2026-10-04T16:03:25Z","2026","4","CIN","K","Evan McPherson","00-0036854","","weekly run (status check only)",""
"2026-10-04T16:03:25Z","2026","4","KC","K","Harrison Butker","00-0033303","","weekly run (status check only)",""
"2026-10-04T16:03:25Z","2026","4","BAL","K","Tyler Loop","00-0040074","","weekly run (status check only)",""
"2026-10-04T16:03:25Z","2026","4","DET","K","Jake Bates","00-0039172","","weekly run (status check only)",""
"2026-10-04T16:03:25Z","2026","4","SF","K","Eddy Pineiro","00-0034173","","weekly run (status check only)",""
"2026-10-04T16:03:25Z","2026","4","ATL","K","Nick Folk","00-0025565","","weekly run (status check only)",""
"2026-10-04T16:03:25Z","2026","4","TB","K","Chase McLaughlin","00-0035358","","weekly run (status check only)",""
"2026-10-04T16:03:25Z","2026","4","BUF","K","Tyler Bass","00-0036162","","weekly run (status check only)",""
"2026-10-04T16:03:25Z","2026","4","JAX","K","Cam Little","00-0039409","","weekly run (status check only)",""
"2026-10-04T16:03:25Z","2026","4","ARI","K","Chad Ryland","00-0038567","","weekly run (status check only)",""
"2026-10-04T16:03:25Z","2026","4","LV","K","Matt Gay","00-0035269","","weekly run (status check only)",""
"2026-10-04T16:03:25Z","2026","4","LA","K","Harrison Mevis","00-0039498","","weekly run (status check only)",""
"2026-10-04T16:03:25Z","2026","4","CHI","K","Cairo Santos","00-0031203","","weekly run (status check only)",""
"2026-10-04T16:03:25Z","2026","4","LAC","K","Cameron Dicker","00-0037224","","weekly run (status check only)",""
"2026-10-04T16:03:25Z","2026","4","DEN","K","Wil Lutz","00-0032569","","weekly run (status check only)",""
"2026-10-04T16:03:25Z","2026","4","CAR","K","Ryan Fitzgerald","00-0040279","","weekly run (status check only)",""
"2026-10-04T16:03:25Z","2026","4","NYJ","K","Jason Sanders","00-0034794","","weekly run (status check only)",""
"2026-10-04T16:03:25Z","2026","4","PHI","K","Jake Elliott","00-0033787","","weekly run (status check only)",""
"2026-10-04T16:03:25Z","2026","4","GB","K","Trey Smack","00-0040899","","weekly run (status check only)",""
"2026-10-04T16:03:25Z","2026","4","NYG","K","Dominic Zvada","00-0041145","","weekly run (status check only)",""
"2026-10-04T16:03:25Z","2026","4","MIA","K","Riley Patterson","00-0036816","","weekly run (status check only)",""
"2026-10-04T16:03:25Z","2026","4","NE","K","Andy Borregales","00-0040200","","weekly run (status check only)",""
"2026-10-04T16:03:25Z","2026","4","TEN","K","Joey Slye","00-0035192","","weekly run (status check only)",""
"2026-10-04T16:36:02Z","2026","4","MIA","QB","Malik Willis","00-0038128","","nflverse schedule",""
"2026-10-04T16:36:02Z","2026","4","LAC","QB","Justin Herbert","00-0036355","","nflverse schedule",""
"2026-10-04T16:36:02Z","2026","4","TB","QB","Jalon Daniels","00-0041251","","nflverse schedule",""
"2026-10-04T16:36:02Z","2026","4","TEN","QB","Cam Ward","00-0040676","","nflverse schedule",""
"2026-10-04T16:36:02Z","2026","4","NYJ","QB","Geno Smith","00-0030565","","nflverse schedule",""
"2026-10-04T16:36:02Z","2026","4","LV","QB","Kirk Cousins","00-0029604","","nflverse schedule",""
"2026-10-04T16:36:02Z","2026","4","PHI","QB","Jalen Hurts","00-0036389","","nflverse schedule",""
"2026-10-04T16:36:02Z","2026","4","NE","QB","Drake Maye","00-0039851","","nflverse schedule",""
"2026-10-04T16:36:02Z","2026","4","GB","QB","Jordan Love","00-0036264","","nflverse schedule",""
"2026-10-04T16:36:02Z","2026","4","SEA","QB","Sam Darnold","00-0034869","","Sleeper + Ourlads depth charts agree (schedule differs)","Schedule: Drew Lock"
"2026-10-04T16:36:02Z","2026","4","ATL","QB","Michael Penix Jr.","00-0039917","","nflverse schedule",""
"2026-10-04T16:36:02Z","2026","4","NYG","QB","Jameis Winston","00-0031503","","nflverse schedule",""
"2026-10-04T16:36:02Z","2026","4","ARI","QB","Jacoby Brissett","00-0033119","","nflverse schedule",""
"2026-10-04T16:36:02Z","2026","4","MIN","QB","Kyler Murray","00-0035228","","nflverse schedule",""
"2026-10-04T16:36:02Z","2026","4","DEN","QB","Bo Nix","00-0039732","","nflverse schedule",""
"2026-10-04T16:36:02Z","2026","4","NO","QB","Tyler Shough","00-0040743","","nflverse schedule",""
"2026-10-04T16:36:02Z","2026","4","CAR","QB","Bryce Young","00-0039150","","nflverse schedule",""
"2026-10-04T16:36:02Z","2026","4","JAX","QB","Trevor Lawrence","00-0036971","","nflverse schedule",""
"2026-10-04T16:36:02Z","2026","4","DAL","QB","Dak Prescott","00-0033077","","nflverse schedule",""
"2026-10-04T16:36:02Z","2026","4","DET","QB","Jared Goff","00-0033106","","nflverse schedule",""
"2026-10-04T16:36:02Z","2026","4","CIN","QB","Joe Burrow","00-0036442","","nflverse schedule",""
"2026-10-04T16:36:02Z","2026","4","SF","QB","Brock Purdy","00-0037834","","nflverse schedule",""
"2026-10-04T16:36:02Z","2026","4","CHI","QB","Tyson Bagent","00-0038416","","Sleeper + Ourlads depth charts agree (schedule differs)","Schedule: Case Keenum"
"2026-10-04T16:36:02Z","2026","4","HOU","QB","C.J. Stroud","00-0039163","","nflverse schedule",""
"2026-10-04T16:36:02Z","2026","4","LA","QB","Matthew Stafford","00-0026498","","nflverse schedule",""
"2026-10-04T16:36:02Z","2026","4","KC","QB","Patrick Mahomes","00-0033873","","nflverse schedule",""
"2026-10-04T16:36:02Z","2026","4","BAL","QB","Lamar Jackson","00-0034796","","nflverse schedule",""
"2026-10-04T16:36:02Z","2026","4","BUF","QB","Josh Allen","00-0034857","","nflverse schedule",""
"2026-10-04T16:36:36Z","2026","4","MIN","K","Will Reichard","00-0039404","","weekly run (status check only)",""
"2026-10-04T16:36:36Z","2026","4","DAL","K","Brandon Aubrey","00-0037692","","weekly run (status check only)",""
"2026-10-04T16:36:36Z","2026","4","HOU","K","Ka'imi Fairbairn","00-0032726","","weekly run (status check only)",""
"2026-10-04T16:36:36Z","2026","4","SEA","K","Jason Myers","00-0031492","","weekly run (status check only)",""
"2026-10-04T16:36:36Z","2026","4","NO","K","Daniel Carlson","00-0034161","","weekly run (status check only)",""
"2026-10-04T16:36:36Z","2026","4","CIN","K","Evan McPherson","00-0036854","","weekly run (status check only)",""
"2026-10-04T16:36:36Z","2026","4","KC","K","Harrison Butker","00-0033303","","weekly run (status check only)",""
"2026-10-04T16:36:36Z","2026","4","BAL","K","Tyler Loop","00-0040074","","weekly run (status check only)",""
"2026-10-04T16:36:36Z","2026","4","DET","K","Jake Bates","00-0039172","","weekly run (status check only)",""
"2026-10-04T16:36:36Z","2026","4","SF","K","Eddy Pineiro","00-0034173","","weekly run (status check only)",""
"2026-10-04T16:36:36Z","2026","4","ATL","K","Nick Folk","00-0025565","","weekly run (status check only)",""
"2026-10-04T16:36:36Z","2026","4","TB","K","Chase McLaughlin","00-0035358","","weekly run (status check only)",""
"2026-10-04T16:36:36Z","2026","4","BUF","K","Tyler Bass","00-0036162","","weekly run (status check only)",""
"2026-10-04T16:36:36Z","2026","4","JAX","K","Cam Little","00-0039409","","weekly run (status check only)",""
"2026-10-04T16:36:36Z","2026","4","ARI","K","Chad Ryland","00-0038567","","weekly run (status check only)",""
"2026-10-04T16:36:36Z","2026","4","LV","K","Matt Gay","00-0035269","","weekly run (status check only)",""
"2026-10-04T16:36:36Z","2026","4","LA","K","Harrison Mevis","00-0039498","","weekly run (status check only)",""
"2026-10-04T16:36:36Z","2026","4","CHI","K","Cairo Santos","00-0031203","","weekly run (status check only)",""
"2026-10-04T16:36:36Z","2026","4","LAC","K","Cameron Dicker","00-0037224","","weekly run (status check only)",""
"2026-10-04T16:36:36Z","2026","4","DEN","K","Wil Lutz","00-0032569","","weekly run (status check only)",""
"2026-10-04T16:36:36Z","2026","4","CAR","K","Ryan Fitzgerald","00-0040279","","weekly run (status check only)",""
"2026-10-04T16:36:36Z","2026","4","NYJ","K","Jason Sanders","00-0034794","","weekly run (status check only)",""
"2026-10-04T16:36:36Z","2026","4","PHI","K","Jake Elliott","00-0033787","","weekly run (status check only)",""
"2026-10-04T16:36:36Z","2026","4","GB","K","Trey Smack","00-0040899","","weekly run (status check only)",""
"2026-10-04T16:36:36Z","2026","4","NYG","K","Dominic Zvada","00-0041145","","weekly run (status check only)",""
"2026-10-04T16:36:36Z","2026","4","MIA","K","Riley Patterson","00-0036816","","weekly run (status check only)",""
"2026-10-04T16:36:36Z","2026","4","NE","K","Andy Borregales","00-0040200","","weekly run (status check only)",""
"2026-10-04T16:36:36Z","2026","4","TEN","K","Joey Slye","00-0035192","","weekly run (status check only)",""
"2026-10-04T18:48:26Z","2026","4","MIA","QB","Malik Willis","00-0038128","","nflverse schedule",""
"2026-10-04T18:48:26Z","2026","4","LAC","QB","Justin Herbert","00-0036355","","nflverse schedule",""
"2026-10-04T18:48:26Z","2026","4","LV","QB","Kirk Cousins","00-0029604","","nflverse schedule",""
"2026-10-04T18:48:26Z","2026","4","SEA","QB","Sam Darnold","00-0034869","","Sleeper + Ourlads depth charts agree (schedule differs)","Schedule: Drew Lock"
"2026-10-04T18:48:26Z","2026","4","ATL","QB","Michael Penix Jr.","00-0039917","","nflverse schedule",""
"2026-10-04T18:48:26Z","2026","4","MIN","QB","Kyler Murray","00-0035228","","nflverse schedule",""
"2026-10-04T18:48:26Z","2026","4","DEN","QB","Bo Nix","00-0039732","","nflverse schedule",""
"2026-10-04T18:48:26Z","2026","4","NO","QB","Tyler Shough","00-0040743","","nflverse schedule",""
"2026-10-04T18:48:26Z","2026","4","CAR","QB","Bryce Young","00-0039150","","nflverse schedule",""
"2026-10-04T18:48:26Z","2026","4","DET","QB","Jared Goff","00-0033106","","nflverse schedule",""
"2026-10-04T18:48:26Z","2026","4","SF","QB","Brock Purdy","00-0037834","","nflverse schedule",""
"2026-10-04T18:48:26Z","2026","4","KC","QB","Patrick Mahomes","00-0033873","","nflverse schedule",""
"2026-10-04T18:48:59Z","2026","4","MIN","K","Will Reichard","00-0039404","","weekly run (status check only)",""
"2026-10-04T18:48:59Z","2026","4","SEA","K","Jason Myers","00-0031492","","weekly run (status check only)",""
"2026-10-04T18:48:59Z","2026","4","NO","K","Daniel Carlson","00-0034161","","weekly run (status check only)",""
"2026-10-04T18:48:59Z","2026","4","KC","K","Harrison Butker","00-0033303","","weekly run (status check only)",""
"2026-10-04T18:48:59Z","2026","4","DET","K","Jake Bates","00-0039172","","weekly run (status check only)",""
"2026-10-04T18:48:59Z","2026","4","SF","K","Eddy Pineiro","00-0034173","","weekly run (status check only)",""
"2026-10-04T18:48:59Z","2026","4","ATL","K","Nick Folk","00-0025565","","weekly run (status check only)",""
"2026-10-04T18:48:59Z","2026","4","LV","K","Matt Gay","00-0035269","","weekly run (status check only)",""
"2026-10-04T18:48:59Z","2026","4","LAC","K","Cameron Dicker","00-0037224","","weekly run (status check only)",""
"2026-10-04T18:48:59Z","2026","4","DEN","K","Wil Lutz","00-0032569","","weekly run (status check only)",""
"2026-10-04T18:48:59Z","2026","4","CAR","K","Ryan Fitzgerald","00-0040279","","weekly run (status check only)",""
"2026-10-04T18:48:59Z","2026","4","MIA","K","Riley Patterson","00-0036816","","weekly run (status check only)",""
"2026-10-04T19:46:26Z","2026","4","MIA","QB","Malik Willis","00-0038128","","nflverse schedule",""
"2026-10-04T19:46:26Z","2026","4","LAC","QB","Justin Herbert","00-0036355","","nflverse schedule",""
"2026-10-04T19:46:26Z","2026","4","LV","QB","Kirk Cousins","00-0029604","","nflverse schedule",""
"2026-10-04T19:46:26Z","2026","4","SEA","QB","Sam Darnold","00-0034869","","Sleeper + Ourlads depth charts agree (schedule differs)","Schedule: Drew Lock"
"2026-10-04T19:46:26Z","2026","4","ATL","QB","Michael Penix Jr.","00-0039917","","nflverse schedule",""
"2026-10-04T19:46:26Z","2026","4","MIN","QB","Kyler Murray","00-0035228","","nflverse schedule",""
"2026-10-04T19:46:26Z","2026","4","DEN","QB","Bo Nix","00-0039732","","nflverse schedule",""
"2026-10-04T19:46:26Z","2026","4","NO","QB","Tyler Shough","00-0040743","","nflverse schedule",""
"2026-10-04T19:46:26Z","2026","4","CAR","QB","Bryce Young","00-0039150","","nflverse schedule",""
"2026-10-04T19:46:26Z","2026","4","DET","QB","Jared Goff","00-0033106","","nflverse schedule",""
"2026-10-04T19:46:26Z","2026","4","SF","QB","Brock Purdy","00-0037834","","nflverse schedule",""
"2026-10-04T19:46:26Z","2026","4","KC","QB","Patrick Mahomes","00-0033873","","nflverse schedule",""
"2026-10-04T19:46:58Z","2026","4","MIN","K","Will Reichard","00-0039404","","weekly run (status check only)",""
"2026-10-04T19:46:58Z","2026","4","SEA","K","Jason Myers","00-0031492","","weekly run (status check only)",""
"2026-10-04T19:46:58Z","2026","4","NO","K","Daniel Carlson","00-0034161","","weekly run (status check only)",""
"2026-10-04T19:46:58Z","2026","4","KC","K","Harrison Butker","00-0033303","","weekly run (status check only)",""
"2026-10-04T19:46:58Z","2026","4","DET","K","Jake Bates","00-0039172","","weekly run (status check only)",""
"2026-10-04T19:46:58Z","2026","4","SF","K","Eddy Pineiro","00-0034173","","weekly run (status check only)",""
"2026-10-04T19:46:58Z","2026","4","ATL","K","Nick Folk","00-0025565","","weekly run (status check only)",""
"2026-10-04T19:46:58Z","2026","4","LV","K","Matt Gay","00-0035269","","weekly run (status check only)",""
"2026-10-04T19:46:58Z","2026","4","LAC","K","Cameron Dicker","00-0037224","","weekly run (status check only)",""
"2026-10-04T19:46:58Z","2026","4","DEN","K","Wil Lutz","00-0032569","","weekly run (status check only)",""
"2026-10-04T19:46:58Z","2026","4","CAR","K","Ryan Fitzgerald","00-0040279","","weekly run (status check only)",""
"2026-10-04T19:46:58Z","2026","4","MIA","K","Riley Patterson","00-0036816","","weekly run (status check only)",""
"2026-10-04T22:16:32Z","2026","4","ATL","QB","Michael Penix Jr.","00-0039917","","nflverse schedule",""
"2026-10-04T22:16:32Z","2026","4","NO","QB","Tyler Shough","00-0040743","","nflverse schedule",""
"2026-10-04T22:16:32Z","2026","4","CAR","QB","Bryce Young","00-0039150","","nflverse schedule",""
"2026-10-04T22:16:32Z","2026","4","DET","QB","Jared Goff","00-0033106","","nflverse schedule",""
"2026-10-04T22:17:06Z","2026","4","NO","K","Daniel Carlson","00-0034161","","weekly run (status check only)",""
"2026-10-04T22:17:06Z","2026","4","DET","K","Jake Bates","00-0039172","","weekly run (status check only)",""
"2026-10-04T22:17:06Z","2026","4","ATL","K","Nick Folk","00-0025565","","weekly run (status check only)",""
"2026-10-04T22:17:06Z","2026","4","CAR","K","Ryan Fitzgerald","00-0040279","","weekly run (status check only)",""
"2026-10-05T02:02:55Z","2026","4","ATL","QB","Michael Penix Jr.","00-0039917","","nflverse schedule",""
"2026-10-05T02:02:55Z","2026","4","NO","QB","Tyler Shough","00-0040743","","nflverse schedule",""
"2026-10-05T02:03:28Z","2026","4","NO","K","Daniel Carlson","00-0034161","","weekly run (status check only)",""
"2026-10-05T02:03:28Z","2026","4","ATL","K","Nick Folk","00-0025565","","weekly run (status check only)",""
"2026-10-06T18:15:31Z","2026","5","NO","QB","Tyler Shough","00-0040743","","nflverse schedule",""
"2026-10-06T18:15:31Z","2026","5","TEN","QB","Cam Ward","00-0040676","","nflverse schedule",""
"2026-10-06T18:15:31Z","2026","5","MIA","QB","Malik Willis","00-0038128","","nflverse schedule",""
"2026-10-06T18:15:31Z","2026","5","LV","QB","Kirk Cousins","00-0029604","","nflverse schedule",""
"2026-10-06T18:15:31Z","2026","5","PHI","QB","Jalen Hurts","00-0036389","","nflverse schedule",""
"2026-10-06T18:15:31Z","2026","5","TB","QB","Jalon Daniels","00-0041251","","nflverse schedule",""
"2026-10-06T18:15:31Z","2026","5","LAC","QB","Justin Herbert","00-0036355","","nflverse schedule",""
"2026-10-06T18:15:31Z","2026","5","NYJ","QB","Geno Smith","00-0030565","","nflverse schedule",""
"2026-10-06T18:15:31Z","2026","5","NYG","QB","Jameis Winston","00-0031503","","nflverse schedule",""
"2026-10-06T18:15:31Z","2026","5","IND","QB","Daniel Jones","00-0035710","","nflverse schedule",""
"2026-10-06T18:15:31Z","2026","5","CLE","QB","Deshaun Watson","00-0033537","","nflverse schedule",""
"2026-10-06T18:15:31Z","2026","5","GB","QB","Jordan Love","00-0036264","","nflverse schedule",""
"2026-10-06T18:15:31Z","2026","5","HOU","QB","C.J. Stroud","00-0039163","","nflverse schedule",""
"2026-10-06T18:15:31Z","2026","5","WAS","QB","Athan Kaliakmanis","00-0041117","","schedule QB Jayden Daniels ruled out (Out) → Sleeper + Ourlads depth charts",""
"2026-10-06T18:15:31Z","2026","5","SF","QB","Brock Purdy","00-0037834","","nflverse schedule",""
"2026-10-06T18:15:31Z","2026","5","MIN","QB","Kyler Murray","00-0035228","","nflverse schedule",""
"2026-10-06T18:15:31Z","2026","5","NE","QB","Drake Maye","00-0039851","","nflverse schedule",""
"2026-10-06T18:15:31Z","2026","5","DEN","QB","Bo Nix","00-0039732","","nflverse schedule",""
"2026-10-06T18:15:31Z","2026","5","BAL","QB","Lamar Jackson","00-0034796","Questionable","nflverse schedule",""
"2026-10-06T18:15:31Z","2026","5","CHI","QB","Tyson Bagent","00-0038416","","nflverse schedule",""
"2026-10-06T18:15:31Z","2026","5","CIN","QB","Joe Burrow","00-0036442","","nflverse schedule",""
"2026-10-06T18:15:31Z","2026","5","SEA","QB","Sam Darnold","00-0034869","","Sleeper + Ourlads depth charts agree (schedule differs)","Schedule: Drew Lock"
"2026-10-06T18:15:31Z","2026","5","ARI","QB","Jacoby Brissett","00-0033119","","nflverse schedule",""
"2026-10-06T18:15:31Z","2026","5","PIT","QB","Aaron Rodgers","00-0023459","","nflverse schedule",""
"2026-10-06T18:15:31Z","2026","5","JAX","QB","Trevor Lawrence","00-0036971","","nflverse schedule",""
"2026-10-06T18:15:31Z","2026","5","ATL","QB","Michael Penix Jr.","00-0039917","","nflverse schedule",""
"2026-10-06T18:15:31Z","2026","5","BUF","QB","Josh Allen","00-0034857","","nflverse schedule",""
"2026-10-06T18:15:31Z","2026","5","DAL","QB","Dak Prescott","00-0033077","","nflverse schedule",""
"2026-10-06T18:15:31Z","2026","5","DET","QB","Jared Goff","00-0033106","","nflverse schedule",""
"2026-10-06T18:15:31Z","2026","5","LA","QB","Matthew Stafford","00-0026498","","nflverse schedule",""
"2026-10-06T18:16:10Z","2026","5","DAL","K","Brandon Aubrey","00-0037692","","weekly run (status check only)",""
"2026-10-06T18:16:10Z","2026","5","MIN","K","Will Reichard","00-0039404","","weekly run (status check only)",""
"2026-10-06T18:16:10Z","2026","5","DET","K","Jake Bates","00-0039172","","weekly run (status check only)",""
"2026-10-06T18:16:10Z","2026","5","HOU","K","Ka'imi Fairbairn","00-0032726","","weekly run (status check only)",""
"2026-10-06T18:16:10Z","2026","5","PIT","K","Chris Boswell","00-0031136","","weekly run (status check only)",""
"2026-10-06T18:16:10Z","2026","5","JAX","K","Cam Little","00-0039409","","weekly run (status check only)",""
"2026-10-06T18:16:10Z","2026","5","CIN","K","Evan McPherson","00-0036854","","weekly run (status check only)",""
"2026-10-06T18:16:10Z","2026","5","TB","K","Chase McLaughlin","00-0035358","","weekly run (status check only)",""
"2026-10-06T18:16:10Z","2026","5","ATL","K","Nick Folk","00-0025565","","weekly run (status check only)",""
"2026-10-06T18:16:10Z","2026","5","DEN","K","Wil Lutz","00-0032569","","weekly run (status check only)",""
"2026-10-06T18:16:10Z","2026","5","LA","K","Harrison Mevis","00-0039498","","weekly run (status check only)",""
"2026-10-06T18:16:10Z","2026","5","SEA","K","Jason Myers","00-0031492","","weekly run (status check only)",""
"2026-10-06T18:16:10Z","2026","5","NO","K","Daniel Carlson","00-0034161","","weekly run (status check only)",""
"2026-10-06T18:16:10Z","2026","5","ARI","K","Chad Ryland","00-0038567","","weekly run (status check only)",""
"2026-10-06T18:16:10Z","2026","5","LAC","K","Cameron Dicker","00-0037224","","weekly run (status check only)",""
"2026-10-06T18:16:10Z","2026","5","BUF","K","Tyler Bass","00-0036162","","weekly run (status check only)",""
"2026-10-06T18:16:10Z","2026","5","IND","K","Spencer Shrader","00-0039576","","weekly run (status check only)",""
"2026-10-06T18:16:10Z","2026","5","NYJ","K","Jason Sanders","00-0034794","","weekly run (status check only)",""
"2026-10-06T18:16:10Z","2026","5","BAL","K","Tyler Loop","00-0040074","","weekly run (status check only)",""
"2026-10-06T18:16:10Z","2026","5","WAS","K","Drew Stevens","00-0041182","","weekly run (status check only)",""
"2026-10-06T18:16:10Z","2026","5","SF","K","Eddy Pineiro","00-0034173","","weekly run (status check only)",""
"2026-10-06T18:16:10Z","2026","5","NE","K","Andy Borregales","00-0040200","","weekly run (status check only)",""
"2026-10-06T18:16:10Z","2026","5","CHI","K","Cairo Santos","00-0031203","","weekly run (status check only)",""
"2026-10-06T18:16:10Z","2026","5","CLE","K","Andre Szmyt","00-0038428","","weekly run (status check only)",""
"2026-10-06T18:16:10Z","2026","5","LV","K","Matt Gay","00-0035269","","weekly run (status check only)",""
"2026-10-06T18:16:10Z","2026","5","NYG","K","Dominic Zvada","00-0041145","","weekly run (status check only)",""
"2026-10-06T18:16:10Z","2026","5","PHI","K","Jake Elliott","00-0033787","","weekly run (status check only)",""
"2026-10-06T18:16:10Z","2026","5","TEN","K","Joey Slye","00-0035192","","weekly run (status check only)",""
"2026-10-06T18:16:10Z","2026","5","GB","K","Trey Smack","00-0040899","","weekly run (status check only)",""
"2026-10-06T18:16:10Z","2026","5","MIA","K","Riley Patterson","00-0036816","","weekly run (status check only)",""
"2026-10-06T19:18:15Z","2026","5","NO","QB","Tyler Shough","00-0040743","","nflverse schedule",""
"2026-10-06T19:18:15Z","2026","5","TEN","QB","Cam Ward","00-0040676","","nflverse schedule",""
"2026-10-06T19:18:15Z","2026","5","MIA","QB","Malik Willis","00-0038128","","nflverse schedule",""
"2026-10-06T19:18:15Z","2026","5","LV","QB","Kirk Cousins","00-0029604","","nflverse schedule",""
"2026-10-06T19:18:15Z","2026","5","PHI","QB","Jalen Hurts","00-0036389","","nflverse schedule",""
"2026-10-06T19:18:15Z","2026","5","TB","QB","Jalon Daniels","00-0041251","","nflverse schedule",""
"2026-10-06T19:18:15Z","2026","5","LAC","QB","Justin Herbert","00-0036355","","nflverse schedule",""
"2026-10-06T19:18:15Z","2026","5","NYJ","QB","Geno Smith","00-0030565","","nflverse schedule",""
"2026-10-06T19:18:15Z","2026","5","NYG","QB","Jameis Winston","00-0031503","","nflverse schedule",""
"2026-10-06T19:18:15Z","2026","5","IND","QB","Daniel Jones","00-0035710","","nflverse schedule",""
"2026-10-06T19:18:15Z","2026","5","CLE","QB","Deshaun Watson","00-0033537","","nflverse schedule",""
"2026-10-06T19:18:15Z","2026","5","GB","QB","Jordan Love","00-0036264","","nflverse schedule",""
"2026-10-06T19:18:15Z","2026","5","HOU","QB","C.J. Stroud","00-0039163","","nflverse schedule",""
"2026-10-06T19:18:15Z","2026","5","WAS","QB","Athan Kaliakmanis","00-0041117","","schedule QB Jayden Daniels ruled out (Out) → Sleeper + Ourlads depth charts",""
"2026-10-06T19:18:15Z","2026","5","SF","QB","Brock Purdy","00-0037834","","nflverse schedule",""
"2026-10-06T19:18:15Z","2026","5","MIN","QB","Kyler Murray","00-0035228","","nflverse schedule",""
"2026-10-06T19:18:15Z","2026","5","NE","QB","Drake Maye","00-0039851","","nflverse schedule",""
"2026-10-06T19:18:15Z","2026","5","DEN","QB","Bo Nix","00-0039732","","nflverse schedule",""
"2026-10-06T19:18:15Z","2026","5","BAL","QB","Lamar Jackson","00-0034796","Questionable","nflverse schedule",""
"2026-10-06T19:18:15Z","2026","5","CHI","QB","Tyson Bagent","00-0038416","","nflverse schedule",""
"2026-10-06T19:18:15Z","2026","5","CIN","QB","Joe Burrow","00-0036442","","nflverse schedule",""
"2026-10-06T19:18:15Z","2026","5","SEA","QB","Sam Darnold","00-0034869","","Sleeper + Ourlads depth charts agree (schedule differs)","Schedule: Drew Lock"
"2026-10-06T19:18:15Z","2026","5","ARI","QB","Jacoby Brissett","00-0033119","","nflverse schedule",""
"2026-10-06T19:18:15Z","2026","5","PIT","QB","Aaron Rodgers","00-0023459","","nflverse schedule",""
"2026-10-06T19:18:15Z","2026","5","JAX","QB","Trevor Lawrence","00-0036971","","nflverse schedule",""
"2026-10-06T19:18:15Z","2026","5","ATL","QB","Michael Penix Jr.","00-0039917","","nflverse schedule",""
"2026-10-06T19:18:15Z","2026","5","BUF","QB","Josh Allen","00-0034857","","nflverse schedule",""
"2026-10-06T19:18:15Z","2026","5","DAL","QB","Dak Prescott","00-0033077","","nflverse schedule",""
"2026-10-06T19:18:15Z","2026","5","DET","QB","Jared Goff","00-0033106","","nflverse schedule",""
"2026-10-06T19:18:15Z","2026","5","LA","QB","Matthew Stafford","00-0026498","","nflverse schedule",""
"2026-10-06T19:18:57Z","2026","5","DAL","K","Brandon Aubrey","00-0037692","","weekly run (status check only)",""
"2026-10-06T19:18:57Z","2026","5","MIN","K","Will Reichard","00-0039404","","weekly run (status check only)",""
"2026-10-06T19:18:57Z","2026","5","DET","K","Jake Bates","00-0039172","","weekly run (status check only)",""
"2026-10-06T19:18:57Z","2026","5","HOU","K","Ka'imi Fairbairn","00-0032726","","weekly run (status check only)",""
"2026-10-06T19:18:57Z","2026","5","PIT","K","Chris Boswell","00-0031136","","weekly run (status check only)",""
"2026-10-06T19:18:57Z","2026","5","JAX","K","Cam Little","00-0039409","","weekly run (status check only)",""
"2026-10-06T19:18:57Z","2026","5","CIN","K","Evan McPherson","00-0036854","","weekly run (status check only)",""
"2026-10-06T19:18:57Z","2026","5","TB","K","Chase McLaughlin","00-0035358","","weekly run (status check only)",""
"2026-10-06T19:18:57Z","2026","5","ATL","K","Nick Folk","00-0025565","","weekly run (status check only)",""
"2026-10-06T19:18:57Z","2026","5","DEN","K","Wil Lutz","00-0032569","","weekly run (status check only)",""
"2026-10-06T19:18:57Z","2026","5","LA","K","Harrison Mevis","00-0039498","","weekly run (status check only)",""
"2026-10-06T19:18:57Z","2026","5","SEA","K","Jason Myers","00-0031492","","weekly run (status check only)",""
"2026-10-06T19:18:57Z","2026","5","NO","K","Daniel Carlson","00-0034161","","weekly run (status check only)",""
"2026-10-06T19:18:57Z","2026","5","ARI","K","Chad Ryland","00-0038567","","weekly run (status check only)",""
"2026-10-06T19:18:57Z","2026","5","LAC","K","Cameron Dicker","00-0037224","","weekly run (status check only)",""
"2026-10-06T19:18:57Z","2026","5","BUF","K","Tyler Bass","00-0036162","","weekly run (status check only)",""
"2026-10-06T19:18:57Z","2026","5","IND","K","Spencer Shrader","00-0039576","","weekly run (status check only)",""
"2026-10-06T19:18:57Z","2026","5","NYJ","K","Jason Sanders","00-0034794","","weekly run (status check only)",""
"2026-10-06T19:18:57Z","2026","5","BAL","K","Tyler Loop","00-0040074","","weekly run (status check only)",""
"2026-10-06T19:18:57Z","2026","5","WAS","K","Drew Stevens","00-0041182","","weekly run (status check only)",""
"2026-10-06T19:18:57Z","2026","5","SF","K","Eddy Pineiro","00-0034173","","weekly run (status check only)",""
"2026-10-06T19:18:57Z","2026","5","NE","K","Andy Borregales","00-0040200","","weekly run (status check only)",""
"2026-10-06T19:18:57Z","2026","5","CHI","K","Cairo Santos","00-0031203","","weekly run (status check only)",""
"2026-10-06T19:18:57Z","2026","5","CLE","K","Andre Szmyt","00-0038428","","weekly run (status check only)",""
"2026-10-06T19:18:57Z","2026","5","LV","K","Matt Gay","00-0035269","","weekly run (status check only)",""
"2026-10-06T19:18:57Z","2026","5","NYG","K","Dominic Zvada","00-0041145","","weekly run (status check only)",""
"2026-10-06T19:18:57Z","2026","5","PHI","K","Jake Elliott","00-0033787","","weekly run (status check only)",""
"2026-10-06T19:18:57Z","2026","5","TEN","K","Joey Slye","00-0035192","","weekly run (status check only)",""
"2026-10-06T19:18:57Z","2026","5","GB","K","Trey Smack","00-0040899","","weekly run (status check only)",""
"2026-10-06T19:18:57Z","2026","5","MIA","K","Riley Patterson","00-0036816","","weekly run (status check only)",""
"2026-10-06T23:03:39Z","2026","5","NO","QB","Tyler Shough","00-0040743","","Sleeper + Ourlads depth charts",""
"2026-10-06T23:03:39Z","2026","5","TEN","QB","Cam Ward","00-0040676","","Sleeper + Ourlads depth charts",""
"2026-10-06T23:03:39Z","2026","5","MIA","QB","Malik Willis","00-0038128","","Sleeper + Ourlads depth charts",""
"2026-10-06T23:03:39Z","2026","5","LV","QB","Kirk Cousins","00-0029604","","Sleeper + Ourlads depth charts",""
"2026-10-06T23:03:39Z","2026","5","PHI","QB","Jalen Hurts","00-0036389","","Sleeper + Ourlads depth charts",""
"2026-10-06T23:03:39Z","2026","5","TB","QB","Jalon Daniels","00-0041251","","Sleeper + Ourlads depth charts",""
"2026-10-06T23:03:39Z","2026","5","LAC","QB","Justin Herbert","00-0036355","","Sleeper + Ourlads depth charts",""
"2026-10-06T23:03:39Z","2026","5","NYJ","QB","Geno Smith","00-0030565","","Sleeper + Ourlads depth charts",""
"2026-10-06T23:03:39Z","2026","5","NYG","QB","Jameis Winston","00-0031503","","Sleeper + Ourlads depth charts",""
"2026-10-06T23:03:39Z","2026","5","IND","QB","Daniel Jones","00-0035710","","Sleeper + Ourlads depth charts",""
"2026-10-06T23:03:39Z","2026","5","CLE","QB","Deshaun Watson","00-0033537","","Sleeper + Ourlads depth charts",""
"2026-10-06T23:03:39Z","2026","5","GB","QB","Jordan Love","00-0036264","","Sleeper + Ourlads depth charts",""
"2026-10-06T23:03:39Z","2026","5","HOU","QB","C.J. Stroud","00-0039163","","Sleeper + Ourlads depth charts",""
"2026-10-06T23:03:39Z","2026","5","WAS","QB","Athan Kaliakmanis","00-0041117","","Sleeper + Ourlads depth charts",""
"2026-10-06T23:03:39Z","2026","5","SF","QB","Brock Purdy","00-0037834","","Sleeper + Ourlads depth charts",""
"2026-10-06T23:03:39Z","2026","5","MIN","QB","Kyler Murray","00-0035228","","Sleeper + Ourlads depth charts",""
"2026-10-06T23:03:39Z","2026","5","NE","QB","Drake Maye","00-0039851","","Sleeper + Ourlads depth charts",""
"2026-10-06T23:03:39Z","2026","5","DEN","QB","Bo Nix","00-0039732","","Sleeper + Ourlads depth charts",""
"2026-10-06T23:03:39Z","2026","5","BAL","QB","Lamar Jackson","00-0034796","Questionable","Sleeper + Ourlads depth charts",""
"2026-10-06T23:03:39Z","2026","5","CHI","QB","Tyson Bagent","00-0038416","","Sleeper + Ourlads depth charts",""
"2026-10-06T23:03:39Z","2026","5","CIN","QB","Joe Burrow","00-0036442","","Sleeper + Ourlads depth charts",""
"2026-10-06T23:03:39Z","2026","5","SEA","QB","Sam Darnold","00-0034869","","Sleeper + Ourlads depth charts",""
"2026-10-06T23:03:39Z","2026","5","ARI","QB","Jacoby Brissett","00-0033119","","Sleeper + Ourlads depth charts",""
"2026-10-06T23:03:39Z","2026","5","PIT","QB","Aaron Rodgers","00-0023459","","Sleeper + Ourlads depth charts",""
"2026-10-06T23:03:39Z","2026","5","JAX","QB","Trevor Lawrence","00-0036971","","Sleeper + Ourlads depth charts",""
"2026-10-06T23:03:39Z","2026","5","ATL","QB","Michael Penix","00-0039917","","Sleeper + Ourlads depth charts",""
"2026-10-06T23:03:39Z","2026","5","BUF","QB","Josh Allen","00-0034857","","Sleeper + Ourlads depth charts",""
"2026-10-06T23:03:39Z","2026","5","DAL","QB","Dak Prescott","00-0033077","","Sleeper + Ourlads depth charts",""
"2026-10-06T23:03:39Z","2026","5","DET","QB","Jared Goff","00-0033106","","Sleeper + Ourlads depth charts",""
"2026-10-06T23:03:39Z","2026","5","LA","QB","Matthew Stafford","00-0026498","","Sleeper + Ourlads depth charts",""
"2026-10-06T23:04:09Z","2026","5","DAL","K","Brandon Aubrey","00-0037692","","weekly run (status check only)",""
"2026-10-06T23:04:09Z","2026","5","MIN","K","Will Reichard","00-0039404","","weekly run (status check only)",""
"2026-10-06T23:04:09Z","2026","5","DET","K","Jake Bates","00-0039172","","weekly run (status check only)",""
"2026-10-06T23:04:09Z","2026","5","HOU","K","Ka'imi Fairbairn","00-0032726","","weekly run (status check only)",""
"2026-10-06T23:04:09Z","2026","5","PIT","K","Chris Boswell","00-0031136","","weekly run (status check only)",""
"2026-10-06T23:04:09Z","2026","5","JAX","K","Cam Little","00-0039409","","weekly run (status check only)",""
"2026-10-06T23:04:09Z","2026","5","CIN","K","Evan McPherson","00-0036854","","weekly run (status check only)",""
"2026-10-06T23:04:09Z","2026","5","TB","K","Chase McLaughlin","00-0035358","Questionable","weekly run (status check only)",""
"2026-10-06T23:04:09Z","2026","5","ATL","K","Nick Folk","00-0025565","","weekly run (status check only)",""
"2026-10-06T23:04:09Z","2026","5","DEN","K","Wil Lutz","00-0032569","","weekly run (status check only)",""
"2026-10-06T23:04:09Z","2026","5","LA","K","Harrison Mevis","00-0039498","","weekly run (status check only)",""
"2026-10-06T23:04:09Z","2026","5","SEA","K","Jason Myers","00-0031492","","weekly run (status check only)",""
"2026-10-06T23:04:09Z","2026","5","NO","K","Daniel Carlson","00-0034161","","weekly run (status check only)",""
"2026-10-06T23:04:09Z","2026","5","ARI","K","Chad Ryland","00-0038567","","weekly run (status check only)",""
"2026-10-06T23:04:09Z","2026","5","LAC","K","Cameron Dicker","00-0037224","","weekly run (status check only)",""
"2026-10-06T23:04:09Z","2026","5","BUF","K","Tyler Bass","00-0036162","","weekly run (status check only)",""
"2026-10-06T23:04:09Z","2026","5","IND","K","Spencer Shrader","00-0039576","","weekly run (status check only)",""
"2026-10-06T23:04:09Z","2026","5","NYJ","K","Jason Sanders","00-0034794","","weekly run (status check only)",""
"2026-10-06T23:04:09Z","2026","5","BAL","K","Tyler Loop","00-0040074","","weekly run (status check only)",""
"2026-10-06T23:04:09Z","2026","5","WAS","K","Drew Stevens","00-0041182","","weekly run (status check only)",""
"2026-10-06T23:04:09Z","2026","5","SF","K","Eddy Pineiro","00-0034173","","weekly run (status check only)",""
"2026-10-06T23:04:09Z","2026","5","NE","K","Andy Borregales","00-0040200","","weekly run (status check only)",""
"2026-10-06T23:04:09Z","2026","5","CHI","K","Cairo Santos","00-0031203","","weekly run (status check only)",""
"2026-10-06T23:04:09Z","2026","5","CLE","K","Andre Szmyt","00-0038428","","weekly run (status check only)",""
"2026-10-06T23:04:09Z","2026","5","LV","K","Matt Gay","00-0035269","","weekly run (status check only)",""
"2026-10-06T23:04:09Z","2026","5","NYG","K","Dominic Zvada","00-0041145","","weekly run (status check only)",""
"2026-10-06T23:04:09Z","2026","5","PHI","K","Jake Elliott","00-0033787","","weekly run (status check only)",""
"2026-10-06T23:04:09Z","2026","5","TEN","K","Joey Slye","00-0035192","","weekly run (status check only)",""
"2026-10-06T23:04:09Z","2026","5","GB","K","Trey Smack","00-0040899","","weekly run (status check only)",""
"2026-10-06T23:04:09Z","2026","5","MIA","K","Riley Patterson","00-0036816","","weekly run (status check only)",""
"2026-10-06T23:35:23Z","2026","5","NO","QB","Tyler Shough","00-0040743","","Sleeper + Ourlads depth charts",""
"2026-10-06T23:35:23Z","2026","5","TEN","QB","Cam Ward","00-0040676","","Sleeper + Ourlads depth charts",""
"2026-10-06T23:35:23Z","2026","5","MIA","QB","Malik Willis","00-0038128","","Sleeper + Ourlads depth charts",""
"2026-10-06T23:35:23Z","2026","5","LV","QB","Kirk Cousins","00-0029604","","Sleeper + Ourlads depth charts",""
"2026-10-06T23:35:23Z","2026","5","PHI","QB","Jalen Hurts","00-0036389","","Sleeper + Ourlads depth charts",""
"2026-10-06T23:35:23Z","2026","5","TB","QB","Jalon Daniels","00-0041251","","Sleeper + Ourlads depth charts",""
"2026-10-06T23:35:23Z","2026","5","LAC","QB","Justin Herbert","00-0036355","","Sleeper + Ourlads depth charts",""
"2026-10-06T23:35:23Z","2026","5","NYJ","QB","Geno Smith","00-0030565","","Sleeper + Ourlads depth charts",""
"2026-10-06T23:35:23Z","2026","5","NYG","QB","Jameis Winston","00-0031503","","Sleeper + Ourlads depth charts",""
"2026-10-06T23:35:23Z","2026","5","IND","QB","Daniel Jones","00-0035710","","Sleeper + Ourlads depth charts",""
"2026-10-06T23:35:23Z","2026","5","CLE","QB","Deshaun Watson","00-0033537","","Sleeper + Ourlads depth charts",""
"2026-10-06T23:35:23Z","2026","5","GB","QB","Jordan Love","00-0036264","","Sleeper + Ourlads depth charts",""
"2026-10-06T23:35:23Z","2026","5","HOU","QB","C.J. Stroud","00-0039163","","Sleeper + Ourlads depth charts",""
"2026-10-06T23:35:23Z","2026","5","WAS","QB","Athan Kaliakmanis","00-0041117","","Sleeper + Ourlads depth charts",""
"2026-10-06T23:35:23Z","2026","5","SF","QB","Brock Purdy","00-0037834","","Sleeper + Ourlads depth charts",""
"2026-10-06T23:35:23Z","2026","5","MIN","QB","Kyler Murray","00-0035228","","Sleeper + Ourlads depth charts",""
"2026-10-06T23:35:23Z","2026","5","NE","QB","Drake Maye","00-0039851","","Sleeper + Ourlads depth charts",""
"2026-10-06T23:35:23Z","2026","5","DEN","QB","Bo Nix","00-0039732","","Sleeper + Ourlads depth charts",""
"2026-10-06T23:35:23Z","2026","5","BAL","QB","Lamar Jackson","00-0034796","Questionable","Sleeper + Ourlads depth charts",""
"2026-10-06T23:35:23Z","2026","5","CHI","QB","Tyson Bagent","00-0038416","","Sleeper + Ourlads depth charts",""
"2026-10-06T23:35:23Z","2026","5","CIN","QB","Joe Burrow","00-0036442","","Sleeper + Ourlads depth charts",""
"2026-10-06T23:35:23Z","2026","5","SEA","QB","Sam Darnold","00-0034869","","Sleeper + Ourlads depth charts",""
"2026-10-06T23:35:23Z","2026","5","ARI","QB","Jacoby Brissett","00-0033119","","Sleeper + Ourlads depth charts",""
"2026-10-06T23:35:23Z","2026","5","PIT","QB","Aaron Rodgers","00-0023459","","Sleeper + Ourlads depth charts",""
"2026-10-06T23:35:23Z","2026","5","JAX","QB","Trevor Lawrence","00-0036971","","Sleeper + Ourlads depth charts",""
"2026-10-06T23:35:23Z","2026","5","ATL","QB","Michael Penix","00-0039917","","Sleeper + Ourlads depth charts",""
"2026-10-06T23:35:23Z","2026","5","BUF","QB","Josh Allen","00-0034857","","Sleeper + Ourlads depth charts",""
"2026-10-06T23:35:23Z","2026","5","DAL","QB","Dak Prescott","00-0033077","","Sleeper + Ourlads depth charts",""
"2026-10-06T23:35:23Z","2026","5","DET","QB","Jared Goff","00-0033106","","Sleeper + Ourlads depth charts",""
"2026-10-06T23:35:23Z","2026","5","LA","QB","Matthew Stafford","00-0026498","","Sleeper + Ourlads depth charts",""
"2026-10-06T23:35:52Z","2026","5","DAL","K","Brandon Aubrey","00-0037692","","weekly run (status check only)",""
"2026-10-06T23:35:52Z","2026","5","MIN","K","Will Reichard","00-0039404","","weekly run (status check only)",""
"2026-10-06T23:35:52Z","2026","5","DET","K","Jake Bates","00-0039172","","weekly run (status check only)",""
"2026-10-06T23:35:52Z","2026","5","HOU","K","Ka'imi Fairbairn","00-0032726","","weekly run (status check only)",""
"2026-10-06T23:35:52Z","2026","5","PIT","K","Chris Boswell","00-0031136","","weekly run (status check only)",""
"2026-10-06T23:35:52Z","2026","5","JAX","K","Cam Little","00-0039409","","weekly run (status check only)",""
"2026-10-06T23:35:52Z","2026","5","CIN","K","Evan McPherson","00-0036854","","weekly run (status check only)",""
"2026-10-06T23:35:52Z","2026","5","TB","K","Chase McLaughlin","00-0035358","Questionable","weekly run (status check only)",""
"2026-10-06T23:35:52Z","2026","5","ATL","K","Nick Folk","00-0025565","","weekly run (status check only)",""
"2026-10-06T23:35:52Z","2026","5","DEN","K","Wil Lutz","00-0032569","","weekly run (status check only)",""
"2026-10-06T23:35:52Z","2026","5","LA","K","Harrison Mevis","00-0039498","","weekly run (status check only)",""
"2026-10-06T23:35:52Z","2026","5","SEA","K","Jason Myers","00-0031492","","weekly run (status check only)",""
"2026-10-06T23:35:52Z","2026","5","NO","K","Daniel Carlson","00-0034161","","weekly run (status check only)",""
"2026-10-06T23:35:52Z","2026","5","ARI","K","Chad Ryland","00-0038567","","weekly run (status check only)",""
"2026-10-06T23:35:52Z","2026","5","LAC","K","Cameron Dicker","00-0037224","","weekly run (status check only)",""
"2026-10-06T23:35:52Z","2026","5","BUF","K","Tyler Bass","00-0036162","","weekly run (status check only)",""
"2026-10-06T23:35:52Z","2026","5","IND","K","Spencer Shrader","00-0039576","","weekly run (status check only)",""
"2026-10-06T23:35:52Z","2026","5","NYJ","K","Jason Sanders","00-0034794","","weekly run (status check only)",""
"2026-10-06T23:35:52Z","2026","5","BAL","K","Tyler Loop","00-0040074","","weekly run (status check only)",""
"2026-10-06T23:35:52Z","2026","5","WAS","K","Drew Stevens","00-0041182","","weekly run (status check only)",""
"2026-10-06T23:35:52Z","2026","5","SF","K","Eddy Pineiro","00-0034173","","weekly run (status check only)",""
"2026-10-06T23:35:52Z","2026","5","NE","K","Andy Borregales","00-0040200","","weekly run (status check only)",""
"2026-10-06T23:35:52Z","2026","5","CHI","K","Cairo Santos","00-0031203","","weekly run (status check only)",""
"2026-10-06T23:35:52Z","2026","5","CLE","K","Andre Szmyt","00-0038428","","weekly run (status check only)",""
"2026-10-06T23:35:52Z","2026","5","LV","K","Matt Gay","00-0035269","","weekly run (status check only)",""
"2026-10-06T23:35:52Z","2026","5","NYG","K","Dominic Zvada","00-0041145","","weekly run (status check only)",""
"2026-10-06T23:35:52Z","2026","5","PHI","K","Jake Elliott","00-0033787","","weekly run (status check only)",""
"2026-10-06T23:35:52Z","2026","5","TEN","K","Joey Slye","00-0035192","","weekly run (status check only)",""
"2026-10-06T23:35:52Z","2026","5","GB","K","Trey Smack","00-0040899","","weekly run (status check only)",""
"2026-10-06T23:35:52Z","2026","5","MIA","K","Riley Patterson","00-0036816","","weekly run (status check only)",""
"2026-10-07T01:13:15Z","2026","5","NO","QB","Tyler Shough","00-0040743","","Sleeper + Ourlads depth charts",""
"2026-10-07T01:13:15Z","2026","5","TEN","QB","Cam Ward","00-0040676","","Sleeper + Ourlads depth charts",""
"2026-10-07T01:13:15Z","2026","5","MIA","QB","Malik Willis","00-0038128","","Sleeper + Ourlads depth charts",""
"2026-10-07T01:13:15Z","2026","5","LV","QB","Kirk Cousins","00-0029604","","Sleeper + Ourlads depth charts",""
"2026-10-07T01:13:15Z","2026","5","PHI","QB","Jalen Hurts","00-0036389","","Sleeper + Ourlads depth charts",""
"2026-10-07T01:13:15Z","2026","5","TB","QB","Jalon Daniels","00-0041251","","Sleeper + Ourlads depth charts",""
"2026-10-07T01:13:15Z","2026","5","LAC","QB","Justin Herbert","00-0036355","","Sleeper + Ourlads depth charts",""
"2026-10-07T01:13:15Z","2026","5","NYJ","QB","Geno Smith","00-0030565","","Sleeper + Ourlads depth charts",""
"2026-10-07T01:13:15Z","2026","5","NYG","QB","Jameis Winston","00-0031503","","Sleeper + Ourlads depth charts",""
"2026-10-07T01:13:15Z","2026","5","IND","QB","Daniel Jones","00-0035710","","Sleeper + Ourlads depth charts",""
"2026-10-07T01:13:15Z","2026","5","CLE","QB","Deshaun Watson","00-0033537","","Sleeper + Ourlads depth charts",""
"2026-10-07T01:13:15Z","2026","5","GB","QB","Jordan Love","00-0036264","","Sleeper + Ourlads depth charts",""
"2026-10-07T01:13:15Z","2026","5","HOU","QB","C.J. Stroud","00-0039163","","Sleeper + Ourlads depth charts",""
"2026-10-07T01:13:15Z","2026","5","WAS","QB","Athan Kaliakmanis","00-0041117","","Sleeper + Ourlads depth charts",""
"2026-10-07T01:13:15Z","2026","5","SF","QB","Brock Purdy","00-0037834","","Sleeper + Ourlads depth charts",""
"2026-10-07T01:13:15Z","2026","5","MIN","QB","Kyler Murray","00-0035228","","Sleeper + Ourlads depth charts",""
"2026-10-07T01:13:15Z","2026","5","NE","QB","Drake Maye","00-0039851","","Sleeper + Ourlads depth charts",""
"2026-10-07T01:13:15Z","2026","5","DEN","QB","Bo Nix","00-0039732","","Sleeper + Ourlads depth charts",""
"2026-10-07T01:13:15Z","2026","5","BAL","QB","Lamar Jackson","00-0034796","Questionable","Sleeper + Ourlads depth charts",""
"2026-10-07T01:13:15Z","2026","5","CHI","QB","Tyson Bagent","00-0038416","","Sleeper + Ourlads depth charts",""
"2026-10-07T01:13:15Z","2026","5","CIN","QB","Joe Burrow","00-0036442","","Sleeper + Ourlads depth charts",""
"2026-10-07T01:13:15Z","2026","5","SEA","QB","Sam Darnold","00-0034869","","Sleeper + Ourlads depth charts",""
"2026-10-07T01:13:15Z","2026","5","ARI","QB","Jacoby Brissett","00-0033119","","Sleeper + Ourlads depth charts",""
"2026-10-07T01:13:15Z","2026","5","PIT","QB","Aaron Rodgers","00-0023459","","Sleeper + Ourlads depth charts",""
"2026-10-07T01:13:15Z","2026","5","JAX","QB","Trevor Lawrence","00-0036971","","Sleeper + Ourlads depth charts",""
"2026-10-07T01:13:15Z","2026","5","ATL","QB","Michael Penix","00-0039917","","Sleeper + Ourlads depth charts",""
"2026-10-07T01:13:15Z","2026","5","BUF","QB","Josh Allen","00-0034857","","Sleeper + Ourlads depth charts",""
"2026-10-07T01:13:15Z","2026","5","DAL","QB","Dak Prescott","00-0033077","","Sleeper + Ourlads depth charts",""
"2026-10-07T01:13:15Z","2026","5","DET","QB","Jared Goff","00-0033106","","Sleeper + Ourlads depth charts",""
"2026-10-07T01:13:15Z","2026","5","LA","QB","Matthew Stafford","00-0026498","","Sleeper + Ourlads depth charts",""
"2026-10-07T01:13:46Z","2026","5","DAL","K","Brandon Aubrey","00-0037692","","weekly run (status check only)",""
"2026-10-07T01:13:46Z","2026","5","MIN","K","Will Reichard","00-0039404","","weekly run (status check only)",""
"2026-10-07T01:13:46Z","2026","5","DET","K","Jake Bates","00-0039172","","weekly run (status check only)",""
"2026-10-07T01:13:46Z","2026","5","HOU","K","Ka'imi Fairbairn","00-0032726","","weekly run (status check only)",""
"2026-10-07T01:13:46Z","2026","5","PIT","K","Chris Boswell","00-0031136","","weekly run (status check only)",""
"2026-10-07T01:13:46Z","2026","5","JAX","K","Cam Little","00-0039409","","weekly run (status check only)",""
"2026-10-07T01:13:46Z","2026","5","CIN","K","Evan McPherson","00-0036854","","weekly run (status check only)",""
"2026-10-07T01:13:46Z","2026","5","TB","K","Chase McLaughlin","00-0035358","Questionable","weekly run (status check only)",""
"2026-10-07T01:13:46Z","2026","5","ATL","K","Nick Folk","00-0025565","","weekly run (status check only)",""
"2026-10-07T01:13:46Z","2026","5","DEN","K","Wil Lutz","00-0032569","","weekly run (status check only)",""
"2026-10-07T01:13:46Z","2026","5","LA","K","Harrison Mevis","00-0039498","","weekly run (status check only)",""
"2026-10-07T01:13:46Z","2026","5","SEA","K","Jason Myers","00-0031492","","weekly run (status check only)",""
"2026-10-07T01:13:46Z","2026","5","NO","K","Daniel Carlson","00-0034161","","weekly run (status check only)",""
"2026-10-07T01:13:46Z","2026","5","ARI","K","Chad Ryland","00-0038567","","weekly run (status check only)",""
"2026-10-07T01:13:46Z","2026","5","LAC","K","Cameron Dicker","00-0037224","","weekly run (status check only)",""
"2026-10-07T01:13:46Z","2026","5","BUF","K","Tyler Bass","00-0036162","","weekly run (status check only)",""
"2026-10-07T01:13:46Z","2026","5","IND","K","Spencer Shrader","00-0039576","","weekly run (status check only)",""
"2026-10-07T01:13:46Z","2026","5","NYJ","K","Jason Sanders","00-0034794","","weekly run (status check only)",""
"2026-10-07T01:13:46Z","2026","5","BAL","K","Tyler Loop","00-0040074","","weekly run (status check only)",""
"2026-10-07T01:13:46Z","2026","5","WAS","K","Drew Stevens","00-0041182","","weekly run (status check only)",""
"2026-10-07T01:13:46Z","2026","5","SF","K","Eddy Pineiro","00-0034173","","weekly run (status check only)",""
"2026-10-07T01:13:46Z","2026","5","NE","K","Andy Borregales","00-0040200","","weekly run (status check only)",""
"2026-10-07T01:13:46Z","2026","5","CHI","K","Cairo Santos","00-0031203","","weekly run (status check only)",""
"2026-10-07T01:13:46Z","2026","5","CLE","K","Andre Szmyt","00-0038428","","weekly run (status check only)",""
"2026-10-07T01:13:46Z","2026","5","LV","K","Matt Gay","00-0035269","","weekly run (status check only)",""
"2026-10-07T01:13:46Z","2026","5","NYG","K","Dominic Zvada","00-0041145","","weekly run (status check only)",""
"2026-10-07T01:13:46Z","2026","5","PHI","K","Jake Elliott","00-0033787","","weekly run (status check only)",""
"2026-10-07T01:13:46Z","2026","5","TEN","K","Joey Slye","00-0035192","","weekly run (status check only)",""
"2026-10-07T01:13:46Z","2026","5","GB","K","Trey Smack","00-0040899","","weekly run (status check only)",""
"2026-10-07T01:13:46Z","2026","5","MIA","K","Riley Patterson","00-0036816","","weekly run (status check only)",""
"2026-10-07T05:09:06Z","2026","5","NO","QB","Tyler Shough","00-0040743","","Sleeper + Ourlads depth charts",""
"2026-10-07T05:09:06Z","2026","5","TEN","QB","Cam Ward","00-0040676","","Sleeper + Ourlads depth charts",""
"2026-10-07T05:09:06Z","2026","5","MIA","QB","Malik Willis","00-0038128","","Sleeper + Ourlads depth charts",""
"2026-10-07T05:09:06Z","2026","5","LV","QB","Kirk Cousins","00-0029604","","Sleeper + Ourlads depth charts",""
"2026-10-07T05:09:06Z","2026","5","PHI","QB","Jalen Hurts","00-0036389","","Sleeper + Ourlads depth charts",""
"2026-10-07T05:09:06Z","2026","5","TB","QB","Jalon Daniels","00-0041251","","Sleeper + Ourlads depth charts",""
"2026-10-07T05:09:06Z","2026","5","LAC","QB","Justin Herbert","00-0036355","","Sleeper + Ourlads depth charts",""
"2026-10-07T05:09:06Z","2026","5","NYJ","QB","Geno Smith","00-0030565","","Sleeper + Ourlads depth charts",""
"2026-10-07T05:09:06Z","2026","5","NYG","QB","Jameis Winston","00-0031503","","Sleeper + Ourlads depth charts",""
"2026-10-07T05:09:06Z","2026","5","IND","QB","Daniel Jones","00-0035710","","Sleeper + Ourlads depth charts",""
"2026-10-07T05:09:06Z","2026","5","CLE","QB","Deshaun Watson","00-0033537","","Sleeper + Ourlads depth charts",""
"2026-10-07T05:09:06Z","2026","5","GB","QB","Jordan Love","00-0036264","","Sleeper + Ourlads depth charts",""
"2026-10-07T05:09:06Z","2026","5","HOU","QB","C.J. Stroud","00-0039163","","Sleeper + Ourlads depth charts",""
"2026-10-07T05:09:06Z","2026","5","WAS","QB","Athan Kaliakmanis","00-0041117","","Sleeper + Ourlads depth charts",""
"2026-10-07T05:09:06Z","2026","5","SF","QB","Brock Purdy","00-0037834","","Sleeper + Ourlads depth charts",""
"2026-10-07T05:09:06Z","2026","5","MIN","QB","Kyler Murray","00-0035228","","Sleeper + Ourlads depth charts",""
"2026-10-07T05:09:06Z","2026","5","NE","QB","Drake Maye","00-0039851","","Sleeper + Ourlads depth charts",""
"2026-10-07T05:09:06Z","2026","5","DEN","QB","Bo Nix","00-0039732","","Sleeper + Ourlads depth charts",""
"2026-10-07T05:09:06Z","2026","5","BAL","QB","Lamar Jackson","00-0034796","Questionable","Sleeper + Ourlads depth charts",""
"2026-10-07T05:09:06Z","2026","5","CHI","QB","Tyson Bagent","00-0038416","","Sleeper + Ourlads depth charts",""
"2026-10-07T05:09:06Z","2026","5","CIN","QB","Joe Burrow","00-0036442","","Sleeper + Ourlads depth charts",""
"2026-10-07T05:09:06Z","2026","5","SEA","QB","Sam Darnold","00-0034869","","Sleeper + Ourlads depth charts",""
"2026-10-07T05:09:06Z","2026","5","ARI","QB","Jacoby Brissett","00-0033119","","Sleeper + Ourlads depth charts",""
"2026-10-07T05:09:06Z","2026","5","PIT","QB","Aaron Rodgers","00-0023459","","Sleeper + Ourlads depth charts",""
"2026-10-07T05:09:06Z","2026","5","JAX","QB","Trevor Lawrence","00-0036971","","Sleeper + Ourlads depth charts",""
"2026-10-07T05:09:06Z","2026","5","ATL","QB","Michael Penix","00-0039917","","Sleeper + Ourlads depth charts",""
"2026-10-07T05:09:06Z","2026","5","BUF","QB","Josh Allen","00-0034857","","Sleeper + Ourlads depth charts",""
"2026-10-07T05:09:06Z","2026","5","DAL","QB","Dak Prescott","00-0033077","","Sleeper + Ourlads depth charts",""
"2026-10-07T05:09:06Z","2026","5","DET","QB","Jared Goff","00-0033106","","Sleeper + Ourlads depth charts",""
"2026-10-07T05:09:06Z","2026","5","LA","QB","Matthew Stafford","00-0026498","","Sleeper + Ourlads depth charts",""
"2026-10-07T05:09:37Z","2026","5","DAL","K","Brandon Aubrey","00-0037692","","weekly run (status check only)",""
"2026-10-07T05:09:37Z","2026","5","MIN","K","Will Reichard","00-0039404","","weekly run (status check only)",""
"2026-10-07T05:09:37Z","2026","5","DET","K","Jake Bates","00-0039172","","weekly run (status check only)",""
"2026-10-07T05:09:37Z","2026","5","HOU","K","Ka'imi Fairbairn","00-0032726","","weekly run (status check only)",""
"2026-10-07T05:09:37Z","2026","5","PIT","K","Chris Boswell","00-0031136","","weekly run (status check only)",""
"2026-10-07T05:09:37Z","2026","5","JAX","K","Cam Little","00-0039409","","weekly run (status check only)",""
"2026-10-07T05:09:37Z","2026","5","CIN","K","Evan McPherson","00-0036854","","weekly run (status check only)",""
"2026-10-07T05:09:37Z","2026","5","TB","K","Chase McLaughlin","00-0035358","Questionable","weekly run (status check only)",""
"2026-10-07T05:09:37Z","2026","5","ATL","K","Nick Folk","00-0025565","","weekly run (status check only)",""
"2026-10-07T05:09:37Z","2026","5","DEN","K","Wil Lutz","00-0032569","","weekly run (status check only)",""
"2026-10-07T05:09:37Z","2026","5","LA","K","Harrison Mevis","00-0039498","","weekly run (status check only)",""
"2026-10-07T05:09:37Z","2026","5","SEA","K","Jason Myers","00-0031492","","weekly run (status check only)",""
"2026-10-07T05:09:37Z","2026","5","NO","K","Daniel Carlson","00-0034161","","weekly run (status check only)",""
"2026-10-07T05:09:37Z","2026","5","ARI","K","Chad Ryland","00-0038567","","weekly run (status check only)",""
"2026-10-07T05:09:37Z","2026","5","LAC","K","Cameron Dicker","00-0037224","","weekly run (status check only)",""
"2026-10-07T05:09:37Z","2026","5","BUF","K","Tyler Bass","00-0036162","","weekly run (status check only)",""
"2026-10-07T05:09:37Z","2026","5","IND","K","Spencer Shrader","00-0039576","","weekly run (status check only)",""
"2026-10-07T05:09:37Z","2026","5","NYJ","K","Jason Sanders","00-0034794","","weekly run (status check only)",""
"2026-10-07T05:09:37Z","2026","5","BAL","K","Tyler Loop","00-0040074","","weekly run (status check only)",""
"2026-10-07T05:09:37Z","2026","5","WAS","K","Drew Stevens","00-0041182","","weekly run (status check only)",""
"2026-10-07T05:09:37Z","2026","5","SF","K","Eddy Pineiro","00-0034173","","weekly run (status check only)",""
"2026-10-07T05:09:37Z","2026","5","NE","K","Andy Borregales","00-0040200","","weekly run (status check only)",""
"2026-10-07T05:09:37Z","2026","5","CHI","K","Cairo Santos","00-0031203","","weekly run (status check only)",""
"2026-10-07T05:09:37Z","2026","5","CLE","K","Andre Szmyt","00-0038428","","weekly run (status check only)",""
"2026-10-07T05:09:37Z","2026","5","LV","K","Matt Gay","00-0035269","","weekly run (status check only)",""
"2026-10-07T05:09:37Z","2026","5","NYG","K","Dominic Zvada","00-0041145","","weekly run (status check only)",""
"2026-10-07T05:09:37Z","2026","5","PHI","K","Jake Elliott","00-0033787","","weekly run (status check only)",""
"2026-10-07T05:09:37Z","2026","5","TEN","K","Joey Slye","00-0035192","","weekly run (status check only)",""
"2026-10-07T05:09:37Z","2026","5","GB","K","Trey Smack","00-0040899","","weekly run (status check only)",""
"2026-10-07T05:09:37Z","2026","5","MIA","K","Riley Patterson","00-0036816","","weekly run (status check only)",""
"2026-10-07T16:48:09Z","2026","5","NO","QB","Tyler Shough","00-0040743","","nflverse schedule",""
"2026-10-07T16:48:09Z","2026","5","TEN","QB","Cam Ward","00-0040676","","nflverse schedule",""
"2026-10-07T16:48:09Z","2026","5","MIA","QB","Malik Willis","00-0038128","","nflverse schedule",""
"2026-10-07T16:48:09Z","2026","5","LV","QB","Kirk Cousins","00-0029604","","nflverse schedule",""
"2026-10-07T16:48:09Z","2026","5","PHI","QB","Jalen Hurts","00-0036389","","nflverse schedule",""
"2026-10-07T16:48:09Z","2026","5","TB","QB","Jalon Daniels","00-0041251","","nflverse schedule",""
"2026-10-07T16:48:09Z","2026","5","LAC","QB","Justin Herbert","00-0036355","","nflverse schedule",""
"2026-10-07T16:48:09Z","2026","5","NYJ","QB","Geno Smith","00-0030565","","nflverse schedule",""
"2026-10-07T16:48:09Z","2026","5","NYG","QB","Jameis Winston","00-0031503","","nflverse schedule",""
"2026-10-07T16:48:09Z","2026","5","IND","QB","Daniel Jones","00-0035710","","nflverse schedule",""
"2026-10-07T16:48:09Z","2026","5","CLE","QB","Deshaun Watson","00-0033537","","nflverse schedule",""
"2026-10-07T16:48:09Z","2026","5","GB","QB","Jordan Love","00-0036264","","nflverse schedule",""
"2026-10-07T16:48:09Z","2026","5","HOU","QB","C.J. Stroud","00-0039163","","nflverse schedule",""
"2026-10-07T16:48:09Z","2026","5","WAS","QB","Athan Kaliakmanis","00-0041117","","schedule QB Jayden Daniels ruled out (Out) → Sleeper + Ourlads depth charts",""
"2026-10-07T16:48:09Z","2026","5","SF","QB","Brock Purdy","00-0037834","","nflverse schedule",""
"2026-10-07T16:48:09Z","2026","5","MIN","QB","Kyler Murray","00-0035228","","nflverse schedule",""
"2026-10-07T16:48:09Z","2026","5","NE","QB","Drake Maye","00-0039851","","nflverse schedule",""
"2026-10-07T16:48:09Z","2026","5","DEN","QB","Bo Nix","00-0039732","","nflverse schedule",""
"2026-10-07T16:48:09Z","2026","5","BAL","QB","Lamar Jackson","00-0034796","Questionable","nflverse schedule",""
"2026-10-07T16:48:09Z","2026","5","CHI","QB","Tyson Bagent","00-0038416","","nflverse schedule",""
"2026-10-07T16:48:09Z","2026","5","CIN","QB","Joe Burrow","00-0036442","","nflverse schedule",""
"2026-10-07T16:48:09Z","2026","5","SEA","QB","Sam Darnold","00-0034869","","Sleeper + Ourlads depth charts agree (schedule differs)","Schedule: Drew Lock"
"2026-10-07T16:48:09Z","2026","5","ARI","QB","Jacoby Brissett","00-0033119","","nflverse schedule",""
"2026-10-07T16:48:09Z","2026","5","PIT","QB","Aaron Rodgers","00-0023459","","nflverse schedule",""
"2026-10-07T16:48:09Z","2026","5","JAX","QB","Trevor Lawrence","00-0036971","","nflverse schedule",""
"2026-10-07T16:48:09Z","2026","5","ATL","QB","Michael Penix Jr.","00-0039917","","nflverse schedule",""
"2026-10-07T16:48:09Z","2026","5","BUF","QB","Josh Allen","00-0034857","","nflverse schedule",""
"2026-10-07T16:48:09Z","2026","5","DAL","QB","Dak Prescott","00-0033077","","nflverse schedule",""
"2026-10-07T16:48:09Z","2026","5","DET","QB","Jared Goff","00-0033106","","nflverse schedule",""
"2026-10-07T16:48:09Z","2026","5","LA","QB","Matthew Stafford","00-0026498","","nflverse schedule",""
"2026-10-07T16:48:46Z","2026","5","DAL","K","Brandon Aubrey","00-0037692","","weekly run (status check only)",""
"2026-10-07T16:48:46Z","2026","5","MIN","K","Will Reichard","00-0039404","","weekly run (status check only)",""
"2026-10-07T16:48:46Z","2026","5","DET","K","Jake Bates","00-0039172","","weekly run (status check only)",""
"2026-10-07T16:48:46Z","2026","5","HOU","K","Ka'imi Fairbairn","00-0032726","","weekly run (status check only)",""
"2026-10-07T16:48:46Z","2026","5","PIT","K","Chris Boswell","00-0031136","","weekly run (status check only)",""
"2026-10-07T16:48:46Z","2026","5","JAX","K","Cam Little","00-0039409","","weekly run (status check only)",""
"2026-10-07T16:48:46Z","2026","5","CIN","K","Evan McPherson","00-0036854","","weekly run (status check only)",""
"2026-10-07T16:48:46Z","2026","5","TB","K","Chase McLaughlin","00-0035358","","weekly run (status check only)",""
"2026-10-07T16:48:46Z","2026","5","ATL","K","Nick Folk","00-0025565","","weekly run (status check only)",""
"2026-10-07T16:48:46Z","2026","5","DEN","K","Wil Lutz","00-0032569","","weekly run (status check only)",""
"2026-10-07T16:48:46Z","2026","5","LA","K","Harrison Mevis","00-0039498","","weekly run (status check only)",""
"2026-10-07T16:48:46Z","2026","5","SEA","K","Jason Myers","00-0031492","","weekly run (status check only)",""
"2026-10-07T16:48:46Z","2026","5","NO","K","Daniel Carlson","00-0034161","","weekly run (status check only)",""
"2026-10-07T16:48:46Z","2026","5","ARI","K","Chad Ryland","00-0038567","","weekly run (status check only)",""
"2026-10-07T16:48:46Z","2026","5","LAC","K","Cameron Dicker","00-0037224","","weekly run (status check only)",""
"2026-10-07T16:48:46Z","2026","5","BUF","K","Tyler Bass","00-0036162","","weekly run (status check only)",""
"2026-10-07T16:48:46Z","2026","5","IND","K","Spencer Shrader","00-0039576","","weekly run (status check only)",""
"2026-10-07T16:48:46Z","2026","5","NYJ","K","Jason Sanders","00-0034794","","weekly run (status check only)",""
"2026-10-07T16:48:46Z","2026","5","BAL","K","Tyler Loop","00-0040074","","weekly run (status check only)",""
"2026-10-07T16:48:46Z","2026","5","WAS","K","Drew Stevens","00-0041182","","weekly run (status check only)",""
"2026-10-07T16:48:46Z","2026","5","SF","K","Eddy Pineiro","00-0034173","","weekly run (status check only)",""
"2026-10-07T16:48:46Z","2026","5","NE","K","Andy Borregales","00-0040200","","weekly run (status check only)",""
"2026-10-07T16:48:46Z","2026","5","CHI","K","Cairo Santos","00-0031203","","weekly run (status check only)",""
"2026-10-07T16:48:46Z","2026","5","CLE","K","Andre Szmyt","00-0038428","","weekly run (status check only)",""
"2026-10-07T16:48:46Z","2026","5","LV","K","Matt Gay","00-0035269","","weekly run (status check only)",""
"2026-10-07T16:48:46Z","2026","5","NYG","K","Dominic Zvada","00-0041145","","weekly run (status check only)",""
"2026-10-07T16:48:46Z","2026","5","PHI","K","Jake Elliott","00-0033787","","weekly run (status check only)",""
"2026-10-07T16:48:46Z","2026","5","TEN","K","Joey Slye","00-0035192","","weekly run (status check only)",""
"2026-10-07T16:48:46Z","2026","5","GB","K","Trey Smack","00-0040899","","weekly run (status check only)",""
"2026-10-07T16:48:46Z","2026","5","MIA","K","Riley Patterson","00-0036816","","weekly run (status check only)",""
"2026-10-07T19:23:31Z","2026","5","NO","QB","Tyler Shough","00-0040743","","nflverse schedule",""
"2026-10-07T19:23:31Z","2026","5","TEN","QB","Cam Ward","00-0040676","","nflverse schedule",""
"2026-10-07T19:23:31Z","2026","5","MIA","QB","Malik Willis","00-0038128","","nflverse schedule",""
"2026-10-07T19:23:31Z","2026","5","LV","QB","Kirk Cousins","00-0029604","","nflverse schedule",""
"2026-10-07T19:23:31Z","2026","5","PHI","QB","Jalen Hurts","00-0036389","","nflverse schedule",""
"2026-10-07T19:23:31Z","2026","5","TB","QB","Jalon Daniels","00-0041251","","nflverse schedule",""
"2026-10-07T19:23:31Z","2026","5","LAC","QB","Justin Herbert","00-0036355","","nflverse schedule",""
"2026-10-07T19:23:31Z","2026","5","NYJ","QB","Geno Smith","00-0030565","","nflverse schedule",""
"2026-10-07T19:23:31Z","2026","5","NYG","QB","Jameis Winston","00-0031503","","nflverse schedule",""
"2026-10-07T19:23:31Z","2026","5","IND","QB","Daniel Jones","00-0035710","","nflverse schedule",""
"2026-10-07T19:23:31Z","2026","5","CLE","QB","Deshaun Watson","00-0033537","","nflverse schedule",""
"2026-10-07T19:23:31Z","2026","5","GB","QB","Jordan Love","00-0036264","","nflverse schedule",""
"2026-10-07T19:23:31Z","2026","5","HOU","QB","C.J. Stroud","00-0039163","","nflverse schedule",""
"2026-10-07T19:23:31Z","2026","5","WAS","QB","Athan Kaliakmanis","00-0041117","","schedule QB Jayden Daniels ruled out (Out) → Sleeper + Ourlads depth charts",""
"2026-10-07T19:23:31Z","2026","5","SF","QB","Brock Purdy","00-0037834","","nflverse schedule",""
"2026-10-07T19:23:31Z","2026","5","MIN","QB","Kyler Murray","00-0035228","","nflverse schedule",""
"2026-10-07T19:23:31Z","2026","5","NE","QB","Drake Maye","00-0039851","","nflverse schedule",""
"2026-10-07T19:23:31Z","2026","5","DEN","QB","Bo Nix","00-0039732","","nflverse schedule",""
"2026-10-07T19:23:31Z","2026","5","BAL","QB","Lamar Jackson","00-0034796","Questionable","nflverse schedule",""
"2026-10-07T19:23:31Z","2026","5","CHI","QB","Tyson Bagent","00-0038416","","nflverse schedule",""
"2026-10-07T19:23:31Z","2026","5","CIN","QB","Joe Burrow","00-0036442","","nflverse schedule",""
"2026-10-07T19:23:31Z","2026","5","SEA","QB","Sam Darnold","00-0034869","","Sleeper + Ourlads depth charts agree (schedule differs)","Schedule: Drew Lock"
"2026-10-07T19:23:31Z","2026","5","ARI","QB","Jacoby Brissett","00-0033119","","nflverse schedule",""
"2026-10-07T19:23:31Z","2026","5","PIT","QB","Aaron Rodgers","00-0023459","","nflverse schedule",""
"2026-10-07T19:23:31Z","2026","5","JAX","QB","Trevor Lawrence","00-0036971","","nflverse schedule",""
"2026-10-07T19:23:31Z","2026","5","ATL","QB","Michael Penix Jr.","00-0039917","","nflverse schedule",""
"2026-10-07T19:23:31Z","2026","5","BUF","QB","Josh Allen","00-0034857","","nflverse schedule",""
"2026-10-07T19:23:31Z","2026","5","DAL","QB","Dak Prescott","00-0033077","","nflverse schedule",""
"2026-10-07T19:23:31Z","2026","5","DET","QB","Jared Goff","00-0033106","","nflverse schedule",""
"2026-10-07T19:23:31Z","2026","5","LA","QB","Matthew Stafford","00-0026498","","nflverse schedule",""
"2026-10-07T19:24:04Z","2026","5","DAL","K","Brandon Aubrey","00-0037692","","weekly run (status check only)",""
"2026-10-07T19:24:04Z","2026","5","MIN","K","Will Reichard","00-0039404","","weekly run (status check only)",""
"2026-10-07T19:24:04Z","2026","5","DET","K","Jake Bates","00-0039172","","weekly run (status check only)",""
"2026-10-07T19:24:04Z","2026","5","HOU","K","Ka'imi Fairbairn","00-0032726","","weekly run (status check only)",""
"2026-10-07T19:24:04Z","2026","5","PIT","K","Chris Boswell","00-0031136","","weekly run (status check only)",""
"2026-10-07T19:24:04Z","2026","5","JAX","K","Cam Little","00-0039409","","weekly run (status check only)",""
"2026-10-07T19:24:04Z","2026","5","CIN","K","Evan McPherson","00-0036854","","weekly run (status check only)",""
"2026-10-07T19:24:04Z","2026","5","TB","K","Chase McLaughlin","00-0035358","","weekly run (status check only)",""
"2026-10-07T19:24:04Z","2026","5","ATL","K","Nick Folk","00-0025565","","weekly run (status check only)",""
"2026-10-07T19:24:04Z","2026","5","DEN","K","Wil Lutz","00-0032569","","weekly run (status check only)",""
"2026-10-07T19:24:04Z","2026","5","LA","K","Harrison Mevis","00-0039498","","weekly run (status check only)",""
"2026-10-07T19:24:04Z","2026","5","SEA","K","Jason Myers","00-0031492","","weekly run (status check only)",""
"2026-10-07T19:24:04Z","2026","5","NO","K","Daniel Carlson","00-0034161","","weekly run (status check only)",""
"2026-10-07T19:24:04Z","2026","5","ARI","K","Chad Ryland","00-0038567","","weekly run (status check only)",""
"2026-10-07T19:24:04Z","2026","5","LAC","K","Cameron Dicker","00-0037224","","weekly run (status check only)",""
"2026-10-07T19:24:04Z","2026","5","BUF","K","Tyler Bass","00-0036162","","weekly run (status check only)",""
"2026-10-07T19:24:04Z","2026","5","IND","K","Spencer Shrader","00-0039576","","weekly run (status check only)",""
"2026-10-07T19:24:04Z","2026","5","NYJ","K","Jason Sanders","00-0034794","","weekly run (status check only)",""
"2026-10-07T19:24:04Z","2026","5","BAL","K","Tyler Loop","00-0040074","","weekly run (status check only)",""
"2026-10-07T19:24:04Z","2026","5","WAS","K","Drew Stevens","00-0041182","","weekly run (status check only)",""
"2026-10-07T19:24:04Z","2026","5","SF","K","Eddy Pineiro","00-0034173","","weekly run (status check only)",""
"2026-10-07T19:24:04Z","2026","5","NE","K","Andy Borregales","00-0040200","","weekly run (status check only)",""
"2026-10-07T19:24:04Z","2026","5","CHI","K","Cairo Santos","00-0031203","","weekly run (status check only)",""
"2026-10-07T19:24:04Z","2026","5","CLE","K","Andre Szmyt","00-0038428","","weekly run (status check only)",""
"2026-10-07T19:24:04Z","2026","5","LV","K","Matt Gay","00-0035269","","weekly run (status check only)",""
"2026-10-07T19:24:04Z","2026","5","NYG","K","Dominic Zvada","00-0041145","","weekly run (status check only)",""
"2026-10-07T19:24:04Z","2026","5","PHI","K","Jake Elliott","00-0033787","","weekly run (status check only)",""
"2026-10-07T19:24:04Z","2026","5","TEN","K","Joey Slye","00-0035192","","weekly run (status check only)",""
"2026-10-07T19:24:04Z","2026","5","GB","K","Trey Smack","00-0040899","","weekly run (status check only)",""
"2026-10-07T19:24:04Z","2026","5","MIA","K","Riley Patterson","00-0036816","","weekly run (status check only)",""
"2026-10-07T23:58:52Z","2026","5","NO","QB","Tyler Shough","00-0040743","Questionable","nflverse schedule",""
"2026-10-07T23:58:52Z","2026","5","TEN","QB","Cam Ward","00-0040676","","nflverse schedule",""
"2026-10-07T23:58:52Z","2026","5","MIA","QB","Malik Willis","00-0038128","","nflverse schedule",""
"2026-10-07T23:58:52Z","2026","5","LV","QB","Kirk Cousins","00-0029604","","nflverse schedule",""
"2026-10-07T23:58:52Z","2026","5","PHI","QB","Jalen Hurts","00-0036389","","nflverse schedule",""
"2026-10-07T23:58:52Z","2026","5","TB","QB","Jalon Daniels","00-0041251","","nflverse schedule",""
"2026-10-07T23:58:52Z","2026","5","LAC","QB","Justin Herbert","00-0036355","","nflverse schedule",""
"2026-10-07T23:58:52Z","2026","5","NYJ","QB","Geno Smith","00-0030565","","nflverse schedule",""
"2026-10-07T23:58:52Z","2026","5","NYG","QB","Jameis Winston","00-0031503","","nflverse schedule",""
"2026-10-07T23:58:52Z","2026","5","IND","QB","Daniel Jones","00-0035710","","nflverse schedule",""
"2026-10-07T23:58:52Z","2026","5","CLE","QB","Deshaun Watson","00-0033537","","nflverse schedule",""
"2026-10-07T23:58:52Z","2026","5","GB","QB","Jordan Love","00-0036264","","nflverse schedule",""
"2026-10-07T23:58:52Z","2026","5","HOU","QB","C.J. Stroud","00-0039163","","nflverse schedule",""
"2026-10-07T23:58:52Z","2026","5","WAS","QB","Athan Kaliakmanis","00-0041117","","schedule QB Jayden Daniels ruled out (Out) → Sleeper + Ourlads depth charts",""
"2026-10-07T23:58:52Z","2026","5","SF","QB","Brock Purdy","00-0037834","","nflverse schedule",""
"2026-10-07T23:58:52Z","2026","5","MIN","QB","Kyler Murray","00-0035228","","nflverse schedule",""
"2026-10-07T23:58:52Z","2026","5","NE","QB","Drake Maye","00-0039851","","nflverse schedule",""
"2026-10-07T23:58:52Z","2026","5","DEN","QB","Bo Nix","00-0039732","","nflverse schedule",""
"2026-10-07T23:58:52Z","2026","5","BAL","QB","Lamar Jackson","00-0034796","Questionable","nflverse schedule",""
"2026-10-07T23:58:52Z","2026","5","CHI","QB","Tyson Bagent","00-0038416","","nflverse schedule",""
"2026-10-07T23:58:52Z","2026","5","CIN","QB","Joe Burrow","00-0036442","","nflverse schedule",""
"2026-10-07T23:58:52Z","2026","5","SEA","QB","Sam Darnold","00-0034869","","Sleeper + Ourlads depth charts agree (schedule differs)","Schedule: Drew Lock"
"2026-10-07T23:58:52Z","2026","5","ARI","QB","Jacoby Brissett","00-0033119","","nflverse schedule",""
"2026-10-07T23:58:52Z","2026","5","PIT","QB","Aaron Rodgers","00-0023459","","nflverse schedule",""
"2026-10-07T23:58:52Z","2026","5","JAX","QB","Trevor Lawrence","00-0036971","","nflverse schedule",""
"2026-10-07T23:58:52Z","2026","5","ATL","QB","Michael Penix Jr.","00-0039917","","nflverse schedule",""
"2026-10-07T23:58:52Z","2026","5","BUF","QB","Josh Allen","00-0034857","","nflverse schedule",""
"2026-10-07T23:58:52Z","2026","5","DAL","QB","Dak Prescott","00-0033077","","nflverse schedule",""
"2026-10-07T23:58:52Z","2026","5","DET","QB","Jared Goff","00-0033106","","nflverse schedule",""
"2026-10-07T23:58:52Z","2026","5","LA","QB","Matthew Stafford","00-0026498","","nflverse schedule",""
"2026-10-07T23:59:29Z","2026","5","DAL","K","Brandon Aubrey","00-0037692","","weekly run (status check only)",""
"2026-10-07T23:59:29Z","2026","5","MIN","K","Will Reichard","00-0039404","","weekly run (status check only)",""
"2026-10-07T23:59:29Z","2026","5","DET","K","Jake Bates","00-0039172","","weekly run (status check only)",""
"2026-10-07T23:59:29Z","2026","5","HOU","K","Ka'imi Fairbairn","00-0032726","","weekly run (status check only)",""
"2026-10-07T23:59:29Z","2026","5","PIT","K","Chris Boswell","00-0031136","","weekly run (status check only)",""
"2026-10-07T23:59:29Z","2026","5","JAX","K","Cam Little","00-0039409","","weekly run (status check only)",""
"2026-10-07T23:59:29Z","2026","5","CIN","K","Evan McPherson","00-0036854","","weekly run (status check only)",""
"2026-10-07T23:59:29Z","2026","5","TB","K","Chase McLaughlin","00-0035358","","weekly run (status check only)",""
"2026-10-07T23:59:29Z","2026","5","ATL","K","Nick Folk","00-0025565","","weekly run (status check only)",""
"2026-10-07T23:59:29Z","2026","5","DEN","K","Wil Lutz","00-0032569","","weekly run (status check only)",""
"2026-10-07T23:59:29Z","2026","5","LA","K","Harrison Mevis","00-0039498","","weekly run (status check only)",""
"2026-10-07T23:59:29Z","2026","5","SEA","K","Jason Myers","00-0031492","","weekly run (status check only)",""
"2026-10-07T23:59:29Z","2026","5","NO","K","Daniel Carlson","00-0034161","","weekly run (status check only)",""
"2026-10-07T23:59:29Z","2026","5","ARI","K","Chad Ryland","00-0038567","","weekly run (status check only)",""
"2026-10-07T23:59:29Z","2026","5","LAC","K","Cameron Dicker","00-0037224","","weekly run (status check only)",""
"2026-10-07T23:59:29Z","2026","5","BUF","K","Tyler Bass","00-0036162","","weekly run (status check only)",""
"2026-10-07T23:59:29Z","2026","5","IND","K","Spencer Shrader","00-0039576","","weekly run (status check only)",""
"2026-10-07T23:59:29Z","2026","5","NYJ","K","Jason Sanders","00-0034794","","weekly run (status check only)",""
"2026-10-07T23:59:29Z","2026","5","BAL","K","Tyler Loop","00-0040074","","weekly run (status check only)",""
"2026-10-07T23:59:29Z","2026","5","WAS","K","Drew Stevens","00-0041182","","weekly run (status check only)",""
"2026-10-07T23:59:29Z","2026","5","SF","K","Eddy Pineiro","00-0034173","","weekly run (status check only)",""
"2026-10-07T23:59:29Z","2026","5","NE","K","Andy Borregales","00-0040200","","weekly run (status check only)",""
"2026-10-07T23:59:29Z","2026","5","CHI","K","Cairo Santos","00-0031203","","weekly run (status check only)",""
"2026-10-07T23:59:29Z","2026","5","CLE","K","Andre Szmyt","00-0038428","","weekly run (status check only)",""
"2026-10-07T23:59:29Z","2026","5","LV","K","Matt Gay","00-0035269","","weekly run (status check only)",""
"2026-10-07T23:59:29Z","2026","5","NYG","K","Dominic Zvada","00-0041145","","weekly run (status check only)",""
"2026-10-07T23:59:29Z","2026","5","PHI","K","Jake Elliott","00-0033787","","weekly run (status check only)",""
"2026-10-07T23:59:29Z","2026","5","TEN","K","Joey Slye","00-0035192","","weekly run (status check only)",""
"2026-10-07T23:59:29Z","2026","5","GB","K","Trey Smack","00-0040899","","weekly run (status check only)",""
"2026-10-07T23:59:29Z","2026","5","MIA","K","Riley Patterson","00-0036816","","weekly run (status check only)",""
"2026-10-08T01:21:08Z","2026","5","NO","QB","Tyler Shough","00-0040743","Questionable","nflverse schedule",""
"2026-10-08T01:21:08Z","2026","5","TEN","QB","Cam Ward","00-0040676","","nflverse schedule",""
"2026-10-08T01:21:08Z","2026","5","MIA","QB","Malik Willis","00-0038128","","nflverse schedule",""
"2026-10-08T01:21:08Z","2026","5","LV","QB","Kirk Cousins","00-0029604","","nflverse schedule",""
"2026-10-08T01:21:08Z","2026","5","PHI","QB","Jalen Hurts","00-0036389","","nflverse schedule",""
"2026-10-08T01:21:08Z","2026","5","TB","QB","Jalon Daniels","00-0041251","","nflverse schedule",""
"2026-10-08T01:21:08Z","2026","5","LAC","QB","Justin Herbert","00-0036355","","nflverse schedule",""
"2026-10-08T01:21:08Z","2026","5","NYJ","QB","Geno Smith","00-0030565","","nflverse schedule",""
"2026-10-08T01:21:08Z","2026","5","NYG","QB","Jameis Winston","00-0031503","","nflverse schedule",""
"2026-10-08T01:21:08Z","2026","5","IND","QB","Daniel Jones","00-0035710","","nflverse schedule",""
"2026-10-08T01:21:08Z","2026","5","CLE","QB","Deshaun Watson","00-0033537","","nflverse schedule",""
"2026-10-08T01:21:08Z","2026","5","GB","QB","Jordan Love","00-0036264","","nflverse schedule",""
"2026-10-08T01:21:08Z","2026","5","HOU","QB","C.J. Stroud","00-0039163","","nflverse schedule",""
"2026-10-08T01:21:08Z","2026","5","WAS","QB","Athan Kaliakmanis","00-0041117","","schedule QB Jayden Daniels ruled out (Out) → Sleeper + Ourlads depth charts",""
"2026-10-08T01:21:08Z","2026","5","SF","QB","Brock Purdy","00-0037834","","nflverse schedule",""
"2026-10-08T01:21:08Z","2026","5","MIN","QB","Kyler Murray","00-0035228","","nflverse schedule",""
"2026-10-08T01:21:08Z","2026","5","NE","QB","Drake Maye","00-0039851","","nflverse schedule",""
"2026-10-08T01:21:08Z","2026","5","DEN","QB","Bo Nix","00-0039732","","nflverse schedule",""
"2026-10-08T01:21:08Z","2026","5","BAL","QB","Lamar Jackson","00-0034796","Questionable","nflverse schedule","Sleeper: Tyler Huntley"
"2026-10-08T01:21:08Z","2026","5","CHI","QB","Tyson Bagent","00-0038416","","nflverse schedule",""
"2026-10-08T01:21:08Z","2026","5","CIN","QB","Joe Burrow","00-0036442","","nflverse schedule",""
"2026-10-08T01:21:08Z","2026","5","SEA","QB","Sam Darnold","00-0034869","","Sleeper + Ourlads depth charts agree (schedule differs)","Schedule: Drew Lock"
"2026-10-08T01:21:08Z","2026","5","ARI","QB","Jacoby Brissett","00-0033119","","nflverse schedule",""
"2026-10-08T01:21:08Z","2026","5","PIT","QB","Aaron Rodgers","00-0023459","","nflverse schedule",""
"2026-10-08T01:21:08Z","2026","5","JAX","QB","Trevor Lawrence","00-0036971","","nflverse schedule",""
"2026-10-08T01:21:08Z","2026","5","ATL","QB","Michael Penix Jr.","00-0039917","","nflverse schedule",""
"2026-10-08T01:21:08Z","2026","5","BUF","QB","Josh Allen","00-0034857","","nflverse schedule",""
"2026-10-08T01:21:08Z","2026","5","DAL","QB","Dak Prescott","00-0033077","","nflverse schedule",""
"2026-10-08T01:21:08Z","2026","5","DET","QB","Jared Goff","00-0033106","","nflverse schedule",""
"2026-10-08T01:21:08Z","2026","5","LA","QB","Matthew Stafford","00-0026498","","nflverse schedule",""
"2026-10-08T01:21:38Z","2026","5","DAL","K","Brandon Aubrey","00-0037692","","weekly run (status check only)",""
"2026-10-08T01:21:38Z","2026","5","MIN","K","Will Reichard","00-0039404","","weekly run (status check only)",""
"2026-10-08T01:21:38Z","2026","5","DET","K","Jake Bates","00-0039172","","weekly run (status check only)",""
"2026-10-08T01:21:38Z","2026","5","HOU","K","Ka'imi Fairbairn","00-0032726","","weekly run (status check only)",""
"2026-10-08T01:21:38Z","2026","5","PIT","K","Chris Boswell","00-0031136","","weekly run (status check only)",""
"2026-10-08T01:21:38Z","2026","5","JAX","K","Cam Little","00-0039409","","weekly run (status check only)",""
"2026-10-08T01:21:38Z","2026","5","CIN","K","Evan McPherson","00-0036854","","weekly run (status check only)",""
"2026-10-08T01:21:38Z","2026","5","TB","K","Chase McLaughlin","00-0035358","","weekly run (status check only)",""
"2026-10-08T01:21:38Z","2026","5","ATL","K","Nick Folk","00-0025565","","weekly run (status check only)",""
"2026-10-08T01:21:38Z","2026","5","DEN","K","Wil Lutz","00-0032569","","weekly run (status check only)",""
"2026-10-08T01:21:38Z","2026","5","LA","K","Harrison Mevis","00-0039498","","weekly run (status check only)",""
"2026-10-08T01:21:38Z","2026","5","SEA","K","Jason Myers","00-0031492","","weekly run (status check only)",""
"2026-10-08T01:21:38Z","2026","5","NO","K","Daniel Carlson","00-0034161","","weekly run (status check only)",""
"2026-10-08T01:21:38Z","2026","5","ARI","K","Chad Ryland","00-0038567","","weekly run (status check only)",""
"2026-10-08T01:21:38Z","2026","5","LAC","K","Cameron Dicker","00-0037224","","weekly run (status check only)",""
"2026-10-08T01:21:38Z","2026","5","BUF","K","Tyler Bass","00-0036162","","weekly run (status check only)",""
"2026-10-08T01:21:38Z","2026","5","IND","K","Spencer Shrader","00-0039576","","weekly run (status check only)",""
"2026-10-08T01:21:38Z","2026","5","NYJ","K","Jason Sanders","00-0034794","","weekly run (status check only)",""
"2026-10-08T01:21:38Z","2026","5","BAL","K","Tyler Loop","00-0040074","","weekly run (status check only)",""
"2026-10-08T01:21:38Z","2026","5","WAS","K","Drew Stevens","00-0041182","","weekly run (status check only)",""
"2026-10-08T01:21:38Z","2026","5","SF","K","Eddy Pineiro","00-0034173","","weekly run (status check only)",""
"2026-10-08T01:21:38Z","2026","5","NE","K","Andy Borregales","00-0040200","","weekly run (status check only)",""
"2026-10-08T01:21:38Z","2026","5","CHI","K","Cairo Santos","00-0031203","","weekly run (status check only)",""
"2026-10-08T01:21:38Z","2026","5","CLE","K","Andre Szmyt","00-0038428","","weekly run (status check only)",""
"2026-10-08T01:21:38Z","2026","5","LV","K","Matt Gay","00-0035269","","weekly run (status check only)",""
"2026-10-08T01:21:38Z","2026","5","NYG","K","Dominic Zvada","00-0041145","","weekly run (status check only)",""
"2026-10-08T01:21:38Z","2026","5","PHI","K","Jake Elliott","00-0033787","","weekly run (status check only)",""
"2026-10-08T01:21:38Z","2026","5","TEN","K","Joey Slye","00-0035192","","weekly run (status check only)",""
"2026-10-08T01:21:38Z","2026","5","GB","K","Trey Smack","00-0040899","","weekly run (status check only)",""
"2026-10-08T01:21:38Z","2026","5","MIA","K","Riley Patterson","00-0036816","","weekly run (status check only)",""
"2026-10-08T01:33:34Z","2026","5","NO","QB","Tyler Shough","00-0040743","Questionable","nflverse schedule",""
"2026-10-08T01:33:34Z","2026","5","TEN","QB","Cam Ward","00-0040676","","nflverse schedule",""
"2026-10-08T01:33:34Z","2026","5","MIA","QB","Malik Willis","00-0038128","","nflverse schedule",""
"2026-10-08T01:33:34Z","2026","5","LV","QB","Kirk Cousins","00-0029604","","nflverse schedule",""
"2026-10-08T01:33:34Z","2026","5","PHI","QB","Jalen Hurts","00-0036389","","nflverse schedule",""
"2026-10-08T01:33:34Z","2026","5","TB","QB","Jalon Daniels","00-0041251","","nflverse schedule",""
"2026-10-08T01:33:34Z","2026","5","LAC","QB","Justin Herbert","00-0036355","","nflverse schedule",""
"2026-10-08T01:33:34Z","2026","5","NYJ","QB","Geno Smith","00-0030565","","nflverse schedule",""
"2026-10-08T01:33:34Z","2026","5","NYG","QB","Jameis Winston","00-0031503","","nflverse schedule",""
"2026-10-08T01:33:34Z","2026","5","IND","QB","Daniel Jones","00-0035710","","nflverse schedule",""
"2026-10-08T01:33:34Z","2026","5","CLE","QB","Deshaun Watson","00-0033537","","nflverse schedule",""
"2026-10-08T01:33:34Z","2026","5","GB","QB","Jordan Love","00-0036264","","nflverse schedule",""
"2026-10-08T01:33:34Z","2026","5","HOU","QB","C.J. Stroud","00-0039163","","nflverse schedule",""
"2026-10-08T01:33:34Z","2026","5","WAS","QB","Athan Kaliakmanis","00-0041117","","schedule QB Jayden Daniels ruled out (Out) → Sleeper + Ourlads depth charts",""
"2026-10-08T01:33:34Z","2026","5","SF","QB","Brock Purdy","00-0037834","","nflverse schedule",""
"2026-10-08T01:33:34Z","2026","5","MIN","QB","Kyler Murray","00-0035228","","nflverse schedule",""
"2026-10-08T01:33:34Z","2026","5","NE","QB","Drake Maye","00-0039851","","nflverse schedule",""
"2026-10-08T01:33:34Z","2026","5","DEN","QB","Bo Nix","00-0039732","","nflverse schedule",""
"2026-10-08T01:33:34Z","2026","5","BAL","QB","Lamar Jackson","00-0034796","Questionable","nflverse schedule","Sleeper: Tyler Huntley"
"2026-10-08T01:33:34Z","2026","5","CHI","QB","Tyson Bagent","00-0038416","","nflverse schedule",""
"2026-10-08T01:33:34Z","2026","5","CIN","QB","Joe Burrow","00-0036442","","nflverse schedule",""
"2026-10-08T01:33:34Z","2026","5","SEA","QB","Sam Darnold","00-0034869","","Sleeper + Ourlads depth charts agree (schedule differs)","Schedule: Drew Lock"
"2026-10-08T01:33:34Z","2026","5","ARI","QB","Jacoby Brissett","00-0033119","","nflverse schedule",""
"2026-10-08T01:33:34Z","2026","5","PIT","QB","Aaron Rodgers","00-0023459","","nflverse schedule",""
"2026-10-08T01:33:34Z","2026","5","JAX","QB","Trevor Lawrence","00-0036971","","nflverse schedule",""
"2026-10-08T01:33:34Z","2026","5","ATL","QB","Michael Penix Jr.","00-0039917","","nflverse schedule",""
"2026-10-08T01:33:34Z","2026","5","BUF","QB","Josh Allen","00-0034857","","nflverse schedule",""
"2026-10-08T01:33:34Z","2026","5","DAL","QB","Dak Prescott","00-0033077","","nflverse schedule",""
"2026-10-08T01:33:34Z","2026","5","DET","QB","Jared Goff","00-0033106","","nflverse schedule",""
"2026-10-08T01:33:34Z","2026","5","LA","QB","Matthew Stafford","00-0026498","","nflverse schedule",""
"2026-10-08T01:34:03Z","2026","5","DAL","K","Brandon Aubrey","00-0037692","","weekly run (status check only)",""
"2026-10-08T01:34:03Z","2026","5","MIN","K","Will Reichard","00-0039404","","weekly run (status check only)",""
"2026-10-08T01:34:03Z","2026","5","DET","K","Jake Bates","00-0039172","","weekly run (status check only)",""
"2026-10-08T01:34:03Z","2026","5","HOU","K","Ka'imi Fairbairn","00-0032726","","weekly run (status check only)",""
"2026-10-08T01:34:03Z","2026","5","PIT","K","Chris Boswell","00-0031136","","weekly run (status check only)",""
"2026-10-08T01:34:03Z","2026","5","JAX","K","Cam Little","00-0039409","","weekly run (status check only)",""
"2026-10-08T01:34:03Z","2026","5","CIN","K","Evan McPherson","00-0036854","","weekly run (status check only)",""
"2026-10-08T01:34:03Z","2026","5","TB","K","Chase McLaughlin","00-0035358","","weekly run (status check only)",""
"2026-10-08T01:34:03Z","2026","5","ATL","K","Nick Folk","00-0025565","","weekly run (status check only)",""
"2026-10-08T01:34:03Z","2026","5","DEN","K","Wil Lutz","00-0032569","","weekly run (status check only)",""
"2026-10-08T01:34:03Z","2026","5","LA","K","Harrison Mevis","00-0039498","","weekly run (status check only)",""
"2026-10-08T01:34:03Z","2026","5","SEA","K","Jason Myers","00-0031492","","weekly run (status check only)",""
"2026-10-08T01:34:03Z","2026","5","NO","K","Daniel Carlson","00-0034161","","weekly run (status check only)",""
"2026-10-08T01:34:03Z","2026","5","ARI","K","Chad Ryland","00-0038567","","weekly run (status check only)",""
"2026-10-08T01:34:03Z","2026","5","LAC","K","Cameron Dicker","00-0037224","","weekly run (status check only)",""
"2026-10-08T01:34:03Z","2026","5","BUF","K","Tyler Bass","00-0036162","","weekly run (status check only)",""
"2026-10-08T01:34:03Z","2026","5","IND","K","Spencer Shrader","00-0039576","","weekly run (status check only)",""
"2026-10-08T01:34:03Z","2026","5","NYJ","K","Jason Sanders","00-0034794","","weekly run (status check only)",""
"2026-10-08T01:34:03Z","2026","5","BAL","K","Tyler Loop","00-0040074","","weekly run (status check only)",""
"2026-10-08T01:34:03Z","2026","5","WAS","K","Drew Stevens","00-0041182","","weekly run (status check only)",""
"2026-10-08T01:34:03Z","2026","5","SF","K","Eddy Pineiro","00-0034173","","weekly run (status check only)",""
"2026-10-08T01:34:03Z","2026","5","NE","K","Andy Borregales","00-0040200","","weekly run (status check only)",""
"2026-10-08T01:34:03Z","2026","5","CHI","K","Cairo Santos","00-0031203","","weekly run (status check only)",""
"2026-10-08T01:34:03Z","2026","5","CLE","K","Andre Szmyt","00-0038428","","weekly run (status check only)",""
"2026-10-08T01:34:03Z","2026","5","LV","K","Matt Gay","00-0035269","","weekly run (status check only)",""
"2026-10-08T01:34:03Z","2026","5","NYG","K","Dominic Zvada","00-0041145","","weekly run (status check only)",""
"2026-10-08T01:34:03Z","2026","5","PHI","K","Jake Elliott","00-0033787","","weekly run (status check only)",""
"2026-10-08T01:34:03Z","2026","5","TEN","K","Joey Slye","00-0035192","","weekly run (status check only)",""
"2026-10-08T01:34:03Z","2026","5","GB","K","Trey Smack","00-0040899","","weekly run (status check only)",""
"2026-10-08T01:34:03Z","2026","5","MIA","K","Riley Patterson","00-0036816","","weekly run (status check only)",""
"2026-10-08T02:07:46Z","2026","5","NO","QB","Tyler Shough","00-0040743","Questionable","nflverse schedule",""
"2026-10-08T02:07:46Z","2026","5","TEN","QB","Cam Ward","00-0040676","","nflverse schedule",""
"2026-10-08T02:07:46Z","2026","5","MIA","QB","Malik Willis","00-0038128","","nflverse schedule",""
"2026-10-08T02:07:46Z","2026","5","LV","QB","Kirk Cousins","00-0029604","","nflverse schedule",""
"2026-10-08T02:07:46Z","2026","5","PHI","QB","Jalen Hurts","00-0036389","","nflverse schedule",""
"2026-10-08T02:07:46Z","2026","5","TB","QB","Jalon Daniels","00-0041251","","nflverse schedule",""
"2026-10-08T02:07:46Z","2026","5","LAC","QB","Justin Herbert","00-0036355","","nflverse schedule",""
"2026-10-08T02:07:46Z","2026","5","NYJ","QB","Geno Smith","00-0030565","","nflverse schedule",""
"2026-10-08T02:07:46Z","2026","5","NYG","QB","Jameis Winston","00-0031503","","nflverse schedule",""
"2026-10-08T02:07:46Z","2026","5","IND","QB","Daniel Jones","00-0035710","","nflverse schedule",""
"2026-10-08T02:07:46Z","2026","5","CLE","QB","Deshaun Watson","00-0033537","","nflverse schedule",""
"2026-10-08T02:07:46Z","2026","5","GB","QB","Jordan Love","00-0036264","","nflverse schedule",""
"2026-10-08T02:07:46Z","2026","5","HOU","QB","C.J. Stroud","00-0039163","","nflverse schedule",""
"2026-10-08T02:07:46Z","2026","5","WAS","QB","Athan Kaliakmanis","00-0041117","","schedule QB Jayden Daniels ruled out (Out) → Sleeper + Ourlads depth charts",""
"2026-10-08T02:07:46Z","2026","5","SF","QB","Brock Purdy","00-0037834","","nflverse schedule",""
"2026-10-08T02:07:46Z","2026","5","MIN","QB","Kyler Murray","00-0035228","","nflverse schedule",""
"2026-10-08T02:07:46Z","2026","5","NE","QB","Drake Maye","00-0039851","","nflverse schedule",""
"2026-10-08T02:07:46Z","2026","5","DEN","QB","Bo Nix","00-0039732","","nflverse schedule",""
"2026-10-08T02:07:46Z","2026","5","BAL","QB","Lamar Jackson","00-0034796","Questionable","nflverse schedule","Sleeper: Tyler Huntley"
"2026-10-08T02:07:46Z","2026","5","CHI","QB","Tyson Bagent","00-0038416","","nflverse schedule",""
"2026-10-08T02:07:46Z","2026","5","CIN","QB","Joe Burrow","00-0036442","","nflverse schedule",""
"2026-10-08T02:07:46Z","2026","5","SEA","QB","Sam Darnold","00-0034869","","Sleeper + Ourlads depth charts agree (schedule differs)","Schedule: Drew Lock"
"2026-10-08T02:07:46Z","2026","5","ARI","QB","Jacoby Brissett","00-0033119","","nflverse schedule",""
"2026-10-08T02:07:46Z","2026","5","PIT","QB","Aaron Rodgers","00-0023459","","nflverse schedule",""
"2026-10-08T02:07:46Z","2026","5","JAX","QB","Trevor Lawrence","00-0036971","","nflverse schedule",""
"2026-10-08T02:07:46Z","2026","5","ATL","QB","Michael Penix Jr.","00-0039917","","nflverse schedule",""
"2026-10-08T02:07:46Z","2026","5","BUF","QB","Josh Allen","00-0034857","","nflverse schedule",""
"2026-10-08T02:07:46Z","2026","5","DAL","QB","Dak Prescott","00-0033077","","nflverse schedule",""
"2026-10-08T02:07:46Z","2026","5","DET","QB","Jared Goff","00-0033106","","nflverse schedule",""
"2026-10-08T02:07:46Z","2026","5","LA","QB","Matthew Stafford","00-0026498","","nflverse schedule",""
"2026-10-08T02:08:27Z","2026","5","DAL","K","Brandon Aubrey","00-0037692","","weekly run (status check only)",""
"2026-10-08T02:08:27Z","2026","5","MIN","K","Will Reichard","00-0039404","","weekly run (status check only)",""
"2026-10-08T02:08:27Z","2026","5","DET","K","Jake Bates","00-0039172","","weekly run (status check only)",""
"2026-10-08T02:08:27Z","2026","5","HOU","K","Ka'imi Fairbairn","00-0032726","","weekly run (status check only)",""
"2026-10-08T02:08:27Z","2026","5","PIT","K","Chris Boswell","00-0031136","","weekly run (status check only)",""
"2026-10-08T02:08:27Z","2026","5","JAX","K","Cam Little","00-0039409","","weekly run (status check only)",""
"2026-10-08T02:08:27Z","2026","5","CIN","K","Evan McPherson","00-0036854","","weekly run (status check only)",""
"2026-10-08T02:08:27Z","2026","5","TB","K","Chase McLaughlin","00-0035358","","weekly run (status check only)",""
"2026-10-08T02:08:27Z","2026","5","ATL","K","Nick Folk","00-0025565","","weekly run (status check only)",""
"2026-10-08T02:08:27Z","2026","5","DEN","K","Wil Lutz","00-0032569","","weekly run (status check only)",""
"2026-10-08T02:08:27Z","2026","5","LA","K","Harrison Mevis","00-0039498","","weekly run (status check only)",""
"2026-10-08T02:08:27Z","2026","5","SEA","K","Jason Myers","00-0031492","","weekly run (status check only)",""
"2026-10-08T02:08:27Z","2026","5","NO","K","Daniel Carlson","00-0034161","","weekly run (status check only)",""
"2026-10-08T02:08:27Z","2026","5","ARI","K","Chad Ryland","00-0038567","","weekly run (status check only)",""
"2026-10-08T02:08:27Z","2026","5","LAC","K","Cameron Dicker","00-0037224","","weekly run (status check only)",""
"2026-10-08T02:08:27Z","2026","5","BUF","K","Tyler Bass","00-0036162","","weekly run (status check only)",""
"2026-10-08T02:08:27Z","2026","5","IND","K","Spencer Shrader","00-0039576","","weekly run (status check only)",""
"2026-10-08T02:08:27Z","2026","5","NYJ","K","Jason Sanders","00-0034794","","weekly run (status check only)",""
"2026-10-08T02:08:27Z","2026","5","BAL","K","Tyler Loop","00-0040074","","weekly run (status check only)",""
"2026-10-08T02:08:27Z","2026","5","WAS","K","Drew Stevens","00-0041182","","weekly run (status check only)",""
"2026-10-08T02:08:27Z","2026","5","SF","K","Eddy Pineiro","00-0034173","","weekly run (status check only)",""
"2026-10-08T02:08:27Z","2026","5","NE","K","Andy Borregales","00-0040200","","weekly run (status check only)",""
"2026-10-08T02:08:27Z","2026","5","CHI","K","Cairo Santos","00-0031203","","weekly run (status check only)",""
"2026-10-08T02:08:27Z","2026","5","CLE","K","Andre Szmyt","00-0038428","","weekly run (status check only)",""
"2026-10-08T02:08:27Z","2026","5","LV","K","Matt Gay","00-0035269","","weekly run (status check only)",""
"2026-10-08T02:08:27Z","2026","5","NYG","K","Dominic Zvada","00-0041145","","weekly run (status check only)",""
"2026-10-08T02:08:27Z","2026","5","PHI","K","Jake Elliott","00-0033787","","weekly run (status check only)",""
"2026-10-08T02:08:27Z","2026","5","TEN","K","Joey Slye","00-0035192","","weekly run (status check only)",""
"2026-10-08T02:08:27Z","2026","5","GB","K","Trey Smack","00-0040899","","weekly run (status check only)",""
"2026-10-08T02:08:27Z","2026","5","MIA","K","Riley Patterson","00-0036816","","weekly run (status check only)",""
"2026-10-08T17:04:00Z","2026","5","NO","QB","Tyler Shough","00-0040743","Questionable","nflverse schedule",""
"2026-10-08T17:04:00Z","2026","5","TEN","QB","Cam Ward","00-0040676","","nflverse schedule",""
"2026-10-08T17:04:00Z","2026","5","MIA","QB","Malik Willis","00-0038128","","nflverse schedule",""
"2026-10-08T17:04:00Z","2026","5","LV","QB","Kirk Cousins","00-0029604","","nflverse schedule",""
"2026-10-08T17:04:00Z","2026","5","PHI","QB","Jalen Hurts","00-0036389","","nflverse schedule",""
"2026-10-08T17:04:00Z","2026","5","TB","QB","Jalon Daniels","00-0041251","","nflverse schedule",""
"2026-10-08T17:04:00Z","2026","5","LAC","QB","Justin Herbert","00-0036355","","nflverse schedule",""
"2026-10-08T17:04:00Z","2026","5","NYJ","QB","Geno Smith","00-0030565","","nflverse schedule",""
"2026-10-08T17:04:00Z","2026","5","NYG","QB","Jameis Winston","00-0031503","","nflverse schedule",""
"2026-10-08T17:04:00Z","2026","5","IND","QB","Daniel Jones","00-0035710","","nflverse schedule",""
"2026-10-08T17:04:00Z","2026","5","CLE","QB","Deshaun Watson","00-0033537","","nflverse schedule",""
"2026-10-08T17:04:00Z","2026","5","GB","QB","Jordan Love","00-0036264","","nflverse schedule",""
"2026-10-08T17:04:00Z","2026","5","HOU","QB","C.J. Stroud","00-0039163","","nflverse schedule",""
"2026-10-08T17:04:00Z","2026","5","WAS","QB","Athan Kaliakmanis","00-0041117","","schedule QB Jayden Daniels ruled out (Out) → Sleeper + Ourlads depth charts",""
"2026-10-08T17:04:00Z","2026","5","SF","QB","Brock Purdy","00-0037834","","nflverse schedule",""
"2026-10-08T17:04:00Z","2026","5","MIN","QB","Kyler Murray","00-0035228","","nflverse schedule",""
"2026-10-08T17:04:00Z","2026","5","NE","QB","Drake Maye","00-0039851","","nflverse schedule",""
"2026-10-08T17:04:00Z","2026","5","DEN","QB","Bo Nix","00-0039732","","nflverse schedule",""
"2026-10-08T17:04:00Z","2026","5","BAL","QB","Lamar Jackson","00-0034796","Questionable","nflverse schedule","Sleeper: Tyler Huntley"
"2026-10-08T17:04:00Z","2026","5","CHI","QB","Tyson Bagent","00-0038416","","nflverse schedule",""
"2026-10-08T17:04:00Z","2026","5","CIN","QB","Joe Burrow","00-0036442","","nflverse schedule",""
"2026-10-08T17:04:00Z","2026","5","SEA","QB","Sam Darnold","00-0034869","","Sleeper + Ourlads depth charts agree (schedule differs)","Schedule: Drew Lock"
"2026-10-08T17:04:00Z","2026","5","ARI","QB","Jacoby Brissett","00-0033119","","nflverse schedule",""
"2026-10-08T17:04:00Z","2026","5","PIT","QB","Aaron Rodgers","00-0023459","","nflverse schedule",""
"2026-10-08T17:04:00Z","2026","5","JAX","QB","Trevor Lawrence","00-0036971","","nflverse schedule",""
"2026-10-08T17:04:00Z","2026","5","ATL","QB","Michael Penix Jr.","00-0039917","","nflverse schedule",""
"2026-10-08T17:04:00Z","2026","5","BUF","QB","Josh Allen","00-0034857","","nflverse schedule",""
"2026-10-08T17:04:00Z","2026","5","DAL","QB","Dak Prescott","00-0033077","","nflverse schedule",""
"2026-10-08T17:04:00Z","2026","5","DET","QB","Jared Goff","00-0033106","","nflverse schedule",""
"2026-10-08T17:04:00Z","2026","5","LA","QB","Matthew Stafford","00-0026498","","nflverse schedule",""
"2026-10-08T17:04:33Z","2026","5","DAL","K","Brandon Aubrey","00-0037692","","weekly run (status check only)",""
"2026-10-08T17:04:33Z","2026","5","MIN","K","Will Reichard","00-0039404","","weekly run (status check only)",""
"2026-10-08T17:04:33Z","2026","5","DET","K","Jake Bates","00-0039172","","weekly run (status check only)",""
"2026-10-08T17:04:33Z","2026","5","HOU","K","Ka'imi Fairbairn","00-0032726","","weekly run (status check only)",""
"2026-10-08T17:04:33Z","2026","5","PIT","K","Chris Boswell","00-0031136","","weekly run (status check only)",""
"2026-10-08T17:04:33Z","2026","5","JAX","K","Cam Little","00-0039409","","weekly run (status check only)",""
"2026-10-08T17:04:33Z","2026","5","CIN","K","Evan McPherson","00-0036854","","weekly run (status check only)",""
"2026-10-08T17:04:33Z","2026","5","TB","K","Chase McLaughlin","00-0035358","","weekly run (status check only)",""
"2026-10-08T17:04:33Z","2026","5","ATL","K","Nick Folk","00-0025565","","weekly run (status check only)",""
"2026-10-08T17:04:33Z","2026","5","DEN","K","Wil Lutz","00-0032569","","weekly run (status check only)",""
"2026-10-08T17:04:33Z","2026","5","LA","K","Harrison Mevis","00-0039498","","weekly run (status check only)",""
"2026-10-08T17:04:33Z","2026","5","SEA","K","Jason Myers","00-0031492","","weekly run (status check only)",""
"2026-10-08T17:04:33Z","2026","5","NO","K","Daniel Carlson","00-0034161","","weekly run (status check only)",""
"2026-10-08T17:04:33Z","2026","5","ARI","K","Chad Ryland","00-0038567","","weekly run (status check only)",""
"2026-10-08T17:04:33Z","2026","5","LAC","K","Cameron Dicker","00-0037224","","weekly run (status check only)",""
"2026-10-08T17:04:33Z","2026","5","BUF","K","Tyler Bass","00-0036162","","weekly run (status check only)",""
"2026-10-08T17:04:33Z","2026","5","IND","K","Spencer Shrader","00-0039576","","weekly run (status check only)",""
"2026-10-08T17:04:33Z","2026","5","NYJ","K","Jason Sanders","00-0034794","","weekly run (status check only)",""
"2026-10-08T17:04:33Z","2026","5","BAL","K","Tyler Loop","00-0040074","","weekly run (status check only)",""
"2026-10-08T17:04:33Z","2026","5","WAS","K","Drew Stevens","00-0041182","","weekly run (status check only)",""
"2026-10-08T17:04:33Z","2026","5","SF","K","Eddy Pineiro","00-0034173","","weekly run (status check only)",""
"2026-10-08T17:04:33Z","2026","5","NE","K","Andy Borregales","00-0040200","","weekly run (status check only)",""
"2026-10-08T17:04:33Z","2026","5","CHI","K","Cairo Santos","00-0031203","","weekly run (status check only)",""
"2026-10-08T17:04:33Z","2026","5","CLE","K","Andre Szmyt","00-0038428","","weekly run (status check only)",""
"2026-10-08T17:04:33Z","2026","5","LV","K","Matt Gay","00-0035269","","weekly run (status check only)",""
"2026-10-08T17:04:33Z","2026","5","NYG","K","Dominic Zvada","00-0041145","","weekly run (status check only)",""
"2026-10-08T17:04:33Z","2026","5","PHI","K","Jake Elliott","00-0033787","","weekly run (status check only)",""
"2026-10-08T17:04:33Z","2026","5","TEN","K","Joey Slye","00-0035192","","weekly run (status check only)",""
"2026-10-08T17:04:33Z","2026","5","GB","K","Trey Smack","00-0040899","","weekly run (status check only)",""
"2026-10-08T17:04:33Z","2026","5","MIA","K","Riley Patterson","00-0036816","","weekly run (status check only)",""
"2026-10-08T19:37:58Z","2026","5","NO","QB","Tyler Shough","00-0040743","Questionable","nflverse schedule",""
"2026-10-08T19:37:58Z","2026","5","TEN","QB","Cam Ward","00-0040676","","nflverse schedule",""
"2026-10-08T19:37:58Z","2026","5","MIA","QB","Malik Willis","00-0038128","","nflverse schedule",""
"2026-10-08T19:37:58Z","2026","5","LV","QB","Kirk Cousins","00-0029604","","nflverse schedule",""
"2026-10-08T19:37:58Z","2026","5","PHI","QB","Jalen Hurts","00-0036389","","nflverse schedule",""
"2026-10-08T19:37:58Z","2026","5","TB","QB","Jalon Daniels","00-0041251","","nflverse schedule",""
"2026-10-08T19:37:58Z","2026","5","LAC","QB","Justin Herbert","00-0036355","","nflverse schedule",""
"2026-10-08T19:37:58Z","2026","5","NYJ","QB","Geno Smith","00-0030565","","nflverse schedule",""
"2026-10-08T19:37:58Z","2026","5","NYG","QB","Jameis Winston","00-0031503","","nflverse schedule",""
"2026-10-08T19:37:58Z","2026","5","IND","QB","Daniel Jones","00-0035710","","nflverse schedule",""
"2026-10-08T19:37:58Z","2026","5","CLE","QB","Deshaun Watson","00-0033537","","nflverse schedule",""
"2026-10-08T19:37:58Z","2026","5","GB","QB","Jordan Love","00-0036264","","nflverse schedule",""
"2026-10-08T19:37:58Z","2026","5","HOU","QB","C.J. Stroud","00-0039163","","nflverse schedule",""
"2026-10-08T19:37:58Z","2026","5","WAS","QB","Jayden Daniels","00-0039910","","nflverse schedule",""
"2026-10-08T19:37:58Z","2026","5","SF","QB","Brock Purdy","00-0037834","","nflverse schedule",""
"2026-10-08T19:37:58Z","2026","5","MIN","QB","Kyler Murray","00-0035228","","nflverse schedule",""
"2026-10-08T19:37:58Z","2026","5","NE","QB","Drake Maye","00-0039851","","nflverse schedule",""
"2026-10-08T19:37:58Z","2026","5","DEN","QB","Bo Nix","00-0039732","","nflverse schedule",""
"2026-10-08T19:37:58Z","2026","5","BAL","QB","Lamar Jackson","00-0034796","Questionable","nflverse schedule","Sleeper: Tyler Huntley"
"2026-10-08T19:37:58Z","2026","5","CHI","QB","Tyson Bagent","00-0038416","","nflverse schedule",""
"2026-10-08T19:37:58Z","2026","5","CIN","QB","Joe Burrow","00-0036442","","nflverse schedule",""
"2026-10-08T19:37:58Z","2026","5","SEA","QB","Sam Darnold","00-0034869","","Sleeper + Ourlads depth charts agree (schedule differs)","Schedule: Drew Lock"
"2026-10-08T19:37:58Z","2026","5","ARI","QB","Jacoby Brissett","00-0033119","","nflverse schedule",""
"2026-10-08T19:37:58Z","2026","5","PIT","QB","Aaron Rodgers","00-0023459","","nflverse schedule",""
"2026-10-08T19:37:58Z","2026","5","JAX","QB","Trevor Lawrence","00-0036971","","nflverse schedule",""
"2026-10-08T19:37:58Z","2026","5","ATL","QB","Michael Penix Jr.","00-0039917","","nflverse schedule",""
"2026-10-08T19:37:58Z","2026","5","BUF","QB","Josh Allen","00-0034857","","nflverse schedule",""
"2026-10-08T19:37:58Z","2026","5","DAL","QB","Dak Prescott","00-0033077","","nflverse schedule",""
"2026-10-08T19:37:58Z","2026","5","DET","QB","Jared Goff","00-0033106","","nflverse schedule",""
"2026-10-08T19:37:58Z","2026","5","LA","QB","Matthew Stafford","00-0026498","","nflverse schedule",""
"2026-10-08T19:38:31Z","2026","5","DAL","K","Brandon Aubrey","00-0037692","","weekly run (status check only)",""
"2026-10-08T19:38:31Z","2026","5","MIN","K","Will Reichard","00-0039404","","weekly run (status check only)",""
"2026-10-08T19:38:31Z","2026","5","DET","K","Jake Bates","00-0039172","","weekly run (status check only)",""
"2026-10-08T19:38:31Z","2026","5","HOU","K","Ka'imi Fairbairn","00-0032726","","weekly run (status check only)",""
"2026-10-08T19:38:31Z","2026","5","PIT","K","Chris Boswell","00-0031136","","weekly run (status check only)",""
"2026-10-08T19:38:31Z","2026","5","JAX","K","Cam Little","00-0039409","","weekly run (status check only)",""
"2026-10-08T19:38:31Z","2026","5","CIN","K","Evan McPherson","00-0036854","","weekly run (status check only)",""
"2026-10-08T19:38:31Z","2026","5","TB","K","Chase McLaughlin","00-0035358","","weekly run (status check only)",""
"2026-10-08T19:38:31Z","2026","5","ATL","K","Nick Folk","00-0025565","","weekly run (status check only)",""
"2026-10-08T19:38:31Z","2026","5","DEN","K","Wil Lutz","00-0032569","","weekly run (status check only)",""
"2026-10-08T19:38:31Z","2026","5","LA","K","Harrison Mevis","00-0039498","","weekly run (status check only)",""
"2026-10-08T19:38:31Z","2026","5","SEA","K","Jason Myers","00-0031492","","weekly run (status check only)",""
"2026-10-08T19:38:31Z","2026","5","NO","K","Daniel Carlson","00-0034161","","weekly run (status check only)",""
"2026-10-08T19:38:31Z","2026","5","ARI","K","Chad Ryland","00-0038567","","weekly run (status check only)",""
"2026-10-08T19:38:31Z","2026","5","LAC","K","Cameron Dicker","00-0037224","","weekly run (status check only)",""
"2026-10-08T19:38:31Z","2026","5","BUF","K","Tyler Bass","00-0036162","","weekly run (status check only)",""
"2026-10-08T19:38:31Z","2026","5","IND","K","Spencer Shrader","00-0039576","","weekly run (status check only)",""
"2026-10-08T19:38:31Z","2026","5","NYJ","K","Jason Sanders","00-0034794","","weekly run (status check only)",""
"2026-10-08T19:38:31Z","2026","5","BAL","K","Tyler Loop","00-0040074","","weekly run (status check only)",""
"2026-10-08T19:38:31Z","2026","5","WAS","K","Drew Stevens","00-0041182","","weekly run (status check only)",""
"2026-10-08T19:38:31Z","2026","5","SF","K","Eddy Pineiro","00-0034173","","weekly run (status check only)",""
"2026-10-08T19:38:31Z","2026","5","NE","K","Andy Borregales","00-0040200","","weekly run (status check only)",""
"2026-10-08T19:38:31Z","2026","5","CHI","K","Cairo Santos","00-0031203","","weekly run (status check only)",""
"2026-10-08T19:38:31Z","2026","5","CLE","K","Andre Szmyt","00-0038428","","weekly run (status check only)",""
"2026-10-08T19:38:31Z","2026","5","LV","K","Matt Gay","00-0035269","","weekly run (status check only)",""
"2026-10-08T19:38:31Z","2026","5","NYG","K","Dominic Zvada","00-0041145","","weekly run (status check only)",""
"2026-10-08T19:38:31Z","2026","5","PHI","K","Jake Elliott","00-0033787","","weekly run (status check only)",""
"2026-10-08T19:38:31Z","2026","5","TEN","K","Joey Slye","00-0035192","","weekly run (status check only)",""
"2026-10-08T19:38:31Z","2026","5","GB","K","Trey Smack","00-0040899","","weekly run (status check only)",""
"2026-10-08T19:38:31Z","2026","5","MIA","K","Riley Patterson","00-0036816","","weekly run (status check only)",""
"2026-10-08T23:23:35Z","2026","5","NO","QB","Tyler Shough","00-0040743","","nflverse schedule",""
"2026-10-08T23:23:35Z","2026","5","TEN","QB","Cam Ward","00-0040676","","nflverse schedule",""
"2026-10-08T23:23:35Z","2026","5","MIA","QB","Malik Willis","00-0038128","","nflverse schedule",""
"2026-10-08T23:23:35Z","2026","5","LV","QB","Kirk Cousins","00-0029604","","nflverse schedule",""
"2026-10-08T23:23:35Z","2026","5","PHI","QB","Jalen Hurts","00-0036389","","nflverse schedule",""
"2026-10-08T23:23:35Z","2026","5","TB","QB","Jalon Daniels","00-0041251","","nflverse schedule",""
"2026-10-08T23:23:35Z","2026","5","LAC","QB","Justin Herbert","00-0036355","","nflverse schedule",""
"2026-10-08T23:23:35Z","2026","5","NYJ","QB","Geno Smith","00-0030565","","nflverse schedule",""
"2026-10-08T23:23:35Z","2026","5","NYG","QB","Jameis Winston","00-0031503","","nflverse schedule",""
"2026-10-08T23:23:35Z","2026","5","IND","QB","Daniel Jones","00-0035710","","nflverse schedule",""
"2026-10-08T23:23:35Z","2026","5","CLE","QB","Deshaun Watson","00-0033537","","nflverse schedule",""
"2026-10-08T23:23:35Z","2026","5","GB","QB","Jordan Love","00-0036264","","nflverse schedule",""
"2026-10-08T23:23:35Z","2026","5","HOU","QB","C.J. Stroud","00-0039163","","nflverse schedule",""
"2026-10-08T23:23:35Z","2026","5","WAS","QB","Jayden Daniels","00-0039910","","nflverse schedule",""
"2026-10-08T23:23:35Z","2026","5","SF","QB","Brock Purdy","00-0037834","","nflverse schedule",""
"2026-10-08T23:23:35Z","2026","5","MIN","QB","Kyler Murray","00-0035228","","nflverse schedule",""
"2026-10-08T23:23:35Z","2026","5","NE","QB","Drake Maye","00-0039851","","nflverse schedule",""
"2026-10-08T23:23:35Z","2026","5","DEN","QB","Bo Nix","00-0039732","","nflverse schedule",""
"2026-10-08T23:23:35Z","2026","5","BAL","QB","Lamar Jackson","00-0034796","Questionable","nflverse schedule","Sleeper: Tyler Huntley"
"2026-10-08T23:23:35Z","2026","5","CHI","QB","Tyson Bagent","00-0038416","","nflverse schedule",""
"2026-10-08T23:23:35Z","2026","5","CIN","QB","Joe Burrow","00-0036442","","nflverse schedule",""
"2026-10-08T23:23:35Z","2026","5","SEA","QB","Sam Darnold","00-0034869","","Sleeper + Ourlads depth charts agree (schedule differs)","Schedule: Drew Lock"
"2026-10-08T23:23:35Z","2026","5","ARI","QB","Jacoby Brissett","00-0033119","","nflverse schedule",""
"2026-10-08T23:23:35Z","2026","5","PIT","QB","Aaron Rodgers","00-0023459","","nflverse schedule",""
"2026-10-08T23:23:35Z","2026","5","JAX","QB","Trevor Lawrence","00-0036971","","nflverse schedule",""
"2026-10-08T23:23:35Z","2026","5","ATL","QB","Michael Penix Jr.","00-0039917","","nflverse schedule",""
"2026-10-08T23:23:35Z","2026","5","BUF","QB","Josh Allen","00-0034857","","nflverse schedule",""
"2026-10-08T23:23:35Z","2026","5","DAL","QB","Dak Prescott","00-0033077","","nflverse schedule",""
"2026-10-08T23:23:35Z","2026","5","DET","QB","Jared Goff","00-0033106","","nflverse schedule",""
"2026-10-08T23:23:35Z","2026","5","LA","QB","Matthew Stafford","00-0026498","","nflverse schedule",""
"2026-10-08T23:24:16Z","2026","5","DAL","K","Brandon Aubrey","00-0037692","","weekly run (status check only)",""
"2026-10-08T23:24:16Z","2026","5","MIN","K","Will Reichard","00-0039404","","weekly run (status check only)",""
"2026-10-08T23:24:16Z","2026","5","DET","K","Jake Bates","00-0039172","","weekly run (status check only)",""
"2026-10-08T23:24:16Z","2026","5","HOU","K","Ka'imi Fairbairn","00-0032726","","weekly run (status check only)",""
"2026-10-08T23:24:16Z","2026","5","PIT","K","Chris Boswell","00-0031136","","weekly run (status check only)",""
"2026-10-08T23:24:16Z","2026","5","JAX","K","Cam Little","00-0039409","","weekly run (status check only)",""
"2026-10-08T23:24:16Z","2026","5","CIN","K","Evan McPherson","00-0036854","","weekly run (status check only)",""
"2026-10-08T23:24:16Z","2026","5","TB","K","Chase McLaughlin","00-0035358","","weekly run (status check only)",""
"2026-10-08T23:24:16Z","2026","5","ATL","K","Nick Folk","00-0025565","","weekly run (status check only)",""
"2026-10-08T23:24:16Z","2026","5","DEN","K","Wil Lutz","00-0032569","","weekly run (status check only)",""
"2026-10-08T23:24:16Z","2026","5","LA","K","Harrison Mevis","00-0039498","","weekly run (status check only)",""
"2026-10-08T23:24:16Z","2026","5","SEA","K","Jason Myers","00-0031492","","weekly run (status check only)",""
"2026-10-08T23:24:16Z","2026","5","NO","K","Daniel Carlson","00-0034161","","weekly run (status check only)",""
"2026-10-08T23:24:16Z","2026","5","ARI","K","Chad Ryland","00-0038567","","weekly run (status check only)",""
"2026-10-08T23:24:16Z","2026","5","LAC","K","Cameron Dicker","00-0037224","","weekly run (status check only)",""
"2026-10-08T23:24:16Z","2026","5","BUF","K","Tyler Bass","00-0036162","","weekly run (status check only)",""
"2026-10-08T23:24:16Z","2026","5","IND","K","Spencer Shrader","00-0039576","","weekly run (status check only)",""
"2026-10-08T23:24:16Z","2026","5","NYJ","K","Jason Sanders","00-0034794","","weekly run (status check only)",""
"2026-10-08T23:24:16Z","2026","5","BAL","K","Tyler Loop","00-0040074","","weekly run (status check only)",""
"2026-10-08T23:24:16Z","2026","5","WAS","K","Drew Stevens","00-0041182","","weekly run (status check only)",""
"2026-10-08T23:24:16Z","2026","5","SF","K","Eddy Pineiro","00-0034173","","weekly run (status check only)",""
"2026-10-08T23:24:16Z","2026","5","NE","K","Andy Borregales","00-0040200","","weekly run (status check only)",""
"2026-10-08T23:24:16Z","2026","5","CHI","K","Cairo Santos","00-0031203","","weekly run (status check only)",""
"2026-10-08T23:24:16Z","2026","5","CLE","K","Andre Szmyt","00-0038428","","weekly run (status check only)",""
"2026-10-08T23:24:16Z","2026","5","LV","K","Matt Gay","00-0035269","","weekly run (status check only)",""
"2026-10-08T23:24:16Z","2026","5","NYG","K","Dominic Zvada","00-0041145","","weekly run (status check only)",""
"2026-10-08T23:24:16Z","2026","5","PHI","K","Jake Elliott","00-0033787","","weekly run (status check only)",""
"2026-10-08T23:24:16Z","2026","5","TEN","K","Joey Slye","00-0035192","","weekly run (status check only)",""
"2026-10-08T23:24:16Z","2026","5","GB","K","Trey Smack","00-0040899","","weekly run (status check only)",""
"2026-10-08T23:24:16Z","2026","5","MIA","K","Riley Patterson","00-0036816","","weekly run (status check only)",""
"2026-10-09T00:16:34Z","2026","5","NO","QB","Tyler Shough","00-0040743","","nflverse schedule",""
"2026-10-09T00:16:34Z","2026","5","TEN","QB","Cam Ward","00-0040676","","nflverse schedule",""
"2026-10-09T00:16:34Z","2026","5","MIA","QB","Malik Willis","00-0038128","","nflverse schedule",""
"2026-10-09T00:16:34Z","2026","5","LV","QB","Kirk Cousins","00-0029604","","nflverse schedule",""
"2026-10-09T00:16:34Z","2026","5","PHI","QB","Jalen Hurts","00-0036389","","nflverse schedule",""
"2026-10-09T00:16:34Z","2026","5","LAC","QB","Justin Herbert","00-0036355","","nflverse schedule",""
"2026-10-09T00:16:34Z","2026","5","NYJ","QB","Geno Smith","00-0030565","","nflverse schedule",""
"2026-10-09T00:16:34Z","2026","5","NYG","QB","Jameis Winston","00-0031503","","nflverse schedule",""
"2026-10-09T00:16:34Z","2026","5","IND","QB","Daniel Jones","00-0035710","","nflverse schedule",""
"2026-10-09T00:16:34Z","2026","5","CLE","QB","Deshaun Watson","00-0033537","","nflverse schedule",""
"2026-10-09T00:16:34Z","2026","5","GB","QB","Jordan Love","00-0036264","","nflverse schedule",""
"2026-10-09T00:16:34Z","2026","5","HOU","QB","C.J. Stroud","00-0039163","","nflverse schedule",""
"2026-10-09T00:16:34Z","2026","5","WAS","QB","Jayden Daniels","00-0039910","","nflverse schedule",""
"2026-10-09T00:16:34Z","2026","5","SF","QB","Brock Purdy","00-0037834","","nflverse schedule",""
"2026-10-09T00:16:34Z","2026","5","MIN","QB","Kyler Murray","00-0035228","","nflverse schedule",""
"2026-10-09T00:16:34Z","2026","5","NE","QB","Drake Maye","00-0039851","","nflverse schedule",""
"2026-10-09T00:16:34Z","2026","5","DEN","QB","Bo Nix","00-0039732","","nflverse schedule",""
"2026-10-09T00:16:34Z","2026","5","BAL","QB","Lamar Jackson","00-0034796","Questionable","nflverse schedule","Sleeper: Tyler Huntley"
"2026-10-09T00:16:34Z","2026","5","CHI","QB","Tyson Bagent","00-0038416","","nflverse schedule",""
"2026-10-09T00:16:34Z","2026","5","CIN","QB","Joe Burrow","00-0036442","","nflverse schedule",""
"2026-10-09T00:16:34Z","2026","5","SEA","QB","Sam Darnold","00-0034869","","Sleeper + Ourlads depth charts agree (schedule differs)","Schedule: Drew Lock"
"2026-10-09T00:16:34Z","2026","5","ARI","QB","Jacoby Brissett","00-0033119","","nflverse schedule",""
"2026-10-09T00:16:34Z","2026","5","PIT","QB","Aaron Rodgers","00-0023459","","nflverse schedule",""
"2026-10-09T00:16:34Z","2026","5","JAX","QB","Trevor Lawrence","00-0036971","","nflverse schedule",""
"2026-10-09T00:16:34Z","2026","5","ATL","QB","Michael Penix Jr.","00-0039917","","nflverse schedule",""
"2026-10-09T00:16:34Z","2026","5","BUF","QB","Josh Allen","00-0034857","","nflverse schedule",""
"2026-10-09T00:16:34Z","2026","5","DET","QB","Jared Goff","00-0033106","","nflverse schedule",""
"2026-10-09T00:16:34Z","2026","5","LA","QB","Matthew Stafford","00-0026498","","nflverse schedule",""
"2026-10-09T00:17:13Z","2026","5","DAL","K","Brandon Aubrey","00-0037692","","weekly run (status check only)",""
"2026-10-09T00:17:13Z","2026","5","MIN","K","Will Reichard","00-0039404","","weekly run (status check only)",""
"2026-10-09T00:17:13Z","2026","5","DET","K","Jake Bates","00-0039172","","weekly run (status check only)",""
"2026-10-09T00:17:13Z","2026","5","HOU","K","Ka'imi Fairbairn","00-0032726","","weekly run (status check only)",""
"2026-10-09T00:17:13Z","2026","5","PIT","K","Chris Boswell","00-0031136","","weekly run (status check only)",""
"2026-10-09T00:17:13Z","2026","5","JAX","K","Cam Little","00-0039409","","weekly run (status check only)",""
"2026-10-09T00:17:13Z","2026","5","CIN","K","Evan McPherson","00-0036854","","weekly run (status check only)",""
"2026-10-09T00:17:13Z","2026","5","TB","K","Chase McLaughlin","00-0035358","","weekly run (status check only)",""
"2026-10-09T00:17:13Z","2026","5","ATL","K","Nick Folk","00-0025565","","weekly run (status check only)",""
"2026-10-09T00:17:13Z","2026","5","DEN","K","Wil Lutz","00-0032569","","weekly run (status check only)",""
"2026-10-09T00:17:13Z","2026","5","LA","K","Harrison Mevis","00-0039498","","weekly run (status check only)",""
"2026-10-09T00:17:13Z","2026","5","SEA","K","Jason Myers","00-0031492","","weekly run (status check only)",""
"2026-10-09T00:17:13Z","2026","5","NO","K","Daniel Carlson","00-0034161","","weekly run (status check only)",""
"2026-10-09T00:17:13Z","2026","5","ARI","K","Chad Ryland","00-0038567","","weekly run (status check only)",""
"2026-10-09T00:17:13Z","2026","5","LAC","K","Cameron Dicker","00-0037224","","weekly run (status check only)",""
"2026-10-09T00:17:13Z","2026","5","BUF","K","Tyler Bass","00-0036162","","weekly run (status check only)",""
"2026-10-09T00:17:13Z","2026","5","IND","K","Spencer Shrader","00-0039576","","weekly run (status check only)",""
"2026-10-09T00:17:13Z","2026","5","NYJ","K","Jason Sanders","00-0034794","","weekly run (status check only)",""
"2026-10-09T00:17:13Z","2026","5","BAL","K","Tyler Loop","00-0040074","","weekly run (status check only)",""
"2026-10-09T00:17:13Z","2026","5","WAS","K","Drew Stevens","00-0041182","","weekly run (status check only)",""
"2026-10-09T00:17:13Z","2026","5","SF","K","Eddy Pineiro","00-0034173","","weekly run (status check only)",""
"2026-10-09T00:17:13Z","2026","5","NE","K","Andy Borregales","00-0040200","","weekly run (status check only)",""
"2026-10-09T00:17:13Z","2026","5","CHI","K","Cairo Santos","00-0031203","","weekly run (status check only)",""
"2026-10-09T00:17:13Z","2026","5","CLE","K","Andre Szmyt","00-0038428","","weekly run (status check only)",""
"2026-10-09T00:17:13Z","2026","5","LV","K","Matt Gay","00-0035269","","weekly run (status check only)",""
"2026-10-09T00:17:13Z","2026","5","NYG","K","Dominic Zvada","00-0041145","","weekly run (status check only)",""
"2026-10-09T00:17:13Z","2026","5","PHI","K","Jake Elliott","00-0033787","","weekly run (status check only)",""
"2026-10-09T00:17:13Z","2026","5","TEN","K","Joey Slye","00-0035192","","weekly run (status check only)",""
"2026-10-09T00:17:13Z","2026","5","GB","K","Trey Smack","00-0040899","","weekly run (status check only)",""
"2026-10-09T00:17:13Z","2026","5","MIA","K","Riley Patterson","00-0036816","","weekly run (status check only)",""
"2026-10-09T02:26:36Z","2026","5","NO","QB","Tyler Shough","00-0040743","","nflverse schedule",""
"2026-10-09T02:26:36Z","2026","5","TEN","QB","Cam Ward","00-0040676","","nflverse schedule",""
"2026-10-09T02:26:36Z","2026","5","MIA","QB","Malik Willis","00-0038128","","nflverse schedule",""
"2026-10-09T02:26:36Z","2026","5","LV","QB","Kirk Cousins","00-0029604","","nflverse schedule",""
"2026-10-09T02:26:36Z","2026","5","PHI","QB","Jalen Hurts","00-0036389","","nflverse schedule",""
"2026-10-09T02:26:36Z","2026","5","LAC","QB","Justin Herbert","00-0036355","","nflverse schedule",""
"2026-10-09T02:26:36Z","2026","5","NYJ","QB","Geno Smith","00-0030565","","nflverse schedule",""
"2026-10-09T02:26:36Z","2026","5","NYG","QB","Jameis Winston","00-0031503","","nflverse schedule",""
"2026-10-09T02:26:36Z","2026","5","IND","QB","Daniel Jones","00-0035710","","nflverse schedule",""
"2026-10-09T02:26:36Z","2026","5","CLE","QB","Deshaun Watson","00-0033537","","nflverse schedule",""
"2026-10-09T02:26:36Z","2026","5","GB","QB","Jordan Love","00-0036264","","nflverse schedule",""
"2026-10-09T02:26:36Z","2026","5","HOU","QB","C.J. Stroud","00-0039163","","nflverse schedule",""
"2026-10-09T02:26:36Z","2026","5","WAS","QB","Jayden Daniels","00-0039910","","nflverse schedule",""
"2026-10-09T02:26:36Z","2026","5","SF","QB","Brock Purdy","00-0037834","","nflverse schedule",""
"2026-10-09T02:26:36Z","2026","5","MIN","QB","Kyler Murray","00-0035228","","nflverse schedule",""
"2026-10-09T02:26:36Z","2026","5","NE","QB","Drake Maye","00-0039851","","nflverse schedule",""
"2026-10-09T02:26:36Z","2026","5","DEN","QB","Bo Nix","00-0039732","","nflverse schedule",""
"2026-10-09T02:26:36Z","2026","5","BAL","QB","Lamar Jackson","00-0034796","Questionable","nflverse schedule","Sleeper: Tyler Huntley"
"2026-10-09T02:26:36Z","2026","5","CHI","QB","Tyson Bagent","00-0038416","","nflverse schedule",""
"2026-10-09T02:26:36Z","2026","5","CIN","QB","Joe Burrow","00-0036442","","nflverse schedule",""
"2026-10-09T02:26:36Z","2026","5","SEA","QB","Sam Darnold","00-0034869","","Sleeper + Ourlads depth charts agree (schedule differs)","Schedule: Drew Lock"
"2026-10-09T02:26:36Z","2026","5","ARI","QB","Jacoby Brissett","00-0033119","","nflverse schedule",""
"2026-10-09T02:26:36Z","2026","5","PIT","QB","Aaron Rodgers","00-0023459","","nflverse schedule",""
"2026-10-09T02:26:36Z","2026","5","JAX","QB","Trevor Lawrence","00-0036971","","nflverse schedule",""
"2026-10-09T02:26:36Z","2026","5","ATL","QB","Michael Penix Jr.","00-0039917","","nflverse schedule",""
"2026-10-09T02:26:36Z","2026","5","BUF","QB","Josh Allen","00-0034857","","nflverse schedule",""
"2026-10-09T02:26:36Z","2026","5","DET","QB","Jared Goff","00-0033106","","nflverse schedule",""
"2026-10-09T02:26:36Z","2026","5","LA","QB","Matthew Stafford","00-0026498","","nflverse schedule",""
"2026-10-09T02:27:14Z","2026","5","MIN","K","Will Reichard","00-0039404","","weekly run (status check only)",""
"2026-10-09T02:27:14Z","2026","5","DET","K","Jake Bates","00-0039172","","weekly run (status check only)",""
"2026-10-09T02:27:14Z","2026","5","HOU","K","Ka'imi Fairbairn","00-0032726","","weekly run (status check only)",""
"2026-10-09T02:27:14Z","2026","5","PIT","K","Chris Boswell","00-0031136","","weekly run (status check only)",""
"2026-10-09T02:27:14Z","2026","5","JAX","K","Cam Little","00-0039409","","weekly run (status check only)",""
"2026-10-09T02:27:14Z","2026","5","CIN","K","Evan McPherson","00-0036854","","weekly run (status check only)",""
"2026-10-09T02:27:14Z","2026","5","ATL","K","Nick Folk","00-0025565","","weekly run (status check only)",""
"2026-10-09T02:27:14Z","2026","5","DEN","K","Wil Lutz","00-0032569","","weekly run (status check only)",""
"2026-10-09T02:27:14Z","2026","5","LA","K","Harrison Mevis","00-0039498","","weekly run (status check only)",""
"2026-10-09T02:27:14Z","2026","5","SEA","K","Jason Myers","00-0031492","","weekly run (status check only)",""
"2026-10-09T02:27:14Z","2026","5","NO","K","Daniel Carlson","00-0034161","","weekly run (status check only)",""
"2026-10-09T02:27:14Z","2026","5","ARI","K","Chad Ryland","00-0038567","","weekly run (status check only)",""
"2026-10-09T02:27:14Z","2026","5","LAC","K","Cameron Dicker","00-0037224","","weekly run (status check only)",""
"2026-10-09T02:27:14Z","2026","5","BUF","K","Tyler Bass","00-0036162","","weekly run (status check only)",""
"2026-10-09T02:27:14Z","2026","5","IND","K","Spencer Shrader","00-0039576","","weekly run (status check only)",""
"2026-10-09T02:27:14Z","2026","5","NYJ","K","Jason Sanders","00-0034794","","weekly run (status check only)",""
"2026-10-09T02:27:14Z","2026","5","BAL","K","Tyler Loop","00-0040074","","weekly run (status check only)",""
"2026-10-09T02:27:14Z","2026","5","WAS","K","Drew Stevens","00-0041182","","weekly run (status check only)",""
"2026-10-09T02:27:14Z","2026","5","SF","K","Eddy Pineiro","00-0034173","","weekly run (status check only)",""
"2026-10-09T02:27:14Z","2026","5","NE","K","Andy Borregales","00-0040200","","weekly run (status check only)",""
"2026-10-09T02:27:14Z","2026","5","CHI","K","Cairo Santos","00-0031203","","weekly run (status check only)",""
"2026-10-09T02:27:14Z","2026","5","CLE","K","Andre Szmyt","00-0038428","","weekly run (status check only)",""
"2026-10-09T02:27:14Z","2026","5","LV","K","Matt Gay","00-0035269","","weekly run (status check only)",""
"2026-10-09T02:27:14Z","2026","5","NYG","K","Dominic Zvada","00-0041145","","weekly run (status check only)",""
"2026-10-09T02:27:14Z","2026","5","PHI","K","Jake Elliott","00-0033787","","weekly run (status check only)",""
"2026-10-09T02:27:14Z","2026","5","TEN","K","Joey Slye","00-0035192","","weekly run (status check only)",""
"2026-10-09T02:27:14Z","2026","5","GB","K","Trey Smack","00-0040899","","weekly run (status check only)",""
"2026-10-09T02:27:14Z","2026","5","MIA","K","Riley Patterson","00-0036816","","weekly run (status check only)",""
"2026-10-09T16:22:11Z","2026","5","NO","QB","Tyler Shough","00-0040743","","nflverse schedule",""
"2026-10-09T16:22:11Z","2026","5","TEN","QB","Cam Ward","00-0040676","","nflverse schedule",""
"2026-10-09T16:22:11Z","2026","5","MIA","QB","Malik Willis","00-0038128","","nflverse schedule",""
"2026-10-09T16:22:11Z","2026","5","LV","QB","Kirk Cousins","00-0029604","","nflverse schedule",""
"2026-10-09T16:22:11Z","2026","5","PHI","QB","Jalen Hurts","00-0036389","","nflverse schedule",""
"2026-10-09T16:22:11Z","2026","5","LAC","QB","Justin Herbert","00-0036355","","nflverse schedule",""
"2026-10-09T16:22:11Z","2026","5","NYJ","QB","Geno Smith","00-0030565","","nflverse schedule",""
"2026-10-09T16:22:11Z","2026","5","NYG","QB","Jameis Winston","00-0031503","","nflverse schedule",""
"2026-10-09T16:22:11Z","2026","5","IND","QB","Daniel Jones","00-0035710","","nflverse schedule",""
"2026-10-09T16:22:11Z","2026","5","CLE","QB","Deshaun Watson","00-0033537","","nflverse schedule",""
"2026-10-09T16:22:11Z","2026","5","GB","QB","Jordan Love","00-0036264","","nflverse schedule",""
"2026-10-09T16:22:11Z","2026","5","HOU","QB","C.J. Stroud","00-0039163","","nflverse schedule",""
"2026-10-09T16:22:11Z","2026","5","WAS","QB","Jayden Daniels","00-0039910","","nflverse schedule",""
"2026-10-09T16:22:11Z","2026","5","SF","QB","Brock Purdy","00-0037834","","nflverse schedule",""
"2026-10-09T16:22:11Z","2026","5","MIN","QB","Kyler Murray","00-0035228","","nflverse schedule",""
"2026-10-09T16:22:11Z","2026","5","NE","QB","Drake Maye","00-0039851","","nflverse schedule",""
"2026-10-09T16:22:11Z","2026","5","DEN","QB","Bo Nix","00-0039732","","nflverse schedule",""
"2026-10-09T16:22:11Z","2026","5","BAL","QB","Lamar Jackson","00-0034796","Questionable","nflverse schedule","Sleeper: Tyler Huntley"
"2026-10-09T16:22:11Z","2026","5","CHI","QB","Tyson Bagent","00-0038416","","nflverse schedule",""
"2026-10-09T16:22:11Z","2026","5","CIN","QB","Joe Burrow","00-0036442","","nflverse schedule",""
"2026-10-09T16:22:11Z","2026","5","SEA","QB","Sam Darnold","00-0034869","","Sleeper + Ourlads depth charts agree (schedule differs)","Schedule: Drew Lock"
"2026-10-09T16:22:11Z","2026","5","ARI","QB","Jacoby Brissett","00-0033119","","nflverse schedule",""
"2026-10-09T16:22:11Z","2026","5","PIT","QB","Aaron Rodgers","00-0023459","","nflverse schedule",""
"2026-10-09T16:22:11Z","2026","5","JAX","QB","Trevor Lawrence","00-0036971","","nflverse schedule",""
"2026-10-09T16:22:11Z","2026","5","ATL","QB","Michael Penix Jr.","00-0039917","","nflverse schedule",""
"2026-10-09T16:22:11Z","2026","5","BUF","QB","Josh Allen","00-0034857","","nflverse schedule",""
"2026-10-09T16:22:11Z","2026","5","DET","QB","Jared Goff","00-0033106","","nflverse schedule",""
"2026-10-09T16:22:11Z","2026","5","LA","QB","Matthew Stafford","00-0026498","","nflverse schedule",""
"2026-10-09T16:22:48Z","2026","5","MIN","K","Will Reichard","00-0039404","","weekly run (status check only)",""
"2026-10-09T16:22:48Z","2026","5","DET","K","Jake Bates","00-0039172","","weekly run (status check only)",""
"2026-10-09T16:22:48Z","2026","5","HOU","K","Ka'imi Fairbairn","00-0032726","","weekly run (status check only)",""
"2026-10-09T16:22:48Z","2026","5","PIT","K","Chris Boswell","00-0031136","","weekly run (status check only)",""
"2026-10-09T16:22:48Z","2026","5","JAX","K","Cam Little","00-0039409","","weekly run (status check only)",""
"2026-10-09T16:22:48Z","2026","5","CIN","K","Evan McPherson","00-0036854","","weekly run (status check only)",""
"2026-10-09T16:22:48Z","2026","5","ATL","K","Nick Folk","00-0025565","","weekly run (status check only)",""
"2026-10-09T16:22:48Z","2026","5","DEN","K","Wil Lutz","00-0032569","","weekly run (status check only)",""
"2026-10-09T16:22:48Z","2026","5","LA","K","Harrison Mevis","00-0039498","","weekly run (status check only)",""
"2026-10-09T16:22:48Z","2026","5","SEA","K","Jason Myers","00-0031492","","weekly run (status check only)",""
"2026-10-09T16:22:48Z","2026","5","NO","K","Daniel Carlson","00-0034161","","weekly run (status check only)",""
"2026-10-09T16:22:48Z","2026","5","ARI","K","Chad Ryland","00-0038567","","weekly run (status check only)",""
"2026-10-09T16:22:48Z","2026","5","LAC","K","Cameron Dicker","00-0037224","","weekly run (status check only)",""
"2026-10-09T16:22:48Z","2026","5","BUF","K","Tyler Bass","00-0036162","","weekly run (status check only)",""
"2026-10-09T16:22:48Z","2026","5","IND","K","Spencer Shrader","00-0039576","","weekly run (status check only)",""
"2026-10-09T16:22:48Z","2026","5","NYJ","K","Jason Sanders","00-0034794","","weekly run (status check only)",""
"2026-10-09T16:22:48Z","2026","5","BAL","K","Tyler Loop","00-0040074","","weekly run (status check only)",""
"2026-10-09T16:22:48Z","2026","5","WAS","K","Drew Stevens","00-0041182","","weekly run (status check only)",""
"2026-10-09T16:22:48Z","2026","5","SF","K","Eddy Pineiro","00-0034173","","weekly run (status check only)",""
"2026-10-09T16:22:48Z","2026","5","NE","K","Andy Borregales","00-0040200","","weekly run (status check only)",""
"2026-10-09T16:22:48Z","2026","5","CHI","K","Cairo Santos","00-0031203","","weekly run (status check only)",""
"2026-10-09T16:22:48Z","2026","5","CLE","K","Andre Szmyt","00-0038428","","weekly run (status check only)",""
"2026-10-09T16:22:48Z","2026","5","LV","K","Matt Gay","00-0035269","","weekly run (status check only)",""
"2026-10-09T16:22:48Z","2026","5","NYG","K","Dominic Zvada","00-0041145","","weekly run (status check only)",""
"2026-10-09T16:22:48Z","2026","5","PHI","K","Jake Elliott","00-0033787","","weekly run (status check only)",""
"2026-10-09T16:22:48Z","2026","5","TEN","K","Joey Slye","00-0035192","","weekly run (status check only)",""
"2026-10-09T16:22:48Z","2026","5","GB","K","Trey Smack","00-0040899","","weekly run (status check only)",""
"2026-10-09T16:22:48Z","2026","5","MIA","K","Riley Patterson","00-0036816","","weekly run (status check only)",""
"2026-10-09T19:12:41Z","2026","5","NO","QB","Tyler Shough","00-0040743","","nflverse schedule",""
"2026-10-09T19:12:41Z","2026","5","TEN","QB","Cam Ward","00-0040676","","nflverse schedule",""
"2026-10-09T19:12:41Z","2026","5","MIA","QB","Malik Willis","00-0038128","","nflverse schedule",""
"2026-10-09T19:12:41Z","2026","5","LV","QB","Kirk Cousins","00-0029604","","nflverse schedule",""
"2026-10-09T19:12:41Z","2026","5","PHI","QB","Jalen Hurts","00-0036389","","nflverse schedule",""
"2026-10-09T19:12:41Z","2026","5","LAC","QB","Justin Herbert","00-0036355","","nflverse schedule",""
"2026-10-09T19:12:41Z","2026","5","NYJ","QB","Geno Smith","00-0030565","","nflverse schedule",""
"2026-10-09T19:12:41Z","2026","5","NYG","QB","Jameis Winston","00-0031503","","nflverse schedule",""
"2026-10-09T19:12:41Z","2026","5","IND","QB","Daniel Jones","00-0035710","","nflverse schedule",""
"2026-10-09T19:12:41Z","2026","5","CLE","QB","Deshaun Watson","00-0033537","","nflverse schedule",""
"2026-10-09T19:12:41Z","2026","5","GB","QB","Jordan Love","00-0036264","","nflverse schedule",""
"2026-10-09T19:12:41Z","2026","5","HOU","QB","C.J. Stroud","00-0039163","","nflverse schedule",""
"2026-10-09T19:12:41Z","2026","5","WAS","QB","Jayden Daniels","00-0039910","","nflverse schedule",""
"2026-10-09T19:12:41Z","2026","5","SF","QB","Brock Purdy","00-0037834","","nflverse schedule",""
"2026-10-09T19:12:41Z","2026","5","MIN","QB","Kyler Murray","00-0035228","","nflverse schedule",""
"2026-10-09T19:12:41Z","2026","5","NE","QB","Drake Maye","00-0039851","","nflverse schedule",""
"2026-10-09T19:12:41Z","2026","5","DEN","QB","Bo Nix","00-0039732","","nflverse schedule",""
"2026-10-09T19:12:41Z","2026","5","BAL","QB","Tyler Huntley","00-0035993","","nflverse schedule",""
"2026-10-09T19:12:41Z","2026","5","CHI","QB","Tyson Bagent","00-0038416","","nflverse schedule",""
"2026-10-09T19:12:41Z","2026","5","CIN","QB","Joe Burrow","00-0036442","","nflverse schedule",""
"2026-10-09T19:12:41Z","2026","5","SEA","QB","Sam Darnold","00-0034869","","Sleeper + Ourlads depth charts agree (schedule differs)","Schedule: Drew Lock"
"2026-10-09T19:12:41Z","2026","5","ARI","QB","Jacoby Brissett","00-0033119","","nflverse schedule",""
"2026-10-09T19:12:41Z","2026","5","PIT","QB","Aaron Rodgers","00-0023459","","nflverse schedule",""
"2026-10-09T19:12:41Z","2026","5","JAX","QB","Trevor Lawrence","00-0036971","","nflverse schedule",""
"2026-10-09T19:12:41Z","2026","5","ATL","QB","Michael Penix Jr.","00-0039917","","nflverse schedule",""
"2026-10-09T19:12:41Z","2026","5","BUF","QB","Josh Allen","00-0034857","","nflverse schedule",""
"2026-10-09T19:12:41Z","2026","5","DET","QB","Jared Goff","00-0033106","","nflverse schedule",""
"2026-10-09T19:12:41Z","2026","5","LA","QB","Matthew Stafford","00-0026498","","nflverse schedule",""
"2026-10-09T19:13:19Z","2026","5","MIN","K","Will Reichard","00-0039404","","weekly run (status check only)",""
"2026-10-09T19:13:19Z","2026","5","DET","K","Jake Bates","00-0039172","","weekly run (status check only)",""
"2026-10-09T19:13:19Z","2026","5","HOU","K","Ka'imi Fairbairn","00-0032726","","weekly run (status check only)",""
"2026-10-09T19:13:19Z","2026","5","PIT","K","Chris Boswell","00-0031136","","weekly run (status check only)",""
"2026-10-09T19:13:19Z","2026","5","JAX","K","Cam Little","00-0039409","","weekly run (status check only)",""
"2026-10-09T19:13:19Z","2026","5","CIN","K","Evan McPherson","00-0036854","","weekly run (status check only)",""
"2026-10-09T19:13:19Z","2026","5","ATL","K","Nick Folk","00-0025565","","weekly run (status check only)",""
"2026-10-09T19:13:19Z","2026","5","DEN","K","Wil Lutz","00-0032569","","weekly run (status check only)",""
"2026-10-09T19:13:19Z","2026","5","LA","K","Harrison Mevis","00-0039498","","weekly run (status check only)",""
"2026-10-09T19:13:19Z","2026","5","SEA","K","Jason Myers","00-0031492","","weekly run (status check only)",""
"2026-10-09T19:13:19Z","2026","5","NO","K","Daniel Carlson","00-0034161","","weekly run (status check only)",""
"2026-10-09T19:13:19Z","2026","5","ARI","K","Chad Ryland","00-0038567","","weekly run (status check only)",""
"2026-10-09T19:13:19Z","2026","5","LAC","K","Cameron Dicker","00-0037224","","weekly run (status check only)",""
"2026-10-09T19:13:19Z","2026","5","BUF","K","Tyler Bass","00-0036162","","weekly run (status check only)",""
"2026-10-09T19:13:19Z","2026","5","IND","K","Spencer Shrader","00-0039576","","weekly run (status check only)",""
"2026-10-09T19:13:19Z","2026","5","NYJ","K","Jason Sanders","00-0034794","","weekly run (status check only)",""
"2026-10-09T19:13:19Z","2026","5","BAL","K","Tyler Loop","00-0040074","","weekly run (status check only)",""
"2026-10-09T19:13:19Z","2026","5","WAS","K","Drew Stevens","00-0041182","","weekly run (status check only)",""
"2026-10-09T19:13:19Z","2026","5","SF","K","Eddy Pineiro","00-0034173","","weekly run (status check only)",""
"2026-10-09T19:13:19Z","2026","5","NE","K","Andy Borregales","00-0040200","","weekly run (status check only)",""
"2026-10-09T19:13:19Z","2026","5","CHI","K","Cairo Santos","00-0031203","","weekly run (status check only)",""
"2026-10-09T19:13:19Z","2026","5","CLE","K","Andre Szmyt","00-0038428","","weekly run (status check only)",""
"2026-10-09T19:13:19Z","2026","5","LV","K","Matt Gay","00-0035269","","weekly run (status check only)",""
"2026-10-09T19:13:19Z","2026","5","NYG","K","Dominic Zvada","00-0041145","","weekly run (status check only)",""
"2026-10-09T19:13:19Z","2026","5","PHI","K","Jake Elliott","00-0033787","","weekly run (status check only)",""
"2026-10-09T19:13:19Z","2026","5","TEN","K","Joey Slye","00-0035192","","weekly run (status check only)",""
"2026-10-09T19:13:19Z","2026","5","GB","K","Trey Smack","00-0040899","","weekly run (status check only)",""
"2026-10-09T19:13:19Z","2026","5","MIA","K","Riley Patterson","00-0036816","","weekly run (status check only)",""
"2026-10-09T21:37:29Z","2026","5","NO","QB","Tyler Shough","00-0040743","","nflverse schedule",""
"2026-10-09T21:37:29Z","2026","5","TEN","QB","Cam Ward","00-0040676","","nflverse schedule",""
"2026-10-09T21:37:29Z","2026","5","MIA","QB","Malik Willis","00-0038128","","nflverse schedule",""
"2026-10-09T21:37:29Z","2026","5","LV","QB","Kirk Cousins","00-0029604","","nflverse schedule",""
"2026-10-09T21:37:29Z","2026","5","PHI","QB","Jalen Hurts","00-0036389","","nflverse schedule",""
"2026-10-09T21:37:29Z","2026","5","LAC","QB","Justin Herbert","00-0036355","","nflverse schedule",""
"2026-10-09T21:37:29Z","2026","5","NYJ","QB","Geno Smith","00-0030565","","nflverse schedule",""
"2026-10-09T21:37:29Z","2026","5","NYG","QB","Jameis Winston","00-0031503","","nflverse schedule",""
"2026-10-09T21:37:29Z","2026","5","IND","QB","Daniel Jones","00-0035710","","nflverse schedule",""
"2026-10-09T21:37:29Z","2026","5","CLE","QB","Deshaun Watson","00-0033537","","nflverse schedule",""
"2026-10-09T21:37:29Z","2026","5","GB","QB","Jordan Love","00-0036264","","nflverse schedule",""
"2026-10-09T21:37:29Z","2026","5","HOU","QB","C.J. Stroud","00-0039163","","nflverse schedule",""
"2026-10-09T21:37:29Z","2026","5","WAS","QB","Jayden Daniels","00-0039910","","nflverse schedule",""
"2026-10-09T21:37:29Z","2026","5","SF","QB","Brock Purdy","00-0037834","","nflverse schedule",""
"2026-10-09T21:37:29Z","2026","5","MIN","QB","Kyler Murray","00-0035228","","nflverse schedule",""
"2026-10-09T21:37:29Z","2026","5","NE","QB","Drake Maye","00-0039851","","nflverse schedule",""
"2026-10-09T21:37:29Z","2026","5","DEN","QB","Bo Nix","00-0039732","","nflverse schedule",""
"2026-10-09T21:37:29Z","2026","5","BAL","QB","Tyler Huntley","00-0035993","","nflverse schedule",""
"2026-10-09T21:37:29Z","2026","5","CHI","QB","Tyson Bagent","00-0038416","","nflverse schedule",""
"2026-10-09T21:37:29Z","2026","5","CIN","QB","Joe Burrow","00-0036442","","nflverse schedule",""
"2026-10-09T21:37:29Z","2026","5","SEA","QB","Sam Darnold","00-0034869","","Sleeper + Ourlads depth charts agree (schedule differs)","Schedule: Drew Lock"
"2026-10-09T21:37:29Z","2026","5","ARI","QB","Jacoby Brissett","00-0033119","","nflverse schedule",""
"2026-10-09T21:37:29Z","2026","5","PIT","QB","Aaron Rodgers","00-0023459","","nflverse schedule",""
"2026-10-09T21:37:29Z","2026","5","JAX","QB","Trevor Lawrence","00-0036971","","nflverse schedule",""
"2026-10-09T21:37:29Z","2026","5","ATL","QB","Michael Penix Jr.","00-0039917","","nflverse schedule",""
"2026-10-09T21:37:29Z","2026","5","BUF","QB","Josh Allen","00-0034857","","nflverse schedule",""
"2026-10-09T21:37:29Z","2026","5","DET","QB","Jared Goff","00-0033106","","nflverse schedule",""
"2026-10-09T21:37:29Z","2026","5","LA","QB","Matthew Stafford","00-0026498","","nflverse schedule",""
"2026-10-09T21:38:09Z","2026","5","MIN","K","Will Reichard","00-0039404","","weekly run (status check only)",""
"2026-10-09T21:38:09Z","2026","5","DET","K","Jake Bates","00-0039172","","weekly run (status check only)",""
"2026-10-09T21:38:09Z","2026","5","HOU","K","Ka'imi Fairbairn","00-0032726","","weekly run (status check only)",""
"2026-10-09T21:38:09Z","2026","5","PIT","K","Chris Boswell","00-0031136","","weekly run (status check only)",""
"2026-10-09T21:38:09Z","2026","5","JAX","K","Cam Little","00-0039409","","weekly run (status check only)",""
"2026-10-09T21:38:09Z","2026","5","CIN","K","Evan McPherson","00-0036854","","weekly run (status check only)",""
"2026-10-09T21:38:09Z","2026","5","ATL","K","Nick Folk","00-0025565","","weekly run (status check only)",""
"2026-10-09T21:38:09Z","2026","5","DEN","K","Wil Lutz","00-0032569","","weekly run (status check only)",""
"2026-10-09T21:38:09Z","2026","5","LA","K","Harrison Mevis","00-0039498","","weekly run (status check only)",""
"2026-10-09T21:38:09Z","2026","5","SEA","K","Jason Myers","00-0031492","","weekly run (status check only)",""
"2026-10-09T21:38:09Z","2026","5","NO","K","Daniel Carlson","00-0034161","","weekly run (status check only)",""
"2026-10-09T21:38:09Z","2026","5","ARI","K","Chad Ryland","00-0038567","","weekly run (status check only)",""
"2026-10-09T21:38:09Z","2026","5","LAC","K","Cameron Dicker","00-0037224","","weekly run (status check only)",""
"2026-10-09T21:38:09Z","2026","5","BUF","K","Tyler Bass","00-0036162","","weekly run (status check only)",""
"2026-10-09T21:38:09Z","2026","5","IND","K","Spencer Shrader","00-0039576","","weekly run (status check only)",""
"2026-10-09T21:38:09Z","2026","5","NYJ","K","Jason Sanders","00-0034794","","weekly run (status check only)",""
"2026-10-09T21:38:09Z","2026","5","BAL","K","Tyler Loop","00-0040074","","weekly run (status check only)",""
"2026-10-09T21:38:09Z","2026","5","WAS","K","Drew Stevens","00-0041182","","weekly run (status check only)",""
"2026-10-09T21:38:09Z","2026","5","SF","K","Eddy Pineiro","00-0034173","","weekly run (status check only)",""
"2026-10-09T21:38:09Z","2026","5","NE","K","Andy Borregales","00-0040200","","weekly run (status check only)",""
"2026-10-09T21:38:09Z","2026","5","CHI","K","Cairo Santos","00-0031203","","weekly run (status check only)",""
"2026-10-09T21:38:09Z","2026","5","CLE","K","Andre Szmyt","00-0038428","","weekly run (status check only)",""
"2026-10-09T21:38:09Z","2026","5","LV","K","Matt Gay","00-0035269","","weekly run (status check only)",""
"2026-10-09T21:38:09Z","2026","5","NYG","K","Dominic Zvada","00-0041145","","weekly run (status check only)",""
"2026-10-09T21:38:09Z","2026","5","PHI","K","Jake Elliott","00-0033787","","weekly run (status check only)",""
"2026-10-09T21:38:09Z","2026","5","TEN","K","Joey Slye","00-0035192","","weekly run (status check only)",""
"2026-10-09T21:38:09Z","2026","5","GB","K","Trey Smack","00-0040899","","weekly run (status check only)",""
"2026-10-09T21:38:09Z","2026","5","MIA","K","Riley Patterson","00-0036816","","weekly run (status check only)",""
"2026-10-10T01:31:23Z","2026","5","NO","QB","Tyler Shough","00-0040743","","nflverse schedule",""
"2026-10-10T01:31:23Z","2026","5","TEN","QB","Cam Ward","00-0040676","","nflverse schedule",""
"2026-10-10T01:31:23Z","2026","5","MIA","QB","Malik Willis","00-0038128","","nflverse schedule",""
"2026-10-10T01:31:23Z","2026","5","LV","QB","Kirk Cousins","00-0029604","","nflverse schedule",""
"2026-10-10T01:31:23Z","2026","5","PHI","QB","Jalen Hurts","00-0036389","","nflverse schedule",""
"2026-10-10T01:31:23Z","2026","5","LAC","QB","Justin Herbert","00-0036355","","nflverse schedule",""
"2026-10-10T01:31:23Z","2026","5","NYJ","QB","Geno Smith","00-0030565","","nflverse schedule",""
"2026-10-10T01:31:23Z","2026","5","NYG","QB","Jameis Winston","00-0031503","","nflverse schedule",""
"2026-10-10T01:31:23Z","2026","5","IND","QB","Daniel Jones","00-0035710","","nflverse schedule",""
"2026-10-10T01:31:23Z","2026","5","CLE","QB","Deshaun Watson","00-0033537","","nflverse schedule",""
"2026-10-10T01:31:23Z","2026","5","GB","QB","Jordan Love","00-0036264","","nflverse schedule",""
"2026-10-10T01:31:23Z","2026","5","HOU","QB","C.J. Stroud","00-0039163","","nflverse schedule",""
"2026-10-10T01:31:23Z","2026","5","WAS","QB","Jayden Daniels","00-0039910","","nflverse schedule",""
"2026-10-10T01:31:23Z","2026","5","SF","QB","Brock Purdy","00-0037834","","nflverse schedule",""
"2026-10-10T01:31:23Z","2026","5","MIN","QB","Kyler Murray","00-0035228","","nflverse schedule",""
"2026-10-10T01:31:23Z","2026","5","NE","QB","Drake Maye","00-0039851","","nflverse schedule",""
"2026-10-10T01:31:23Z","2026","5","DEN","QB","Bo Nix","00-0039732","","nflverse schedule",""
"2026-10-10T01:31:23Z","2026","5","BAL","QB","Tyler Huntley","00-0035993","","nflverse schedule",""
"2026-10-10T01:31:23Z","2026","5","CHI","QB","Tyson Bagent","00-0038416","","nflverse schedule",""
"2026-10-10T01:31:23Z","2026","5","CIN","QB","Joe Burrow","00-0036442","","nflverse schedule",""
"2026-10-10T01:31:23Z","2026","5","SEA","QB","Sam Darnold","00-0034869","","Sleeper + Ourlads depth charts agree (schedule differs)","Schedule: Drew Lock"
"2026-10-10T01:31:23Z","2026","5","ARI","QB","Jacoby Brissett","00-0033119","","nflverse schedule",""
"2026-10-10T01:31:23Z","2026","5","PIT","QB","Aaron Rodgers","00-0023459","","nflverse schedule",""
"2026-10-10T01:31:23Z","2026","5","JAX","QB","Trevor Lawrence","00-0036971","","nflverse schedule",""
"2026-10-10T01:31:23Z","2026","5","ATL","QB","Michael Penix Jr.","00-0039917","","nflverse schedule",""
"2026-10-10T01:31:23Z","2026","5","BUF","QB","Josh Allen","00-0034857","","nflverse schedule",""
"2026-10-10T01:31:23Z","2026","5","DET","QB","Jared Goff","00-0033106","","nflverse schedule",""
"2026-10-10T01:31:23Z","2026","5","LA","QB","Matthew Stafford","00-0026498","","nflverse schedule",""
"2026-10-10T01:32:07Z","2026","5","MIN","K","Will Reichard","00-0039404","","weekly run (status check only)",""
"2026-10-10T01:32:07Z","2026","5","DET","K","Jake Bates","00-0039172","","weekly run (status check only)",""
"2026-10-10T01:32:07Z","2026","5","HOU","K","Ka'imi Fairbairn","00-0032726","","weekly run (status check only)",""
"2026-10-10T01:32:07Z","2026","5","PIT","K","Chris Boswell","00-0031136","","weekly run (status check only)",""
"2026-10-10T01:32:07Z","2026","5","JAX","K","Cam Little","00-0039409","","weekly run (status check only)",""
"2026-10-10T01:32:07Z","2026","5","CIN","K","Evan McPherson","00-0036854","","weekly run (status check only)",""
"2026-10-10T01:32:07Z","2026","5","ATL","K","Nick Folk","00-0025565","","weekly run (status check only)",""
"2026-10-10T01:32:07Z","2026","5","DEN","K","Wil Lutz","00-0032569","","weekly run (status check only)",""
"2026-10-10T01:32:07Z","2026","5","LA","K","Harrison Mevis","00-0039498","","weekly run (status check only)",""
"2026-10-10T01:32:07Z","2026","5","SEA","K","Jason Myers","00-0031492","","weekly run (status check only)",""
"2026-10-10T01:32:07Z","2026","5","NO","K","Daniel Carlson","00-0034161","","weekly run (status check only)",""
"2026-10-10T01:32:07Z","2026","5","ARI","K","Chad Ryland","00-0038567","","weekly run (status check only)",""
"2026-10-10T01:32:07Z","2026","5","LAC","K","Cameron Dicker","00-0037224","","weekly run (status check only)",""
"2026-10-10T01:32:07Z","2026","5","BUF","K","Tyler Bass","00-0036162","","weekly run (status check only)",""
"2026-10-10T01:32:07Z","2026","5","IND","K","Spencer Shrader","00-0039576","","weekly run (status check only)",""
"2026-10-10T01:32:07Z","2026","5","NYJ","K","Jason Sanders","00-0034794","","weekly run (status check only)",""
"2026-10-10T01:32:07Z","2026","5","BAL","K","Tyler Loop","00-0040074","","weekly run (status check only)",""
"2026-10-10T01:32:07Z","2026","5","WAS","K","Drew Stevens","00-0041182","","weekly run (status check only)",""
"2026-10-10T01:32:07Z","2026","5","SF","K","Eddy Pineiro","00-0034173","","weekly run (status check only)",""
"2026-10-10T01:32:07Z","2026","5","NE","K","Andy Borregales","00-0040200","","weekly run (status check only)",""
"2026-10-10T01:32:07Z","2026","5","CHI","K","Cairo Santos","00-0031203","","weekly run (status check only)",""
"2026-10-10T01:32:07Z","2026","5","CLE","K","Andre Szmyt","00-0038428","","weekly run (status check only)",""
"2026-10-10T01:32:07Z","2026","5","LV","K","Matt Gay","00-0035269","","weekly run (status check only)",""
"2026-10-10T01:32:07Z","2026","5","NYG","K","Dominic Zvada","00-0041145","","weekly run (status check only)",""
"2026-10-10T01:32:07Z","2026","5","PHI","K","Jake Elliott","00-0033787","","weekly run (status check only)",""
"2026-10-10T01:32:07Z","2026","5","TEN","K","Joey Slye","00-0035192","","weekly run (status check only)",""
"2026-10-10T01:32:07Z","2026","5","GB","K","Trey Smack","00-0040899","","weekly run (status check only)",""
"2026-10-10T01:32:07Z","2026","5","MIA","K","Riley Patterson","00-0036816","","weekly run (status check only)",""
"2026-10-10T18:02:33Z","2026","5","NO","QB","Tyler Shough","00-0040743","","nflverse schedule",""
"2026-10-10T18:02:33Z","2026","5","TEN","QB","Cam Ward","00-0040676","","nflverse schedule",""
"2026-10-10T18:02:33Z","2026","5","MIA","QB","Malik Willis","00-0038128","","nflverse schedule",""
"2026-10-10T18:02:33Z","2026","5","LV","QB","Kirk Cousins","00-0029604","","nflverse schedule",""
"2026-10-10T18:02:33Z","2026","5","PHI","QB","Jalen Hurts","00-0036389","","nflverse schedule",""
"2026-10-10T18:02:33Z","2026","5","LAC","QB","Justin Herbert","00-0036355","","nflverse schedule",""
"2026-10-10T18:02:33Z","2026","5","NYJ","QB","Geno Smith","00-0030565","","nflverse schedule",""
"2026-10-10T18:02:33Z","2026","5","NYG","QB","Jameis Winston","00-0031503","","nflverse schedule",""
"2026-10-10T18:02:33Z","2026","5","IND","QB","Daniel Jones","00-0035710","","nflverse schedule",""
"2026-10-10T18:02:33Z","2026","5","CLE","QB","Deshaun Watson","00-0033537","","nflverse schedule",""
"2026-10-10T18:02:33Z","2026","5","GB","QB","Jordan Love","00-0036264","","nflverse schedule",""
"2026-10-10T18:02:33Z","2026","5","HOU","QB","C.J. Stroud","00-0039163","","nflverse schedule",""
"2026-10-10T18:02:33Z","2026","5","WAS","QB","Jayden Daniels","00-0039910","","nflverse schedule",""
"2026-10-10T18:02:33Z","2026","5","SF","QB","Brock Purdy","00-0037834","","nflverse schedule",""
"2026-10-10T18:02:33Z","2026","5","MIN","QB","Kyler Murray","00-0035228","","nflverse schedule",""
"2026-10-10T18:02:33Z","2026","5","NE","QB","Drake Maye","00-0039851","","nflverse schedule",""
"2026-10-10T18:02:33Z","2026","5","DEN","QB","Bo Nix","00-0039732","","nflverse schedule",""
"2026-10-10T18:02:33Z","2026","5","BAL","QB","Tyler Huntley","00-0035993","","nflverse schedule",""
"2026-10-10T18:02:33Z","2026","5","CHI","QB","Tyson Bagent","00-0038416","","nflverse schedule","Ourlads: Caleb Williams"
"2026-10-10T18:02:33Z","2026","5","CIN","QB","Joe Burrow","00-0036442","","nflverse schedule",""
"2026-10-10T18:02:33Z","2026","5","SEA","QB","Sam Darnold","00-0034869","","Sleeper + Ourlads depth charts agree (schedule differs)","Schedule: Drew Lock"
"2026-10-10T18:02:33Z","2026","5","ARI","QB","Jacoby Brissett","00-0033119","","nflverse schedule",""
"2026-10-10T18:02:33Z","2026","5","PIT","QB","Aaron Rodgers","00-0023459","","nflverse schedule",""
"2026-10-10T18:02:33Z","2026","5","JAX","QB","Trevor Lawrence","00-0036971","","nflverse schedule",""
"2026-10-10T18:02:33Z","2026","5","ATL","QB","Michael Penix Jr.","00-0039917","","nflverse schedule",""
"2026-10-10T18:02:33Z","2026","5","BUF","QB","Josh Allen","00-0034857","","nflverse schedule",""
"2026-10-10T18:02:33Z","2026","5","DET","QB","Jared Goff","00-0033106","","nflverse schedule",""
"2026-10-10T18:02:33Z","2026","5","LA","QB","Matthew Stafford","00-0026498","","nflverse schedule",""
"2026-10-10T18:03:07Z","2026","5","MIN","K","Will Reichard","00-0039404","","weekly run (status check only)",""
"2026-10-10T18:03:07Z","2026","5","DET","K","Jake Bates","00-0039172","","weekly run (status check only)",""
"2026-10-10T18:03:07Z","2026","5","HOU","K","Ka'imi Fairbairn","00-0032726","","weekly run (status check only)",""
"2026-10-10T18:03:07Z","2026","5","PIT","K","Chris Boswell","00-0031136","","weekly run (status check only)",""
"2026-10-10T18:03:07Z","2026","5","JAX","K","Cam Little","00-0039409","","weekly run (status check only)",""
"2026-10-10T18:03:07Z","2026","5","CIN","K","Evan McPherson","00-0036854","","weekly run (status check only)",""
"2026-10-10T18:03:07Z","2026","5","ATL","K","Nick Folk","00-0025565","","weekly run (status check only)",""
"2026-10-10T18:03:07Z","2026","5","DEN","K","Wil Lutz","00-0032569","","weekly run (status check only)",""
"2026-10-10T18:03:07Z","2026","5","LA","K","Harrison Mevis","00-0039498","","weekly run (status check only)",""
"2026-10-10T18:03:07Z","2026","5","SEA","K","Jason Myers","00-0031492","","weekly run (status check only)",""
"2026-10-10T18:03:07Z","2026","5","NO","K","Daniel Carlson","00-0034161","","weekly run (status check only)",""
"2026-10-10T18:03:07Z","2026","5","ARI","K","Chad Ryland","00-0038567","","weekly run (status check only)",""
"2026-10-10T18:03:07Z","2026","5","LAC","K","Cameron Dicker","00-0037224","","weekly run (status check only)",""
"2026-10-10T18:03:07Z","2026","5","BUF","K","Tyler Bass","00-0036162","","weekly run (status check only)",""
"2026-10-10T18:03:07Z","2026","5","IND","K","Spencer Shrader","00-0039576","","weekly run (status check only)",""
"2026-10-10T18:03:07Z","2026","5","NYJ","K","Jason Sanders","00-0034794","","weekly run (status check only)",""
"2026-10-10T18:03:07Z","2026","5","BAL","K","Tyler Loop","00-0040074","","weekly run (status check only)",""
"2026-10-10T18:03:07Z","2026","5","WAS","K","Drew Stevens","00-0041182","","weekly run (status check only)",""
"2026-10-10T18:03:07Z","2026","5","SF","K","Eddy Pineiro","00-0034173","","weekly run (status check only)",""
"2026-10-10T18:03:07Z","2026","5","NE","K","Andy Borregales","00-0040200","","weekly run (status check only)",""
"2026-10-10T18:03:07Z","2026","5","CHI","K","Cairo Santos","00-0031203","","weekly run (status check only)",""
"2026-10-10T18:03:07Z","2026","5","CLE","K","Andre Szmyt","00-0038428","","weekly run (status check only)",""
"2026-10-10T18:03:07Z","2026","5","LV","K","Matt Gay","00-0035269","","weekly run (status check only)",""
"2026-10-10T18:03:07Z","2026","5","NYG","K","Dominic Zvada","00-0041145","","weekly run (status check only)",""
"2026-10-10T18:03:07Z","2026","5","PHI","K","Jake Elliott","00-0033787","","weekly run (status check only)",""
"2026-10-10T18:03:07Z","2026","5","TEN","K","Joey Slye","00-0035192","","weekly run (status check only)",""
"2026-10-10T18:03:07Z","2026","5","GB","K","Trey Smack","00-0040899","","weekly run (status check only)",""
"2026-10-10T18:03:07Z","2026","5","MIA","K","Riley Patterson","00-0036816","","weekly run (status check only)",""
"2026-10-10T18:11:25Z","2026","5","NO","QB","Tyler Shough","00-0040743","","nflverse schedule",""
"2026-10-10T18:11:25Z","2026","5","TEN","QB","Cam Ward","00-0040676","","nflverse schedule",""
"2026-10-10T18:11:25Z","2026","5","MIA","QB","Malik Willis","00-0038128","","nflverse schedule",""
"2026-10-10T18:11:25Z","2026","5","LV","QB","Kirk Cousins","00-0029604","","nflverse schedule",""
"2026-10-10T18:11:25Z","2026","5","PHI","QB","Jalen Hurts","00-0036389","","nflverse schedule",""
"2026-10-10T18:11:25Z","2026","5","LAC","QB","Justin Herbert","00-0036355","","nflverse schedule",""
"2026-10-10T18:11:25Z","2026","5","NYJ","QB","Geno Smith","00-0030565","","nflverse schedule",""
"2026-10-10T18:11:25Z","2026","5","NYG","QB","Jameis Winston","00-0031503","","nflverse schedule",""
"2026-10-10T18:11:25Z","2026","5","IND","QB","Daniel Jones","00-0035710","","nflverse schedule",""
"2026-10-10T18:11:25Z","2026","5","CLE","QB","Deshaun Watson","00-0033537","","nflverse schedule",""
"2026-10-10T18:11:25Z","2026","5","GB","QB","Jordan Love","00-0036264","","nflverse schedule",""
"2026-10-10T18:11:25Z","2026","5","HOU","QB","C.J. Stroud","00-0039163","","nflverse schedule",""
"2026-10-10T18:11:25Z","2026","5","WAS","QB","Jayden Daniels","00-0039910","","nflverse schedule",""
"2026-10-10T18:11:25Z","2026","5","SF","QB","Brock Purdy","00-0037834","","nflverse schedule",""
"2026-10-10T18:11:25Z","2026","5","MIN","QB","Kyler Murray","00-0035228","","nflverse schedule",""
"2026-10-10T18:11:25Z","2026","5","NE","QB","Drake Maye","00-0039851","","nflverse schedule",""
"2026-10-10T18:11:25Z","2026","5","DEN","QB","Bo Nix","00-0039732","","nflverse schedule",""
"2026-10-10T18:11:25Z","2026","5","BAL","QB","Tyler Huntley","00-0035993","","nflverse schedule",""
"2026-10-10T18:11:25Z","2026","5","CHI","QB","Tyson Bagent","00-0038416","","nflverse schedule","Ourlads: Caleb Williams"
"2026-10-10T18:11:25Z","2026","5","CIN","QB","Joe Burrow","00-0036442","","nflverse schedule",""
"2026-10-10T18:11:25Z","2026","5","SEA","QB","Sam Darnold","00-0034869","","Sleeper + Ourlads depth charts agree (schedule differs)","Schedule: Drew Lock"
"2026-10-10T18:11:25Z","2026","5","ARI","QB","Jacoby Brissett","00-0033119","","nflverse schedule",""
"2026-10-10T18:11:25Z","2026","5","PIT","QB","Aaron Rodgers","00-0023459","","nflverse schedule",""
"2026-10-10T18:11:25Z","2026","5","JAX","QB","Trevor Lawrence","00-0036971","","nflverse schedule",""
"2026-10-10T18:11:25Z","2026","5","ATL","QB","Michael Penix Jr.","00-0039917","","nflverse schedule",""
"2026-10-10T18:11:25Z","2026","5","BUF","QB","Josh Allen","00-0034857","","nflverse schedule",""
"2026-10-10T18:11:25Z","2026","5","DET","QB","Jared Goff","00-0033106","","nflverse schedule",""
"2026-10-10T18:11:25Z","2026","5","LA","QB","Matthew Stafford","00-0026498","","nflverse schedule",""
"2026-10-10T18:11:56Z","2026","5","MIN","K","Will Reichard","00-0039404","","weekly run (status check only)",""
"2026-10-10T18:11:56Z","2026","5","DET","K","Jake Bates","00-0039172","","weekly run (status check only)",""
"2026-10-10T18:11:56Z","2026","5","HOU","K","Ka'imi Fairbairn","00-0032726","","weekly run (status check only)",""
"2026-10-10T18:11:56Z","2026","5","PIT","K","Chris Boswell","00-0031136","","weekly run (status check only)",""
"2026-10-10T18:11:56Z","2026","5","JAX","K","Cam Little","00-0039409","","weekly run (status check only)",""
"2026-10-10T18:11:56Z","2026","5","CIN","K","Evan McPherson","00-0036854","","weekly run (status check only)",""
"2026-10-10T18:11:56Z","2026","5","ATL","K","Nick Folk","00-0025565","","weekly run (status check only)",""
"2026-10-10T18:11:56Z","2026","5","DEN","K","Wil Lutz","00-0032569","","weekly run (status check only)",""
"2026-10-10T18:11:56Z","2026","5","LA","K","Harrison Mevis","00-0039498","","weekly run (status check only)",""
"2026-10-10T18:11:56Z","2026","5","SEA","K","Jason Myers","00-0031492","","weekly run (status check only)",""
"2026-10-10T18:11:56Z","2026","5","NO","K","Daniel Carlson","00-0034161","","weekly run (status check only)",""
"2026-10-10T18:11:56Z","2026","5","ARI","K","Chad Ryland","00-0038567","","weekly run (status check only)",""
"2026-10-10T18:11:56Z","2026","5","LAC","K","Cameron Dicker","00-0037224","","weekly run (status check only)",""
"2026-10-10T18:11:56Z","2026","5","BUF","K","Tyler Bass","00-0036162","","weekly run (status check only)",""
"2026-10-10T18:11:56Z","2026","5","IND","K","Spencer Shrader","00-0039576","","weekly run (status check only)",""
"2026-10-10T18:11:56Z","2026","5","NYJ","K","Jason Sanders","00-0034794","","weekly run (status check only)",""
"2026-10-10T18:11:56Z","2026","5","BAL","K","Tyler Loop","00-0040074","","weekly run (status check only)",""
"2026-10-10T18:11:56Z","2026","5","WAS","K","Drew Stevens","00-0041182","","weekly run (status check only)",""
"2026-10-10T18:11:56Z","2026","5","SF","K","Eddy Pineiro","00-0034173","","weekly run (status check only)",""
"2026-10-10T18:11:56Z","2026","5","NE","K","Andy Borregales","00-0040200","","weekly run (status check only)",""
"2026-10-10T18:11:56Z","2026","5","CHI","K","Cairo Santos","00-0031203","","weekly run (status check only)",""
"2026-10-10T18:11:56Z","2026","5","CLE","K","Andre Szmyt","00-0038428","","weekly run (status check only)",""
"2026-10-10T18:11:56Z","2026","5","LV","K","Matt Gay","00-0035269","","weekly run (status check only)",""
"2026-10-10T18:11:56Z","2026","5","NYG","K","Dominic Zvada","00-0041145","","weekly run (status check only)",""
"2026-10-10T18:11:56Z","2026","5","PHI","K","Jake Elliott","00-0033787","","weekly run (status check only)",""
"2026-10-10T18:11:56Z","2026","5","TEN","K","Joey Slye","00-0035192","","weekly run (status check only)",""
"2026-10-10T18:11:56Z","2026","5","GB","K","Trey Smack","00-0040899","","weekly run (status check only)",""
"2026-10-10T18:11:56Z","2026","5","MIA","K","Riley Patterson","00-0036816","","weekly run (status check only)",""
